2026-01-25 14:55:46,545 - easytorch-training - INFO - Initializing training.
2026-01-25 14:55:46,545 - easytorch-training - INFO - Set clip grad, param: {'max_norm': 3.0}
2026-01-25 14:55:46,545 - easytorch-training - INFO - Building training data loader.
2026-01-25 14:55:47,224 - easytorch-training - INFO - Set optim: Adam (
Parameter Group 0
    amsgrad: False
    betas: (0.9, 0.999)
    capturable: False
    differentiable: False
    eps: 1e-08
    foreach: None
    fused: None
    lr: 0.002
    maximize: False
    weight_decay: 1e-05
)
2026-01-25 14:55:47,224 - easytorch-training - INFO - Set lr_scheduler: <torch.optim.lr_scheduler.MultiStepLR object at 0x7fec924e0e80>
2026-01-25 14:55:47,225 - easytorch-training - INFO - Initializing validation.
2026-01-25 14:55:47,225 - easytorch-training - INFO - Building val data loader.
2026-01-25 14:55:47,294 - easytorch-training - INFO - Epoch 1 / 300
2026-01-25 14:58:36,580 - easytorch-training - INFO - Result <train>: [train_time: 169.29 (s), lr: 2.00e-03, train_MAE: 1138.8645, train_RMSE: 1348.0445, train_MAPE: 1844.1220]
2026-01-25 14:58:36,582 - easytorch-training - INFO - Start validation.
2026-01-25 14:58:58,652 - easytorch-training - INFO - Result <val>: [val_time: 22.07 (s), val_MAE: 23.9226, val_RMSE: 34.7734, val_MAPE: 21.4532]
2026-01-25 14:58:59,072 - easytorch-training - INFO - Checkpoint checkpoints/STMAFNet_300/020df9ee7447a9cb965bf70236749dd4/STMAFNet_best_val_MAE.pt saved
2026-01-25 14:59:19,682 - easytorch-training - INFO - Evaluate best model on test data for horizon 1, Test MAE: 19.2413, Test RMSE: 26.6886, Test MAPE: 19.0949
2026-01-25 14:59:19,703 - easytorch-training - INFO - Evaluate best model on test data for horizon 2, Test MAE: 17.3398, Test RMSE: 25.6841, Test MAPE: 14.9454
2026-01-25 14:59:19,718 - easytorch-training - INFO - Evaluate best model on test data for horizon 3, Test MAE: 19.6062, Test RMSE: 28.9998, Test MAPE: 15.9163
2026-01-25 14:59:19,737 - easytorch-training - INFO - Evaluate best model on test data for horizon 4, Test MAE: 18.8897, Test RMSE: 28.1919, Test MAPE: 19.9985
2026-01-25 14:59:19,751 - easytorch-training - INFO - Evaluate best model on test data for horizon 5, Test MAE: 20.8984, Test RMSE: 31.1268, Test MAPE: 16.7840
2026-01-25 14:59:19,765 - easytorch-training - INFO - Evaluate best model on test data for horizon 6, Test MAE: 26.0376, Test RMSE: 37.2042, Test MAPE: 24.3127
2026-01-25 14:59:19,782 - easytorch-training - INFO - Evaluate best model on test data for horizon 7, Test MAE: 21.6132, Test RMSE: 32.5911, Test MAPE: 19.8647
2026-01-25 14:59:19,796 - easytorch-training - INFO - Evaluate best model on test data for horizon 8, Test MAE: 23.5511, Test RMSE: 35.3262, Test MAPE: 18.3648
2026-01-25 14:59:19,815 - easytorch-training - INFO - Evaluate best model on test data for horizon 9, Test MAE: 28.7215, Test RMSE: 40.5975, Test MAPE: 29.6196
2026-01-25 14:59:19,829 - easytorch-training - INFO - Evaluate best model on test data for horizon 10, Test MAE: 27.3169, Test RMSE: 40.2540, Test MAPE: 20.9485
2026-01-25 14:59:19,844 - easytorch-training - INFO - Evaluate best model on test data for horizon 11, Test MAE: 29.1748, Test RMSE: 41.9179, Test MAPE: 27.0219
2026-01-25 14:59:19,858 - easytorch-training - INFO - Evaluate best model on test data for horizon 12, Test MAE: 27.7382, Test RMSE: 41.6297, Test MAPE: 22.0368
2026-01-25 14:59:19,876 - easytorch-training - INFO - Result <test>: [test_time: 20.80 (s), test_MAE: 23.3440, test_RMSE: 34.6765, test_MAPE: 20.7423]
2026-01-25 14:59:20,373 - easytorch-training - INFO - Checkpoint checkpoints/STMAFNet_300/020df9ee7447a9cb965bf70236749dd4/STMAFNet_001.pt saved
2026-01-25 14:59:20,374 - easytorch-training - INFO - The estimated training finish time is 2026-01-26 08:41:11
2026-01-25 14:59:20,375 - easytorch-training - INFO - Epoch 2 / 300
2026-01-25 15:02:08,427 - easytorch-training - INFO - Result <train>: [train_time: 168.05 (s), lr: 1.00e-03, train_MAE: 20.9609, train_RMSE: 32.0718, train_MAPE: 17.8603]
2026-01-25 15:02:08,429 - easytorch-training - INFO - Start validation.
2026-01-25 15:02:29,715 - easytorch-training - INFO - Result <val>: [val_time: 21.29 (s), val_MAE: 20.1326, val_RMSE: 29.9189, val_MAPE: 16.5820]
2026-01-25 15:02:30,552 - easytorch-training - INFO - Checkpoint checkpoints/STMAFNet_300/020df9ee7447a9cb965bf70236749dd4/STMAFNet_best_val_MAE.pt saved
2026-01-25 15:02:50,423 - easytorch-training - INFO - Evaluate best model on test data for horizon 1, Test MAE: 14.6075, Test RMSE: 21.8051, Test MAPE: 11.2436
2026-01-25 15:02:50,443 - easytorch-training - INFO - Evaluate best model on test data for horizon 2, Test MAE: 16.7069, Test RMSE: 24.7688, Test MAPE: 10.9738
2026-01-25 15:02:50,457 - easytorch-training - INFO - Evaluate best model on test data for horizon 3, Test MAE: 16.4001, Test RMSE: 25.0684, Test MAPE: 11.5307
2026-01-25 15:02:50,474 - easytorch-training - INFO - Evaluate best model on test data for horizon 4, Test MAE: 17.6352, Test RMSE: 26.9053, Test MAPE: 12.4678
2026-01-25 15:02:50,489 - easytorch-training - INFO - Evaluate best model on test data for horizon 5, Test MAE: 19.1161, Test RMSE: 28.7845, Test MAPE: 15.5894
2026-01-25 15:02:50,509 - easytorch-training - INFO - Evaluate best model on test data for horizon 6, Test MAE: 19.7886, Test RMSE: 29.7484, Test MAPE: 17.4017
2026-01-25 15:02:50,527 - easytorch-training - INFO - Evaluate best model on test data for horizon 7, Test MAE: 20.1331, Test RMSE: 30.5900, Test MAPE: 13.6405
2026-01-25 15:02:50,557 - easytorch-training - INFO - Evaluate best model on test data for horizon 8, Test MAE: 20.7149, Test RMSE: 31.4709, Test MAPE: 14.8394
2026-01-25 15:02:50,578 - easytorch-training - INFO - Evaluate best model on test data for horizon 9, Test MAE: 22.1295, Test RMSE: 32.8273, Test MAPE: 21.5584
2026-01-25 15:02:50,598 - easytorch-training - INFO - Evaluate best model on test data for horizon 10, Test MAE: 22.4596, Test RMSE: 33.6499, Test MAPE: 19.8057
2026-01-25 15:02:50,617 - easytorch-training - INFO - Evaluate best model on test data for horizon 11, Test MAE: 23.9665, Test RMSE: 35.0546, Test MAPE: 26.1205
2026-01-25 15:02:50,630 - easytorch-training - INFO - Evaluate best model on test data for horizon 12, Test MAE: 23.6140, Test RMSE: 35.8453, Test MAPE: 18.2631
2026-01-25 15:02:50,645 - easytorch-training - INFO - Result <test>: [test_time: 20.09 (s), test_MAE: 19.7726, test_RMSE: 30.0064, test_MAPE: 16.1195]
2026-01-25 15:02:51,067 - easytorch-training - INFO - Checkpoint checkpoints/STMAFNet_300/020df9ee7447a9cb965bf70236749dd4/STMAFNet_002.pt saved
2026-01-25 15:02:51,068 - easytorch-training - INFO - The estimated training finish time is 2026-01-26 08:35:13
2026-01-25 15:02:51,068 - easytorch-training - INFO - Epoch 3 / 300
2026-01-25 15:05:39,660 - easytorch-training - INFO - Result <train>: [train_time: 168.59 (s), lr: 1.00e-03, train_MAE: 19.7191, train_RMSE: 30.4859, train_MAPE: 16.2019]
2026-01-25 15:05:39,661 - easytorch-training - INFO - Start validation.
2026-01-25 15:06:00,761 - easytorch-training - INFO - Result <val>: [val_time: 21.10 (s), val_MAE: 18.7049, val_RMSE: 28.2192, val_MAPE: 14.8392]
2026-01-25 15:06:01,677 - easytorch-training - INFO - Checkpoint checkpoints/STMAFNet_300/020df9ee7447a9cb965bf70236749dd4/STMAFNet_best_val_MAE.pt saved
2026-01-25 15:06:21,985 - easytorch-training - INFO - Evaluate best model on test data for horizon 1, Test MAE: 13.7816, Test RMSE: 20.9847, Test MAPE: 10.0555
2026-01-25 15:06:22,006 - easytorch-training - INFO - Evaluate best model on test data for horizon 2, Test MAE: 14.8876, Test RMSE: 22.8399, Test MAPE: 11.0235
2026-01-25 15:06:22,025 - easytorch-training - INFO - Evaluate best model on test data for horizon 3, Test MAE: 15.8365, Test RMSE: 24.3761, Test MAPE: 11.3820
2026-01-25 15:06:22,039 - easytorch-training - INFO - Evaluate best model on test data for horizon 4, Test MAE: 16.8932, Test RMSE: 25.9340, Test MAPE: 11.7180
2026-01-25 15:06:22,055 - easytorch-training - INFO - Evaluate best model on test data for horizon 5, Test MAE: 17.3059, Test RMSE: 26.6861, Test MAPE: 12.5306
2026-01-25 15:06:22,076 - easytorch-training - INFO - Evaluate best model on test data for horizon 6, Test MAE: 18.1233, Test RMSE: 27.8849, Test MAPE: 13.3386
2026-01-25 15:06:22,097 - easytorch-training - INFO - Evaluate best model on test data for horizon 7, Test MAE: 19.1726, Test RMSE: 29.1532, Test MAPE: 14.6491
2026-01-25 15:06:22,117 - easytorch-training - INFO - Evaluate best model on test data for horizon 8, Test MAE: 19.5981, Test RMSE: 29.7080, Test MAPE: 17.0475
2026-01-25 15:06:22,132 - easytorch-training - INFO - Evaluate best model on test data for horizon 9, Test MAE: 20.1499, Test RMSE: 30.4381, Test MAPE: 17.4324
2026-01-25 15:06:22,149 - easytorch-training - INFO - Evaluate best model on test data for horizon 10, Test MAE: 20.6802, Test RMSE: 31.4734, Test MAPE: 15.4944
2026-01-25 15:06:22,167 - easytorch-training - INFO - Evaluate best model on test data for horizon 11, Test MAE: 21.9384, Test RMSE: 32.7370, Test MAPE: 20.4576
2026-01-25 15:06:22,188 - easytorch-training - INFO - Evaluate best model on test data for horizon 12, Test MAE: 21.8821, Test RMSE: 33.3807, Test MAPE: 17.2711
2026-01-25 15:06:22,212 - easytorch-training - INFO - Result <test>: [test_time: 20.53 (s), test_MAE: 18.3541, test_RMSE: 28.2164, test_MAPE: 14.3667]
2026-01-25 15:06:22,625 - easytorch-training - INFO - Checkpoint checkpoints/STMAFNet_300/020df9ee7447a9cb965bf70236749dd4/STMAFNet_003.pt saved
2026-01-25 15:06:22,626 - easytorch-training - INFO - The estimated training finish time is 2026-01-26 08:34:40
2026-01-25 15:06:22,626 - easytorch-training - INFO - Epoch 4 / 300
2026-01-25 15:09:10,772 - easytorch-training - INFO - Result <train>: [train_time: 168.15 (s), lr: 1.00e-03, train_MAE: 18.9873, train_RMSE: 29.5500, train_MAPE: 15.2007]
2026-01-25 15:09:10,774 - easytorch-training - INFO - Start validation.
2026-01-25 15:09:32,490 - easytorch-training - INFO - Result <val>: [val_time: 21.72 (s), val_MAE: 18.2807, val_RMSE: 27.6486, val_MAPE: 14.5478]
2026-01-25 15:09:33,285 - easytorch-training - INFO - Checkpoint checkpoints/STMAFNet_300/020df9ee7447a9cb965bf70236749dd4/STMAFNet_best_val_MAE.pt saved
2026-01-25 15:09:54,095 - easytorch-training - INFO - Evaluate best model on test data for horizon 1, Test MAE: 13.6265, Test RMSE: 20.8366, Test MAPE: 9.1715
2026-01-25 15:09:54,115 - easytorch-training - INFO - Evaluate best model on test data for horizon 2, Test MAE: 15.1030, Test RMSE: 22.9797, Test MAPE: 12.4304
2026-01-25 15:09:54,133 - easytorch-training - INFO - Evaluate best model on test data for horizon 3, Test MAE: 15.2621, Test RMSE: 23.9265, Test MAPE: 10.2452
2026-01-25 15:09:54,151 - easytorch-training - INFO - Evaluate best model on test data for horizon 4, Test MAE: 16.7704, Test RMSE: 25.4568, Test MAPE: 16.0780
2026-01-25 15:09:54,171 - easytorch-training - INFO - Evaluate best model on test data for horizon 5, Test MAE: 16.8939, Test RMSE: 26.2955, Test MAPE: 11.7718
2026-01-25 15:09:54,186 - easytorch-training - INFO - Evaluate best model on test data for horizon 6, Test MAE: 17.4230, Test RMSE: 27.1764, Test MAPE: 11.6268
2026-01-25 15:09:54,202 - easytorch-training - INFO - Evaluate best model on test data for horizon 7, Test MAE: 17.8797, Test RMSE: 27.9910, Test MAPE: 12.4748
2026-01-25 15:09:54,223 - easytorch-training - INFO - Evaluate best model on test data for horizon 8, Test MAE: 18.7198, Test RMSE: 28.8706, Test MAPE: 14.9567
2026-01-25 15:09:54,243 - easytorch-training - INFO - Evaluate best model on test data for horizon 9, Test MAE: 20.9882, Test RMSE: 30.7398, Test MAPE: 23.5739
2026-01-25 15:09:54,264 - easytorch-training - INFO - Evaluate best model on test data for horizon 10, Test MAE: 20.3915, Test RMSE: 31.0193, Test MAPE: 15.0332
2026-01-25 15:09:54,278 - easytorch-training - INFO - Evaluate best model on test data for horizon 11, Test MAE: 20.2278, Test RMSE: 31.1235, Test MAPE: 14.9691
2026-01-25 15:09:54,286 - easytorch-training - INFO - Evaluate best model on test data for horizon 12, Test MAE: 21.0542, Test RMSE: 32.2483, Test MAPE: 14.5444
2026-01-25 15:09:54,310 - easytorch-training - INFO - Result <test>: [test_time: 21.02 (s), test_MAE: 17.8617, test_RMSE: 27.6066, test_MAPE: 13.9063]
2026-01-25 15:09:54,723 - easytorch-training - INFO - Checkpoint checkpoints/STMAFNet_300/020df9ee7447a9cb965bf70236749dd4/STMAFNet_004.pt saved
2026-01-25 15:09:54,724 - easytorch-training - INFO - The estimated training finish time is 2026-01-26 08:35:04
2026-01-25 15:09:54,724 - easytorch-training - INFO - Epoch 5 / 300
2026-01-25 15:12:42,563 - easytorch-training - INFO - Result <train>: [train_time: 167.84 (s), lr: 1.00e-03, train_MAE: 18.2269, train_RMSE: 28.6311, train_MAPE: 14.1745]
2026-01-25 15:12:42,564 - easytorch-training - INFO - Start validation.
2026-01-25 15:13:04,693 - easytorch-training - INFO - Result <val>: [val_time: 22.13 (s), val_MAE: 17.5739, val_RMSE: 26.7555, val_MAPE: 12.4064]
2026-01-25 15:13:05,580 - easytorch-training - INFO - Checkpoint checkpoints/STMAFNet_300/020df9ee7447a9cb965bf70236749dd4/STMAFNet_best_val_MAE.pt saved
2026-01-25 15:13:25,487 - easytorch-training - INFO - Evaluate best model on test data for horizon 1, Test MAE: 13.3841, Test RMSE: 20.5963, Test MAPE: 8.8446
2026-01-25 15:13:25,507 - easytorch-training - INFO - Evaluate best model on test data for horizon 2, Test MAE: 14.2605, Test RMSE: 22.2626, Test MAPE: 9.7718
2026-01-25 15:13:25,527 - easytorch-training - INFO - Evaluate best model on test data for horizon 3, Test MAE: 15.4082, Test RMSE: 23.8511, Test MAPE: 10.6478
2026-01-25 15:13:25,543 - easytorch-training - INFO - Evaluate best model on test data for horizon 4, Test MAE: 15.9220, Test RMSE: 24.7477, Test MAPE: 11.3807
2026-01-25 15:13:25,560 - easytorch-training - INFO - Evaluate best model on test data for horizon 5, Test MAE: 16.4310, Test RMSE: 25.6264, Test MAPE: 10.6285
2026-01-25 15:13:25,568 - easytorch-training - INFO - Evaluate best model on test data for horizon 6, Test MAE: 16.8503, Test RMSE: 26.2807, Test MAPE: 11.2959
2026-01-25 15:13:25,589 - easytorch-training - INFO - Evaluate best model on test data for horizon 7, Test MAE: 17.4526, Test RMSE: 27.1859, Test MAPE: 11.1805
2026-01-25 15:13:25,609 - easytorch-training - INFO - Evaluate best model on test data for horizon 8, Test MAE: 18.1220, Test RMSE: 28.0743, Test MAPE: 11.6055
2026-01-25 15:13:25,630 - easytorch-training - INFO - Evaluate best model on test data for horizon 9, Test MAE: 18.6245, Test RMSE: 28.8642, Test MAPE: 12.0465
2026-01-25 15:13:25,648 - easytorch-training - INFO - Evaluate best model on test data for horizon 10, Test MAE: 18.6313, Test RMSE: 29.0347, Test MAPE: 12.2680
2026-01-25 15:13:25,663 - easytorch-training - INFO - Evaluate best model on test data for horizon 11, Test MAE: 19.5089, Test RMSE: 30.1560, Test MAPE: 12.9467
2026-01-25 15:13:25,671 - easytorch-training - INFO - Evaluate best model on test data for horizon 12, Test MAE: 20.6503, Test RMSE: 31.2553, Test MAPE: 17.6989
2026-01-25 15:13:25,688 - easytorch-training - INFO - Result <test>: [test_time: 20.11 (s), test_MAE: 17.1038, test_RMSE: 26.6743, test_MAPE: 11.6929]
2026-01-25 15:13:26,103 - easytorch-training - INFO - Checkpoint checkpoints/STMAFNet_300/020df9ee7447a9cb965bf70236749dd4/STMAFNet_005.pt saved
2026-01-25 15:13:26,104 - easytorch-training - INFO - The estimated training finish time is 2026-01-26 08:34:35
2026-01-25 15:13:26,105 - easytorch-training - INFO - Epoch 6 / 300
2026-01-25 15:16:14,065 - easytorch-training - INFO - Result <train>: [train_time: 167.96 (s), lr: 1.00e-03, train_MAE: 17.7589, train_RMSE: 28.0964, train_MAPE: 13.2881]
2026-01-25 15:16:14,066 - easytorch-training - INFO - Start validation.
2026-01-25 15:16:35,605 - easytorch-training - INFO - Result <val>: [val_time: 21.54 (s), val_MAE: 17.1968, val_RMSE: 26.3197, val_MAPE: 12.0076]
2026-01-25 15:16:36,504 - easytorch-training - INFO - Checkpoint checkpoints/STMAFNet_300/020df9ee7447a9cb965bf70236749dd4/STMAFNet_best_val_MAE.pt saved
2026-01-25 15:16:57,368 - easytorch-training - INFO - Evaluate best model on test data for horizon 1, Test MAE: 13.4223, Test RMSE: 20.5317, Test MAPE: 8.7472
2026-01-25 15:16:57,383 - easytorch-training - INFO - Evaluate best model on test data for horizon 2, Test MAE: 14.2260, Test RMSE: 22.0696, Test MAPE: 9.2045
2026-01-25 15:16:57,393 - easytorch-training - INFO - Evaluate best model on test data for horizon 3, Test MAE: 15.3240, Test RMSE: 23.6828, Test MAPE: 11.6258
2026-01-25 15:16:57,412 - easytorch-training - INFO - Evaluate best model on test data for horizon 4, Test MAE: 15.6342, Test RMSE: 24.4615, Test MAPE: 9.9269
2026-01-25 15:16:57,432 - easytorch-training - INFO - Evaluate best model on test data for horizon 5, Test MAE: 16.2685, Test RMSE: 25.3349, Test MAPE: 11.0105
2026-01-25 15:16:57,453 - easytorch-training - INFO - Evaluate best model on test data for horizon 6, Test MAE: 16.6507, Test RMSE: 26.0589, Test MAPE: 10.7534
2026-01-25 15:16:57,473 - easytorch-training - INFO - Evaluate best model on test data for horizon 7, Test MAE: 17.0688, Test RMSE: 26.7906, Test MAPE: 11.0300
2026-01-25 15:16:57,491 - easytorch-training - INFO - Evaluate best model on test data for horizon 8, Test MAE: 17.6749, Test RMSE: 27.5658, Test MAPE: 11.2378
2026-01-25 15:16:57,508 - easytorch-training - INFO - Evaluate best model on test data for horizon 9, Test MAE: 18.0354, Test RMSE: 28.0665, Test MAPE: 12.1500
2026-01-25 15:16:57,522 - easytorch-training - INFO - Evaluate best model on test data for horizon 10, Test MAE: 18.6218, Test RMSE: 28.8600, Test MAPE: 14.0397
2026-01-25 15:16:57,538 - easytorch-training - INFO - Evaluate best model on test data for horizon 11, Test MAE: 18.7788, Test RMSE: 29.1383, Test MAPE: 12.5936
2026-01-25 15:16:57,559 - easytorch-training - INFO - Evaluate best model on test data for horizon 12, Test MAE: 19.2774, Test RMSE: 29.8687, Test MAPE: 13.0236
2026-01-25 15:16:57,583 - easytorch-training - INFO - Result <test>: [test_time: 21.07 (s), test_MAE: 16.7486, test_RMSE: 26.1856, test_MAPE: 11.2786]
2026-01-25 15:16:57,997 - easytorch-training - INFO - Checkpoint checkpoints/STMAFNet_300/020df9ee7447a9cb965bf70236749dd4/STMAFNet_006.pt saved
2026-01-25 15:16:57,998 - easytorch-training - INFO - The estimated training finish time is 2026-01-26 08:34:42
2026-01-25 15:16:57,998 - easytorch-training - INFO - Epoch 7 / 300
2026-01-25 15:19:46,035 - easytorch-training - INFO - Result <train>: [train_time: 168.04 (s), lr: 1.00e-03, train_MAE: 17.4232, train_RMSE: 27.6476, train_MAPE: 13.1032]
2026-01-25 15:19:46,036 - easytorch-training - INFO - Start validation.
2026-01-25 15:20:08,146 - easytorch-training - INFO - Result <val>: [val_time: 22.11 (s), val_MAE: 17.1305, val_RMSE: 26.0856, val_MAPE: 12.5639]
2026-01-25 15:20:08,981 - easytorch-training - INFO - Checkpoint checkpoints/STMAFNet_300/020df9ee7447a9cb965bf70236749dd4/STMAFNet_best_val_MAE.pt saved
2026-01-25 15:20:29,843 - easytorch-training - INFO - Evaluate best model on test data for horizon 1, Test MAE: 13.4693, Test RMSE: 20.4665, Test MAPE: 9.6439
2026-01-25 15:20:29,864 - easytorch-training - INFO - Evaluate best model on test data for horizon 2, Test MAE: 14.3942, Test RMSE: 22.0108, Test MAPE: 11.7735
2026-01-25 15:20:29,881 - easytorch-training - INFO - Evaluate best model on test data for horizon 3, Test MAE: 14.7970, Test RMSE: 23.0396, Test MAPE: 10.7790
2026-01-25 15:20:29,900 - easytorch-training - INFO - Evaluate best model on test data for horizon 4, Test MAE: 15.2821, Test RMSE: 23.9665, Test MAPE: 10.3913
2026-01-25 15:20:29,920 - easytorch-training - INFO - Evaluate best model on test data for horizon 5, Test MAE: 16.0014, Test RMSE: 24.9858, Test MAPE: 10.3601
2026-01-25 15:20:29,941 - easytorch-training - INFO - Evaluate best model on test data for horizon 6, Test MAE: 16.5167, Test RMSE: 25.7981, Test MAPE: 10.6399
2026-01-25 15:20:29,962 - easytorch-training - INFO - Evaluate best model on test data for horizon 7, Test MAE: 17.0909, Test RMSE: 26.5911, Test MAPE: 11.0082
2026-01-25 15:20:29,982 - easytorch-training - INFO - Evaluate best model on test data for horizon 8, Test MAE: 17.5998, Test RMSE: 27.3113, Test MAPE: 11.6209
2026-01-25 15:20:30,001 - easytorch-training - INFO - Evaluate best model on test data for horizon 9, Test MAE: 18.1316, Test RMSE: 27.9075, Test MAPE: 13.4143
2026-01-25 15:20:30,008 - easytorch-training - INFO - Evaluate best model on test data for horizon 10, Test MAE: 18.8268, Test RMSE: 28.7366, Test MAPE: 13.9296
2026-01-25 15:20:30,023 - easytorch-training - INFO - Evaluate best model on test data for horizon 11, Test MAE: 18.7977, Test RMSE: 29.0235, Test MAPE: 12.3615
2026-01-25 15:20:30,041 - easytorch-training - INFO - Evaluate best model on test data for horizon 12, Test MAE: 19.6716, Test RMSE: 29.8989, Test MAPE: 16.0073
2026-01-25 15:20:30,065 - easytorch-training - INFO - Result <test>: [test_time: 21.08 (s), test_MAE: 16.7149, test_RMSE: 25.9684, test_MAPE: 11.8275]
2026-01-25 15:20:30,476 - easytorch-training - INFO - Checkpoint checkpoints/STMAFNet_300/020df9ee7447a9cb965bf70236749dd4/STMAFNet_007.pt saved
2026-01-25 15:20:30,477 - easytorch-training - INFO - The estimated training finish time is 2026-01-26 08:35:12
2026-01-25 15:20:30,477 - easytorch-training - INFO - Epoch 8 / 300
2026-01-25 15:23:18,370 - easytorch-training - INFO - Result <train>: [train_time: 167.89 (s), lr: 1.00e-03, train_MAE: 17.0963, train_RMSE: 27.2612, train_MAPE: 12.6532]
2026-01-25 15:23:18,371 - easytorch-training - INFO - Start validation.
2026-01-25 15:23:40,390 - easytorch-training - INFO - Result <val>: [val_time: 22.02 (s), val_MAE: 16.4917, val_RMSE: 25.6175, val_MAPE: 11.7075]
2026-01-25 15:23:41,230 - easytorch-training - INFO - Checkpoint checkpoints/STMAFNet_300/020df9ee7447a9cb965bf70236749dd4/STMAFNet_best_val_MAE.pt saved
2026-01-25 15:24:01,416 - easytorch-training - INFO - Evaluate best model on test data for horizon 1, Test MAE: 13.3045, Test RMSE: 20.4656, Test MAPE: 8.9297
2026-01-25 15:24:01,431 - easytorch-training - INFO - Evaluate best model on test data for horizon 2, Test MAE: 13.9108, Test RMSE: 21.8095, Test MAPE: 9.1363
2026-01-25 15:24:01,449 - easytorch-training - INFO - Evaluate best model on test data for horizon 3, Test MAE: 14.5821, Test RMSE: 23.0101, Test MAPE: 9.4288
2026-01-25 15:24:01,468 - easytorch-training - INFO - Evaluate best model on test data for horizon 4, Test MAE: 15.2862, Test RMSE: 23.9779, Test MAPE: 11.0126
2026-01-25 15:24:01,488 - easytorch-training - INFO - Evaluate best model on test data for horizon 5, Test MAE: 15.5729, Test RMSE: 24.7337, Test MAPE: 10.4411
2026-01-25 15:24:01,509 - easytorch-training - INFO - Evaluate best model on test data for horizon 6, Test MAE: 16.0386, Test RMSE: 25.4721, Test MAPE: 10.5860
2026-01-25 15:24:01,526 - easytorch-training - INFO - Evaluate best model on test data for horizon 7, Test MAE: 16.9509, Test RMSE: 26.5250, Test MAPE: 12.1906
2026-01-25 15:24:01,538 - easytorch-training - INFO - Evaluate best model on test data for horizon 8, Test MAE: 17.1179, Test RMSE: 26.9449, Test MAPE: 11.6640
2026-01-25 15:24:01,548 - easytorch-training - INFO - Evaluate best model on test data for horizon 9, Test MAE: 17.3239, Test RMSE: 27.3587, Test MAPE: 11.3730
2026-01-25 15:24:01,567 - easytorch-training - INFO - Evaluate best model on test data for horizon 10, Test MAE: 17.5403, Test RMSE: 27.6500, Test MAPE: 11.8821
2026-01-25 15:24:01,581 - easytorch-training - INFO - Evaluate best model on test data for horizon 11, Test MAE: 17.9634, Test RMSE: 28.2226, Test MAPE: 12.0833
2026-01-25 15:24:01,596 - easytorch-training - INFO - Evaluate best model on test data for horizon 12, Test MAE: 18.4000, Test RMSE: 28.8363, Test MAPE: 12.5031
2026-01-25 15:24:01,619 - easytorch-training - INFO - Result <test>: [test_time: 20.38 (s), test_MAE: 16.1660, test_RMSE: 25.5443, test_MAPE: 10.9359]
2026-01-25 15:24:02,035 - easytorch-training - INFO - Checkpoint checkpoints/STMAFNet_300/020df9ee7447a9cb965bf70236749dd4/STMAFNet_008.pt saved
2026-01-25 15:24:02,036 - easytorch-training - INFO - The estimated training finish time is 2026-01-26 08:35:00
2026-01-25 15:24:02,037 - easytorch-training - INFO - Epoch 9 / 300
2026-01-25 15:26:50,051 - easytorch-training - INFO - Result <train>: [train_time: 168.01 (s), lr: 1.00e-03, train_MAE: 16.8171, train_RMSE: 26.8866, train_MAPE: 12.3403]
2026-01-25 15:26:50,052 - easytorch-training - INFO - Start validation.
2026-01-25 15:27:10,891 - easytorch-training - INFO - Result <val>: [val_time: 20.84 (s), val_MAE: 16.2876, val_RMSE: 25.1376, val_MAPE: 11.8252]
2026-01-25 15:27:11,626 - easytorch-training - INFO - Checkpoint checkpoints/STMAFNet_300/020df9ee7447a9cb965bf70236749dd4/STMAFNet_best_val_MAE.pt saved
2026-01-25 15:27:31,073 - easytorch-training - INFO - Evaluate best model on test data for horizon 1, Test MAE: 13.1163, Test RMSE: 20.2247, Test MAPE: 9.0461
2026-01-25 15:27:31,092 - easytorch-training - INFO - Evaluate best model on test data for horizon 2, Test MAE: 14.0627, Test RMSE: 21.7789, Test MAPE: 10.2499
2026-01-25 15:27:31,106 - easytorch-training - INFO - Evaluate best model on test data for horizon 3, Test MAE: 14.4686, Test RMSE: 22.7154, Test MAPE: 10.4144
2026-01-25 15:27:31,121 - easytorch-training - INFO - Evaluate best model on test data for horizon 4, Test MAE: 14.9796, Test RMSE: 23.5632, Test MAPE: 10.6685
2026-01-25 15:27:31,141 - easytorch-training - INFO - Evaluate best model on test data for horizon 5, Test MAE: 15.7116, Test RMSE: 24.4406, Test MAPE: 11.8546
2026-01-25 15:27:31,156 - easytorch-training - INFO - Evaluate best model on test data for horizon 6, Test MAE: 15.7776, Test RMSE: 24.9044, Test MAPE: 10.2685
2026-01-25 15:27:31,172 - easytorch-training - INFO - Evaluate best model on test data for horizon 7, Test MAE: 16.4525, Test RMSE: 25.7507, Test MAPE: 11.0834
2026-01-25 15:27:31,187 - easytorch-training - INFO - Evaluate best model on test data for horizon 8, Test MAE: 16.6163, Test RMSE: 26.1405, Test MAPE: 10.8740
2026-01-25 15:27:31,208 - easytorch-training - INFO - Evaluate best model on test data for horizon 9, Test MAE: 16.8450, Test RMSE: 26.6140, Test MAPE: 11.0708
2026-01-25 15:27:31,229 - easytorch-training - INFO - Evaluate best model on test data for horizon 10, Test MAE: 17.2314, Test RMSE: 27.1492, Test MAPE: 11.3704
2026-01-25 15:27:31,244 - easytorch-training - INFO - Evaluate best model on test data for horizon 11, Test MAE: 17.5203, Test RMSE: 27.6122, Test MAPE: 11.5145
2026-01-25 15:27:31,256 - easytorch-training - INFO - Evaluate best model on test data for horizon 12, Test MAE: 17.9356, Test RMSE: 28.1454, Test MAPE: 11.9431
2026-01-25 15:27:31,272 - easytorch-training - INFO - Result <test>: [test_time: 19.64 (s), test_MAE: 15.8931, test_RMSE: 25.0309, test_MAPE: 10.8632]
2026-01-25 15:27:31,685 - easytorch-training - INFO - Checkpoint checkpoints/STMAFNet_300/020df9ee7447a9cb965bf70236749dd4/STMAFNet_009.pt saved
2026-01-25 15:27:31,686 - easytorch-training - INFO - The estimated training finish time is 2026-01-26 08:33:47
2026-01-25 15:27:31,686 - easytorch-training - INFO - Epoch 10 / 300
2026-01-25 15:30:20,046 - easytorch-training - INFO - Result <train>: [train_time: 168.36 (s), lr: 1.00e-03, train_MAE: 16.5701, train_RMSE: 26.5306, train_MAPE: 12.1889]
2026-01-25 15:30:20,048 - easytorch-training - INFO - Start validation.
2026-01-25 15:30:41,644 - easytorch-training - INFO - Result <val>: [val_time: 21.60 (s), val_MAE: 16.4755, val_RMSE: 25.2895, val_MAPE: 11.7473]
2026-01-25 15:31:01,738 - easytorch-training - INFO - Evaluate best model on test data for horizon 1, Test MAE: 13.4061, Test RMSE: 20.5115, Test MAPE: 8.6449
2026-01-25 15:31:01,759 - easytorch-training - INFO - Evaluate best model on test data for horizon 2, Test MAE: 14.5128, Test RMSE: 22.3070, Test MAPE: 9.8689
2026-01-25 15:31:01,780 - easytorch-training - INFO - Evaluate best model on test data for horizon 3, Test MAE: 14.9472, Test RMSE: 23.1627, Test MAPE: 9.4051
2026-01-25 15:31:01,794 - easytorch-training - INFO - Evaluate best model on test data for horizon 4, Test MAE: 15.4441, Test RMSE: 24.1103, Test MAPE: 9.6618
2026-01-25 15:31:01,800 - easytorch-training - INFO - Evaluate best model on test data for horizon 5, Test MAE: 15.8450, Test RMSE: 24.7056, Test MAPE: 11.1047
2026-01-25 15:31:01,812 - easytorch-training - INFO - Evaluate best model on test data for horizon 6, Test MAE: 16.1190, Test RMSE: 25.1402, Test MAPE: 12.3239
2026-01-25 15:31:01,831 - easytorch-training - INFO - Evaluate best model on test data for horizon 7, Test MAE: 16.3500, Test RMSE: 25.6884, Test MAPE: 11.1398
2026-01-25 15:31:01,851 - easytorch-training - INFO - Evaluate best model on test data for horizon 8, Test MAE: 16.5566, Test RMSE: 26.0541, Test MAPE: 10.7757
2026-01-25 15:31:01,872 - easytorch-training - INFO - Evaluate best model on test data for horizon 9, Test MAE: 16.8292, Test RMSE: 26.4706, Test MAPE: 11.6185
2026-01-25 15:31:01,893 - easytorch-training - INFO - Evaluate best model on test data for horizon 10, Test MAE: 17.1290, Test RMSE: 26.9240, Test MAPE: 11.5879
2026-01-25 15:31:01,908 - easytorch-training - INFO - Evaluate best model on test data for horizon 11, Test MAE: 17.6033, Test RMSE: 27.5140, Test MAPE: 12.1619
2026-01-25 15:31:01,918 - easytorch-training - INFO - Evaluate best model on test data for horizon 12, Test MAE: 18.0697, Test RMSE: 28.2014, Test MAPE: 12.2778
2026-01-25 15:31:01,936 - easytorch-training - INFO - Result <test>: [test_time: 20.29 (s), test_MAE: 16.0677, test_RMSE: 25.1581, test_MAPE: 10.8809]
2026-01-25 15:31:02,348 - easytorch-training - INFO - Checkpoint checkpoints/STMAFNet_300/020df9ee7447a9cb965bf70236749dd4/STMAFNet_010.pt saved
2026-01-25 15:31:02,380 - easytorch-training - INFO - The estimated training finish time is 2026-01-26 08:33:19
2026-01-25 15:31:02,380 - easytorch-training - INFO - Epoch 11 / 300
2026-01-25 15:33:50,716 - easytorch-training - INFO - Result <train>: [train_time: 168.34 (s), lr: 1.00e-03, train_MAE: 16.4126, train_RMSE: 26.3374, train_MAPE: 11.9626]
2026-01-25 15:33:50,718 - easytorch-training - INFO - Start validation.
2026-01-25 15:34:12,356 - easytorch-training - INFO - Result <val>: [val_time: 21.64 (s), val_MAE: 16.2668, val_RMSE: 25.0043, val_MAPE: 12.8236]
2026-01-25 15:34:13,248 - easytorch-training - INFO - Checkpoint checkpoints/STMAFNet_300/020df9ee7447a9cb965bf70236749dd4/STMAFNet_best_val_MAE.pt saved
2026-01-25 15:34:33,624 - easytorch-training - INFO - Evaluate best model on test data for horizon 1, Test MAE: 13.0326, Test RMSE: 20.1148, Test MAPE: 9.4628
2026-01-25 15:34:33,644 - easytorch-training - INFO - Evaluate best model on test data for horizon 2, Test MAE: 13.8893, Test RMSE: 21.5960, Test MAPE: 10.6151
2026-01-25 15:34:33,659 - easytorch-training - INFO - Evaluate best model on test data for horizon 3, Test MAE: 14.5317, Test RMSE: 22.6385, Test MAPE: 10.8361
2026-01-25 15:34:33,674 - easytorch-training - INFO - Evaluate best model on test data for horizon 4, Test MAE: 15.0836, Test RMSE: 23.5548, Test MAPE: 11.9666
2026-01-25 15:34:33,694 - easytorch-training - INFO - Evaluate best model on test data for horizon 5, Test MAE: 15.6846, Test RMSE: 24.4307, Test MAPE: 12.3109
2026-01-25 15:34:33,712 - easytorch-training - INFO - Evaluate best model on test data for horizon 6, Test MAE: 16.0591, Test RMSE: 24.9891, Test MAPE: 13.3581
2026-01-25 15:34:33,724 - easytorch-training - INFO - Evaluate best model on test data for horizon 7, Test MAE: 16.1522, Test RMSE: 25.4216, Test MAPE: 11.5756
2026-01-25 15:34:33,741 - easytorch-training - INFO - Evaluate best model on test data for horizon 8, Test MAE: 16.5490, Test RMSE: 25.9591, Test MAPE: 11.0649
2026-01-25 15:34:33,761 - easytorch-training - INFO - Evaluate best model on test data for horizon 9, Test MAE: 16.8246, Test RMSE: 26.4066, Test MAPE: 11.4825
2026-01-25 15:34:33,782 - easytorch-training - INFO - Evaluate best model on test data for horizon 10, Test MAE: 17.2859, Test RMSE: 26.9655, Test MAPE: 13.2956
2026-01-25 15:34:33,803 - easytorch-training - INFO - Evaluate best model on test data for horizon 11, Test MAE: 17.5255, Test RMSE: 27.3694, Test MAPE: 11.5375
2026-01-25 15:34:33,823 - easytorch-training - INFO - Evaluate best model on test data for horizon 12, Test MAE: 17.9864, Test RMSE: 27.9178, Test MAPE: 14.0668
2026-01-25 15:34:33,840 - easytorch-training - INFO - Result <test>: [test_time: 20.59 (s), test_MAE: 15.8837, test_RMSE: 24.8876, test_MAPE: 11.7977]
2026-01-25 15:34:34,246 - easytorch-training - INFO - Checkpoint checkpoints/STMAFNet_300/020df9ee7447a9cb965bf70236749dd4/STMAFNet_011.pt saved
2026-01-25 15:34:34,247 - easytorch-training - INFO - The estimated training finish time is 2026-01-26 08:33:29
2026-01-25 15:34:34,247 - easytorch-training - INFO - Epoch 12 / 300
2026-01-25 15:37:23,022 - easytorch-training - INFO - Result <train>: [train_time: 168.78 (s), lr: 1.00e-03, train_MAE: 16.2757, train_RMSE: 26.1512, train_MAPE: 11.8403]
2026-01-25 15:37:23,024 - easytorch-training - INFO - Start validation.
2026-01-25 15:37:44,117 - easytorch-training - INFO - Result <val>: [val_time: 21.09 (s), val_MAE: 16.0091, val_RMSE: 24.8852, val_MAPE: 12.3856]
2026-01-25 15:37:44,872 - easytorch-training - INFO - Checkpoint checkpoints/STMAFNet_300/020df9ee7447a9cb965bf70236749dd4/STMAFNet_best_val_MAE.pt saved
2026-01-25 15:38:05,274 - easytorch-training - INFO - Evaluate best model on test data for horizon 1, Test MAE: 13.5568, Test RMSE: 20.6176, Test MAPE: 10.9957
2026-01-25 15:38:05,289 - easytorch-training - INFO - Evaluate best model on test data for horizon 2, Test MAE: 13.8650, Test RMSE: 21.7041, Test MAPE: 9.6836
2026-01-25 15:38:05,303 - easytorch-training - INFO - Evaluate best model on test data for horizon 3, Test MAE: 14.4990, Test RMSE: 22.8676, Test MAPE: 9.8070
2026-01-25 15:38:05,324 - easytorch-training - INFO - Evaluate best model on test data for horizon 4, Test MAE: 15.1144, Test RMSE: 23.7931, Test MAPE: 11.1057
2026-01-25 15:38:05,344 - easytorch-training - INFO - Evaluate best model on test data for horizon 5, Test MAE: 15.1705, Test RMSE: 24.0263, Test MAPE: 11.1141
2026-01-25 15:38:05,361 - easytorch-training - INFO - Evaluate best model on test data for horizon 6, Test MAE: 15.4831, Test RMSE: 24.5557, Test MAPE: 11.0805
2026-01-25 15:38:05,375 - easytorch-training - INFO - Evaluate best model on test data for horizon 7, Test MAE: 15.9720, Test RMSE: 25.2264, Test MAPE: 12.0123
2026-01-25 15:38:05,394 - easytorch-training - INFO - Evaluate best model on test data for horizon 8, Test MAE: 16.1735, Test RMSE: 25.7020, Test MAPE: 11.0870
2026-01-25 15:38:05,408 - easytorch-training - INFO - Evaluate best model on test data for horizon 9, Test MAE: 16.5501, Test RMSE: 26.2522, Test MAPE: 11.4797
2026-01-25 15:38:05,423 - easytorch-training - INFO - Evaluate best model on test data for horizon 10, Test MAE: 17.1279, Test RMSE: 26.9090, Test MAPE: 12.7213
2026-01-25 15:38:05,436 - easytorch-training - INFO - Evaluate best model on test data for horizon 11, Test MAE: 17.4581, Test RMSE: 27.3724, Test MAPE: 13.1149
2026-01-25 15:38:05,456 - easytorch-training - INFO - Evaluate best model on test data for horizon 12, Test MAE: 18.0238, Test RMSE: 28.1714, Test MAPE: 13.4148
2026-01-25 15:38:05,480 - easytorch-training - INFO - Result <test>: [test_time: 20.60 (s), test_MAE: 15.7495, test_RMSE: 24.8639, test_MAPE: 11.4680]
2026-01-25 15:38:05,967 - easytorch-training - INFO - Checkpoint checkpoints/STMAFNet_300/020df9ee7447a9cb965bf70236749dd4/STMAFNet_012.pt saved
2026-01-25 15:38:05,968 - easytorch-training - INFO - The estimated training finish time is 2026-01-26 08:33:34
2026-01-25 15:38:05,968 - easytorch-training - INFO - Epoch 13 / 300
2026-01-25 15:40:54,463 - easytorch-training - INFO - Result <train>: [train_time: 168.49 (s), lr: 1.00e-03, train_MAE: 16.0833, train_RMSE: 25.9274, train_MAPE: 11.6142]
2026-01-25 15:40:54,465 - easytorch-training - INFO - Start validation.
2026-01-25 15:41:15,153 - easytorch-training - INFO - Result <val>: [val_time: 20.69 (s), val_MAE: 16.3922, val_RMSE: 25.3004, val_MAPE: 12.7093]
2026-01-25 15:41:35,409 - easytorch-training - INFO - Evaluate best model on test data for horizon 1, Test MAE: 13.2963, Test RMSE: 20.3510, Test MAPE: 8.6600
2026-01-25 15:41:35,429 - easytorch-training - INFO - Evaluate best model on test data for horizon 2, Test MAE: 13.8616, Test RMSE: 21.5980, Test MAPE: 8.9496
2026-01-25 15:41:35,450 - easytorch-training - INFO - Evaluate best model on test data for horizon 3, Test MAE: 14.4523, Test RMSE: 22.6171, Test MAPE: 9.2446
2026-01-25 15:41:35,471 - easytorch-training - INFO - Evaluate best model on test data for horizon 4, Test MAE: 14.9747, Test RMSE: 23.4679, Test MAPE: 10.3261
2026-01-25 15:41:35,486 - easytorch-training - INFO - Evaluate best model on test data for horizon 5, Test MAE: 15.4434, Test RMSE: 24.2898, Test MAPE: 10.3701
2026-01-25 15:41:35,497 - easytorch-training - INFO - Evaluate best model on test data for horizon 6, Test MAE: 15.8816, Test RMSE: 25.0392, Test MAPE: 10.7156
2026-01-25 15:41:35,515 - easytorch-training - INFO - Evaluate best model on test data for horizon 7, Test MAE: 16.3338, Test RMSE: 25.7395, Test MAPE: 11.3874
2026-01-25 15:41:35,536 - easytorch-training - INFO - Evaluate best model on test data for horizon 8, Test MAE: 16.8145, Test RMSE: 26.2946, Test MAPE: 13.2094
2026-01-25 15:41:35,556 - easytorch-training - INFO - Evaluate best model on test data for horizon 9, Test MAE: 17.0959, Test RMSE: 26.8254, Test MAPE: 12.6961
2026-01-25 15:41:35,577 - easytorch-training - INFO - Evaluate best model on test data for horizon 10, Test MAE: 17.5654, Test RMSE: 27.4478, Test MAPE: 13.3318
2026-01-25 15:41:35,592 - easytorch-training - INFO - Evaluate best model on test data for horizon 11, Test MAE: 18.2797, Test RMSE: 28.1363, Test MAPE: 16.6355
2026-01-25 15:41:35,608 - easytorch-training - INFO - Evaluate best model on test data for horizon 12, Test MAE: 18.6333, Test RMSE: 28.7704, Test MAPE: 16.1440
2026-01-25 15:41:35,628 - easytorch-training - INFO - Result <test>: [test_time: 20.47 (s), test_MAE: 16.0527, test_RMSE: 25.1763, test_MAPE: 11.8058]
2026-01-25 15:41:36,033 - easytorch-training - INFO - Checkpoint checkpoints/STMAFNet_300/020df9ee7447a9cb965bf70236749dd4/STMAFNet_013.pt saved
2026-01-25 15:41:36,034 - easytorch-training - INFO - The estimated training finish time is 2026-01-26 08:32:59
2026-01-25 15:41:36,035 - easytorch-training - INFO - Epoch 14 / 300
2026-01-25 15:44:24,236 - easytorch-training - INFO - Result <train>: [train_time: 168.20 (s), lr: 1.00e-03, train_MAE: 15.9166, train_RMSE: 25.7085, train_MAPE: 11.4387]
2026-01-25 15:44:24,238 - easytorch-training - INFO - Start validation.
2026-01-25 15:44:46,046 - easytorch-training - INFO - Result <val>: [val_time: 21.81 (s), val_MAE: 15.7242, val_RMSE: 24.4458, val_MAPE: 11.5706]
2026-01-25 15:44:46,866 - easytorch-training - INFO - Checkpoint checkpoints/STMAFNet_300/020df9ee7447a9cb965bf70236749dd4/STMAFNet_best_val_MAE.pt saved
2026-01-25 15:45:07,187 - easytorch-training - INFO - Evaluate best model on test data for horizon 1, Test MAE: 12.9244, Test RMSE: 19.9948, Test MAPE: 9.2808
2026-01-25 15:45:07,204 - easytorch-training - INFO - Evaluate best model on test data for horizon 2, Test MAE: 13.5340, Test RMSE: 21.1802, Test MAPE: 10.4835
2026-01-25 15:45:07,225 - easytorch-training - INFO - Evaluate best model on test data for horizon 3, Test MAE: 14.1589, Test RMSE: 22.2230, Test MAPE: 9.3757
2026-01-25 15:45:07,245 - easytorch-training - INFO - Evaluate best model on test data for horizon 4, Test MAE: 14.6546, Test RMSE: 23.0660, Test MAPE: 10.2624
2026-01-25 15:45:07,260 - easytorch-training - INFO - Evaluate best model on test data for horizon 5, Test MAE: 15.1515, Test RMSE: 23.8230, Test MAPE: 11.1524
2026-01-25 15:45:07,275 - easytorch-training - INFO - Evaluate best model on test data for horizon 6, Test MAE: 15.3643, Test RMSE: 24.2941, Test MAPE: 10.0431
2026-01-25 15:45:07,290 - easytorch-training - INFO - Evaluate best model on test data for horizon 7, Test MAE: 15.9046, Test RMSE: 24.9301, Test MAPE: 10.4642
2026-01-25 15:45:07,300 - easytorch-training - INFO - Evaluate best model on test data for horizon 8, Test MAE: 16.1040, Test RMSE: 25.3602, Test MAPE: 10.5381
2026-01-25 15:45:07,310 - easytorch-training - INFO - Evaluate best model on test data for horizon 9, Test MAE: 16.4960, Test RMSE: 25.8370, Test MAPE: 10.8969
2026-01-25 15:45:07,330 - easytorch-training - INFO - Evaluate best model on test data for horizon 10, Test MAE: 16.6569, Test RMSE: 26.1566, Test MAPE: 10.7886
2026-01-25 15:45:07,351 - easytorch-training - INFO - Evaluate best model on test data for horizon 11, Test MAE: 16.9271, Test RMSE: 26.5716, Test MAPE: 11.0238
2026-01-25 15:45:07,371 - easytorch-training - INFO - Evaluate best model on test data for horizon 12, Test MAE: 17.2005, Test RMSE: 27.0442, Test MAPE: 11.4954
2026-01-25 15:45:07,388 - easytorch-training - INFO - Result <test>: [test_time: 20.52 (s), test_MAE: 15.4231, test_RMSE: 24.2999, test_MAPE: 10.4837]
2026-01-25 15:45:07,796 - easytorch-training - INFO - Checkpoint checkpoints/STMAFNet_300/020df9ee7447a9cb965bf70236749dd4/STMAFNet_014.pt saved
2026-01-25 15:45:07,797 - easytorch-training - INFO - The estimated training finish time is 2026-01-26 08:33:06
2026-01-25 15:45:07,797 - easytorch-training - INFO - Epoch 15 / 300
2026-01-25 15:47:56,063 - easytorch-training - INFO - Result <train>: [train_time: 168.27 (s), lr: 1.00e-03, train_MAE: 15.7434, train_RMSE: 25.4691, train_MAPE: 11.3616]
2026-01-25 15:47:56,065 - easytorch-training - INFO - Start validation.
2026-01-25 15:48:17,466 - easytorch-training - INFO - Result <val>: [val_time: 21.40 (s), val_MAE: 15.7102, val_RMSE: 24.3299, val_MAPE: 13.4904]
2026-01-25 15:48:18,373 - easytorch-training - INFO - Checkpoint checkpoints/STMAFNet_300/020df9ee7447a9cb965bf70236749dd4/STMAFNet_best_val_MAE.pt saved
2026-01-25 15:48:38,875 - easytorch-training - INFO - Evaluate best model on test data for horizon 1, Test MAE: 12.7950, Test RMSE: 19.9287, Test MAPE: 8.9863
2026-01-25 15:48:38,895 - easytorch-training - INFO - Evaluate best model on test data for horizon 2, Test MAE: 13.5581, Test RMSE: 21.2703, Test MAPE: 9.4408
2026-01-25 15:48:38,916 - easytorch-training - INFO - Evaluate best model on test data for horizon 3, Test MAE: 14.3203, Test RMSE: 22.2134, Test MAPE: 12.1245
2026-01-25 15:48:38,937 - easytorch-training - INFO - Evaluate best model on test data for horizon 4, Test MAE: 14.5572, Test RMSE: 22.8842, Test MAPE: 11.5052
2026-01-25 15:48:38,958 - easytorch-training - INFO - Evaluate best model on test data for horizon 5, Test MAE: 14.9482, Test RMSE: 23.5536, Test MAPE: 11.8397
2026-01-25 15:48:38,978 - easytorch-training - INFO - Evaluate best model on test data for horizon 6, Test MAE: 15.7968, Test RMSE: 24.3488, Test MAPE: 15.1238
2026-01-25 15:48:38,999 - easytorch-training - INFO - Evaluate best model on test data for horizon 7, Test MAE: 15.8406, Test RMSE: 24.7900, Test MAPE: 13.1642
2026-01-25 15:48:39,019 - easytorch-training - INFO - Evaluate best model on test data for horizon 8, Test MAE: 16.1178, Test RMSE: 25.3571, Test MAPE: 12.4546
2026-01-25 15:48:39,039 - easytorch-training - INFO - Evaluate best model on test data for horizon 9, Test MAE: 16.3560, Test RMSE: 25.8011, Test MAPE: 12.1161
2026-01-25 15:48:39,052 - easytorch-training - INFO - Evaluate best model on test data for horizon 10, Test MAE: 16.7287, Test RMSE: 26.1929, Test MAPE: 13.5877
2026-01-25 15:48:39,067 - easytorch-training - INFO - Evaluate best model on test data for horizon 11, Test MAE: 16.9023, Test RMSE: 26.5796, Test MAPE: 13.3691
2026-01-25 15:48:39,085 - easytorch-training - INFO - Evaluate best model on test data for horizon 12, Test MAE: 17.5713, Test RMSE: 27.2106, Test MAPE: 15.2045
2026-01-25 15:48:39,109 - easytorch-training - INFO - Result <test>: [test_time: 20.74 (s), test_MAE: 15.4577, test_RMSE: 24.2736, test_MAPE: 12.4097]
2026-01-25 15:48:39,542 - easytorch-training - INFO - Checkpoint checkpoints/STMAFNet_300/020df9ee7447a9cb965bf70236749dd4/STMAFNet_015.pt saved
2026-01-25 15:48:39,542 - easytorch-training - INFO - The estimated training finish time is 2026-01-26 08:33:12
2026-01-25 15:48:39,543 - easytorch-training - INFO - Epoch 16 / 300
2026-01-25 15:51:27,472 - easytorch-training - INFO - Result <train>: [train_time: 167.93 (s), lr: 1.00e-03, train_MAE: 15.6547, train_RMSE: 25.3411, train_MAPE: 11.2264]
2026-01-25 15:51:27,474 - easytorch-training - INFO - Start validation.
2026-01-25 15:51:49,359 - easytorch-training - INFO - Result <val>: [val_time: 21.89 (s), val_MAE: 15.3586, val_RMSE: 23.9892, val_MAPE: 11.1285]
2026-01-25 15:51:50,278 - easytorch-training - INFO - Checkpoint checkpoints/STMAFNet_300/020df9ee7447a9cb965bf70236749dd4/STMAFNet_best_val_MAE.pt saved
2026-01-25 15:52:10,512 - easytorch-training - INFO - Evaluate best model on test data for horizon 1, Test MAE: 12.9661, Test RMSE: 20.0049, Test MAPE: 8.3967
2026-01-25 15:52:10,525 - easytorch-training - INFO - Evaluate best model on test data for horizon 2, Test MAE: 13.4865, Test RMSE: 21.1136, Test MAPE: 8.8832
2026-01-25 15:52:10,541 - easytorch-training - INFO - Evaluate best model on test data for horizon 3, Test MAE: 14.0518, Test RMSE: 22.0639, Test MAPE: 9.2409
2026-01-25 15:52:10,562 - easytorch-training - INFO - Evaluate best model on test data for horizon 4, Test MAE: 14.5253, Test RMSE: 22.8283, Test MAPE: 10.2271
2026-01-25 15:52:10,579 - easytorch-training - INFO - Evaluate best model on test data for horizon 5, Test MAE: 14.6897, Test RMSE: 23.3439, Test MAPE: 9.5597
2026-01-25 15:52:10,593 - easytorch-training - INFO - Evaluate best model on test data for horizon 6, Test MAE: 15.0293, Test RMSE: 23.9120, Test MAPE: 9.7807
2026-01-25 15:52:10,612 - easytorch-training - INFO - Evaluate best model on test data for horizon 7, Test MAE: 15.2461, Test RMSE: 24.3637, Test MAPE: 9.9116
2026-01-25 15:52:10,626 - easytorch-training - INFO - Evaluate best model on test data for horizon 8, Test MAE: 15.7725, Test RMSE: 24.9611, Test MAPE: 10.7976
2026-01-25 15:52:10,640 - easytorch-training - INFO - Evaluate best model on test data for horizon 9, Test MAE: 16.0120, Test RMSE: 25.3915, Test MAPE: 10.7556
2026-01-25 15:52:10,654 - easytorch-training - INFO - Evaluate best model on test data for horizon 10, Test MAE: 16.1088, Test RMSE: 25.6416, Test MAPE: 10.5515
2026-01-25 15:52:10,669 - easytorch-training - INFO - Evaluate best model on test data for horizon 11, Test MAE: 16.4074, Test RMSE: 26.0752, Test MAPE: 10.7324
2026-01-25 15:52:10,689 - easytorch-training - INFO - Evaluate best model on test data for horizon 12, Test MAE: 17.0144, Test RMSE: 26.6756, Test MAPE: 12.3682
2026-01-25 15:52:10,713 - easytorch-training - INFO - Result <test>: [test_time: 20.43 (s), test_MAE: 15.1092, test_RMSE: 23.9462, test_MAPE: 10.1004]
2026-01-25 15:52:11,120 - easytorch-training - INFO - Checkpoint checkpoints/STMAFNet_300/020df9ee7447a9cb965bf70236749dd4/STMAFNet_016.pt saved
2026-01-25 15:52:11,121 - easytorch-training - INFO - The estimated training finish time is 2026-01-26 08:33:14
2026-01-25 15:52:11,121 - easytorch-training - INFO - Epoch 17 / 300
2026-01-25 15:54:59,011 - easytorch-training - INFO - Result <train>: [train_time: 167.89 (s), lr: 1.00e-03, train_MAE: 15.5264, train_RMSE: 25.1802, train_MAPE: 11.0769]
2026-01-25 15:54:59,012 - easytorch-training - INFO - Start validation.
2026-01-25 15:55:20,321 - easytorch-training - INFO - Result <val>: [val_time: 21.31 (s), val_MAE: 15.1358, val_RMSE: 23.8104, val_MAPE: 11.1239]
2026-01-25 15:55:21,046 - easytorch-training - INFO - Checkpoint checkpoints/STMAFNet_300/020df9ee7447a9cb965bf70236749dd4/STMAFNet_best_val_MAE.pt saved
2026-01-25 15:55:41,973 - easytorch-training - INFO - Evaluate best model on test data for horizon 1, Test MAE: 13.0414, Test RMSE: 19.9042, Test MAPE: 11.0045
2026-01-25 15:55:41,994 - easytorch-training - INFO - Evaluate best model on test data for horizon 2, Test MAE: 13.1995, Test RMSE: 20.8774, Test MAPE: 8.7589
2026-01-25 15:55:42,014 - easytorch-training - INFO - Evaluate best model on test data for horizon 3, Test MAE: 13.8487, Test RMSE: 21.8130, Test MAPE: 9.9439
2026-01-25 15:55:42,035 - easytorch-training - INFO - Evaluate best model on test data for horizon 4, Test MAE: 14.1679, Test RMSE: 22.5074, Test MAPE: 9.5929
2026-01-25 15:55:42,056 - easytorch-training - INFO - Evaluate best model on test data for horizon 5, Test MAE: 14.4973, Test RMSE: 23.1472, Test MAPE: 9.4968
2026-01-25 15:55:42,062 - easytorch-training - INFO - Evaluate best model on test data for horizon 6, Test MAE: 14.7912, Test RMSE: 23.6950, Test MAPE: 9.8946
2026-01-25 15:55:42,068 - easytorch-training - INFO - Evaluate best model on test data for horizon 7, Test MAE: 15.1283, Test RMSE: 24.2111, Test MAPE: 10.0094
2026-01-25 15:55:42,084 - easytorch-training - INFO - Evaluate best model on test data for horizon 8, Test MAE: 15.4697, Test RMSE: 24.7478, Test MAPE: 10.2098
2026-01-25 15:55:42,105 - easytorch-training - INFO - Evaluate best model on test data for horizon 9, Test MAE: 15.8248, Test RMSE: 25.1838, Test MAPE: 10.4557
2026-01-25 15:55:42,126 - easytorch-training - INFO - Evaluate best model on test data for horizon 10, Test MAE: 15.9827, Test RMSE: 25.4974, Test MAPE: 10.5056
2026-01-25 15:55:42,146 - easytorch-training - INFO - Evaluate best model on test data for horizon 11, Test MAE: 16.3750, Test RMSE: 26.0386, Test MAPE: 10.7418
2026-01-25 15:55:42,167 - easytorch-training - INFO - Evaluate best model on test data for horizon 12, Test MAE: 16.7960, Test RMSE: 26.5490, Test MAPE: 11.1720
2026-01-25 15:55:42,187 - easytorch-training - INFO - Result <test>: [test_time: 21.14 (s), test_MAE: 14.9269, test_RMSE: 23.7653, test_MAPE: 10.1488]
2026-01-25 15:55:42,594 - easytorch-training - INFO - Checkpoint checkpoints/STMAFNet_300/020df9ee7447a9cb965bf70236749dd4/STMAFNet_017.pt saved
2026-01-25 15:55:42,595 - easytorch-training - INFO - The estimated training finish time is 2026-01-26 08:33:13
2026-01-25 15:55:42,595 - easytorch-training - INFO - Epoch 18 / 300
2026-01-25 15:58:30,465 - easytorch-training - INFO - Result <train>: [train_time: 167.87 (s), lr: 1.00e-03, train_MAE: 15.4136, train_RMSE: 25.0371, train_MAPE: 10.9514]
2026-01-25 15:58:30,466 - easytorch-training - INFO - Start validation.
2026-01-25 15:58:52,632 - easytorch-training - INFO - Result <val>: [val_time: 22.17 (s), val_MAE: 15.1347, val_RMSE: 23.7962, val_MAPE: 11.4840]
2026-01-25 15:58:53,419 - easytorch-training - INFO - Checkpoint checkpoints/STMAFNet_300/020df9ee7447a9cb965bf70236749dd4/STMAFNet_best_val_MAE.pt saved
2026-01-25 15:59:14,379 - easytorch-training - INFO - Evaluate best model on test data for horizon 1, Test MAE: 12.7843, Test RMSE: 19.8749, Test MAPE: 8.2399
2026-01-25 15:59:14,400 - easytorch-training - INFO - Evaluate best model on test data for horizon 2, Test MAE: 13.4314, Test RMSE: 21.1171, Test MAPE: 8.7795
2026-01-25 15:59:14,416 - easytorch-training - INFO - Evaluate best model on test data for horizon 3, Test MAE: 13.9310, Test RMSE: 22.0524, Test MAPE: 9.0503
2026-01-25 15:59:14,431 - easytorch-training - INFO - Evaluate best model on test data for horizon 4, Test MAE: 14.2210, Test RMSE: 22.7248, Test MAPE: 9.1296
2026-01-25 15:59:14,449 - easytorch-training - INFO - Evaluate best model on test data for horizon 5, Test MAE: 14.5032, Test RMSE: 23.2493, Test MAPE: 9.3943
2026-01-25 15:59:14,463 - easytorch-training - INFO - Evaluate best model on test data for horizon 6, Test MAE: 14.7786, Test RMSE: 23.6904, Test MAPE: 9.5691
2026-01-25 15:59:14,480 - easytorch-training - INFO - Evaluate best model on test data for horizon 7, Test MAE: 15.0413, Test RMSE: 24.1849, Test MAPE: 10.1332
2026-01-25 15:59:14,500 - easytorch-training - INFO - Evaluate best model on test data for horizon 8, Test MAE: 15.3454, Test RMSE: 24.6301, Test MAPE: 9.9097
2026-01-25 15:59:14,521 - easytorch-training - INFO - Evaluate best model on test data for horizon 9, Test MAE: 15.6437, Test RMSE: 25.0194, Test MAPE: 10.6967
2026-01-25 15:59:14,536 - easytorch-training - INFO - Evaluate best model on test data for horizon 10, Test MAE: 15.9474, Test RMSE: 25.3886, Test MAPE: 11.5640
2026-01-25 15:59:14,556 - easytorch-training - INFO - Evaluate best model on test data for horizon 11, Test MAE: 16.2536, Test RMSE: 25.7235, Test MAPE: 12.0331
2026-01-25 15:59:14,577 - easytorch-training - INFO - Evaluate best model on test data for horizon 12, Test MAE: 16.5961, Test RMSE: 26.2555, Test MAPE: 12.7730
2026-01-25 15:59:14,601 - easytorch-training - INFO - Result <test>: [test_time: 21.18 (s), test_MAE: 14.8731, test_RMSE: 23.7321, test_MAPE: 10.1060]
2026-01-25 15:59:15,011 - easytorch-training - INFO - Checkpoint checkpoints/STMAFNet_300/020df9ee7447a9cb965bf70236749dd4/STMAFNet_018.pt saved
2026-01-25 15:59:15,012 - easytorch-training - INFO - The estimated training finish time is 2026-01-26 08:33:29
2026-01-25 15:59:15,012 - easytorch-training - INFO - Epoch 19 / 300
2026-01-25 16:02:02,966 - easytorch-training - INFO - Result <train>: [train_time: 167.95 (s), lr: 5.00e-04, train_MAE: 14.9612, train_RMSE: 24.5354, train_MAPE: 10.2466]
2026-01-25 16:02:02,967 - easytorch-training - INFO - Start validation.
2026-01-25 16:02:25,164 - easytorch-training - INFO - Result <val>: [val_time: 22.20 (s), val_MAE: 14.8473, val_RMSE: 23.4870, val_MAPE: 10.9268]
2026-01-25 16:02:26,100 - easytorch-training - INFO - Checkpoint checkpoints/STMAFNet_300/020df9ee7447a9cb965bf70236749dd4/STMAFNet_best_val_MAE.pt saved
2026-01-25 16:02:47,008 - easytorch-training - INFO - Evaluate best model on test data for horizon 1, Test MAE: 12.4924, Test RMSE: 19.6010, Test MAPE: 8.2228
2026-01-25 16:02:47,029 - easytorch-training - INFO - Evaluate best model on test data for horizon 2, Test MAE: 13.0587, Test RMSE: 20.7539, Test MAPE: 8.6281
2026-01-25 16:02:47,049 - easytorch-training - INFO - Evaluate best model on test data for horizon 3, Test MAE: 13.5038, Test RMSE: 21.5761, Test MAPE: 8.7437
2026-01-25 16:02:47,069 - easytorch-training - INFO - Evaluate best model on test data for horizon 4, Test MAE: 13.8436, Test RMSE: 22.2385, Test MAPE: 9.0074
2026-01-25 16:02:47,080 - easytorch-training - INFO - Evaluate best model on test data for horizon 5, Test MAE: 14.2586, Test RMSE: 22.8939, Test MAPE: 9.3252
2026-01-25 16:02:47,088 - easytorch-training - INFO - Evaluate best model on test data for horizon 6, Test MAE: 14.5479, Test RMSE: 23.4168, Test MAPE: 9.4960
2026-01-25 16:02:47,106 - easytorch-training - INFO - Evaluate best model on test data for horizon 7, Test MAE: 14.8393, Test RMSE: 23.8929, Test MAPE: 9.7762
2026-01-25 16:02:47,124 - easytorch-training - INFO - Evaluate best model on test data for horizon 8, Test MAE: 15.2613, Test RMSE: 24.3971, Test MAPE: 10.7472
2026-01-25 16:02:47,142 - easytorch-training - INFO - Evaluate best model on test data for horizon 9, Test MAE: 15.5486, Test RMSE: 24.8079, Test MAPE: 10.7737
2026-01-25 16:02:47,163 - easytorch-training - INFO - Evaluate best model on test data for horizon 10, Test MAE: 15.7416, Test RMSE: 25.1400, Test MAPE: 10.6434
2026-01-25 16:02:47,183 - easytorch-training - INFO - Evaluate best model on test data for horizon 11, Test MAE: 15.9709, Test RMSE: 25.4723, Test MAPE: 10.8967
2026-01-25 16:02:47,204 - easytorch-training - INFO - Evaluate best model on test data for horizon 12, Test MAE: 16.2975, Test RMSE: 25.9171, Test MAPE: 11.2563
2026-01-25 16:02:47,228 - easytorch-training - INFO - Result <test>: [test_time: 21.13 (s), test_MAE: 14.6137, test_RMSE: 23.4193, test_MAPE: 9.7931]
2026-01-25 16:02:47,634 - easytorch-training - INFO - Checkpoint checkpoints/STMAFNet_300/020df9ee7447a9cb965bf70236749dd4/STMAFNet_019.pt saved
2026-01-25 16:02:47,635 - easytorch-training - INFO - The estimated training finish time is 2026-01-26 08:33:46
2026-01-25 16:02:47,635 - easytorch-training - INFO - Epoch 20 / 300
2026-01-25 16:05:35,229 - easytorch-training - INFO - Result <train>: [train_time: 167.59 (s), lr: 5.00e-04, train_MAE: 14.8064, train_RMSE: 24.3614, train_MAPE: 10.1359]
2026-01-25 16:05:35,231 - easytorch-training - INFO - Start validation.
2026-01-25 16:05:57,350 - easytorch-training - INFO - Result <val>: [val_time: 22.12 (s), val_MAE: 14.6486, val_RMSE: 23.4015, val_MAPE: 10.7194]
2026-01-25 16:05:58,126 - easytorch-training - INFO - Checkpoint checkpoints/STMAFNet_300/020df9ee7447a9cb965bf70236749dd4/STMAFNet_best_val_MAE.pt saved
2026-01-25 16:06:17,514 - easytorch-training - INFO - Evaluate best model on test data for horizon 1, Test MAE: 12.5112, Test RMSE: 19.6068, Test MAPE: 8.0534
2026-01-25 16:06:17,535 - easytorch-training - INFO - Evaluate best model on test data for horizon 2, Test MAE: 12.9969, Test RMSE: 20.6964, Test MAPE: 8.3376
2026-01-25 16:06:17,555 - easytorch-training - INFO - Evaluate best model on test data for horizon 3, Test MAE: 13.4308, Test RMSE: 21.5409, Test MAPE: 8.6709
2026-01-25 16:06:17,576 - easytorch-training - INFO - Evaluate best model on test data for horizon 4, Test MAE: 13.7995, Test RMSE: 22.2427, Test MAPE: 9.3646
2026-01-25 16:06:17,595 - easytorch-training - INFO - Evaluate best model on test data for horizon 5, Test MAE: 14.1404, Test RMSE: 22.8787, Test MAPE: 9.2111
2026-01-25 16:06:17,601 - easytorch-training - INFO - Evaluate best model on test data for horizon 6, Test MAE: 14.4065, Test RMSE: 23.3447, Test MAPE: 9.2834
2026-01-25 16:06:17,609 - easytorch-training - INFO - Evaluate best model on test data for horizon 7, Test MAE: 14.6673, Test RMSE: 23.8370, Test MAPE: 9.4820
2026-01-25 16:06:17,627 - easytorch-training - INFO - Evaluate best model on test data for horizon 8, Test MAE: 14.9709, Test RMSE: 24.3096, Test MAPE: 9.7188
2026-01-25 16:06:17,648 - easytorch-training - INFO - Evaluate best model on test data for horizon 9, Test MAE: 15.1952, Test RMSE: 24.6634, Test MAPE: 9.9331
2026-01-25 16:06:17,668 - easytorch-training - INFO - Evaluate best model on test data for horizon 10, Test MAE: 15.4028, Test RMSE: 25.0096, Test MAPE: 10.1703
2026-01-25 16:06:17,689 - easytorch-training - INFO - Evaluate best model on test data for horizon 11, Test MAE: 15.6498, Test RMSE: 25.3858, Test MAPE: 10.1432
2026-01-25 16:06:17,708 - easytorch-training - INFO - Evaluate best model on test data for horizon 12, Test MAE: 15.9240, Test RMSE: 25.7933, Test MAPE: 10.3557
2026-01-25 16:06:17,724 - easytorch-training - INFO - Result <test>: [test_time: 19.60 (s), test_MAE: 14.4246, test_RMSE: 23.3498, test_MAPE: 9.3937]
2026-01-25 16:06:18,131 - easytorch-training - INFO - Checkpoint checkpoints/STMAFNet_300/020df9ee7447a9cb965bf70236749dd4/STMAFNet_020.pt saved
2026-01-25 16:06:18,170 - easytorch-training - INFO - The estimated training finish time is 2026-01-26 08:33:30
2026-01-25 16:06:18,170 - easytorch-training - INFO - Epoch 21 / 300
2026-01-25 16:09:06,420 - easytorch-training - INFO - Result <train>: [train_time: 168.25 (s), lr: 5.00e-04, train_MAE: 14.7465, train_RMSE: 24.2511, train_MAPE: 10.1469]
2026-01-25 16:09:06,421 - easytorch-training - INFO - Start validation.
2026-01-25 16:09:27,407 - easytorch-training - INFO - Result <val>: [val_time: 20.99 (s), val_MAE: 14.6258, val_RMSE: 23.3326, val_MAPE: 10.5947]
2026-01-25 16:09:28,152 - easytorch-training - INFO - Checkpoint checkpoints/STMAFNet_300/020df9ee7447a9cb965bf70236749dd4/STMAFNet_best_val_MAE.pt saved
2026-01-25 16:09:48,663 - easytorch-training - INFO - Evaluate best model on test data for horizon 1, Test MAE: 12.5927, Test RMSE: 19.6215, Test MAPE: 8.1259
2026-01-25 16:09:48,681 - easytorch-training - INFO - Evaluate best model on test data for horizon 2, Test MAE: 13.0170, Test RMSE: 20.6830, Test MAPE: 8.3315
2026-01-25 16:09:48,695 - easytorch-training - INFO - Evaluate best model on test data for horizon 3, Test MAE: 13.4138, Test RMSE: 21.4641, Test MAPE: 8.5903
2026-01-25 16:09:48,706 - easytorch-training - INFO - Evaluate best model on test data for horizon 4, Test MAE: 13.7508, Test RMSE: 22.1855, Test MAPE: 8.8575
2026-01-25 16:09:48,726 - easytorch-training - INFO - Evaluate best model on test data for horizon 5, Test MAE: 14.0695, Test RMSE: 22.7858, Test MAPE: 9.0656
2026-01-25 16:09:48,747 - easytorch-training - INFO - Evaluate best model on test data for horizon 6, Test MAE: 14.3637, Test RMSE: 23.3048, Test MAPE: 9.2315
2026-01-25 16:09:48,768 - easytorch-training - INFO - Evaluate best model on test data for horizon 7, Test MAE: 14.7011, Test RMSE: 23.8397, Test MAPE: 9.3526
2026-01-25 16:09:48,788 - easytorch-training - INFO - Evaluate best model on test data for horizon 8, Test MAE: 14.9424, Test RMSE: 24.2255, Test MAPE: 9.6146
2026-01-25 16:09:48,802 - easytorch-training - INFO - Evaluate best model on test data for horizon 9, Test MAE: 15.1680, Test RMSE: 24.6038, Test MAPE: 9.7316
2026-01-25 16:09:48,819 - easytorch-training - INFO - Evaluate best model on test data for horizon 10, Test MAE: 15.4326, Test RMSE: 25.0234, Test MAPE: 9.9592
2026-01-25 16:09:48,834 - easytorch-training - INFO - Evaluate best model on test data for horizon 11, Test MAE: 15.6052, Test RMSE: 25.2733, Test MAPE: 10.1597
2026-01-25 16:09:48,848 - easytorch-training - INFO - Evaluate best model on test data for horizon 12, Test MAE: 15.8964, Test RMSE: 25.7253, Test MAPE: 10.3051
2026-01-25 16:09:48,871 - easytorch-training - INFO - Result <test>: [test_time: 20.72 (s), test_MAE: 14.4128, test_RMSE: 23.3010, test_MAPE: 9.2771]
2026-01-25 16:09:49,276 - easytorch-training - INFO - Checkpoint checkpoints/STMAFNet_300/020df9ee7447a9cb965bf70236749dd4/STMAFNet_021.pt saved
2026-01-25 16:09:49,277 - easytorch-training - INFO - The estimated training finish time is 2026-01-26 08:33:24
2026-01-25 16:09:49,277 - easytorch-training - INFO - Epoch 22 / 300
2026-01-25 16:12:37,673 - easytorch-training - INFO - Result <train>: [train_time: 168.40 (s), lr: 5.00e-04, train_MAE: 14.6590, train_RMSE: 24.1436, train_MAPE: 10.0277]
2026-01-25 16:12:37,674 - easytorch-training - INFO - Start validation.
2026-01-25 16:12:59,604 - easytorch-training - INFO - Result <val>: [val_time: 21.93 (s), val_MAE: 14.7194, val_RMSE: 23.4431, val_MAPE: 11.7517]
2026-01-25 16:13:20,560 - easytorch-training - INFO - Evaluate best model on test data for horizon 1, Test MAE: 12.5226, Test RMSE: 19.6287, Test MAPE: 9.1568
2026-01-25 16:13:20,580 - easytorch-training - INFO - Evaluate best model on test data for horizon 2, Test MAE: 13.0320, Test RMSE: 20.7143, Test MAPE: 9.4904
2026-01-25 16:13:20,601 - easytorch-training - INFO - Evaluate best model on test data for horizon 3, Test MAE: 13.4449, Test RMSE: 21.5210, Test MAPE: 9.4067
2026-01-25 16:13:20,618 - easytorch-training - INFO - Evaluate best model on test data for horizon 4, Test MAE: 13.7885, Test RMSE: 22.3384, Test MAPE: 9.0491
2026-01-25 16:13:20,633 - easytorch-training - INFO - Evaluate best model on test data for horizon 5, Test MAE: 14.1919, Test RMSE: 22.9835, Test MAPE: 9.4897
2026-01-25 16:13:20,651 - easytorch-training - INFO - Evaluate best model on test data for horizon 6, Test MAE: 14.4624, Test RMSE: 23.5159, Test MAPE: 9.6176
2026-01-25 16:13:20,668 - easytorch-training - INFO - Evaluate best model on test data for horizon 7, Test MAE: 14.7360, Test RMSE: 23.9806, Test MAPE: 10.1446
2026-01-25 16:13:20,682 - easytorch-training - INFO - Evaluate best model on test data for horizon 8, Test MAE: 15.0573, Test RMSE: 24.4779, Test MAPE: 10.1841
2026-01-25 16:13:20,701 - easytorch-training - INFO - Evaluate best model on test data for horizon 9, Test MAE: 15.4351, Test RMSE: 24.8753, Test MAPE: 11.3565
2026-01-25 16:13:20,716 - easytorch-training - INFO - Evaluate best model on test data for horizon 10, Test MAE: 15.6499, Test RMSE: 25.2153, Test MAPE: 11.1928
2026-01-25 16:13:20,737 - easytorch-training - INFO - Evaluate best model on test data for horizon 11, Test MAE: 15.8719, Test RMSE: 25.6204, Test MAPE: 11.0127
2026-01-25 16:13:20,757 - easytorch-training - INFO - Evaluate best model on test data for horizon 12, Test MAE: 16.2644, Test RMSE: 26.0804, Test MAPE: 11.8683
2026-01-25 16:13:20,781 - easytorch-training - INFO - Result <test>: [test_time: 21.18 (s), test_MAE: 14.5381, test_RMSE: 23.4932, test_MAPE: 10.1641]
2026-01-25 16:13:21,278 - easytorch-training - INFO - Checkpoint checkpoints/STMAFNet_300/020df9ee7447a9cb965bf70236749dd4/STMAFNet_022.pt saved
2026-01-25 16:13:21,279 - easytorch-training - INFO - The estimated training finish time is 2026-01-26 08:33:30
2026-01-25 16:13:21,279 - easytorch-training - INFO - Epoch 23 / 300
2026-01-25 16:16:09,256 - easytorch-training - INFO - Result <train>: [train_time: 167.98 (s), lr: 5.00e-04, train_MAE: 14.6129, train_RMSE: 24.0626, train_MAPE: 10.0022]
2026-01-25 16:16:09,257 - easytorch-training - INFO - Start validation.
2026-01-25 16:16:31,553 - easytorch-training - INFO - Result <val>: [val_time: 22.30 (s), val_MAE: 14.7656, val_RMSE: 23.3887, val_MAPE: 11.1961]
2026-01-25 16:16:52,143 - easytorch-training - INFO - Evaluate best model on test data for horizon 1, Test MAE: 12.5574, Test RMSE: 19.6146, Test MAPE: 8.2184
2026-01-25 16:16:52,161 - easytorch-training - INFO - Evaluate best model on test data for horizon 2, Test MAE: 13.0784, Test RMSE: 20.7583, Test MAPE: 8.2967
2026-01-25 16:16:52,175 - easytorch-training - INFO - Evaluate best model on test data for horizon 3, Test MAE: 13.3968, Test RMSE: 21.4699, Test MAPE: 8.5806
2026-01-25 16:16:52,194 - easytorch-training - INFO - Evaluate best model on test data for horizon 4, Test MAE: 13.9320, Test RMSE: 22.2710, Test MAPE: 9.2121
2026-01-25 16:16:52,214 - easytorch-training - INFO - Evaluate best model on test data for horizon 5, Test MAE: 14.2346, Test RMSE: 22.8752, Test MAPE: 9.2506
2026-01-25 16:16:52,231 - easytorch-training - INFO - Evaluate best model on test data for horizon 6, Test MAE: 14.6859, Test RMSE: 23.5024, Test MAPE: 10.2591
2026-01-25 16:16:52,245 - easytorch-training - INFO - Evaluate best model on test data for horizon 7, Test MAE: 14.7292, Test RMSE: 23.8251, Test MAPE: 9.5736
2026-01-25 16:16:52,257 - easytorch-training - INFO - Evaluate best model on test data for horizon 8, Test MAE: 15.0287, Test RMSE: 24.3392, Test MAPE: 10.0087
2026-01-25 16:16:52,277 - easytorch-training - INFO - Evaluate best model on test data for horizon 9, Test MAE: 15.2023, Test RMSE: 24.6625, Test MAPE: 10.0467
2026-01-25 16:16:52,298 - easytorch-training - INFO - Evaluate best model on test data for horizon 10, Test MAE: 15.3908, Test RMSE: 24.9616, Test MAPE: 9.9899
2026-01-25 16:16:52,319 - easytorch-training - INFO - Evaluate best model on test data for horizon 11, Test MAE: 15.6361, Test RMSE: 25.3445, Test MAPE: 10.1584
2026-01-25 16:16:52,339 - easytorch-training - INFO - Evaluate best model on test data for horizon 12, Test MAE: 15.9111, Test RMSE: 25.7560, Test MAPE: 10.4697
2026-01-25 16:16:52,360 - easytorch-training - INFO - Result <test>: [test_time: 20.81 (s), test_MAE: 14.4819, test_RMSE: 23.3547, test_MAPE: 9.5054]
2026-01-25 16:16:52,772 - easytorch-training - INFO - Checkpoint checkpoints/STMAFNet_300/020df9ee7447a9cb965bf70236749dd4/STMAFNet_023.pt saved
2026-01-25 16:16:52,773 - easytorch-training - INFO - The estimated training finish time is 2026-01-26 08:33:30
2026-01-25 16:16:52,773 - easytorch-training - INFO - Epoch 24 / 300
2026-01-25 16:19:41,317 - easytorch-training - INFO - Result <train>: [train_time: 168.54 (s), lr: 5.00e-04, train_MAE: 14.5283, train_RMSE: 23.9673, train_MAPE: 9.9813]
2026-01-25 16:19:41,319 - easytorch-training - INFO - Start validation.
2026-01-25 16:20:02,675 - easytorch-training - INFO - Result <val>: [val_time: 21.36 (s), val_MAE: 14.5517, val_RMSE: 23.3223, val_MAPE: 10.8799]
2026-01-25 16:20:03,472 - easytorch-training - INFO - Checkpoint checkpoints/STMAFNet_300/020df9ee7447a9cb965bf70236749dd4/STMAFNet_best_val_MAE.pt saved
2026-01-25 16:20:22,652 - easytorch-training - INFO - Evaluate best model on test data for horizon 1, Test MAE: 12.4839, Test RMSE: 19.5289, Test MAPE: 8.6178
2026-01-25 16:20:22,668 - easytorch-training - INFO - Evaluate best model on test data for horizon 2, Test MAE: 12.9267, Test RMSE: 20.6436, Test MAPE: 8.4654
2026-01-25 16:20:22,683 - easytorch-training - INFO - Evaluate best model on test data for horizon 3, Test MAE: 13.3594, Test RMSE: 21.4628, Test MAPE: 8.7460
2026-01-25 16:20:22,704 - easytorch-training - INFO - Evaluate best model on test data for horizon 4, Test MAE: 13.7136, Test RMSE: 22.1599, Test MAPE: 9.0242
2026-01-25 16:20:22,719 - easytorch-training - INFO - Evaluate best model on test data for horizon 5, Test MAE: 14.0305, Test RMSE: 22.7765, Test MAPE: 9.1145
2026-01-25 16:20:22,730 - easytorch-training - INFO - Evaluate best model on test data for horizon 6, Test MAE: 14.3476, Test RMSE: 23.3025, Test MAPE: 9.3772
2026-01-25 16:20:22,750 - easytorch-training - INFO - Evaluate best model on test data for horizon 7, Test MAE: 14.6343, Test RMSE: 23.7849, Test MAPE: 9.5315
2026-01-25 16:20:22,771 - easytorch-training - INFO - Evaluate best model on test data for horizon 8, Test MAE: 14.9505, Test RMSE: 24.2982, Test MAPE: 9.7730
2026-01-25 16:20:22,789 - easytorch-training - INFO - Evaluate best model on test data for horizon 9, Test MAE: 15.0844, Test RMSE: 24.6126, Test MAPE: 9.6909
2026-01-25 16:20:22,804 - easytorch-training - INFO - Evaluate best model on test data for horizon 10, Test MAE: 15.3037, Test RMSE: 24.9716, Test MAPE: 9.8862
2026-01-25 16:20:22,822 - easytorch-training - INFO - Evaluate best model on test data for horizon 11, Test MAE: 15.6351, Test RMSE: 25.3780, Test MAPE: 10.1789
2026-01-25 16:20:22,841 - easytorch-training - INFO - Evaluate best model on test data for horizon 12, Test MAE: 15.7872, Test RMSE: 25.6729, Test MAPE: 10.4401
2026-01-25 16:20:22,853 - easytorch-training - INFO - Result <test>: [test_time: 19.38 (s), test_MAE: 14.3547, test_RMSE: 23.2910, test_MAPE: 9.4038]
2026-01-25 16:20:23,265 - easytorch-training - INFO - Checkpoint checkpoints/STMAFNet_300/020df9ee7447a9cb965bf70236749dd4/STMAFNet_024.pt saved
2026-01-25 16:20:23,266 - easytorch-training - INFO - The estimated training finish time is 2026-01-26 08:33:16
2026-01-25 16:20:23,266 - easytorch-training - INFO - Epoch 25 / 300
2026-01-25 16:23:12,347 - easytorch-training - INFO - Result <train>: [train_time: 169.08 (s), lr: 5.00e-04, train_MAE: 14.4872, train_RMSE: 23.8829, train_MAPE: 9.9957]
2026-01-25 16:23:12,349 - easytorch-training - INFO - Start validation.
2026-01-25 16:23:33,860 - easytorch-training - INFO - Result <val>: [val_time: 21.51 (s), val_MAE: 14.5916, val_RMSE: 23.3238, val_MAPE: 11.0563]
2026-01-25 16:23:54,048 - easytorch-training - INFO - Evaluate best model on test data for horizon 1, Test MAE: 12.5787, Test RMSE: 19.5776, Test MAPE: 8.2550
2026-01-25 16:23:54,063 - easytorch-training - INFO - Evaluate best model on test data for horizon 2, Test MAE: 13.1779, Test RMSE: 20.7517, Test MAPE: 8.3539
2026-01-25 16:23:54,077 - easytorch-training - INFO - Evaluate best model on test data for horizon 3, Test MAE: 13.4020, Test RMSE: 21.4734, Test MAPE: 8.5342
2026-01-25 16:23:54,098 - easytorch-training - INFO - Evaluate best model on test data for horizon 4, Test MAE: 13.8598, Test RMSE: 22.2600, Test MAPE: 8.8325
2026-01-25 16:23:54,119 - easytorch-training - INFO - Evaluate best model on test data for horizon 5, Test MAE: 14.1735, Test RMSE: 22.8834, Test MAPE: 9.0160
2026-01-25 16:23:54,138 - easytorch-training - INFO - Evaluate best model on test data for horizon 6, Test MAE: 14.3398, Test RMSE: 23.3455, Test MAPE: 9.2840
2026-01-25 16:23:54,151 - easytorch-training - INFO - Evaluate best model on test data for horizon 7, Test MAE: 14.6269, Test RMSE: 23.8448, Test MAPE: 9.4241
2026-01-25 16:23:54,165 - easytorch-training - INFO - Evaluate best model on test data for horizon 8, Test MAE: 14.8260, Test RMSE: 24.2558, Test MAPE: 9.6114
2026-01-25 16:23:54,186 - easytorch-training - INFO - Evaluate best model on test data for horizon 9, Test MAE: 15.0612, Test RMSE: 24.6420, Test MAPE: 9.7852
2026-01-25 16:23:54,206 - easytorch-training - INFO - Evaluate best model on test data for horizon 10, Test MAE: 15.2816, Test RMSE: 25.0036, Test MAPE: 9.9348
2026-01-25 16:23:54,227 - easytorch-training - INFO - Evaluate best model on test data for horizon 11, Test MAE: 15.5227, Test RMSE: 25.3182, Test MAPE: 10.2194
2026-01-25 16:23:54,247 - easytorch-training - INFO - Evaluate best model on test data for horizon 12, Test MAE: 15.7517, Test RMSE: 25.6548, Test MAPE: 10.5189
2026-01-25 16:23:54,271 - easytorch-training - INFO - Result <test>: [test_time: 20.41 (s), test_MAE: 14.3835, test_RMSE: 23.3233, test_MAPE: 9.3141]
2026-01-25 16:23:54,684 - easytorch-training - INFO - Checkpoint checkpoints/STMAFNet_300/020df9ee7447a9cb965bf70236749dd4/STMAFNet_025.pt saved
2026-01-25 16:23:54,685 - easytorch-training - INFO - The estimated training finish time is 2026-01-26 08:33:15
2026-01-25 16:23:54,685 - easytorch-training - INFO - Epoch 26 / 300
2026-01-25 16:26:43,730 - easytorch-training - INFO - Result <train>: [train_time: 169.04 (s), lr: 5.00e-04, train_MAE: 14.4248, train_RMSE: 23.8149, train_MAPE: 9.9069]
2026-01-25 16:26:43,732 - easytorch-training - INFO - Start validation.
2026-01-25 16:27:05,026 - easytorch-training - INFO - Result <val>: [val_time: 21.29 (s), val_MAE: 14.5352, val_RMSE: 23.3502, val_MAPE: 11.3369]
2026-01-25 16:27:05,796 - easytorch-training - INFO - Checkpoint checkpoints/STMAFNet_300/020df9ee7447a9cb965bf70236749dd4/STMAFNet_best_val_MAE.pt saved
2026-01-25 16:27:25,630 - easytorch-training - INFO - Evaluate best model on test data for horizon 1, Test MAE: 12.3838, Test RMSE: 19.5204, Test MAPE: 9.0560
2026-01-25 16:27:25,646 - easytorch-training - INFO - Evaluate best model on test data for horizon 2, Test MAE: 12.9572, Test RMSE: 20.6440, Test MAPE: 9.6558
2026-01-25 16:27:25,664 - easytorch-training - INFO - Evaluate best model on test data for horizon 3, Test MAE: 13.3661, Test RMSE: 21.4598, Test MAPE: 10.0448
2026-01-25 16:27:25,681 - easytorch-training - INFO - Evaluate best model on test data for horizon 4, Test MAE: 13.6953, Test RMSE: 22.1972, Test MAPE: 9.8806
2026-01-25 16:27:25,696 - easytorch-training - INFO - Evaluate best model on test data for horizon 5, Test MAE: 14.0073, Test RMSE: 22.8151, Test MAPE: 10.1020
2026-01-25 16:27:25,710 - easytorch-training - INFO - Evaluate best model on test data for horizon 6, Test MAE: 14.3335, Test RMSE: 23.3939, Test MAPE: 9.9893
2026-01-25 16:27:25,731 - easytorch-training - INFO - Evaluate best model on test data for horizon 7, Test MAE: 14.5907, Test RMSE: 23.8999, Test MAPE: 9.8367
2026-01-25 16:27:25,746 - easytorch-training - INFO - Evaluate best model on test data for horizon 8, Test MAE: 14.9741, Test RMSE: 24.3956, Test MAPE: 10.9982
2026-01-25 16:27:25,761 - easytorch-training - INFO - Evaluate best model on test data for horizon 9, Test MAE: 15.1126, Test RMSE: 24.7319, Test MAPE: 10.8616
2026-01-25 16:27:25,782 - easytorch-training - INFO - Evaluate best model on test data for horizon 10, Test MAE: 15.3349, Test RMSE: 25.0753, Test MAPE: 10.6897
2026-01-25 16:27:25,796 - easytorch-training - INFO - Evaluate best model on test data for horizon 11, Test MAE: 15.5868, Test RMSE: 25.4054, Test MAPE: 10.3917
2026-01-25 16:27:25,807 - easytorch-training - INFO - Evaluate best model on test data for horizon 12, Test MAE: 15.8681, Test RMSE: 25.7890, Test MAPE: 10.4670
2026-01-25 16:27:25,823 - easytorch-training - INFO - Result <test>: [test_time: 20.02 (s), test_MAE: 14.3508, test_RMSE: 23.3551, test_MAPE: 10.1644]
2026-01-25 16:27:26,327 - easytorch-training - INFO - Checkpoint checkpoints/STMAFNet_300/020df9ee7447a9cb965bf70236749dd4/STMAFNet_026.pt saved
2026-01-25 16:27:26,328 - easytorch-training - INFO - The estimated training finish time is 2026-01-26 08:33:17
2026-01-25 16:27:26,328 - easytorch-training - INFO - Epoch 27 / 300
2026-01-25 16:30:15,648 - easytorch-training - INFO - Result <train>: [train_time: 169.32 (s), lr: 5.00e-04, train_MAE: 14.4232, train_RMSE: 23.7974, train_MAPE: 9.9338]
2026-01-25 16:30:15,649 - easytorch-training - INFO - Start validation.
2026-01-25 16:30:36,599 - easytorch-training - INFO - Result <val>: [val_time: 20.95 (s), val_MAE: 14.5729, val_RMSE: 23.3686, val_MAPE: 10.6242]
2026-01-25 16:30:56,898 - easytorch-training - INFO - Evaluate best model on test data for horizon 1, Test MAE: 12.3644, Test RMSE: 19.5036, Test MAPE: 8.1596
2026-01-25 16:30:56,915 - easytorch-training - INFO - Evaluate best model on test data for horizon 2, Test MAE: 12.8577, Test RMSE: 20.5880, Test MAPE: 8.3410
2026-01-25 16:30:56,935 - easytorch-training - INFO - Evaluate best model on test data for horizon 3, Test MAE: 13.3068, Test RMSE: 21.4516, Test MAPE: 8.6951
2026-01-25 16:30:56,950 - easytorch-training - INFO - Evaluate best model on test data for horizon 4, Test MAE: 13.7550, Test RMSE: 22.2086, Test MAPE: 8.8748
2026-01-25 16:30:56,964 - easytorch-training - INFO - Evaluate best model on test data for horizon 5, Test MAE: 14.1039, Test RMSE: 22.9218, Test MAPE: 9.1338
2026-01-25 16:30:56,983 - easytorch-training - INFO - Evaluate best model on test data for horizon 6, Test MAE: 14.4279, Test RMSE: 23.5516, Test MAPE: 9.3409
2026-01-25 16:30:57,004 - easytorch-training - INFO - Evaluate best model on test data for horizon 7, Test MAE: 14.7523, Test RMSE: 24.1403, Test MAPE: 9.5976
2026-01-25 16:30:57,024 - easytorch-training - INFO - Evaluate best model on test data for horizon 8, Test MAE: 15.0693, Test RMSE: 24.6164, Test MAPE: 9.7104
2026-01-25 16:30:57,039 - easytorch-training - INFO - Evaluate best model on test data for horizon 9, Test MAE: 15.2901, Test RMSE: 25.0085, Test MAPE: 9.8626
2026-01-25 16:30:57,060 - easytorch-training - INFO - Evaluate best model on test data for horizon 10, Test MAE: 15.4800, Test RMSE: 25.3327, Test MAPE: 10.0328
2026-01-25 16:30:57,076 - easytorch-training - INFO - Evaluate best model on test data for horizon 11, Test MAE: 15.5928, Test RMSE: 25.5529, Test MAPE: 10.5650
2026-01-25 16:30:57,091 - easytorch-training - INFO - Evaluate best model on test data for horizon 12, Test MAE: 15.9580, Test RMSE: 26.0325, Test MAPE: 10.6959
2026-01-25 16:30:57,109 - easytorch-training - INFO - Result <test>: [test_time: 20.51 (s), test_MAE: 14.4132, test_RMSE: 23.4951, test_MAPE: 9.4175]
2026-01-25 16:30:57,519 - easytorch-training - INFO - Checkpoint checkpoints/STMAFNet_300/020df9ee7447a9cb965bf70236749dd4/STMAFNet_027.pt saved
2026-01-25 16:30:57,520 - easytorch-training - INFO - The estimated training finish time is 2026-01-26 08:33:14
2026-01-25 16:30:57,520 - easytorch-training - INFO - Epoch 28 / 300
2026-01-25 16:33:46,255 - easytorch-training - INFO - Result <train>: [train_time: 168.73 (s), lr: 5.00e-04, train_MAE: 14.3505, train_RMSE: 23.6861, train_MAPE: 9.8675]
2026-01-25 16:33:46,256 - easytorch-training - INFO - Start validation.
2026-01-25 16:34:06,884 - easytorch-training - INFO - Result <val>: [val_time: 20.63 (s), val_MAE: 14.3890, val_RMSE: 23.1854, val_MAPE: 10.7623]
2026-01-25 16:34:07,614 - easytorch-training - INFO - Checkpoint checkpoints/STMAFNet_300/020df9ee7447a9cb965bf70236749dd4/STMAFNet_best_val_MAE.pt saved
2026-01-25 16:34:28,104 - easytorch-training - INFO - Evaluate best model on test data for horizon 1, Test MAE: 12.3901, Test RMSE: 19.4575, Test MAPE: 8.5540
2026-01-25 16:34:28,121 - easytorch-training - INFO - Evaluate best model on test data for horizon 2, Test MAE: 12.9157, Test RMSE: 20.5578, Test MAPE: 8.8495
2026-01-25 16:34:28,140 - easytorch-training - INFO - Evaluate best model on test data for horizon 3, Test MAE: 13.2803, Test RMSE: 21.3212, Test MAPE: 8.9441
2026-01-25 16:34:28,160 - easytorch-training - INFO - Evaluate best model on test data for horizon 4, Test MAE: 13.5857, Test RMSE: 22.0109, Test MAPE: 9.1963
2026-01-25 16:34:28,181 - easytorch-training - INFO - Evaluate best model on test data for horizon 5, Test MAE: 13.8407, Test RMSE: 22.6080, Test MAPE: 9.0564
2026-01-25 16:34:28,196 - easytorch-training - INFO - Evaluate best model on test data for horizon 6, Test MAE: 14.1208, Test RMSE: 23.1123, Test MAPE: 9.3088
2026-01-25 16:34:28,217 - easytorch-training - INFO - Evaluate best model on test data for horizon 7, Test MAE: 14.4165, Test RMSE: 23.6128, Test MAPE: 9.3939
2026-01-25 16:34:28,232 - easytorch-training - INFO - Evaluate best model on test data for horizon 8, Test MAE: 14.6592, Test RMSE: 24.0344, Test MAPE: 9.5555
2026-01-25 16:34:28,240 - easytorch-training - INFO - Evaluate best model on test data for horizon 9, Test MAE: 14.8507, Test RMSE: 24.3649, Test MAPE: 9.7411
2026-01-25 16:34:28,254 - easytorch-training - INFO - Evaluate best model on test data for horizon 10, Test MAE: 15.0679, Test RMSE: 24.6657, Test MAPE: 9.9010
2026-01-25 16:34:28,275 - easytorch-training - INFO - Evaluate best model on test data for horizon 11, Test MAE: 15.2989, Test RMSE: 25.0059, Test MAPE: 10.0299
2026-01-25 16:34:28,295 - easytorch-training - INFO - Evaluate best model on test data for horizon 12, Test MAE: 15.5524, Test RMSE: 25.3828, Test MAPE: 10.2015
2026-01-25 16:34:28,313 - easytorch-training - INFO - Result <test>: [test_time: 20.70 (s), test_MAE: 14.1649, test_RMSE: 23.0804, test_MAPE: 9.3943]
2026-01-25 16:34:28,731 - easytorch-training - INFO - Checkpoint checkpoints/STMAFNet_300/020df9ee7447a9cb965bf70236749dd4/STMAFNet_028.pt saved
2026-01-25 16:34:28,732 - easytorch-training - INFO - The estimated training finish time is 2026-01-26 08:33:11
2026-01-25 16:34:28,732 - easytorch-training - INFO - Epoch 29 / 300
2026-01-25 16:37:16,926 - easytorch-training - INFO - Result <train>: [train_time: 168.19 (s), lr: 5.00e-04, train_MAE: 14.3251, train_RMSE: 23.6472, train_MAPE: 9.8271]
2026-01-25 16:37:16,927 - easytorch-training - INFO - Start validation.
2026-01-25 16:37:39,141 - easytorch-training - INFO - Result <val>: [val_time: 22.21 (s), val_MAE: 14.4600, val_RMSE: 23.2454, val_MAPE: 11.8647]
2026-01-25 16:38:00,045 - easytorch-training - INFO - Evaluate best model on test data for horizon 1, Test MAE: 12.4587, Test RMSE: 19.4758, Test MAPE: 10.0715
2026-01-25 16:38:00,060 - easytorch-training - INFO - Evaluate best model on test data for horizon 2, Test MAE: 12.8670, Test RMSE: 20.5693, Test MAPE: 9.6066
2026-01-25 16:38:00,075 - easytorch-training - INFO - Evaluate best model on test data for horizon 3, Test MAE: 13.3192, Test RMSE: 21.3628, Test MAPE: 10.1863
2026-01-25 16:38:00,096 - easytorch-training - INFO - Evaluate best model on test data for horizon 4, Test MAE: 13.7551, Test RMSE: 22.0986, Test MAPE: 10.5549
2026-01-25 16:38:00,116 - easytorch-training - INFO - Evaluate best model on test data for horizon 5, Test MAE: 13.9696, Test RMSE: 22.7141, Test MAPE: 9.7509
2026-01-25 16:38:00,137 - easytorch-training - INFO - Evaluate best model on test data for horizon 6, Test MAE: 14.2354, Test RMSE: 23.2427, Test MAPE: 9.8470
2026-01-25 16:38:00,158 - easytorch-training - INFO - Evaluate best model on test data for horizon 7, Test MAE: 14.4595, Test RMSE: 23.7530, Test MAPE: 9.6878
2026-01-25 16:38:00,178 - easytorch-training - INFO - Evaluate best model on test data for horizon 8, Test MAE: 14.7961, Test RMSE: 24.3201, Test MAPE: 9.5883
2026-01-25 16:38:00,199 - easytorch-training - INFO - Evaluate best model on test data for horizon 9, Test MAE: 14.9907, Test RMSE: 24.6264, Test MAPE: 10.3935
2026-01-25 16:38:00,218 - easytorch-training - INFO - Evaluate best model on test data for horizon 10, Test MAE: 15.1945, Test RMSE: 24.9562, Test MAPE: 10.3907
2026-01-25 16:38:00,234 - easytorch-training - INFO - Evaluate best model on test data for horizon 11, Test MAE: 15.4265, Test RMSE: 25.3204, Test MAPE: 10.1715
2026-01-25 16:38:00,249 - easytorch-training - INFO - Evaluate best model on test data for horizon 12, Test MAE: 15.7010, Test RMSE: 25.7136, Test MAPE: 10.6114
2026-01-25 16:38:00,268 - easytorch-training - INFO - Result <test>: [test_time: 21.12 (s), test_MAE: 14.2644, test_RMSE: 23.2568, test_MAPE: 10.0717]
2026-01-25 16:38:00,684 - easytorch-training - INFO - Checkpoint checkpoints/STMAFNet_300/020df9ee7447a9cb965bf70236749dd4/STMAFNet_029.pt saved
2026-01-25 16:38:00,685 - easytorch-training - INFO - The estimated training finish time is 2026-01-26 08:33:16
2026-01-25 16:38:00,685 - easytorch-training - INFO - Epoch 30 / 300
2026-01-25 16:40:48,944 - easytorch-training - INFO - Result <train>: [train_time: 168.26 (s), lr: 5.00e-04, train_MAE: 14.2788, train_RMSE: 23.6066, train_MAPE: 9.7229]
2026-01-25 16:40:48,945 - easytorch-training - INFO - Start validation.
2026-01-25 16:41:11,102 - easytorch-training - INFO - Result <val>: [val_time: 22.16 (s), val_MAE: 14.5918, val_RMSE: 23.2933, val_MAPE: 11.5279]
2026-01-25 16:41:32,043 - easytorch-training - INFO - Evaluate best model on test data for horizon 1, Test MAE: 12.5694, Test RMSE: 19.6107, Test MAPE: 8.6315
2026-01-25 16:41:32,052 - easytorch-training - INFO - Evaluate best model on test data for horizon 2, Test MAE: 13.0609, Test RMSE: 20.6447, Test MAPE: 9.2481
2026-01-25 16:41:32,063 - easytorch-training - INFO - Evaluate best model on test data for horizon 3, Test MAE: 13.4908, Test RMSE: 21.5220, Test MAPE: 9.3537
2026-01-25 16:41:32,077 - easytorch-training - INFO - Evaluate best model on test data for horizon 4, Test MAE: 13.7976, Test RMSE: 22.1419, Test MAPE: 9.8301
2026-01-25 16:41:32,098 - easytorch-training - INFO - Evaluate best model on test data for horizon 5, Test MAE: 14.0349, Test RMSE: 22.7958, Test MAPE: 9.3198
2026-01-25 16:41:32,119 - easytorch-training - INFO - Evaluate best model on test data for horizon 6, Test MAE: 14.3620, Test RMSE: 23.3621, Test MAPE: 10.0881
2026-01-25 16:41:32,139 - easytorch-training - INFO - Evaluate best model on test data for horizon 7, Test MAE: 14.6002, Test RMSE: 23.9165, Test MAPE: 9.8445
2026-01-25 16:41:32,160 - easytorch-training - INFO - Evaluate best model on test data for horizon 8, Test MAE: 14.9474, Test RMSE: 24.4136, Test MAPE: 10.7730
2026-01-25 16:41:32,175 - easytorch-training - INFO - Evaluate best model on test data for horizon 9, Test MAE: 15.1130, Test RMSE: 24.7797, Test MAPE: 10.2138
2026-01-25 16:41:32,189 - easytorch-training - INFO - Evaluate best model on test data for horizon 10, Test MAE: 15.3670, Test RMSE: 25.1326, Test MAPE: 11.0949
2026-01-25 16:41:32,210 - easytorch-training - INFO - Evaluate best model on test data for horizon 11, Test MAE: 15.5438, Test RMSE: 25.4253, Test MAPE: 10.5302
2026-01-25 16:41:32,230 - easytorch-training - INFO - Evaluate best model on test data for horizon 12, Test MAE: 15.9557, Test RMSE: 25.8584, Test MAPE: 11.9856
2026-01-25 16:41:32,254 - easytorch-training - INFO - Result <test>: [test_time: 21.15 (s), test_MAE: 14.4036, test_RMSE: 23.3782, test_MAPE: 10.0761]
2026-01-25 16:41:32,665 - easytorch-training - INFO - Checkpoint checkpoints/STMAFNet_300/020df9ee7447a9cb965bf70236749dd4/STMAFNet_030.pt saved
2026-01-25 16:41:32,700 - easytorch-training - INFO - The estimated training finish time is 2026-01-26 08:33:21
2026-01-25 16:41:32,700 - easytorch-training - INFO - Epoch 31 / 300
2026-01-25 16:44:20,144 - easytorch-training - INFO - Result <train>: [train_time: 167.44 (s), lr: 5.00e-04, train_MAE: 14.2205, train_RMSE: 23.5251, train_MAPE: 9.6967]
2026-01-25 16:44:20,145 - easytorch-training - INFO - Start validation.
2026-01-25 16:44:42,382 - easytorch-training - INFO - Result <val>: [val_time: 22.24 (s), val_MAE: 14.4397, val_RMSE: 23.2573, val_MAPE: 10.7623]
2026-01-25 16:45:02,616 - easytorch-training - INFO - Evaluate best model on test data for horizon 1, Test MAE: 12.3296, Test RMSE: 19.4451, Test MAPE: 8.2034
2026-01-25 16:45:02,635 - easytorch-training - INFO - Evaluate best model on test data for horizon 2, Test MAE: 12.8529, Test RMSE: 20.5422, Test MAPE: 8.6638
2026-01-25 16:45:02,649 - easytorch-training - INFO - Evaluate best model on test data for horizon 3, Test MAE: 13.3344, Test RMSE: 21.4254, Test MAPE: 9.0257
2026-01-25 16:45:02,658 - easytorch-training - INFO - Evaluate best model on test data for horizon 4, Test MAE: 13.6315, Test RMSE: 22.1388, Test MAPE: 8.9256
2026-01-25 16:45:02,668 - easytorch-training - INFO - Evaluate best model on test data for horizon 5, Test MAE: 13.9534, Test RMSE: 22.7948, Test MAPE: 9.1694
2026-01-25 16:45:02,680 - easytorch-training - INFO - Evaluate best model on test data for horizon 6, Test MAE: 14.2116, Test RMSE: 23.3747, Test MAPE: 9.2766
2026-01-25 16:45:02,697 - easytorch-training - INFO - Evaluate best model on test data for horizon 7, Test MAE: 14.5305, Test RMSE: 23.8749, Test MAPE: 9.4813
2026-01-25 16:45:02,717 - easytorch-training - INFO - Evaluate best model on test data for horizon 8, Test MAE: 14.8446, Test RMSE: 24.4172, Test MAPE: 9.6448
2026-01-25 16:45:02,738 - easytorch-training - INFO - Evaluate best model on test data for horizon 9, Test MAE: 15.0209, Test RMSE: 24.7481, Test MAPE: 9.7318
2026-01-25 16:45:02,758 - easytorch-training - INFO - Evaluate best model on test data for horizon 10, Test MAE: 15.2725, Test RMSE: 25.0955, Test MAPE: 10.0180
2026-01-25 16:45:02,779 - easytorch-training - INFO - Evaluate best model on test data for horizon 11, Test MAE: 15.4320, Test RMSE: 25.3917, Test MAPE: 10.1205
2026-01-25 16:45:02,798 - easytorch-training - INFO - Evaluate best model on test data for horizon 12, Test MAE: 15.6595, Test RMSE: 25.7277, Test MAPE: 10.2452
2026-01-25 16:45:02,815 - easytorch-training - INFO - Result <test>: [test_time: 20.43 (s), test_MAE: 14.2561, test_RMSE: 23.3280, test_MAPE: 9.3755]
2026-01-25 16:45:03,229 - easytorch-training - INFO - Checkpoint checkpoints/STMAFNet_300/020df9ee7447a9cb965bf70236749dd4/STMAFNet_031.pt saved
2026-01-25 16:45:03,230 - easytorch-training - INFO - The estimated training finish time is 2026-01-26 08:33:11
2026-01-25 16:45:03,230 - easytorch-training - INFO - Epoch 32 / 300
2026-01-25 16:47:51,006 - easytorch-training - INFO - Result <train>: [train_time: 167.78 (s), lr: 5.00e-04, train_MAE: 14.1714, train_RMSE: 23.4605, train_MAPE: 9.7123]
2026-01-25 16:47:51,008 - easytorch-training - INFO - Start validation.
2026-01-25 16:48:12,450 - easytorch-training - INFO - Result <val>: [val_time: 21.44 (s), val_MAE: 14.4367, val_RMSE: 23.3697, val_MAPE: 10.8087]
2026-01-25 16:48:32,847 - easytorch-training - INFO - Evaluate best model on test data for horizon 1, Test MAE: 12.2557, Test RMSE: 19.3936, Test MAPE: 8.1666
2026-01-25 16:48:32,861 - easytorch-training - INFO - Evaluate best model on test data for horizon 2, Test MAE: 12.8411, Test RMSE: 20.5178, Test MAPE: 8.6208
2026-01-25 16:48:32,882 - easytorch-training - INFO - Evaluate best model on test data for horizon 3, Test MAE: 13.2468, Test RMSE: 21.3950, Test MAPE: 8.8118
2026-01-25 16:48:32,901 - easytorch-training - INFO - Evaluate best model on test data for horizon 4, Test MAE: 13.6363, Test RMSE: 22.1926, Test MAPE: 8.9285
2026-01-25 16:48:32,916 - easytorch-training - INFO - Evaluate best model on test data for horizon 5, Test MAE: 13.9903, Test RMSE: 22.9065, Test MAPE: 9.1444
2026-01-25 16:48:32,932 - easytorch-training - INFO - Evaluate best model on test data for horizon 6, Test MAE: 14.2736, Test RMSE: 23.4492, Test MAPE: 9.4217
2026-01-25 16:48:32,949 - easytorch-training - INFO - Evaluate best model on test data for horizon 7, Test MAE: 14.5795, Test RMSE: 24.0331, Test MAPE: 9.5485
2026-01-25 16:48:32,960 - easytorch-training - INFO - Evaluate best model on test data for horizon 8, Test MAE: 14.8713, Test RMSE: 24.5761, Test MAPE: 9.7531
2026-01-25 16:48:32,972 - easytorch-training - INFO - Evaluate best model on test data for horizon 9, Test MAE: 15.1223, Test RMSE: 25.0201, Test MAPE: 9.9469
2026-01-25 16:48:32,989 - easytorch-training - INFO - Evaluate best model on test data for horizon 10, Test MAE: 15.2526, Test RMSE: 25.3279, Test MAPE: 10.0332
2026-01-25 16:48:33,009 - easytorch-training - INFO - Evaluate best model on test data for horizon 11, Test MAE: 15.5764, Test RMSE: 25.7465, Test MAPE: 10.2919
2026-01-25 16:48:33,030 - easytorch-training - INFO - Evaluate best model on test data for horizon 12, Test MAE: 15.8082, Test RMSE: 26.1811, Test MAPE: 10.4750
2026-01-25 16:48:33,054 - easytorch-training - INFO - Result <test>: [test_time: 20.60 (s), test_MAE: 14.2878, test_RMSE: 23.4864, test_MAPE: 9.4285]
2026-01-25 16:48:33,466 - easytorch-training - INFO - Checkpoint checkpoints/STMAFNet_300/020df9ee7447a9cb965bf70236749dd4/STMAFNet_032.pt saved
2026-01-25 16:48:33,467 - easytorch-training - INFO - The estimated training finish time is 2026-01-26 08:33:00
2026-01-25 16:48:33,467 - easytorch-training - INFO - Epoch 33 / 300
2026-01-25 16:51:21,898 - easytorch-training - INFO - Result <train>: [train_time: 168.43 (s), lr: 5.00e-04, train_MAE: 14.1448, train_RMSE: 23.4346, train_MAPE: 9.6778]
2026-01-25 16:51:21,900 - easytorch-training - INFO - Start validation.
2026-01-25 16:51:43,303 - easytorch-training - INFO - Result <val>: [val_time: 21.40 (s), val_MAE: 14.4311, val_RMSE: 23.3576, val_MAPE: 10.9851]
2026-01-25 16:52:03,700 - easytorch-training - INFO - Evaluate best model on test data for horizon 1, Test MAE: 12.2780, Test RMSE: 19.4419, Test MAPE: 8.4183
2026-01-25 16:52:03,720 - easytorch-training - INFO - Evaluate best model on test data for horizon 2, Test MAE: 12.7773, Test RMSE: 20.5048, Test MAPE: 8.8409
2026-01-25 16:52:03,736 - easytorch-training - INFO - Evaluate best model on test data for horizon 3, Test MAE: 13.2121, Test RMSE: 21.3701, Test MAPE: 8.8986
2026-01-25 16:52:03,757 - easytorch-training - INFO - Evaluate best model on test data for horizon 4, Test MAE: 13.6428, Test RMSE: 22.1733, Test MAPE: 9.3611
2026-01-25 16:52:03,777 - easytorch-training - INFO - Evaluate best model on test data for horizon 5, Test MAE: 13.9296, Test RMSE: 22.8442, Test MAPE: 9.1755
2026-01-25 16:52:03,791 - easytorch-training - INFO - Evaluate best model on test data for horizon 6, Test MAE: 14.2295, Test RMSE: 23.4551, Test MAPE: 9.3317
2026-01-25 16:52:03,808 - easytorch-training - INFO - Evaluate best model on test data for horizon 7, Test MAE: 14.5208, Test RMSE: 23.9831, Test MAPE: 9.5284
2026-01-25 16:52:03,828 - easytorch-training - INFO - Evaluate best model on test data for horizon 8, Test MAE: 14.7695, Test RMSE: 24.5164, Test MAPE: 9.8177
2026-01-25 16:52:03,848 - easytorch-training - INFO - Evaluate best model on test data for horizon 9, Test MAE: 14.9972, Test RMSE: 24.9479, Test MAPE: 10.0773
2026-01-25 16:52:03,862 - easytorch-training - INFO - Evaluate best model on test data for horizon 10, Test MAE: 15.2564, Test RMSE: 25.3309, Test MAPE: 9.9121
2026-01-25 16:52:03,875 - easytorch-training - INFO - Evaluate best model on test data for horizon 11, Test MAE: 15.4152, Test RMSE: 25.5398, Test MAPE: 10.0801
2026-01-25 16:52:03,894 - easytorch-training - INFO - Evaluate best model on test data for horizon 12, Test MAE: 15.7044, Test RMSE: 25.8777, Test MAPE: 10.6933
2026-01-25 16:52:03,917 - easytorch-training - INFO - Result <test>: [test_time: 20.61 (s), test_MAE: 14.2277, test_RMSE: 23.4183, test_MAPE: 9.5112]
2026-01-25 16:52:04,353 - easytorch-training - INFO - Checkpoint checkpoints/STMAFNet_300/020df9ee7447a9cb965bf70236749dd4/STMAFNet_033.pt saved
2026-01-25 16:52:04,354 - easytorch-training - INFO - The estimated training finish time is 2026-01-26 08:32:55
2026-01-25 16:52:04,354 - easytorch-training - INFO - Epoch 34 / 300
2026-01-25 16:54:52,661 - easytorch-training - INFO - Result <train>: [train_time: 168.31 (s), lr: 5.00e-04, train_MAE: 14.1318, train_RMSE: 23.3947, train_MAPE: 9.6663]
2026-01-25 16:54:52,663 - easytorch-training - INFO - Start validation.
2026-01-25 16:55:14,547 - easytorch-training - INFO - Result <val>: [val_time: 21.88 (s), val_MAE: 14.6942, val_RMSE: 23.4108, val_MAPE: 13.4149]
2026-01-25 16:55:35,491 - easytorch-training - INFO - Evaluate best model on test data for horizon 1, Test MAE: 12.5151, Test RMSE: 19.5519, Test MAPE: 10.2206
2026-01-25 16:55:35,507 - easytorch-training - INFO - Evaluate best model on test data for horizon 2, Test MAE: 12.9486, Test RMSE: 20.6094, Test MAPE: 9.6239
2026-01-25 16:55:35,521 - easytorch-training - INFO - Evaluate best model on test data for horizon 3, Test MAE: 13.4622, Test RMSE: 21.4376, Test MAPE: 10.7493
2026-01-25 16:55:35,542 - easytorch-training - INFO - Evaluate best model on test data for horizon 4, Test MAE: 13.7491, Test RMSE: 22.1095, Test MAPE: 11.0898
2026-01-25 16:55:35,563 - easytorch-training - INFO - Evaluate best model on test data for horizon 5, Test MAE: 14.1345, Test RMSE: 22.7412, Test MAPE: 11.2531
2026-01-25 16:55:35,583 - easytorch-training - INFO - Evaluate best model on test data for horizon 6, Test MAE: 14.4454, Test RMSE: 23.3282, Test MAPE: 11.6514
2026-01-25 16:55:35,598 - easytorch-training - INFO - Evaluate best model on test data for horizon 7, Test MAE: 14.7684, Test RMSE: 23.8098, Test MAPE: 12.6470
2026-01-25 16:55:35,612 - easytorch-training - INFO - Evaluate best model on test data for horizon 8, Test MAE: 15.0846, Test RMSE: 24.3380, Test MAPE: 12.7856
2026-01-25 16:55:35,633 - easytorch-training - INFO - Evaluate best model on test data for horizon 9, Test MAE: 15.2843, Test RMSE: 24.6618, Test MAPE: 12.7629
2026-01-25 16:55:35,653 - easytorch-training - INFO - Evaluate best model on test data for horizon 10, Test MAE: 15.4751, Test RMSE: 25.0771, Test MAPE: 12.3856
2026-01-25 16:55:35,674 - easytorch-training - INFO - Evaluate best model on test data for horizon 11, Test MAE: 15.7451, Test RMSE: 25.4518, Test MAPE: 12.7241
2026-01-25 16:55:35,689 - easytorch-training - INFO - Evaluate best model on test data for horizon 12, Test MAE: 15.9243, Test RMSE: 25.7987, Test MAPE: 12.6521
2026-01-25 16:55:35,708 - easytorch-training - INFO - Result <test>: [test_time: 21.16 (s), test_MAE: 14.4614, test_RMSE: 23.3211, test_MAPE: 11.7121]
2026-01-25 16:55:36,119 - easytorch-training - INFO - Checkpoint checkpoints/STMAFNet_300/020df9ee7447a9cb965bf70236749dd4/STMAFNet_034.pt saved
2026-01-25 16:55:36,120 - easytorch-training - INFO - The estimated training finish time is 2026-01-26 08:32:58
2026-01-25 16:55:36,120 - easytorch-training - INFO - Epoch 35 / 300
2026-01-25 16:58:24,272 - easytorch-training - INFO - Result <train>: [train_time: 168.15 (s), lr: 5.00e-04, train_MAE: 14.0890, train_RMSE: 23.3192, train_MAPE: 9.7105]
2026-01-25 16:58:24,274 - easytorch-training - INFO - Start validation.
2026-01-25 16:58:46,289 - easytorch-training - INFO - Result <val>: [val_time: 22.02 (s), val_MAE: 14.4980, val_RMSE: 23.3579, val_MAPE: 11.7914]
2026-01-25 16:59:06,300 - easytorch-training - INFO - Evaluate best model on test data for horizon 1, Test MAE: 12.4061, Test RMSE: 19.4837, Test MAPE: 8.5150
2026-01-25 16:59:06,321 - easytorch-training - INFO - Evaluate best model on test data for horizon 2, Test MAE: 12.9080, Test RMSE: 20.5827, Test MAPE: 8.5274
2026-01-25 16:59:06,342 - easytorch-training - INFO - Evaluate best model on test data for horizon 3, Test MAE: 13.3909, Test RMSE: 21.4826, Test MAPE: 9.0762
2026-01-25 16:59:06,358 - easytorch-training - INFO - Evaluate best model on test data for horizon 4, Test MAE: 13.7096, Test RMSE: 22.2562, Test MAPE: 9.0654
2026-01-25 16:59:06,373 - easytorch-training - INFO - Evaluate best model on test data for horizon 5, Test MAE: 14.0360, Test RMSE: 22.9387, Test MAPE: 9.9330
2026-01-25 16:59:06,393 - easytorch-training - INFO - Evaluate best model on test data for horizon 6, Test MAE: 14.3291, Test RMSE: 23.5623, Test MAPE: 9.9381
2026-01-25 16:59:06,414 - easytorch-training - INFO - Evaluate best model on test data for horizon 7, Test MAE: 14.5182, Test RMSE: 24.0919, Test MAPE: 9.5673
2026-01-25 16:59:06,434 - easytorch-training - INFO - Evaluate best model on test data for horizon 8, Test MAE: 14.8366, Test RMSE: 24.4894, Test MAPE: 10.1568
2026-01-25 16:59:06,450 - easytorch-training - INFO - Evaluate best model on test data for horizon 9, Test MAE: 15.0158, Test RMSE: 24.8650, Test MAPE: 10.9796
2026-01-25 16:59:06,465 - easytorch-training - INFO - Evaluate best model on test data for horizon 10, Test MAE: 15.1689, Test RMSE: 25.1816, Test MAPE: 10.6022
2026-01-25 16:59:06,480 - easytorch-training - INFO - Evaluate best model on test data for horizon 11, Test MAE: 15.3507, Test RMSE: 25.4653, Test MAPE: 10.7982
2026-01-25 16:59:06,496 - easytorch-training - INFO - Evaluate best model on test data for horizon 12, Test MAE: 15.6468, Test RMSE: 25.7694, Test MAPE: 10.9248
2026-01-25 16:59:06,520 - easytorch-training - INFO - Result <test>: [test_time: 20.23 (s), test_MAE: 14.2764, test_RMSE: 23.4281, test_MAPE: 9.8403]
2026-01-25 16:59:06,936 - easytorch-training - INFO - Checkpoint checkpoints/STMAFNet_300/020df9ee7447a9cb965bf70236749dd4/STMAFNet_035.pt saved
2026-01-25 16:59:06,937 - easytorch-training - INFO - The estimated training finish time is 2026-01-26 08:32:52
2026-01-25 16:59:06,937 - easytorch-training - INFO - Epoch 36 / 300
2026-01-25 17:01:54,880 - easytorch-training - INFO - Result <train>: [train_time: 167.94 (s), lr: 5.00e-04, train_MAE: 14.0567, train_RMSE: 23.2884, train_MAPE: 9.6287]
2026-01-25 17:01:54,881 - easytorch-training - INFO - Start validation.
2026-01-25 17:02:16,652 - easytorch-training - INFO - Result <val>: [val_time: 21.77 (s), val_MAE: 14.3133, val_RMSE: 23.2309, val_MAPE: 11.0721]
2026-01-25 17:02:17,390 - easytorch-training - INFO - Checkpoint checkpoints/STMAFNet_300/020df9ee7447a9cb965bf70236749dd4/STMAFNet_best_val_MAE.pt saved
2026-01-25 17:02:38,307 - easytorch-training - INFO - Evaluate best model on test data for horizon 1, Test MAE: 12.2302, Test RMSE: 19.3863, Test MAPE: 8.5847
2026-01-25 17:02:38,327 - easytorch-training - INFO - Evaluate best model on test data for horizon 2, Test MAE: 12.7153, Test RMSE: 20.4602, Test MAPE: 8.4732
2026-01-25 17:02:38,345 - easytorch-training - INFO - Evaluate best model on test data for horizon 3, Test MAE: 13.1574, Test RMSE: 21.3246, Test MAPE: 8.5552
2026-01-25 17:02:38,360 - easytorch-training - INFO - Evaluate best model on test data for horizon 4, Test MAE: 13.5798, Test RMSE: 22.0689, Test MAPE: 8.8824
2026-01-25 17:02:38,378 - easytorch-training - INFO - Evaluate best model on test data for horizon 5, Test MAE: 13.8425, Test RMSE: 22.6484, Test MAPE: 8.9774
2026-01-25 17:02:38,399 - easytorch-training - INFO - Evaluate best model on test data for horizon 6, Test MAE: 14.1069, Test RMSE: 23.2554, Test MAPE: 9.2308
2026-01-25 17:02:38,416 - easytorch-training - INFO - Evaluate best model on test data for horizon 7, Test MAE: 14.3795, Test RMSE: 23.7998, Test MAPE: 9.5279
2026-01-25 17:02:38,429 - easytorch-training - INFO - Evaluate best model on test data for horizon 8, Test MAE: 14.6430, Test RMSE: 24.2817, Test MAPE: 9.6045
2026-01-25 17:02:38,441 - easytorch-training - INFO - Evaluate best model on test data for horizon 9, Test MAE: 14.9334, Test RMSE: 24.7908, Test MAPE: 9.8697
2026-01-25 17:02:38,462 - easytorch-training - INFO - Evaluate best model on test data for horizon 10, Test MAE: 15.1229, Test RMSE: 25.0879, Test MAPE: 10.0609
2026-01-25 17:02:38,483 - easytorch-training - INFO - Evaluate best model on test data for horizon 11, Test MAE: 15.4408, Test RMSE: 25.5818, Test MAPE: 10.0715
2026-01-25 17:02:38,503 - easytorch-training - INFO - Evaluate best model on test data for horizon 12, Test MAE: 15.6317, Test RMSE: 25.8951, Test MAPE: 10.6065
2026-01-25 17:02:38,527 - easytorch-training - INFO - Result <test>: [test_time: 21.13 (s), test_MAE: 14.1486, test_RMSE: 23.3005, test_MAPE: 9.3704]
2026-01-25 17:02:39,030 - easytorch-training - INFO - Checkpoint checkpoints/STMAFNet_300/020df9ee7447a9cb965bf70236749dd4/STMAFNet_036.pt saved
2026-01-25 17:02:39,031 - easytorch-training - INFO - The estimated training finish time is 2026-01-26 08:32:58
2026-01-25 17:02:39,031 - easytorch-training - INFO - Epoch 37 / 300
2026-01-25 17:05:27,406 - easytorch-training - INFO - Result <train>: [train_time: 168.37 (s), lr: 2.50e-04, train_MAE: 13.8353, train_RMSE: 23.0429, train_MAPE: 9.3325]
2026-01-25 17:05:27,407 - easytorch-training - INFO - Start validation.
2026-01-25 17:05:49,621 - easytorch-training - INFO - Result <val>: [val_time: 22.21 (s), val_MAE: 14.1035, val_RMSE: 22.9416, val_MAPE: 10.8269]
2026-01-25 17:05:50,318 - easytorch-training - INFO - Checkpoint checkpoints/STMAFNet_300/020df9ee7447a9cb965bf70236749dd4/STMAFNet_best_val_MAE.pt saved
2026-01-25 17:06:10,998 - easytorch-training - INFO - Evaluate best model on test data for horizon 1, Test MAE: 12.1362, Test RMSE: 19.2963, Test MAPE: 8.1024
2026-01-25 17:06:11,019 - easytorch-training - INFO - Evaluate best model on test data for horizon 2, Test MAE: 12.6540, Test RMSE: 20.3591, Test MAPE: 8.4005
2026-01-25 17:06:11,040 - easytorch-training - INFO - Evaluate best model on test data for horizon 3, Test MAE: 13.0818, Test RMSE: 21.2237, Test MAPE: 8.9543
2026-01-25 17:06:11,054 - easytorch-training - INFO - Evaluate best model on test data for horizon 4, Test MAE: 13.4754, Test RMSE: 21.9378, Test MAPE: 9.2639
2026-01-25 17:06:11,069 - easytorch-training - INFO - Evaluate best model on test data for horizon 5, Test MAE: 13.7619, Test RMSE: 22.5730, Test MAPE: 9.3072
2026-01-25 17:06:11,087 - easytorch-training - INFO - Evaluate best model on test data for horizon 6, Test MAE: 13.9479, Test RMSE: 23.1368, Test MAPE: 9.0782
2026-01-25 17:06:11,108 - easytorch-training - INFO - Evaluate best model on test data for horizon 7, Test MAE: 14.2515, Test RMSE: 23.6907, Test MAPE: 9.5048
2026-01-25 17:06:11,125 - easytorch-training - INFO - Evaluate best model on test data for horizon 8, Test MAE: 14.4739, Test RMSE: 24.1589, Test MAPE: 9.6680
2026-01-25 17:06:11,138 - easytorch-training - INFO - Evaluate best model on test data for horizon 9, Test MAE: 14.7304, Test RMSE: 24.4976, Test MAPE: 10.3493
2026-01-25 17:06:11,159 - easytorch-training - INFO - Evaluate best model on test data for horizon 10, Test MAE: 14.8948, Test RMSE: 24.8783, Test MAPE: 9.9613
2026-01-25 17:06:11,179 - easytorch-training - INFO - Evaluate best model on test data for horizon 11, Test MAE: 15.0613, Test RMSE: 25.1187, Test MAPE: 9.8989
2026-01-25 17:06:11,196 - easytorch-training - INFO - Evaluate best model on test data for horizon 12, Test MAE: 15.2945, Test RMSE: 25.4373, Test MAPE: 10.1354
2026-01-25 17:06:11,214 - easytorch-training - INFO - Result <test>: [test_time: 20.89 (s), test_MAE: 13.9803, test_RMSE: 23.1037, test_MAPE: 9.3853]
2026-01-25 17:06:11,628 - easytorch-training - INFO - Checkpoint checkpoints/STMAFNet_300/020df9ee7447a9cb965bf70236749dd4/STMAFNet_037.pt saved
2026-01-25 17:06:11,629 - easytorch-training - INFO - The estimated training finish time is 2026-01-26 08:33:07
2026-01-25 17:06:11,629 - easytorch-training - INFO - Epoch 38 / 300
2026-01-25 17:09:00,119 - easytorch-training - INFO - Result <train>: [train_time: 168.49 (s), lr: 2.50e-04, train_MAE: 13.7734, train_RMSE: 22.9667, train_MAPE: 9.2667]
2026-01-25 17:09:00,121 - easytorch-training - INFO - Start validation.
2026-01-25 17:09:22,427 - easytorch-training - INFO - Result <val>: [val_time: 22.31 (s), val_MAE: 14.1186, val_RMSE: 23.0205, val_MAPE: 11.6840]
2026-01-25 17:09:42,219 - easytorch-training - INFO - Evaluate best model on test data for horizon 1, Test MAE: 12.1186, Test RMSE: 19.2476, Test MAPE: 8.4817
2026-01-25 17:09:42,240 - easytorch-training - INFO - Evaluate best model on test data for horizon 2, Test MAE: 12.6031, Test RMSE: 20.3274, Test MAPE: 8.7978
2026-01-25 17:09:42,260 - easytorch-training - INFO - Evaluate best model on test data for horizon 3, Test MAE: 13.0195, Test RMSE: 21.1882, Test MAPE: 9.1442
2026-01-25 17:09:42,277 - easytorch-training - INFO - Evaluate best model on test data for horizon 4, Test MAE: 13.3868, Test RMSE: 21.9326, Test MAPE: 9.2597
2026-01-25 17:09:42,286 - easytorch-training - INFO - Evaluate best model on test data for horizon 5, Test MAE: 13.7307, Test RMSE: 22.6007, Test MAPE: 9.7475
2026-01-25 17:09:42,294 - easytorch-training - INFO - Evaluate best model on test data for horizon 6, Test MAE: 14.0506, Test RMSE: 23.2346, Test MAPE: 10.2246
2026-01-25 17:09:42,308 - easytorch-training - INFO - Evaluate best model on test data for horizon 7, Test MAE: 14.2613, Test RMSE: 23.7803, Test MAPE: 9.9310
2026-01-25 17:09:42,323 - easytorch-training - INFO - Evaluate best model on test data for horizon 8, Test MAE: 14.5747, Test RMSE: 24.2112, Test MAPE: 10.8156
2026-01-25 17:09:42,343 - easytorch-training - INFO - Evaluate best model on test data for horizon 9, Test MAE: 14.7227, Test RMSE: 24.6367, Test MAPE: 10.4767
2026-01-25 17:09:42,364 - easytorch-training - INFO - Evaluate best model on test data for horizon 10, Test MAE: 14.9141, Test RMSE: 24.9703, Test MAPE: 9.8967
2026-01-25 17:09:42,385 - easytorch-training - INFO - Evaluate best model on test data for horizon 11, Test MAE: 15.1075, Test RMSE: 25.2737, Test MAPE: 10.3200
2026-01-25 17:09:42,400 - easytorch-training - INFO - Evaluate best model on test data for horizon 12, Test MAE: 15.3157, Test RMSE: 25.5520, Test MAPE: 10.5788
2026-01-25 17:09:42,418 - easytorch-training - INFO - Result <test>: [test_time: 19.99 (s), test_MAE: 13.9838, test_RMSE: 23.1627, test_MAPE: 9.8062]
2026-01-25 17:09:42,856 - easytorch-training - INFO - Checkpoint checkpoints/STMAFNet_300/020df9ee7447a9cb965bf70236749dd4/STMAFNet_038.pt saved
2026-01-25 17:09:42,857 - easytorch-training - INFO - The estimated training finish time is 2026-01-26 08:33:05
2026-01-25 17:09:42,857 - easytorch-training - INFO - Epoch 39 / 300
2026-01-25 17:12:32,554 - easytorch-training - INFO - Result <train>: [train_time: 169.70 (s), lr: 2.50e-04, train_MAE: 13.7232, train_RMSE: 22.9045, train_MAPE: 9.2403]
2026-01-25 17:12:32,556 - easytorch-training - INFO - Start validation.
2026-01-25 17:12:52,648 - easytorch-training - INFO - Result <val>: [val_time: 20.09 (s), val_MAE: 14.0633, val_RMSE: 22.9771, val_MAPE: 10.8990]
2026-01-25 17:12:53,487 - easytorch-training - INFO - Checkpoint checkpoints/STMAFNet_300/020df9ee7447a9cb965bf70236749dd4/STMAFNet_best_val_MAE.pt saved
2026-01-25 17:13:12,901 - easytorch-training - INFO - Evaluate best model on test data for horizon 1, Test MAE: 12.0643, Test RMSE: 19.2733, Test MAPE: 7.8937
2026-01-25 17:13:12,916 - easytorch-training - INFO - Evaluate best model on test data for horizon 2, Test MAE: 12.5826, Test RMSE: 20.3582, Test MAPE: 8.1562
2026-01-25 17:13:12,934 - easytorch-training - INFO - Evaluate best model on test data for horizon 3, Test MAE: 13.0209, Test RMSE: 21.2285, Test MAPE: 8.7073
2026-01-25 17:13:12,954 - easytorch-training - INFO - Evaluate best model on test data for horizon 4, Test MAE: 13.3624, Test RMSE: 21.9638, Test MAPE: 8.9291
2026-01-25 17:13:12,970 - easytorch-training - INFO - Evaluate best model on test data for horizon 5, Test MAE: 13.6858, Test RMSE: 22.6014, Test MAPE: 9.6939
2026-01-25 17:13:12,991 - easytorch-training - INFO - Evaluate best model on test data for horizon 6, Test MAE: 13.9183, Test RMSE: 23.1649, Test MAPE: 9.8203
2026-01-25 17:13:13,012 - easytorch-training - INFO - Evaluate best model on test data for horizon 7, Test MAE: 14.1710, Test RMSE: 23.6626, Test MAPE: 9.5024
2026-01-25 17:13:13,027 - easytorch-training - INFO - Evaluate best model on test data for horizon 8, Test MAE: 14.4177, Test RMSE: 24.0948, Test MAPE: 10.3895
2026-01-25 17:13:13,043 - easytorch-training - INFO - Evaluate best model on test data for horizon 9, Test MAE: 14.6329, Test RMSE: 24.4633, Test MAPE: 9.9717
2026-01-25 17:13:13,064 - easytorch-training - INFO - Evaluate best model on test data for horizon 10, Test MAE: 14.8392, Test RMSE: 24.7751, Test MAPE: 10.0701
2026-01-25 17:13:13,079 - easytorch-training - INFO - Evaluate best model on test data for horizon 11, Test MAE: 15.0481, Test RMSE: 25.0566, Test MAPE: 10.5401
2026-01-25 17:13:13,094 - easytorch-training - INFO - Evaluate best model on test data for horizon 12, Test MAE: 15.2627, Test RMSE: 25.4005, Test MAPE: 10.9499
2026-01-25 17:13:13,115 - easytorch-training - INFO - Result <test>: [test_time: 19.62 (s), test_MAE: 13.9172, test_RMSE: 23.0799, test_MAPE: 9.5520]
2026-01-25 17:13:13,529 - easytorch-training - INFO - Checkpoint checkpoints/STMAFNet_300/020df9ee7447a9cb965bf70236749dd4/STMAFNet_039.pt saved
2026-01-25 17:13:13,530 - easytorch-training - INFO - The estimated training finish time is 2026-01-26 08:32:59
2026-01-25 17:13:13,530 - easytorch-training - INFO - Epoch 40 / 300
2026-01-25 17:16:03,102 - easytorch-training - INFO - Result <train>: [train_time: 169.57 (s), lr: 2.50e-04, train_MAE: 13.6940, train_RMSE: 22.8516, train_MAPE: 9.2350]
2026-01-25 17:16:03,103 - easytorch-training - INFO - Start validation.
2026-01-25 17:16:24,271 - easytorch-training - INFO - Result <val>: [val_time: 21.17 (s), val_MAE: 14.0595, val_RMSE: 23.0108, val_MAPE: 10.8012]
2026-01-25 17:16:25,110 - easytorch-training - INFO - Checkpoint checkpoints/STMAFNet_300/020df9ee7447a9cb965bf70236749dd4/STMAFNet_best_val_MAE.pt saved
2026-01-25 17:16:45,610 - easytorch-training - INFO - Evaluate best model on test data for horizon 1, Test MAE: 12.0423, Test RMSE: 19.2432, Test MAPE: 8.0311
2026-01-25 17:16:45,631 - easytorch-training - INFO - Evaluate best model on test data for horizon 2, Test MAE: 12.5790, Test RMSE: 20.3390, Test MAPE: 9.0510
2026-01-25 17:16:45,645 - easytorch-training - INFO - Evaluate best model on test data for horizon 3, Test MAE: 12.9864, Test RMSE: 21.2295, Test MAPE: 8.4010
2026-01-25 17:16:45,659 - easytorch-training - INFO - Evaluate best model on test data for horizon 4, Test MAE: 13.3421, Test RMSE: 21.9607, Test MAPE: 9.1531
2026-01-25 17:16:45,674 - easytorch-training - INFO - Evaluate best model on test data for horizon 5, Test MAE: 13.6483, Test RMSE: 22.6354, Test MAPE: 9.3924
2026-01-25 17:16:45,690 - easytorch-training - INFO - Evaluate best model on test data for horizon 6, Test MAE: 13.9491, Test RMSE: 23.2821, Test MAPE: 9.2283
2026-01-25 17:16:45,711 - easytorch-training - INFO - Evaluate best model on test data for horizon 7, Test MAE: 14.2167, Test RMSE: 23.8496, Test MAPE: 9.0910
2026-01-25 17:16:45,726 - easytorch-training - INFO - Evaluate best model on test data for horizon 8, Test MAE: 14.4751, Test RMSE: 24.3235, Test MAPE: 9.3877
2026-01-25 17:16:45,746 - easytorch-training - INFO - Evaluate best model on test data for horizon 9, Test MAE: 14.6626, Test RMSE: 24.7463, Test MAPE: 9.4264
2026-01-25 17:16:45,767 - easytorch-training - INFO - Evaluate best model on test data for horizon 10, Test MAE: 14.9076, Test RMSE: 25.1113, Test MAPE: 9.8182
2026-01-25 17:16:45,787 - easytorch-training - INFO - Evaluate best model on test data for horizon 11, Test MAE: 15.0456, Test RMSE: 25.3864, Test MAPE: 10.0006
2026-01-25 17:16:45,808 - easytorch-training - INFO - Evaluate best model on test data for horizon 12, Test MAE: 15.2667, Test RMSE: 25.7573, Test MAPE: 9.8586
2026-01-25 17:16:45,832 - easytorch-training - INFO - Result <test>: [test_time: 20.72 (s), test_MAE: 13.9268, test_RMSE: 23.2427, test_MAPE: 9.2366]
2026-01-25 17:16:46,333 - easytorch-training - INFO - Checkpoint checkpoints/STMAFNet_300/020df9ee7447a9cb965bf70236749dd4/STMAFNet_040.pt saved
2026-01-25 17:16:46,369 - easytorch-training - INFO - The estimated training finish time is 2026-01-26 08:33:10
2026-01-25 17:16:46,369 - easytorch-training - INFO - Epoch 41 / 300
2026-01-25 17:19:35,413 - easytorch-training - INFO - Result <train>: [train_time: 169.04 (s), lr: 2.50e-04, train_MAE: 13.6639, train_RMSE: 22.8019, train_MAPE: 9.2110]
2026-01-25 17:19:35,415 - easytorch-training - INFO - Start validation.
2026-01-25 17:19:57,054 - easytorch-training - INFO - Result <val>: [val_time: 21.64 (s), val_MAE: 14.0237, val_RMSE: 23.0732, val_MAPE: 10.8787]
2026-01-25 17:19:57,906 - easytorch-training - INFO - Checkpoint checkpoints/STMAFNet_300/020df9ee7447a9cb965bf70236749dd4/STMAFNet_best_val_MAE.pt saved
2026-01-25 17:20:18,836 - easytorch-training - INFO - Evaluate best model on test data for horizon 1, Test MAE: 12.0052, Test RMSE: 19.2391, Test MAPE: 7.8412
2026-01-25 17:20:18,853 - easytorch-training - INFO - Evaluate best model on test data for horizon 2, Test MAE: 12.5160, Test RMSE: 20.3086, Test MAPE: 8.1850
2026-01-25 17:20:18,867 - easytorch-training - INFO - Evaluate best model on test data for horizon 3, Test MAE: 12.9403, Test RMSE: 21.1958, Test MAPE: 8.4015
2026-01-25 17:20:18,886 - easytorch-training - INFO - Evaluate best model on test data for horizon 4, Test MAE: 13.2745, Test RMSE: 21.9195, Test MAPE: 8.6659
2026-01-25 17:20:18,907 - easytorch-training - INFO - Evaluate best model on test data for horizon 5, Test MAE: 13.6172, Test RMSE: 22.6232, Test MAPE: 8.8395
2026-01-25 17:20:18,927 - easytorch-training - INFO - Evaluate best model on test data for horizon 6, Test MAE: 13.8795, Test RMSE: 23.2498, Test MAPE: 9.0781
2026-01-25 17:20:18,948 - easytorch-training - INFO - Evaluate best model on test data for horizon 7, Test MAE: 14.1544, Test RMSE: 23.8363, Test MAPE: 9.2378
2026-01-25 17:20:18,969 - easytorch-training - INFO - Evaluate best model on test data for horizon 8, Test MAE: 14.4072, Test RMSE: 24.3449, Test MAPE: 9.3751
2026-01-25 17:20:18,986 - easytorch-training - INFO - Evaluate best model on test data for horizon 9, Test MAE: 14.6153, Test RMSE: 24.7123, Test MAPE: 9.5042
2026-01-25 17:20:19,005 - easytorch-training - INFO - Evaluate best model on test data for horizon 10, Test MAE: 14.8427, Test RMSE: 25.0960, Test MAPE: 9.7135
2026-01-25 17:20:19,025 - easytorch-training - INFO - Evaluate best model on test data for horizon 11, Test MAE: 14.9980, Test RMSE: 25.3818, Test MAPE: 9.8373
2026-01-25 17:20:19,041 - easytorch-training - INFO - Evaluate best model on test data for horizon 12, Test MAE: 15.1992, Test RMSE: 25.7033, Test MAPE: 10.1791
2026-01-25 17:20:19,065 - easytorch-training - INFO - Result <test>: [test_time: 21.16 (s), test_MAE: 13.8708, test_RMSE: 23.2216, test_MAPE: 9.0715]
2026-01-25 17:20:19,562 - easytorch-training - INFO - Checkpoint checkpoints/STMAFNet_300/020df9ee7447a9cb965bf70236749dd4/STMAFNet_041.pt saved
2026-01-25 17:20:19,563 - easytorch-training - INFO - The estimated training finish time is 2026-01-26 08:33:22
2026-01-25 17:20:19,563 - easytorch-training - INFO - Epoch 42 / 300
2026-01-25 17:23:08,233 - easytorch-training - INFO - Result <train>: [train_time: 168.67 (s), lr: 2.50e-04, train_MAE: 13.6434, train_RMSE: 22.7828, train_MAPE: 9.1769]
2026-01-25 17:23:08,235 - easytorch-training - INFO - Start validation.
2026-01-25 17:23:30,162 - easytorch-training - INFO - Result <val>: [val_time: 21.93 (s), val_MAE: 14.0762, val_RMSE: 23.1210, val_MAPE: 11.2402]
2026-01-25 17:23:50,538 - easytorch-training - INFO - Evaluate best model on test data for horizon 1, Test MAE: 12.0174, Test RMSE: 19.2665, Test MAPE: 7.8051
2026-01-25 17:23:50,553 - easytorch-training - INFO - Evaluate best model on test data for horizon 2, Test MAE: 12.5350, Test RMSE: 20.3768, Test MAPE: 8.1093
2026-01-25 17:23:50,571 - easytorch-training - INFO - Evaluate best model on test data for horizon 3, Test MAE: 12.9934, Test RMSE: 21.2876, Test MAPE: 8.4540
2026-01-25 17:23:50,586 - easytorch-training - INFO - Evaluate best model on test data for horizon 4, Test MAE: 13.3266, Test RMSE: 22.0281, Test MAPE: 8.7433
2026-01-25 17:23:50,600 - easytorch-training - INFO - Evaluate best model on test data for horizon 5, Test MAE: 13.6812, Test RMSE: 22.7184, Test MAPE: 9.1363
2026-01-25 17:23:50,617 - easytorch-training - INFO - Evaluate best model on test data for horizon 6, Test MAE: 13.9858, Test RMSE: 23.3493, Test MAPE: 9.5217
2026-01-25 17:23:50,636 - easytorch-training - INFO - Evaluate best model on test data for horizon 7, Test MAE: 14.2349, Test RMSE: 23.8872, Test MAPE: 9.2680
2026-01-25 17:23:50,656 - easytorch-training - INFO - Evaluate best model on test data for horizon 8, Test MAE: 14.4817, Test RMSE: 24.3432, Test MAPE: 9.3611
2026-01-25 17:23:50,677 - easytorch-training - INFO - Evaluate best model on test data for horizon 9, Test MAE: 14.6868, Test RMSE: 24.7079, Test MAPE: 9.6951
2026-01-25 17:23:50,698 - easytorch-training - INFO - Evaluate best model on test data for horizon 10, Test MAE: 14.9057, Test RMSE: 25.0777, Test MAPE: 9.9825
2026-01-25 17:23:50,712 - easytorch-training - INFO - Evaluate best model on test data for horizon 11, Test MAE: 15.1021, Test RMSE: 25.4036, Test MAPE: 9.9770
2026-01-25 17:23:50,727 - easytorch-training - INFO - Evaluate best model on test data for horizon 12, Test MAE: 15.2862, Test RMSE: 25.7396, Test MAPE: 9.9839
2026-01-25 17:23:50,743 - easytorch-training - INFO - Result <test>: [test_time: 20.58 (s), test_MAE: 13.9364, test_RMSE: 23.2675, test_MAPE: 9.1698]
2026-01-25 17:23:51,156 - easytorch-training - INFO - Checkpoint checkpoints/STMAFNet_300/020df9ee7447a9cb965bf70236749dd4/STMAFNet_042.pt saved
2026-01-25 17:23:51,157 - easytorch-training - INFO - The estimated training finish time is 2026-01-26 08:33:23
2026-01-25 17:23:51,157 - easytorch-training - INFO - Epoch 43 / 300
2026-01-25 17:26:39,102 - easytorch-training - INFO - Result <train>: [train_time: 167.94 (s), lr: 2.50e-04, train_MAE: 13.6173, train_RMSE: 22.7509, train_MAPE: 9.1565]
2026-01-25 17:26:39,103 - easytorch-training - INFO - Start validation.
2026-01-25 17:27:00,588 - easytorch-training - INFO - Result <val>: [val_time: 21.48 (s), val_MAE: 13.9674, val_RMSE: 22.9397, val_MAPE: 10.6307]
2026-01-25 17:27:01,326 - easytorch-training - INFO - Checkpoint checkpoints/STMAFNet_300/020df9ee7447a9cb965bf70236749dd4/STMAFNet_best_val_MAE.pt saved
2026-01-25 17:27:22,015 - easytorch-training - INFO - Evaluate best model on test data for horizon 1, Test MAE: 12.0096, Test RMSE: 19.2167, Test MAPE: 8.1328
2026-01-25 17:27:22,032 - easytorch-training - INFO - Evaluate best model on test data for horizon 2, Test MAE: 12.4853, Test RMSE: 20.2910, Test MAPE: 8.2400
2026-01-25 17:27:22,046 - easytorch-training - INFO - Evaluate best model on test data for horizon 3, Test MAE: 12.8803, Test RMSE: 21.1647, Test MAPE: 8.3352
2026-01-25 17:27:22,056 - easytorch-training - INFO - Evaluate best model on test data for horizon 4, Test MAE: 13.2295, Test RMSE: 21.8873, Test MAPE: 8.5805
2026-01-25 17:27:22,072 - easytorch-training - INFO - Evaluate best model on test data for horizon 5, Test MAE: 13.5325, Test RMSE: 22.5277, Test MAPE: 8.8646
2026-01-25 17:27:22,090 - easytorch-training - INFO - Evaluate best model on test data for horizon 6, Test MAE: 13.8080, Test RMSE: 23.1013, Test MAPE: 9.0974
2026-01-25 17:27:22,109 - easytorch-training - INFO - Evaluate best model on test data for horizon 7, Test MAE: 14.0854, Test RMSE: 23.6314, Test MAPE: 9.1485
2026-01-25 17:27:22,129 - easytorch-training - INFO - Evaluate best model on test data for horizon 8, Test MAE: 14.3382, Test RMSE: 24.1128, Test MAPE: 9.3230
2026-01-25 17:27:22,150 - easytorch-training - INFO - Evaluate best model on test data for horizon 9, Test MAE: 14.5352, Test RMSE: 24.5208, Test MAPE: 9.5283
2026-01-25 17:27:22,170 - easytorch-training - INFO - Evaluate best model on test data for horizon 10, Test MAE: 14.7271, Test RMSE: 24.8832, Test MAPE: 9.6496
2026-01-25 17:27:22,191 - easytorch-training - INFO - Evaluate best model on test data for horizon 11, Test MAE: 14.9071, Test RMSE: 25.1486, Test MAPE: 9.7284
2026-01-25 17:27:22,212 - easytorch-training - INFO - Evaluate best model on test data for horizon 12, Test MAE: 15.1040, Test RMSE: 25.4859, Test MAPE: 9.9607
2026-01-25 17:27:22,235 - easytorch-training - INFO - Result <test>: [test_time: 20.91 (s), test_MAE: 13.8035, test_RMSE: 23.0786, test_MAPE: 9.0491]
2026-01-25 17:27:22,652 - easytorch-training - INFO - Checkpoint checkpoints/STMAFNet_300/020df9ee7447a9cb965bf70236749dd4/STMAFNet_043.pt saved
2026-01-25 17:27:22,652 - easytorch-training - INFO - The estimated training finish time is 2026-01-26 08:33:23
2026-01-25 17:27:22,653 - easytorch-training - INFO - Epoch 44 / 300
2026-01-25 17:30:10,916 - easytorch-training - INFO - Result <train>: [train_time: 168.26 (s), lr: 2.50e-04, train_MAE: 13.5898, train_RMSE: 22.7037, train_MAPE: 9.1472]
2026-01-25 17:30:10,918 - easytorch-training - INFO - Start validation.
2026-01-25 17:30:33,148 - easytorch-training - INFO - Result <val>: [val_time: 22.23 (s), val_MAE: 13.9782, val_RMSE: 22.9243, val_MAPE: 10.5774]
2026-01-25 17:30:53,537 - easytorch-training - INFO - Evaluate best model on test data for horizon 1, Test MAE: 11.9660, Test RMSE: 19.1852, Test MAPE: 7.8072
2026-01-25 17:30:53,553 - easytorch-training - INFO - Evaluate best model on test data for horizon 2, Test MAE: 12.4957, Test RMSE: 20.2933, Test MAPE: 8.2010
2026-01-25 17:30:53,571 - easytorch-training - INFO - Evaluate best model on test data for horizon 3, Test MAE: 12.9056, Test RMSE: 21.1450, Test MAPE: 8.3411
2026-01-25 17:30:53,589 - easytorch-training - INFO - Evaluate best model on test data for horizon 4, Test MAE: 13.2369, Test RMSE: 21.8619, Test MAPE: 8.6214
2026-01-25 17:30:53,610 - easytorch-training - INFO - Evaluate best model on test data for horizon 5, Test MAE: 13.7228, Test RMSE: 22.5786, Test MAPE: 9.5257
2026-01-25 17:30:53,630 - easytorch-training - INFO - Evaluate best model on test data for horizon 6, Test MAE: 13.8512, Test RMSE: 23.1229, Test MAPE: 9.0250
2026-01-25 17:30:53,650 - easytorch-training - INFO - Evaluate best model on test data for horizon 7, Test MAE: 14.1356, Test RMSE: 23.6434, Test MAPE: 9.2020
2026-01-25 17:30:53,661 - easytorch-training - INFO - Evaluate best model on test data for horizon 8, Test MAE: 14.3910, Test RMSE: 24.0928, Test MAPE: 9.4129
2026-01-25 17:30:53,676 - easytorch-training - INFO - Evaluate best model on test data for horizon 9, Test MAE: 14.5872, Test RMSE: 24.4455, Test MAPE: 9.5627
2026-01-25 17:30:53,694 - easytorch-training - INFO - Evaluate best model on test data for horizon 10, Test MAE: 14.8205, Test RMSE: 24.7837, Test MAPE: 9.7565
2026-01-25 17:30:53,708 - easytorch-training - INFO - Evaluate best model on test data for horizon 11, Test MAE: 14.9682, Test RMSE: 25.0506, Test MAPE: 9.8965
2026-01-25 17:30:53,725 - easytorch-training - INFO - Evaluate best model on test data for horizon 12, Test MAE: 15.1212, Test RMSE: 25.3514, Test MAPE: 9.9845
2026-01-25 17:30:53,749 - easytorch-training - INFO - Result <test>: [test_time: 20.60 (s), test_MAE: 13.8502, test_RMSE: 23.0415, test_MAPE: 9.1114]
2026-01-25 17:30:54,159 - easytorch-training - INFO - Checkpoint checkpoints/STMAFNet_300/020df9ee7447a9cb965bf70236749dd4/STMAFNet_044.pt saved
2026-01-25 17:30:54,160 - easytorch-training - INFO - The estimated training finish time is 2026-01-26 08:33:23
2026-01-25 17:30:54,160 - easytorch-training - INFO - Epoch 45 / 300
2026-01-25 17:33:43,047 - easytorch-training - INFO - Result <train>: [train_time: 168.89 (s), lr: 2.50e-04, train_MAE: 13.5626, train_RMSE: 22.6650, train_MAPE: 9.1196]
2026-01-25 17:33:43,049 - easytorch-training - INFO - Start validation.
2026-01-25 17:34:04,465 - easytorch-training - INFO - Result <val>: [val_time: 21.42 (s), val_MAE: 14.0522, val_RMSE: 23.0943, val_MAPE: 11.4460]
2026-01-25 17:34:25,002 - easytorch-training - INFO - Evaluate best model on test data for horizon 1, Test MAE: 12.0068, Test RMSE: 19.2205, Test MAPE: 8.1067
2026-01-25 17:34:25,019 - easytorch-training - INFO - Evaluate best model on test data for horizon 2, Test MAE: 12.5135, Test RMSE: 20.3061, Test MAPE: 8.4316
2026-01-25 17:34:25,038 - easytorch-training - INFO - Evaluate best model on test data for horizon 3, Test MAE: 12.9542, Test RMSE: 21.2362, Test MAPE: 8.9600
2026-01-25 17:34:25,053 - easytorch-training - INFO - Evaluate best model on test data for horizon 4, Test MAE: 13.2872, Test RMSE: 21.9898, Test MAPE: 8.7487
2026-01-25 17:34:25,068 - easytorch-training - INFO - Evaluate best model on test data for horizon 5, Test MAE: 13.5907, Test RMSE: 22.6593, Test MAPE: 9.0548
2026-01-25 17:34:25,082 - easytorch-training - INFO - Evaluate best model on test data for horizon 6, Test MAE: 13.8790, Test RMSE: 23.2776, Test MAPE: 9.3360
2026-01-25 17:34:25,103 - easytorch-training - INFO - Evaluate best model on test data for horizon 7, Test MAE: 14.1363, Test RMSE: 23.7809, Test MAPE: 9.3694
2026-01-25 17:34:25,123 - easytorch-training - INFO - Evaluate best model on test data for horizon 8, Test MAE: 14.4056, Test RMSE: 24.2950, Test MAPE: 9.6442
2026-01-25 17:34:25,144 - easytorch-training - INFO - Evaluate best model on test data for horizon 9, Test MAE: 14.6330, Test RMSE: 24.6292, Test MAPE: 10.3001
2026-01-25 17:34:25,156 - easytorch-training - INFO - Evaluate best model on test data for horizon 10, Test MAE: 14.7967, Test RMSE: 25.0315, Test MAPE: 10.0819
2026-01-25 17:34:25,164 - easytorch-training - INFO - Evaluate best model on test data for horizon 11, Test MAE: 14.9821, Test RMSE: 25.3070, Test MAPE: 10.4410
2026-01-25 17:34:25,178 - easytorch-training - INFO - Evaluate best model on test data for horizon 12, Test MAE: 15.1628, Test RMSE: 25.6201, Test MAPE: 10.2777
2026-01-25 17:34:25,202 - easytorch-training - INFO - Result <test>: [test_time: 20.73 (s), test_MAE: 13.8623, test_RMSE: 23.1973, test_MAPE: 9.3960]
2026-01-25 17:34:25,643 - easytorch-training - INFO - Checkpoint checkpoints/STMAFNet_300/020df9ee7447a9cb965bf70236749dd4/STMAFNet_045.pt saved
2026-01-25 17:34:25,644 - easytorch-training - INFO - The estimated training finish time is 2026-01-26 08:33:22
2026-01-25 17:34:25,644 - easytorch-training - INFO - Epoch 46 / 300
2026-01-25 17:37:14,509 - easytorch-training - INFO - Result <train>: [train_time: 168.86 (s), lr: 2.50e-04, train_MAE: 13.5525, train_RMSE: 22.6520, train_MAPE: 9.1234]
2026-01-25 17:37:14,510 - easytorch-training - INFO - Start validation.
2026-01-25 17:37:36,316 - easytorch-training - INFO - Result <val>: [val_time: 21.81 (s), val_MAE: 13.9976, val_RMSE: 23.0575, val_MAPE: 11.5238]
2026-01-25 17:37:56,344 - easytorch-training - INFO - Evaluate best model on test data for horizon 1, Test MAE: 11.9878, Test RMSE: 19.1932, Test MAPE: 8.4164
2026-01-25 17:37:56,359 - easytorch-training - INFO - Evaluate best model on test data for horizon 2, Test MAE: 12.4839, Test RMSE: 20.2913, Test MAPE: 8.6484
2026-01-25 17:37:56,377 - easytorch-training - INFO - Evaluate best model on test data for horizon 3, Test MAE: 12.9154, Test RMSE: 21.1757, Test MAPE: 9.2574
2026-01-25 17:37:56,396 - easytorch-training - INFO - Evaluate best model on test data for horizon 4, Test MAE: 13.2614, Test RMSE: 21.9481, Test MAPE: 8.8267
2026-01-25 17:37:56,405 - easytorch-training - INFO - Evaluate best model on test data for horizon 5, Test MAE: 13.5625, Test RMSE: 22.5844, Test MAPE: 9.4037
2026-01-25 17:37:56,424 - easytorch-training - INFO - Evaluate best model on test data for horizon 6, Test MAE: 13.8195, Test RMSE: 23.1704, Test MAPE: 9.7286
2026-01-25 17:37:56,444 - easytorch-training - INFO - Evaluate best model on test data for horizon 7, Test MAE: 14.1391, Test RMSE: 23.7574, Test MAPE: 9.4195
2026-01-25 17:37:56,465 - easytorch-training - INFO - Evaluate best model on test data for horizon 8, Test MAE: 14.3436, Test RMSE: 24.1426, Test MAPE: 9.9481
2026-01-25 17:37:56,486 - easytorch-training - INFO - Evaluate best model on test data for horizon 9, Test MAE: 14.5574, Test RMSE: 24.4678, Test MAPE: 10.4060
2026-01-25 17:37:56,506 - easytorch-training - INFO - Evaluate best model on test data for horizon 10, Test MAE: 14.7222, Test RMSE: 24.8182, Test MAPE: 10.1548
2026-01-25 17:37:56,523 - easytorch-training - INFO - Evaluate best model on test data for horizon 11, Test MAE: 14.9351, Test RMSE: 25.1023, Test MAPE: 10.7719
2026-01-25 17:37:56,531 - easytorch-training - INFO - Evaluate best model on test data for horizon 12, Test MAE: 15.1251, Test RMSE: 25.4401, Test MAPE: 10.5257
2026-01-25 17:37:56,549 - easytorch-training - INFO - Result <test>: [test_time: 20.23 (s), test_MAE: 13.8211, test_RMSE: 23.0875, test_MAPE: 9.6256]
2026-01-25 17:37:56,963 - easytorch-training - INFO - Checkpoint checkpoints/STMAFNet_300/020df9ee7447a9cb965bf70236749dd4/STMAFNet_046.pt saved
2026-01-25 17:37:56,964 - easytorch-training - INFO - The estimated training finish time is 2026-01-26 08:33:21
2026-01-25 17:37:56,964 - easytorch-training - INFO - Epoch 47 / 300
2026-01-25 17:40:45,059 - easytorch-training - INFO - Result <train>: [train_time: 168.10 (s), lr: 2.50e-04, train_MAE: 13.5269, train_RMSE: 22.6193, train_MAPE: 9.1059]
2026-01-25 17:40:45,060 - easytorch-training - INFO - Start validation.
2026-01-25 17:41:06,825 - easytorch-training - INFO - Result <val>: [val_time: 21.76 (s), val_MAE: 14.0084, val_RMSE: 23.0490, val_MAPE: 10.4444]
2026-01-25 17:41:27,768 - easytorch-training - INFO - Evaluate best model on test data for horizon 1, Test MAE: 11.9991, Test RMSE: 19.2298, Test MAPE: 7.8424
2026-01-25 17:41:27,778 - easytorch-training - INFO - Evaluate best model on test data for horizon 2, Test MAE: 12.5118, Test RMSE: 20.3345, Test MAPE: 8.2699
2026-01-25 17:41:27,798 - easytorch-training - INFO - Evaluate best model on test data for horizon 3, Test MAE: 12.9312, Test RMSE: 21.2757, Test MAPE: 8.4117
2026-01-25 17:41:27,819 - easytorch-training - INFO - Evaluate best model on test data for horizon 4, Test MAE: 13.3018, Test RMSE: 22.0583, Test MAPE: 8.6125
2026-01-25 17:41:27,839 - easytorch-training - INFO - Evaluate best model on test data for horizon 5, Test MAE: 13.6337, Test RMSE: 22.7819, Test MAPE: 8.7537
2026-01-25 17:41:27,860 - easytorch-training - INFO - Evaluate best model on test data for horizon 6, Test MAE: 13.9180, Test RMSE: 23.4098, Test MAPE: 8.9816
2026-01-25 17:41:27,880 - easytorch-training - INFO - Evaluate best model on test data for horizon 7, Test MAE: 14.2007, Test RMSE: 23.9501, Test MAPE: 9.1200
2026-01-25 17:41:27,894 - easytorch-training - INFO - Evaluate best model on test data for horizon 8, Test MAE: 14.4360, Test RMSE: 24.4511, Test MAPE: 9.3603
2026-01-25 17:41:27,909 - easytorch-training - INFO - Evaluate best model on test data for horizon 9, Test MAE: 14.6731, Test RMSE: 24.7894, Test MAPE: 9.8949
2026-01-25 17:41:27,925 - easytorch-training - INFO - Evaluate best model on test data for horizon 10, Test MAE: 14.7946, Test RMSE: 25.1385, Test MAPE: 9.5748
2026-01-25 17:41:27,946 - easytorch-training - INFO - Evaluate best model on test data for horizon 11, Test MAE: 14.9697, Test RMSE: 25.4056, Test MAPE: 9.7230
2026-01-25 17:41:27,961 - easytorch-training - INFO - Evaluate best model on test data for horizon 12, Test MAE: 15.1727, Test RMSE: 25.7185, Test MAPE: 9.9139
2026-01-25 17:41:27,985 - easytorch-training - INFO - Result <test>: [test_time: 21.16 (s), test_MAE: 13.8785, test_RMSE: 23.2994, test_MAPE: 9.0382]
2026-01-25 17:41:28,402 - easytorch-training - INFO - Checkpoint checkpoints/STMAFNet_300/020df9ee7447a9cb965bf70236749dd4/STMAFNet_047.pt saved
2026-01-25 17:41:28,403 - easytorch-training - INFO - The estimated training finish time is 2026-01-26 08:33:21
2026-01-25 17:41:28,403 - easytorch-training - INFO - Epoch 48 / 300
2026-01-25 17:44:16,591 - easytorch-training - INFO - Result <train>: [train_time: 168.19 (s), lr: 2.50e-04, train_MAE: 13.4988, train_RMSE: 22.5741, train_MAPE: 9.1112]
2026-01-25 17:44:16,593 - easytorch-training - INFO - Start validation.
2026-01-25 17:44:38,790 - easytorch-training - INFO - Result <val>: [val_time: 22.20 (s), val_MAE: 13.9937, val_RMSE: 23.0529, val_MAPE: 11.0434]
2026-01-25 17:44:59,756 - easytorch-training - INFO - Evaluate best model on test data for horizon 1, Test MAE: 11.9992, Test RMSE: 19.1942, Test MAPE: 7.9974
2026-01-25 17:44:59,772 - easytorch-training - INFO - Evaluate best model on test data for horizon 2, Test MAE: 12.5128, Test RMSE: 20.3134, Test MAPE: 8.0542
2026-01-25 17:44:59,793 - easytorch-training - INFO - Evaluate best model on test data for horizon 3, Test MAE: 12.9294, Test RMSE: 21.1972, Test MAPE: 8.4563
2026-01-25 17:44:59,814 - easytorch-training - INFO - Evaluate best model on test data for horizon 4, Test MAE: 13.2854, Test RMSE: 21.9449, Test MAPE: 8.8222
2026-01-25 17:44:59,834 - easytorch-training - INFO - Evaluate best model on test data for horizon 5, Test MAE: 13.5407, Test RMSE: 22.5903, Test MAPE: 8.7686
2026-01-25 17:44:59,855 - easytorch-training - INFO - Evaluate best model on test data for horizon 6, Test MAE: 13.8319, Test RMSE: 23.2155, Test MAPE: 9.1032
2026-01-25 17:44:59,873 - easytorch-training - INFO - Evaluate best model on test data for horizon 7, Test MAE: 14.1031, Test RMSE: 23.7581, Test MAPE: 9.1489
2026-01-25 17:44:59,886 - easytorch-training - INFO - Evaluate best model on test data for horizon 8, Test MAE: 14.3530, Test RMSE: 24.2390, Test MAPE: 9.3349
2026-01-25 17:44:59,900 - easytorch-training - INFO - Evaluate best model on test data for horizon 9, Test MAE: 14.5401, Test RMSE: 24.5977, Test MAPE: 9.3832
2026-01-25 17:44:59,921 - easytorch-training - INFO - Evaluate best model on test data for horizon 10, Test MAE: 14.7521, Test RMSE: 24.9469, Test MAPE: 9.5958
2026-01-25 17:44:59,942 - easytorch-training - INFO - Evaluate best model on test data for horizon 11, Test MAE: 14.9368, Test RMSE: 25.2212, Test MAPE: 9.9326
2026-01-25 17:44:59,961 - easytorch-training - INFO - Evaluate best model on test data for horizon 12, Test MAE: 15.1278, Test RMSE: 25.5959, Test MAPE: 9.8861
2026-01-25 17:44:59,981 - easytorch-training - INFO - Result <test>: [test_time: 21.19 (s), test_MAE: 13.8260, test_RMSE: 23.1514, test_MAPE: 9.0403]
2026-01-25 17:45:00,392 - easytorch-training - INFO - Checkpoint checkpoints/STMAFNet_300/020df9ee7447a9cb965bf70236749dd4/STMAFNet_048.pt saved
2026-01-25 17:45:00,393 - easytorch-training - INFO - The estimated training finish time is 2026-01-26 08:33:24
2026-01-25 17:45:00,393 - easytorch-training - INFO - Epoch 49 / 300
2026-01-25 17:47:48,627 - easytorch-training - INFO - Result <train>: [train_time: 168.23 (s), lr: 2.50e-04, train_MAE: 13.4813, train_RMSE: 22.5567, train_MAPE: 9.0793]
2026-01-25 17:47:48,628 - easytorch-training - INFO - Start validation.
2026-01-25 17:48:11,010 - easytorch-training - INFO - Result <val>: [val_time: 22.38 (s), val_MAE: 14.0552, val_RMSE: 23.1443, val_MAPE: 10.8466]
2026-01-25 17:48:32,010 - easytorch-training - INFO - Evaluate best model on test data for horizon 1, Test MAE: 11.9878, Test RMSE: 19.2115, Test MAPE: 8.0217
2026-01-25 17:48:32,030 - easytorch-training - INFO - Evaluate best model on test data for horizon 2, Test MAE: 12.5241, Test RMSE: 20.3643, Test MAPE: 8.2156
2026-01-25 17:48:32,049 - easytorch-training - INFO - Evaluate best model on test data for horizon 3, Test MAE: 13.0018, Test RMSE: 21.2783, Test MAPE: 8.5406
2026-01-25 17:48:32,066 - easytorch-training - INFO - Evaluate best model on test data for horizon 4, Test MAE: 13.3028, Test RMSE: 21.9839, Test MAPE: 8.7377
2026-01-25 17:48:32,086 - easytorch-training - INFO - Evaluate best model on test data for horizon 5, Test MAE: 13.6523, Test RMSE: 22.7071, Test MAPE: 8.9396
2026-01-25 17:48:32,107 - easytorch-training - INFO - Evaluate best model on test data for horizon 6, Test MAE: 13.9224, Test RMSE: 23.3048, Test MAPE: 9.1108
2026-01-25 17:48:32,126 - easytorch-training - INFO - Evaluate best model on test data for horizon 7, Test MAE: 14.2000, Test RMSE: 23.8024, Test MAPE: 9.3286
2026-01-25 17:48:32,142 - easytorch-training - INFO - Evaluate best model on test data for horizon 8, Test MAE: 14.4762, Test RMSE: 24.3491, Test MAPE: 9.4789
2026-01-25 17:48:32,160 - easytorch-training - INFO - Evaluate best model on test data for horizon 9, Test MAE: 14.7604, Test RMSE: 24.8057, Test MAPE: 9.6797
2026-01-25 17:48:32,177 - easytorch-training - INFO - Evaluate best model on test data for horizon 10, Test MAE: 14.9122, Test RMSE: 25.0815, Test MAPE: 9.8511
2026-01-25 17:48:32,191 - easytorch-training - INFO - Evaluate best model on test data for horizon 11, Test MAE: 15.1277, Test RMSE: 25.3810, Test MAPE: 10.0027
2026-01-25 17:48:32,208 - easytorch-training - INFO - Evaluate best model on test data for horizon 12, Test MAE: 15.2466, Test RMSE: 25.5958, Test MAPE: 10.1111
2026-01-25 17:48:32,232 - easytorch-training - INFO - Result <test>: [test_time: 21.22 (s), test_MAE: 13.9262, test_RMSE: 23.2410, test_MAPE: 9.1682]
2026-01-25 17:48:32,647 - easytorch-training - INFO - Checkpoint checkpoints/STMAFNet_300/020df9ee7447a9cb965bf70236749dd4/STMAFNet_049.pt saved
2026-01-25 17:48:32,648 - easytorch-training - INFO - The estimated training finish time is 2026-01-26 08:33:28
2026-01-25 17:48:32,648 - easytorch-training - INFO - Epoch 50 / 300
2026-01-25 17:51:21,356 - easytorch-training - INFO - Result <train>: [train_time: 168.71 (s), lr: 2.50e-04, train_MAE: 13.4645, train_RMSE: 22.5224, train_MAPE: 9.0921]
2026-01-25 17:51:21,357 - easytorch-training - INFO - Start validation.
2026-01-25 17:51:42,932 - easytorch-training - INFO - Result <val>: [val_time: 21.57 (s), val_MAE: 13.9161, val_RMSE: 23.0534, val_MAPE: 10.5718]
2026-01-25 17:51:43,708 - easytorch-training - INFO - Checkpoint checkpoints/STMAFNet_300/020df9ee7447a9cb965bf70236749dd4/STMAFNet_best_val_MAE.pt saved
2026-01-25 17:52:03,267 - easytorch-training - INFO - Evaluate best model on test data for horizon 1, Test MAE: 11.9367, Test RMSE: 19.1969, Test MAPE: 7.7833
2026-01-25 17:52:03,287 - easytorch-training - INFO - Evaluate best model on test data for horizon 2, Test MAE: 12.4291, Test RMSE: 20.2982, Test MAPE: 8.2985
2026-01-25 17:52:03,308 - easytorch-training - INFO - Evaluate best model on test data for horizon 3, Test MAE: 12.8817, Test RMSE: 21.2305, Test MAPE: 8.7557
2026-01-25 17:52:03,329 - easytorch-training - INFO - Evaluate best model on test data for horizon 4, Test MAE: 13.2118, Test RMSE: 21.9954, Test MAPE: 8.6055
2026-01-25 17:52:03,349 - easytorch-training - INFO - Evaluate best model on test data for horizon 5, Test MAE: 13.4972, Test RMSE: 22.6828, Test MAPE: 9.0292
2026-01-25 17:52:03,360 - easytorch-training - INFO - Evaluate best model on test data for horizon 6, Test MAE: 13.8183, Test RMSE: 23.4585, Test MAPE: 8.9580
2026-01-25 17:52:03,362 - easytorch-training - INFO - Evaluate best model on test data for horizon 7, Test MAE: 14.0806, Test RMSE: 23.9589, Test MAPE: 9.2551
2026-01-25 17:52:03,370 - easytorch-training - INFO - Evaluate best model on test data for horizon 8, Test MAE: 14.3386, Test RMSE: 24.4885, Test MAPE: 9.3216
2026-01-25 17:52:03,391 - easytorch-training - INFO - Evaluate best model on test data for horizon 9, Test MAE: 14.5378, Test RMSE: 24.9405, Test MAPE: 9.5649
2026-01-25 17:52:03,411 - easytorch-training - INFO - Evaluate best model on test data for horizon 10, Test MAE: 14.7268, Test RMSE: 25.3269, Test MAPE: 9.5281
2026-01-25 17:52:03,432 - easytorch-training - INFO - Evaluate best model on test data for horizon 11, Test MAE: 14.9361, Test RMSE: 25.6697, Test MAPE: 9.6317
2026-01-25 17:52:03,452 - easytorch-training - INFO - Evaluate best model on test data for horizon 12, Test MAE: 15.1531, Test RMSE: 25.9930, Test MAPE: 9.9322
2026-01-25 17:52:03,475 - easytorch-training - INFO - Result <test>: [test_time: 19.77 (s), test_MAE: 13.7956, test_RMSE: 23.3660, test_MAPE: 9.0553]
2026-01-25 17:52:03,888 - easytorch-training - INFO - Checkpoint checkpoints/STMAFNet_300/020df9ee7447a9cb965bf70236749dd4/STMAFNet_050.pt saved
2026-01-25 17:52:03,923 - easytorch-training - INFO - The estimated training finish time is 2026-01-26 08:33:27
2026-01-25 17:52:03,923 - easytorch-training - INFO - Epoch 51 / 300
2026-01-25 17:54:52,416 - easytorch-training - INFO - Result <train>: [train_time: 168.49 (s), lr: 2.50e-04, train_MAE: 13.4421, train_RMSE: 22.4924, train_MAPE: 9.0648]
2026-01-25 17:54:52,418 - easytorch-training - INFO - Start validation.
2026-01-25 17:55:13,945 - easytorch-training - INFO - Result <val>: [val_time: 21.53 (s), val_MAE: 13.9517, val_RMSE: 22.9574, val_MAPE: 10.9344]
2026-01-25 17:55:34,073 - easytorch-training - INFO - Evaluate best model on test data for horizon 1, Test MAE: 12.1110, Test RMSE: 19.2379, Test MAPE: 8.8092
2026-01-25 17:55:34,094 - easytorch-training - INFO - Evaluate best model on test data for horizon 2, Test MAE: 12.5276, Test RMSE: 20.3250, Test MAPE: 8.5405
2026-01-25 17:55:34,112 - easytorch-training - INFO - Evaluate best model on test data for horizon 3, Test MAE: 12.9750, Test RMSE: 21.1811, Test MAPE: 9.1111
2026-01-25 17:55:34,126 - easytorch-training - INFO - Evaluate best model on test data for horizon 4, Test MAE: 13.3186, Test RMSE: 21.9479, Test MAPE: 8.9863
2026-01-25 17:55:34,141 - easytorch-training - INFO - Evaluate best model on test data for horizon 5, Test MAE: 13.5703, Test RMSE: 22.5944, Test MAPE: 9.0895
2026-01-25 17:55:34,155 - easytorch-training - INFO - Evaluate best model on test data for horizon 6, Test MAE: 13.8418, Test RMSE: 23.1918, Test MAPE: 9.3393
2026-01-25 17:55:34,172 - easytorch-training - INFO - Evaluate best model on test data for horizon 7, Test MAE: 14.1023, Test RMSE: 23.7280, Test MAPE: 9.3955
2026-01-25 17:55:34,192 - easytorch-training - INFO - Evaluate best model on test data for horizon 8, Test MAE: 14.3319, Test RMSE: 24.2019, Test MAPE: 9.4243
2026-01-25 17:55:34,210 - easytorch-training - INFO - Evaluate best model on test data for horizon 9, Test MAE: 14.5440, Test RMSE: 24.6614, Test MAPE: 9.5169
2026-01-25 17:55:34,229 - easytorch-training - INFO - Evaluate best model on test data for horizon 10, Test MAE: 14.7360, Test RMSE: 24.9694, Test MAPE: 9.7104
2026-01-25 17:55:34,249 - easytorch-training - INFO - Evaluate best model on test data for horizon 11, Test MAE: 14.9600, Test RMSE: 25.2825, Test MAPE: 9.9565
2026-01-25 17:55:34,270 - easytorch-training - INFO - Evaluate best model on test data for horizon 12, Test MAE: 15.1638, Test RMSE: 25.5997, Test MAPE: 10.1588
2026-01-25 17:55:34,292 - easytorch-training - INFO - Result <test>: [test_time: 20.34 (s), test_MAE: 13.8485, test_RMSE: 23.1604, test_MAPE: 9.3365]
2026-01-25 17:55:34,705 - easytorch-training - INFO - Checkpoint checkpoints/STMAFNet_300/020df9ee7447a9cb965bf70236749dd4/STMAFNet_051.pt saved
2026-01-25 17:55:34,706 - easytorch-training - INFO - The estimated training finish time is 2026-01-26 08:33:22
2026-01-25 17:55:34,706 - easytorch-training - INFO - Epoch 52 / 300
2026-01-25 17:58:23,979 - easytorch-training - INFO - Result <train>: [train_time: 169.27 (s), lr: 2.50e-04, train_MAE: 13.4303, train_RMSE: 22.4874, train_MAPE: 9.0447]
2026-01-25 17:58:23,980 - easytorch-training - INFO - Start validation.
2026-01-25 17:58:45,808 - easytorch-training - INFO - Result <val>: [val_time: 21.83 (s), val_MAE: 13.9939, val_RMSE: 23.0937, val_MAPE: 10.8421]
2026-01-25 17:59:06,133 - easytorch-training - INFO - Evaluate best model on test data for horizon 1, Test MAE: 11.9624, Test RMSE: 19.2081, Test MAPE: 7.9169
2026-01-25 17:59:06,154 - easytorch-training - INFO - Evaluate best model on test data for horizon 2, Test MAE: 12.4776, Test RMSE: 20.3378, Test MAPE: 8.1624
2026-01-25 17:59:06,171 - easytorch-training - INFO - Evaluate best model on test data for horizon 3, Test MAE: 12.9539, Test RMSE: 21.2428, Test MAPE: 8.8536
2026-01-25 17:59:06,180 - easytorch-training - INFO - Evaluate best model on test data for horizon 4, Test MAE: 13.3272, Test RMSE: 22.0234, Test MAPE: 8.9477
2026-01-25 17:59:06,201 - easytorch-training - INFO - Evaluate best model on test data for horizon 5, Test MAE: 13.5652, Test RMSE: 22.7134, Test MAPE: 8.8587
2026-01-25 17:59:06,222 - easytorch-training - INFO - Evaluate best model on test data for horizon 6, Test MAE: 13.8717, Test RMSE: 23.2848, Test MAPE: 9.2155
2026-01-25 17:59:06,242 - easytorch-training - INFO - Evaluate best model on test data for horizon 7, Test MAE: 14.1230, Test RMSE: 23.8365, Test MAPE: 9.1317
2026-01-25 17:59:06,263 - easytorch-training - INFO - Evaluate best model on test data for horizon 8, Test MAE: 14.3478, Test RMSE: 24.3235, Test MAPE: 9.2436
2026-01-25 17:59:06,283 - easytorch-training - INFO - Evaluate best model on test data for horizon 9, Test MAE: 14.5855, Test RMSE: 24.7103, Test MAPE: 9.3898
2026-01-25 17:59:06,301 - easytorch-training - INFO - Evaluate best model on test data for horizon 10, Test MAE: 14.7843, Test RMSE: 25.0345, Test MAPE: 9.5589
2026-01-25 17:59:06,309 - easytorch-training - INFO - Evaluate best model on test data for horizon 11, Test MAE: 14.9408, Test RMSE: 25.3308, Test MAPE: 9.6524
2026-01-25 17:59:06,313 - easytorch-training - INFO - Evaluate best model on test data for horizon 12, Test MAE: 15.1382, Test RMSE: 25.6044, Test MAPE: 9.8775
2026-01-25 17:59:06,337 - easytorch-training - INFO - Result <test>: [test_time: 20.53 (s), test_MAE: 13.8398, test_RMSE: 23.2223, test_MAPE: 9.0674]
2026-01-25 17:59:06,754 - easytorch-training - INFO - Checkpoint checkpoints/STMAFNet_300/020df9ee7447a9cb965bf70236749dd4/STMAFNet_052.pt saved
2026-01-25 17:59:06,755 - easytorch-training - INFO - The estimated training finish time is 2026-01-26 08:33:25
2026-01-25 17:59:06,755 - easytorch-training - INFO - Epoch 53 / 300
2026-01-25 18:01:56,186 - easytorch-training - INFO - Result <train>: [train_time: 169.43 (s), lr: 2.50e-04, train_MAE: 13.4134, train_RMSE: 22.4539, train_MAPE: 9.0510]
2026-01-25 18:01:56,187 - easytorch-training - INFO - Start validation.
2026-01-25 18:02:17,873 - easytorch-training - INFO - Result <val>: [val_time: 21.69 (s), val_MAE: 13.9959, val_RMSE: 23.1578, val_MAPE: 11.3039]
2026-01-25 18:02:38,292 - easytorch-training - INFO - Evaluate best model on test data for horizon 1, Test MAE: 11.9666, Test RMSE: 19.1804, Test MAPE: 7.8015
2026-01-25 18:02:38,311 - easytorch-training - INFO - Evaluate best model on test data for horizon 2, Test MAE: 12.4614, Test RMSE: 20.2994, Test MAPE: 8.0727
2026-01-25 18:02:38,319 - easytorch-training - INFO - Evaluate best model on test data for horizon 3, Test MAE: 12.8712, Test RMSE: 21.2041, Test MAPE: 8.3404
2026-01-25 18:02:38,331 - easytorch-training - INFO - Evaluate best model on test data for horizon 4, Test MAE: 13.2031, Test RMSE: 21.9858, Test MAPE: 8.5466
2026-01-25 18:02:38,350 - easytorch-training - INFO - Evaluate best model on test data for horizon 5, Test MAE: 13.5190, Test RMSE: 22.6780, Test MAPE: 8.7343
2026-01-25 18:02:38,371 - easytorch-training - INFO - Evaluate best model on test data for horizon 6, Test MAE: 13.7746, Test RMSE: 23.2556, Test MAPE: 8.9083
2026-01-25 18:02:38,391 - easytorch-training - INFO - Evaluate best model on test data for horizon 7, Test MAE: 14.0599, Test RMSE: 23.7882, Test MAPE: 9.0984
2026-01-25 18:02:38,412 - easytorch-training - INFO - Evaluate best model on test data for horizon 8, Test MAE: 14.2892, Test RMSE: 24.2116, Test MAPE: 9.3002
2026-01-25 18:02:38,433 - easytorch-training - INFO - Evaluate best model on test data for horizon 9, Test MAE: 14.4779, Test RMSE: 24.5510, Test MAPE: 9.4574
2026-01-25 18:02:38,444 - easytorch-training - INFO - Evaluate best model on test data for horizon 10, Test MAE: 14.6743, Test RMSE: 24.8568, Test MAPE: 9.5877
2026-01-25 18:02:38,451 - easytorch-training - INFO - Evaluate best model on test data for horizon 11, Test MAE: 14.8616, Test RMSE: 25.1421, Test MAPE: 9.6629
2026-01-25 18:02:38,467 - easytorch-training - INFO - Evaluate best model on test data for horizon 12, Test MAE: 15.0767, Test RMSE: 25.4504, Test MAPE: 9.9853
2026-01-25 18:02:38,491 - easytorch-training - INFO - Result <test>: [test_time: 20.62 (s), test_MAE: 13.7696, test_RMSE: 23.1311, test_MAPE: 8.9580]
2026-01-25 18:02:38,935 - easytorch-training - INFO - Checkpoint checkpoints/STMAFNet_300/020df9ee7447a9cb965bf70236749dd4/STMAFNet_053.pt saved
2026-01-25 18:02:38,936 - easytorch-training - INFO - The estimated training finish time is 2026-01-26 08:33:29
2026-01-25 18:02:38,936 - easytorch-training - INFO - Epoch 54 / 300
2026-01-25 18:05:28,045 - easytorch-training - INFO - Result <train>: [train_time: 169.11 (s), lr: 2.50e-04, train_MAE: 13.3888, train_RMSE: 22.4176, train_MAPE: 9.0313]
2026-01-25 18:05:28,047 - easytorch-training - INFO - Start validation.
2026-01-25 18:05:48,842 - easytorch-training - INFO - Result <val>: [val_time: 20.79 (s), val_MAE: 13.9470, val_RMSE: 23.0666, val_MAPE: 10.8391]
2026-01-25 18:06:09,023 - easytorch-training - INFO - Evaluate best model on test data for horizon 1, Test MAE: 11.9362, Test RMSE: 19.1980, Test MAPE: 7.7875
2026-01-25 18:06:09,044 - easytorch-training - INFO - Evaluate best model on test data for horizon 2, Test MAE: 12.4805, Test RMSE: 20.3601, Test MAPE: 8.0966
2026-01-25 18:06:09,063 - easytorch-training - INFO - Evaluate best model on test data for horizon 3, Test MAE: 12.9003, Test RMSE: 21.2726, Test MAPE: 8.4006
2026-01-25 18:06:09,077 - easytorch-training - INFO - Evaluate best model on test data for horizon 4, Test MAE: 13.1829, Test RMSE: 21.9727, Test MAPE: 8.5179
2026-01-25 18:06:09,086 - easytorch-training - INFO - Evaluate best model on test data for horizon 5, Test MAE: 13.5709, Test RMSE: 22.6963, Test MAPE: 8.8359
2026-01-25 18:06:09,100 - easytorch-training - INFO - Evaluate best model on test data for horizon 6, Test MAE: 13.8134, Test RMSE: 23.3415, Test MAPE: 8.9184
2026-01-25 18:06:09,120 - easytorch-training - INFO - Evaluate best model on test data for horizon 7, Test MAE: 14.0759, Test RMSE: 23.8054, Test MAPE: 9.0509
2026-01-25 18:06:09,137 - easytorch-training - INFO - Evaluate best model on test data for horizon 8, Test MAE: 14.2921, Test RMSE: 24.2592, Test MAPE: 9.2019
2026-01-25 18:06:09,156 - easytorch-training - INFO - Evaluate best model on test data for horizon 9, Test MAE: 14.5680, Test RMSE: 24.6858, Test MAPE: 9.3991
2026-01-25 18:06:09,176 - easytorch-training - INFO - Evaluate best model on test data for horizon 10, Test MAE: 14.7210, Test RMSE: 24.9359, Test MAPE: 9.5164
2026-01-25 18:06:09,197 - easytorch-training - INFO - Evaluate best model on test data for horizon 11, Test MAE: 14.8811, Test RMSE: 25.2079, Test MAPE: 9.6819
2026-01-25 18:06:09,218 - easytorch-training - INFO - Evaluate best model on test data for horizon 12, Test MAE: 15.0642, Test RMSE: 25.4874, Test MAPE: 9.7886
2026-01-25 18:06:09,242 - easytorch-training - INFO - Result <test>: [test_time: 20.40 (s), test_MAE: 13.7905, test_RMSE: 23.1837, test_MAPE: 8.9330]
2026-01-25 18:06:09,656 - easytorch-training - INFO - Checkpoint checkpoints/STMAFNet_300/020df9ee7447a9cb965bf70236749dd4/STMAFNet_054.pt saved
2026-01-25 18:06:09,657 - easytorch-training - INFO - The estimated training finish time is 2026-01-26 08:33:24
2026-01-25 18:06:09,657 - easytorch-training - INFO - Epoch 55 / 300
2026-01-25 18:08:58,576 - easytorch-training - INFO - Result <train>: [train_time: 168.92 (s), lr: 1.25e-04, train_MAE: 13.2669, train_RMSE: 22.2870, train_MAPE: 8.8790]
2026-01-25 18:08:58,578 - easytorch-training - INFO - Start validation.
2026-01-25 18:09:20,238 - easytorch-training - INFO - Result <val>: [val_time: 21.66 (s), val_MAE: 13.9039, val_RMSE: 23.0609, val_MAPE: 11.1053]
2026-01-25 18:09:21,079 - easytorch-training - INFO - Checkpoint checkpoints/STMAFNet_300/020df9ee7447a9cb965bf70236749dd4/STMAFNet_best_val_MAE.pt saved
2026-01-25 18:09:42,092 - easytorch-training - INFO - Evaluate best model on test data for horizon 1, Test MAE: 11.9280, Test RMSE: 19.1640, Test MAPE: 8.1564
2026-01-25 18:09:42,112 - easytorch-training - INFO - Evaluate best model on test data for horizon 2, Test MAE: 12.4725, Test RMSE: 20.3313, Test MAPE: 8.5419
2026-01-25 18:09:42,127 - easytorch-training - INFO - Evaluate best model on test data for horizon 3, Test MAE: 12.8570, Test RMSE: 21.2458, Test MAPE: 8.6076
2026-01-25 18:09:42,141 - easytorch-training - INFO - Evaluate best model on test data for horizon 4, Test MAE: 13.1849, Test RMSE: 21.9988, Test MAPE: 8.7539
2026-01-25 18:09:42,154 - easytorch-training - INFO - Evaluate best model on test data for horizon 5, Test MAE: 13.5116, Test RMSE: 22.6934, Test MAPE: 9.0297
2026-01-25 18:09:42,168 - easytorch-training - INFO - Evaluate best model on test data for horizon 6, Test MAE: 13.7936, Test RMSE: 23.3063, Test MAPE: 9.1007
2026-01-25 18:09:42,189 - easytorch-training - INFO - Evaluate best model on test data for horizon 7, Test MAE: 14.0548, Test RMSE: 23.8078, Test MAPE: 9.3200
2026-01-25 18:09:42,210 - easytorch-training - INFO - Evaluate best model on test data for horizon 8, Test MAE: 14.2801, Test RMSE: 24.2581, Test MAPE: 9.3037
2026-01-25 18:09:42,230 - easytorch-training - INFO - Evaluate best model on test data for horizon 9, Test MAE: 14.5168, Test RMSE: 24.6894, Test MAPE: 9.5018
2026-01-25 18:09:42,251 - easytorch-training - INFO - Evaluate best model on test data for horizon 10, Test MAE: 14.6841, Test RMSE: 24.9712, Test MAPE: 9.6005
2026-01-25 18:09:42,272 - easytorch-training - INFO - Evaluate best model on test data for horizon 11, Test MAE: 14.8163, Test RMSE: 25.2225, Test MAPE: 9.6912
2026-01-25 18:09:42,286 - easytorch-training - INFO - Evaluate best model on test data for horizon 12, Test MAE: 15.0217, Test RMSE: 25.5330, Test MAPE: 9.8630
2026-01-25 18:09:42,303 - easytorch-training - INFO - Result <test>: [test_time: 21.21 (s), test_MAE: 13.7601, test_RMSE: 23.1852, test_MAPE: 9.1225]
2026-01-25 18:09:42,717 - easytorch-training - INFO - Checkpoint checkpoints/STMAFNet_300/020df9ee7447a9cb965bf70236749dd4/STMAFNet_055.pt saved
2026-01-25 18:09:42,718 - easytorch-training - INFO - The estimated training finish time is 2026-01-26 08:33:33
2026-01-25 18:09:42,718 - easytorch-training - INFO - Epoch 56 / 300
2026-01-25 18:12:31,577 - easytorch-training - INFO - Result <train>: [train_time: 168.86 (s), lr: 1.25e-04, train_MAE: 13.2301, train_RMSE: 22.2317, train_MAPE: 8.8534]
2026-01-25 18:12:31,578 - easytorch-training - INFO - Start validation.
2026-01-25 18:12:53,611 - easytorch-training - INFO - Result <val>: [val_time: 22.03 (s), val_MAE: 13.8306, val_RMSE: 23.0352, val_MAPE: 10.8261]
2026-01-25 18:12:54,350 - easytorch-training - INFO - Checkpoint checkpoints/STMAFNet_300/020df9ee7447a9cb965bf70236749dd4/STMAFNet_best_val_MAE.pt saved
2026-01-25 18:13:14,681 - easytorch-training - INFO - Evaluate best model on test data for horizon 1, Test MAE: 11.8371, Test RMSE: 19.1350, Test MAPE: 7.7990
2026-01-25 18:13:14,692 - easytorch-training - INFO - Evaluate best model on test data for horizon 2, Test MAE: 12.3361, Test RMSE: 20.2678, Test MAPE: 8.0675
2026-01-25 18:13:14,706 - easytorch-training - INFO - Evaluate best model on test data for horizon 3, Test MAE: 12.7673, Test RMSE: 21.1795, Test MAPE: 8.2943
2026-01-25 18:13:14,725 - easytorch-training - INFO - Evaluate best model on test data for horizon 4, Test MAE: 13.1139, Test RMSE: 21.9493, Test MAPE: 8.5030
2026-01-25 18:13:14,746 - easytorch-training - INFO - Evaluate best model on test data for horizon 5, Test MAE: 13.4244, Test RMSE: 22.6614, Test MAPE: 8.7007
2026-01-25 18:13:14,766 - easytorch-training - INFO - Evaluate best model on test data for horizon 6, Test MAE: 13.6934, Test RMSE: 23.2549, Test MAPE: 8.8964
2026-01-25 18:13:14,787 - easytorch-training - INFO - Evaluate best model on test data for horizon 7, Test MAE: 13.9744, Test RMSE: 23.7815, Test MAPE: 9.1214
2026-01-25 18:13:14,801 - easytorch-training - INFO - Evaluate best model on test data for horizon 8, Test MAE: 14.2167, Test RMSE: 24.2191, Test MAPE: 9.2257
2026-01-25 18:13:14,810 - easytorch-training - INFO - Evaluate best model on test data for horizon 9, Test MAE: 14.4767, Test RMSE: 24.6649, Test MAPE: 9.4729
2026-01-25 18:13:14,825 - easytorch-training - INFO - Evaluate best model on test data for horizon 10, Test MAE: 14.6014, Test RMSE: 24.8836, Test MAPE: 9.4736
2026-01-25 18:13:14,839 - easytorch-training - INFO - Evaluate best model on test data for horizon 11, Test MAE: 14.8267, Test RMSE: 25.2096, Test MAPE: 9.7012
2026-01-25 18:13:14,860 - easytorch-training - INFO - Evaluate best model on test data for horizon 12, Test MAE: 14.9908, Test RMSE: 25.4708, Test MAPE: 9.7729
2026-01-25 18:13:14,883 - easytorch-training - INFO - Result <test>: [test_time: 20.53 (s), test_MAE: 13.6882, test_RMSE: 23.1401, test_MAPE: 8.9190]
2026-01-25 18:13:15,294 - easytorch-training - INFO - Checkpoint checkpoints/STMAFNet_300/020df9ee7447a9cb965bf70236749dd4/STMAFNet_056.pt saved
2026-01-25 18:13:15,295 - easytorch-training - INFO - The estimated training finish time is 2026-01-26 08:33:38
2026-01-25 18:13:15,295 - easytorch-training - INFO - Epoch 57 / 300
2026-01-25 18:16:04,241 - easytorch-training - INFO - Result <train>: [train_time: 168.95 (s), lr: 1.25e-04, train_MAE: 13.2070, train_RMSE: 22.1920, train_MAPE: 8.8393]
2026-01-25 18:16:04,243 - easytorch-training - INFO - Start validation.
2026-01-25 18:16:25,608 - easytorch-training - INFO - Result <val>: [val_time: 21.36 (s), val_MAE: 13.9180, val_RMSE: 23.2262, val_MAPE: 11.0330]
2026-01-25 18:16:45,357 - easytorch-training - INFO - Evaluate best model on test data for horizon 1, Test MAE: 11.8122, Test RMSE: 19.1465, Test MAPE: 7.7090
2026-01-25 18:16:45,376 - easytorch-training - INFO - Evaluate best model on test data for horizon 2, Test MAE: 12.3463, Test RMSE: 20.3007, Test MAPE: 7.9751
2026-01-25 18:16:45,397 - easytorch-training - INFO - Evaluate best model on test data for horizon 3, Test MAE: 12.7844, Test RMSE: 21.2371, Test MAPE: 8.3867
2026-01-25 18:16:45,417 - easytorch-training - INFO - Evaluate best model on test data for horizon 4, Test MAE: 13.1341, Test RMSE: 22.0574, Test MAPE: 8.4888
2026-01-25 18:16:45,436 - easytorch-training - INFO - Evaluate best model on test data for horizon 5, Test MAE: 13.4624, Test RMSE: 22.7961, Test MAPE: 8.6808
2026-01-25 18:16:45,450 - easytorch-training - INFO - Evaluate best model on test data for horizon 6, Test MAE: 13.7448, Test RMSE: 23.4351, Test MAPE: 8.9337
2026-01-25 18:16:45,462 - easytorch-training - INFO - Evaluate best model on test data for horizon 7, Test MAE: 14.0392, Test RMSE: 23.9934, Test MAPE: 9.0929
2026-01-25 18:16:45,476 - easytorch-training - INFO - Evaluate best model on test data for horizon 8, Test MAE: 14.3301, Test RMSE: 24.5284, Test MAPE: 9.2751
2026-01-25 18:16:45,491 - easytorch-training - INFO - Evaluate best model on test data for horizon 9, Test MAE: 14.5403, Test RMSE: 24.8757, Test MAPE: 9.4211
2026-01-25 18:16:45,509 - easytorch-training - INFO - Evaluate best model on test data for horizon 10, Test MAE: 14.7602, Test RMSE: 25.2566, Test MAPE: 9.5591
2026-01-25 18:16:45,530 - easytorch-training - INFO - Evaluate best model on test data for horizon 11, Test MAE: 14.9664, Test RMSE: 25.5630, Test MAPE: 9.7236
2026-01-25 18:16:45,551 - easytorch-training - INFO - Evaluate best model on test data for horizon 12, Test MAE: 15.1698, Test RMSE: 25.8661, Test MAPE: 9.9836
2026-01-25 18:16:45,568 - easytorch-training - INFO - Result <test>: [test_time: 19.96 (s), test_MAE: 13.7575, test_RMSE: 23.3482, test_MAPE: 8.9358]
2026-01-25 18:16:45,981 - easytorch-training - INFO - Checkpoint checkpoints/STMAFNet_300/020df9ee7447a9cb965bf70236749dd4/STMAFNet_057.pt saved
2026-01-25 18:16:45,982 - easytorch-training - INFO - The estimated training finish time is 2026-01-26 08:33:34
2026-01-25 18:16:45,983 - easytorch-training - INFO - Epoch 58 / 300
2026-01-25 18:19:34,682 - easytorch-training - INFO - Result <train>: [train_time: 168.70 (s), lr: 1.25e-04, train_MAE: 13.1868, train_RMSE: 22.1708, train_MAPE: 8.8239]
2026-01-25 18:19:34,684 - easytorch-training - INFO - Start validation.
2026-01-25 18:19:56,150 - easytorch-training - INFO - Result <val>: [val_time: 21.47 (s), val_MAE: 13.8296, val_RMSE: 23.0303, val_MAPE: 10.8107]
2026-01-25 18:19:56,945 - easytorch-training - INFO - Checkpoint checkpoints/STMAFNet_300/020df9ee7447a9cb965bf70236749dd4/STMAFNet_best_val_MAE.pt saved
2026-01-25 18:20:17,916 - easytorch-training - INFO - Evaluate best model on test data for horizon 1, Test MAE: 11.8550, Test RMSE: 19.1457, Test MAPE: 7.6410
2026-01-25 18:20:17,932 - easytorch-training - INFO - Evaluate best model on test data for horizon 2, Test MAE: 12.3748, Test RMSE: 20.2658, Test MAPE: 7.9803
2026-01-25 18:20:17,947 - easytorch-training - INFO - Evaluate best model on test data for horizon 3, Test MAE: 12.7970, Test RMSE: 21.1913, Test MAPE: 8.5327
2026-01-25 18:20:17,957 - easytorch-training - INFO - Evaluate best model on test data for horizon 4, Test MAE: 13.1064, Test RMSE: 21.9771, Test MAPE: 8.4273
2026-01-25 18:20:17,972 - easytorch-training - INFO - Evaluate best model on test data for horizon 5, Test MAE: 13.4365, Test RMSE: 22.6966, Test MAPE: 8.7090
2026-01-25 18:20:17,992 - easytorch-training - INFO - Evaluate best model on test data for horizon 6, Test MAE: 13.7040, Test RMSE: 23.3092, Test MAPE: 8.9073
2026-01-25 18:20:18,013 - easytorch-training - INFO - Evaluate best model on test data for horizon 7, Test MAE: 13.9379, Test RMSE: 23.8282, Test MAPE: 8.9439
2026-01-25 18:20:18,033 - easytorch-training - INFO - Evaluate best model on test data for horizon 8, Test MAE: 14.1842, Test RMSE: 24.3143, Test MAPE: 9.1724
2026-01-25 18:20:18,054 - easytorch-training - INFO - Evaluate best model on test data for horizon 9, Test MAE: 14.4045, Test RMSE: 24.7376, Test MAPE: 9.3087
2026-01-25 18:20:18,075 - easytorch-training - INFO - Evaluate best model on test data for horizon 10, Test MAE: 14.5690, Test RMSE: 25.0307, Test MAPE: 9.4563
2026-01-25 18:20:18,092 - easytorch-training - INFO - Evaluate best model on test data for horizon 11, Test MAE: 14.7249, Test RMSE: 25.2789, Test MAPE: 9.5088
2026-01-25 18:20:18,110 - easytorch-training - INFO - Evaluate best model on test data for horizon 12, Test MAE: 14.9427, Test RMSE: 25.6238, Test MAPE: 9.6703
2026-01-25 18:20:18,134 - easytorch-training - INFO - Result <test>: [test_time: 21.19 (s), test_MAE: 13.6697, test_RMSE: 23.2035, test_MAPE: 8.8548]
2026-01-25 18:20:18,547 - easytorch-training - INFO - Checkpoint checkpoints/STMAFNet_300/020df9ee7447a9cb965bf70236749dd4/STMAFNet_058.pt saved
2026-01-25 18:20:18,548 - easytorch-training - INFO - The estimated training finish time is 2026-01-26 08:33:39
2026-01-25 18:20:18,548 - easytorch-training - INFO - Epoch 59 / 300
2026-01-25 18:23:07,065 - easytorch-training - INFO - Result <train>: [train_time: 168.52 (s), lr: 1.25e-04, train_MAE: 13.1689, train_RMSE: 22.1444, train_MAPE: 8.8145]
2026-01-25 18:23:07,066 - easytorch-training - INFO - Start validation.
2026-01-25 18:23:29,360 - easytorch-training - INFO - Result <val>: [val_time: 22.29 (s), val_MAE: 13.8157, val_RMSE: 23.0081, val_MAPE: 10.6306]
2026-01-25 18:23:30,160 - easytorch-training - INFO - Checkpoint checkpoints/STMAFNet_300/020df9ee7447a9cb965bf70236749dd4/STMAFNet_best_val_MAE.pt saved
2026-01-25 18:23:51,161 - easytorch-training - INFO - Evaluate best model on test data for horizon 1, Test MAE: 11.8056, Test RMSE: 19.1110, Test MAPE: 7.6876
2026-01-25 18:23:51,181 - easytorch-training - INFO - Evaluate best model on test data for horizon 2, Test MAE: 12.3446, Test RMSE: 20.2865, Test MAPE: 7.9843
2026-01-25 18:23:51,202 - easytorch-training - INFO - Evaluate best model on test data for horizon 3, Test MAE: 12.7657, Test RMSE: 21.2234, Test MAPE: 8.2474
2026-01-25 18:23:51,223 - easytorch-training - INFO - Evaluate best model on test data for horizon 4, Test MAE: 13.1132, Test RMSE: 22.0318, Test MAPE: 8.4463
2026-01-25 18:23:51,243 - easytorch-training - INFO - Evaluate best model on test data for horizon 5, Test MAE: 13.4295, Test RMSE: 22.7170, Test MAPE: 8.6821
2026-01-25 18:23:51,264 - easytorch-training - INFO - Evaluate best model on test data for horizon 6, Test MAE: 13.7111, Test RMSE: 23.3421, Test MAPE: 8.8565
2026-01-25 18:23:51,284 - easytorch-training - INFO - Evaluate best model on test data for horizon 7, Test MAE: 14.0016, Test RMSE: 23.8971, Test MAPE: 9.0822
2026-01-25 18:23:51,305 - easytorch-training - INFO - Evaluate best model on test data for horizon 8, Test MAE: 14.2484, Test RMSE: 24.3667, Test MAPE: 9.2469
2026-01-25 18:23:51,322 - easytorch-training - INFO - Evaluate best model on test data for horizon 9, Test MAE: 14.4580, Test RMSE: 24.7206, Test MAPE: 9.3630
2026-01-25 18:23:51,340 - easytorch-training - INFO - Evaluate best model on test data for horizon 10, Test MAE: 14.6368, Test RMSE: 25.0549, Test MAPE: 9.5085
2026-01-25 18:23:51,354 - easytorch-training - INFO - Evaluate best model on test data for horizon 11, Test MAE: 14.8236, Test RMSE: 25.3264, Test MAPE: 9.6874
2026-01-25 18:23:51,370 - easytorch-training - INFO - Evaluate best model on test data for horizon 12, Test MAE: 15.0079, Test RMSE: 25.6116, Test MAPE: 9.8619
2026-01-25 18:23:51,394 - easytorch-training - INFO - Result <test>: [test_time: 21.23 (s), test_MAE: 13.6955, test_RMSE: 23.2281, test_MAPE: 8.8878]
2026-01-25 18:23:51,896 - easytorch-training - INFO - Checkpoint checkpoints/STMAFNet_300/020df9ee7447a9cb965bf70236749dd4/STMAFNet_059.pt saved
2026-01-25 18:23:51,897 - easytorch-training - INFO - The estimated training finish time is 2026-01-26 08:33:48
2026-01-25 18:23:51,897 - easytorch-training - INFO - Epoch 60 / 300
2026-01-25 18:26:40,418 - easytorch-training - INFO - Result <train>: [train_time: 168.52 (s), lr: 1.25e-04, train_MAE: 13.1511, train_RMSE: 22.1149, train_MAPE: 8.8084]
2026-01-25 18:26:40,419 - easytorch-training - INFO - Start validation.
2026-01-25 18:27:02,739 - easytorch-training - INFO - Result <val>: [val_time: 22.32 (s), val_MAE: 13.7706, val_RMSE: 22.9737, val_MAPE: 10.7158]
2026-01-25 18:27:03,519 - easytorch-training - INFO - Checkpoint checkpoints/STMAFNet_300/020df9ee7447a9cb965bf70236749dd4/STMAFNet_best_val_MAE.pt saved
2026-01-25 18:27:24,518 - easytorch-training - INFO - Evaluate best model on test data for horizon 1, Test MAE: 11.7930, Test RMSE: 19.1195, Test MAPE: 7.7397
2026-01-25 18:27:24,535 - easytorch-training - INFO - Evaluate best model on test data for horizon 2, Test MAE: 12.2991, Test RMSE: 20.2509, Test MAPE: 8.0010
2026-01-25 18:27:24,555 - easytorch-training - INFO - Evaluate best model on test data for horizon 3, Test MAE: 12.7344, Test RMSE: 21.1687, Test MAPE: 8.3283
2026-01-25 18:27:24,570 - easytorch-training - INFO - Evaluate best model on test data for horizon 4, Test MAE: 13.1048, Test RMSE: 21.9480, Test MAPE: 8.7834
2026-01-25 18:27:24,583 - easytorch-training - INFO - Evaluate best model on test data for horizon 5, Test MAE: 13.3929, Test RMSE: 22.6033, Test MAPE: 8.7661
2026-01-25 18:27:24,600 - easytorch-training - INFO - Evaluate best model on test data for horizon 6, Test MAE: 13.6511, Test RMSE: 23.2079, Test MAPE: 8.9330
2026-01-25 18:27:24,620 - easytorch-training - INFO - Evaluate best model on test data for horizon 7, Test MAE: 13.9185, Test RMSE: 23.7356, Test MAPE: 9.1396
2026-01-25 18:27:24,641 - easytorch-training - INFO - Evaluate best model on test data for horizon 8, Test MAE: 14.1753, Test RMSE: 24.2343, Test MAPE: 9.3075
2026-01-25 18:27:24,662 - easytorch-training - INFO - Evaluate best model on test data for horizon 9, Test MAE: 14.3959, Test RMSE: 24.6702, Test MAPE: 9.4549
2026-01-25 18:27:24,683 - easytorch-training - INFO - Evaluate best model on test data for horizon 10, Test MAE: 14.5779, Test RMSE: 24.9944, Test MAPE: 9.6642
2026-01-25 18:27:24,703 - easytorch-training - INFO - Evaluate best model on test data for horizon 11, Test MAE: 14.7759, Test RMSE: 25.3051, Test MAPE: 9.7905
2026-01-25 18:27:24,717 - easytorch-training - INFO - Evaluate best model on test data for horizon 12, Test MAE: 14.9595, Test RMSE: 25.6200, Test MAPE: 9.8185
2026-01-25 18:27:24,735 - easytorch-training - INFO - Result <test>: [test_time: 21.21 (s), test_MAE: 13.6482, test_RMSE: 23.1584, test_MAPE: 8.9772]
2026-01-25 18:27:25,148 - easytorch-training - INFO - Checkpoint checkpoints/STMAFNet_300/020df9ee7447a9cb965bf70236749dd4/STMAFNet_060.pt saved
2026-01-25 18:27:25,222 - easytorch-training - INFO - The estimated training finish time is 2026-01-26 08:33:56
2026-01-25 18:27:25,222 - easytorch-training - INFO - Epoch 61 / 300
2026-01-25 18:30:13,351 - easytorch-training - INFO - Result <train>: [train_time: 168.13 (s), lr: 1.25e-04, train_MAE: 13.1383, train_RMSE: 22.1019, train_MAPE: 8.7919]
2026-01-25 18:30:13,352 - easytorch-training - INFO - Start validation.
2026-01-25 18:30:35,061 - easytorch-training - INFO - Result <val>: [val_time: 21.71 (s), val_MAE: 13.8433, val_RMSE: 23.0497, val_MAPE: 11.4821]
2026-01-25 18:30:55,421 - easytorch-training - INFO - Evaluate best model on test data for horizon 1, Test MAE: 11.8832, Test RMSE: 19.1423, Test MAPE: 8.5658
2026-01-25 18:30:55,438 - easytorch-training - INFO - Evaluate best model on test data for horizon 2, Test MAE: 12.4364, Test RMSE: 20.2976, Test MAPE: 9.1064
2026-01-25 18:30:55,451 - easytorch-training - INFO - Evaluate best model on test data for horizon 3, Test MAE: 12.8300, Test RMSE: 21.2067, Test MAPE: 9.2619
2026-01-25 18:30:55,467 - easytorch-training - INFO - Evaluate best model on test data for horizon 4, Test MAE: 13.1117, Test RMSE: 21.9797, Test MAPE: 8.9389
2026-01-25 18:30:55,488 - easytorch-training - INFO - Evaluate best model on test data for horizon 5, Test MAE: 13.4496, Test RMSE: 22.6356, Test MAPE: 9.3728
2026-01-25 18:30:55,509 - easytorch-training - INFO - Evaluate best model on test data for horizon 6, Test MAE: 13.7092, Test RMSE: 23.2515, Test MAPE: 9.3628
2026-01-25 18:30:55,524 - easytorch-training - INFO - Evaluate best model on test data for horizon 7, Test MAE: 14.0168, Test RMSE: 23.7624, Test MAPE: 9.8978
2026-01-25 18:30:55,538 - easytorch-training - INFO - Evaluate best model on test data for horizon 8, Test MAE: 14.1937, Test RMSE: 24.2768, Test MAPE: 9.4798
2026-01-25 18:30:55,552 - easytorch-training - INFO - Evaluate best model on test data for horizon 9, Test MAE: 14.3984, Test RMSE: 24.6412, Test MAPE: 9.6849
2026-01-25 18:30:55,569 - easytorch-training - INFO - Evaluate best model on test data for horizon 10, Test MAE: 14.6083, Test RMSE: 24.9994, Test MAPE: 10.1471
2026-01-25 18:30:55,585 - easytorch-training - INFO - Evaluate best model on test data for horizon 11, Test MAE: 14.7674, Test RMSE: 25.2798, Test MAPE: 10.1932
2026-01-25 18:30:55,600 - easytorch-training - INFO - Evaluate best model on test data for horizon 12, Test MAE: 14.9941, Test RMSE: 25.5762, Test MAPE: 10.6197
2026-01-25 18:30:55,622 - easytorch-training - INFO - Result <test>: [test_time: 20.56 (s), test_MAE: 13.6999, test_RMSE: 23.1726, test_MAPE: 9.5526]
2026-01-25 18:30:56,036 - easytorch-training - INFO - Checkpoint checkpoints/STMAFNet_300/020df9ee7447a9cb965bf70236749dd4/STMAFNet_061.pt saved
2026-01-25 18:30:56,037 - easytorch-training - INFO - The estimated training finish time is 2026-01-26 08:33:52
2026-01-25 18:30:56,037 - easytorch-training - INFO - Epoch 62 / 300
2026-01-25 18:33:44,377 - easytorch-training - INFO - Result <train>: [train_time: 168.34 (s), lr: 1.25e-04, train_MAE: 13.1214, train_RMSE: 22.0791, train_MAPE: 8.7810]
2026-01-25 18:33:44,384 - easytorch-training - INFO - Start validation.
2026-01-25 18:34:06,440 - easytorch-training - INFO - Result <val>: [val_time: 22.06 (s), val_MAE: 13.8463, val_RMSE: 23.1155, val_MAPE: 10.8151]
2026-01-25 18:34:26,737 - easytorch-training - INFO - Evaluate best model on test data for horizon 1, Test MAE: 11.8042, Test RMSE: 19.1413, Test MAPE: 7.7271
2026-01-25 18:34:26,751 - easytorch-training - INFO - Evaluate best model on test data for horizon 2, Test MAE: 12.3353, Test RMSE: 20.3156, Test MAPE: 8.0243
2026-01-25 18:34:26,769 - easytorch-training - INFO - Evaluate best model on test data for horizon 3, Test MAE: 12.7760, Test RMSE: 21.2486, Test MAPE: 8.2923
2026-01-25 18:34:26,783 - easytorch-training - INFO - Evaluate best model on test data for horizon 4, Test MAE: 13.1393, Test RMSE: 22.0790, Test MAPE: 8.5096
2026-01-25 18:34:26,793 - easytorch-training - INFO - Evaluate best model on test data for horizon 5, Test MAE: 13.4431, Test RMSE: 22.7573, Test MAPE: 8.6897
2026-01-25 18:34:26,814 - easytorch-training - INFO - Evaluate best model on test data for horizon 6, Test MAE: 13.7259, Test RMSE: 23.3747, Test MAPE: 9.0099
2026-01-25 18:34:26,834 - easytorch-training - INFO - Evaluate best model on test data for horizon 7, Test MAE: 14.0114, Test RMSE: 23.9128, Test MAPE: 9.1462
2026-01-25 18:34:26,854 - easytorch-training - INFO - Evaluate best model on test data for horizon 8, Test MAE: 14.2696, Test RMSE: 24.4086, Test MAPE: 9.2580
2026-01-25 18:34:26,868 - easytorch-training - INFO - Evaluate best model on test data for horizon 9, Test MAE: 14.4927, Test RMSE: 24.7914, Test MAPE: 9.3914
2026-01-25 18:34:26,887 - easytorch-training - INFO - Evaluate best model on test data for horizon 10, Test MAE: 14.6540, Test RMSE: 25.1181, Test MAPE: 9.4804
2026-01-25 18:34:26,908 - easytorch-training - INFO - Evaluate best model on test data for horizon 11, Test MAE: 14.8222, Test RMSE: 25.3524, Test MAPE: 9.8122
2026-01-25 18:34:26,924 - easytorch-training - INFO - Evaluate best model on test data for horizon 12, Test MAE: 15.0534, Test RMSE: 25.6943, Test MAPE: 9.8278
2026-01-25 18:34:26,942 - easytorch-training - INFO - Result <test>: [test_time: 20.50 (s), test_MAE: 13.7106, test_RMSE: 23.2710, test_MAPE: 8.9307]
2026-01-25 18:34:27,359 - easytorch-training - INFO - Checkpoint checkpoints/STMAFNet_300/020df9ee7447a9cb965bf70236749dd4/STMAFNet_062.pt saved
2026-01-25 18:34:27,360 - easytorch-training - INFO - The estimated training finish time is 2026-01-26 08:33:51
2026-01-25 18:34:27,360 - easytorch-training - INFO - Epoch 63 / 300
2026-01-25 18:37:16,443 - easytorch-training - INFO - Result <train>: [train_time: 169.08 (s), lr: 1.25e-04, train_MAE: 13.1055, train_RMSE: 22.0653, train_MAPE: 8.7737]
2026-01-25 18:37:16,444 - easytorch-training - INFO - Start validation.
2026-01-25 18:37:38,146 - easytorch-training - INFO - Result <val>: [val_time: 21.70 (s), val_MAE: 13.8365, val_RMSE: 23.0444, val_MAPE: 10.9922]
2026-01-25 18:37:58,778 - easytorch-training - INFO - Evaluate best model on test data for horizon 1, Test MAE: 11.8483, Test RMSE: 19.1270, Test MAPE: 7.8479
2026-01-25 18:37:58,799 - easytorch-training - INFO - Evaluate best model on test data for horizon 2, Test MAE: 12.3844, Test RMSE: 20.3133, Test MAPE: 8.0971
2026-01-25 18:37:58,819 - easytorch-training - INFO - Evaluate best model on test data for horizon 3, Test MAE: 12.8006, Test RMSE: 21.2287, Test MAPE: 8.3499
2026-01-25 18:37:58,840 - easytorch-training - INFO - Evaluate best model on test data for horizon 4, Test MAE: 13.1793, Test RMSE: 22.0543, Test MAPE: 8.6384
2026-01-25 18:37:58,861 - easytorch-training - INFO - Evaluate best model on test data for horizon 5, Test MAE: 13.4688, Test RMSE: 22.7237, Test MAPE: 8.6908
2026-01-25 18:37:58,882 - easytorch-training - INFO - Evaluate best model on test data for horizon 6, Test MAE: 13.7499, Test RMSE: 23.2960, Test MAPE: 8.9174
2026-01-25 18:37:58,902 - easytorch-training - INFO - Evaluate best model on test data for horizon 7, Test MAE: 13.9869, Test RMSE: 23.8114, Test MAPE: 9.2598
2026-01-25 18:37:58,917 - easytorch-training - INFO - Evaluate best model on test data for horizon 8, Test MAE: 14.2139, Test RMSE: 24.2914, Test MAPE: 9.3165
2026-01-25 18:37:58,926 - easytorch-training - INFO - Evaluate best model on test data for horizon 9, Test MAE: 14.4354, Test RMSE: 24.6758, Test MAPE: 9.5089
2026-01-25 18:37:58,945 - easytorch-training - INFO - Evaluate best model on test data for horizon 10, Test MAE: 14.6327, Test RMSE: 25.0024, Test MAPE: 9.7974
2026-01-25 18:37:58,962 - easytorch-training - INFO - Evaluate best model on test data for horizon 11, Test MAE: 14.7755, Test RMSE: 25.2199, Test MAPE: 9.7867
2026-01-25 18:37:58,982 - easytorch-training - INFO - Evaluate best model on test data for horizon 12, Test MAE: 14.9713, Test RMSE: 25.5424, Test MAPE: 9.7832
2026-01-25 18:37:59,006 - easytorch-training - INFO - Result <test>: [test_time: 20.86 (s), test_MAE: 13.7039, test_RMSE: 23.1914, test_MAPE: 8.9995]
2026-01-25 18:37:59,420 - easytorch-training - INFO - Checkpoint checkpoints/STMAFNet_300/020df9ee7447a9cb965bf70236749dd4/STMAFNet_063.pt saved
2026-01-25 18:37:59,421 - easytorch-training - INFO - The estimated training finish time is 2026-01-26 08:33:53
2026-01-25 18:37:59,421 - easytorch-training - INFO - Epoch 64 / 300
2026-01-25 18:40:48,006 - easytorch-training - INFO - Result <train>: [train_time: 168.58 (s), lr: 1.25e-04, train_MAE: 13.0893, train_RMSE: 22.0340, train_MAPE: 8.7555]
2026-01-25 18:40:48,007 - easytorch-training - INFO - Start validation.
2026-01-25 18:41:10,157 - easytorch-training - INFO - Result <val>: [val_time: 22.15 (s), val_MAE: 13.8309, val_RMSE: 23.1393, val_MAPE: 10.8666]
2026-01-25 18:41:31,086 - easytorch-training - INFO - Evaluate best model on test data for horizon 1, Test MAE: 11.8169, Test RMSE: 19.1672, Test MAPE: 7.8421
2026-01-25 18:41:31,103 - easytorch-training - INFO - Evaluate best model on test data for horizon 2, Test MAE: 12.3505, Test RMSE: 20.3131, Test MAPE: 8.2567
2026-01-25 18:41:31,124 - easytorch-training - INFO - Evaluate best model on test data for horizon 3, Test MAE: 12.7603, Test RMSE: 21.2731, Test MAPE: 8.3449
2026-01-25 18:41:31,138 - easytorch-training - INFO - Evaluate best model on test data for horizon 4, Test MAE: 13.1220, Test RMSE: 22.0751, Test MAPE: 8.5821
2026-01-25 18:41:31,152 - easytorch-training - INFO - Evaluate best model on test data for horizon 5, Test MAE: 13.4127, Test RMSE: 22.7507, Test MAPE: 8.7116
2026-01-25 18:41:31,173 - easytorch-training - INFO - Evaluate best model on test data for horizon 6, Test MAE: 13.7005, Test RMSE: 23.3673, Test MAPE: 8.9463
2026-01-25 18:41:31,190 - easytorch-training - INFO - Evaluate best model on test data for horizon 7, Test MAE: 13.9750, Test RMSE: 23.9366, Test MAPE: 9.0987
2026-01-25 18:41:31,200 - easytorch-training - INFO - Evaluate best model on test data for horizon 8, Test MAE: 14.2523, Test RMSE: 24.4189, Test MAPE: 9.5609
2026-01-25 18:41:31,210 - easytorch-training - INFO - Evaluate best model on test data for horizon 9, Test MAE: 14.4587, Test RMSE: 24.8447, Test MAPE: 9.5091
2026-01-25 18:41:31,227 - easytorch-training - INFO - Evaluate best model on test data for horizon 10, Test MAE: 14.6162, Test RMSE: 25.1755, Test MAPE: 9.4794
2026-01-25 18:41:31,248 - easytorch-training - INFO - Evaluate best model on test data for horizon 11, Test MAE: 14.8173, Test RMSE: 25.4716, Test MAPE: 9.6410
2026-01-25 18:41:31,268 - easytorch-training - INFO - Evaluate best model on test data for horizon 12, Test MAE: 15.0119, Test RMSE: 25.7810, Test MAPE: 9.8088
2026-01-25 18:41:31,292 - easytorch-training - INFO - Result <test>: [test_time: 21.13 (s), test_MAE: 13.6912, test_RMSE: 23.3046, test_MAPE: 8.9818]
2026-01-25 18:41:31,704 - easytorch-training - INFO - Checkpoint checkpoints/STMAFNet_300/020df9ee7447a9cb965bf70236749dd4/STMAFNet_064.pt saved
2026-01-25 18:41:31,704 - easytorch-training - INFO - The estimated training finish time is 2026-01-26 08:33:56
2026-01-25 18:41:31,705 - easytorch-training - INFO - Epoch 65 / 300
2026-01-25 18:44:20,339 - easytorch-training - INFO - Result <train>: [train_time: 168.63 (s), lr: 1.25e-04, train_MAE: 13.0803, train_RMSE: 22.0226, train_MAPE: 8.7483]
2026-01-25 18:44:20,341 - easytorch-training - INFO - Start validation.
2026-01-25 18:44:41,783 - easytorch-training - INFO - Result <val>: [val_time: 21.44 (s), val_MAE: 13.7869, val_RMSE: 23.0492, val_MAPE: 10.9787]
2026-01-25 18:45:01,794 - easytorch-training - INFO - Evaluate best model on test data for horizon 1, Test MAE: 11.7778, Test RMSE: 19.1136, Test MAPE: 7.9955
2026-01-25 18:45:01,815 - easytorch-training - INFO - Evaluate best model on test data for horizon 2, Test MAE: 12.3822, Test RMSE: 20.2932, Test MAPE: 8.8049
2026-01-25 18:45:01,836 - easytorch-training - INFO - Evaluate best model on test data for horizon 3, Test MAE: 12.7176, Test RMSE: 21.2132, Test MAPE: 8.3580
2026-01-25 18:45:01,856 - easytorch-training - INFO - Evaluate best model on test data for horizon 4, Test MAE: 13.0948, Test RMSE: 22.0216, Test MAPE: 8.7143
2026-01-25 18:45:01,867 - easytorch-training - INFO - Evaluate best model on test data for horizon 5, Test MAE: 13.3925, Test RMSE: 22.7036, Test MAPE: 8.9039
2026-01-25 18:45:01,875 - easytorch-training - INFO - Evaluate best model on test data for horizon 6, Test MAE: 13.6659, Test RMSE: 23.3209, Test MAPE: 8.9664
2026-01-25 18:45:01,887 - easytorch-training - INFO - Evaluate best model on test data for horizon 7, Test MAE: 13.9307, Test RMSE: 23.8769, Test MAPE: 9.0544
2026-01-25 18:45:01,901 - easytorch-training - INFO - Evaluate best model on test data for horizon 8, Test MAE: 14.1641, Test RMSE: 24.3359, Test MAPE: 9.2103
2026-01-25 18:45:01,922 - easytorch-training - INFO - Evaluate best model on test data for horizon 9, Test MAE: 14.3573, Test RMSE: 24.6841, Test MAPE: 9.3558
2026-01-25 18:45:01,943 - easytorch-training - INFO - Evaluate best model on test data for horizon 10, Test MAE: 14.5329, Test RMSE: 25.0222, Test MAPE: 9.4067
2026-01-25 18:45:01,963 - easytorch-training - INFO - Evaluate best model on test data for horizon 11, Test MAE: 14.6959, Test RMSE: 25.2583, Test MAPE: 9.5553
2026-01-25 18:45:01,984 - easytorch-training - INFO - Evaluate best model on test data for horizon 12, Test MAE: 14.9093, Test RMSE: 25.5932, Test MAPE: 9.7005
2026-01-25 18:45:02,006 - easytorch-training - INFO - Result <test>: [test_time: 20.22 (s), test_MAE: 13.6351, test_RMSE: 23.2059, test_MAPE: 9.0021]
2026-01-25 18:45:02,424 - easytorch-training - INFO - Checkpoint checkpoints/STMAFNet_300/020df9ee7447a9cb965bf70236749dd4/STMAFNet_065.pt saved
2026-01-25 18:45:02,425 - easytorch-training - INFO - The estimated training finish time is 2026-01-26 08:33:52
2026-01-25 18:45:02,425 - easytorch-training - INFO - Epoch 66 / 300
2026-01-25 18:47:51,445 - easytorch-training - INFO - Result <train>: [train_time: 169.02 (s), lr: 1.25e-04, train_MAE: 13.0610, train_RMSE: 21.9970, train_MAPE: 8.7416]
2026-01-25 18:47:51,446 - easytorch-training - INFO - Start validation.
2026-01-25 18:48:13,422 - easytorch-training - INFO - Result <val>: [val_time: 21.97 (s), val_MAE: 13.7724, val_RMSE: 22.9992, val_MAPE: 10.6509]
2026-01-25 18:48:33,795 - easytorch-training - INFO - Evaluate best model on test data for horizon 1, Test MAE: 11.7812, Test RMSE: 19.1290, Test MAPE: 7.6835
2026-01-25 18:48:33,816 - easytorch-training - INFO - Evaluate best model on test data for horizon 2, Test MAE: 12.3078, Test RMSE: 20.2734, Test MAPE: 7.9904
2026-01-25 18:48:33,836 - easytorch-training - INFO - Evaluate best model on test data for horizon 3, Test MAE: 12.7414, Test RMSE: 21.1930, Test MAPE: 8.2367
2026-01-25 18:48:33,857 - easytorch-training - INFO - Evaluate best model on test data for horizon 4, Test MAE: 13.0856, Test RMSE: 21.9634, Test MAPE: 8.4561
2026-01-25 18:48:33,878 - easytorch-training - INFO - Evaluate best model on test data for horizon 5, Test MAE: 13.3738, Test RMSE: 22.5994, Test MAPE: 8.6184
2026-01-25 18:48:33,895 - easytorch-training - INFO - Evaluate best model on test data for horizon 6, Test MAE: 13.6362, Test RMSE: 23.1830, Test MAPE: 8.8243
2026-01-25 18:48:33,908 - easytorch-training - INFO - Evaluate best model on test data for horizon 7, Test MAE: 13.9144, Test RMSE: 23.7202, Test MAPE: 9.0159
2026-01-25 18:48:33,924 - easytorch-training - INFO - Evaluate best model on test data for horizon 8, Test MAE: 14.1754, Test RMSE: 24.1903, Test MAPE: 9.2742
2026-01-25 18:48:33,940 - easytorch-training - INFO - Evaluate best model on test data for horizon 9, Test MAE: 14.3551, Test RMSE: 24.5496, Test MAPE: 9.3259
2026-01-25 18:48:33,961 - easytorch-training - INFO - Evaluate best model on test data for horizon 10, Test MAE: 14.5392, Test RMSE: 24.9054, Test MAPE: 9.4143
2026-01-25 18:48:33,981 - easytorch-training - INFO - Evaluate best model on test data for horizon 11, Test MAE: 14.7304, Test RMSE: 25.1801, Test MAPE: 9.6062
2026-01-25 18:48:34,002 - easytorch-training - INFO - Evaluate best model on test data for horizon 12, Test MAE: 14.9246, Test RMSE: 25.4946, Test MAPE: 9.7349
2026-01-25 18:48:34,026 - easytorch-training - INFO - Result <test>: [test_time: 20.60 (s), test_MAE: 13.6304, test_RMSE: 23.1146, test_MAPE: 8.8484]
2026-01-25 18:48:34,452 - easytorch-training - INFO - Checkpoint checkpoints/STMAFNet_300/020df9ee7447a9cb965bf70236749dd4/STMAFNet_066.pt saved
2026-01-25 18:48:34,453 - easytorch-training - INFO - The estimated training finish time is 2026-01-26 08:33:54
2026-01-25 18:48:34,453 - easytorch-training - INFO - Epoch 67 / 300
2026-01-25 18:51:23,743 - easytorch-training - INFO - Result <train>: [train_time: 169.29 (s), lr: 1.25e-04, train_MAE: 13.0488, train_RMSE: 21.9762, train_MAPE: 8.7341]
2026-01-25 18:51:23,744 - easytorch-training - INFO - Start validation.
2026-01-25 18:51:45,260 - easytorch-training - INFO - Result <val>: [val_time: 21.52 (s), val_MAE: 13.7455, val_RMSE: 23.0211, val_MAPE: 10.8284]
2026-01-25 18:51:46,005 - easytorch-training - INFO - Checkpoint checkpoints/STMAFNet_300/020df9ee7447a9cb965bf70236749dd4/STMAFNet_best_val_MAE.pt saved
2026-01-25 18:52:06,479 - easytorch-training - INFO - Evaluate best model on test data for horizon 1, Test MAE: 11.7830, Test RMSE: 19.1522, Test MAPE: 7.9152
2026-01-25 18:52:06,494 - easytorch-training - INFO - Evaluate best model on test data for horizon 2, Test MAE: 12.3003, Test RMSE: 20.3194, Test MAPE: 7.9912
2026-01-25 18:52:06,508 - easytorch-training - INFO - Evaluate best model on test data for horizon 3, Test MAE: 12.7409, Test RMSE: 21.2845, Test MAPE: 8.2602
2026-01-25 18:52:06,525 - easytorch-training - INFO - Evaluate best model on test data for horizon 4, Test MAE: 13.0887, Test RMSE: 22.0653, Test MAPE: 8.6075
2026-01-25 18:52:06,544 - easytorch-training - INFO - Evaluate best model on test data for horizon 5, Test MAE: 13.3807, Test RMSE: 22.7707, Test MAPE: 8.6749
2026-01-25 18:52:06,564 - easytorch-training - INFO - Evaluate best model on test data for horizon 6, Test MAE: 13.6570, Test RMSE: 23.3873, Test MAPE: 8.7922
2026-01-25 18:52:06,585 - easytorch-training - INFO - Evaluate best model on test data for horizon 7, Test MAE: 13.9435, Test RMSE: 23.9365, Test MAPE: 8.9567
2026-01-25 18:52:06,606 - easytorch-training - INFO - Evaluate best model on test data for horizon 8, Test MAE: 14.1568, Test RMSE: 24.3595, Test MAPE: 9.1199
2026-01-25 18:52:06,621 - easytorch-training - INFO - Evaluate best model on test data for horizon 9, Test MAE: 14.3614, Test RMSE: 24.7459, Test MAPE: 9.2547
2026-01-25 18:52:06,641 - easytorch-training - INFO - Evaluate best model on test data for horizon 10, Test MAE: 14.5426, Test RMSE: 25.0906, Test MAPE: 9.3901
2026-01-25 18:52:06,658 - easytorch-training - INFO - Evaluate best model on test data for horizon 11, Test MAE: 14.7348, Test RMSE: 25.3746, Test MAPE: 9.5816
2026-01-25 18:52:06,673 - easytorch-training - INFO - Evaluate best model on test data for horizon 12, Test MAE: 14.9237, Test RMSE: 25.6742, Test MAPE: 9.6917
2026-01-25 18:52:06,694 - easytorch-training - INFO - Result <test>: [test_time: 20.69 (s), test_MAE: 13.6345, test_RMSE: 23.2672, test_MAPE: 8.8530]
2026-01-25 18:52:07,107 - easytorch-training - INFO - Checkpoint checkpoints/STMAFNet_300/020df9ee7447a9cb965bf70236749dd4/STMAFNet_067.pt saved
2026-01-25 18:52:07,108 - easytorch-training - INFO - The estimated training finish time is 2026-01-26 08:33:58
2026-01-25 18:52:07,108 - easytorch-training - INFO - Epoch 68 / 300
2026-01-25 18:54:56,365 - easytorch-training - INFO - Result <train>: [train_time: 169.26 (s), lr: 1.25e-04, train_MAE: 13.0354, train_RMSE: 21.9678, train_MAPE: 8.7411]
2026-01-25 18:54:56,367 - easytorch-training - INFO - Start validation.
2026-01-25 18:55:18,163 - easytorch-training - INFO - Result <val>: [val_time: 21.80 (s), val_MAE: 13.7769, val_RMSE: 23.0556, val_MAPE: 10.8462]
2026-01-25 18:55:37,422 - easytorch-training - INFO - Evaluate best model on test data for horizon 1, Test MAE: 11.7562, Test RMSE: 19.1243, Test MAPE: 7.7513
2026-01-25 18:55:37,443 - easytorch-training - INFO - Evaluate best model on test data for horizon 2, Test MAE: 12.2923, Test RMSE: 20.2854, Test MAPE: 8.0682
2026-01-25 18:55:37,464 - easytorch-training - INFO - Evaluate best model on test data for horizon 3, Test MAE: 12.7159, Test RMSE: 21.2091, Test MAPE: 8.2551
2026-01-25 18:55:37,483 - easytorch-training - INFO - Evaluate best model on test data for horizon 4, Test MAE: 13.0736, Test RMSE: 22.0123, Test MAPE: 8.5152
2026-01-25 18:55:37,492 - easytorch-training - INFO - Evaluate best model on test data for horizon 5, Test MAE: 13.3776, Test RMSE: 22.7185, Test MAPE: 8.6193
2026-01-25 18:55:37,504 - easytorch-training - INFO - Evaluate best model on test data for horizon 6, Test MAE: 13.6400, Test RMSE: 23.3323, Test MAPE: 8.8222
2026-01-25 18:55:37,522 - easytorch-training - INFO - Evaluate best model on test data for horizon 7, Test MAE: 13.8905, Test RMSE: 23.8500, Test MAPE: 8.9659
2026-01-25 18:55:37,538 - easytorch-training - INFO - Evaluate best model on test data for horizon 8, Test MAE: 14.1619, Test RMSE: 24.3686, Test MAPE: 9.2176
2026-01-25 18:55:37,558 - easytorch-training - INFO - Evaluate best model on test data for horizon 9, Test MAE: 14.3633, Test RMSE: 24.7315, Test MAPE: 9.2733
2026-01-25 18:55:37,579 - easytorch-training - INFO - Evaluate best model on test data for horizon 10, Test MAE: 14.5274, Test RMSE: 25.0398, Test MAPE: 9.4698
2026-01-25 18:55:37,599 - easytorch-training - INFO - Evaluate best model on test data for horizon 11, Test MAE: 14.6999, Test RMSE: 25.3095, Test MAPE: 9.7450
2026-01-25 18:55:37,609 - easytorch-training - INFO - Evaluate best model on test data for horizon 12, Test MAE: 14.8910, Test RMSE: 25.6019, Test MAPE: 9.6449
2026-01-25 18:55:37,624 - easytorch-training - INFO - Result <test>: [test_time: 19.46 (s), test_MAE: 13.6158, test_RMSE: 23.2190, test_MAPE: 8.8623]
2026-01-25 18:55:38,037 - easytorch-training - INFO - Checkpoint checkpoints/STMAFNet_300/020df9ee7447a9cb965bf70236749dd4/STMAFNet_068.pt saved
2026-01-25 18:55:38,038 - easytorch-training - INFO - The estimated training finish time is 2026-01-26 08:33:55
2026-01-25 18:55:38,038 - easytorch-training - INFO - Epoch 69 / 300
2026-01-25 18:58:27,358 - easytorch-training - INFO - Result <train>: [train_time: 169.32 (s), lr: 1.25e-04, train_MAE: 13.0194, train_RMSE: 21.9315, train_MAPE: 8.7243]
2026-01-25 18:58:27,358 - easytorch-training - INFO - Start validation.
2026-01-25 18:58:47,877 - easytorch-training - INFO - Result <val>: [val_time: 20.52 (s), val_MAE: 13.7590, val_RMSE: 23.0291, val_MAPE: 10.7471]
2026-01-25 18:59:08,513 - easytorch-training - INFO - Evaluate best model on test data for horizon 1, Test MAE: 11.7554, Test RMSE: 19.0931, Test MAPE: 7.7332
2026-01-25 18:59:08,533 - easytorch-training - INFO - Evaluate best model on test data for horizon 2, Test MAE: 12.3243, Test RMSE: 20.2573, Test MAPE: 8.2918
2026-01-25 18:59:08,554 - easytorch-training - INFO - Evaluate best model on test data for horizon 3, Test MAE: 12.6993, Test RMSE: 21.1831, Test MAPE: 8.2849
2026-01-25 18:59:08,575 - easytorch-training - INFO - Evaluate best model on test data for horizon 4, Test MAE: 13.0549, Test RMSE: 21.9629, Test MAPE: 8.5587
2026-01-25 18:59:08,595 - easytorch-training - INFO - Evaluate best model on test data for horizon 5, Test MAE: 13.3382, Test RMSE: 22.6502, Test MAPE: 8.7179
2026-01-25 18:59:08,609 - easytorch-training - INFO - Evaluate best model on test data for horizon 6, Test MAE: 13.6070, Test RMSE: 23.2688, Test MAPE: 8.8423
2026-01-25 18:59:08,618 - easytorch-training - INFO - Evaluate best model on test data for horizon 7, Test MAE: 13.8725, Test RMSE: 23.7954, Test MAPE: 9.0763
2026-01-25 18:59:08,632 - easytorch-training - INFO - Evaluate best model on test data for horizon 8, Test MAE: 14.1258, Test RMSE: 24.3229, Test MAPE: 9.1873
2026-01-25 18:59:08,653 - easytorch-training - INFO - Evaluate best model on test data for horizon 9, Test MAE: 14.3349, Test RMSE: 24.6891, Test MAPE: 9.3069
2026-01-25 18:59:08,670 - easytorch-training - INFO - Evaluate best model on test data for horizon 10, Test MAE: 14.5038, Test RMSE: 25.0232, Test MAPE: 9.4234
2026-01-25 18:59:08,689 - easytorch-training - INFO - Evaluate best model on test data for horizon 11, Test MAE: 14.6663, Test RMSE: 25.2898, Test MAPE: 9.5816
2026-01-25 18:59:08,709 - easytorch-training - INFO - Evaluate best model on test data for horizon 12, Test MAE: 14.8779, Test RMSE: 25.6321, Test MAPE: 9.8938
2026-01-25 18:59:08,733 - easytorch-training - INFO - Result <test>: [test_time: 20.85 (s), test_MAE: 13.5967, test_RMSE: 23.1851, test_MAPE: 8.9082]
2026-01-25 18:59:09,145 - easytorch-training - INFO - Checkpoint checkpoints/STMAFNet_300/020df9ee7447a9cb965bf70236749dd4/STMAFNet_069.pt saved
2026-01-25 18:59:09,146 - easytorch-training - INFO - The estimated training finish time is 2026-01-26 08:33:53
2026-01-25 18:59:09,146 - easytorch-training - INFO - Epoch 70 / 300
2026-01-25 19:01:57,829 - easytorch-training - INFO - Result <train>: [train_time: 168.68 (s), lr: 1.25e-04, train_MAE: 13.0090, train_RMSE: 21.9144, train_MAPE: 8.7108]
2026-01-25 19:01:57,831 - easytorch-training - INFO - Start validation.
2026-01-25 19:02:20,100 - easytorch-training - INFO - Result <val>: [val_time: 22.27 (s), val_MAE: 13.7478, val_RMSE: 23.0436, val_MAPE: 11.1099]
2026-01-25 19:02:41,146 - easytorch-training - INFO - Evaluate best model on test data for horizon 1, Test MAE: 11.7637, Test RMSE: 19.0988, Test MAPE: 7.9349
2026-01-25 19:02:41,166 - easytorch-training - INFO - Evaluate best model on test data for horizon 2, Test MAE: 12.2913, Test RMSE: 20.2688, Test MAPE: 8.4573
2026-01-25 19:02:41,187 - easytorch-training - INFO - Evaluate best model on test data for horizon 3, Test MAE: 12.7265, Test RMSE: 21.2061, Test MAPE: 8.8087
2026-01-25 19:02:41,208 - easytorch-training - INFO - Evaluate best model on test data for horizon 4, Test MAE: 13.0999, Test RMSE: 22.0321, Test MAPE: 8.9892
2026-01-25 19:02:41,226 - easytorch-training - INFO - Evaluate best model on test data for horizon 5, Test MAE: 13.3735, Test RMSE: 22.7152, Test MAPE: 9.0158
2026-01-25 19:02:41,243 - easytorch-training - INFO - Evaluate best model on test data for horizon 6, Test MAE: 13.6407, Test RMSE: 23.3416, Test MAPE: 9.0464
2026-01-25 19:02:41,257 - easytorch-training - INFO - Evaluate best model on test data for horizon 7, Test MAE: 13.8995, Test RMSE: 23.8796, Test MAPE: 9.0947
2026-01-25 19:02:41,267 - easytorch-training - INFO - Evaluate best model on test data for horizon 8, Test MAE: 14.1658, Test RMSE: 24.3276, Test MAPE: 9.3497
2026-01-25 19:02:41,287 - easytorch-training - INFO - Evaluate best model on test data for horizon 9, Test MAE: 14.3618, Test RMSE: 24.7007, Test MAPE: 9.3176
2026-01-25 19:02:41,308 - easytorch-training - INFO - Evaluate best model on test data for horizon 10, Test MAE: 14.5381, Test RMSE: 25.0446, Test MAPE: 9.4733
2026-01-25 19:02:41,328 - easytorch-training - INFO - Evaluate best model on test data for horizon 11, Test MAE: 14.6968, Test RMSE: 25.2950, Test MAPE: 9.6410
2026-01-25 19:02:41,342 - easytorch-training - INFO - Evaluate best model on test data for horizon 12, Test MAE: 14.8918, Test RMSE: 25.5981, Test MAPE: 9.7674
2026-01-25 19:02:41,364 - easytorch-training - INFO - Result <test>: [test_time: 21.26 (s), test_MAE: 13.6208, test_RMSE: 23.2128, test_MAPE: 9.0747]
2026-01-25 19:02:41,790 - easytorch-training - INFO - Checkpoint checkpoints/STMAFNet_300/020df9ee7447a9cb965bf70236749dd4/STMAFNet_070.pt saved
2026-01-25 19:02:41,863 - easytorch-training - INFO - The estimated training finish time is 2026-01-26 08:33:58
2026-01-25 19:02:41,863 - easytorch-training - INFO - Epoch 71 / 300
2026-01-25 19:05:30,264 - easytorch-training - INFO - Result <train>: [train_time: 168.40 (s), lr: 1.25e-04, train_MAE: 12.9924, train_RMSE: 21.8953, train_MAPE: 8.7038]
2026-01-25 19:05:30,267 - easytorch-training - INFO - Start validation.
2026-01-25 19:05:52,591 - easytorch-training - INFO - Result <val>: [val_time: 22.32 (s), val_MAE: 13.7532, val_RMSE: 23.0002, val_MAPE: 10.8069]
2026-01-25 19:06:13,632 - easytorch-training - INFO - Evaluate best model on test data for horizon 1, Test MAE: 11.7553, Test RMSE: 19.0861, Test MAPE: 7.7760
2026-01-25 19:06:13,652 - easytorch-training - INFO - Evaluate best model on test data for horizon 2, Test MAE: 12.2861, Test RMSE: 20.2514, Test MAPE: 7.9868
2026-01-25 19:06:13,673 - easytorch-training - INFO - Evaluate best model on test data for horizon 3, Test MAE: 12.6872, Test RMSE: 21.1475, Test MAPE: 8.3149
2026-01-25 19:06:13,692 - easytorch-training - INFO - Evaluate best model on test data for horizon 4, Test MAE: 13.0579, Test RMSE: 21.9951, Test MAPE: 8.4782
2026-01-25 19:06:13,700 - easytorch-training - INFO - Evaluate best model on test data for horizon 5, Test MAE: 13.3783, Test RMSE: 22.6502, Test MAPE: 8.8638
2026-01-25 19:06:13,708 - easytorch-training - INFO - Evaluate best model on test data for horizon 6, Test MAE: 13.6593, Test RMSE: 23.2789, Test MAPE: 9.0070
2026-01-25 19:06:13,727 - easytorch-training - INFO - Evaluate best model on test data for horizon 7, Test MAE: 13.9233, Test RMSE: 23.8402, Test MAPE: 9.0209
2026-01-25 19:06:13,747 - easytorch-training - INFO - Evaluate best model on test data for horizon 8, Test MAE: 14.1863, Test RMSE: 24.3136, Test MAPE: 9.3390
2026-01-25 19:06:13,765 - easytorch-training - INFO - Evaluate best model on test data for horizon 9, Test MAE: 14.3453, Test RMSE: 24.7033, Test MAPE: 9.2755
2026-01-25 19:06:13,783 - easytorch-training - INFO - Evaluate best model on test data for horizon 10, Test MAE: 14.5341, Test RMSE: 25.0571, Test MAPE: 9.5412
2026-01-25 19:06:13,804 - easytorch-training - INFO - Evaluate best model on test data for horizon 11, Test MAE: 14.7067, Test RMSE: 25.3370, Test MAPE: 9.5901
2026-01-25 19:06:13,825 - easytorch-training - INFO - Evaluate best model on test data for horizon 12, Test MAE: 14.9224, Test RMSE: 25.6204, Test MAPE: 9.8619
2026-01-25 19:06:13,849 - easytorch-training - INFO - Result <test>: [test_time: 21.26 (s), test_MAE: 13.6202, test_RMSE: 23.1954, test_MAPE: 8.9213]
2026-01-25 19:06:14,261 - easytorch-training - INFO - Checkpoint checkpoints/STMAFNet_300/020df9ee7447a9cb965bf70236749dd4/STMAFNet_071.pt saved
2026-01-25 19:06:14,262 - easytorch-training - INFO - The estimated training finish time is 2026-01-26 08:34:01
2026-01-25 19:06:14,262 - easytorch-training - INFO - Epoch 72 / 300
2026-01-25 19:09:02,923 - easytorch-training - INFO - Result <train>: [train_time: 168.66 (s), lr: 1.25e-04, train_MAE: 12.9876, train_RMSE: 21.8918, train_MAPE: 8.6935]
2026-01-25 19:09:02,925 - easytorch-training - INFO - Start validation.
2026-01-25 19:09:24,878 - easytorch-training - INFO - Result <val>: [val_time: 21.95 (s), val_MAE: 13.7967, val_RMSE: 23.1462, val_MAPE: 11.2551]
2026-01-25 19:09:45,148 - easytorch-training - INFO - Evaluate best model on test data for horizon 1, Test MAE: 11.7400, Test RMSE: 19.0994, Test MAPE: 7.7997
2026-01-25 19:09:45,164 - easytorch-training - INFO - Evaluate best model on test data for horizon 2, Test MAE: 12.2656, Test RMSE: 20.2812, Test MAPE: 8.0321
2026-01-25 19:09:45,180 - easytorch-training - INFO - Evaluate best model on test data for horizon 3, Test MAE: 12.6987, Test RMSE: 21.2208, Test MAPE: 8.2887
2026-01-25 19:09:45,201 - easytorch-training - INFO - Evaluate best model on test data for horizon 4, Test MAE: 13.1345, Test RMSE: 22.0545, Test MAPE: 9.2354
2026-01-25 19:09:45,221 - easytorch-training - INFO - Evaluate best model on test data for horizon 5, Test MAE: 13.3634, Test RMSE: 22.7220, Test MAPE: 8.8713
2026-01-25 19:09:45,242 - easytorch-training - INFO - Evaluate best model on test data for horizon 6, Test MAE: 13.6648, Test RMSE: 23.3224, Test MAPE: 9.4100
2026-01-25 19:09:45,256 - easytorch-training - INFO - Evaluate best model on test data for horizon 7, Test MAE: 13.8990, Test RMSE: 23.8616, Test MAPE: 9.2632
2026-01-25 19:09:45,264 - easytorch-training - INFO - Evaluate best model on test data for horizon 8, Test MAE: 14.1224, Test RMSE: 24.2961, Test MAPE: 9.4455
2026-01-25 19:09:45,281 - easytorch-training - INFO - Evaluate best model on test data for horizon 9, Test MAE: 14.3763, Test RMSE: 24.7023, Test MAPE: 9.4866
2026-01-25 19:09:45,299 - easytorch-training - INFO - Evaluate best model on test data for horizon 10, Test MAE: 14.5200, Test RMSE: 24.9777, Test MAPE: 9.6023
2026-01-25 19:09:45,314 - easytorch-training - INFO - Evaluate best model on test data for horizon 11, Test MAE: 14.6736, Test RMSE: 25.2431, Test MAPE: 9.6161
2026-01-25 19:09:45,330 - easytorch-training - INFO - Evaluate best model on test data for horizon 12, Test MAE: 14.8734, Test RMSE: 25.5510, Test MAPE: 9.8290
2026-01-25 19:09:45,354 - easytorch-training - INFO - Result <test>: [test_time: 20.47 (s), test_MAE: 13.6110, test_RMSE: 23.1964, test_MAPE: 9.0733]
2026-01-25 19:09:45,770 - easytorch-training - INFO - Checkpoint checkpoints/STMAFNet_300/020df9ee7447a9cb965bf70236749dd4/STMAFNet_072.pt saved
2026-01-25 19:09:45,771 - easytorch-training - INFO - The estimated training finish time is 2026-01-26 08:34:00
2026-01-25 19:09:45,771 - easytorch-training - INFO - Epoch 73 / 300
2026-01-25 19:12:34,261 - easytorch-training - INFO - Result <train>: [train_time: 168.49 (s), lr: 6.25e-05, train_MAE: 12.9166, train_RMSE: 21.8105, train_MAPE: 8.6145]
2026-01-25 19:12:34,263 - easytorch-training - INFO - Start validation.
2026-01-25 19:12:56,331 - easytorch-training - INFO - Result <val>: [val_time: 22.07 (s), val_MAE: 13.7536, val_RMSE: 23.1543, val_MAPE: 11.2872]
2026-01-25 19:13:17,461 - easytorch-training - INFO - Evaluate best model on test data for horizon 1, Test MAE: 11.7007, Test RMSE: 19.1002, Test MAPE: 7.6432
2026-01-25 19:13:17,476 - easytorch-training - INFO - Evaluate best model on test data for horizon 2, Test MAE: 12.2507, Test RMSE: 20.2782, Test MAPE: 7.9403
2026-01-25 19:13:17,492 - easytorch-training - INFO - Evaluate best model on test data for horizon 3, Test MAE: 12.6649, Test RMSE: 21.2227, Test MAPE: 8.2257
2026-01-25 19:13:17,513 - easytorch-training - INFO - Evaluate best model on test data for horizon 4, Test MAE: 13.0142, Test RMSE: 22.0353, Test MAPE: 8.4730
2026-01-25 19:13:17,534 - easytorch-training - INFO - Evaluate best model on test data for horizon 5, Test MAE: 13.3264, Test RMSE: 22.7403, Test MAPE: 8.6575
2026-01-25 19:13:17,550 - easytorch-training - INFO - Evaluate best model on test data for horizon 6, Test MAE: 13.6021, Test RMSE: 23.3521, Test MAPE: 8.8524
2026-01-25 19:13:17,564 - easytorch-training - INFO - Evaluate best model on test data for horizon 7, Test MAE: 13.8600, Test RMSE: 23.8775, Test MAPE: 8.9592
2026-01-25 19:13:17,582 - easytorch-training - INFO - Evaluate best model on test data for horizon 8, Test MAE: 14.0899, Test RMSE: 24.3264, Test MAPE: 9.1050
2026-01-25 19:13:17,596 - easytorch-training - INFO - Evaluate best model on test data for horizon 9, Test MAE: 14.3072, Test RMSE: 24.7245, Test MAPE: 9.2502
2026-01-25 19:13:17,605 - easytorch-training - INFO - Evaluate best model on test data for horizon 10, Test MAE: 14.4586, Test RMSE: 25.0147, Test MAPE: 9.3927
2026-01-25 19:13:17,619 - easytorch-training - INFO - Evaluate best model on test data for horizon 11, Test MAE: 14.6360, Test RMSE: 25.2752, Test MAPE: 9.5257
2026-01-25 19:13:17,640 - easytorch-training - INFO - Evaluate best model on test data for horizon 12, Test MAE: 14.8279, Test RMSE: 25.5490, Test MAPE: 9.7103
2026-01-25 19:13:17,664 - easytorch-training - INFO - Result <test>: [test_time: 21.33 (s), test_MAE: 13.5616, test_RMSE: 23.2109, test_MAPE: 8.8113]
2026-01-25 19:13:18,076 - easytorch-training - INFO - Checkpoint checkpoints/STMAFNet_300/020df9ee7447a9cb965bf70236749dd4/STMAFNet_073.pt saved
2026-01-25 19:13:18,077 - easytorch-training - INFO - The estimated training finish time is 2026-01-26 08:34:03
2026-01-25 19:13:18,077 - easytorch-training - INFO - Epoch 74 / 300
2026-01-25 19:16:06,630 - easytorch-training - INFO - Result <train>: [train_time: 168.55 (s), lr: 6.25e-05, train_MAE: 12.8950, train_RMSE: 21.7768, train_MAPE: 8.6044]
2026-01-25 19:16:06,631 - easytorch-training - INFO - Start validation.
2026-01-25 19:16:28,990 - easytorch-training - INFO - Result <val>: [val_time: 22.36 (s), val_MAE: 13.7338, val_RMSE: 23.0540, val_MAPE: 10.7874]
2026-01-25 19:16:29,823 - easytorch-training - INFO - Checkpoint checkpoints/STMAFNet_300/020df9ee7447a9cb965bf70236749dd4/STMAFNet_best_val_MAE.pt saved
2026-01-25 19:16:50,153 - easytorch-training - INFO - Evaluate best model on test data for horizon 1, Test MAE: 11.7261, Test RMSE: 19.1035, Test MAPE: 7.8153
2026-01-25 19:16:50,173 - easytorch-training - INFO - Evaluate best model on test data for horizon 2, Test MAE: 12.2814, Test RMSE: 20.2872, Test MAPE: 8.2845
2026-01-25 19:16:50,194 - easytorch-training - INFO - Evaluate best model on test data for horizon 3, Test MAE: 12.7064, Test RMSE: 21.2375, Test MAPE: 8.3744
2026-01-25 19:16:50,214 - easytorch-training - INFO - Evaluate best model on test data for horizon 4, Test MAE: 13.0852, Test RMSE: 22.0673, Test MAPE: 8.6421
2026-01-25 19:16:50,231 - easytorch-training - INFO - Evaluate best model on test data for horizon 5, Test MAE: 13.3654, Test RMSE: 22.7324, Test MAPE: 8.7087
2026-01-25 19:16:50,239 - easytorch-training - INFO - Evaluate best model on test data for horizon 6, Test MAE: 13.6507, Test RMSE: 23.3558, Test MAPE: 9.0652
2026-01-25 19:16:50,251 - easytorch-training - INFO - Evaluate best model on test data for horizon 7, Test MAE: 13.8986, Test RMSE: 23.9093, Test MAPE: 9.1398
2026-01-25 19:16:50,272 - easytorch-training - INFO - Evaluate best model on test data for horizon 8, Test MAE: 14.1519, Test RMSE: 24.3844, Test MAPE: 9.4078
2026-01-25 19:16:50,293 - easytorch-training - INFO - Evaluate best model on test data for horizon 9, Test MAE: 14.3540, Test RMSE: 24.7555, Test MAPE: 9.4530
2026-01-25 19:16:50,314 - easytorch-training - INFO - Evaluate best model on test data for horizon 10, Test MAE: 14.5137, Test RMSE: 25.0621, Test MAPE: 9.4296
2026-01-25 19:16:50,333 - easytorch-training - INFO - Evaluate best model on test data for horizon 11, Test MAE: 14.6643, Test RMSE: 25.3110, Test MAPE: 9.5376
2026-01-25 19:16:50,347 - easytorch-training - INFO - Evaluate best model on test data for horizon 12, Test MAE: 14.8532, Test RMSE: 25.6153, Test MAPE: 9.6775
2026-01-25 19:16:50,360 - easytorch-training - INFO - Result <test>: [test_time: 20.53 (s), test_MAE: 13.6043, test_RMSE: 23.2393, test_MAPE: 8.9613]
2026-01-25 19:16:50,776 - easytorch-training - INFO - Checkpoint checkpoints/STMAFNet_300/020df9ee7447a9cb965bf70236749dd4/STMAFNet_074.pt saved
2026-01-25 19:16:50,777 - easytorch-training - INFO - The estimated training finish time is 2026-01-26 08:34:07
2026-01-25 19:16:50,778 - easytorch-training - INFO - Epoch 75 / 300
2026-01-25 19:19:39,941 - easytorch-training - INFO - Result <train>: [train_time: 169.16 (s), lr: 6.25e-05, train_MAE: 12.8778, train_RMSE: 21.7502, train_MAPE: 8.5917]
2026-01-25 19:19:39,943 - easytorch-training - INFO - Start validation.
2026-01-25 19:20:01,698 - easytorch-training - INFO - Result <val>: [val_time: 21.75 (s), val_MAE: 13.7035, val_RMSE: 23.0683, val_MAPE: 10.7970]
2026-01-25 19:20:02,425 - easytorch-training - INFO - Checkpoint checkpoints/STMAFNet_300/020df9ee7447a9cb965bf70236749dd4/STMAFNet_best_val_MAE.pt saved
2026-01-25 19:20:23,192 - easytorch-training - INFO - Evaluate best model on test data for horizon 1, Test MAE: 11.6998, Test RMSE: 19.1197, Test MAPE: 7.6386
2026-01-25 19:20:23,206 - easytorch-training - INFO - Evaluate best model on test data for horizon 2, Test MAE: 12.2445, Test RMSE: 20.2975, Test MAPE: 8.0666
2026-01-25 19:20:23,223 - easytorch-training - INFO - Evaluate best model on test data for horizon 3, Test MAE: 12.6654, Test RMSE: 21.2354, Test MAPE: 8.2537
2026-01-25 19:20:23,243 - easytorch-training - INFO - Evaluate best model on test data for horizon 4, Test MAE: 13.0249, Test RMSE: 22.0733, Test MAPE: 8.4440
2026-01-25 19:20:23,260 - easytorch-training - INFO - Evaluate best model on test data for horizon 5, Test MAE: 13.3256, Test RMSE: 22.7428, Test MAPE: 8.6057
2026-01-25 19:20:23,275 - easytorch-training - INFO - Evaluate best model on test data for horizon 6, Test MAE: 13.5908, Test RMSE: 23.3444, Test MAPE: 8.7652
2026-01-25 19:20:23,292 - easytorch-training - INFO - Evaluate best model on test data for horizon 7, Test MAE: 13.8635, Test RMSE: 23.9009, Test MAPE: 8.9481
2026-01-25 19:20:23,306 - easytorch-training - INFO - Evaluate best model on test data for horizon 8, Test MAE: 14.1011, Test RMSE: 24.3643, Test MAPE: 9.1034
2026-01-25 19:20:23,323 - easytorch-training - INFO - Evaluate best model on test data for horizon 9, Test MAE: 14.3113, Test RMSE: 24.7264, Test MAPE: 9.2070
2026-01-25 19:20:23,343 - easytorch-training - INFO - Evaluate best model on test data for horizon 10, Test MAE: 14.4767, Test RMSE: 25.0487, Test MAPE: 9.3509
2026-01-25 19:20:23,364 - easytorch-training - INFO - Evaluate best model on test data for horizon 11, Test MAE: 14.6571, Test RMSE: 25.3328, Test MAPE: 9.5102
2026-01-25 19:20:23,385 - easytorch-training - INFO - Evaluate best model on test data for horizon 12, Test MAE: 14.8127, Test RMSE: 25.5911, Test MAPE: 9.6062
2026-01-25 19:20:23,407 - easytorch-training - INFO - Result <test>: [test_time: 20.98 (s), test_MAE: 13.5644, test_RMSE: 23.2348, test_MAPE: 8.7916]
2026-01-25 19:20:23,853 - easytorch-training - INFO - Checkpoint checkpoints/STMAFNet_300/020df9ee7447a9cb965bf70236749dd4/STMAFNet_075.pt saved
2026-01-25 19:20:23,854 - easytorch-training - INFO - The estimated training finish time is 2026-01-26 08:34:13
2026-01-25 19:20:23,854 - easytorch-training - INFO - Epoch 76 / 300
2026-01-25 19:23:12,425 - easytorch-training - INFO - Result <train>: [train_time: 168.57 (s), lr: 6.25e-05, train_MAE: 12.8676, train_RMSE: 21.7304, train_MAPE: 8.5803]
2026-01-25 19:23:12,426 - easytorch-training - INFO - Start validation.
2026-01-25 19:23:33,802 - easytorch-training - INFO - Result <val>: [val_time: 21.37 (s), val_MAE: 13.6911, val_RMSE: 23.0290, val_MAPE: 10.8191]
2026-01-25 19:23:34,646 - easytorch-training - INFO - Checkpoint checkpoints/STMAFNet_300/020df9ee7447a9cb965bf70236749dd4/STMAFNet_best_val_MAE.pt saved
2026-01-25 19:23:55,210 - easytorch-training - INFO - Evaluate best model on test data for horizon 1, Test MAE: 11.6898, Test RMSE: 19.0907, Test MAPE: 7.6652
2026-01-25 19:23:55,231 - easytorch-training - INFO - Evaluate best model on test data for horizon 2, Test MAE: 12.2184, Test RMSE: 20.2598, Test MAPE: 8.0101
2026-01-25 19:23:55,251 - easytorch-training - INFO - Evaluate best model on test data for horizon 3, Test MAE: 12.6517, Test RMSE: 21.1843, Test MAPE: 8.4365
2026-01-25 19:23:55,272 - easytorch-training - INFO - Evaluate best model on test data for horizon 4, Test MAE: 12.9892, Test RMSE: 22.0286, Test MAPE: 8.4192
2026-01-25 19:23:55,293 - easytorch-training - INFO - Evaluate best model on test data for horizon 5, Test MAE: 13.3096, Test RMSE: 22.7216, Test MAPE: 8.6541
2026-01-25 19:23:55,308 - easytorch-training - INFO - Evaluate best model on test data for horizon 6, Test MAE: 13.5700, Test RMSE: 23.3150, Test MAPE: 8.7891
2026-01-25 19:23:55,328 - easytorch-training - INFO - Evaluate best model on test data for horizon 7, Test MAE: 13.8363, Test RMSE: 23.8503, Test MAPE: 9.0335
2026-01-25 19:23:55,349 - easytorch-training - INFO - Evaluate best model on test data for horizon 8, Test MAE: 14.0861, Test RMSE: 24.3400, Test MAPE: 9.1402
2026-01-25 19:23:55,364 - easytorch-training - INFO - Evaluate best model on test data for horizon 9, Test MAE: 14.3033, Test RMSE: 24.6981, Test MAPE: 9.3188
2026-01-25 19:23:55,382 - easytorch-training - INFO - Evaluate best model on test data for horizon 10, Test MAE: 14.4748, Test RMSE: 25.0118, Test MAPE: 9.5374
2026-01-25 19:23:55,400 - easytorch-training - INFO - Evaluate best model on test data for horizon 11, Test MAE: 14.6561, Test RMSE: 25.3002, Test MAPE: 9.5290
2026-01-25 19:23:55,421 - easytorch-training - INFO - Evaluate best model on test data for horizon 12, Test MAE: 14.8367, Test RMSE: 25.5887, Test MAPE: 9.6814
2026-01-25 19:23:55,439 - easytorch-training - INFO - Result <test>: [test_time: 20.79 (s), test_MAE: 13.5518, test_RMSE: 23.2030, test_MAPE: 8.8512]
2026-01-25 19:23:55,940 - easytorch-training - INFO - Checkpoint checkpoints/STMAFNet_300/020df9ee7447a9cb965bf70236749dd4/STMAFNet_076.pt saved
2026-01-25 19:23:55,941 - easytorch-training - INFO - The estimated training finish time is 2026-01-26 08:34:15
2026-01-25 19:23:55,941 - easytorch-training - INFO - Epoch 77 / 300
2026-01-25 19:26:44,348 - easytorch-training - INFO - Result <train>: [train_time: 168.41 (s), lr: 6.25e-05, train_MAE: 12.8569, train_RMSE: 21.7124, train_MAPE: 8.5770]
2026-01-25 19:26:44,349 - easytorch-training - INFO - Start validation.
2026-01-25 19:27:06,734 - easytorch-training - INFO - Result <val>: [val_time: 22.38 (s), val_MAE: 13.7242, val_RMSE: 23.0954, val_MAPE: 11.0381]
2026-01-25 19:27:27,788 - easytorch-training - INFO - Evaluate best model on test data for horizon 1, Test MAE: 11.7099, Test RMSE: 19.0901, Test MAPE: 7.8904
2026-01-25 19:27:27,808 - easytorch-training - INFO - Evaluate best model on test data for horizon 2, Test MAE: 12.2507, Test RMSE: 20.2710, Test MAPE: 8.3257
2026-01-25 19:27:27,829 - easytorch-training - INFO - Evaluate best model on test data for horizon 3, Test MAE: 12.6798, Test RMSE: 21.2148, Test MAPE: 8.5026
2026-01-25 19:27:27,849 - easytorch-training - INFO - Evaluate best model on test data for horizon 4, Test MAE: 13.0220, Test RMSE: 22.0303, Test MAPE: 8.7065
2026-01-25 19:27:27,870 - easytorch-training - INFO - Evaluate best model on test data for horizon 5, Test MAE: 13.3329, Test RMSE: 22.7169, Test MAPE: 8.8225
2026-01-25 19:27:27,891 - easytorch-training - INFO - Evaluate best model on test data for horizon 6, Test MAE: 13.6076, Test RMSE: 23.3359, Test MAPE: 9.0777
2026-01-25 19:27:27,911 - easytorch-training - INFO - Evaluate best model on test data for horizon 7, Test MAE: 13.8837, Test RMSE: 23.8890, Test MAPE: 9.2942
2026-01-25 19:27:27,929 - easytorch-training - INFO - Evaluate best model on test data for horizon 8, Test MAE: 14.1090, Test RMSE: 24.3578, Test MAPE: 9.3221
2026-01-25 19:27:27,947 - easytorch-training - INFO - Evaluate best model on test data for horizon 9, Test MAE: 14.3254, Test RMSE: 24.7653, Test MAPE: 9.3450
2026-01-25 19:27:27,964 - easytorch-training - INFO - Evaluate best model on test data for horizon 10, Test MAE: 14.5177, Test RMSE: 25.1041, Test MAPE: 9.6391
2026-01-25 19:27:27,978 - easytorch-training - INFO - Evaluate best model on test data for horizon 11, Test MAE: 14.6918, Test RMSE: 25.3777, Test MAPE: 9.6688
2026-01-25 19:27:27,999 - easytorch-training - INFO - Evaluate best model on test data for horizon 12, Test MAE: 14.8914, Test RMSE: 25.6794, Test MAPE: 9.8230
2026-01-25 19:27:28,023 - easytorch-training - INFO - Result <test>: [test_time: 21.29 (s), test_MAE: 13.5851, test_RMSE: 23.2421, test_MAPE: 9.0348]
2026-01-25 19:27:28,525 - easytorch-training - INFO - Checkpoint checkpoints/STMAFNet_300/020df9ee7447a9cb965bf70236749dd4/STMAFNet_077.pt saved
2026-01-25 19:27:28,526 - easytorch-training - INFO - The estimated training finish time is 2026-01-26 08:34:18
2026-01-25 19:27:28,526 - easytorch-training - INFO - Epoch 78 / 300
2026-01-25 19:30:17,056 - easytorch-training - INFO - Result <train>: [train_time: 168.53 (s), lr: 6.25e-05, train_MAE: 12.8455, train_RMSE: 21.7020, train_MAPE: 8.5748]
2026-01-25 19:30:17,058 - easytorch-training - INFO - Start validation.
2026-01-25 19:30:39,444 - easytorch-training - INFO - Result <val>: [val_time: 22.39 (s), val_MAE: 13.6829, val_RMSE: 23.0553, val_MAPE: 10.8975]
2026-01-25 19:30:40,165 - easytorch-training - INFO - Checkpoint checkpoints/STMAFNet_300/020df9ee7447a9cb965bf70236749dd4/STMAFNet_best_val_MAE.pt saved
2026-01-25 19:31:01,001 - easytorch-training - INFO - Evaluate best model on test data for horizon 1, Test MAE: 11.7051, Test RMSE: 19.1165, Test MAPE: 7.7940
2026-01-25 19:31:01,015 - easytorch-training - INFO - Evaluate best model on test data for horizon 2, Test MAE: 12.2255, Test RMSE: 20.2921, Test MAPE: 8.0064
2026-01-25 19:31:01,032 - easytorch-training - INFO - Evaluate best model on test data for horizon 3, Test MAE: 12.6628, Test RMSE: 21.2567, Test MAPE: 8.2100
2026-01-25 19:31:01,047 - easytorch-training - INFO - Evaluate best model on test data for horizon 4, Test MAE: 13.0248, Test RMSE: 22.0566, Test MAPE: 8.4574
2026-01-25 19:31:01,063 - easytorch-training - INFO - Evaluate best model on test data for horizon 5, Test MAE: 13.3092, Test RMSE: 22.7318, Test MAPE: 8.6095
2026-01-25 19:31:01,084 - easytorch-training - INFO - Evaluate best model on test data for horizon 6, Test MAE: 13.5889, Test RMSE: 23.3675, Test MAPE: 8.8071
2026-01-25 19:31:01,104 - easytorch-training - INFO - Evaluate best model on test data for horizon 7, Test MAE: 13.8526, Test RMSE: 23.8905, Test MAPE: 8.9922
2026-01-25 19:31:01,123 - easytorch-training - INFO - Evaluate best model on test data for horizon 8, Test MAE: 14.0870, Test RMSE: 24.3537, Test MAPE: 9.1149
2026-01-25 19:31:01,140 - easytorch-training - INFO - Evaluate best model on test data for horizon 9, Test MAE: 14.3174, Test RMSE: 24.7526, Test MAPE: 9.3160
2026-01-25 19:31:01,160 - easytorch-training - INFO - Evaluate best model on test data for horizon 10, Test MAE: 14.4804, Test RMSE: 25.0826, Test MAPE: 9.4057
2026-01-25 19:31:01,179 - easytorch-training - INFO - Evaluate best model on test data for horizon 11, Test MAE: 14.6338, Test RMSE: 25.3414, Test MAPE: 9.5369
2026-01-25 19:31:01,188 - easytorch-training - INFO - Evaluate best model on test data for horizon 12, Test MAE: 14.8457, Test RMSE: 25.6562, Test MAPE: 9.7208
2026-01-25 19:31:01,206 - easytorch-training - INFO - Result <test>: [test_time: 21.04 (s), test_MAE: 13.5611, test_RMSE: 23.2459, test_MAPE: 8.8309]
2026-01-25 19:31:01,621 - easytorch-training - INFO - Checkpoint checkpoints/STMAFNet_300/020df9ee7447a9cb965bf70236749dd4/STMAFNet_078.pt saved
2026-01-25 19:31:01,622 - easytorch-training - INFO - The estimated training finish time is 2026-01-26 08:34:23
2026-01-25 19:31:01,622 - easytorch-training - INFO - Epoch 79 / 300
2026-01-25 19:33:50,527 - easytorch-training - INFO - Result <train>: [train_time: 168.90 (s), lr: 6.25e-05, train_MAE: 12.8359, train_RMSE: 21.6869, train_MAPE: 8.5675]
2026-01-25 19:33:50,528 - easytorch-training - INFO - Start validation.
2026-01-25 19:34:12,910 - easytorch-training - INFO - Result <val>: [val_time: 22.38 (s), val_MAE: 13.6996, val_RMSE: 23.1334, val_MAPE: 10.9929]
2026-01-25 19:34:32,639 - easytorch-training - INFO - Evaluate best model on test data for horizon 1, Test MAE: 11.6830, Test RMSE: 19.1115, Test MAPE: 7.6983
2026-01-25 19:34:32,649 - easytorch-training - INFO - Evaluate best model on test data for horizon 2, Test MAE: 12.2226, Test RMSE: 20.2947, Test MAPE: 8.0203
2026-01-25 19:34:32,661 - easytorch-training - INFO - Evaluate best model on test data for horizon 3, Test MAE: 12.6549, Test RMSE: 21.2610, Test MAPE: 8.3718
2026-01-25 19:34:32,675 - easytorch-training - INFO - Evaluate best model on test data for horizon 4, Test MAE: 13.0015, Test RMSE: 22.1060, Test MAPE: 8.4681
2026-01-25 19:34:32,696 - easytorch-training - INFO - Evaluate best model on test data for horizon 5, Test MAE: 13.3031, Test RMSE: 22.7841, Test MAPE: 8.6955
2026-01-25 19:34:32,717 - easytorch-training - INFO - Evaluate best model on test data for horizon 6, Test MAE: 13.5817, Test RMSE: 23.4091, Test MAPE: 8.8450
2026-01-25 19:34:32,737 - easytorch-training - INFO - Evaluate best model on test data for horizon 7, Test MAE: 13.8267, Test RMSE: 23.9286, Test MAPE: 8.9805
2026-01-25 19:34:32,758 - easytorch-training - INFO - Evaluate best model on test data for horizon 8, Test MAE: 14.0867, Test RMSE: 24.4111, Test MAPE: 9.1705
2026-01-25 19:34:32,769 - easytorch-training - INFO - Evaluate best model on test data for horizon 9, Test MAE: 14.3075, Test RMSE: 24.7997, Test MAPE: 9.2926
2026-01-25 19:34:32,770 - easytorch-training - INFO - Evaluate best model on test data for horizon 10, Test MAE: 14.4921, Test RMSE: 25.1344, Test MAPE: 9.4077
2026-01-25 19:34:32,774 - easytorch-training - INFO - Evaluate best model on test data for horizon 11, Test MAE: 14.6514, Test RMSE: 25.4076, Test MAPE: 9.5468
2026-01-25 19:34:32,788 - easytorch-training - INFO - Evaluate best model on test data for horizon 12, Test MAE: 14.8488, Test RMSE: 25.6963, Test MAPE: 9.6929
2026-01-25 19:34:32,812 - easytorch-training - INFO - Result <test>: [test_time: 19.90 (s), test_MAE: 13.5550, test_RMSE: 23.2845, test_MAPE: 8.8492]
2026-01-25 19:34:33,311 - easytorch-training - INFO - Checkpoint checkpoints/STMAFNet_300/020df9ee7447a9cb965bf70236749dd4/STMAFNet_079.pt saved
2026-01-25 19:34:33,312 - easytorch-training - INFO - The estimated training finish time is 2026-01-26 08:34:23
2026-01-25 19:34:33,312 - easytorch-training - INFO - Epoch 80 / 300
2026-01-25 19:37:22,913 - easytorch-training - INFO - Result <train>: [train_time: 169.60 (s), lr: 6.25e-05, train_MAE: 12.8291, train_RMSE: 21.6771, train_MAPE: 8.5627]
2026-01-25 19:37:22,915 - easytorch-training - INFO - Start validation.
2026-01-25 19:37:43,780 - easytorch-training - INFO - Result <val>: [val_time: 20.86 (s), val_MAE: 13.7012, val_RMSE: 23.1258, val_MAPE: 10.9562]
2026-01-25 19:38:03,689 - easytorch-training - INFO - Evaluate best model on test data for horizon 1, Test MAE: 11.6839, Test RMSE: 19.1019, Test MAPE: 7.6880
2026-01-25 19:38:03,706 - easytorch-training - INFO - Evaluate best model on test data for horizon 2, Test MAE: 12.2282, Test RMSE: 20.3065, Test MAPE: 8.0253
2026-01-25 19:38:03,726 - easytorch-training - INFO - Evaluate best model on test data for horizon 3, Test MAE: 12.6721, Test RMSE: 21.2840, Test MAPE: 8.4416
2026-01-25 19:38:03,747 - easytorch-training - INFO - Evaluate best model on test data for horizon 4, Test MAE: 13.0218, Test RMSE: 22.1329, Test MAPE: 8.4717
2026-01-25 19:38:03,764 - easytorch-training - INFO - Evaluate best model on test data for horizon 5, Test MAE: 13.3184, Test RMSE: 22.8202, Test MAPE: 8.6399
2026-01-25 19:38:03,779 - easytorch-training - INFO - Evaluate best model on test data for horizon 6, Test MAE: 13.5954, Test RMSE: 23.4580, Test MAPE: 8.8399
2026-01-25 19:38:03,798 - easytorch-training - INFO - Evaluate best model on test data for horizon 7, Test MAE: 13.8731, Test RMSE: 24.0093, Test MAPE: 9.0667
2026-01-25 19:38:03,813 - easytorch-training - INFO - Evaluate best model on test data for horizon 8, Test MAE: 14.1231, Test RMSE: 24.4844, Test MAPE: 9.2860
2026-01-25 19:38:03,831 - easytorch-training - INFO - Evaluate best model on test data for horizon 9, Test MAE: 14.3439, Test RMSE: 24.8842, Test MAPE: 9.5022
2026-01-25 19:38:03,852 - easytorch-training - INFO - Evaluate best model on test data for horizon 10, Test MAE: 14.5396, Test RMSE: 25.2428, Test MAPE: 9.7014
2026-01-25 19:38:03,869 - easytorch-training - INFO - Evaluate best model on test data for horizon 11, Test MAE: 14.7369, Test RMSE: 25.5469, Test MAPE: 9.6354
2026-01-25 19:38:03,888 - easytorch-training - INFO - Evaluate best model on test data for horizon 12, Test MAE: 14.9398, Test RMSE: 25.8322, Test MAPE: 9.9147
2026-01-25 19:38:03,906 - easytorch-training - INFO - Result <test>: [test_time: 20.12 (s), test_MAE: 13.5897, test_RMSE: 23.3514, test_MAPE: 8.9344]
2026-01-25 19:38:04,318 - easytorch-training - INFO - Checkpoint checkpoints/STMAFNet_300/020df9ee7447a9cb965bf70236749dd4/STMAFNet_080.pt saved
2026-01-25 19:38:04,361 - easytorch-training - INFO - The estimated training finish time is 2026-01-26 08:34:21
2026-01-25 19:38:04,362 - easytorch-training - INFO - Epoch 81 / 300
2026-01-25 19:40:54,245 - easytorch-training - INFO - Result <train>: [train_time: 169.88 (s), lr: 6.25e-05, train_MAE: 12.8186, train_RMSE: 21.6671, train_MAPE: 8.5604]
2026-01-25 19:40:54,246 - easytorch-training - INFO - Start validation.
2026-01-25 19:41:15,394 - easytorch-training - INFO - Result <val>: [val_time: 21.15 (s), val_MAE: 13.7184, val_RMSE: 23.1038, val_MAPE: 10.8689]
2026-01-25 19:41:35,754 - easytorch-training - INFO - Evaluate best model on test data for horizon 1, Test MAE: 11.6913, Test RMSE: 19.1028, Test MAPE: 7.7964
2026-01-25 19:41:35,774 - easytorch-training - INFO - Evaluate best model on test data for horizon 2, Test MAE: 12.2312, Test RMSE: 20.2976, Test MAPE: 8.0278
2026-01-25 19:41:35,790 - easytorch-training - INFO - Evaluate best model on test data for horizon 3, Test MAE: 12.6630, Test RMSE: 21.2651, Test MAPE: 8.2190
2026-01-25 19:41:35,811 - easytorch-training - INFO - Evaluate best model on test data for horizon 4, Test MAE: 13.0229, Test RMSE: 22.0968, Test MAPE: 8.4820
2026-01-25 19:41:35,831 - easytorch-training - INFO - Evaluate best model on test data for horizon 5, Test MAE: 13.3271, Test RMSE: 22.7524, Test MAPE: 8.6793
2026-01-25 19:41:35,852 - easytorch-training - INFO - Evaluate best model on test data for horizon 6, Test MAE: 13.5934, Test RMSE: 23.3662, Test MAPE: 8.7703
2026-01-25 19:41:35,871 - easytorch-training - INFO - Evaluate best model on test data for horizon 7, Test MAE: 13.8709, Test RMSE: 23.8971, Test MAPE: 8.9560
2026-01-25 19:41:35,885 - easytorch-training - INFO - Evaluate best model on test data for horizon 8, Test MAE: 14.0885, Test RMSE: 24.3295, Test MAPE: 9.0850
2026-01-25 19:41:35,893 - easytorch-training - INFO - Evaluate best model on test data for horizon 9, Test MAE: 14.3202, Test RMSE: 24.7384, Test MAPE: 9.2394
2026-01-25 19:41:35,903 - easytorch-training - INFO - Evaluate best model on test data for horizon 10, Test MAE: 14.4869, Test RMSE: 25.0716, Test MAPE: 9.3408
2026-01-25 19:41:35,924 - easytorch-training - INFO - Evaluate best model on test data for horizon 11, Test MAE: 14.6673, Test RMSE: 25.3499, Test MAPE: 9.4914
2026-01-25 19:41:35,945 - easytorch-training - INFO - Evaluate best model on test data for horizon 12, Test MAE: 14.8731, Test RMSE: 25.6609, Test MAPE: 9.6906
2026-01-25 19:41:35,968 - easytorch-training - INFO - Result <test>: [test_time: 20.57 (s), test_MAE: 13.5696, test_RMSE: 23.2481, test_MAPE: 8.8148]
2026-01-25 19:41:36,381 - easytorch-training - INFO - Checkpoint checkpoints/STMAFNet_300/020df9ee7447a9cb965bf70236749dd4/STMAFNet_081.pt saved
2026-01-25 19:41:36,382 - easytorch-training - INFO - The estimated training finish time is 2026-01-26 08:34:22
2026-01-25 19:41:36,382 - easytorch-training - INFO - Epoch 82 / 300
2026-01-25 19:44:25,614 - easytorch-training - INFO - Result <train>: [train_time: 169.23 (s), lr: 6.25e-05, train_MAE: 12.8104, train_RMSE: 21.6508, train_MAPE: 8.5534]
2026-01-25 19:44:25,615 - easytorch-training - INFO - Start validation.
2026-01-25 19:44:47,302 - easytorch-training - INFO - Result <val>: [val_time: 21.69 (s), val_MAE: 13.7638, val_RMSE: 23.2170, val_MAPE: 11.2519]
2026-01-25 19:45:08,417 - easytorch-training - INFO - Evaluate best model on test data for horizon 1, Test MAE: 11.6910, Test RMSE: 19.0996, Test MAPE: 7.6951
2026-01-25 19:45:08,434 - easytorch-training - INFO - Evaluate best model on test data for horizon 2, Test MAE: 12.2181, Test RMSE: 20.2801, Test MAPE: 7.9955
2026-01-25 19:45:08,450 - easytorch-training - INFO - Evaluate best model on test data for horizon 3, Test MAE: 12.6648, Test RMSE: 21.2520, Test MAPE: 8.2912
2026-01-25 19:45:08,468 - easytorch-training - INFO - Evaluate best model on test data for horizon 4, Test MAE: 13.0350, Test RMSE: 22.1076, Test MAPE: 8.6095
2026-01-25 19:45:08,489 - easytorch-training - INFO - Evaluate best model on test data for horizon 5, Test MAE: 13.3412, Test RMSE: 22.8120, Test MAPE: 8.8083
2026-01-25 19:45:08,509 - easytorch-training - INFO - Evaluate best model on test data for horizon 6, Test MAE: 13.6147, Test RMSE: 23.4305, Test MAPE: 8.9605
2026-01-25 19:45:08,529 - easytorch-training - INFO - Evaluate best model on test data for horizon 7, Test MAE: 13.8948, Test RMSE: 23.9939, Test MAPE: 9.1240
2026-01-25 19:45:08,545 - easytorch-training - INFO - Evaluate best model on test data for horizon 8, Test MAE: 14.1240, Test RMSE: 24.4503, Test MAPE: 9.1900
2026-01-25 19:45:08,561 - easytorch-training - INFO - Evaluate best model on test data for horizon 9, Test MAE: 14.3417, Test RMSE: 24.8110, Test MAPE: 9.3370
2026-01-25 19:45:08,575 - easytorch-training - INFO - Evaluate best model on test data for horizon 10, Test MAE: 14.5378, Test RMSE: 25.1285, Test MAPE: 9.6728
2026-01-25 19:45:08,590 - easytorch-training - INFO - Evaluate best model on test data for horizon 11, Test MAE: 14.7460, Test RMSE: 25.4157, Test MAPE: 9.9554
2026-01-25 19:45:08,606 - easytorch-training - INFO - Evaluate best model on test data for horizon 12, Test MAE: 14.9156, Test RMSE: 25.6928, Test MAPE: 10.0280
2026-01-25 19:45:08,630 - easytorch-training - INFO - Result <test>: [test_time: 21.33 (s), test_MAE: 13.5937, test_RMSE: 23.2961, test_MAPE: 8.9723]
2026-01-25 19:45:09,067 - easytorch-training - INFO - Checkpoint checkpoints/STMAFNet_300/020df9ee7447a9cb965bf70236749dd4/STMAFNet_082.pt saved
2026-01-25 19:45:09,068 - easytorch-training - INFO - The estimated training finish time is 2026-01-26 08:34:25
2026-01-25 19:45:09,068 - easytorch-training - INFO - Epoch 83 / 300
2026-01-25 19:47:58,158 - easytorch-training - INFO - Result <train>: [train_time: 169.09 (s), lr: 6.25e-05, train_MAE: 12.8057, train_RMSE: 21.6426, train_MAPE: 8.5460]
2026-01-25 19:47:58,160 - easytorch-training - INFO - Start validation.
2026-01-25 19:48:19,847 - easytorch-training - INFO - Result <val>: [val_time: 21.69 (s), val_MAE: 13.7411, val_RMSE: 23.1890, val_MAPE: 11.0433]
2026-01-25 19:48:40,152 - easytorch-training - INFO - Evaluate best model on test data for horizon 1, Test MAE: 11.6977, Test RMSE: 19.1482, Test MAPE: 7.7994
2026-01-25 19:48:40,173 - easytorch-training - INFO - Evaluate best model on test data for horizon 2, Test MAE: 12.2510, Test RMSE: 20.3585, Test MAPE: 8.0597
2026-01-25 19:48:40,184 - easytorch-training - INFO - Evaluate best model on test data for horizon 3, Test MAE: 12.6808, Test RMSE: 21.3299, Test MAPE: 8.2977
2026-01-25 19:48:40,199 - easytorch-training - INFO - Evaluate best model on test data for horizon 4, Test MAE: 13.0455, Test RMSE: 22.1592, Test MAPE: 8.4456
2026-01-25 19:48:40,215 - easytorch-training - INFO - Evaluate best model on test data for horizon 5, Test MAE: 13.3458, Test RMSE: 22.8373, Test MAPE: 8.6339
2026-01-25 19:48:40,229 - easytorch-training - INFO - Evaluate best model on test data for horizon 6, Test MAE: 13.6209, Test RMSE: 23.4363, Test MAPE: 8.8822
2026-01-25 19:48:40,248 - easytorch-training - INFO - Evaluate best model on test data for horizon 7, Test MAE: 13.8892, Test RMSE: 23.9687, Test MAPE: 9.0205
2026-01-25 19:48:40,268 - easytorch-training - INFO - Evaluate best model on test data for horizon 8, Test MAE: 14.1426, Test RMSE: 24.4212, Test MAPE: 9.1768
2026-01-25 19:48:40,289 - easytorch-training - INFO - Evaluate best model on test data for horizon 9, Test MAE: 14.3383, Test RMSE: 24.7829, Test MAPE: 9.3158
2026-01-25 19:48:40,308 - easytorch-training - INFO - Evaluate best model on test data for horizon 10, Test MAE: 14.5151, Test RMSE: 25.0979, Test MAPE: 9.4700
2026-01-25 19:48:40,322 - easytorch-training - INFO - Evaluate best model on test data for horizon 11, Test MAE: 14.6720, Test RMSE: 25.3580, Test MAPE: 9.5688
2026-01-25 19:48:40,335 - easytorch-training - INFO - Evaluate best model on test data for horizon 12, Test MAE: 14.8870, Test RMSE: 25.6759, Test MAPE: 9.7468
2026-01-25 19:48:40,352 - easytorch-training - INFO - Result <test>: [test_time: 20.50 (s), test_MAE: 13.5905, test_RMSE: 23.3009, test_MAPE: 8.8681]
2026-01-25 19:48:40,764 - easytorch-training - INFO - Checkpoint checkpoints/STMAFNet_300/020df9ee7447a9cb965bf70236749dd4/STMAFNet_083.pt saved
2026-01-25 19:48:40,765 - easytorch-training - INFO - The estimated training finish time is 2026-01-26 08:34:25
2026-01-25 19:48:40,765 - easytorch-training - INFO - Epoch 84 / 300
2026-01-25 19:51:29,402 - easytorch-training - INFO - Result <train>: [train_time: 168.64 (s), lr: 6.25e-05, train_MAE: 12.7999, train_RMSE: 21.6359, train_MAPE: 8.5367]
2026-01-25 19:51:29,403 - easytorch-training - INFO - Start validation.
2026-01-25 19:51:51,389 - easytorch-training - INFO - Result <val>: [val_time: 21.99 (s), val_MAE: 13.7242, val_RMSE: 23.1589, val_MAPE: 11.1032]
2026-01-25 19:52:12,500 - easytorch-training - INFO - Evaluate best model on test data for horizon 1, Test MAE: 11.6793, Test RMSE: 19.0976, Test MAPE: 7.6405
2026-01-25 19:52:12,521 - easytorch-training - INFO - Evaluate best model on test data for horizon 2, Test MAE: 12.2216, Test RMSE: 20.2865, Test MAPE: 8.0469
2026-01-25 19:52:12,536 - easytorch-training - INFO - Evaluate best model on test data for horizon 3, Test MAE: 12.6441, Test RMSE: 21.2465, Test MAPE: 8.2660
2026-01-25 19:52:12,557 - easytorch-training - INFO - Evaluate best model on test data for horizon 4, Test MAE: 13.0273, Test RMSE: 22.0790, Test MAPE: 8.5973
2026-01-25 19:52:12,577 - easytorch-training - INFO - Evaluate best model on test data for horizon 5, Test MAE: 13.3217, Test RMSE: 22.7763, Test MAPE: 8.7214
2026-01-25 19:52:12,598 - easytorch-training - INFO - Evaluate best model on test data for horizon 6, Test MAE: 13.6074, Test RMSE: 23.3989, Test MAPE: 8.9934
2026-01-25 19:52:12,619 - easytorch-training - INFO - Evaluate best model on test data for horizon 7, Test MAE: 13.8596, Test RMSE: 23.9383, Test MAPE: 9.0159
2026-01-25 19:52:12,639 - easytorch-training - INFO - Evaluate best model on test data for horizon 8, Test MAE: 14.1239, Test RMSE: 24.4298, Test MAPE: 9.3042
2026-01-25 19:52:12,652 - easytorch-training - INFO - Evaluate best model on test data for horizon 9, Test MAE: 14.3197, Test RMSE: 24.8009, Test MAPE: 9.3713
2026-01-25 19:52:12,666 - easytorch-training - INFO - Evaluate best model on test data for horizon 10, Test MAE: 14.5004, Test RMSE: 25.1141, Test MAPE: 9.4638
2026-01-25 19:52:12,681 - easytorch-training - INFO - Evaluate best model on test data for horizon 11, Test MAE: 14.6739, Test RMSE: 25.3985, Test MAPE: 9.6172
2026-01-25 19:52:12,702 - easytorch-training - INFO - Evaluate best model on test data for horizon 12, Test MAE: 14.8467, Test RMSE: 25.6757, Test MAPE: 9.7405
2026-01-25 19:52:12,726 - easytorch-training - INFO - Result <test>: [test_time: 21.34 (s), test_MAE: 13.5688, test_RMSE: 23.2763, test_MAPE: 8.8982]
2026-01-25 19:52:13,141 - easytorch-training - INFO - Checkpoint checkpoints/STMAFNet_300/020df9ee7447a9cb965bf70236749dd4/STMAFNet_084.pt saved
2026-01-25 19:52:13,142 - easytorch-training - INFO - The estimated training finish time is 2026-01-26 08:34:28
2026-01-25 19:52:13,142 - easytorch-training - INFO - Epoch 85 / 300
2026-01-25 19:55:01,785 - easytorch-training - INFO - Result <train>: [train_time: 168.64 (s), lr: 6.25e-05, train_MAE: 12.7856, train_RMSE: 21.6050, train_MAPE: 8.5366]
2026-01-25 19:55:01,786 - easytorch-training - INFO - Start validation.
2026-01-25 19:55:24,098 - easytorch-training - INFO - Result <val>: [val_time: 22.31 (s), val_MAE: 13.6994, val_RMSE: 23.1101, val_MAPE: 10.9666]
2026-01-25 19:55:45,170 - easytorch-training - INFO - Evaluate best model on test data for horizon 1, Test MAE: 11.6845, Test RMSE: 19.1071, Test MAPE: 7.6577
2026-01-25 19:55:45,189 - easytorch-training - INFO - Evaluate best model on test data for horizon 2, Test MAE: 12.2214, Test RMSE: 20.2829, Test MAPE: 7.9886
2026-01-25 19:55:45,210 - easytorch-training - INFO - Evaluate best model on test data for horizon 3, Test MAE: 12.6391, Test RMSE: 21.2287, Test MAPE: 8.2520
2026-01-25 19:55:45,227 - easytorch-training - INFO - Evaluate best model on test data for horizon 4, Test MAE: 12.9956, Test RMSE: 22.0605, Test MAPE: 8.4753
2026-01-25 19:55:45,241 - easytorch-training - INFO - Evaluate best model on test data for horizon 5, Test MAE: 13.3036, Test RMSE: 22.7273, Test MAPE: 8.6780
2026-01-25 19:55:45,260 - easytorch-training - INFO - Evaluate best model on test data for horizon 6, Test MAE: 13.5930, Test RMSE: 23.3617, Test MAPE: 8.9298
2026-01-25 19:55:45,276 - easytorch-training - INFO - Evaluate best model on test data for horizon 7, Test MAE: 13.8393, Test RMSE: 23.8849, Test MAPE: 8.9982
2026-01-25 19:55:45,287 - easytorch-training - INFO - Evaluate best model on test data for horizon 8, Test MAE: 14.0953, Test RMSE: 24.3534, Test MAPE: 9.2424
2026-01-25 19:55:45,299 - easytorch-training - INFO - Evaluate best model on test data for horizon 9, Test MAE: 14.2849, Test RMSE: 24.7387, Test MAPE: 9.2775
2026-01-25 19:55:45,320 - easytorch-training - INFO - Evaluate best model on test data for horizon 10, Test MAE: 14.4884, Test RMSE: 25.0754, Test MAPE: 9.5617
2026-01-25 19:55:45,340 - easytorch-training - INFO - Evaluate best model on test data for horizon 11, Test MAE: 14.6649, Test RMSE: 25.3802, Test MAPE: 9.6446
2026-01-25 19:55:45,361 - easytorch-training - INFO - Evaluate best model on test data for horizon 12, Test MAE: 14.8292, Test RMSE: 25.6314, Test MAPE: 9.7445
2026-01-25 19:55:45,385 - easytorch-training - INFO - Result <test>: [test_time: 21.28 (s), test_MAE: 13.5533, test_RMSE: 23.2407, test_MAPE: 8.8708]
2026-01-25 19:55:45,823 - easytorch-training - INFO - Checkpoint checkpoints/STMAFNet_300/020df9ee7447a9cb965bf70236749dd4/STMAFNet_085.pt saved
2026-01-25 19:55:45,823 - easytorch-training - INFO - The estimated training finish time is 2026-01-26 08:34:31
2026-01-25 19:55:45,824 - easytorch-training - INFO - Epoch 86 / 300
2026-01-25 19:58:34,196 - easytorch-training - INFO - Result <train>: [train_time: 168.37 (s), lr: 6.25e-05, train_MAE: 12.7811, train_RMSE: 21.6034, train_MAPE: 8.5336]
2026-01-25 19:58:34,197 - easytorch-training - INFO - Start validation.
2026-01-25 19:58:56,293 - easytorch-training - INFO - Result <val>: [val_time: 22.10 (s), val_MAE: 13.6919, val_RMSE: 23.1220, val_MAPE: 11.1276]
2026-01-25 19:59:16,530 - easytorch-training - INFO - Evaluate best model on test data for horizon 1, Test MAE: 11.7016, Test RMSE: 19.1285, Test MAPE: 8.0435
2026-01-25 19:59:16,544 - easytorch-training - INFO - Evaluate best model on test data for horizon 2, Test MAE: 12.2317, Test RMSE: 20.3195, Test MAPE: 8.2433
2026-01-25 19:59:16,553 - easytorch-training - INFO - Evaluate best model on test data for horizon 3, Test MAE: 12.6842, Test RMSE: 21.3033, Test MAPE: 8.6403
2026-01-25 19:59:16,567 - easytorch-training - INFO - Evaluate best model on test data for horizon 4, Test MAE: 13.0510, Test RMSE: 22.1455, Test MAPE: 8.9682
2026-01-25 19:59:16,586 - easytorch-training - INFO - Evaluate best model on test data for horizon 5, Test MAE: 13.3317, Test RMSE: 22.8566, Test MAPE: 8.8377
2026-01-25 19:59:16,606 - easytorch-training - INFO - Evaluate best model on test data for horizon 6, Test MAE: 13.6011, Test RMSE: 23.4676, Test MAPE: 9.0144
2026-01-25 19:59:16,627 - easytorch-training - INFO - Evaluate best model on test data for horizon 7, Test MAE: 13.8516, Test RMSE: 23.9743, Test MAPE: 9.1464
2026-01-25 19:59:16,648 - easytorch-training - INFO - Evaluate best model on test data for horizon 8, Test MAE: 14.0978, Test RMSE: 24.4433, Test MAPE: 9.3217
2026-01-25 19:59:16,668 - easytorch-training - INFO - Evaluate best model on test data for horizon 9, Test MAE: 14.3097, Test RMSE: 24.8357, Test MAPE: 9.4754
2026-01-25 19:59:16,684 - easytorch-training - INFO - Evaluate best model on test data for horizon 10, Test MAE: 14.4650, Test RMSE: 25.1860, Test MAPE: 9.4334
2026-01-25 19:59:16,692 - easytorch-training - INFO - Evaluate best model on test data for horizon 11, Test MAE: 14.6565, Test RMSE: 25.4513, Test MAPE: 9.7911
2026-01-25 19:59:16,708 - easytorch-training - INFO - Evaluate best model on test data for horizon 12, Test MAE: 14.8420, Test RMSE: 25.7604, Test MAPE: 9.7395
2026-01-25 19:59:16,727 - easytorch-training - INFO - Result <test>: [test_time: 20.43 (s), test_MAE: 13.5686, test_RMSE: 23.3291, test_MAPE: 9.0546]
2026-01-25 19:59:17,147 - easytorch-training - INFO - Checkpoint checkpoints/STMAFNet_300/020df9ee7447a9cb965bf70236749dd4/STMAFNet_086.pt saved
2026-01-25 19:59:17,148 - easytorch-training - INFO - The estimated training finish time is 2026-01-26 08:34:30
2026-01-25 19:59:17,148 - easytorch-training - INFO - Epoch 87 / 300
2026-01-25 20:02:06,091 - easytorch-training - INFO - Result <train>: [train_time: 168.94 (s), lr: 6.25e-05, train_MAE: 12.7673, train_RMSE: 21.5801, train_MAPE: 8.5239]
2026-01-25 20:02:06,092 - easytorch-training - INFO - Start validation.
2026-01-25 20:02:26,971 - easytorch-training - INFO - Result <val>: [val_time: 20.88 (s), val_MAE: 13.7064, val_RMSE: 23.1923, val_MAPE: 11.0454]
2026-01-25 20:02:47,179 - easytorch-training - INFO - Evaluate best model on test data for horizon 1, Test MAE: 11.6783, Test RMSE: 19.1326, Test MAPE: 7.6058
2026-01-25 20:02:47,195 - easytorch-training - INFO - Evaluate best model on test data for horizon 2, Test MAE: 12.2143, Test RMSE: 20.2997, Test MAPE: 7.9937
2026-01-25 20:02:47,209 - easytorch-training - INFO - Evaluate best model on test data for horizon 3, Test MAE: 12.6397, Test RMSE: 21.2722, Test MAPE: 8.2017
2026-01-25 20:02:47,230 - easytorch-training - INFO - Evaluate best model on test data for horizon 4, Test MAE: 12.9947, Test RMSE: 22.1207, Test MAPE: 8.3813
2026-01-25 20:02:47,245 - easytorch-training - INFO - Evaluate best model on test data for horizon 5, Test MAE: 13.2794, Test RMSE: 22.7800, Test MAPE: 8.5622
2026-01-25 20:02:47,266 - easytorch-training - INFO - Evaluate best model on test data for horizon 6, Test MAE: 13.5561, Test RMSE: 23.3777, Test MAPE: 8.7803
2026-01-25 20:02:47,285 - easytorch-training - INFO - Evaluate best model on test data for horizon 7, Test MAE: 13.8131, Test RMSE: 23.8942, Test MAPE: 8.9516
2026-01-25 20:02:47,299 - easytorch-training - INFO - Evaluate best model on test data for horizon 8, Test MAE: 14.0562, Test RMSE: 24.3588, Test MAPE: 9.0811
2026-01-25 20:02:47,316 - easytorch-training - INFO - Evaluate best model on test data for horizon 9, Test MAE: 14.2629, Test RMSE: 24.7236, Test MAPE: 9.2368
2026-01-25 20:02:47,336 - easytorch-training - INFO - Evaluate best model on test data for horizon 10, Test MAE: 14.4532, Test RMSE: 25.0553, Test MAPE: 9.3581
2026-01-25 20:02:47,357 - easytorch-training - INFO - Evaluate best model on test data for horizon 11, Test MAE: 14.6255, Test RMSE: 25.3367, Test MAPE: 9.4956
2026-01-25 20:02:47,375 - easytorch-training - INFO - Evaluate best model on test data for horizon 12, Test MAE: 14.8173, Test RMSE: 25.6087, Test MAPE: 9.6533
2026-01-25 20:02:47,388 - easytorch-training - INFO - Result <test>: [test_time: 20.41 (s), test_MAE: 13.5326, test_RMSE: 23.2495, test_MAPE: 8.7751]
2026-01-25 20:02:47,828 - easytorch-training - INFO - Checkpoint checkpoints/STMAFNet_300/020df9ee7447a9cb965bf70236749dd4/STMAFNet_087.pt saved
2026-01-25 20:02:47,829 - easytorch-training - INFO - The estimated training finish time is 2026-01-26 08:34:26
2026-01-25 20:02:47,829 - easytorch-training - INFO - Epoch 88 / 300
2026-01-25 20:05:36,292 - easytorch-training - INFO - Result <train>: [train_time: 168.46 (s), lr: 6.25e-05, train_MAE: 12.7618, train_RMSE: 21.5756, train_MAPE: 8.5243]
2026-01-25 20:05:36,294 - easytorch-training - INFO - Start validation.
2026-01-25 20:05:58,683 - easytorch-training - INFO - Result <val>: [val_time: 22.39 (s), val_MAE: 13.6930, val_RMSE: 23.1716, val_MAPE: 11.0249]
2026-01-25 20:06:19,731 - easytorch-training - INFO - Evaluate best model on test data for horizon 1, Test MAE: 11.6644, Test RMSE: 19.1007, Test MAPE: 7.7748
2026-01-25 20:06:19,751 - easytorch-training - INFO - Evaluate best model on test data for horizon 2, Test MAE: 12.1975, Test RMSE: 20.2882, Test MAPE: 8.0194
2026-01-25 20:06:19,772 - easytorch-training - INFO - Evaluate best model on test data for horizon 3, Test MAE: 12.6306, Test RMSE: 21.2463, Test MAPE: 8.3060
2026-01-25 20:06:19,787 - easytorch-training - INFO - Evaluate best model on test data for horizon 4, Test MAE: 12.9864, Test RMSE: 22.1018, Test MAPE: 8.4518
2026-01-25 20:06:19,796 - easytorch-training - INFO - Evaluate best model on test data for horizon 5, Test MAE: 13.2921, Test RMSE: 22.7728, Test MAPE: 8.8197
2026-01-25 20:06:19,804 - easytorch-training - INFO - Evaluate best model on test data for horizon 6, Test MAE: 13.5803, Test RMSE: 23.3907, Test MAPE: 8.9721
2026-01-25 20:06:19,821 - easytorch-training - INFO - Evaluate best model on test data for horizon 7, Test MAE: 13.8156, Test RMSE: 23.9341, Test MAPE: 9.0656
2026-01-25 20:06:19,841 - easytorch-training - INFO - Evaluate best model on test data for horizon 8, Test MAE: 14.0632, Test RMSE: 24.4392, Test MAPE: 9.1617
2026-01-25 20:06:19,862 - easytorch-training - INFO - Evaluate best model on test data for horizon 9, Test MAE: 14.2789, Test RMSE: 24.8597, Test MAPE: 9.3617
2026-01-25 20:06:19,883 - easytorch-training - INFO - Evaluate best model on test data for horizon 10, Test MAE: 14.4467, Test RMSE: 25.2150, Test MAPE: 9.5282
2026-01-25 20:06:19,903 - easytorch-training - INFO - Evaluate best model on test data for horizon 11, Test MAE: 14.6180, Test RMSE: 25.5240, Test MAPE: 9.5864
2026-01-25 20:06:19,924 - easytorch-training - INFO - Evaluate best model on test data for horizon 12, Test MAE: 14.7938, Test RMSE: 25.7754, Test MAPE: 9.7850
2026-01-25 20:06:19,942 - easytorch-training - INFO - Result <test>: [test_time: 21.26 (s), test_MAE: 13.5306, test_RMSE: 23.3128, test_MAPE: 8.9027]
2026-01-25 20:06:20,354 - easytorch-training - INFO - Checkpoint checkpoints/STMAFNet_300/020df9ee7447a9cb965bf70236749dd4/STMAFNet_088.pt saved
2026-01-25 20:06:20,355 - easytorch-training - INFO - The estimated training finish time is 2026-01-26 08:34:29
2026-01-25 20:06:20,355 - easytorch-training - INFO - Epoch 89 / 300
2026-01-25 20:09:08,951 - easytorch-training - INFO - Result <train>: [train_time: 168.60 (s), lr: 6.25e-05, train_MAE: 12.7546, train_RMSE: 21.5619, train_MAPE: 8.5123]
2026-01-25 20:09:08,952 - easytorch-training - INFO - Start validation.
2026-01-25 20:09:31,290 - easytorch-training - INFO - Result <val>: [val_time: 22.34 (s), val_MAE: 13.7065, val_RMSE: 23.1858, val_MAPE: 10.9205]
2026-01-25 20:09:52,271 - easytorch-training - INFO - Evaluate best model on test data for horizon 1, Test MAE: 11.6567, Test RMSE: 19.1017, Test MAPE: 7.6500
2026-01-25 20:09:52,292 - easytorch-training - INFO - Evaluate best model on test data for horizon 2, Test MAE: 12.2011, Test RMSE: 20.2851, Test MAPE: 7.9337
2026-01-25 20:09:52,307 - easytorch-training - INFO - Evaluate best model on test data for horizon 3, Test MAE: 12.6247, Test RMSE: 21.2544, Test MAPE: 8.1841
2026-01-25 20:09:52,328 - easytorch-training - INFO - Evaluate best model on test data for horizon 4, Test MAE: 12.9881, Test RMSE: 22.1164, Test MAPE: 8.3924
2026-01-25 20:09:52,349 - easytorch-training - INFO - Evaluate best model on test data for horizon 5, Test MAE: 13.2850, Test RMSE: 22.7927, Test MAPE: 8.5794
2026-01-25 20:09:52,366 - easytorch-training - INFO - Evaluate best model on test data for horizon 6, Test MAE: 13.5625, Test RMSE: 23.4003, Test MAPE: 8.7573
2026-01-25 20:09:52,384 - easytorch-training - INFO - Evaluate best model on test data for horizon 7, Test MAE: 13.8271, Test RMSE: 23.9179, Test MAPE: 8.9242
2026-01-25 20:09:52,401 - easytorch-training - INFO - Evaluate best model on test data for horizon 8, Test MAE: 14.0720, Test RMSE: 24.4171, Test MAPE: 9.1045
2026-01-25 20:09:52,420 - easytorch-training - INFO - Evaluate best model on test data for horizon 9, Test MAE: 14.2748, Test RMSE: 24.7942, Test MAPE: 9.2495
2026-01-25 20:09:52,438 - easytorch-training - INFO - Evaluate best model on test data for horizon 10, Test MAE: 14.4402, Test RMSE: 25.1050, Test MAPE: 9.3821
2026-01-25 20:09:52,452 - easytorch-training - INFO - Evaluate best model on test data for horizon 11, Test MAE: 14.6213, Test RMSE: 25.4041, Test MAPE: 9.4955
2026-01-25 20:09:52,471 - easytorch-training - INFO - Evaluate best model on test data for horizon 12, Test MAE: 14.7984, Test RMSE: 25.6502, Test MAPE: 9.6380
2026-01-25 20:09:52,491 - easytorch-training - INFO - Result <test>: [test_time: 21.20 (s), test_MAE: 13.5293, test_RMSE: 23.2753, test_MAPE: 8.7742]
2026-01-25 20:09:52,903 - easytorch-training - INFO - Checkpoint checkpoints/STMAFNet_300/020df9ee7447a9cb965bf70236749dd4/STMAFNet_089.pt saved
2026-01-25 20:09:52,904 - easytorch-training - INFO - The estimated training finish time is 2026-01-26 08:34:31
2026-01-25 20:09:52,905 - easytorch-training - INFO - Epoch 90 / 300
2026-01-25 20:12:41,405 - easytorch-training - INFO - Result <train>: [train_time: 168.50 (s), lr: 6.25e-05, train_MAE: 12.7507, train_RMSE: 21.5576, train_MAPE: 8.5013]
2026-01-25 20:12:41,406 - easytorch-training - INFO - Start validation.
2026-01-25 20:13:03,754 - easytorch-training - INFO - Result <val>: [val_time: 22.35 (s), val_MAE: 13.6578, val_RMSE: 23.0713, val_MAPE: 10.6828]
2026-01-25 20:13:04,470 - easytorch-training - INFO - Checkpoint checkpoints/STMAFNet_300/020df9ee7447a9cb965bf70236749dd4/STMAFNet_best_val_MAE.pt saved
2026-01-25 20:13:25,150 - easytorch-training - INFO - Evaluate best model on test data for horizon 1, Test MAE: 11.6865, Test RMSE: 19.1226, Test MAPE: 7.7303
2026-01-25 20:13:25,171 - easytorch-training - INFO - Evaluate best model on test data for horizon 2, Test MAE: 12.2276, Test RMSE: 20.3217, Test MAPE: 8.0214
2026-01-25 20:13:25,191 - easytorch-training - INFO - Evaluate best model on test data for horizon 3, Test MAE: 12.6641, Test RMSE: 21.2805, Test MAPE: 8.3343
2026-01-25 20:13:25,211 - easytorch-training - INFO - Evaluate best model on test data for horizon 4, Test MAE: 13.0029, Test RMSE: 22.1096, Test MAPE: 8.4387
2026-01-25 20:13:25,222 - easytorch-training - INFO - Evaluate best model on test data for horizon 5, Test MAE: 13.3167, Test RMSE: 22.8086, Test MAPE: 8.6772
2026-01-25 20:13:25,236 - easytorch-training - INFO - Evaluate best model on test data for horizon 6, Test MAE: 13.5679, Test RMSE: 23.3885, Test MAPE: 8.8029
2026-01-25 20:13:25,254 - easytorch-training - INFO - Evaluate best model on test data for horizon 7, Test MAE: 13.8460, Test RMSE: 23.9448, Test MAPE: 8.9735
2026-01-25 20:13:25,275 - easytorch-training - INFO - Evaluate best model on test data for horizon 8, Test MAE: 14.0953, Test RMSE: 24.4344, Test MAPE: 9.1642
2026-01-25 20:13:25,295 - easytorch-training - INFO - Evaluate best model on test data for horizon 9, Test MAE: 14.2904, Test RMSE: 24.7913, Test MAPE: 9.3620
2026-01-25 20:13:25,311 - easytorch-training - INFO - Evaluate best model on test data for horizon 10, Test MAE: 14.4868, Test RMSE: 25.1768, Test MAPE: 9.3926
2026-01-25 20:13:25,330 - easytorch-training - INFO - Evaluate best model on test data for horizon 11, Test MAE: 14.6583, Test RMSE: 25.4600, Test MAPE: 9.5117
2026-01-25 20:13:25,340 - easytorch-training - INFO - Evaluate best model on test data for horizon 12, Test MAE: 14.8417, Test RMSE: 25.7190, Test MAPE: 9.7058
2026-01-25 20:13:25,354 - easytorch-training - INFO - Result <test>: [test_time: 20.88 (s), test_MAE: 13.5570, test_RMSE: 23.3026, test_MAPE: 8.8429]
2026-01-25 20:13:25,772 - easytorch-training - INFO - Checkpoint checkpoints/STMAFNet_300/020df9ee7447a9cb965bf70236749dd4/STMAFNet_090.pt saved
2026-01-25 20:13:25,822 - easytorch-training - INFO - The estimated training finish time is 2026-01-26 08:34:35
2026-01-25 20:13:25,822 - easytorch-training - INFO - Epoch 91 / 300
2026-01-25 20:16:14,436 - easytorch-training - INFO - Result <train>: [train_time: 168.61 (s), lr: 6.25e-05, train_MAE: 12.7403, train_RMSE: 21.5445, train_MAPE: 8.5076]
2026-01-25 20:16:14,438 - easytorch-training - INFO - Start validation.
2026-01-25 20:16:36,033 - easytorch-training - INFO - Result <val>: [val_time: 21.59 (s), val_MAE: 13.6903, val_RMSE: 23.1298, val_MAPE: 10.9333]
2026-01-25 20:16:56,801 - easytorch-training - INFO - Evaluate best model on test data for horizon 1, Test MAE: 11.6757, Test RMSE: 19.1337, Test MAPE: 7.6974
2026-01-25 20:16:56,819 - easytorch-training - INFO - Evaluate best model on test data for horizon 2, Test MAE: 12.2221, Test RMSE: 20.3262, Test MAPE: 8.0266
2026-01-25 20:16:56,833 - easytorch-training - INFO - Evaluate best model on test data for horizon 3, Test MAE: 12.6542, Test RMSE: 21.2655, Test MAPE: 8.2216
2026-01-25 20:16:56,850 - easytorch-training - INFO - Evaluate best model on test data for horizon 4, Test MAE: 13.0176, Test RMSE: 22.1022, Test MAPE: 8.4793
2026-01-25 20:16:56,867 - easytorch-training - INFO - Evaluate best model on test data for horizon 5, Test MAE: 13.3079, Test RMSE: 22.7914, Test MAPE: 8.6237
2026-01-25 20:16:56,881 - easytorch-training - INFO - Evaluate best model on test data for horizon 6, Test MAE: 13.5799, Test RMSE: 23.3894, Test MAPE: 8.8556
2026-01-25 20:16:56,900 - easytorch-training - INFO - Evaluate best model on test data for horizon 7, Test MAE: 13.8283, Test RMSE: 23.9198, Test MAPE: 8.9840
2026-01-25 20:16:56,920 - easytorch-training - INFO - Evaluate best model on test data for horizon 8, Test MAE: 14.0946, Test RMSE: 24.4076, Test MAPE: 9.1717
2026-01-25 20:16:56,941 - easytorch-training - INFO - Evaluate best model on test data for horizon 9, Test MAE: 14.2979, Test RMSE: 24.7951, Test MAPE: 9.2744
2026-01-25 20:16:56,962 - easytorch-training - INFO - Evaluate best model on test data for horizon 10, Test MAE: 14.4537, Test RMSE: 25.0993, Test MAPE: 9.3706
2026-01-25 20:16:56,979 - easytorch-training - INFO - Evaluate best model on test data for horizon 11, Test MAE: 14.6218, Test RMSE: 25.3677, Test MAPE: 9.5133
2026-01-25 20:16:56,998 - easytorch-training - INFO - Evaluate best model on test data for horizon 12, Test MAE: 14.7776, Test RMSE: 25.6119, Test MAPE: 9.6333
2026-01-25 20:16:57,021 - easytorch-training - INFO - Result <test>: [test_time: 20.99 (s), test_MAE: 13.5443, test_RMSE: 23.2713, test_MAPE: 8.8210]
2026-01-25 20:16:57,435 - easytorch-training - INFO - Checkpoint checkpoints/STMAFNet_300/020df9ee7447a9cb965bf70236749dd4/STMAFNet_091.pt saved
2026-01-25 20:16:57,436 - easytorch-training - INFO - The estimated training finish time is 2026-01-26 08:34:35
2026-01-25 20:16:57,436 - easytorch-training - INFO - Epoch 92 / 300
2026-01-25 20:19:46,269 - easytorch-training - INFO - Result <train>: [train_time: 168.83 (s), lr: 6.25e-05, train_MAE: 12.7299, train_RMSE: 21.5147, train_MAPE: 8.5035]
2026-01-25 20:19:46,271 - easytorch-training - INFO - Start validation.
2026-01-25 20:20:08,349 - easytorch-training - INFO - Result <val>: [val_time: 22.08 (s), val_MAE: 13.7160, val_RMSE: 23.2231, val_MAPE: 11.0262]
2026-01-25 20:20:28,561 - easytorch-training - INFO - Evaluate best model on test data for horizon 1, Test MAE: 11.6634, Test RMSE: 19.1095, Test MAPE: 7.5678
2026-01-25 20:20:28,582 - easytorch-training - INFO - Evaluate best model on test data for horizon 2, Test MAE: 12.2022, Test RMSE: 20.3052, Test MAPE: 7.8996
2026-01-25 20:20:28,599 - easytorch-training - INFO - Evaluate best model on test data for horizon 3, Test MAE: 12.6324, Test RMSE: 21.2799, Test MAPE: 8.1616
2026-01-25 20:20:28,614 - easytorch-training - INFO - Evaluate best model on test data for horizon 4, Test MAE: 13.0026, Test RMSE: 22.1279, Test MAPE: 8.3822
2026-01-25 20:20:28,626 - easytorch-training - INFO - Evaluate best model on test data for horizon 5, Test MAE: 13.3151, Test RMSE: 22.8248, Test MAPE: 8.6089
2026-01-25 20:20:28,636 - easytorch-training - INFO - Evaluate best model on test data for horizon 6, Test MAE: 13.5821, Test RMSE: 23.4555, Test MAPE: 8.7821
2026-01-25 20:20:28,651 - easytorch-training - INFO - Evaluate best model on test data for horizon 7, Test MAE: 13.8494, Test RMSE: 24.0009, Test MAPE: 8.9606
2026-01-25 20:20:28,671 - easytorch-training - INFO - Evaluate best model on test data for horizon 8, Test MAE: 14.0908, Test RMSE: 24.4587, Test MAPE: 9.2670
2026-01-25 20:20:28,692 - easytorch-training - INFO - Evaluate best model on test data for horizon 9, Test MAE: 14.2989, Test RMSE: 24.8822, Test MAPE: 9.2924
2026-01-25 20:20:28,713 - easytorch-training - INFO - Evaluate best model on test data for horizon 10, Test MAE: 14.4602, Test RMSE: 25.2121, Test MAPE: 9.3747
2026-01-25 20:20:28,733 - easytorch-training - INFO - Evaluate best model on test data for horizon 11, Test MAE: 14.6623, Test RMSE: 25.5267, Test MAPE: 9.5247
2026-01-25 20:20:28,749 - easytorch-training - INFO - Evaluate best model on test data for horizon 12, Test MAE: 14.7934, Test RMSE: 25.7317, Test MAPE: 9.6843
2026-01-25 20:20:28,769 - easytorch-training - INFO - Result <test>: [test_time: 20.42 (s), test_MAE: 13.5461, test_RMSE: 23.3343, test_MAPE: 8.7922]
2026-01-25 20:20:29,180 - easytorch-training - INFO - Checkpoint checkpoints/STMAFNet_300/020df9ee7447a9cb965bf70236749dd4/STMAFNet_092.pt saved
2026-01-25 20:20:29,180 - easytorch-training - INFO - The estimated training finish time is 2026-01-26 08:34:35
2026-01-25 20:20:29,181 - easytorch-training - INFO - Epoch 93 / 300
2026-01-25 20:23:18,490 - easytorch-training - INFO - Result <train>: [train_time: 169.31 (s), lr: 6.25e-05, train_MAE: 12.7249, train_RMSE: 21.5180, train_MAPE: 8.4920]
2026-01-25 20:23:18,492 - easytorch-training - INFO - Start validation.
2026-01-25 20:23:40,227 - easytorch-training - INFO - Result <val>: [val_time: 21.73 (s), val_MAE: 13.7082, val_RMSE: 23.2067, val_MAPE: 11.1363]
2026-01-25 20:24:00,506 - easytorch-training - INFO - Evaluate best model on test data for horizon 1, Test MAE: 11.6610, Test RMSE: 19.1273, Test MAPE: 7.6957
2026-01-25 20:24:00,526 - easytorch-training - INFO - Evaluate best model on test data for horizon 2, Test MAE: 12.2095, Test RMSE: 20.3022, Test MAPE: 7.9653
2026-01-25 20:24:00,547 - easytorch-training - INFO - Evaluate best model on test data for horizon 3, Test MAE: 12.6412, Test RMSE: 21.2955, Test MAPE: 8.1677
2026-01-25 20:24:00,566 - easytorch-training - INFO - Evaluate best model on test data for horizon 4, Test MAE: 12.9955, Test RMSE: 22.1097, Test MAPE: 8.4761
2026-01-25 20:24:00,577 - easytorch-training - INFO - Evaluate best model on test data for horizon 5, Test MAE: 13.3177, Test RMSE: 22.8283, Test MAPE: 8.8683
2026-01-25 20:24:00,579 - easytorch-training - INFO - Evaluate best model on test data for horizon 6, Test MAE: 13.5846, Test RMSE: 23.4610, Test MAPE: 8.8819
2026-01-25 20:24:00,589 - easytorch-training - INFO - Evaluate best model on test data for horizon 7, Test MAE: 13.8297, Test RMSE: 23.9591, Test MAPE: 9.0320
2026-01-25 20:24:00,610 - easytorch-training - INFO - Evaluate best model on test data for horizon 8, Test MAE: 14.0869, Test RMSE: 24.4337, Test MAPE: 9.1615
2026-01-25 20:24:00,630 - easytorch-training - INFO - Evaluate best model on test data for horizon 9, Test MAE: 14.2881, Test RMSE: 24.8280, Test MAPE: 9.2372
2026-01-25 20:24:00,651 - easytorch-training - INFO - Evaluate best model on test data for horizon 10, Test MAE: 14.4616, Test RMSE: 25.1208, Test MAPE: 9.3675
2026-01-25 20:24:00,672 - easytorch-training - INFO - Evaluate best model on test data for horizon 11, Test MAE: 14.6253, Test RMSE: 25.3837, Test MAPE: 9.5071
2026-01-25 20:24:00,692 - easytorch-training - INFO - Evaluate best model on test data for horizon 12, Test MAE: 14.8031, Test RMSE: 25.6326, Test MAPE: 9.6309
2026-01-25 20:24:00,710 - easytorch-training - INFO - Result <test>: [test_time: 20.48 (s), test_MAE: 13.5420, test_RMSE: 23.2949, test_MAPE: 8.8326]
2026-01-25 20:24:01,122 - easytorch-training - INFO - Checkpoint checkpoints/STMAFNet_300/020df9ee7447a9cb965bf70236749dd4/STMAFNet_093.pt saved
2026-01-25 20:24:01,123 - easytorch-training - INFO - The estimated training finish time is 2026-01-26 08:34:35
2026-01-25 20:24:01,123 - easytorch-training - INFO - Epoch 94 / 300
2026-01-25 20:26:50,622 - easytorch-training - INFO - Result <train>: [train_time: 169.50 (s), lr: 6.25e-05, train_MAE: 12.7154, train_RMSE: 21.5017, train_MAPE: 8.4848]
2026-01-25 20:26:50,624 - easytorch-training - INFO - Start validation.
2026-01-25 20:27:12,435 - easytorch-training - INFO - Result <val>: [val_time: 21.81 (s), val_MAE: 13.6908, val_RMSE: 23.1565, val_MAPE: 11.0321]
2026-01-25 20:27:32,221 - easytorch-training - INFO - Evaluate best model on test data for horizon 1, Test MAE: 11.6555, Test RMSE: 19.1153, Test MAPE: 7.6013
2026-01-25 20:27:32,241 - easytorch-training - INFO - Evaluate best model on test data for horizon 2, Test MAE: 12.2087, Test RMSE: 20.3048, Test MAPE: 7.9715
2026-01-25 20:27:32,262 - easytorch-training - INFO - Evaluate best model on test data for horizon 3, Test MAE: 12.6517, Test RMSE: 21.2837, Test MAPE: 8.2166
2026-01-25 20:27:32,281 - easytorch-training - INFO - Evaluate best model on test data for horizon 4, Test MAE: 13.0218, Test RMSE: 22.1347, Test MAPE: 8.4559
2026-01-25 20:27:32,294 - easytorch-training - INFO - Evaluate best model on test data for horizon 5, Test MAE: 13.3232, Test RMSE: 22.8063, Test MAPE: 8.6279
2026-01-25 20:27:32,306 - easytorch-training - INFO - Evaluate best model on test data for horizon 6, Test MAE: 13.5785, Test RMSE: 23.4110, Test MAPE: 8.8120
2026-01-25 20:27:32,325 - easytorch-training - INFO - Evaluate best model on test data for horizon 7, Test MAE: 13.8479, Test RMSE: 23.9394, Test MAPE: 8.9752
2026-01-25 20:27:32,345 - easytorch-training - INFO - Evaluate best model on test data for horizon 8, Test MAE: 14.1108, Test RMSE: 24.4711, Test MAPE: 9.1511
2026-01-25 20:27:32,366 - easytorch-training - INFO - Evaluate best model on test data for horizon 9, Test MAE: 14.3108, Test RMSE: 24.8591, Test MAPE: 9.2837
2026-01-25 20:27:32,381 - easytorch-training - INFO - Evaluate best model on test data for horizon 10, Test MAE: 14.4815, Test RMSE: 25.2029, Test MAPE: 9.4154
2026-01-25 20:27:32,398 - easytorch-training - INFO - Evaluate best model on test data for horizon 11, Test MAE: 14.6495, Test RMSE: 25.4578, Test MAPE: 9.6053
2026-01-25 20:27:32,412 - easytorch-training - INFO - Evaluate best model on test data for horizon 12, Test MAE: 14.8352, Test RMSE: 25.7601, Test MAPE: 9.6845
2026-01-25 20:27:32,432 - easytorch-training - INFO - Result <test>: [test_time: 20.00 (s), test_MAE: 13.5563, test_RMSE: 23.3195, test_MAPE: 8.8167]
2026-01-25 20:27:32,844 - easytorch-training - INFO - Checkpoint checkpoints/STMAFNet_300/020df9ee7447a9cb965bf70236749dd4/STMAFNet_094.pt saved
2026-01-25 20:27:32,845 - easytorch-training - INFO - The estimated training finish time is 2026-01-26 08:34:35
2026-01-25 20:27:32,845 - easytorch-training - INFO - Epoch 95 / 300
2026-01-25 20:30:22,466 - easytorch-training - INFO - Result <train>: [train_time: 169.62 (s), lr: 6.25e-05, train_MAE: 12.7114, train_RMSE: 21.4963, train_MAPE: 8.4820]
2026-01-25 20:30:22,467 - easytorch-training - INFO - Start validation.
2026-01-25 20:30:43,746 - easytorch-training - INFO - Result <val>: [val_time: 21.28 (s), val_MAE: 13.6795, val_RMSE: 23.1074, val_MAPE: 10.8819]
2026-01-25 20:31:04,503 - easytorch-training - INFO - Evaluate best model on test data for horizon 1, Test MAE: 11.6946, Test RMSE: 19.1170, Test MAPE: 7.6507
2026-01-25 20:31:04,524 - easytorch-training - INFO - Evaluate best model on test data for horizon 2, Test MAE: 12.2169, Test RMSE: 20.3093, Test MAPE: 7.9440
2026-01-25 20:31:04,543 - easytorch-training - INFO - Evaluate best model on test data for horizon 3, Test MAE: 12.6688, Test RMSE: 21.2937, Test MAPE: 8.3096
2026-01-25 20:31:04,558 - easytorch-training - INFO - Evaluate best model on test data for horizon 4, Test MAE: 13.0191, Test RMSE: 22.1339, Test MAPE: 8.4945
2026-01-25 20:31:04,574 - easytorch-training - INFO - Evaluate best model on test data for horizon 5, Test MAE: 13.3224, Test RMSE: 22.8674, Test MAPE: 8.6252
2026-01-25 20:31:04,593 - easytorch-training - INFO - Evaluate best model on test data for horizon 6, Test MAE: 13.5913, Test RMSE: 23.4667, Test MAPE: 8.8748
2026-01-25 20:31:04,608 - easytorch-training - INFO - Evaluate best model on test data for horizon 7, Test MAE: 13.8531, Test RMSE: 24.0161, Test MAPE: 9.0405
2026-01-25 20:31:04,624 - easytorch-training - INFO - Evaluate best model on test data for horizon 8, Test MAE: 14.0979, Test RMSE: 24.4876, Test MAPE: 9.1404
2026-01-25 20:31:04,645 - easytorch-training - INFO - Evaluate best model on test data for horizon 9, Test MAE: 14.3160, Test RMSE: 24.8814, Test MAPE: 9.3738
2026-01-25 20:31:04,662 - easytorch-training - INFO - Evaluate best model on test data for horizon 10, Test MAE: 14.4832, Test RMSE: 25.2086, Test MAPE: 9.3923
2026-01-25 20:31:04,681 - easytorch-training - INFO - Evaluate best model on test data for horizon 11, Test MAE: 14.6668, Test RMSE: 25.4851, Test MAPE: 9.5743
2026-01-25 20:31:04,701 - easytorch-training - INFO - Evaluate best model on test data for horizon 12, Test MAE: 14.8322, Test RMSE: 25.7333, Test MAPE: 9.6982
2026-01-25 20:31:04,725 - easytorch-training - INFO - Result <test>: [test_time: 20.98 (s), test_MAE: 13.5635, test_RMSE: 23.3408, test_MAPE: 8.8432]
2026-01-25 20:31:05,136 - easytorch-training - INFO - Checkpoint checkpoints/STMAFNet_300/020df9ee7447a9cb965bf70236749dd4/STMAFNet_095.pt saved
2026-01-25 20:31:05,137 - easytorch-training - INFO - The estimated training finish time is 2026-01-26 08:34:37
2026-01-25 20:31:05,137 - easytorch-training - INFO - Epoch 96 / 300
2026-01-25 20:33:54,540 - easytorch-training - INFO - Result <train>: [train_time: 169.40 (s), lr: 6.25e-05, train_MAE: 12.7016, train_RMSE: 21.4805, train_MAPE: 8.4858]
2026-01-25 20:33:54,541 - easytorch-training - INFO - Start validation.
2026-01-25 20:34:16,507 - easytorch-training - INFO - Result <val>: [val_time: 21.97 (s), val_MAE: 13.6856, val_RMSE: 23.1812, val_MAPE: 10.9704]
2026-01-25 20:34:37,634 - easytorch-training - INFO - Evaluate best model on test data for horizon 1, Test MAE: 11.6457, Test RMSE: 19.0923, Test MAPE: 7.6912
2026-01-25 20:34:37,642 - easytorch-training - INFO - Evaluate best model on test data for horizon 2, Test MAE: 12.1738, Test RMSE: 20.2878, Test MAPE: 7.9460
2026-01-25 20:34:37,656 - easytorch-training - INFO - Evaluate best model on test data for horizon 3, Test MAE: 12.6051, Test RMSE: 21.2658, Test MAPE: 8.2514
2026-01-25 20:34:37,677 - easytorch-training - INFO - Evaluate best model on test data for horizon 4, Test MAE: 12.9681, Test RMSE: 22.1378, Test MAPE: 8.3774
2026-01-25 20:34:37,695 - easytorch-training - INFO - Evaluate best model on test data for horizon 5, Test MAE: 13.2734, Test RMSE: 22.8254, Test MAPE: 8.6477
2026-01-25 20:34:37,709 - easytorch-training - INFO - Evaluate best model on test data for horizon 6, Test MAE: 13.5553, Test RMSE: 23.4596, Test MAPE: 8.8437
2026-01-25 20:34:37,728 - easytorch-training - INFO - Evaluate best model on test data for horizon 7, Test MAE: 13.8256, Test RMSE: 24.0304, Test MAPE: 8.9696
2026-01-25 20:34:37,749 - easytorch-training - INFO - Evaluate best model on test data for horizon 8, Test MAE: 14.0788, Test RMSE: 24.5133, Test MAPE: 9.1289
2026-01-25 20:34:37,769 - easytorch-training - INFO - Evaluate best model on test data for horizon 9, Test MAE: 14.3001, Test RMSE: 24.8805, Test MAPE: 9.2522
2026-01-25 20:34:37,790 - easytorch-training - INFO - Evaluate best model on test data for horizon 10, Test MAE: 14.4686, Test RMSE: 25.1958, Test MAPE: 9.3719
2026-01-25 20:34:37,811 - easytorch-training - INFO - Evaluate best model on test data for horizon 11, Test MAE: 14.6353, Test RMSE: 25.4524, Test MAPE: 9.5072
2026-01-25 20:34:37,831 - easytorch-training - INFO - Evaluate best model on test data for horizon 12, Test MAE: 14.8121, Test RMSE: 25.6887, Test MAPE: 9.6547
2026-01-25 20:34:37,854 - easytorch-training - INFO - Result <test>: [test_time: 21.35 (s), test_MAE: 13.5285, test_RMSE: 23.3269, test_MAPE: 8.8035]
2026-01-25 20:34:38,268 - easytorch-training - INFO - Checkpoint checkpoints/STMAFNet_300/020df9ee7447a9cb965bf70236749dd4/STMAFNet_096.pt saved
2026-01-25 20:34:38,269 - easytorch-training - INFO - The estimated training finish time is 2026-01-26 08:34:41
2026-01-25 20:34:38,269 - easytorch-training - INFO - Epoch 97 / 300
2026-01-25 20:37:27,411 - easytorch-training - INFO - Result <train>: [train_time: 169.14 (s), lr: 6.25e-05, train_MAE: 12.6964, train_RMSE: 21.4723, train_MAPE: 8.4772]
2026-01-25 20:37:27,412 - easytorch-training - INFO - Start validation.
2026-01-25 20:37:49,583 - easytorch-training - INFO - Result <val>: [val_time: 22.17 (s), val_MAE: 13.7086, val_RMSE: 23.2205, val_MAPE: 11.0436]
2026-01-25 20:38:10,723 - easytorch-training - INFO - Evaluate best model on test data for horizon 1, Test MAE: 11.6628, Test RMSE: 19.1139, Test MAPE: 7.6890
2026-01-25 20:38:10,743 - easytorch-training - INFO - Evaluate best model on test data for horizon 2, Test MAE: 12.1879, Test RMSE: 20.2966, Test MAPE: 7.9599
2026-01-25 20:38:10,764 - easytorch-training - INFO - Evaluate best model on test data for horizon 3, Test MAE: 12.6374, Test RMSE: 21.2696, Test MAPE: 8.2959
2026-01-25 20:38:10,779 - easytorch-training - INFO - Evaluate best model on test data for horizon 4, Test MAE: 12.9995, Test RMSE: 22.1256, Test MAPE: 8.4289
2026-01-25 20:38:10,785 - easytorch-training - INFO - Evaluate best model on test data for horizon 5, Test MAE: 13.3085, Test RMSE: 22.8275, Test MAPE: 8.6065
2026-01-25 20:38:10,788 - easytorch-training - INFO - Evaluate best model on test data for horizon 6, Test MAE: 13.5836, Test RMSE: 23.4413, Test MAPE: 8.8325
2026-01-25 20:38:10,803 - easytorch-training - INFO - Evaluate best model on test data for horizon 7, Test MAE: 13.8416, Test RMSE: 23.9476, Test MAPE: 9.1585
2026-01-25 20:38:10,823 - easytorch-training - INFO - Evaluate best model on test data for horizon 8, Test MAE: 14.0811, Test RMSE: 24.4581, Test MAPE: 9.1468
2026-01-25 20:38:10,844 - easytorch-training - INFO - Evaluate best model on test data for horizon 9, Test MAE: 14.2878, Test RMSE: 24.8467, Test MAPE: 9.2817
2026-01-25 20:38:10,864 - easytorch-training - INFO - Evaluate best model on test data for horizon 10, Test MAE: 14.4633, Test RMSE: 25.1801, Test MAPE: 9.3927
2026-01-25 20:38:10,885 - easytorch-training - INFO - Evaluate best model on test data for horizon 11, Test MAE: 14.6352, Test RMSE: 25.4404, Test MAPE: 9.5574
2026-01-25 20:38:10,901 - easytorch-training - INFO - Evaluate best model on test data for horizon 12, Test MAE: 14.8210, Test RMSE: 25.7138, Test MAPE: 9.6831
2026-01-25 20:38:10,918 - easytorch-training - INFO - Result <test>: [test_time: 21.33 (s), test_MAE: 13.5425, test_RMSE: 23.3118, test_MAPE: 8.8361]
2026-01-25 20:38:11,334 - easytorch-training - INFO - Checkpoint checkpoints/STMAFNet_300/020df9ee7447a9cb965bf70236749dd4/STMAFNet_097.pt saved
2026-01-25 20:38:11,335 - easytorch-training - INFO - The estimated training finish time is 2026-01-26 08:34:45
2026-01-25 20:38:11,335 - easytorch-training - INFO - Epoch 98 / 300
2026-01-25 20:41:00,284 - easytorch-training - INFO - Result <train>: [train_time: 168.95 (s), lr: 6.25e-05, train_MAE: 12.6885, train_RMSE: 21.4696, train_MAPE: 8.4625]
2026-01-25 20:41:00,285 - easytorch-training - INFO - Start validation.
2026-01-25 20:41:21,549 - easytorch-training - INFO - Result <val>: [val_time: 21.26 (s), val_MAE: 13.6768, val_RMSE: 23.1334, val_MAPE: 11.0224]
2026-01-25 20:41:41,375 - easytorch-training - INFO - Evaluate best model on test data for horizon 1, Test MAE: 11.6500, Test RMSE: 19.1091, Test MAPE: 7.7346
2026-01-25 20:41:41,389 - easytorch-training - INFO - Evaluate best model on test data for horizon 2, Test MAE: 12.1969, Test RMSE: 20.3099, Test MAPE: 7.9655
2026-01-25 20:41:41,403 - easytorch-training - INFO - Evaluate best model on test data for horizon 3, Test MAE: 12.6512, Test RMSE: 21.2899, Test MAPE: 8.4055
2026-01-25 20:41:41,413 - easytorch-training - INFO - Evaluate best model on test data for horizon 4, Test MAE: 13.0019, Test RMSE: 22.1145, Test MAPE: 8.5083
2026-01-25 20:41:41,417 - easytorch-training - INFO - Evaluate best model on test data for horizon 5, Test MAE: 13.3136, Test RMSE: 22.8005, Test MAPE: 8.7825
2026-01-25 20:41:41,421 - easytorch-training - INFO - Evaluate best model on test data for horizon 6, Test MAE: 13.5693, Test RMSE: 23.3999, Test MAPE: 8.9314
2026-01-25 20:41:41,433 - easytorch-training - INFO - Evaluate best model on test data for horizon 7, Test MAE: 13.8400, Test RMSE: 23.9525, Test MAPE: 9.1332
2026-01-25 20:41:41,454 - easytorch-training - INFO - Evaluate best model on test data for horizon 8, Test MAE: 14.0611, Test RMSE: 24.4520, Test MAPE: 9.1042
2026-01-25 20:41:41,475 - easytorch-training - INFO - Evaluate best model on test data for horizon 9, Test MAE: 14.2735, Test RMSE: 24.8121, Test MAPE: 9.2907
2026-01-25 20:41:41,495 - easytorch-training - INFO - Evaluate best model on test data for horizon 10, Test MAE: 14.4379, Test RMSE: 25.1675, Test MAPE: 9.3990
2026-01-25 20:41:41,516 - easytorch-training - INFO - Evaluate best model on test data for horizon 11, Test MAE: 14.6137, Test RMSE: 25.4217, Test MAPE: 9.5843
2026-01-25 20:41:41,531 - easytorch-training - INFO - Evaluate best model on test data for horizon 12, Test MAE: 14.8075, Test RMSE: 25.6948, Test MAPE: 9.8479
2026-01-25 20:41:41,548 - easytorch-training - INFO - Result <test>: [test_time: 20.00 (s), test_MAE: 13.5347, test_RMSE: 23.2997, test_MAPE: 8.8906]
2026-01-25 20:41:41,962 - easytorch-training - INFO - Checkpoint checkpoints/STMAFNet_300/020df9ee7447a9cb965bf70236749dd4/STMAFNet_098.pt saved
2026-01-25 20:41:41,963 - easytorch-training - INFO - The estimated training finish time is 2026-01-26 08:34:41
2026-01-25 20:41:41,963 - easytorch-training - INFO - Epoch 99 / 300
2026-01-25 20:44:31,204 - easytorch-training - INFO - Result <train>: [train_time: 169.24 (s), lr: 6.25e-05, train_MAE: 12.6838, train_RMSE: 21.4616, train_MAPE: 8.4702]
2026-01-25 20:44:31,205 - easytorch-training - INFO - Start validation.
2026-01-25 20:44:53,008 - easytorch-training - INFO - Result <val>: [val_time: 21.80 (s), val_MAE: 13.6787, val_RMSE: 23.1311, val_MAPE: 10.8872]
2026-01-25 20:45:14,170 - easytorch-training - INFO - Evaluate best model on test data for horizon 1, Test MAE: 11.6634, Test RMSE: 19.1161, Test MAPE: 7.7160
2026-01-25 20:45:14,182 - easytorch-training - INFO - Evaluate best model on test data for horizon 2, Test MAE: 12.2024, Test RMSE: 20.3081, Test MAPE: 7.9830
2026-01-25 20:45:14,200 - easytorch-training - INFO - Evaluate best model on test data for horizon 3, Test MAE: 12.6525, Test RMSE: 21.3021, Test MAPE: 8.4764
2026-01-25 20:45:14,221 - easytorch-training - INFO - Evaluate best model on test data for horizon 4, Test MAE: 12.9997, Test RMSE: 22.1232, Test MAPE: 8.6195
2026-01-25 20:45:14,242 - easytorch-training - INFO - Evaluate best model on test data for horizon 5, Test MAE: 13.3334, Test RMSE: 22.8318, Test MAPE: 9.0177
2026-01-25 20:45:14,262 - easytorch-training - INFO - Evaluate best model on test data for horizon 6, Test MAE: 13.6101, Test RMSE: 23.4291, Test MAPE: 9.2790
2026-01-25 20:45:14,282 - easytorch-training - INFO - Evaluate best model on test data for horizon 7, Test MAE: 13.8333, Test RMSE: 23.9677, Test MAPE: 9.1642
2026-01-25 20:45:14,298 - easytorch-training - INFO - Evaluate best model on test data for horizon 8, Test MAE: 14.0840, Test RMSE: 24.4427, Test MAPE: 9.2449
2026-01-25 20:45:14,306 - easytorch-training - INFO - Evaluate best model on test data for horizon 9, Test MAE: 14.2861, Test RMSE: 24.8196, Test MAPE: 9.5218
2026-01-25 20:45:14,314 - easytorch-training - INFO - Evaluate best model on test data for horizon 10, Test MAE: 14.4468, Test RMSE: 25.1593, Test MAPE: 9.5053
2026-01-25 20:45:14,335 - easytorch-training - INFO - Evaluate best model on test data for horizon 11, Test MAE: 14.6365, Test RMSE: 25.4408, Test MAPE: 9.7460
2026-01-25 20:45:14,356 - easytorch-training - INFO - Evaluate best model on test data for horizon 12, Test MAE: 14.8167, Test RMSE: 25.7094, Test MAPE: 9.9056
2026-01-25 20:45:14,380 - easytorch-training - INFO - Result <test>: [test_time: 21.37 (s), test_MAE: 13.5471, test_RMSE: 23.3102, test_MAPE: 9.0149]
2026-01-25 20:45:14,793 - easytorch-training - INFO - Checkpoint checkpoints/STMAFNet_300/020df9ee7447a9cb965bf70236749dd4/STMAFNet_099.pt saved
2026-01-25 20:45:14,794 - easytorch-training - INFO - The estimated training finish time is 2026-01-26 08:34:45
2026-01-25 20:45:14,794 - easytorch-training - INFO - Epoch 100 / 300
2026-01-25 20:48:03,618 - easytorch-training - INFO - Result <train>: [train_time: 168.82 (s), lr: 6.25e-05, train_MAE: 12.6703, train_RMSE: 21.4386, train_MAPE: 8.4597]
2026-01-25 20:48:03,619 - easytorch-training - INFO - Start validation.
2026-01-25 20:48:26,064 - easytorch-training - INFO - Result <val>: [val_time: 22.44 (s), val_MAE: 13.6647, val_RMSE: 23.1198, val_MAPE: 10.7732]
2026-01-25 20:48:47,237 - easytorch-training - INFO - Evaluate best model on test data for horizon 1, Test MAE: 11.6733, Test RMSE: 19.1232, Test MAPE: 7.6936
2026-01-25 20:48:47,257 - easytorch-training - INFO - Evaluate best model on test data for horizon 2, Test MAE: 12.2100, Test RMSE: 20.3370, Test MAPE: 7.9725
2026-01-25 20:48:47,274 - easytorch-training - INFO - Evaluate best model on test data for horizon 3, Test MAE: 12.6385, Test RMSE: 21.3070, Test MAPE: 8.2174
2026-01-25 20:48:47,289 - easytorch-training - INFO - Evaluate best model on test data for horizon 4, Test MAE: 12.9905, Test RMSE: 22.1225, Test MAPE: 8.4165
2026-01-25 20:48:47,305 - easytorch-training - INFO - Evaluate best model on test data for horizon 5, Test MAE: 13.2904, Test RMSE: 22.8001, Test MAPE: 8.6213
2026-01-25 20:48:47,320 - easytorch-training - INFO - Evaluate best model on test data for horizon 6, Test MAE: 13.5647, Test RMSE: 23.4361, Test MAPE: 8.7915
2026-01-25 20:48:47,334 - easytorch-training - INFO - Evaluate best model on test data for horizon 7, Test MAE: 13.8234, Test RMSE: 23.9884, Test MAPE: 9.0158
2026-01-25 20:48:47,348 - easytorch-training - INFO - Evaluate best model on test data for horizon 8, Test MAE: 14.0764, Test RMSE: 24.4788, Test MAPE: 9.1553
2026-01-25 20:48:47,369 - easytorch-training - INFO - Evaluate best model on test data for horizon 9, Test MAE: 14.3002, Test RMSE: 24.8770, Test MAPE: 9.3306
2026-01-25 20:48:47,390 - easytorch-training - INFO - Evaluate best model on test data for horizon 10, Test MAE: 14.4522, Test RMSE: 25.1954, Test MAPE: 9.3845
2026-01-25 20:48:47,410 - easytorch-training - INFO - Evaluate best model on test data for horizon 11, Test MAE: 14.6336, Test RMSE: 25.4701, Test MAPE: 9.5353
2026-01-25 20:48:47,431 - easytorch-training - INFO - Evaluate best model on test data for horizon 12, Test MAE: 14.8167, Test RMSE: 25.7252, Test MAPE: 9.7542
2026-01-25 20:48:47,454 - easytorch-training - INFO - Result <test>: [test_time: 21.39 (s), test_MAE: 13.5392, test_RMSE: 23.3285, test_MAPE: 8.8240]
2026-01-25 20:48:47,868 - easytorch-training - INFO - Checkpoint checkpoints/STMAFNet_300/020df9ee7447a9cb965bf70236749dd4/STMAFNet_100.pt saved
2026-01-25 20:48:47,909 - easytorch-training - INFO - The estimated training finish time is 2026-01-26 08:34:49
2026-01-25 20:48:47,909 - easytorch-training - INFO - Epoch 101 / 300
2026-01-25 20:51:36,911 - easytorch-training - INFO - Result <train>: [train_time: 169.00 (s), lr: 6.25e-05, train_MAE: 12.6691, train_RMSE: 21.4427, train_MAPE: 8.4532]
2026-01-25 20:51:36,912 - easytorch-training - INFO - Start validation.
2026-01-25 20:51:59,310 - easytorch-training - INFO - Result <val>: [val_time: 22.40 (s), val_MAE: 13.6555, val_RMSE: 23.1412, val_MAPE: 10.9735]
2026-01-25 20:52:00,159 - easytorch-training - INFO - Checkpoint checkpoints/STMAFNet_300/020df9ee7447a9cb965bf70236749dd4/STMAFNet_best_val_MAE.pt saved
2026-01-25 20:52:20,943 - easytorch-training - INFO - Evaluate best model on test data for horizon 1, Test MAE: 11.6489, Test RMSE: 19.1190, Test MAPE: 7.7124
2026-01-25 20:52:20,963 - easytorch-training - INFO - Evaluate best model on test data for horizon 2, Test MAE: 12.1920, Test RMSE: 20.3023, Test MAPE: 8.0787
2026-01-25 20:52:20,984 - easytorch-training - INFO - Evaluate best model on test data for horizon 3, Test MAE: 12.6241, Test RMSE: 21.2822, Test MAPE: 8.2498
2026-01-25 20:52:21,005 - easytorch-training - INFO - Evaluate best model on test data for horizon 4, Test MAE: 12.9793, Test RMSE: 22.1118, Test MAPE: 8.5385
2026-01-25 20:52:21,019 - easytorch-training - INFO - Evaluate best model on test data for horizon 5, Test MAE: 13.2897, Test RMSE: 22.8184, Test MAPE: 8.7929
2026-01-25 20:52:21,028 - easytorch-training - INFO - Evaluate best model on test data for horizon 6, Test MAE: 13.5539, Test RMSE: 23.4397, Test MAPE: 8.9694
2026-01-25 20:52:21,047 - easytorch-training - INFO - Evaluate best model on test data for horizon 7, Test MAE: 13.7983, Test RMSE: 23.9818, Test MAPE: 9.0521
2026-01-25 20:52:21,067 - easytorch-training - INFO - Evaluate best model on test data for horizon 8, Test MAE: 14.0431, Test RMSE: 24.4632, Test MAPE: 9.1614
2026-01-25 20:52:21,084 - easytorch-training - INFO - Evaluate best model on test data for horizon 9, Test MAE: 14.2463, Test RMSE: 24.8252, Test MAPE: 9.2899
2026-01-25 20:52:21,103 - easytorch-training - INFO - Evaluate best model on test data for horizon 10, Test MAE: 14.4232, Test RMSE: 25.1296, Test MAPE: 9.5605
2026-01-25 20:52:21,123 - easytorch-training - INFO - Evaluate best model on test data for horizon 11, Test MAE: 14.6120, Test RMSE: 25.4236, Test MAPE: 9.6660
2026-01-25 20:52:21,139 - easytorch-training - INFO - Evaluate best model on test data for horizon 12, Test MAE: 14.7826, Test RMSE: 25.6822, Test MAPE: 9.6948
2026-01-25 20:52:21,151 - easytorch-training - INFO - Result <test>: [test_time: 20.99 (s), test_MAE: 13.5161, test_RMSE: 23.3041, test_MAPE: 8.8972]
2026-01-25 20:52:21,674 - easytorch-training - INFO - Checkpoint checkpoints/STMAFNet_300/020df9ee7447a9cb965bf70236749dd4/STMAFNet_101.pt saved
2026-01-25 20:52:21,675 - easytorch-training - INFO - The estimated training finish time is 2026-01-26 08:34:54
2026-01-25 20:52:21,675 - easytorch-training - INFO - Epoch 102 / 300
2026-01-25 20:55:10,689 - easytorch-training - INFO - Result <train>: [train_time: 169.01 (s), lr: 6.25e-05, train_MAE: 12.6672, train_RMSE: 21.4299, train_MAPE: 8.4518]
2026-01-25 20:55:10,691 - easytorch-training - INFO - Start validation.
2026-01-25 20:55:32,361 - easytorch-training - INFO - Result <val>: [val_time: 21.67 (s), val_MAE: 13.6403, val_RMSE: 23.1159, val_MAPE: 10.7394]
2026-01-25 20:55:33,030 - easytorch-training - INFO - Checkpoint checkpoints/STMAFNet_300/020df9ee7447a9cb965bf70236749dd4/STMAFNet_best_val_MAE.pt saved
2026-01-25 20:55:53,853 - easytorch-training - INFO - Evaluate best model on test data for horizon 1, Test MAE: 11.6496, Test RMSE: 19.1144, Test MAPE: 7.7429
2026-01-25 20:55:53,871 - easytorch-training - INFO - Evaluate best model on test data for horizon 2, Test MAE: 12.1851, Test RMSE: 20.3068, Test MAPE: 7.9981
2026-01-25 20:55:53,889 - easytorch-training - INFO - Evaluate best model on test data for horizon 3, Test MAE: 12.6142, Test RMSE: 21.2557, Test MAPE: 8.2322
2026-01-25 20:55:53,905 - easytorch-training - INFO - Evaluate best model on test data for horizon 4, Test MAE: 12.9689, Test RMSE: 22.0799, Test MAPE: 8.4307
2026-01-25 20:55:53,925 - easytorch-training - INFO - Evaluate best model on test data for horizon 5, Test MAE: 13.2819, Test RMSE: 22.7655, Test MAPE: 8.7147
2026-01-25 20:55:53,946 - easytorch-training - INFO - Evaluate best model on test data for horizon 6, Test MAE: 13.5537, Test RMSE: 23.3959, Test MAPE: 8.8038
2026-01-25 20:55:53,967 - easytorch-training - INFO - Evaluate best model on test data for horizon 7, Test MAE: 13.8111, Test RMSE: 23.9379, Test MAPE: 8.9622
2026-01-25 20:55:53,987 - easytorch-training - INFO - Evaluate best model on test data for horizon 8, Test MAE: 14.0619, Test RMSE: 24.4529, Test MAPE: 9.1735
2026-01-25 20:55:54,001 - easytorch-training - INFO - Evaluate best model on test data for horizon 9, Test MAE: 14.2747, Test RMSE: 24.8647, Test MAPE: 9.2804
2026-01-25 20:55:54,016 - easytorch-training - INFO - Evaluate best model on test data for horizon 10, Test MAE: 14.4445, Test RMSE: 25.1946, Test MAPE: 9.3965
2026-01-25 20:55:54,030 - easytorch-training - INFO - Evaluate best model on test data for horizon 11, Test MAE: 14.6251, Test RMSE: 25.4773, Test MAPE: 9.5671
2026-01-25 20:55:54,044 - easytorch-training - INFO - Evaluate best model on test data for horizon 12, Test MAE: 14.7857, Test RMSE: 25.7163, Test MAPE: 9.6966
2026-01-25 20:55:54,066 - easytorch-training - INFO - Result <test>: [test_time: 21.03 (s), test_MAE: 13.5214, test_RMSE: 23.3043, test_MAPE: 8.8332]
2026-01-25 20:55:54,480 - easytorch-training - INFO - Checkpoint checkpoints/STMAFNet_300/020df9ee7447a9cb965bf70236749dd4/STMAFNet_102.pt saved
2026-01-25 20:55:54,481 - easytorch-training - INFO - The estimated training finish time is 2026-01-26 08:34:57
2026-01-25 20:55:54,481 - easytorch-training - INFO - Epoch 103 / 300
2026-01-25 20:58:43,293 - easytorch-training - INFO - Result <train>: [train_time: 168.81 (s), lr: 6.25e-05, train_MAE: 12.6519, train_RMSE: 21.4141, train_MAPE: 8.4388]
2026-01-25 20:58:43,295 - easytorch-training - INFO - Start validation.
2026-01-25 20:59:05,754 - easytorch-training - INFO - Result <val>: [val_time: 22.46 (s), val_MAE: 13.7081, val_RMSE: 23.2036, val_MAPE: 10.9340]
2026-01-25 20:59:26,680 - easytorch-training - INFO - Evaluate best model on test data for horizon 1, Test MAE: 11.6519, Test RMSE: 19.1233, Test MAPE: 7.7073
2026-01-25 20:59:26,700 - easytorch-training - INFO - Evaluate best model on test data for horizon 2, Test MAE: 12.2122, Test RMSE: 20.3700, Test MAPE: 8.0995
2026-01-25 20:59:26,709 - easytorch-training - INFO - Evaluate best model on test data for horizon 3, Test MAE: 12.6515, Test RMSE: 21.3816, Test MAPE: 8.2888
2026-01-25 20:59:26,717 - easytorch-training - INFO - Evaluate best model on test data for horizon 4, Test MAE: 13.0149, Test RMSE: 22.2349, Test MAPE: 8.4902
2026-01-25 20:59:26,736 - easytorch-training - INFO - Evaluate best model on test data for horizon 5, Test MAE: 13.3421, Test RMSE: 22.9310, Test MAPE: 8.7297
2026-01-25 20:59:26,756 - easytorch-training - INFO - Evaluate best model on test data for horizon 6, Test MAE: 13.6147, Test RMSE: 23.5565, Test MAPE: 8.9394
2026-01-25 20:59:26,777 - easytorch-training - INFO - Evaluate best model on test data for horizon 7, Test MAE: 13.8847, Test RMSE: 24.0941, Test MAPE: 9.1496
2026-01-25 20:59:26,794 - easytorch-training - INFO - Evaluate best model on test data for horizon 8, Test MAE: 14.1413, Test RMSE: 24.5882, Test MAPE: 9.2876
2026-01-25 20:59:26,813 - easytorch-training - INFO - Evaluate best model on test data for horizon 9, Test MAE: 14.3504, Test RMSE: 24.9623, Test MAPE: 9.4666
2026-01-25 20:59:26,830 - easytorch-training - INFO - Evaluate best model on test data for horizon 10, Test MAE: 14.5016, Test RMSE: 25.2492, Test MAPE: 9.4580
2026-01-25 20:59:26,845 - easytorch-training - INFO - Evaluate best model on test data for horizon 11, Test MAE: 14.6702, Test RMSE: 25.5008, Test MAPE: 9.7212
2026-01-25 20:59:26,861 - easytorch-training - INFO - Evaluate best model on test data for horizon 12, Test MAE: 14.8444, Test RMSE: 25.7569, Test MAPE: 9.7297
2026-01-25 20:59:26,885 - easytorch-training - INFO - Result <test>: [test_time: 21.13 (s), test_MAE: 13.5733, test_RMSE: 23.4030, test_MAPE: 8.9223]
2026-01-25 20:59:27,298 - easytorch-training - INFO - Checkpoint checkpoints/STMAFNet_300/020df9ee7447a9cb965bf70236749dd4/STMAFNet_103.pt saved
2026-01-25 20:59:27,298 - easytorch-training - INFO - The estimated training finish time is 2026-01-26 08:35:00
2026-01-25 20:59:27,299 - easytorch-training - INFO - Epoch 104 / 300
2026-01-25 21:02:16,256 - easytorch-training - INFO - Result <train>: [train_time: 168.96 (s), lr: 6.25e-05, train_MAE: 12.6427, train_RMSE: 21.3878, train_MAPE: 8.4391]
2026-01-25 21:02:16,258 - easytorch-training - INFO - Start validation.
2026-01-25 21:02:38,062 - easytorch-training - INFO - Result <val>: [val_time: 21.80 (s), val_MAE: 13.6530, val_RMSE: 23.1281, val_MAPE: 10.8621]
2026-01-25 21:02:58,720 - easytorch-training - INFO - Evaluate best model on test data for horizon 1, Test MAE: 11.6484, Test RMSE: 19.1306, Test MAPE: 7.7614
2026-01-25 21:02:58,741 - easytorch-training - INFO - Evaluate best model on test data for horizon 2, Test MAE: 12.1966, Test RMSE: 20.3314, Test MAPE: 8.0211
2026-01-25 21:02:58,759 - easytorch-training - INFO - Evaluate best model on test data for horizon 3, Test MAE: 12.6354, Test RMSE: 21.2986, Test MAPE: 8.2881
2026-01-25 21:02:58,767 - easytorch-training - INFO - Evaluate best model on test data for horizon 4, Test MAE: 12.9866, Test RMSE: 22.1422, Test MAPE: 8.4082
2026-01-25 21:02:58,781 - easytorch-training - INFO - Evaluate best model on test data for horizon 5, Test MAE: 13.2938, Test RMSE: 22.8419, Test MAPE: 8.6582
2026-01-25 21:02:58,797 - easytorch-training - INFO - Evaluate best model on test data for horizon 6, Test MAE: 13.5569, Test RMSE: 23.4558, Test MAPE: 8.7572
2026-01-25 21:02:58,818 - easytorch-training - INFO - Evaluate best model on test data for horizon 7, Test MAE: 13.8147, Test RMSE: 23.9745, Test MAPE: 8.9030
2026-01-25 21:02:58,838 - easytorch-training - INFO - Evaluate best model on test data for horizon 8, Test MAE: 14.0591, Test RMSE: 24.4601, Test MAPE: 9.0769
2026-01-25 21:02:58,859 - easytorch-training - INFO - Evaluate best model on test data for horizon 9, Test MAE: 14.2668, Test RMSE: 24.8642, Test MAPE: 9.2392
2026-01-25 21:02:58,879 - easytorch-training - INFO - Evaluate best model on test data for horizon 10, Test MAE: 14.4531, Test RMSE: 25.2167, Test MAPE: 9.3328
2026-01-25 21:02:58,893 - easytorch-training - INFO - Evaluate best model on test data for horizon 11, Test MAE: 14.6258, Test RMSE: 25.4836, Test MAPE: 9.5391
2026-01-25 21:02:58,909 - easytorch-training - INFO - Evaluate best model on test data for horizon 12, Test MAE: 14.7991, Test RMSE: 25.7541, Test MAPE: 9.6429
2026-01-25 21:02:58,927 - easytorch-training - INFO - Result <test>: [test_time: 20.86 (s), test_MAE: 13.5280, test_RMSE: 23.3364, test_MAPE: 8.8023]
2026-01-25 21:02:59,341 - easytorch-training - INFO - Checkpoint checkpoints/STMAFNet_300/020df9ee7447a9cb965bf70236749dd4/STMAFNet_104.pt saved
2026-01-25 21:02:59,342 - easytorch-training - INFO - The estimated training finish time is 2026-01-26 08:35:01
2026-01-25 21:02:59,342 - easytorch-training - INFO - Epoch 105 / 300
2026-01-25 21:05:48,791 - easytorch-training - INFO - Result <train>: [train_time: 169.45 (s), lr: 6.25e-05, train_MAE: 12.6420, train_RMSE: 21.3958, train_MAPE: 8.4333]
2026-01-25 21:05:48,793 - easytorch-training - INFO - Start validation.
2026-01-25 21:06:10,640 - easytorch-training - INFO - Result <val>: [val_time: 21.85 (s), val_MAE: 13.7344, val_RMSE: 23.2251, val_MAPE: 11.1529]
2026-01-25 21:06:30,827 - easytorch-training - INFO - Evaluate best model on test data for horizon 1, Test MAE: 11.6746, Test RMSE: 19.1166, Test MAPE: 7.6491
2026-01-25 21:06:30,846 - easytorch-training - INFO - Evaluate best model on test data for horizon 2, Test MAE: 12.2219, Test RMSE: 20.3237, Test MAPE: 8.0339
2026-01-25 21:06:30,866 - easytorch-training - INFO - Evaluate best model on test data for horizon 3, Test MAE: 12.6571, Test RMSE: 21.2758, Test MAPE: 8.2267
2026-01-25 21:06:30,887 - easytorch-training - INFO - Evaluate best model on test data for horizon 4, Test MAE: 13.0195, Test RMSE: 22.1171, Test MAPE: 8.4959
2026-01-25 21:06:30,901 - easytorch-training - INFO - Evaluate best model on test data for horizon 5, Test MAE: 13.3460, Test RMSE: 22.7970, Test MAPE: 8.6863
2026-01-25 21:06:30,909 - easytorch-training - INFO - Evaluate best model on test data for horizon 6, Test MAE: 13.6130, Test RMSE: 23.4260, Test MAPE: 8.7797
2026-01-25 21:06:30,913 - easytorch-training - INFO - Evaluate best model on test data for horizon 7, Test MAE: 13.8672, Test RMSE: 23.9870, Test MAPE: 8.9896
2026-01-25 21:06:30,925 - easytorch-training - INFO - Evaluate best model on test data for horizon 8, Test MAE: 14.1137, Test RMSE: 24.4790, Test MAPE: 9.1150
2026-01-25 21:06:30,946 - easytorch-training - INFO - Evaluate best model on test data for horizon 9, Test MAE: 14.3407, Test RMSE: 24.8784, Test MAPE: 9.3877
2026-01-25 21:06:30,966 - easytorch-training - INFO - Evaluate best model on test data for horizon 10, Test MAE: 14.5034, Test RMSE: 25.2270, Test MAPE: 9.4157
2026-01-25 21:06:30,987 - easytorch-training - INFO - Evaluate best model on test data for horizon 11, Test MAE: 14.6575, Test RMSE: 25.5145, Test MAPE: 9.6556
2026-01-25 21:06:31,008 - easytorch-training - INFO - Evaluate best model on test data for horizon 12, Test MAE: 14.8312, Test RMSE: 25.7852, Test MAPE: 9.7559
2026-01-25 21:06:31,032 - easytorch-training - INFO - Result <test>: [test_time: 20.39 (s), test_MAE: 13.5705, test_RMSE: 23.3356, test_MAPE: 8.8492]
2026-01-25 21:06:31,448 - easytorch-training - INFO - Checkpoint checkpoints/STMAFNet_300/020df9ee7447a9cb965bf70236749dd4/STMAFNet_105.pt saved
2026-01-25 21:06:31,449 - easytorch-training - INFO - The estimated training finish time is 2026-01-26 08:35:02
2026-01-25 21:06:31,449 - easytorch-training - INFO - Epoch 106 / 300
2026-01-25 21:09:20,521 - easytorch-training - INFO - Result <train>: [train_time: 169.07 (s), lr: 6.25e-05, train_MAE: 12.6293, train_RMSE: 21.3721, train_MAPE: 8.4301]
2026-01-25 21:09:20,522 - easytorch-training - INFO - Start validation.
2026-01-25 21:09:42,539 - easytorch-training - INFO - Result <val>: [val_time: 22.02 (s), val_MAE: 13.6744, val_RMSE: 23.1807, val_MAPE: 10.9986]
2026-01-25 21:10:03,209 - easytorch-training - INFO - Evaluate best model on test data for horizon 1, Test MAE: 11.6545, Test RMSE: 19.1229, Test MAPE: 7.7447
2026-01-25 21:10:03,222 - easytorch-training - INFO - Evaluate best model on test data for horizon 2, Test MAE: 12.1985, Test RMSE: 20.3465, Test MAPE: 8.0680
2026-01-25 21:10:03,237 - easytorch-training - INFO - Evaluate best model on test data for horizon 3, Test MAE: 12.6301, Test RMSE: 21.3156, Test MAPE: 8.2928
2026-01-25 21:10:03,257 - easytorch-training - INFO - Evaluate best model on test data for horizon 4, Test MAE: 12.9804, Test RMSE: 22.1480, Test MAPE: 8.4426
2026-01-25 21:10:03,278 - easytorch-training - INFO - Evaluate best model on test data for horizon 5, Test MAE: 13.2791, Test RMSE: 22.8256, Test MAPE: 8.6313
2026-01-25 21:10:03,299 - easytorch-training - INFO - Evaluate best model on test data for horizon 6, Test MAE: 13.5577, Test RMSE: 23.4467, Test MAPE: 8.8556
2026-01-25 21:10:03,319 - easytorch-training - INFO - Evaluate best model on test data for horizon 7, Test MAE: 13.7970, Test RMSE: 23.9787, Test MAPE: 8.9835
2026-01-25 21:10:03,336 - easytorch-training - INFO - Evaluate best model on test data for horizon 8, Test MAE: 14.0521, Test RMSE: 24.4759, Test MAPE: 9.2837
2026-01-25 21:10:03,351 - easytorch-training - INFO - Evaluate best model on test data for horizon 9, Test MAE: 14.2534, Test RMSE: 24.8405, Test MAPE: 9.3263
2026-01-25 21:10:03,367 - easytorch-training - INFO - Evaluate best model on test data for horizon 10, Test MAE: 14.4117, Test RMSE: 25.1478, Test MAPE: 9.3651
2026-01-25 21:10:03,383 - easytorch-training - INFO - Evaluate best model on test data for horizon 11, Test MAE: 14.5943, Test RMSE: 25.4392, Test MAPE: 9.5313
2026-01-25 21:10:03,403 - easytorch-training - INFO - Evaluate best model on test data for horizon 12, Test MAE: 14.7714, Test RMSE: 25.7047, Test MAPE: 9.6143
2026-01-25 21:10:03,427 - easytorch-training - INFO - Result <test>: [test_time: 20.89 (s), test_MAE: 13.5150, test_RMSE: 23.3215, test_MAPE: 8.8449]
2026-01-25 21:10:03,845 - easytorch-training - INFO - Checkpoint checkpoints/STMAFNet_300/020df9ee7447a9cb965bf70236749dd4/STMAFNet_106.pt saved
2026-01-25 21:10:03,846 - easytorch-training - INFO - The estimated training finish time is 2026-01-26 08:35:03
2026-01-25 21:10:03,846 - easytorch-training - INFO - Epoch 107 / 300
2026-01-25 21:12:53,806 - easytorch-training - INFO - Result <train>: [train_time: 169.96 (s), lr: 6.25e-05, train_MAE: 12.6224, train_RMSE: 21.3656, train_MAPE: 8.4343]
2026-01-25 21:12:53,808 - easytorch-training - INFO - Start validation.
2026-01-25 21:13:15,981 - easytorch-training - INFO - Result <val>: [val_time: 22.17 (s), val_MAE: 13.7120, val_RMSE: 23.2646, val_MAPE: 11.1362]
2026-01-25 21:13:36,552 - easytorch-training - INFO - Evaluate best model on test data for horizon 1, Test MAE: 11.6642, Test RMSE: 19.1492, Test MAPE: 7.9198
2026-01-25 21:13:36,573 - easytorch-training - INFO - Evaluate best model on test data for horizon 2, Test MAE: 12.2085, Test RMSE: 20.3744, Test MAPE: 8.2502
2026-01-25 21:13:36,590 - easytorch-training - INFO - Evaluate best model on test data for horizon 3, Test MAE: 12.6520, Test RMSE: 21.3659, Test MAPE: 8.3073
2026-01-25 21:13:36,604 - easytorch-training - INFO - Evaluate best model on test data for horizon 4, Test MAE: 13.0102, Test RMSE: 22.1830, Test MAPE: 8.6645
2026-01-25 21:13:36,623 - easytorch-training - INFO - Evaluate best model on test data for horizon 5, Test MAE: 13.3131, Test RMSE: 22.8747, Test MAPE: 8.6544
2026-01-25 21:13:36,639 - easytorch-training - INFO - Evaluate best model on test data for horizon 6, Test MAE: 13.5931, Test RMSE: 23.5025, Test MAPE: 8.8838
2026-01-25 21:13:36,649 - easytorch-training - INFO - Evaluate best model on test data for horizon 7, Test MAE: 13.8359, Test RMSE: 24.0050, Test MAPE: 9.1076
2026-01-25 21:13:36,670 - easytorch-training - INFO - Evaluate best model on test data for horizon 8, Test MAE: 14.0796, Test RMSE: 24.4796, Test MAPE: 9.2745
2026-01-25 21:13:36,691 - easytorch-training - INFO - Evaluate best model on test data for horizon 9, Test MAE: 14.2891, Test RMSE: 24.8692, Test MAPE: 9.2446
2026-01-25 21:13:36,711 - easytorch-training - INFO - Evaluate best model on test data for horizon 10, Test MAE: 14.4647, Test RMSE: 25.1662, Test MAPE: 9.4648
2026-01-25 21:13:36,732 - easytorch-training - INFO - Evaluate best model on test data for horizon 11, Test MAE: 14.6395, Test RMSE: 25.4650, Test MAPE: 9.5511
2026-01-25 21:13:36,753 - easytorch-training - INFO - Evaluate best model on test data for horizon 12, Test MAE: 14.8271, Test RMSE: 25.7565, Test MAPE: 9.7274
2026-01-25 21:13:36,772 - easytorch-training - INFO - Result <test>: [test_time: 20.79 (s), test_MAE: 13.5481, test_RMSE: 23.3545, test_MAPE: 8.9208]
2026-01-25 21:13:37,189 - easytorch-training - INFO - Checkpoint checkpoints/STMAFNet_300/020df9ee7447a9cb965bf70236749dd4/STMAFNet_107.pt saved
2026-01-25 21:13:37,190 - easytorch-training - INFO - The estimated training finish time is 2026-01-26 08:35:07
2026-01-25 21:13:37,190 - easytorch-training - INFO - Epoch 108 / 300
2026-01-25 21:16:27,696 - easytorch-training - INFO - Result <train>: [train_time: 170.51 (s), lr: 6.25e-05, train_MAE: 12.6183, train_RMSE: 21.3651, train_MAPE: 8.4332]
2026-01-25 21:16:27,697 - easytorch-training - INFO - Start validation.
2026-01-25 21:16:49,372 - easytorch-training - INFO - Result <val>: [val_time: 21.68 (s), val_MAE: 13.7129, val_RMSE: 23.2223, val_MAPE: 10.9866]
2026-01-25 21:17:10,032 - easytorch-training - INFO - Evaluate best model on test data for horizon 1, Test MAE: 11.6791, Test RMSE: 19.1401, Test MAPE: 7.8116
2026-01-25 21:17:10,051 - easytorch-training - INFO - Evaluate best model on test data for horizon 2, Test MAE: 12.2079, Test RMSE: 20.3267, Test MAPE: 8.1413
2026-01-25 21:17:10,065 - easytorch-training - INFO - Evaluate best model on test data for horizon 3, Test MAE: 12.6660, Test RMSE: 21.3196, Test MAPE: 8.3221
2026-01-25 21:17:10,081 - easytorch-training - INFO - Evaluate best model on test data for horizon 4, Test MAE: 13.0162, Test RMSE: 22.1435, Test MAPE: 8.5703
2026-01-25 21:17:10,096 - easytorch-training - INFO - Evaluate best model on test data for horizon 5, Test MAE: 13.3326, Test RMSE: 22.8646, Test MAPE: 8.6985
2026-01-25 21:17:10,112 - easytorch-training - INFO - Evaluate best model on test data for horizon 6, Test MAE: 13.5864, Test RMSE: 23.4478, Test MAPE: 8.9013
2026-01-25 21:17:10,133 - easytorch-training - INFO - Evaluate best model on test data for horizon 7, Test MAE: 13.8302, Test RMSE: 23.9563, Test MAPE: 8.9670
2026-01-25 21:17:10,153 - easytorch-training - INFO - Evaluate best model on test data for horizon 8, Test MAE: 14.0863, Test RMSE: 24.4475, Test MAPE: 9.1955
2026-01-25 21:17:10,168 - easytorch-training - INFO - Evaluate best model on test data for horizon 9, Test MAE: 14.2774, Test RMSE: 24.8391, Test MAPE: 9.2239
2026-01-25 21:17:10,189 - easytorch-training - INFO - Evaluate best model on test data for horizon 10, Test MAE: 14.4401, Test RMSE: 25.1474, Test MAPE: 9.3399
2026-01-25 21:17:10,210 - easytorch-training - INFO - Evaluate best model on test data for horizon 11, Test MAE: 14.6108, Test RMSE: 25.4306, Test MAPE: 9.4625
2026-01-25 21:17:10,230 - easytorch-training - INFO - Evaluate best model on test data for horizon 12, Test MAE: 14.7923, Test RMSE: 25.6762, Test MAPE: 9.6204
2026-01-25 21:17:10,254 - easytorch-training - INFO - Result <test>: [test_time: 20.88 (s), test_MAE: 13.5438, test_RMSE: 23.3165, test_MAPE: 8.8545]
2026-01-25 21:17:10,669 - easytorch-training - INFO - Checkpoint checkpoints/STMAFNet_300/020df9ee7447a9cb965bf70236749dd4/STMAFNet_108.pt saved
2026-01-25 21:17:10,669 - easytorch-training - INFO - The estimated training finish time is 2026-01-26 08:35:12
2026-01-25 21:17:10,670 - easytorch-training - INFO - Epoch 109 / 300
2026-01-25 21:20:00,788 - easytorch-training - INFO - Result <train>: [train_time: 170.12 (s), lr: 6.25e-05, train_MAE: 12.6175, train_RMSE: 21.3608, train_MAPE: 8.4244]
2026-01-25 21:20:00,790 - easytorch-training - INFO - Start validation.
2026-01-25 21:20:21,939 - easytorch-training - INFO - Result <val>: [val_time: 21.15 (s), val_MAE: 13.6563, val_RMSE: 23.1995, val_MAPE: 10.8794]
2026-01-25 21:20:41,799 - easytorch-training - INFO - Evaluate best model on test data for horizon 1, Test MAE: 11.6455, Test RMSE: 19.1368, Test MAPE: 7.6209
2026-01-25 21:20:41,820 - easytorch-training - INFO - Evaluate best model on test data for horizon 2, Test MAE: 12.1835, Test RMSE: 20.3493, Test MAPE: 7.9839
2026-01-25 21:20:41,840 - easytorch-training - INFO - Evaluate best model on test data for horizon 3, Test MAE: 12.6120, Test RMSE: 21.3111, Test MAPE: 8.1628
2026-01-25 21:20:41,861 - easytorch-training - INFO - Evaluate best model on test data for horizon 4, Test MAE: 12.9788, Test RMSE: 22.1743, Test MAPE: 8.3759
2026-01-25 21:20:41,880 - easytorch-training - INFO - Evaluate best model on test data for horizon 5, Test MAE: 13.2762, Test RMSE: 22.8493, Test MAPE: 8.5782
2026-01-25 21:20:41,890 - easytorch-training - INFO - Evaluate best model on test data for horizon 6, Test MAE: 13.5428, Test RMSE: 23.4517, Test MAPE: 8.7395
2026-01-25 21:20:41,891 - easytorch-training - INFO - Evaluate best model on test data for horizon 7, Test MAE: 13.8018, Test RMSE: 23.9855, Test MAPE: 8.9122
2026-01-25 21:20:41,902 - easytorch-training - INFO - Evaluate best model on test data for horizon 8, Test MAE: 14.0439, Test RMSE: 24.4536, Test MAPE: 9.0754
2026-01-25 21:20:41,922 - easytorch-training - INFO - Evaluate best model on test data for horizon 9, Test MAE: 14.2683, Test RMSE: 24.8539, Test MAPE: 9.2427
2026-01-25 21:20:41,943 - easytorch-training - INFO - Evaluate best model on test data for horizon 10, Test MAE: 14.4309, Test RMSE: 25.1813, Test MAPE: 9.3419
2026-01-25 21:20:41,964 - easytorch-training - INFO - Evaluate best model on test data for horizon 11, Test MAE: 14.5982, Test RMSE: 25.4460, Test MAPE: 9.4336
2026-01-25 21:20:41,984 - easytorch-training - INFO - Evaluate best model on test data for horizon 12, Test MAE: 14.7668, Test RMSE: 25.6744, Test MAPE: 9.5745
2026-01-25 21:20:42,005 - easytorch-training - INFO - Result <test>: [test_time: 20.06 (s), test_MAE: 13.5124, test_RMSE: 23.3274, test_MAPE: 8.7535]
2026-01-25 21:20:42,420 - easytorch-training - INFO - Checkpoint checkpoints/STMAFNet_300/020df9ee7447a9cb965bf70236749dd4/STMAFNet_109.pt saved
2026-01-25 21:20:42,421 - easytorch-training - INFO - The estimated training finish time is 2026-01-26 08:35:11
2026-01-25 21:20:42,421 - easytorch-training - INFO - Epoch 110 / 300
2026-01-25 21:23:32,591 - easytorch-training - INFO - Result <train>: [train_time: 170.17 (s), lr: 6.25e-05, train_MAE: 12.6021, train_RMSE: 21.3318, train_MAPE: 8.4123]
2026-01-25 21:23:32,593 - easytorch-training - INFO - Start validation.
2026-01-25 21:23:53,870 - easytorch-training - INFO - Result <val>: [val_time: 21.28 (s), val_MAE: 13.6506, val_RMSE: 23.1456, val_MAPE: 10.8815]
2026-01-25 21:24:14,543 - easytorch-training - INFO - Evaluate best model on test data for horizon 1, Test MAE: 11.6324, Test RMSE: 19.1159, Test MAPE: 7.7337
2026-01-25 21:24:14,564 - easytorch-training - INFO - Evaluate best model on test data for horizon 2, Test MAE: 12.1655, Test RMSE: 20.3164, Test MAPE: 7.9477
2026-01-25 21:24:14,584 - easytorch-training - INFO - Evaluate best model on test data for horizon 3, Test MAE: 12.6100, Test RMSE: 21.2926, Test MAPE: 8.2250
2026-01-25 21:24:14,605 - easytorch-training - INFO - Evaluate best model on test data for horizon 4, Test MAE: 12.9773, Test RMSE: 22.1271, Test MAPE: 8.4495
2026-01-25 21:24:14,621 - easytorch-training - INFO - Evaluate best model on test data for horizon 5, Test MAE: 13.2855, Test RMSE: 22.8229, Test MAPE: 8.7620
2026-01-25 21:24:14,641 - easytorch-training - INFO - Evaluate best model on test data for horizon 6, Test MAE: 13.5553, Test RMSE: 23.4272, Test MAPE: 8.8273
2026-01-25 21:24:14,655 - easytorch-training - INFO - Evaluate best model on test data for horizon 7, Test MAE: 13.8105, Test RMSE: 23.9830, Test MAPE: 8.9268
2026-01-25 21:24:14,668 - easytorch-training - INFO - Evaluate best model on test data for horizon 8, Test MAE: 14.0394, Test RMSE: 24.4304, Test MAPE: 9.1293
2026-01-25 21:24:14,686 - easytorch-training - INFO - Evaluate best model on test data for horizon 9, Test MAE: 14.2648, Test RMSE: 24.8542, Test MAPE: 9.3350
2026-01-25 21:24:14,707 - easytorch-training - INFO - Evaluate best model on test data for horizon 10, Test MAE: 14.4250, Test RMSE: 25.1744, Test MAPE: 9.3655
2026-01-25 21:24:14,728 - easytorch-training - INFO - Evaluate best model on test data for horizon 11, Test MAE: 14.6101, Test RMSE: 25.4702, Test MAPE: 9.4677
2026-01-25 21:24:14,746 - easytorch-training - INFO - Evaluate best model on test data for horizon 12, Test MAE: 14.7738, Test RMSE: 25.7089, Test MAPE: 9.6611
2026-01-25 21:24:14,763 - easytorch-training - INFO - Result <test>: [test_time: 20.89 (s), test_MAE: 13.5125, test_RMSE: 23.3168, test_MAPE: 8.8192]
2026-01-25 21:24:15,178 - easytorch-training - INFO - Checkpoint checkpoints/STMAFNet_300/020df9ee7447a9cb965bf70236749dd4/STMAFNet_110.pt saved
2026-01-25 21:24:15,222 - easytorch-training - INFO - The estimated training finish time is 2026-01-26 08:35:14
2026-01-25 21:24:15,222 - easytorch-training - INFO - Epoch 111 / 300
2026-01-25 21:27:04,972 - easytorch-training - INFO - Result <train>: [train_time: 169.75 (s), lr: 6.25e-05, train_MAE: 12.5986, train_RMSE: 21.3295, train_MAPE: 8.4095]
2026-01-25 21:27:04,974 - easytorch-training - INFO - Start validation.
2026-01-25 21:27:27,141 - easytorch-training - INFO - Result <val>: [val_time: 22.17 (s), val_MAE: 13.6641, val_RMSE: 23.1904, val_MAPE: 10.8643]
2026-01-25 21:27:48,261 - easytorch-training - INFO - Evaluate best model on test data for horizon 1, Test MAE: 11.6331, Test RMSE: 19.1099, Test MAPE: 7.5987
2026-01-25 21:27:48,282 - easytorch-training - INFO - Evaluate best model on test data for horizon 2, Test MAE: 12.1782, Test RMSE: 20.3237, Test MAPE: 7.9212
2026-01-25 21:27:48,303 - easytorch-training - INFO - Evaluate best model on test data for horizon 3, Test MAE: 12.6081, Test RMSE: 21.3201, Test MAPE: 8.1968
2026-01-25 21:27:48,323 - easytorch-training - INFO - Evaluate best model on test data for horizon 4, Test MAE: 12.9700, Test RMSE: 22.1454, Test MAPE: 8.4132
2026-01-25 21:27:48,342 - easytorch-training - INFO - Evaluate best model on test data for horizon 5, Test MAE: 13.2716, Test RMSE: 22.8433, Test MAPE: 8.6127
2026-01-25 21:27:48,356 - easytorch-training - INFO - Evaluate best model on test data for horizon 6, Test MAE: 13.5396, Test RMSE: 23.4432, Test MAPE: 8.7734
2026-01-25 21:27:48,373 - easytorch-training - INFO - Evaluate best model on test data for horizon 7, Test MAE: 13.8020, Test RMSE: 23.9600, Test MAPE: 8.9630
2026-01-25 21:27:48,393 - easytorch-training - INFO - Evaluate best model on test data for horizon 8, Test MAE: 14.0361, Test RMSE: 24.4504, Test MAPE: 9.1395
2026-01-25 21:27:48,409 - easytorch-training - INFO - Evaluate best model on test data for horizon 9, Test MAE: 14.2229, Test RMSE: 24.7994, Test MAPE: 9.2085
2026-01-25 21:27:48,430 - easytorch-training - INFO - Evaluate best model on test data for horizon 10, Test MAE: 14.3990, Test RMSE: 25.1166, Test MAPE: 9.3411
2026-01-25 21:27:48,445 - easytorch-training - INFO - Evaluate best model on test data for horizon 11, Test MAE: 14.5694, Test RMSE: 25.3605, Test MAPE: 9.4966
2026-01-25 21:27:48,465 - easytorch-training - INFO - Evaluate best model on test data for horizon 12, Test MAE: 14.7373, Test RMSE: 25.5977, Test MAPE: 9.6357
2026-01-25 21:27:48,489 - easytorch-training - INFO - Result <test>: [test_time: 21.35 (s), test_MAE: 13.4973, test_RMSE: 23.2930, test_MAPE: 8.7750]
2026-01-25 21:27:48,904 - easytorch-training - INFO - Checkpoint checkpoints/STMAFNet_300/020df9ee7447a9cb965bf70236749dd4/STMAFNet_111.pt saved
2026-01-25 21:27:48,905 - easytorch-training - INFO - The estimated training finish time is 2026-01-26 08:35:19
2026-01-25 21:27:48,905 - easytorch-training - INFO - Epoch 112 / 300
2026-01-25 21:30:38,264 - easytorch-training - INFO - Result <train>: [train_time: 169.36 (s), lr: 6.25e-05, train_MAE: 12.5893, train_RMSE: 21.3176, train_MAPE: 8.4099]
2026-01-25 21:30:38,265 - easytorch-training - INFO - Start validation.
2026-01-25 21:31:00,733 - easytorch-training - INFO - Result <val>: [val_time: 22.47 (s), val_MAE: 13.6734, val_RMSE: 23.2011, val_MAPE: 11.0573]
2026-01-25 21:31:21,386 - easytorch-training - INFO - Evaluate best model on test data for horizon 1, Test MAE: 11.6377, Test RMSE: 19.1279, Test MAPE: 7.6520
2026-01-25 21:31:21,396 - easytorch-training - INFO - Evaluate best model on test data for horizon 2, Test MAE: 12.1903, Test RMSE: 20.3575, Test MAPE: 8.0471
2026-01-25 21:31:21,412 - easytorch-training - INFO - Evaluate best model on test data for horizon 3, Test MAE: 12.6388, Test RMSE: 21.3496, Test MAPE: 8.4799
2026-01-25 21:31:21,433 - easytorch-training - INFO - Evaluate best model on test data for horizon 4, Test MAE: 12.9904, Test RMSE: 22.2152, Test MAPE: 8.5995
2026-01-25 21:31:21,453 - easytorch-training - INFO - Evaluate best model on test data for horizon 5, Test MAE: 13.3046, Test RMSE: 22.9261, Test MAPE: 8.6841
2026-01-25 21:31:21,474 - easytorch-training - INFO - Evaluate best model on test data for horizon 6, Test MAE: 13.5908, Test RMSE: 23.5393, Test MAPE: 8.9227
2026-01-25 21:31:21,493 - easytorch-training - INFO - Evaluate best model on test data for horizon 7, Test MAE: 13.8307, Test RMSE: 24.0899, Test MAPE: 9.0328
2026-01-25 21:31:21,504 - easytorch-training - INFO - Evaluate best model on test data for horizon 8, Test MAE: 14.0691, Test RMSE: 24.5834, Test MAPE: 9.1969
2026-01-25 21:31:21,516 - easytorch-training - INFO - Evaluate best model on test data for horizon 9, Test MAE: 14.2863, Test RMSE: 24.9745, Test MAPE: 9.3255
2026-01-25 21:31:21,537 - easytorch-training - INFO - Evaluate best model on test data for horizon 10, Test MAE: 14.4548, Test RMSE: 25.2693, Test MAPE: 9.6409
2026-01-25 21:31:21,557 - easytorch-training - INFO - Evaluate best model on test data for horizon 11, Test MAE: 14.6259, Test RMSE: 25.5670, Test MAPE: 9.5895
2026-01-25 21:31:21,578 - easytorch-training - INFO - Evaluate best model on test data for horizon 12, Test MAE: 14.7857, Test RMSE: 25.8049, Test MAPE: 9.7614
2026-01-25 21:31:21,601 - easytorch-training - INFO - Result <test>: [test_time: 20.87 (s), test_MAE: 13.5337, test_RMSE: 23.4091, test_MAPE: 8.9110]
2026-01-25 21:31:22,013 - easytorch-training - INFO - Checkpoint checkpoints/STMAFNet_300/020df9ee7447a9cb965bf70236749dd4/STMAFNet_112.pt saved
2026-01-25 21:31:22,014 - easytorch-training - INFO - The estimated training finish time is 2026-01-26 08:35:22
2026-01-25 21:31:22,014 - easytorch-training - INFO - Epoch 113 / 300
2026-01-25 21:34:11,468 - easytorch-training - INFO - Result <train>: [train_time: 169.45 (s), lr: 6.25e-05, train_MAE: 12.5847, train_RMSE: 21.3103, train_MAPE: 8.3990]
2026-01-25 21:34:11,469 - easytorch-training - INFO - Start validation.
2026-01-25 21:34:33,268 - easytorch-training - INFO - Result <val>: [val_time: 21.80 (s), val_MAE: 13.6863, val_RMSE: 23.2031, val_MAPE: 10.9135]
2026-01-25 21:34:54,281 - easytorch-training - INFO - Evaluate best model on test data for horizon 1, Test MAE: 11.6640, Test RMSE: 19.1344, Test MAPE: 7.8032
2026-01-25 21:34:54,294 - easytorch-training - INFO - Evaluate best model on test data for horizon 2, Test MAE: 12.2213, Test RMSE: 20.3903, Test MAPE: 8.0017
2026-01-25 21:34:54,308 - easytorch-training - INFO - Evaluate best model on test data for horizon 3, Test MAE: 12.6431, Test RMSE: 21.3925, Test MAPE: 8.2648
2026-01-25 21:34:54,320 - easytorch-training - INFO - Evaluate best model on test data for horizon 4, Test MAE: 13.0199, Test RMSE: 22.2724, Test MAPE: 8.4785
2026-01-25 21:34:54,335 - easytorch-training - INFO - Evaluate best model on test data for horizon 5, Test MAE: 13.3303, Test RMSE: 22.9700, Test MAPE: 8.6205
2026-01-25 21:34:54,355 - easytorch-training - INFO - Evaluate best model on test data for horizon 6, Test MAE: 13.5783, Test RMSE: 23.5411, Test MAPE: 8.7988
2026-01-25 21:34:54,376 - easytorch-training - INFO - Evaluate best model on test data for horizon 7, Test MAE: 13.8503, Test RMSE: 24.0408, Test MAPE: 9.0574
2026-01-25 21:34:54,395 - easytorch-training - INFO - Evaluate best model on test data for horizon 8, Test MAE: 14.0707, Test RMSE: 24.5026, Test MAPE: 9.1025
2026-01-25 21:34:54,410 - easytorch-training - INFO - Evaluate best model on test data for horizon 9, Test MAE: 14.2680, Test RMSE: 24.8403, Test MAPE: 9.2518
2026-01-25 21:34:54,426 - easytorch-training - INFO - Evaluate best model on test data for horizon 10, Test MAE: 14.4423, Test RMSE: 25.1550, Test MAPE: 9.3533
2026-01-25 21:34:54,446 - easytorch-training - INFO - Evaluate best model on test data for horizon 11, Test MAE: 14.6231, Test RMSE: 25.4412, Test MAPE: 9.5315
2026-01-25 21:34:54,467 - easytorch-training - INFO - Evaluate best model on test data for horizon 12, Test MAE: 14.7804, Test RMSE: 25.6745, Test MAPE: 9.6593
2026-01-25 21:34:54,488 - easytorch-training - INFO - Result <test>: [test_time: 21.22 (s), test_MAE: 13.5410, test_RMSE: 23.3666, test_MAPE: 8.8269]
2026-01-25 21:34:54,905 - easytorch-training - INFO - Checkpoint checkpoints/STMAFNet_300/020df9ee7447a9cb965bf70236749dd4/STMAFNet_113.pt saved
2026-01-25 21:34:54,906 - easytorch-training - INFO - The estimated training finish time is 2026-01-26 08:35:25
2026-01-25 21:34:54,906 - easytorch-training - INFO - Epoch 114 / 300
2026-01-25 21:37:43,902 - easytorch-training - INFO - Result <train>: [train_time: 169.00 (s), lr: 6.25e-05, train_MAE: 12.5776, train_RMSE: 21.2959, train_MAPE: 8.3937]
2026-01-25 21:37:43,903 - easytorch-training - INFO - Start validation.
2026-01-25 21:38:06,357 - easytorch-training - INFO - Result <val>: [val_time: 22.45 (s), val_MAE: 13.6649, val_RMSE: 23.1915, val_MAPE: 10.9565]
2026-01-25 21:38:27,559 - easytorch-training - INFO - Evaluate best model on test data for horizon 1, Test MAE: 11.6425, Test RMSE: 19.1406, Test MAPE: 7.6421
2026-01-25 21:38:27,579 - easytorch-training - INFO - Evaluate best model on test data for horizon 2, Test MAE: 12.1876, Test RMSE: 20.3672, Test MAPE: 7.9794
2026-01-25 21:38:27,594 - easytorch-training - INFO - Evaluate best model on test data for horizon 3, Test MAE: 12.6077, Test RMSE: 21.3298, Test MAPE: 8.2053
2026-01-25 21:38:27,615 - easytorch-training - INFO - Evaluate best model on test data for horizon 4, Test MAE: 12.9771, Test RMSE: 22.1874, Test MAPE: 8.3876
2026-01-25 21:38:27,635 - easytorch-training - INFO - Evaluate best model on test data for horizon 5, Test MAE: 13.2860, Test RMSE: 22.8903, Test MAPE: 8.6330
2026-01-25 21:38:27,656 - easytorch-training - INFO - Evaluate best model on test data for horizon 6, Test MAE: 13.5502, Test RMSE: 23.4783, Test MAPE: 8.7951
2026-01-25 21:38:27,676 - easytorch-training - INFO - Evaluate best model on test data for horizon 7, Test MAE: 13.8049, Test RMSE: 23.9961, Test MAPE: 8.9383
2026-01-25 21:38:27,694 - easytorch-training - INFO - Evaluate best model on test data for horizon 8, Test MAE: 14.0542, Test RMSE: 24.4728, Test MAPE: 9.1249
2026-01-25 21:38:27,709 - easytorch-training - INFO - Evaluate best model on test data for horizon 9, Test MAE: 14.2705, Test RMSE: 24.8385, Test MAPE: 9.2566
2026-01-25 21:38:27,724 - easytorch-training - INFO - Evaluate best model on test data for horizon 10, Test MAE: 14.4282, Test RMSE: 25.1179, Test MAPE: 9.3689
2026-01-25 21:38:27,742 - easytorch-training - INFO - Evaluate best model on test data for horizon 11, Test MAE: 14.6051, Test RMSE: 25.3783, Test MAPE: 9.5487
2026-01-25 21:38:27,757 - easytorch-training - INFO - Evaluate best model on test data for horizon 12, Test MAE: 14.7769, Test RMSE: 25.6362, Test MAPE: 9.6515
2026-01-25 21:38:27,781 - easytorch-training - INFO - Result <test>: [test_time: 21.42 (s), test_MAE: 13.5159, test_RMSE: 23.3229, test_MAPE: 8.7943]
2026-01-25 21:38:28,196 - easytorch-training - INFO - Checkpoint checkpoints/STMAFNet_300/020df9ee7447a9cb965bf70236749dd4/STMAFNet_114.pt saved
2026-01-25 21:38:28,197 - easytorch-training - INFO - The estimated training finish time is 2026-01-26 08:35:28
2026-01-25 21:38:28,197 - easytorch-training - INFO - Epoch 115 / 300
2026-01-25 21:41:17,640 - easytorch-training - INFO - Result <train>: [train_time: 169.44 (s), lr: 6.25e-05, train_MAE: 12.5673, train_RMSE: 21.2870, train_MAPE: 8.4000]
2026-01-25 21:41:17,641 - easytorch-training - INFO - Start validation.
2026-01-25 21:41:40,100 - easytorch-training - INFO - Result <val>: [val_time: 22.46 (s), val_MAE: 13.7193, val_RMSE: 23.2788, val_MAPE: 11.2059]
2026-01-25 21:42:00,647 - easytorch-training - INFO - Evaluate best model on test data for horizon 1, Test MAE: 11.6586, Test RMSE: 19.1343, Test MAPE: 7.6659
2026-01-25 21:42:00,657 - easytorch-training - INFO - Evaluate best model on test data for horizon 2, Test MAE: 12.2082, Test RMSE: 20.3562, Test MAPE: 7.9875
2026-01-25 21:42:00,673 - easytorch-training - INFO - Evaluate best model on test data for horizon 3, Test MAE: 12.6333, Test RMSE: 21.3278, Test MAPE: 8.2334
2026-01-25 21:42:00,694 - easytorch-training - INFO - Evaluate best model on test data for horizon 4, Test MAE: 12.9904, Test RMSE: 22.1608, Test MAPE: 8.4191
2026-01-25 21:42:00,714 - easytorch-training - INFO - Evaluate best model on test data for horizon 5, Test MAE: 13.2979, Test RMSE: 22.8456, Test MAPE: 8.5820
2026-01-25 21:42:00,735 - easytorch-training - INFO - Evaluate best model on test data for horizon 6, Test MAE: 13.5651, Test RMSE: 23.4236, Test MAPE: 8.7658
2026-01-25 21:42:00,756 - easytorch-training - INFO - Evaluate best model on test data for horizon 7, Test MAE: 13.8241, Test RMSE: 23.9768, Test MAPE: 8.9310
2026-01-25 21:42:00,771 - easytorch-training - INFO - Evaluate best model on test data for horizon 8, Test MAE: 14.0666, Test RMSE: 24.4587, Test MAPE: 9.0848
2026-01-25 21:42:00,782 - easytorch-training - INFO - Evaluate best model on test data for horizon 9, Test MAE: 14.2860, Test RMSE: 24.8774, Test MAPE: 9.2233
2026-01-25 21:42:00,799 - easytorch-training - INFO - Evaluate best model on test data for horizon 10, Test MAE: 14.4473, Test RMSE: 25.1704, Test MAPE: 9.3270
2026-01-25 21:42:00,819 - easytorch-training - INFO - Evaluate best model on test data for horizon 11, Test MAE: 14.6259, Test RMSE: 25.4582, Test MAPE: 9.4693
2026-01-25 21:42:00,840 - easytorch-training - INFO - Evaluate best model on test data for horizon 12, Test MAE: 14.7874, Test RMSE: 25.7118, Test MAPE: 9.6327
2026-01-25 21:42:00,864 - easytorch-training - INFO - Result <test>: [test_time: 20.76 (s), test_MAE: 13.5326, test_RMSE: 23.3306, test_MAPE: 8.7768]
2026-01-25 21:42:01,281 - easytorch-training - INFO - Checkpoint checkpoints/STMAFNet_300/020df9ee7447a9cb965bf70236749dd4/STMAFNet_115.pt saved
2026-01-25 21:42:01,282 - easytorch-training - INFO - The estimated training finish time is 2026-01-26 08:35:31
2026-01-25 21:42:01,282 - easytorch-training - INFO - Epoch 116 / 300
2026-01-25 21:44:51,024 - easytorch-training - INFO - Result <train>: [train_time: 169.74 (s), lr: 6.25e-05, train_MAE: 12.5637, train_RMSE: 21.2767, train_MAPE: 8.3865]
2026-01-25 21:44:51,025 - easytorch-training - INFO - Start validation.
2026-01-25 21:45:12,522 - easytorch-training - INFO - Result <val>: [val_time: 21.50 (s), val_MAE: 13.7000, val_RMSE: 23.2775, val_MAPE: 11.4659]
2026-01-25 21:45:32,533 - easytorch-training - INFO - Evaluate best model on test data for horizon 1, Test MAE: 11.6916, Test RMSE: 19.1465, Test MAPE: 8.0642
2026-01-25 21:45:32,548 - easytorch-training - INFO - Evaluate best model on test data for horizon 2, Test MAE: 12.1990, Test RMSE: 20.3532, Test MAPE: 8.3013
2026-01-25 21:45:32,569 - easytorch-training - INFO - Evaluate best model on test data for horizon 3, Test MAE: 12.6371, Test RMSE: 21.3667, Test MAPE: 8.4018
2026-01-25 21:45:32,589 - easytorch-training - INFO - Evaluate best model on test data for horizon 4, Test MAE: 12.9933, Test RMSE: 22.1911, Test MAPE: 8.6990
2026-01-25 21:45:32,608 - easytorch-training - INFO - Evaluate best model on test data for horizon 5, Test MAE: 13.2874, Test RMSE: 22.8726, Test MAPE: 8.8094
2026-01-25 21:45:32,621 - easytorch-training - INFO - Evaluate best model on test data for horizon 6, Test MAE: 13.5368, Test RMSE: 23.4487, Test MAPE: 8.9074
2026-01-25 21:45:32,635 - easytorch-training - INFO - Evaluate best model on test data for horizon 7, Test MAE: 13.8111, Test RMSE: 23.9967, Test MAPE: 8.9478
2026-01-25 21:45:32,656 - easytorch-training - INFO - Evaluate best model on test data for horizon 8, Test MAE: 14.0611, Test RMSE: 24.4441, Test MAPE: 9.3353
2026-01-25 21:45:32,671 - easytorch-training - INFO - Evaluate best model on test data for horizon 9, Test MAE: 14.2325, Test RMSE: 24.8273, Test MAPE: 9.2826
2026-01-25 21:45:32,685 - easytorch-training - INFO - Evaluate best model on test data for horizon 10, Test MAE: 14.4028, Test RMSE: 25.1367, Test MAPE: 9.3586
2026-01-25 21:45:32,706 - easytorch-training - INFO - Evaluate best model on test data for horizon 11, Test MAE: 14.6006, Test RMSE: 25.4296, Test MAPE: 9.6156
2026-01-25 21:45:32,723 - easytorch-training - INFO - Evaluate best model on test data for horizon 12, Test MAE: 14.7740, Test RMSE: 25.7002, Test MAPE: 9.7174
2026-01-25 21:45:32,740 - easytorch-training - INFO - Result <test>: [test_time: 20.22 (s), test_MAE: 13.5189, test_RMSE: 23.3302, test_MAPE: 8.9534]
2026-01-25 21:45:33,180 - easytorch-training - INFO - Checkpoint checkpoints/STMAFNet_300/020df9ee7447a9cb965bf70236749dd4/STMAFNet_116.pt saved
2026-01-25 21:45:33,181 - easytorch-training - INFO - The estimated training finish time is 2026-01-26 08:35:31
2026-01-25 21:45:33,181 - easytorch-training - INFO - Epoch 117 / 300
2026-01-25 21:48:23,105 - easytorch-training - INFO - Result <train>: [train_time: 169.92 (s), lr: 6.25e-05, train_MAE: 12.5558, train_RMSE: 21.2686, train_MAPE: 8.3867]
2026-01-25 21:48:23,106 - easytorch-training - INFO - Start validation.
2026-01-25 21:48:45,035 - easytorch-training - INFO - Result <val>: [val_time: 21.93 (s), val_MAE: 13.7057, val_RMSE: 23.3247, val_MAPE: 11.2390]
2026-01-25 21:49:06,266 - easytorch-training - INFO - Evaluate best model on test data for horizon 1, Test MAE: 11.6368, Test RMSE: 19.1437, Test MAPE: 7.6169
2026-01-25 21:49:06,282 - easytorch-training - INFO - Evaluate best model on test data for horizon 2, Test MAE: 12.1998, Test RMSE: 20.3806, Test MAPE: 7.8996
2026-01-25 21:49:06,297 - easytorch-training - INFO - Evaluate best model on test data for horizon 3, Test MAE: 12.6397, Test RMSE: 21.4015, Test MAPE: 8.2396
2026-01-25 21:49:06,313 - easytorch-training - INFO - Evaluate best model on test data for horizon 4, Test MAE: 13.0172, Test RMSE: 22.2580, Test MAPE: 8.4802
2026-01-25 21:49:06,334 - easytorch-training - INFO - Evaluate best model on test data for horizon 5, Test MAE: 13.3077, Test RMSE: 22.9543, Test MAPE: 8.6126
2026-01-25 21:49:06,355 - easytorch-training - INFO - Evaluate best model on test data for horizon 6, Test MAE: 13.5582, Test RMSE: 23.5381, Test MAPE: 8.7672
2026-01-25 21:49:06,375 - easytorch-training - INFO - Evaluate best model on test data for horizon 7, Test MAE: 13.8142, Test RMSE: 24.0549, Test MAPE: 8.9509
2026-01-25 21:49:06,396 - easytorch-training - INFO - Evaluate best model on test data for horizon 8, Test MAE: 14.0685, Test RMSE: 24.5648, Test MAPE: 9.1062
2026-01-25 21:49:06,416 - easytorch-training - INFO - Evaluate best model on test data for horizon 9, Test MAE: 14.2577, Test RMSE: 24.8858, Test MAPE: 9.2396
2026-01-25 21:49:06,437 - easytorch-training - INFO - Evaluate best model on test data for horizon 10, Test MAE: 14.4300, Test RMSE: 25.2035, Test MAPE: 9.3345
2026-01-25 21:49:06,453 - easytorch-training - INFO - Evaluate best model on test data for horizon 11, Test MAE: 14.6056, Test RMSE: 25.4822, Test MAPE: 9.4784
2026-01-25 21:49:06,471 - easytorch-training - INFO - Evaluate best model on test data for horizon 12, Test MAE: 14.7780, Test RMSE: 25.7515, Test MAPE: 9.6175
2026-01-25 21:49:06,492 - easytorch-training - INFO - Result <test>: [test_time: 21.46 (s), test_MAE: 13.5261, test_RMSE: 23.3904, test_MAPE: 8.7786]
2026-01-25 21:49:06,907 - easytorch-training - INFO - Checkpoint checkpoints/STMAFNet_300/020df9ee7447a9cb965bf70236749dd4/STMAFNet_117.pt saved
2026-01-25 21:49:06,908 - easytorch-training - INFO - The estimated training finish time is 2026-01-26 08:35:36
2026-01-25 21:49:06,908 - easytorch-training - INFO - Epoch 118 / 300
2026-01-25 21:51:56,327 - easytorch-training - INFO - Result <train>: [train_time: 169.42 (s), lr: 6.25e-05, train_MAE: 12.5553, train_RMSE: 21.2696, train_MAPE: 8.3836]
2026-01-25 21:51:56,328 - easytorch-training - INFO - Start validation.
2026-01-25 21:52:18,765 - easytorch-training - INFO - Result <val>: [val_time: 22.44 (s), val_MAE: 13.6375, val_RMSE: 23.1746, val_MAPE: 11.0175]
2026-01-25 21:52:19,481 - easytorch-training - INFO - Checkpoint checkpoints/STMAFNet_300/020df9ee7447a9cb965bf70236749dd4/STMAFNet_best_val_MAE.pt saved
2026-01-25 21:52:40,572 - easytorch-training - INFO - Evaluate best model on test data for horizon 1, Test MAE: 11.6394, Test RMSE: 19.1343, Test MAPE: 7.7982
2026-01-25 21:52:40,587 - easytorch-training - INFO - Evaluate best model on test data for horizon 2, Test MAE: 12.1728, Test RMSE: 20.3550, Test MAPE: 7.9077
2026-01-25 21:52:40,608 - easytorch-training - INFO - Evaluate best model on test data for horizon 3, Test MAE: 12.6093, Test RMSE: 21.3371, Test MAPE: 8.1609
2026-01-25 21:52:40,628 - easytorch-training - INFO - Evaluate best model on test data for horizon 4, Test MAE: 12.9460, Test RMSE: 22.1557, Test MAPE: 8.3740
2026-01-25 21:52:40,649 - easytorch-training - INFO - Evaluate best model on test data for horizon 5, Test MAE: 13.2534, Test RMSE: 22.8350, Test MAPE: 8.5666
2026-01-25 21:52:40,670 - easytorch-training - INFO - Evaluate best model on test data for horizon 6, Test MAE: 13.5035, Test RMSE: 23.4126, Test MAPE: 8.7434
2026-01-25 21:52:40,687 - easytorch-training - INFO - Evaluate best model on test data for horizon 7, Test MAE: 13.7551, Test RMSE: 23.9101, Test MAPE: 8.9071
2026-01-25 21:52:40,706 - easytorch-training - INFO - Evaluate best model on test data for horizon 8, Test MAE: 13.9905, Test RMSE: 24.3704, Test MAPE: 9.0732
2026-01-25 21:52:40,719 - easytorch-training - INFO - Evaluate best model on test data for horizon 9, Test MAE: 14.1915, Test RMSE: 24.7547, Test MAPE: 9.2115
2026-01-25 21:52:40,734 - easytorch-training - INFO - Evaluate best model on test data for horizon 10, Test MAE: 14.3675, Test RMSE: 25.0657, Test MAPE: 9.3221
2026-01-25 21:52:40,750 - easytorch-training - INFO - Evaluate best model on test data for horizon 11, Test MAE: 14.5499, Test RMSE: 25.3810, Test MAPE: 9.4824
2026-01-25 21:52:40,771 - easytorch-training - INFO - Evaluate best model on test data for horizon 12, Test MAE: 14.7285, Test RMSE: 25.6440, Test MAPE: 9.5815
2026-01-25 21:52:40,794 - easytorch-training - INFO - Result <test>: [test_time: 21.31 (s), test_MAE: 13.4756, test_RMSE: 23.2821, test_MAPE: 8.7607]
2026-01-25 21:52:41,213 - easytorch-training - INFO - Checkpoint checkpoints/STMAFNet_300/020df9ee7447a9cb965bf70236749dd4/STMAFNet_118.pt saved
2026-01-25 21:52:41,214 - easytorch-training - INFO - The estimated training finish time is 2026-01-26 08:35:42
2026-01-25 21:52:41,214 - easytorch-training - INFO - Epoch 119 / 300
2026-01-25 21:55:30,521 - easytorch-training - INFO - Result <train>: [train_time: 169.31 (s), lr: 6.25e-05, train_MAE: 12.5402, train_RMSE: 21.2397, train_MAPE: 8.3717]
2026-01-25 21:55:30,522 - easytorch-training - INFO - Start validation.
2026-01-25 21:55:52,882 - easytorch-training - INFO - Result <val>: [val_time: 22.36 (s), val_MAE: 13.6732, val_RMSE: 23.2342, val_MAPE: 10.9995]
2026-01-25 21:56:13,660 - easytorch-training - INFO - Evaluate best model on test data for horizon 1, Test MAE: 11.6327, Test RMSE: 19.1366, Test MAPE: 7.6237
2026-01-25 21:56:13,680 - easytorch-training - INFO - Evaluate best model on test data for horizon 2, Test MAE: 12.1913, Test RMSE: 20.3746, Test MAPE: 7.9469
2026-01-25 21:56:13,700 - easytorch-training - INFO - Evaluate best model on test data for horizon 3, Test MAE: 12.6233, Test RMSE: 21.3421, Test MAPE: 8.2065
2026-01-25 21:56:13,714 - easytorch-training - INFO - Evaluate best model on test data for horizon 4, Test MAE: 12.9849, Test RMSE: 22.1791, Test MAPE: 8.4034
2026-01-25 21:56:13,731 - easytorch-training - INFO - Evaluate best model on test data for horizon 5, Test MAE: 13.2836, Test RMSE: 22.8753, Test MAPE: 8.5939
2026-01-25 21:56:13,750 - easytorch-training - INFO - Evaluate best model on test data for horizon 6, Test MAE: 13.5508, Test RMSE: 23.4698, Test MAPE: 8.7673
2026-01-25 21:56:13,764 - easytorch-training - INFO - Evaluate best model on test data for horizon 7, Test MAE: 13.8052, Test RMSE: 23.9905, Test MAPE: 8.9447
2026-01-25 21:56:13,779 - easytorch-training - INFO - Evaluate best model on test data for horizon 8, Test MAE: 14.0608, Test RMSE: 24.4863, Test MAPE: 9.1197
2026-01-25 21:56:13,799 - easytorch-training - INFO - Evaluate best model on test data for horizon 9, Test MAE: 14.2561, Test RMSE: 24.8702, Test MAPE: 9.2323
2026-01-25 21:56:13,819 - easytorch-training - INFO - Evaluate best model on test data for horizon 10, Test MAE: 14.4159, Test RMSE: 25.1619, Test MAPE: 9.3183
2026-01-25 21:56:13,835 - easytorch-training - INFO - Evaluate best model on test data for horizon 11, Test MAE: 14.5812, Test RMSE: 25.4403, Test MAPE: 9.4800
2026-01-25 21:56:13,856 - easytorch-training - INFO - Evaluate best model on test data for horizon 12, Test MAE: 14.7723, Test RMSE: 25.7025, Test MAPE: 9.6452
2026-01-25 21:56:13,880 - easytorch-training - INFO - Result <test>: [test_time: 21.00 (s), test_MAE: 13.5132, test_RMSE: 23.3407, test_MAPE: 8.7735]
2026-01-25 21:56:14,293 - easytorch-training - INFO - Checkpoint checkpoints/STMAFNet_300/020df9ee7447a9cb965bf70236749dd4/STMAFNet_119.pt saved
2026-01-25 21:56:14,294 - easytorch-training - INFO - The estimated training finish time is 2026-01-26 08:35:44
2026-01-25 21:56:14,294 - easytorch-training - INFO - Epoch 120 / 300
2026-01-25 21:59:03,362 - easytorch-training - INFO - Result <train>: [train_time: 169.07 (s), lr: 6.25e-05, train_MAE: 12.5416, train_RMSE: 21.2506, train_MAPE: 8.3781]
2026-01-25 21:59:03,364 - easytorch-training - INFO - Start validation.
2026-01-25 21:59:24,730 - easytorch-training - INFO - Result <val>: [val_time: 21.37 (s), val_MAE: 13.7281, val_RMSE: 23.3277, val_MAPE: 11.2042]
2026-01-25 21:59:44,591 - easytorch-training - INFO - Evaluate best model on test data for horizon 1, Test MAE: 11.6382, Test RMSE: 19.1591, Test MAPE: 7.6323
2026-01-25 21:59:44,612 - easytorch-training - INFO - Evaluate best model on test data for horizon 2, Test MAE: 12.1991, Test RMSE: 20.3966, Test MAPE: 7.9451
2026-01-25 21:59:44,629 - easytorch-training - INFO - Evaluate best model on test data for horizon 3, Test MAE: 12.6509, Test RMSE: 21.3936, Test MAPE: 8.2812
2026-01-25 21:59:44,648 - easytorch-training - INFO - Evaluate best model on test data for horizon 4, Test MAE: 13.0112, Test RMSE: 22.2291, Test MAPE: 8.4831
2026-01-25 21:59:44,669 - easytorch-training - INFO - Evaluate best model on test data for horizon 5, Test MAE: 13.3140, Test RMSE: 22.9051, Test MAPE: 8.6774
2026-01-25 21:59:44,684 - easytorch-training - INFO - Evaluate best model on test data for horizon 6, Test MAE: 13.6172, Test RMSE: 23.5393, Test MAPE: 8.9857
2026-01-25 21:59:44,693 - easytorch-training - INFO - Evaluate best model on test data for horizon 7, Test MAE: 13.8821, Test RMSE: 24.0612, Test MAPE: 9.1310
2026-01-25 21:59:44,709 - easytorch-training - INFO - Evaluate best model on test data for horizon 8, Test MAE: 14.1128, Test RMSE: 24.5270, Test MAPE: 9.3022
2026-01-25 21:59:44,730 - easytorch-training - INFO - Evaluate best model on test data for horizon 9, Test MAE: 14.3327, Test RMSE: 24.9306, Test MAPE: 9.4469
2026-01-25 21:59:44,746 - easytorch-training - INFO - Evaluate best model on test data for horizon 10, Test MAE: 14.4971, Test RMSE: 25.2452, Test MAPE: 9.4322
2026-01-25 21:59:44,761 - easytorch-training - INFO - Evaluate best model on test data for horizon 11, Test MAE: 14.6837, Test RMSE: 25.5401, Test MAPE: 9.5789
2026-01-25 21:59:44,779 - easytorch-training - INFO - Evaluate best model on test data for horizon 12, Test MAE: 14.8551, Test RMSE: 25.8030, Test MAPE: 9.7397
2026-01-25 21:59:44,803 - easytorch-training - INFO - Result <test>: [test_time: 20.07 (s), test_MAE: 13.5662, test_RMSE: 23.4007, test_MAPE: 8.8863]
2026-01-25 21:59:45,231 - easytorch-training - INFO - Checkpoint checkpoints/STMAFNet_300/020df9ee7447a9cb965bf70236749dd4/STMAFNet_120.pt saved
2026-01-25 21:59:45,273 - easytorch-training - INFO - The estimated training finish time is 2026-01-26 08:35:42
2026-01-25 21:59:45,273 - easytorch-training - INFO - Epoch 121 / 300
2026-01-25 22:02:35,164 - easytorch-training - INFO - Result <train>: [train_time: 169.89 (s), lr: 6.25e-05, train_MAE: 12.5296, train_RMSE: 21.2158, train_MAPE: 8.3750]
2026-01-25 22:02:35,165 - easytorch-training - INFO - Start validation.
2026-01-25 22:02:56,866 - easytorch-training - INFO - Result <val>: [val_time: 21.70 (s), val_MAE: 13.6577, val_RMSE: 23.2463, val_MAPE: 11.0134]
2026-01-25 22:03:16,848 - easytorch-training - INFO - Evaluate best model on test data for horizon 1, Test MAE: 11.6141, Test RMSE: 19.1311, Test MAPE: 7.5811
2026-01-25 22:03:16,865 - easytorch-training - INFO - Evaluate best model on test data for horizon 2, Test MAE: 12.1747, Test RMSE: 20.3760, Test MAPE: 7.9276
2026-01-25 22:03:16,885 - easytorch-training - INFO - Evaluate best model on test data for horizon 3, Test MAE: 12.5952, Test RMSE: 21.3423, Test MAPE: 8.1604
2026-01-25 22:03:16,906 - easytorch-training - INFO - Evaluate best model on test data for horizon 4, Test MAE: 12.9562, Test RMSE: 22.1978, Test MAPE: 8.3496
2026-01-25 22:03:16,927 - easytorch-training - INFO - Evaluate best model on test data for horizon 5, Test MAE: 13.2776, Test RMSE: 22.9151, Test MAPE: 8.5697
2026-01-25 22:03:16,942 - easytorch-training - INFO - Evaluate best model on test data for horizon 6, Test MAE: 13.5322, Test RMSE: 23.5218, Test MAPE: 8.7447
2026-01-25 22:03:16,957 - easytorch-training - INFO - Evaluate best model on test data for horizon 7, Test MAE: 13.8003, Test RMSE: 24.0324, Test MAPE: 8.9339
2026-01-25 22:03:16,968 - easytorch-training - INFO - Evaluate best model on test data for horizon 8, Test MAE: 14.0253, Test RMSE: 24.4678, Test MAPE: 9.0626
2026-01-25 22:03:16,985 - easytorch-training - INFO - Evaluate best model on test data for horizon 9, Test MAE: 14.2314, Test RMSE: 24.8131, Test MAPE: 9.2234
2026-01-25 22:03:17,006 - easytorch-training - INFO - Evaluate best model on test data for horizon 10, Test MAE: 14.3954, Test RMSE: 25.1317, Test MAPE: 9.3341
2026-01-25 22:03:17,026 - easytorch-training - INFO - Evaluate best model on test data for horizon 11, Test MAE: 14.5688, Test RMSE: 25.3819, Test MAPE: 9.4649
2026-01-25 22:03:17,044 - easytorch-training - INFO - Evaluate best model on test data for horizon 12, Test MAE: 14.7217, Test RMSE: 25.6109, Test MAPE: 9.6004
2026-01-25 22:03:17,062 - easytorch-training - INFO - Result <test>: [test_time: 20.19 (s), test_MAE: 13.4911, test_RMSE: 23.3300, test_MAPE: 8.7460]
2026-01-25 22:03:17,480 - easytorch-training - INFO - Checkpoint checkpoints/STMAFNet_300/020df9ee7447a9cb965bf70236749dd4/STMAFNet_121.pt saved
2026-01-25 22:03:17,481 - easytorch-training - INFO - The estimated training finish time is 2026-01-26 08:35:42
2026-01-25 22:03:17,482 - easytorch-training - INFO - Epoch 122 / 300
2026-01-25 22:06:07,982 - easytorch-training - INFO - Result <train>: [train_time: 170.50 (s), lr: 6.25e-05, train_MAE: 12.5266, train_RMSE: 21.2208, train_MAPE: 8.3657]
2026-01-25 22:06:07,984 - easytorch-training - INFO - Start validation.
2026-01-25 22:06:29,247 - easytorch-training - INFO - Result <val>: [val_time: 21.26 (s), val_MAE: 13.6493, val_RMSE: 23.1785, val_MAPE: 10.8392]
2026-01-25 22:06:49,773 - easytorch-training - INFO - Evaluate best model on test data for horizon 1, Test MAE: 11.6403, Test RMSE: 19.1388, Test MAPE: 7.7176
2026-01-25 22:06:49,793 - easytorch-training - INFO - Evaluate best model on test data for horizon 2, Test MAE: 12.1860, Test RMSE: 20.3779, Test MAPE: 7.9789
2026-01-25 22:06:49,814 - easytorch-training - INFO - Evaluate best model on test data for horizon 3, Test MAE: 12.6189, Test RMSE: 21.3468, Test MAPE: 8.3634
2026-01-25 22:06:49,834 - easytorch-training - INFO - Evaluate best model on test data for horizon 4, Test MAE: 12.9880, Test RMSE: 22.1927, Test MAPE: 8.4934
2026-01-25 22:06:49,850 - easytorch-training - INFO - Evaluate best model on test data for horizon 5, Test MAE: 13.2804, Test RMSE: 22.8773, Test MAPE: 8.6612
2026-01-25 22:06:49,871 - easytorch-training - INFO - Evaluate best model on test data for horizon 6, Test MAE: 13.5417, Test RMSE: 23.4887, Test MAPE: 8.7815
2026-01-25 22:06:49,887 - easytorch-training - INFO - Evaluate best model on test data for horizon 7, Test MAE: 13.8046, Test RMSE: 24.0141, Test MAPE: 8.9735
2026-01-25 22:06:49,907 - easytorch-training - INFO - Evaluate best model on test data for horizon 8, Test MAE: 14.0513, Test RMSE: 24.4943, Test MAPE: 9.1237
2026-01-25 22:06:49,928 - easytorch-training - INFO - Evaluate best model on test data for horizon 9, Test MAE: 14.2707, Test RMSE: 24.8912, Test MAPE: 9.4372
2026-01-25 22:06:49,948 - easytorch-training - INFO - Evaluate best model on test data for horizon 10, Test MAE: 14.4522, Test RMSE: 25.2008, Test MAPE: 9.4088
2026-01-25 22:06:49,960 - easytorch-training - INFO - Evaluate best model on test data for horizon 11, Test MAE: 14.6064, Test RMSE: 25.4706, Test MAPE: 9.5426
2026-01-25 22:06:49,975 - easytorch-training - INFO - Evaluate best model on test data for horizon 12, Test MAE: 14.7906, Test RMSE: 25.7275, Test MAPE: 9.7346
2026-01-25 22:06:49,997 - easytorch-training - INFO - Result <test>: [test_time: 20.75 (s), test_MAE: 13.5193, test_RMSE: 23.3574, test_MAPE: 8.8514]
2026-01-25 22:06:50,437 - easytorch-training - INFO - Checkpoint checkpoints/STMAFNet_300/020df9ee7447a9cb965bf70236749dd4/STMAFNet_122.pt saved
2026-01-25 22:06:50,438 - easytorch-training - INFO - The estimated training finish time is 2026-01-26 08:35:45
2026-01-25 22:06:50,438 - easytorch-training - INFO - Epoch 123 / 300
2026-01-25 22:09:40,326 - easytorch-training - INFO - Result <train>: [train_time: 169.89 (s), lr: 6.25e-05, train_MAE: 12.5206, train_RMSE: 21.2018, train_MAPE: 8.3696]
2026-01-25 22:09:40,327 - easytorch-training - INFO - Start validation.
2026-01-25 22:10:02,278 - easytorch-training - INFO - Result <val>: [val_time: 21.95 (s), val_MAE: 13.6544, val_RMSE: 23.1976, val_MAPE: 10.7510]
2026-01-25 22:10:22,721 - easytorch-training - INFO - Evaluate best model on test data for horizon 1, Test MAE: 11.6304, Test RMSE: 19.1491, Test MAPE: 7.6328
2026-01-25 22:10:22,741 - easytorch-training - INFO - Evaluate best model on test data for horizon 2, Test MAE: 12.1699, Test RMSE: 20.3736, Test MAPE: 7.9075
2026-01-25 22:10:22,762 - easytorch-training - INFO - Evaluate best model on test data for horizon 3, Test MAE: 12.6056, Test RMSE: 21.3597, Test MAPE: 8.1873
2026-01-25 22:10:22,772 - easytorch-training - INFO - Evaluate best model on test data for horizon 4, Test MAE: 12.9676, Test RMSE: 22.1832, Test MAPE: 8.3925
2026-01-25 22:10:22,781 - easytorch-training - INFO - Evaluate best model on test data for horizon 5, Test MAE: 13.2676, Test RMSE: 22.8936, Test MAPE: 8.5885
2026-01-25 22:10:22,797 - easytorch-training - INFO - Evaluate best model on test data for horizon 6, Test MAE: 13.5344, Test RMSE: 23.5057, Test MAPE: 8.7687
2026-01-25 22:10:22,817 - easytorch-training - INFO - Evaluate best model on test data for horizon 7, Test MAE: 13.8108, Test RMSE: 24.0664, Test MAPE: 8.9210
2026-01-25 22:10:22,838 - easytorch-training - INFO - Evaluate best model on test data for horizon 8, Test MAE: 14.0564, Test RMSE: 24.5428, Test MAPE: 9.1000
2026-01-25 22:10:22,859 - easytorch-training - INFO - Evaluate best model on test data for horizon 9, Test MAE: 14.2634, Test RMSE: 24.9197, Test MAPE: 9.2190
2026-01-25 22:10:22,879 - easytorch-training - INFO - Evaluate best model on test data for horizon 10, Test MAE: 14.4241, Test RMSE: 25.2094, Test MAPE: 9.3518
2026-01-25 22:10:22,892 - easytorch-training - INFO - Evaluate best model on test data for horizon 11, Test MAE: 14.6347, Test RMSE: 25.5079, Test MAPE: 9.5270
2026-01-25 22:10:22,904 - easytorch-training - INFO - Evaluate best model on test data for horizon 12, Test MAE: 14.8009, Test RMSE: 25.7539, Test MAPE: 9.6333
2026-01-25 22:10:22,924 - easytorch-training - INFO - Result <test>: [test_time: 20.64 (s), test_MAE: 13.5138, test_RMSE: 23.3786, test_MAPE: 8.7691]
2026-01-25 22:10:23,339 - easytorch-training - INFO - Checkpoint checkpoints/STMAFNet_300/020df9ee7447a9cb965bf70236749dd4/STMAFNet_123.pt saved
2026-01-25 22:10:23,340 - easytorch-training - INFO - The estimated training finish time is 2026-01-26 08:35:47
2026-01-25 22:10:23,340 - easytorch-training - INFO - Epoch 124 / 300
2026-01-25 22:13:12,542 - easytorch-training - INFO - Result <train>: [train_time: 169.20 (s), lr: 6.25e-05, train_MAE: 12.5176, train_RMSE: 21.2039, train_MAPE: 8.3527]
2026-01-25 22:13:12,544 - easytorch-training - INFO - Start validation.
2026-01-25 22:13:33,971 - easytorch-training - INFO - Result <val>: [val_time: 21.43 (s), val_MAE: 13.6721, val_RMSE: 23.2336, val_MAPE: 10.9281]
2026-01-25 22:13:55,128 - easytorch-training - INFO - Evaluate best model on test data for horizon 1, Test MAE: 11.6256, Test RMSE: 19.1342, Test MAPE: 7.5768
2026-01-25 22:13:55,142 - easytorch-training - INFO - Evaluate best model on test data for horizon 2, Test MAE: 12.1734, Test RMSE: 20.3596, Test MAPE: 7.9137
2026-01-25 22:13:55,158 - easytorch-training - INFO - Evaluate best model on test data for horizon 3, Test MAE: 12.6195, Test RMSE: 21.3636, Test MAPE: 8.1836
2026-01-25 22:13:55,179 - easytorch-training - INFO - Evaluate best model on test data for horizon 4, Test MAE: 12.9824, Test RMSE: 22.2027, Test MAPE: 8.4719
2026-01-25 22:13:55,200 - easytorch-training - INFO - Evaluate best model on test data for horizon 5, Test MAE: 13.2927, Test RMSE: 22.9089, Test MAPE: 8.7003
2026-01-25 22:13:55,216 - easytorch-training - INFO - Evaluate best model on test data for horizon 6, Test MAE: 13.5683, Test RMSE: 23.5245, Test MAPE: 8.8105
2026-01-25 22:13:55,231 - easytorch-training - INFO - Evaluate best model on test data for horizon 7, Test MAE: 13.8272, Test RMSE: 24.0731, Test MAPE: 8.9747
2026-01-25 22:13:55,251 - easytorch-training - INFO - Evaluate best model on test data for horizon 8, Test MAE: 14.0782, Test RMSE: 24.5907, Test MAPE: 9.0643
2026-01-25 22:13:55,268 - easytorch-training - INFO - Evaluate best model on test data for horizon 9, Test MAE: 14.3016, Test RMSE: 24.9695, Test MAPE: 9.4804
2026-01-25 22:13:55,277 - easytorch-training - INFO - Evaluate best model on test data for horizon 10, Test MAE: 14.4875, Test RMSE: 25.3126, Test MAPE: 9.4354
2026-01-25 22:13:55,289 - easytorch-training - INFO - Evaluate best model on test data for horizon 11, Test MAE: 14.6969, Test RMSE: 25.6307, Test MAPE: 9.6063
2026-01-25 22:13:55,310 - easytorch-training - INFO - Evaluate best model on test data for horizon 12, Test MAE: 14.8789, Test RMSE: 25.9118, Test MAPE: 9.7128
2026-01-25 22:13:55,334 - easytorch-training - INFO - Result <test>: [test_time: 21.36 (s), test_MAE: 13.5444, test_RMSE: 23.4254, test_MAPE: 8.8276]
2026-01-25 22:13:55,747 - easytorch-training - INFO - Checkpoint checkpoints/STMAFNet_300/020df9ee7447a9cb965bf70236749dd4/STMAFNet_124.pt saved
2026-01-25 22:13:55,748 - easytorch-training - INFO - The estimated training finish time is 2026-01-26 08:35:48
2026-01-25 22:13:55,748 - easytorch-training - INFO - Epoch 125 / 300
2026-01-25 22:16:44,873 - easytorch-training - INFO - Result <train>: [train_time: 169.12 (s), lr: 6.25e-05, train_MAE: 12.5092, train_RMSE: 21.1839, train_MAPE: 8.3521]
2026-01-25 22:16:44,874 - easytorch-training - INFO - Start validation.
2026-01-25 22:17:07,306 - easytorch-training - INFO - Result <val>: [val_time: 22.43 (s), val_MAE: 13.6587, val_RMSE: 23.2239, val_MAPE: 10.8413]
2026-01-25 22:17:28,539 - easytorch-training - INFO - Evaluate best model on test data for horizon 1, Test MAE: 11.6383, Test RMSE: 19.1424, Test MAPE: 7.7829
2026-01-25 22:17:28,554 - easytorch-training - INFO - Evaluate best model on test data for horizon 2, Test MAE: 12.1959, Test RMSE: 20.3847, Test MAPE: 8.0429
2026-01-25 22:17:28,575 - easytorch-training - INFO - Evaluate best model on test data for horizon 3, Test MAE: 12.6260, Test RMSE: 21.3810, Test MAPE: 8.1929
2026-01-25 22:17:28,595 - easytorch-training - INFO - Evaluate best model on test data for horizon 4, Test MAE: 13.0011, Test RMSE: 22.2562, Test MAPE: 8.4084
2026-01-25 22:17:28,611 - easytorch-training - INFO - Evaluate best model on test data for horizon 5, Test MAE: 13.3060, Test RMSE: 22.9367, Test MAPE: 8.8100
2026-01-25 22:17:28,626 - easytorch-training - INFO - Evaluate best model on test data for horizon 6, Test MAE: 13.5588, Test RMSE: 23.5288, Test MAPE: 8.7741
2026-01-25 22:17:28,646 - easytorch-training - INFO - Evaluate best model on test data for horizon 7, Test MAE: 13.8185, Test RMSE: 24.0370, Test MAPE: 9.0726
2026-01-25 22:17:28,667 - easytorch-training - INFO - Evaluate best model on test data for horizon 8, Test MAE: 14.0698, Test RMSE: 24.5188, Test MAPE: 9.1059
2026-01-25 22:17:28,682 - easytorch-training - INFO - Evaluate best model on test data for horizon 9, Test MAE: 14.2594, Test RMSE: 24.8820, Test MAPE: 9.2906
2026-01-25 22:17:28,696 - easytorch-training - INFO - Evaluate best model on test data for horizon 10, Test MAE: 14.4196, Test RMSE: 25.1590, Test MAPE: 9.4544
2026-01-25 22:17:28,711 - easytorch-training - INFO - Evaluate best model on test data for horizon 11, Test MAE: 14.5878, Test RMSE: 25.4224, Test MAPE: 9.5005
2026-01-25 22:17:28,732 - easytorch-training - INFO - Evaluate best model on test data for horizon 12, Test MAE: 14.7540, Test RMSE: 25.6523, Test MAPE: 9.6889
2026-01-25 22:17:28,756 - easytorch-training - INFO - Result <test>: [test_time: 21.45 (s), test_MAE: 13.5196, test_RMSE: 23.3622, test_MAPE: 8.8437]
2026-01-25 22:17:29,173 - easytorch-training - INFO - Checkpoint checkpoints/STMAFNet_300/020df9ee7447a9cb965bf70236749dd4/STMAFNet_125.pt saved
2026-01-25 22:17:29,174 - easytorch-training - INFO - The estimated training finish time is 2026-01-26 08:35:51
2026-01-25 22:17:29,174 - easytorch-training - INFO - Epoch 126 / 300
2026-01-25 22:20:18,264 - easytorch-training - INFO - Result <train>: [train_time: 169.09 (s), lr: 6.25e-05, train_MAE: 12.5049, train_RMSE: 21.1822, train_MAPE: 8.3473]
2026-01-25 22:20:18,265 - easytorch-training - INFO - Start validation.
2026-01-25 22:20:40,713 - easytorch-training - INFO - Result <val>: [val_time: 22.45 (s), val_MAE: 13.6715, val_RMSE: 23.2157, val_MAPE: 10.9331]
2026-01-25 22:21:01,871 - easytorch-training - INFO - Evaluate best model on test data for horizon 1, Test MAE: 11.6414, Test RMSE: 19.1362, Test MAPE: 7.6394
2026-01-25 22:21:01,892 - easytorch-training - INFO - Evaluate best model on test data for horizon 2, Test MAE: 12.2032, Test RMSE: 20.3699, Test MAPE: 7.9619
2026-01-25 22:21:01,912 - easytorch-training - INFO - Evaluate best model on test data for horizon 3, Test MAE: 12.6226, Test RMSE: 21.3736, Test MAPE: 8.1514
2026-01-25 22:21:01,930 - easytorch-training - INFO - Evaluate best model on test data for horizon 4, Test MAE: 12.9910, Test RMSE: 22.2235, Test MAPE: 8.3642
2026-01-25 22:21:01,943 - easytorch-training - INFO - Evaluate best model on test data for horizon 5, Test MAE: 13.3037, Test RMSE: 22.9429, Test MAPE: 8.5775
2026-01-25 22:21:01,964 - easytorch-training - INFO - Evaluate best model on test data for horizon 6, Test MAE: 13.5689, Test RMSE: 23.5540, Test MAPE: 8.7596
2026-01-25 22:21:01,980 - easytorch-training - INFO - Evaluate best model on test data for horizon 7, Test MAE: 13.8445, Test RMSE: 24.1525, Test MAPE: 8.9454
2026-01-25 22:21:01,995 - easytorch-training - INFO - Evaluate best model on test data for horizon 8, Test MAE: 14.0866, Test RMSE: 24.6201, Test MAPE: 9.0729
2026-01-25 22:21:02,015 - easytorch-training - INFO - Evaluate best model on test data for horizon 9, Test MAE: 14.3108, Test RMSE: 25.0141, Test MAPE: 9.2133
2026-01-25 22:21:02,035 - easytorch-training - INFO - Evaluate best model on test data for horizon 10, Test MAE: 14.4613, Test RMSE: 25.3002, Test MAPE: 9.3508
2026-01-25 22:21:02,050 - easytorch-training - INFO - Evaluate best model on test data for horizon 11, Test MAE: 14.6384, Test RMSE: 25.6204, Test MAPE: 9.4329
2026-01-25 22:21:02,060 - easytorch-training - INFO - Evaluate best model on test data for horizon 12, Test MAE: 14.8172, Test RMSE: 25.8757, Test MAPE: 9.6118
2026-01-25 22:21:02,078 - easytorch-training - INFO - Result <test>: [test_time: 21.36 (s), test_MAE: 13.5408, test_RMSE: 23.4419, test_MAPE: 8.7567]
2026-01-25 22:21:02,496 - easytorch-training - INFO - Checkpoint checkpoints/STMAFNet_300/020df9ee7447a9cb965bf70236749dd4/STMAFNet_126.pt saved
2026-01-25 22:21:02,497 - easytorch-training - INFO - The estimated training finish time is 2026-01-26 08:35:54
2026-01-25 22:21:02,497 - easytorch-training - INFO - Epoch 127 / 300
2026-01-25 22:23:51,889 - easytorch-training - INFO - Result <train>: [train_time: 169.39 (s), lr: 6.25e-05, train_MAE: 12.5006, train_RMSE: 21.1655, train_MAPE: 8.3522]
2026-01-25 22:23:51,890 - easytorch-training - INFO - Start validation.
2026-01-25 22:24:13,664 - easytorch-training - INFO - Result <val>: [val_time: 21.77 (s), val_MAE: 13.6899, val_RMSE: 23.2848, val_MAPE: 11.1908]
2026-01-25 22:24:33,494 - easytorch-training - INFO - Evaluate best model on test data for horizon 1, Test MAE: 11.6333, Test RMSE: 19.1498, Test MAPE: 7.6844
2026-01-25 22:24:33,512 - easytorch-training - INFO - Evaluate best model on test data for horizon 2, Test MAE: 12.1737, Test RMSE: 20.3819, Test MAPE: 7.9167
2026-01-25 22:24:33,527 - easytorch-training - INFO - Evaluate best model on test data for horizon 3, Test MAE: 12.6102, Test RMSE: 21.3851, Test MAPE: 8.1677
2026-01-25 22:24:33,535 - easytorch-training - INFO - Evaluate best model on test data for horizon 4, Test MAE: 12.9761, Test RMSE: 22.2378, Test MAPE: 8.3939
2026-01-25 22:24:33,552 - easytorch-training - INFO - Evaluate best model on test data for horizon 5, Test MAE: 13.2784, Test RMSE: 22.9393, Test MAPE: 8.5945
2026-01-25 22:24:33,573 - easytorch-training - INFO - Evaluate best model on test data for horizon 6, Test MAE: 13.5322, Test RMSE: 23.5181, Test MAPE: 8.7620
2026-01-25 22:24:33,587 - easytorch-training - INFO - Evaluate best model on test data for horizon 7, Test MAE: 13.7936, Test RMSE: 24.0262, Test MAPE: 8.9213
2026-01-25 22:24:33,603 - easytorch-training - INFO - Evaluate best model on test data for horizon 8, Test MAE: 14.0214, Test RMSE: 24.4819, Test MAPE: 9.1135
2026-01-25 22:24:33,624 - easytorch-training - INFO - Evaluate best model on test data for horizon 9, Test MAE: 14.2081, Test RMSE: 24.8349, Test MAPE: 9.2299
2026-01-25 22:24:33,645 - easytorch-training - INFO - Evaluate best model on test data for horizon 10, Test MAE: 14.3996, Test RMSE: 25.1921, Test MAPE: 9.3433
2026-01-25 22:24:33,660 - easytorch-training - INFO - Evaluate best model on test data for horizon 11, Test MAE: 14.5736, Test RMSE: 25.4421, Test MAPE: 9.5474
2026-01-25 22:24:33,677 - easytorch-training - INFO - Evaluate best model on test data for horizon 12, Test MAE: 14.7432, Test RMSE: 25.7137, Test MAPE: 9.6341
2026-01-25 22:24:33,699 - easytorch-training - INFO - Result <test>: [test_time: 20.03 (s), test_MAE: 13.4953, test_RMSE: 23.3628, test_MAPE: 8.7757]
2026-01-25 22:24:34,145 - easytorch-training - INFO - Checkpoint checkpoints/STMAFNet_300/020df9ee7447a9cb965bf70236749dd4/STMAFNet_127.pt saved
2026-01-25 22:24:34,146 - easytorch-training - INFO - The estimated training finish time is 2026-01-26 08:35:54
2026-01-25 22:24:34,147 - easytorch-training - INFO - Epoch 128 / 300
2026-01-25 22:27:23,863 - easytorch-training - INFO - Result <train>: [train_time: 169.72 (s), lr: 6.25e-05, train_MAE: 12.4920, train_RMSE: 21.1544, train_MAPE: 8.3485]
2026-01-25 22:27:23,864 - easytorch-training - INFO - Start validation.
2026-01-25 22:27:45,419 - easytorch-training - INFO - Result <val>: [val_time: 21.55 (s), val_MAE: 13.6509, val_RMSE: 23.1921, val_MAPE: 11.0204]
2026-01-25 22:28:06,620 - easytorch-training - INFO - Evaluate best model on test data for horizon 1, Test MAE: 11.6440, Test RMSE: 19.1460, Test MAPE: 7.8096
2026-01-25 22:28:06,640 - easytorch-training - INFO - Evaluate best model on test data for horizon 2, Test MAE: 12.1975, Test RMSE: 20.3795, Test MAPE: 8.2486
2026-01-25 22:28:06,656 - easytorch-training - INFO - Evaluate best model on test data for horizon 3, Test MAE: 12.6319, Test RMSE: 21.3602, Test MAPE: 8.4515
2026-01-25 22:28:06,677 - easytorch-training - INFO - Evaluate best model on test data for horizon 4, Test MAE: 13.0049, Test RMSE: 22.2192, Test MAPE: 8.7818
2026-01-25 22:28:06,698 - easytorch-training - INFO - Evaluate best model on test data for horizon 5, Test MAE: 13.2755, Test RMSE: 22.8889, Test MAPE: 8.7453
2026-01-25 22:28:06,718 - easytorch-training - INFO - Evaluate best model on test data for horizon 6, Test MAE: 13.5474, Test RMSE: 23.4941, Test MAPE: 8.9574
2026-01-25 22:28:06,736 - easytorch-training - INFO - Evaluate best model on test data for horizon 7, Test MAE: 13.7997, Test RMSE: 24.0176, Test MAPE: 9.0348
2026-01-25 22:28:06,744 - easytorch-training - INFO - Evaluate best model on test data for horizon 8, Test MAE: 14.0387, Test RMSE: 24.4633, Test MAPE: 9.1220
2026-01-25 22:28:06,752 - easytorch-training - INFO - Evaluate best model on test data for horizon 9, Test MAE: 14.2343, Test RMSE: 24.8456, Test MAPE: 9.2776
2026-01-25 22:28:06,767 - easytorch-training - INFO - Evaluate best model on test data for horizon 10, Test MAE: 14.4065, Test RMSE: 25.1720, Test MAPE: 9.3434
2026-01-25 22:28:06,783 - easytorch-training - INFO - Evaluate best model on test data for horizon 11, Test MAE: 14.5872, Test RMSE: 25.4532, Test MAPE: 9.4358
2026-01-25 22:28:06,804 - easytorch-training - INFO - Evaluate best model on test data for horizon 12, Test MAE: 14.7569, Test RMSE: 25.6993, Test MAPE: 9.5832
2026-01-25 22:28:06,828 - easytorch-training - INFO - Result <test>: [test_time: 21.41 (s), test_MAE: 13.5104, test_RMSE: 23.3493, test_MAPE: 8.8993]
2026-01-25 22:28:07,321 - easytorch-training - INFO - Checkpoint checkpoints/STMAFNet_300/020df9ee7447a9cb965bf70236749dd4/STMAFNet_128.pt saved
2026-01-25 22:28:07,321 - easytorch-training - INFO - The estimated training finish time is 2026-01-26 08:35:56
2026-01-25 22:28:07,322 - easytorch-training - INFO - Epoch 129 / 300
2026-01-25 22:30:56,762 - easytorch-training - INFO - Result <train>: [train_time: 169.44 (s), lr: 6.25e-05, train_MAE: 12.4846, train_RMSE: 21.1429, train_MAPE: 8.3347]
2026-01-25 22:30:56,763 - easytorch-training - INFO - Start validation.
2026-01-25 22:31:19,271 - easytorch-training - INFO - Result <val>: [val_time: 22.51 (s), val_MAE: 13.6680, val_RMSE: 23.2968, val_MAPE: 11.1029]
2026-01-25 22:31:40,448 - easytorch-training - INFO - Evaluate best model on test data for horizon 1, Test MAE: 11.6489, Test RMSE: 19.1889, Test MAPE: 7.6785
2026-01-25 22:31:40,468 - easytorch-training - INFO - Evaluate best model on test data for horizon 2, Test MAE: 12.2125, Test RMSE: 20.4399, Test MAPE: 8.0789
2026-01-25 22:31:40,486 - easytorch-training - INFO - Evaluate best model on test data for horizon 3, Test MAE: 12.6276, Test RMSE: 21.4227, Test MAPE: 8.1942
2026-01-25 22:31:40,505 - easytorch-training - INFO - Evaluate best model on test data for horizon 4, Test MAE: 12.9960, Test RMSE: 22.2901, Test MAPE: 8.4182
2026-01-25 22:31:40,525 - easytorch-training - INFO - Evaluate best model on test data for horizon 5, Test MAE: 13.2900, Test RMSE: 22.9804, Test MAPE: 8.5698
2026-01-25 22:31:40,540 - easytorch-training - INFO - Evaluate best model on test data for horizon 6, Test MAE: 13.5375, Test RMSE: 23.5730, Test MAPE: 8.7407
2026-01-25 22:31:40,560 - easytorch-training - INFO - Evaluate best model on test data for horizon 7, Test MAE: 13.7936, Test RMSE: 24.0712, Test MAPE: 8.9269
2026-01-25 22:31:40,576 - easytorch-training - INFO - Evaluate best model on test data for horizon 8, Test MAE: 14.0475, Test RMSE: 24.5601, Test MAPE: 9.0466
2026-01-25 22:31:40,597 - easytorch-training - INFO - Evaluate best model on test data for horizon 9, Test MAE: 14.2596, Test RMSE: 24.9354, Test MAPE: 9.2382
2026-01-25 22:31:40,617 - easytorch-training - INFO - Evaluate best model on test data for horizon 10, Test MAE: 14.4388, Test RMSE: 25.2313, Test MAPE: 9.3936
2026-01-25 22:31:40,631 - easytorch-training - INFO - Evaluate best model on test data for horizon 11, Test MAE: 14.6282, Test RMSE: 25.5485, Test MAPE: 9.4730
2026-01-25 22:31:40,647 - easytorch-training - INFO - Evaluate best model on test data for horizon 12, Test MAE: 14.7702, Test RMSE: 25.7469, Test MAPE: 9.5799
2026-01-25 22:31:40,665 - easytorch-training - INFO - Result <test>: [test_time: 21.39 (s), test_MAE: 13.5209, test_RMSE: 23.4204, test_MAPE: 8.7782]
2026-01-25 22:31:41,085 - easytorch-training - INFO - Checkpoint checkpoints/STMAFNet_300/020df9ee7447a9cb965bf70236749dd4/STMAFNet_129.pt saved
2026-01-25 22:31:41,085 - easytorch-training - INFO - The estimated training finish time is 2026-01-26 08:36:00
2026-01-25 22:31:41,086 - easytorch-training - INFO - Epoch 130 / 300
2026-01-25 22:34:30,604 - easytorch-training - INFO - Result <train>: [train_time: 169.52 (s), lr: 6.25e-05, train_MAE: 12.4759, train_RMSE: 21.1310, train_MAPE: 8.3370]
2026-01-25 22:34:30,605 - easytorch-training - INFO - Start validation.
2026-01-25 22:34:53,118 - easytorch-training - INFO - Result <val>: [val_time: 22.51 (s), val_MAE: 13.6299, val_RMSE: 23.1433, val_MAPE: 10.7227]
2026-01-25 22:34:53,742 - easytorch-training - INFO - Checkpoint checkpoints/STMAFNet_300/020df9ee7447a9cb965bf70236749dd4/STMAFNet_best_val_MAE.pt saved
2026-01-25 22:35:14,798 - easytorch-training - INFO - Evaluate best model on test data for horizon 1, Test MAE: 11.6564, Test RMSE: 19.1323, Test MAPE: 7.8189
2026-01-25 22:35:14,812 - easytorch-training - INFO - Evaluate best model on test data for horizon 2, Test MAE: 12.1750, Test RMSE: 20.3637, Test MAPE: 8.0714
2026-01-25 22:35:14,829 - easytorch-training - INFO - Evaluate best model on test data for horizon 3, Test MAE: 12.6211, Test RMSE: 21.3585, Test MAPE: 8.3820
2026-01-25 22:35:14,850 - easytorch-training - INFO - Evaluate best model on test data for horizon 4, Test MAE: 12.9830, Test RMSE: 22.2113, Test MAPE: 8.4285
2026-01-25 22:35:14,870 - easytorch-training - INFO - Evaluate best model on test data for horizon 5, Test MAE: 13.2768, Test RMSE: 22.8946, Test MAPE: 8.6070
2026-01-25 22:35:14,882 - easytorch-training - INFO - Evaluate best model on test data for horizon 6, Test MAE: 13.5403, Test RMSE: 23.5136, Test MAPE: 8.7474
2026-01-25 22:35:14,890 - easytorch-training - INFO - Evaluate best model on test data for horizon 7, Test MAE: 13.7771, Test RMSE: 24.0285, Test MAPE: 8.8850
2026-01-25 22:35:14,904 - easytorch-training - INFO - Evaluate best model on test data for horizon 8, Test MAE: 14.0161, Test RMSE: 24.4935, Test MAPE: 9.0281
2026-01-25 22:35:14,924 - easytorch-training - INFO - Evaluate best model on test data for horizon 9, Test MAE: 14.2302, Test RMSE: 24.8678, Test MAPE: 9.1397
2026-01-25 22:35:14,945 - easytorch-training - INFO - Evaluate best model on test data for horizon 10, Test MAE: 14.3922, Test RMSE: 25.1693, Test MAPE: 9.2677
2026-01-25 22:35:14,966 - easytorch-training - INFO - Evaluate best model on test data for horizon 11, Test MAE: 14.5712, Test RMSE: 25.4622, Test MAPE: 9.4110
2026-01-25 22:35:14,986 - easytorch-training - INFO - Evaluate best model on test data for horizon 12, Test MAE: 14.7394, Test RMSE: 25.7007, Test MAPE: 9.5596
2026-01-25 22:35:15,008 - easytorch-training - INFO - Result <test>: [test_time: 21.26 (s), test_MAE: 13.4982, test_RMSE: 23.3548, test_MAPE: 8.7789]
2026-01-25 22:35:15,420 - easytorch-training - INFO - Checkpoint checkpoints/STMAFNet_300/020df9ee7447a9cb965bf70236749dd4/STMAFNet_130.pt saved
2026-01-25 22:35:15,461 - easytorch-training - INFO - The estimated training finish time is 2026-01-26 08:36:06
2026-01-25 22:35:15,461 - easytorch-training - INFO - Epoch 131 / 300
2026-01-25 22:38:04,937 - easytorch-training - INFO - Result <train>: [train_time: 169.48 (s), lr: 6.25e-05, train_MAE: 12.4756, train_RMSE: 21.1376, train_MAPE: 8.3380]
2026-01-25 22:38:04,939 - easytorch-training - INFO - Start validation.
2026-01-25 22:38:26,504 - easytorch-training - INFO - Result <val>: [val_time: 21.57 (s), val_MAE: 13.6493, val_RMSE: 23.2020, val_MAPE: 10.8210]
2026-01-25 22:38:47,283 - easytorch-training - INFO - Evaluate best model on test data for horizon 1, Test MAE: 11.6244, Test RMSE: 19.1374, Test MAPE: 7.7559
2026-01-25 22:38:47,298 - easytorch-training - INFO - Evaluate best model on test data for horizon 2, Test MAE: 12.1727, Test RMSE: 20.3769, Test MAPE: 8.0372
2026-01-25 22:38:47,316 - easytorch-training - INFO - Evaluate best model on test data for horizon 3, Test MAE: 12.6109, Test RMSE: 21.3889, Test MAPE: 8.1837
2026-01-25 22:38:47,337 - easytorch-training - INFO - Evaluate best model on test data for horizon 4, Test MAE: 12.9815, Test RMSE: 22.2573, Test MAPE: 8.4775
2026-01-25 22:38:47,357 - easytorch-training - INFO - Evaluate best model on test data for horizon 5, Test MAE: 13.2910, Test RMSE: 22.9674, Test MAPE: 8.6107
2026-01-25 22:38:47,378 - easytorch-training - INFO - Evaluate best model on test data for horizon 6, Test MAE: 13.5490, Test RMSE: 23.5700, Test MAPE: 8.7799
2026-01-25 22:38:47,399 - easytorch-training - INFO - Evaluate best model on test data for horizon 7, Test MAE: 13.8058, Test RMSE: 24.1024, Test MAPE: 8.9167
2026-01-25 22:38:47,419 - easytorch-training - INFO - Evaluate best model on test data for horizon 8, Test MAE: 14.0506, Test RMSE: 24.5857, Test MAPE: 9.0658
2026-01-25 22:38:47,440 - easytorch-training - INFO - Evaluate best model on test data for horizon 9, Test MAE: 14.2739, Test RMSE: 24.9674, Test MAPE: 9.2403
2026-01-25 22:38:47,459 - easytorch-training - INFO - Evaluate best model on test data for horizon 10, Test MAE: 14.4377, Test RMSE: 25.2728, Test MAPE: 9.3563
2026-01-25 22:38:47,472 - easytorch-training - INFO - Evaluate best model on test data for horizon 11, Test MAE: 14.6037, Test RMSE: 25.5355, Test MAPE: 9.4872
2026-01-25 22:38:47,487 - easytorch-training - INFO - Evaluate best model on test data for horizon 12, Test MAE: 14.7685, Test RMSE: 25.7787, Test MAPE: 9.6528
2026-01-25 22:38:47,509 - easytorch-training - INFO - Result <test>: [test_time: 21.00 (s), test_MAE: 13.5141, test_RMSE: 23.4191, test_MAPE: 8.7970]
2026-01-25 22:38:47,916 - easytorch-training - INFO - Checkpoint checkpoints/STMAFNet_300/020df9ee7447a9cb965bf70236749dd4/STMAFNet_131.pt saved
2026-01-25 22:38:47,916 - easytorch-training - INFO - The estimated training finish time is 2026-01-26 08:36:07
2026-01-25 22:38:47,917 - easytorch-training - INFO - Epoch 132 / 300
2026-01-25 22:41:37,307 - easytorch-training - INFO - Result <train>: [train_time: 169.39 (s), lr: 6.25e-05, train_MAE: 12.4658, train_RMSE: 21.1205, train_MAPE: 8.3267]
2026-01-25 22:41:37,308 - easytorch-training - INFO - Start validation.
2026-01-25 22:41:59,813 - easytorch-training - INFO - Result <val>: [val_time: 22.50 (s), val_MAE: 13.6559, val_RMSE: 23.1918, val_MAPE: 10.8593]
2026-01-25 22:42:20,731 - easytorch-training - INFO - Evaluate best model on test data for horizon 1, Test MAE: 11.6209, Test RMSE: 19.1354, Test MAPE: 7.6085
2026-01-25 22:42:20,749 - easytorch-training - INFO - Evaluate best model on test data for horizon 2, Test MAE: 12.1702, Test RMSE: 20.3561, Test MAPE: 7.9053
2026-01-25 22:42:20,763 - easytorch-training - INFO - Evaluate best model on test data for horizon 3, Test MAE: 12.6128, Test RMSE: 21.3398, Test MAPE: 8.1877
2026-01-25 22:42:20,774 - easytorch-training - INFO - Evaluate best model on test data for horizon 4, Test MAE: 12.9843, Test RMSE: 22.1963, Test MAPE: 8.3791
2026-01-25 22:42:20,791 - easytorch-training - INFO - Evaluate best model on test data for horizon 5, Test MAE: 13.2831, Test RMSE: 22.8721, Test MAPE: 8.6167
2026-01-25 22:42:20,805 - easytorch-training - INFO - Evaluate best model on test data for horizon 6, Test MAE: 13.5553, Test RMSE: 23.5118, Test MAPE: 8.7460
2026-01-25 22:42:20,820 - easytorch-training - INFO - Evaluate best model on test data for horizon 7, Test MAE: 13.8013, Test RMSE: 24.0493, Test MAPE: 8.9146
2026-01-25 22:42:20,838 - easytorch-training - INFO - Evaluate best model on test data for horizon 8, Test MAE: 14.0519, Test RMSE: 24.5369, Test MAPE: 9.1055
2026-01-25 22:42:20,859 - easytorch-training - INFO - Evaluate best model on test data for horizon 9, Test MAE: 14.2489, Test RMSE: 24.9086, Test MAPE: 9.2392
2026-01-25 22:42:20,874 - easytorch-training - INFO - Evaluate best model on test data for horizon 10, Test MAE: 14.4218, Test RMSE: 25.2214, Test MAPE: 9.3634
2026-01-25 22:42:20,889 - easytorch-training - INFO - Evaluate best model on test data for horizon 11, Test MAE: 14.5892, Test RMSE: 25.4873, Test MAPE: 9.5100
2026-01-25 22:42:20,907 - easytorch-training - INFO - Evaluate best model on test data for horizon 12, Test MAE: 14.7535, Test RMSE: 25.7321, Test MAPE: 9.6376
2026-01-25 22:42:20,931 - easytorch-training - INFO - Result <test>: [test_time: 21.12 (s), test_MAE: 13.5078, test_RMSE: 23.3689, test_MAPE: 8.7678]
2026-01-25 22:42:21,337 - easytorch-training - INFO - Checkpoint checkpoints/STMAFNet_300/020df9ee7447a9cb965bf70236749dd4/STMAFNet_132.pt saved
2026-01-25 22:42:21,338 - easytorch-training - INFO - The estimated training finish time is 2026-01-26 08:36:10
2026-01-25 22:42:21,338 - easytorch-training - INFO - Epoch 133 / 300
2026-01-25 22:45:11,090 - easytorch-training - INFO - Result <train>: [train_time: 169.75 (s), lr: 6.25e-05, train_MAE: 12.4624, train_RMSE: 21.1029, train_MAPE: 8.3233]
2026-01-25 22:45:11,092 - easytorch-training - INFO - Start validation.
2026-01-25 22:45:32,982 - easytorch-training - INFO - Result <val>: [val_time: 21.89 (s), val_MAE: 13.7162, val_RMSE: 23.3457, val_MAPE: 11.4030]
2026-01-25 22:45:53,124 - easytorch-training - INFO - Evaluate best model on test data for horizon 1, Test MAE: 11.6289, Test RMSE: 19.1717, Test MAPE: 7.6598
2026-01-25 22:45:53,133 - easytorch-training - INFO - Evaluate best model on test data for horizon 2, Test MAE: 12.1967, Test RMSE: 20.4294, Test MAPE: 8.1159
2026-01-25 22:45:53,147 - easytorch-training - INFO - Evaluate best model on test data for horizon 3, Test MAE: 12.6286, Test RMSE: 21.4346, Test MAPE: 8.2435
2026-01-25 22:45:53,161 - easytorch-training - INFO - Evaluate best model on test data for horizon 4, Test MAE: 12.9891, Test RMSE: 22.2969, Test MAPE: 8.4529
2026-01-25 22:45:53,175 - easytorch-training - INFO - Evaluate best model on test data for horizon 5, Test MAE: 13.3139, Test RMSE: 22.9994, Test MAPE: 8.7131
2026-01-25 22:45:53,196 - easytorch-training - INFO - Evaluate best model on test data for horizon 6, Test MAE: 13.5653, Test RMSE: 23.5854, Test MAPE: 8.8102
2026-01-25 22:45:53,216 - easytorch-training - INFO - Evaluate best model on test data for horizon 7, Test MAE: 13.8239, Test RMSE: 24.0870, Test MAPE: 8.9859
2026-01-25 22:45:53,234 - easytorch-training - INFO - Evaluate best model on test data for horizon 8, Test MAE: 14.0701, Test RMSE: 24.5314, Test MAPE: 9.1604
2026-01-25 22:45:53,248 - easytorch-training - INFO - Evaluate best model on test data for horizon 9, Test MAE: 14.2531, Test RMSE: 24.8571, Test MAPE: 9.2929
2026-01-25 22:45:53,265 - easytorch-training - INFO - Evaluate best model on test data for horizon 10, Test MAE: 14.4543, Test RMSE: 25.1931, Test MAPE: 9.4235
2026-01-25 22:45:53,279 - easytorch-training - INFO - Evaluate best model on test data for horizon 11, Test MAE: 14.6341, Test RMSE: 25.4414, Test MAPE: 9.6329
2026-01-25 22:45:53,295 - easytorch-training - INFO - Evaluate best model on test data for horizon 12, Test MAE: 14.8001, Test RMSE: 25.7150, Test MAPE: 9.7187
2026-01-25 22:45:53,319 - easytorch-training - INFO - Result <test>: [test_time: 20.34 (s), test_MAE: 13.5299, test_RMSE: 23.3984, test_MAPE: 8.8508]
2026-01-25 22:45:53,726 - easytorch-training - INFO - Checkpoint checkpoints/STMAFNet_300/020df9ee7447a9cb965bf70236749dd4/STMAFNet_133.pt saved
2026-01-25 22:45:53,727 - easytorch-training - INFO - The estimated training finish time is 2026-01-26 08:36:10
2026-01-25 22:45:53,727 - easytorch-training - INFO - Epoch 134 / 300
2026-01-25 22:48:43,972 - easytorch-training - INFO - Result <train>: [train_time: 170.24 (s), lr: 6.25e-05, train_MAE: 12.4538, train_RMSE: 21.0939, train_MAPE: 8.3245]
2026-01-25 22:48:43,973 - easytorch-training - INFO - Start validation.
2026-01-25 22:49:05,593 - easytorch-training - INFO - Result <val>: [val_time: 21.62 (s), val_MAE: 13.6959, val_RMSE: 23.2589, val_MAPE: 11.1139]
2026-01-25 22:49:25,258 - easytorch-training - INFO - Evaluate best model on test data for horizon 1, Test MAE: 11.6611, Test RMSE: 19.1662, Test MAPE: 7.7947
2026-01-25 22:49:25,278 - easytorch-training - INFO - Evaluate best model on test data for horizon 2, Test MAE: 12.2364, Test RMSE: 20.4114, Test MAPE: 8.2176
2026-01-25 22:49:25,298 - easytorch-training - INFO - Evaluate best model on test data for horizon 3, Test MAE: 12.6755, Test RMSE: 21.3940, Test MAPE: 8.4987
2026-01-25 22:49:25,308 - easytorch-training - INFO - Evaluate best model on test data for horizon 4, Test MAE: 13.0253, Test RMSE: 22.2776, Test MAPE: 8.6163
2026-01-25 22:49:25,320 - easytorch-training - INFO - Evaluate best model on test data for horizon 5, Test MAE: 13.3367, Test RMSE: 22.9880, Test MAPE: 8.8853
2026-01-25 22:49:25,341 - easytorch-training - INFO - Evaluate best model on test data for horizon 6, Test MAE: 13.5990, Test RMSE: 23.6291, Test MAPE: 8.9716
2026-01-25 22:49:25,362 - easytorch-training - INFO - Evaluate best model on test data for horizon 7, Test MAE: 13.8768, Test RMSE: 24.2162, Test MAPE: 9.1157
2026-01-25 22:49:25,377 - easytorch-training - INFO - Evaluate best model on test data for horizon 8, Test MAE: 14.1344, Test RMSE: 24.7291, Test MAPE: 9.2625
2026-01-25 22:49:25,398 - easytorch-training - INFO - Evaluate best model on test data for horizon 9, Test MAE: 14.3341, Test RMSE: 25.1085, Test MAPE: 9.3461
2026-01-25 22:49:25,414 - easytorch-training - INFO - Evaluate best model on test data for horizon 10, Test MAE: 14.5163, Test RMSE: 25.4284, Test MAPE: 9.5013
2026-01-25 22:49:25,429 - easytorch-training - INFO - Evaluate best model on test data for horizon 11, Test MAE: 14.6975, Test RMSE: 25.6951, Test MAPE: 9.6446
2026-01-25 22:49:25,443 - easytorch-training - INFO - Evaluate best model on test data for horizon 12, Test MAE: 14.8743, Test RMSE: 25.9355, Test MAPE: 9.7943
2026-01-25 22:49:25,463 - easytorch-training - INFO - Result <test>: [test_time: 19.87 (s), test_MAE: 13.5806, test_RMSE: 23.5100, test_MAPE: 8.9707]
2026-01-25 22:49:25,872 - easytorch-training - INFO - Checkpoint checkpoints/STMAFNet_300/020df9ee7447a9cb965bf70236749dd4/STMAFNet_134.pt saved
2026-01-25 22:49:25,873 - easytorch-training - INFO - The estimated training finish time is 2026-01-26 08:36:10
2026-01-25 22:49:25,873 - easytorch-training - INFO - Epoch 135 / 300
2026-01-25 22:52:16,087 - easytorch-training - INFO - Result <train>: [train_time: 170.21 (s), lr: 6.25e-05, train_MAE: 12.4492, train_RMSE: 21.0830, train_MAPE: 8.3210]
2026-01-25 22:52:16,088 - easytorch-training - INFO - Start validation.
2026-01-25 22:52:37,291 - easytorch-training - INFO - Result <val>: [val_time: 21.20 (s), val_MAE: 13.6646, val_RMSE: 23.2640, val_MAPE: 10.9582]
2026-01-25 22:52:57,982 - easytorch-training - INFO - Evaluate best model on test data for horizon 1, Test MAE: 11.6156, Test RMSE: 19.1756, Test MAPE: 7.6400
2026-01-25 22:52:58,002 - easytorch-training - INFO - Evaluate best model on test data for horizon 2, Test MAE: 12.1734, Test RMSE: 20.4214, Test MAPE: 7.9205
2026-01-25 22:52:58,023 - easytorch-training - INFO - Evaluate best model on test data for horizon 3, Test MAE: 12.6201, Test RMSE: 21.4321, Test MAPE: 8.1622
2026-01-25 22:52:58,043 - easytorch-training - INFO - Evaluate best model on test data for horizon 4, Test MAE: 12.9856, Test RMSE: 22.2975, Test MAPE: 8.3937
2026-01-25 22:52:58,059 - easytorch-training - INFO - Evaluate best model on test data for horizon 5, Test MAE: 13.2785, Test RMSE: 22.9985, Test MAPE: 8.6011
2026-01-25 22:52:58,079 - easytorch-training - INFO - Evaluate best model on test data for horizon 6, Test MAE: 13.5532, Test RMSE: 23.6042, Test MAPE: 8.7510
2026-01-25 22:52:58,095 - easytorch-training - INFO - Evaluate best model on test data for horizon 7, Test MAE: 13.8086, Test RMSE: 24.1468, Test MAPE: 8.9245
2026-01-25 22:52:58,116 - easytorch-training - INFO - Evaluate best model on test data for horizon 8, Test MAE: 14.0493, Test RMSE: 24.6173, Test MAPE: 9.0727
2026-01-25 22:52:58,131 - easytorch-training - INFO - Evaluate best model on test data for horizon 9, Test MAE: 14.2710, Test RMSE: 24.9922, Test MAPE: 9.2701
2026-01-25 22:52:58,152 - easytorch-training - INFO - Evaluate best model on test data for horizon 10, Test MAE: 14.4198, Test RMSE: 25.2831, Test MAPE: 9.3364
2026-01-25 22:52:58,169 - easytorch-training - INFO - Evaluate best model on test data for horizon 11, Test MAE: 14.6038, Test RMSE: 25.5690, Test MAPE: 9.5585
2026-01-25 22:52:58,183 - easytorch-training - INFO - Evaluate best model on test data for horizon 12, Test MAE: 14.7587, Test RMSE: 25.7872, Test MAPE: 9.5997
2026-01-25 22:52:58,207 - easytorch-training - INFO - Result <test>: [test_time: 20.91 (s), test_MAE: 13.5115, test_RMSE: 23.4503, test_MAPE: 8.7692]
2026-01-25 22:52:58,614 - easytorch-training - INFO - Checkpoint checkpoints/STMAFNet_300/020df9ee7447a9cb965bf70236749dd4/STMAFNet_135.pt saved
2026-01-25 22:52:58,615 - easytorch-training - INFO - The estimated training finish time is 2026-01-26 08:36:12
2026-01-25 22:52:58,615 - easytorch-training - INFO - Epoch 136 / 300
2026-01-25 22:55:48,599 - easytorch-training - INFO - Result <train>: [train_time: 169.98 (s), lr: 6.25e-05, train_MAE: 12.4453, train_RMSE: 21.0743, train_MAPE: 8.3206]
2026-01-25 22:55:48,600 - easytorch-training - INFO - Start validation.
2026-01-25 22:56:10,588 - easytorch-training - INFO - Result <val>: [val_time: 21.99 (s), val_MAE: 13.6851, val_RMSE: 23.2744, val_MAPE: 11.2110]
2026-01-25 22:56:31,563 - easytorch-training - INFO - Evaluate best model on test data for horizon 1, Test MAE: 11.6572, Test RMSE: 19.1700, Test MAPE: 7.9404
2026-01-25 22:56:31,584 - easytorch-training - INFO - Evaluate best model on test data for horizon 2, Test MAE: 12.2118, Test RMSE: 20.4132, Test MAPE: 8.1469
2026-01-25 22:56:31,605 - easytorch-training - INFO - Evaluate best model on test data for horizon 3, Test MAE: 12.6384, Test RMSE: 21.4351, Test MAPE: 8.3530
2026-01-25 22:56:31,624 - easytorch-training - INFO - Evaluate best model on test data for horizon 4, Test MAE: 12.9977, Test RMSE: 22.2830, Test MAPE: 8.6247
2026-01-25 22:56:31,638 - easytorch-training - INFO - Evaluate best model on test data for horizon 5, Test MAE: 13.2950, Test RMSE: 22.9646, Test MAPE: 8.7310
2026-01-25 22:56:31,654 - easytorch-training - INFO - Evaluate best model on test data for horizon 6, Test MAE: 13.5530, Test RMSE: 23.5721, Test MAPE: 8.8228
2026-01-25 22:56:31,671 - easytorch-training - INFO - Evaluate best model on test data for horizon 7, Test MAE: 13.8296, Test RMSE: 24.1039, Test MAPE: 9.1777
2026-01-25 22:56:31,680 - easytorch-training - INFO - Evaluate best model on test data for horizon 8, Test MAE: 14.0482, Test RMSE: 24.5748, Test MAPE: 9.1807
2026-01-25 22:56:31,699 - easytorch-training - INFO - Evaluate best model on test data for horizon 9, Test MAE: 14.2559, Test RMSE: 24.9359, Test MAPE: 9.2764
2026-01-25 22:56:31,719 - easytorch-training - INFO - Evaluate best model on test data for horizon 10, Test MAE: 14.4148, Test RMSE: 25.2552, Test MAPE: 9.3896
2026-01-25 22:56:31,740 - easytorch-training - INFO - Evaluate best model on test data for horizon 11, Test MAE: 14.6023, Test RMSE: 25.5521, Test MAPE: 9.5153
2026-01-25 22:56:31,761 - easytorch-training - INFO - Evaluate best model on test data for horizon 12, Test MAE: 14.7740, Test RMSE: 25.7791, Test MAPE: 9.6556
2026-01-25 22:56:31,785 - easytorch-training - INFO - Result <test>: [test_time: 21.19 (s), test_MAE: 13.5232, test_RMSE: 23.4258, test_MAPE: 8.9012]
2026-01-25 22:56:32,218 - easytorch-training - INFO - Checkpoint checkpoints/STMAFNet_300/020df9ee7447a9cb965bf70236749dd4/STMAFNet_136.pt saved
2026-01-25 22:56:32,219 - easytorch-training - INFO - The estimated training finish time is 2026-01-26 08:36:15
2026-01-25 22:56:32,219 - easytorch-training - INFO - Epoch 137 / 300
2026-01-25 22:59:21,926 - easytorch-training - INFO - Result <train>: [train_time: 169.71 (s), lr: 6.25e-05, train_MAE: 12.4351, train_RMSE: 21.0612, train_MAPE: 8.3138]
2026-01-25 22:59:21,927 - easytorch-training - INFO - Start validation.
2026-01-25 22:59:44,016 - easytorch-training - INFO - Result <val>: [val_time: 22.09 (s), val_MAE: 13.6413, val_RMSE: 23.1929, val_MAPE: 10.7224]
2026-01-25 23:00:05,192 - easytorch-training - INFO - Evaluate best model on test data for horizon 1, Test MAE: 11.6401, Test RMSE: 19.1893, Test MAPE: 7.6073
2026-01-25 23:00:05,208 - easytorch-training - INFO - Evaluate best model on test data for horizon 2, Test MAE: 12.1915, Test RMSE: 20.4406, Test MAPE: 7.9024
2026-01-25 23:00:05,222 - easytorch-training - INFO - Evaluate best model on test data for horizon 3, Test MAE: 12.6433, Test RMSE: 21.4607, Test MAPE: 8.1902
2026-01-25 23:00:05,242 - easytorch-training - INFO - Evaluate best model on test data for horizon 4, Test MAE: 12.9963, Test RMSE: 22.2902, Test MAPE: 8.4038
2026-01-25 23:00:05,258 - easytorch-training - INFO - Evaluate best model on test data for horizon 5, Test MAE: 13.2954, Test RMSE: 22.9404, Test MAPE: 8.5940
2026-01-25 23:00:05,279 - easytorch-training - INFO - Evaluate best model on test data for horizon 6, Test MAE: 13.5548, Test RMSE: 23.5203, Test MAPE: 8.7952
2026-01-25 23:00:05,297 - easytorch-training - INFO - Evaluate best model on test data for horizon 7, Test MAE: 13.8066, Test RMSE: 24.0252, Test MAPE: 8.9171
2026-01-25 23:00:05,315 - easytorch-training - INFO - Evaluate best model on test data for horizon 8, Test MAE: 14.0523, Test RMSE: 24.4837, Test MAPE: 9.0667
2026-01-25 23:00:05,336 - easytorch-training - INFO - Evaluate best model on test data for horizon 9, Test MAE: 14.2643, Test RMSE: 24.8399, Test MAPE: 9.2253
2026-01-25 23:00:05,357 - easytorch-training - INFO - Evaluate best model on test data for horizon 10, Test MAE: 14.4291, Test RMSE: 25.1598, Test MAPE: 9.3209
2026-01-25 23:00:05,376 - easytorch-training - INFO - Evaluate best model on test data for horizon 11, Test MAE: 14.6093, Test RMSE: 25.4416, Test MAPE: 9.4928
2026-01-25 23:00:05,390 - easytorch-training - INFO - Evaluate best model on test data for horizon 12, Test MAE: 14.7944, Test RMSE: 25.7057, Test MAPE: 9.6381
2026-01-25 23:00:05,405 - easytorch-training - INFO - Result <test>: [test_time: 21.39 (s), test_MAE: 13.5231, test_RMSE: 23.3768, test_MAPE: 8.7628]
2026-01-25 23:00:05,813 - easytorch-training - INFO - Checkpoint checkpoints/STMAFNet_300/020df9ee7447a9cb965bf70236749dd4/STMAFNet_137.pt saved
2026-01-25 23:00:05,814 - easytorch-training - INFO - The estimated training finish time is 2026-01-26 08:36:19
2026-01-25 23:00:05,814 - easytorch-training - INFO - Epoch 138 / 300
2026-01-25 23:02:55,243 - easytorch-training - INFO - Result <train>: [train_time: 169.43 (s), lr: 6.25e-05, train_MAE: 12.4319, train_RMSE: 21.0592, train_MAPE: 8.3116]
2026-01-25 23:02:55,245 - easytorch-training - INFO - Start validation.
2026-01-25 23:03:16,947 - easytorch-training - INFO - Result <val>: [val_time: 21.70 (s), val_MAE: 13.6902, val_RMSE: 23.3301, val_MAPE: 11.1529]
2026-01-25 23:03:37,021 - easytorch-training - INFO - Evaluate best model on test data for horizon 1, Test MAE: 11.6444, Test RMSE: 19.2030, Test MAPE: 7.8097
2026-01-25 23:03:37,042 - easytorch-training - INFO - Evaluate best model on test data for horizon 2, Test MAE: 12.2071, Test RMSE: 20.4316, Test MAPE: 8.1583
2026-01-25 23:03:37,059 - easytorch-training - INFO - Evaluate best model on test data for horizon 3, Test MAE: 12.6182, Test RMSE: 21.4137, Test MAPE: 8.2287
2026-01-25 23:03:37,074 - easytorch-training - INFO - Evaluate best model on test data for horizon 4, Test MAE: 12.9803, Test RMSE: 22.2737, Test MAPE: 8.4084
2026-01-25 23:03:37,087 - easytorch-training - INFO - Evaluate best model on test data for horizon 5, Test MAE: 13.3028, Test RMSE: 23.0022, Test MAPE: 8.7730
2026-01-25 23:03:37,102 - easytorch-training - INFO - Evaluate best model on test data for horizon 6, Test MAE: 13.5556, Test RMSE: 23.6284, Test MAPE: 8.7456
2026-01-25 23:03:37,120 - easytorch-training - INFO - Evaluate best model on test data for horizon 7, Test MAE: 13.8075, Test RMSE: 24.1656, Test MAPE: 8.9374
2026-01-25 23:03:37,141 - easytorch-training - INFO - Evaluate best model on test data for horizon 8, Test MAE: 14.0695, Test RMSE: 24.6951, Test MAPE: 9.1204
2026-01-25 23:03:37,161 - easytorch-training - INFO - Evaluate best model on test data for horizon 9, Test MAE: 14.2775, Test RMSE: 25.0490, Test MAPE: 9.2356
2026-01-25 23:03:37,182 - easytorch-training - INFO - Evaluate best model on test data for horizon 10, Test MAE: 14.4370, Test RMSE: 25.3666, Test MAPE: 9.3247
2026-01-25 23:03:37,202 - easytorch-training - INFO - Evaluate best model on test data for horizon 11, Test MAE: 14.6202, Test RMSE: 25.6238, Test MAPE: 9.5101
2026-01-25 23:03:37,217 - easytorch-training - INFO - Evaluate best model on test data for horizon 12, Test MAE: 14.7829, Test RMSE: 25.8857, Test MAPE: 9.6212
2026-01-25 23:03:37,235 - easytorch-training - INFO - Result <test>: [test_time: 20.29 (s), test_MAE: 13.5253, test_RMSE: 23.4870, test_MAPE: 8.8228]
2026-01-25 23:03:37,643 - easytorch-training - INFO - Checkpoint checkpoints/STMAFNet_300/020df9ee7447a9cb965bf70236749dd4/STMAFNet_138.pt saved
2026-01-25 23:03:37,644 - easytorch-training - INFO - The estimated training finish time is 2026-01-26 08:36:18
2026-01-25 23:03:37,644 - easytorch-training - INFO - Epoch 139 / 300
2026-01-25 23:06:27,270 - easytorch-training - INFO - Result <train>: [train_time: 169.63 (s), lr: 6.25e-05, train_MAE: 12.4274, train_RMSE: 21.0438, train_MAPE: 8.3015]
2026-01-25 23:06:27,272 - easytorch-training - INFO - Start validation.
2026-01-25 23:06:48,894 - easytorch-training - INFO - Result <val>: [val_time: 21.62 (s), val_MAE: 13.6614, val_RMSE: 23.2470, val_MAPE: 10.9934]
2026-01-25 23:07:09,538 - easytorch-training - INFO - Evaluate best model on test data for horizon 1, Test MAE: 11.6279, Test RMSE: 19.1620, Test MAPE: 7.6006
2026-01-25 23:07:09,559 - easytorch-training - INFO - Evaluate best model on test data for horizon 2, Test MAE: 12.1755, Test RMSE: 20.3892, Test MAPE: 7.9148
2026-01-25 23:07:09,577 - easytorch-training - INFO - Evaluate best model on test data for horizon 3, Test MAE: 12.6103, Test RMSE: 21.3827, Test MAPE: 8.1464
2026-01-25 23:07:09,592 - easytorch-training - INFO - Evaluate best model on test data for horizon 4, Test MAE: 12.9643, Test RMSE: 22.2292, Test MAPE: 8.3588
2026-01-25 23:07:09,608 - easytorch-training - INFO - Evaluate best model on test data for horizon 5, Test MAE: 13.2789, Test RMSE: 22.9184, Test MAPE: 8.5755
2026-01-25 23:07:09,629 - easytorch-training - INFO - Evaluate best model on test data for horizon 6, Test MAE: 13.5598, Test RMSE: 23.5244, Test MAPE: 8.7786
2026-01-25 23:07:09,650 - easytorch-training - INFO - Evaluate best model on test data for horizon 7, Test MAE: 13.8261, Test RMSE: 24.0565, Test MAPE: 9.0147
2026-01-25 23:07:09,662 - easytorch-training - INFO - Evaluate best model on test data for horizon 8, Test MAE: 14.0545, Test RMSE: 24.5265, Test MAPE: 9.2205
2026-01-25 23:07:09,674 - easytorch-training - INFO - Evaluate best model on test data for horizon 9, Test MAE: 14.2616, Test RMSE: 24.9094, Test MAPE: 9.3442
2026-01-25 23:07:09,694 - easytorch-training - INFO - Evaluate best model on test data for horizon 10, Test MAE: 14.4172, Test RMSE: 25.2060, Test MAPE: 9.4193
2026-01-25 23:07:09,715 - easytorch-training - INFO - Evaluate best model on test data for horizon 11, Test MAE: 14.5927, Test RMSE: 25.4802, Test MAPE: 9.4722
2026-01-25 23:07:09,735 - easytorch-training - INFO - Evaluate best model on test data for horizon 12, Test MAE: 14.7578, Test RMSE: 25.7115, Test MAPE: 9.6111
2026-01-25 23:07:09,759 - easytorch-training - INFO - Result <test>: [test_time: 20.86 (s), test_MAE: 13.5106, test_RMSE: 23.3797, test_MAPE: 8.7881]
2026-01-25 23:07:10,168 - easytorch-training - INFO - Checkpoint checkpoints/STMAFNet_300/020df9ee7447a9cb965bf70236749dd4/STMAFNet_139.pt saved
2026-01-25 23:07:10,169 - easytorch-training - INFO - The estimated training finish time is 2026-01-26 08:36:19
2026-01-25 23:07:10,169 - easytorch-training - INFO - Epoch 140 / 300
2026-01-25 23:09:59,817 - easytorch-training - INFO - Result <train>: [train_time: 169.65 (s), lr: 6.25e-05, train_MAE: 12.4189, train_RMSE: 21.0365, train_MAPE: 8.3009]
2026-01-25 23:09:59,819 - easytorch-training - INFO - Start validation.
2026-01-25 23:10:21,956 - easytorch-training - INFO - Result <val>: [val_time: 22.14 (s), val_MAE: 13.6919, val_RMSE: 23.3190, val_MAPE: 11.1191]
2026-01-25 23:10:43,176 - easytorch-training - INFO - Evaluate best model on test data for horizon 1, Test MAE: 11.6134, Test RMSE: 19.1667, Test MAPE: 7.5981
2026-01-25 23:10:43,197 - easytorch-training - INFO - Evaluate best model on test data for horizon 2, Test MAE: 12.1905, Test RMSE: 20.4611, Test MAPE: 7.9524
2026-01-25 23:10:43,218 - easytorch-training - INFO - Evaluate best model on test data for horizon 3, Test MAE: 12.6210, Test RMSE: 21.4563, Test MAPE: 8.2031
2026-01-25 23:10:43,235 - easytorch-training - INFO - Evaluate best model on test data for horizon 4, Test MAE: 13.0064, Test RMSE: 22.3402, Test MAPE: 8.4268
2026-01-25 23:10:43,250 - easytorch-training - INFO - Evaluate best model on test data for horizon 5, Test MAE: 13.3262, Test RMSE: 23.0344, Test MAPE: 8.6225
2026-01-25 23:10:43,268 - easytorch-training - INFO - Evaluate best model on test data for horizon 6, Test MAE: 13.5891, Test RMSE: 23.6100, Test MAPE: 8.8093
2026-01-25 23:10:43,289 - easytorch-training - INFO - Evaluate best model on test data for horizon 7, Test MAE: 13.8525, Test RMSE: 24.1316, Test MAPE: 9.0047
2026-01-25 23:10:43,304 - easytorch-training - INFO - Evaluate best model on test data for horizon 8, Test MAE: 14.0946, Test RMSE: 24.5723, Test MAPE: 9.1731
2026-01-25 23:10:43,318 - easytorch-training - INFO - Evaluate best model on test data for horizon 9, Test MAE: 14.2687, Test RMSE: 24.9191, Test MAPE: 9.2424
2026-01-25 23:10:43,338 - easytorch-training - INFO - Evaluate best model on test data for horizon 10, Test MAE: 14.4431, Test RMSE: 25.2371, Test MAPE: 9.3837
2026-01-25 23:10:43,354 - easytorch-training - INFO - Evaluate best model on test data for horizon 11, Test MAE: 14.6129, Test RMSE: 25.5194, Test MAPE: 9.5197
2026-01-25 23:10:43,375 - easytorch-training - INFO - Evaluate best model on test data for horizon 12, Test MAE: 14.7896, Test RMSE: 25.7962, Test MAPE: 9.6356
2026-01-25 23:10:43,399 - easytorch-training - INFO - Result <test>: [test_time: 21.44 (s), test_MAE: 13.5340, test_RMSE: 23.4417, test_MAPE: 8.7976]
2026-01-25 23:10:43,806 - easytorch-training - INFO - Checkpoint checkpoints/STMAFNet_300/020df9ee7447a9cb965bf70236749dd4/STMAFNet_140.pt saved
2026-01-25 23:10:43,857 - easytorch-training - INFO - The estimated training finish time is 2026-01-26 08:36:22
2026-01-25 23:10:43,858 - easytorch-training - INFO - Epoch 141 / 300
2026-01-25 23:13:33,301 - easytorch-training - INFO - Result <train>: [train_time: 169.44 (s), lr: 6.25e-05, train_MAE: 12.4152, train_RMSE: 21.0222, train_MAPE: 8.3080]
2026-01-25 23:13:33,303 - easytorch-training - INFO - Start validation.
2026-01-25 23:13:55,790 - easytorch-training - INFO - Result <val>: [val_time: 22.49 (s), val_MAE: 13.6702, val_RMSE: 23.2610, val_MAPE: 11.0471]
2026-01-25 23:14:16,638 - easytorch-training - INFO - Evaluate best model on test data for horizon 1, Test MAE: 11.6148, Test RMSE: 19.1581, Test MAPE: 7.6211
2026-01-25 23:14:16,657 - easytorch-training - INFO - Evaluate best model on test data for horizon 2, Test MAE: 12.1738, Test RMSE: 20.4141, Test MAPE: 7.9327
2026-01-25 23:14:16,671 - easytorch-training - INFO - Evaluate best model on test data for horizon 3, Test MAE: 12.6215, Test RMSE: 21.4153, Test MAPE: 8.1501
2026-01-25 23:14:16,686 - easytorch-training - INFO - Evaluate best model on test data for horizon 4, Test MAE: 12.9815, Test RMSE: 22.2429, Test MAPE: 8.4279
2026-01-25 23:14:16,706 - easytorch-training - INFO - Evaluate best model on test data for horizon 5, Test MAE: 13.2830, Test RMSE: 22.9139, Test MAPE: 8.5827
2026-01-25 23:14:16,727 - easytorch-training - INFO - Evaluate best model on test data for horizon 6, Test MAE: 13.5241, Test RMSE: 23.4692, Test MAPE: 8.7350
2026-01-25 23:14:16,745 - easytorch-training - INFO - Evaluate best model on test data for horizon 7, Test MAE: 13.7688, Test RMSE: 23.9755, Test MAPE: 8.9031
2026-01-25 23:14:16,763 - easytorch-training - INFO - Evaluate best model on test data for horizon 8, Test MAE: 14.0130, Test RMSE: 24.4587, Test MAPE: 9.0153
2026-01-25 23:14:16,783 - easytorch-training - INFO - Evaluate best model on test data for horizon 9, Test MAE: 14.2055, Test RMSE: 24.7810, Test MAPE: 9.1579
2026-01-25 23:14:16,793 - easytorch-training - INFO - Evaluate best model on test data for horizon 10, Test MAE: 14.3744, Test RMSE: 25.0969, Test MAPE: 9.2643
2026-01-25 23:14:16,808 - easytorch-training - INFO - Evaluate best model on test data for horizon 11, Test MAE: 14.5564, Test RMSE: 25.3809, Test MAPE: 9.4501
2026-01-25 23:14:16,826 - easytorch-training - INFO - Evaluate best model on test data for horizon 12, Test MAE: 14.7304, Test RMSE: 25.6387, Test MAPE: 9.5288
2026-01-25 23:14:16,850 - easytorch-training - INFO - Result <test>: [test_time: 21.06 (s), test_MAE: 13.4873, test_RMSE: 23.3301, test_MAPE: 8.7307]
2026-01-25 23:14:17,259 - easytorch-training - INFO - Checkpoint checkpoints/STMAFNet_300/020df9ee7447a9cb965bf70236749dd4/STMAFNet_141.pt saved
2026-01-25 23:14:17,260 - easytorch-training - INFO - The estimated training finish time is 2026-01-26 08:36:25
2026-01-25 23:14:17,260 - easytorch-training - INFO - Epoch 142 / 300
2026-01-25 23:17:06,550 - easytorch-training - INFO - Result <train>: [train_time: 169.29 (s), lr: 6.25e-05, train_MAE: 12.4056, train_RMSE: 21.0212, train_MAPE: 8.3028]
2026-01-25 23:17:06,551 - easytorch-training - INFO - Start validation.
2026-01-25 23:17:28,290 - easytorch-training - INFO - Result <val>: [val_time: 21.74 (s), val_MAE: 13.6800, val_RMSE: 23.2821, val_MAPE: 11.1378]
2026-01-25 23:17:49,257 - easytorch-training - INFO - Evaluate best model on test data for horizon 1, Test MAE: 11.6390, Test RMSE: 19.1733, Test MAPE: 7.6615
2026-01-25 23:17:49,274 - easytorch-training - INFO - Evaluate best model on test data for horizon 2, Test MAE: 12.1834, Test RMSE: 20.4237, Test MAPE: 7.9754
2026-01-25 23:17:49,292 - easytorch-training - INFO - Evaluate best model on test data for horizon 3, Test MAE: 12.6299, Test RMSE: 21.4246, Test MAPE: 8.2793
2026-01-25 23:17:49,307 - easytorch-training - INFO - Evaluate best model on test data for horizon 4, Test MAE: 12.9834, Test RMSE: 22.2449, Test MAPE: 8.4878
2026-01-25 23:17:49,323 - easytorch-training - INFO - Evaluate best model on test data for horizon 5, Test MAE: 13.3113, Test RMSE: 22.9294, Test MAPE: 8.7681
2026-01-25 23:17:49,340 - easytorch-training - INFO - Evaluate best model on test data for horizon 6, Test MAE: 13.5533, Test RMSE: 23.5427, Test MAPE: 8.8546
2026-01-25 23:17:49,354 - easytorch-training - INFO - Evaluate best model on test data for horizon 7, Test MAE: 13.8387, Test RMSE: 24.1113, Test MAPE: 9.1482
2026-01-25 23:17:49,373 - easytorch-training - INFO - Evaluate best model on test data for horizon 8, Test MAE: 14.0798, Test RMSE: 24.6011, Test MAPE: 9.2809
2026-01-25 23:17:49,390 - easytorch-training - INFO - Evaluate best model on test data for horizon 9, Test MAE: 14.2689, Test RMSE: 24.9844, Test MAPE: 9.3437
2026-01-25 23:17:49,404 - easytorch-training - INFO - Evaluate best model on test data for horizon 10, Test MAE: 14.4381, Test RMSE: 25.2998, Test MAPE: 9.4873
2026-01-25 23:17:49,423 - easytorch-training - INFO - Evaluate best model on test data for horizon 11, Test MAE: 14.6229, Test RMSE: 25.5755, Test MAPE: 9.6249
2026-01-25 23:17:49,444 - easytorch-training - INFO - Evaluate best model on test data for horizon 12, Test MAE: 14.8073, Test RMSE: 25.8257, Test MAPE: 9.8228
2026-01-25 23:17:49,467 - easytorch-training - INFO - Result <test>: [test_time: 21.18 (s), test_MAE: 13.5297, test_RMSE: 23.4353, test_MAPE: 8.8945]
2026-01-25 23:17:49,877 - easytorch-training - INFO - Checkpoint checkpoints/STMAFNet_300/020df9ee7447a9cb965bf70236749dd4/STMAFNet_142.pt saved
2026-01-25 23:17:49,878 - easytorch-training - INFO - The estimated training finish time is 2026-01-26 08:36:26
2026-01-25 23:17:49,878 - easytorch-training - INFO - Epoch 143 / 300
2026-01-25 23:20:39,194 - easytorch-training - INFO - Result <train>: [train_time: 169.32 (s), lr: 6.25e-05, train_MAE: 12.4077, train_RMSE: 21.0100, train_MAPE: 8.2928]
2026-01-25 23:20:39,196 - easytorch-training - INFO - Start validation.
2026-01-25 23:21:01,653 - easytorch-training - INFO - Result <val>: [val_time: 22.46 (s), val_MAE: 13.6427, val_RMSE: 23.1990, val_MAPE: 10.9374]
2026-01-25 23:21:22,839 - easytorch-training - INFO - Evaluate best model on test data for horizon 1, Test MAE: 11.6326, Test RMSE: 19.1473, Test MAPE: 7.6686
2026-01-25 23:21:22,860 - easytorch-training - INFO - Evaluate best model on test data for horizon 2, Test MAE: 12.1801, Test RMSE: 20.3937, Test MAPE: 7.9672
2026-01-25 23:21:22,881 - easytorch-training - INFO - Evaluate best model on test data for horizon 3, Test MAE: 12.6192, Test RMSE: 21.3951, Test MAPE: 8.2952
2026-01-25 23:21:22,901 - easytorch-training - INFO - Evaluate best model on test data for horizon 4, Test MAE: 12.9759, Test RMSE: 22.2539, Test MAPE: 8.4303
2026-01-25 23:21:22,922 - easytorch-training - INFO - Evaluate best model on test data for horizon 5, Test MAE: 13.2880, Test RMSE: 22.9869, Test MAPE: 8.6380
2026-01-25 23:21:22,931 - easytorch-training - INFO - Evaluate best model on test data for horizon 6, Test MAE: 13.5613, Test RMSE: 23.6167, Test MAPE: 8.8524
2026-01-25 23:21:22,945 - easytorch-training - INFO - Evaluate best model on test data for horizon 7, Test MAE: 13.8091, Test RMSE: 24.1271, Test MAPE: 8.9910
2026-01-25 23:21:22,966 - easytorch-training - INFO - Evaluate best model on test data for horizon 8, Test MAE: 14.0454, Test RMSE: 24.5705, Test MAPE: 9.1173
2026-01-25 23:21:22,987 - easytorch-training - INFO - Evaluate best model on test data for horizon 9, Test MAE: 14.2551, Test RMSE: 24.9066, Test MAPE: 9.3856
2026-01-25 23:21:23,002 - easytorch-training - INFO - Evaluate best model on test data for horizon 10, Test MAE: 14.4154, Test RMSE: 25.2244, Test MAPE: 9.3834
2026-01-25 23:21:23,023 - easytorch-training - INFO - Evaluate best model on test data for horizon 11, Test MAE: 14.5861, Test RMSE: 25.5104, Test MAPE: 9.5109
2026-01-25 23:21:23,044 - easytorch-training - INFO - Evaluate best model on test data for horizon 12, Test MAE: 14.7593, Test RMSE: 25.7493, Test MAPE: 9.6226
2026-01-25 23:21:23,062 - easytorch-training - INFO - Result <test>: [test_time: 21.41 (s), test_MAE: 13.5106, test_RMSE: 23.4128, test_MAPE: 8.8219]
2026-01-25 23:21:23,472 - easytorch-training - INFO - Checkpoint checkpoints/STMAFNet_300/020df9ee7447a9cb965bf70236749dd4/STMAFNet_143.pt saved
2026-01-25 23:21:23,473 - easytorch-training - INFO - The estimated training finish time is 2026-01-26 08:36:29
2026-01-25 23:21:23,473 - easytorch-training - INFO - Epoch 144 / 300
2026-01-25 23:24:12,764 - easytorch-training - INFO - Result <train>: [train_time: 169.29 (s), lr: 6.25e-05, train_MAE: 12.3974, train_RMSE: 21.0019, train_MAPE: 8.2918]
2026-01-25 23:24:12,765 - easytorch-training - INFO - Start validation.
2026-01-25 23:24:35,254 - easytorch-training - INFO - Result <val>: [val_time: 22.49 (s), val_MAE: 13.6631, val_RMSE: 23.2189, val_MAPE: 10.9035]
2026-01-25 23:24:55,922 - easytorch-training - INFO - Evaluate best model on test data for horizon 1, Test MAE: 11.6224, Test RMSE: 19.1694, Test MAPE: 7.6324
2026-01-25 23:24:55,938 - easytorch-training - INFO - Evaluate best model on test data for horizon 2, Test MAE: 12.1895, Test RMSE: 20.4255, Test MAPE: 8.0263
2026-01-25 23:24:55,952 - easytorch-training - INFO - Evaluate best model on test data for horizon 3, Test MAE: 12.6310, Test RMSE: 21.4440, Test MAPE: 8.2487
2026-01-25 23:24:55,964 - easytorch-training - INFO - Evaluate best model on test data for horizon 4, Test MAE: 13.0052, Test RMSE: 22.3228, Test MAPE: 8.3975
2026-01-25 23:24:55,985 - easytorch-training - INFO - Evaluate best model on test data for horizon 5, Test MAE: 13.3286, Test RMSE: 23.0389, Test MAPE: 8.6604
2026-01-25 23:24:56,005 - easytorch-training - INFO - Evaluate best model on test data for horizon 6, Test MAE: 13.5814, Test RMSE: 23.6074, Test MAPE: 8.8051
2026-01-25 23:24:56,019 - easytorch-training - INFO - Evaluate best model on test data for horizon 7, Test MAE: 13.8442, Test RMSE: 24.1261, Test MAPE: 8.9955
2026-01-25 23:24:56,034 - easytorch-training - INFO - Evaluate best model on test data for horizon 8, Test MAE: 14.0731, Test RMSE: 24.5707, Test MAPE: 9.1194
2026-01-25 23:24:56,054 - easytorch-training - INFO - Evaluate best model on test data for horizon 9, Test MAE: 14.2823, Test RMSE: 24.9455, Test MAPE: 9.2365
2026-01-25 23:24:56,070 - easytorch-training - INFO - Evaluate best model on test data for horizon 10, Test MAE: 14.4482, Test RMSE: 25.2293, Test MAPE: 9.3688
2026-01-25 23:24:56,085 - easytorch-training - INFO - Evaluate best model on test data for horizon 11, Test MAE: 14.6361, Test RMSE: 25.5102, Test MAPE: 9.5396
2026-01-25 23:24:56,105 - easytorch-training - INFO - Evaluate best model on test data for horizon 12, Test MAE: 14.7749, Test RMSE: 25.7150, Test MAPE: 9.6273
2026-01-25 23:24:56,129 - easytorch-training - INFO - Result <test>: [test_time: 20.87 (s), test_MAE: 13.5347, test_RMSE: 23.4299, test_MAPE: 8.8048]
2026-01-25 23:24:56,536 - easytorch-training - INFO - Checkpoint checkpoints/STMAFNet_300/020df9ee7447a9cb965bf70236749dd4/STMAFNet_144.pt saved
2026-01-25 23:24:56,537 - easytorch-training - INFO - The estimated training finish time is 2026-01-26 08:36:31
2026-01-25 23:24:56,537 - easytorch-training - INFO - Epoch 145 / 300
2026-01-25 23:27:46,375 - easytorch-training - INFO - Result <train>: [train_time: 169.84 (s), lr: 6.25e-05, train_MAE: 12.3962, train_RMSE: 21.0013, train_MAPE: 8.2802]
2026-01-25 23:27:46,377 - easytorch-training - INFO - Start validation.
2026-01-25 23:28:07,907 - easytorch-training - INFO - Result <val>: [val_time: 21.53 (s), val_MAE: 13.6685, val_RMSE: 23.2819, val_MAPE: 10.7107]
2026-01-25 23:28:27,931 - easytorch-training - INFO - Evaluate best model on test data for horizon 1, Test MAE: 11.6433, Test RMSE: 19.1819, Test MAPE: 7.6699
2026-01-25 23:28:27,952 - easytorch-training - INFO - Evaluate best model on test data for horizon 2, Test MAE: 12.2038, Test RMSE: 20.4354, Test MAPE: 7.9269
2026-01-25 23:28:27,973 - easytorch-training - INFO - Evaluate best model on test data for horizon 3, Test MAE: 12.6513, Test RMSE: 21.4606, Test MAPE: 8.1833
2026-01-25 23:28:27,993 - easytorch-training - INFO - Evaluate best model on test data for horizon 4, Test MAE: 13.0224, Test RMSE: 22.3367, Test MAPE: 8.4022
2026-01-25 23:28:28,012 - easytorch-training - INFO - Evaluate best model on test data for horizon 5, Test MAE: 13.3308, Test RMSE: 23.0123, Test MAPE: 8.6093
2026-01-25 23:28:28,027 - easytorch-training - INFO - Evaluate best model on test data for horizon 6, Test MAE: 13.5954, Test RMSE: 23.6289, Test MAPE: 8.8077
2026-01-25 23:28:28,035 - easytorch-training - INFO - Evaluate best model on test data for horizon 7, Test MAE: 13.8585, Test RMSE: 24.1818, Test MAPE: 8.9425
2026-01-25 23:28:28,047 - easytorch-training - INFO - Evaluate best model on test data for horizon 8, Test MAE: 14.0965, Test RMSE: 24.6854, Test MAPE: 9.1048
2026-01-25 23:28:28,061 - easytorch-training - INFO - Evaluate best model on test data for horizon 9, Test MAE: 14.3044, Test RMSE: 25.0844, Test MAPE: 9.2450
2026-01-25 23:28:28,082 - easytorch-training - INFO - Evaluate best model on test data for horizon 10, Test MAE: 14.4708, Test RMSE: 25.4142, Test MAPE: 9.3612
2026-01-25 23:28:28,103 - easytorch-training - INFO - Evaluate best model on test data for horizon 11, Test MAE: 14.6643, Test RMSE: 25.7037, Test MAPE: 9.5105
2026-01-25 23:28:28,123 - easytorch-training - INFO - Evaluate best model on test data for horizon 12, Test MAE: 14.8219, Test RMSE: 25.9406, Test MAPE: 9.6653
2026-01-25 23:28:28,145 - easytorch-training - INFO - Result <test>: [test_time: 20.24 (s), test_MAE: 13.5553, test_RMSE: 23.5155, test_MAPE: 8.7857]
2026-01-25 23:28:28,557 - easytorch-training - INFO - Checkpoint checkpoints/STMAFNet_300/020df9ee7447a9cb965bf70236749dd4/STMAFNet_145.pt saved
2026-01-25 23:28:28,558 - easytorch-training - INFO - The estimated training finish time is 2026-01-26 08:36:31
2026-01-25 23:28:28,558 - easytorch-training - INFO - Epoch 146 / 300
2026-01-25 23:31:17,841 - easytorch-training - INFO - Result <train>: [train_time: 169.28 (s), lr: 6.25e-05, train_MAE: 12.3919, train_RMSE: 20.9979, train_MAPE: 8.2814]
2026-01-25 23:31:17,843 - easytorch-training - INFO - Start validation.
2026-01-25 23:31:39,612 - easytorch-training - INFO - Result <val>: [val_time: 21.77 (s), val_MAE: 13.6764, val_RMSE: 23.2721, val_MAPE: 11.2124]
2026-01-25 23:32:00,508 - easytorch-training - INFO - Evaluate best model on test data for horizon 1, Test MAE: 11.6358, Test RMSE: 19.1795, Test MAPE: 7.6613
2026-01-25 23:32:00,529 - easytorch-training - INFO - Evaluate best model on test data for horizon 2, Test MAE: 12.2008, Test RMSE: 20.4296, Test MAPE: 8.0725
2026-01-25 23:32:00,549 - easytorch-training - INFO - Evaluate best model on test data for horizon 3, Test MAE: 12.6400, Test RMSE: 21.4349, Test MAPE: 8.3104
2026-01-25 23:32:00,570 - easytorch-training - INFO - Evaluate best model on test data for horizon 4, Test MAE: 12.9866, Test RMSE: 22.2683, Test MAPE: 8.4845
2026-01-25 23:32:00,591 - easytorch-training - INFO - Evaluate best model on test data for horizon 5, Test MAE: 13.3091, Test RMSE: 22.9990, Test MAPE: 8.7284
2026-01-25 23:32:00,604 - easytorch-training - INFO - Evaluate best model on test data for horizon 6, Test MAE: 13.5767, Test RMSE: 23.5955, Test MAPE: 8.8969
2026-01-25 23:32:00,612 - easytorch-training - INFO - Evaluate best model on test data for horizon 7, Test MAE: 13.8174, Test RMSE: 24.1419, Test MAPE: 9.0084
2026-01-25 23:32:00,624 - easytorch-training - INFO - Evaluate best model on test data for horizon 8, Test MAE: 14.0638, Test RMSE: 24.6022, Test MAPE: 9.1956
2026-01-25 23:32:00,645 - easytorch-training - INFO - Evaluate best model on test data for horizon 9, Test MAE: 14.2716, Test RMSE: 24.9849, Test MAPE: 9.4049
2026-01-25 23:32:00,660 - easytorch-training - INFO - Evaluate best model on test data for horizon 10, Test MAE: 14.4327, Test RMSE: 25.2918, Test MAPE: 9.4034
2026-01-25 23:32:00,681 - easytorch-training - INFO - Evaluate best model on test data for horizon 11, Test MAE: 14.6157, Test RMSE: 25.5713, Test MAPE: 9.5769
2026-01-25 23:32:00,702 - easytorch-training - INFO - Evaluate best model on test data for horizon 12, Test MAE: 14.7758, Test RMSE: 25.8053, Test MAPE: 9.7553
2026-01-25 23:32:00,725 - easytorch-training - INFO - Result <test>: [test_time: 21.11 (s), test_MAE: 13.5272, test_RMSE: 23.4487, test_MAPE: 8.8749]
2026-01-25 23:32:01,132 - easytorch-training - INFO - Checkpoint checkpoints/STMAFNet_300/020df9ee7447a9cb965bf70236749dd4/STMAFNet_146.pt saved
2026-01-25 23:32:01,133 - easytorch-training - INFO - The estimated training finish time is 2026-01-26 08:36:32
2026-01-25 23:32:01,133 - easytorch-training - INFO - Epoch 147 / 300
2026-01-25 23:34:50,860 - easytorch-training - INFO - Result <train>: [train_time: 169.73 (s), lr: 6.25e-05, train_MAE: 12.3814, train_RMSE: 20.9762, train_MAPE: 8.2739]
2026-01-25 23:34:50,862 - easytorch-training - INFO - Start validation.
2026-01-25 23:35:13,190 - easytorch-training - INFO - Result <val>: [val_time: 22.33 (s), val_MAE: 13.6971, val_RMSE: 23.3357, val_MAPE: 11.0774]
2026-01-25 23:35:33,709 - easytorch-training - INFO - Evaluate best model on test data for horizon 1, Test MAE: 11.6542, Test RMSE: 19.2106, Test MAPE: 7.6877
2026-01-25 23:35:33,723 - easytorch-training - INFO - Evaluate best model on test data for horizon 2, Test MAE: 12.2170, Test RMSE: 20.4997, Test MAPE: 7.9846
2026-01-25 23:35:33,727 - easytorch-training - INFO - Evaluate best model on test data for horizon 3, Test MAE: 12.6915, Test RMSE: 21.5246, Test MAPE: 8.4258
2026-01-25 23:35:33,731 - easytorch-training - INFO - Evaluate best model on test data for horizon 4, Test MAE: 13.0419, Test RMSE: 22.4263, Test MAPE: 8.4930
2026-01-25 23:35:33,749 - easytorch-training - INFO - Evaluate best model on test data for horizon 5, Test MAE: 13.3544, Test RMSE: 23.1199, Test MAPE: 8.6735
2026-01-25 23:35:33,770 - easytorch-training - INFO - Evaluate best model on test data for horizon 6, Test MAE: 13.6229, Test RMSE: 23.7285, Test MAPE: 8.8305
2026-01-25 23:35:33,791 - easytorch-training - INFO - Evaluate best model on test data for horizon 7, Test MAE: 13.8570, Test RMSE: 24.2335, Test MAPE: 8.9582
2026-01-25 23:35:33,811 - easytorch-training - INFO - Evaluate best model on test data for horizon 8, Test MAE: 14.1210, Test RMSE: 24.7211, Test MAPE: 9.1665
2026-01-25 23:35:33,832 - easytorch-training - INFO - Evaluate best model on test data for horizon 9, Test MAE: 14.3023, Test RMSE: 25.0682, Test MAPE: 9.2871
2026-01-25 23:35:33,851 - easytorch-training - INFO - Evaluate best model on test data for horizon 10, Test MAE: 14.4732, Test RMSE: 25.4038, Test MAPE: 9.3948
2026-01-25 23:35:33,865 - easytorch-training - INFO - Evaluate best model on test data for horizon 11, Test MAE: 14.6645, Test RMSE: 25.7037, Test MAPE: 9.5248
2026-01-25 23:35:33,884 - easytorch-training - INFO - Evaluate best model on test data for horizon 12, Test MAE: 14.8438, Test RMSE: 25.9604, Test MAPE: 9.6755
2026-01-25 23:35:33,907 - easytorch-training - INFO - Result <test>: [test_time: 20.72 (s), test_MAE: 13.5703, test_RMSE: 23.5582, test_MAPE: 8.8418]
2026-01-25 23:35:34,316 - easytorch-training - INFO - Checkpoint checkpoints/STMAFNet_300/020df9ee7447a9cb965bf70236749dd4/STMAFNet_147.pt saved
2026-01-25 23:35:34,317 - easytorch-training - INFO - The estimated training finish time is 2026-01-26 08:36:34
2026-01-25 23:35:34,317 - easytorch-training - INFO - Epoch 148 / 300
2026-01-25 23:38:24,597 - easytorch-training - INFO - Result <train>: [train_time: 170.28 (s), lr: 6.25e-05, train_MAE: 12.3742, train_RMSE: 20.9645, train_MAPE: 8.2910]
2026-01-25 23:38:24,599 - easytorch-training - INFO - Start validation.
2026-01-25 23:38:46,481 - easytorch-training - INFO - Result <val>: [val_time: 21.88 (s), val_MAE: 13.6629, val_RMSE: 23.2883, val_MAPE: 10.9141]
2026-01-25 23:39:07,252 - easytorch-training - INFO - Evaluate best model on test data for horizon 1, Test MAE: 11.6252, Test RMSE: 19.1950, Test MAPE: 7.5760
2026-01-25 23:39:07,270 - easytorch-training - INFO - Evaluate best model on test data for horizon 2, Test MAE: 12.1977, Test RMSE: 20.4790, Test MAPE: 7.8953
2026-01-25 23:39:07,285 - easytorch-training - INFO - Evaluate best model on test data for horizon 3, Test MAE: 12.6586, Test RMSE: 21.4837, Test MAPE: 8.1659
2026-01-25 23:39:07,303 - easytorch-training - INFO - Evaluate best model on test data for horizon 4, Test MAE: 13.0119, Test RMSE: 22.3263, Test MAPE: 8.3851
2026-01-25 23:39:07,324 - easytorch-training - INFO - Evaluate best model on test data for horizon 5, Test MAE: 13.3193, Test RMSE: 23.0502, Test MAPE: 8.6022
2026-01-25 23:39:07,339 - easytorch-training - INFO - Evaluate best model on test data for horizon 6, Test MAE: 13.6023, Test RMSE: 23.6940, Test MAPE: 8.7631
2026-01-25 23:39:07,356 - easytorch-training - INFO - Evaluate best model on test data for horizon 7, Test MAE: 13.8318, Test RMSE: 24.1905, Test MAPE: 8.9421
2026-01-25 23:39:07,376 - easytorch-training - INFO - Evaluate best model on test data for horizon 8, Test MAE: 14.0705, Test RMSE: 24.6595, Test MAPE: 9.0578
2026-01-25 23:39:07,397 - easytorch-training - INFO - Evaluate best model on test data for horizon 9, Test MAE: 14.2865, Test RMSE: 25.0370, Test MAPE: 9.2094
2026-01-25 23:39:07,416 - easytorch-training - INFO - Evaluate best model on test data for horizon 10, Test MAE: 14.4621, Test RMSE: 25.3957, Test MAPE: 9.3226
2026-01-25 23:39:07,433 - easytorch-training - INFO - Evaluate best model on test data for horizon 11, Test MAE: 14.6417, Test RMSE: 25.6712, Test MAPE: 9.4913
2026-01-25 23:39:07,454 - easytorch-training - INFO - Evaluate best model on test data for horizon 12, Test MAE: 14.8072, Test RMSE: 25.9294, Test MAPE: 9.6082
2026-01-25 23:39:07,473 - easytorch-training - INFO - Result <test>: [test_time: 20.99 (s), test_MAE: 13.5429, test_RMSE: 23.5177, test_MAPE: 8.7516]
2026-01-25 23:39:07,878 - easytorch-training - INFO - Checkpoint checkpoints/STMAFNet_300/020df9ee7447a9cb965bf70236749dd4/STMAFNet_148.pt saved
2026-01-25 23:39:07,879 - easytorch-training - INFO - The estimated training finish time is 2026-01-26 08:36:37
2026-01-25 23:39:07,879 - easytorch-training - INFO - Epoch 149 / 300
2026-01-25 23:41:58,229 - easytorch-training - INFO - Result <train>: [train_time: 170.35 (s), lr: 6.25e-05, train_MAE: 12.3711, train_RMSE: 20.9611, train_MAPE: 8.2748]
2026-01-25 23:41:58,230 - easytorch-training - INFO - Start validation.
2026-01-25 23:42:19,143 - easytorch-training - INFO - Result <val>: [val_time: 20.91 (s), val_MAE: 13.6397, val_RMSE: 23.2501, val_MAPE: 11.1399]
2026-01-25 23:42:39,392 - easytorch-training - INFO - Evaluate best model on test data for horizon 1, Test MAE: 11.6188, Test RMSE: 19.1569, Test MAPE: 7.7299
2026-01-25 23:42:39,410 - easytorch-training - INFO - Evaluate best model on test data for horizon 2, Test MAE: 12.1617, Test RMSE: 20.4077, Test MAPE: 7.9719
2026-01-25 23:42:39,431 - easytorch-training - INFO - Evaluate best model on test data for horizon 3, Test MAE: 12.6022, Test RMSE: 21.4113, Test MAPE: 8.1967
2026-01-25 23:42:39,451 - easytorch-training - INFO - Evaluate best model on test data for horizon 4, Test MAE: 12.9652, Test RMSE: 22.2750, Test MAPE: 8.4252
2026-01-25 23:42:39,466 - easytorch-training - INFO - Evaluate best model on test data for horizon 5, Test MAE: 13.2612, Test RMSE: 22.9582, Test MAPE: 8.6129
2026-01-25 23:42:39,480 - easytorch-training - INFO - Evaluate best model on test data for horizon 6, Test MAE: 13.5210, Test RMSE: 23.5426, Test MAPE: 8.7877
2026-01-25 23:42:39,494 - easytorch-training - INFO - Evaluate best model on test data for horizon 7, Test MAE: 13.7830, Test RMSE: 24.1084, Test MAPE: 8.9422
2026-01-25 23:42:39,504 - easytorch-training - INFO - Evaluate best model on test data for horizon 8, Test MAE: 14.0186, Test RMSE: 24.5685, Test MAPE: 9.0989
2026-01-25 23:42:39,518 - easytorch-training - INFO - Evaluate best model on test data for horizon 9, Test MAE: 14.2160, Test RMSE: 24.9182, Test MAPE: 9.3365
2026-01-25 23:42:39,539 - easytorch-training - INFO - Evaluate best model on test data for horizon 10, Test MAE: 14.3994, Test RMSE: 25.2794, Test MAPE: 9.3415
2026-01-25 23:42:39,559 - easytorch-training - INFO - Evaluate best model on test data for horizon 11, Test MAE: 14.5977, Test RMSE: 25.6021, Test MAPE: 9.4990
2026-01-25 23:42:39,580 - easytorch-training - INFO - Evaluate best model on test data for horizon 12, Test MAE: 14.7712, Test RMSE: 25.8442, Test MAPE: 9.6382
2026-01-25 23:42:39,604 - easytorch-training - INFO - Result <test>: [test_time: 20.46 (s), test_MAE: 13.4930, test_RMSE: 23.4300, test_MAPE: 8.7984]
2026-01-25 23:42:40,018 - easytorch-training - INFO - Checkpoint checkpoints/STMAFNet_300/020df9ee7447a9cb965bf70236749dd4/STMAFNet_149.pt saved
2026-01-25 23:42:40,019 - easytorch-training - INFO - The estimated training finish time is 2026-01-26 08:36:37
2026-01-25 23:42:40,019 - easytorch-training - INFO - Epoch 150 / 300
2026-01-25 23:45:29,753 - easytorch-training - INFO - Result <train>: [train_time: 169.73 (s), lr: 6.25e-05, train_MAE: 12.3688, train_RMSE: 20.9429, train_MAPE: 8.2679]
2026-01-25 23:45:29,755 - easytorch-training - INFO - Start validation.
2026-01-25 23:45:51,654 - easytorch-training - INFO - Result <val>: [val_time: 21.90 (s), val_MAE: 13.6602, val_RMSE: 23.2976, val_MAPE: 11.0807]
2026-01-25 23:46:12,181 - easytorch-training - INFO - Evaluate best model on test data for horizon 1, Test MAE: 11.6150, Test RMSE: 19.1806, Test MAPE: 7.5712
2026-01-25 23:46:12,202 - easytorch-training - INFO - Evaluate best model on test data for horizon 2, Test MAE: 12.1543, Test RMSE: 20.4056, Test MAPE: 7.8863
2026-01-25 23:46:12,223 - easytorch-training - INFO - Evaluate best model on test data for horizon 3, Test MAE: 12.5988, Test RMSE: 21.4004, Test MAPE: 8.1187
2026-01-25 23:46:12,243 - easytorch-training - INFO - Evaluate best model on test data for horizon 4, Test MAE: 12.9631, Test RMSE: 22.2510, Test MAPE: 8.3420
2026-01-25 23:46:12,264 - easytorch-training - INFO - Evaluate best model on test data for horizon 5, Test MAE: 13.2803, Test RMSE: 22.9459, Test MAPE: 8.5625
2026-01-25 23:46:12,279 - easytorch-training - INFO - Evaluate best model on test data for horizon 6, Test MAE: 13.5313, Test RMSE: 23.5153, Test MAPE: 8.7631
2026-01-25 23:46:12,290 - easytorch-training - INFO - Evaluate best model on test data for horizon 7, Test MAE: 13.7882, Test RMSE: 24.0755, Test MAPE: 8.8757
2026-01-25 23:46:12,303 - easytorch-training - INFO - Evaluate best model on test data for horizon 8, Test MAE: 14.0399, Test RMSE: 24.5731, Test MAPE: 9.0587
2026-01-25 23:46:12,321 - easytorch-training - INFO - Evaluate best model on test data for horizon 9, Test MAE: 14.2395, Test RMSE: 24.9632, Test MAPE: 9.1818
2026-01-25 23:46:12,339 - easytorch-training - INFO - Evaluate best model on test data for horizon 10, Test MAE: 14.4323, Test RMSE: 25.3166, Test MAPE: 9.3010
2026-01-25 23:46:12,360 - easytorch-training - INFO - Evaluate best model on test data for horizon 11, Test MAE: 14.6130, Test RMSE: 25.6272, Test MAPE: 9.4372
2026-01-25 23:46:12,380 - easytorch-training - INFO - Evaluate best model on test data for horizon 12, Test MAE: 14.7566, Test RMSE: 25.8481, Test MAPE: 9.5598
2026-01-25 23:46:12,404 - easytorch-training - INFO - Result <test>: [test_time: 20.75 (s), test_MAE: 13.5010, test_RMSE: 23.4330, test_MAPE: 8.7215]
2026-01-25 23:46:12,815 - easytorch-training - INFO - Checkpoint checkpoints/STMAFNet_300/020df9ee7447a9cb965bf70236749dd4/STMAFNet_150.pt saved
2026-01-25 23:46:12,850 - easytorch-training - INFO - The estimated training finish time is 2026-01-26 08:36:38
2026-01-25 23:46:12,850 - easytorch-training - INFO - Epoch 151 / 300
2026-01-25 23:49:03,071 - easytorch-training - INFO - Result <train>: [train_time: 170.22 (s), lr: 6.25e-05, train_MAE: 12.3667, train_RMSE: 20.9512, train_MAPE: 8.2692]
2026-01-25 23:49:03,072 - easytorch-training - INFO - Start validation.
2026-01-25 23:49:24,749 - easytorch-training - INFO - Result <val>: [val_time: 21.68 (s), val_MAE: 13.6841, val_RMSE: 23.2926, val_MAPE: 11.2080]
2026-01-25 23:49:45,658 - easytorch-training - INFO - Evaluate best model on test data for horizon 1, Test MAE: 11.6349, Test RMSE: 19.1421, Test MAPE: 7.7427
2026-01-25 23:49:45,679 - easytorch-training - INFO - Evaluate best model on test data for horizon 2, Test MAE: 12.1781, Test RMSE: 20.3832, Test MAPE: 7.9360
2026-01-25 23:49:45,699 - easytorch-training - INFO - Evaluate best model on test data for horizon 3, Test MAE: 12.6275, Test RMSE: 21.3783, Test MAPE: 8.2920
2026-01-25 23:49:45,720 - easytorch-training - INFO - Evaluate best model on test data for horizon 4, Test MAE: 12.9856, Test RMSE: 22.2277, Test MAPE: 8.4927
2026-01-25 23:49:45,741 - easytorch-training - INFO - Evaluate best model on test data for horizon 5, Test MAE: 13.2919, Test RMSE: 22.9216, Test MAPE: 8.6911
2026-01-25 23:49:45,761 - easytorch-training - INFO - Evaluate best model on test data for horizon 6, Test MAE: 13.5587, Test RMSE: 23.5338, Test MAPE: 8.7688
2026-01-25 23:49:45,776 - easytorch-training - INFO - Evaluate best model on test data for horizon 7, Test MAE: 13.8047, Test RMSE: 24.0745, Test MAPE: 8.9216
2026-01-25 23:49:45,786 - easytorch-training - INFO - Evaluate best model on test data for horizon 8, Test MAE: 14.0544, Test RMSE: 24.5779, Test MAPE: 9.1866
2026-01-25 23:49:45,796 - easytorch-training - INFO - Evaluate best model on test data for horizon 9, Test MAE: 14.2741, Test RMSE: 24.9728, Test MAPE: 9.3397
2026-01-25 23:49:45,812 - easytorch-training - INFO - Evaluate best model on test data for horizon 10, Test MAE: 14.4391, Test RMSE: 25.3133, Test MAPE: 9.4612
2026-01-25 23:49:45,833 - easytorch-training - INFO - Evaluate best model on test data for horizon 11, Test MAE: 14.5989, Test RMSE: 25.5688, Test MAPE: 9.6111
2026-01-25 23:49:45,853 - easytorch-training - INFO - Evaluate best model on test data for horizon 12, Test MAE: 14.7661, Test RMSE: 25.8053, Test MAPE: 9.6388
2026-01-25 23:49:45,877 - easytorch-training - INFO - Result <test>: [test_time: 21.13 (s), test_MAE: 13.5178, test_RMSE: 23.4165, test_MAPE: 8.8402]
2026-01-25 23:49:46,310 - easytorch-training - INFO - Checkpoint checkpoints/STMAFNet_300/020df9ee7447a9cb965bf70236749dd4/STMAFNet_151.pt saved
2026-01-25 23:49:46,311 - easytorch-training - INFO - The estimated training finish time is 2026-01-26 08:36:40
2026-01-25 23:49:46,311 - easytorch-training - INFO - Epoch 152 / 300
2026-01-25 23:52:35,714 - easytorch-training - INFO - Result <train>: [train_time: 169.40 (s), lr: 6.25e-05, train_MAE: 12.3584, train_RMSE: 20.9389, train_MAPE: 8.2692]
2026-01-25 23:52:35,716 - easytorch-training - INFO - Start validation.
2026-01-25 23:52:57,923 - easytorch-training - INFO - Result <val>: [val_time: 22.21 (s), val_MAE: 13.6679, val_RMSE: 23.2937, val_MAPE: 10.9397]
2026-01-25 23:53:18,183 - easytorch-training - INFO - Evaluate best model on test data for horizon 1, Test MAE: 11.6281, Test RMSE: 19.2069, Test MAPE: 7.5787
2026-01-25 23:53:18,199 - easytorch-training - INFO - Evaluate best model on test data for horizon 2, Test MAE: 12.1844, Test RMSE: 20.4675, Test MAPE: 7.9344
2026-01-25 23:53:18,214 - easytorch-training - INFO - Evaluate best model on test data for horizon 3, Test MAE: 12.6515, Test RMSE: 21.5133, Test MAPE: 8.2083
2026-01-25 23:53:18,229 - easytorch-training - INFO - Evaluate best model on test data for horizon 4, Test MAE: 13.0131, Test RMSE: 22.3855, Test MAPE: 8.4109
2026-01-25 23:53:18,243 - easytorch-training - INFO - Evaluate best model on test data for horizon 5, Test MAE: 13.3174, Test RMSE: 23.0586, Test MAPE: 8.6037
2026-01-25 23:53:18,262 - easytorch-training - INFO - Evaluate best model on test data for horizon 6, Test MAE: 13.5716, Test RMSE: 23.6515, Test MAPE: 8.7578
2026-01-25 23:53:18,282 - easytorch-training - INFO - Evaluate best model on test data for horizon 7, Test MAE: 13.8186, Test RMSE: 24.1694, Test MAPE: 8.9140
2026-01-25 23:53:18,303 - easytorch-training - INFO - Evaluate best model on test data for horizon 8, Test MAE: 14.0542, Test RMSE: 24.6329, Test MAPE: 9.0571
2026-01-25 23:53:18,324 - easytorch-training - INFO - Evaluate best model on test data for horizon 9, Test MAE: 14.2455, Test RMSE: 24.9828, Test MAPE: 9.1769
2026-01-25 23:53:18,338 - easytorch-training - INFO - Evaluate best model on test data for horizon 10, Test MAE: 14.4161, Test RMSE: 25.2980, Test MAPE: 9.3034
2026-01-25 23:53:18,349 - easytorch-training - INFO - Evaluate best model on test data for horizon 11, Test MAE: 14.6066, Test RMSE: 25.5660, Test MAPE: 9.4907
2026-01-25 23:53:18,363 - easytorch-training - INFO - Evaluate best model on test data for horizon 12, Test MAE: 14.7739, Test RMSE: 25.8183, Test MAPE: 9.5977
2026-01-25 23:53:18,381 - easytorch-training - INFO - Result <test>: [test_time: 20.46 (s), test_MAE: 13.5234, test_RMSE: 23.4843, test_MAPE: 8.7528]
2026-01-25 23:53:18,790 - easytorch-training - INFO - Checkpoint checkpoints/STMAFNet_300/020df9ee7447a9cb965bf70236749dd4/STMAFNet_152.pt saved
2026-01-25 23:53:18,791 - easytorch-training - INFO - The estimated training finish time is 2026-01-26 08:36:41
2026-01-25 23:53:18,791 - easytorch-training - INFO - Epoch 153 / 300
2026-01-25 23:56:06,694 - easytorch-training - INFO - Result <train>: [train_time: 167.90 (s), lr: 6.25e-05, train_MAE: 12.3490, train_RMSE: 20.9190, train_MAPE: 8.2691]
2026-01-25 23:56:06,695 - easytorch-training - INFO - Start validation.
2026-01-25 23:56:27,931 - easytorch-training - INFO - Result <val>: [val_time: 21.24 (s), val_MAE: 13.6743, val_RMSE: 23.2951, val_MAPE: 10.8974]
2026-01-25 23:56:48,771 - easytorch-training - INFO - Evaluate best model on test data for horizon 1, Test MAE: 11.6312, Test RMSE: 19.1913, Test MAPE: 7.5867
2026-01-25 23:56:48,787 - easytorch-training - INFO - Evaluate best model on test data for horizon 2, Test MAE: 12.1926, Test RMSE: 20.4478, Test MAPE: 7.8719
2026-01-25 23:56:48,807 - easytorch-training - INFO - Evaluate best model on test data for horizon 3, Test MAE: 12.6399, Test RMSE: 21.4456, Test MAPE: 8.1531
2026-01-25 23:56:48,826 - easytorch-training - INFO - Evaluate best model on test data for horizon 4, Test MAE: 13.0064, Test RMSE: 22.2863, Test MAPE: 8.4054
2026-01-25 23:56:48,841 - easytorch-training - INFO - Evaluate best model on test data for horizon 5, Test MAE: 13.2984, Test RMSE: 22.9724, Test MAPE: 8.5758
2026-01-25 23:56:48,857 - easytorch-training - INFO - Evaluate best model on test data for horizon 6, Test MAE: 13.5773, Test RMSE: 23.5968, Test MAPE: 8.7154
2026-01-25 23:56:48,878 - easytorch-training - INFO - Evaluate best model on test data for horizon 7, Test MAE: 13.8648, Test RMSE: 24.1925, Test MAPE: 8.9088
2026-01-25 23:56:48,895 - easytorch-training - INFO - Evaluate best model on test data for horizon 8, Test MAE: 14.0854, Test RMSE: 24.6557, Test MAPE: 9.0702
2026-01-25 23:56:48,910 - easytorch-training - INFO - Evaluate best model on test data for horizon 9, Test MAE: 14.2918, Test RMSE: 25.0348, Test MAPE: 9.2075
2026-01-25 23:56:48,928 - easytorch-training - INFO - Evaluate best model on test data for horizon 10, Test MAE: 14.4348, Test RMSE: 25.3389, Test MAPE: 9.2664
2026-01-25 23:56:48,949 - easytorch-training - INFO - Evaluate best model on test data for horizon 11, Test MAE: 14.6526, Test RMSE: 25.6813, Test MAPE: 9.4590
2026-01-25 23:56:48,970 - easytorch-training - INFO - Evaluate best model on test data for horizon 12, Test MAE: 14.8047, Test RMSE: 25.9315, Test MAPE: 9.5559
2026-01-25 23:56:48,988 - easytorch-training - INFO - Result <test>: [test_time: 21.06 (s), test_MAE: 13.5400, test_RMSE: 23.4902, test_MAPE: 8.7313]
2026-01-25 23:56:49,400 - easytorch-training - INFO - Checkpoint checkpoints/STMAFNet_300/020df9ee7447a9cb965bf70236749dd4/STMAFNet_153.pt saved
2026-01-25 23:56:49,401 - easytorch-training - INFO - The estimated training finish time is 2026-01-26 08:36:38
2026-01-25 23:56:49,401 - easytorch-training - INFO - Epoch 154 / 300
2026-01-25 23:59:37,238 - easytorch-training - INFO - Result <train>: [train_time: 167.84 (s), lr: 6.25e-05, train_MAE: 12.3488, train_RMSE: 20.9202, train_MAPE: 8.2573]
2026-01-25 23:59:37,239 - easytorch-training - INFO - Start validation.
2026-01-25 23:59:59,416 - easytorch-training - INFO - Result <val>: [val_time: 22.18 (s), val_MAE: 13.6119, val_RMSE: 23.1685, val_MAPE: 10.7161]
2026-01-26 00:00:00,124 - easytorch-training - INFO - Checkpoint checkpoints/STMAFNet_300/020df9ee7447a9cb965bf70236749dd4/STMAFNet_best_val_MAE.pt saved
2026-01-26 00:00:20,954 - easytorch-training - INFO - Evaluate best model on test data for horizon 1, Test MAE: 11.6261, Test RMSE: 19.2048, Test MAPE: 7.6052
2026-01-26 00:00:20,965 - easytorch-training - INFO - Evaluate best model on test data for horizon 2, Test MAE: 12.1691, Test RMSE: 20.4320, Test MAPE: 7.9375
2026-01-26 00:00:20,986 - easytorch-training - INFO - Evaluate best model on test data for horizon 3, Test MAE: 12.6005, Test RMSE: 21.3989, Test MAPE: 8.1729
2026-01-26 00:00:21,006 - easytorch-training - INFO - Evaluate best model on test data for horizon 4, Test MAE: 12.9542, Test RMSE: 22.2355, Test MAPE: 8.3830
2026-01-26 00:00:21,027 - easytorch-training - INFO - Evaluate best model on test data for horizon 5, Test MAE: 13.2675, Test RMSE: 22.9134, Test MAPE: 8.5765
2026-01-26 00:00:21,048 - easytorch-training - INFO - Evaluate best model on test data for horizon 6, Test MAE: 13.5464, Test RMSE: 23.5385, Test MAPE: 8.8187
2026-01-26 00:00:21,068 - easytorch-training - INFO - Evaluate best model on test data for horizon 7, Test MAE: 13.7924, Test RMSE: 24.0458, Test MAPE: 8.9321
2026-01-26 00:00:21,084 - easytorch-training - INFO - Evaluate best model on test data for horizon 8, Test MAE: 14.0274, Test RMSE: 24.5368, Test MAPE: 9.0860
2026-01-26 00:00:21,095 - easytorch-training - INFO - Evaluate best model on test data for horizon 9, Test MAE: 14.2300, Test RMSE: 24.9258, Test MAPE: 9.2088
2026-01-26 00:00:21,105 - easytorch-training - INFO - Evaluate best model on test data for horizon 10, Test MAE: 14.4131, Test RMSE: 25.2532, Test MAPE: 9.3228
2026-01-26 00:00:21,121 - easytorch-training - INFO - Evaluate best model on test data for horizon 11, Test MAE: 14.5813, Test RMSE: 25.5145, Test MAPE: 9.4458
2026-01-26 00:00:21,142 - easytorch-training - INFO - Evaluate best model on test data for horizon 12, Test MAE: 14.7479, Test RMSE: 25.7799, Test MAPE: 9.5937
2026-01-26 00:00:21,166 - easytorch-training - INFO - Result <test>: [test_time: 21.04 (s), test_MAE: 13.4963, test_RMSE: 23.4033, test_MAPE: 8.7569]
2026-01-26 00:00:21,575 - easytorch-training - INFO - Checkpoint checkpoints/STMAFNet_300/020df9ee7447a9cb965bf70236749dd4/STMAFNet_154.pt saved
2026-01-26 00:00:21,576 - easytorch-training - INFO - The estimated training finish time is 2026-01-26 08:36:38
2026-01-26 00:00:21,576 - easytorch-training - INFO - Epoch 155 / 300
2026-01-26 00:03:09,547 - easytorch-training - INFO - Result <train>: [train_time: 167.97 (s), lr: 6.25e-05, train_MAE: 12.3363, train_RMSE: 20.8957, train_MAPE: 8.2546]
2026-01-26 00:03:09,549 - easytorch-training - INFO - Start validation.
2026-01-26 00:03:31,758 - easytorch-training - INFO - Result <val>: [val_time: 22.21 (s), val_MAE: 13.6651, val_RMSE: 23.2933, val_MAPE: 11.0843]
2026-01-26 00:03:52,584 - easytorch-training - INFO - Evaluate best model on test data for horizon 1, Test MAE: 11.6187, Test RMSE: 19.1807, Test MAPE: 7.7621
2026-01-26 00:03:52,605 - easytorch-training - INFO - Evaluate best model on test data for horizon 2, Test MAE: 12.1640, Test RMSE: 20.4432, Test MAPE: 7.9135
2026-01-26 00:03:52,626 - easytorch-training - INFO - Evaluate best model on test data for horizon 3, Test MAE: 12.6054, Test RMSE: 21.4267, Test MAPE: 8.1989
2026-01-26 00:03:52,646 - easytorch-training - INFO - Evaluate best model on test data for horizon 4, Test MAE: 12.9796, Test RMSE: 22.2966, Test MAPE: 8.5006
2026-01-26 00:03:52,667 - easytorch-training - INFO - Evaluate best model on test data for horizon 5, Test MAE: 13.2862, Test RMSE: 22.9950, Test MAPE: 8.6625
2026-01-26 00:03:52,683 - easytorch-training - INFO - Evaluate best model on test data for horizon 6, Test MAE: 13.5683, Test RMSE: 23.6318, Test MAPE: 8.8116
2026-01-26 00:03:52,698 - easytorch-training - INFO - Evaluate best model on test data for horizon 7, Test MAE: 13.8216, Test RMSE: 24.1832, Test MAPE: 8.9462
2026-01-26 00:03:52,719 - easytorch-training - INFO - Evaluate best model on test data for horizon 8, Test MAE: 14.0476, Test RMSE: 24.6657, Test MAPE: 9.0710
2026-01-26 00:03:52,736 - easytorch-training - INFO - Evaluate best model on test data for horizon 9, Test MAE: 14.2863, Test RMSE: 25.0705, Test MAPE: 9.2352
2026-01-26 00:03:52,754 - easytorch-training - INFO - Evaluate best model on test data for horizon 10, Test MAE: 14.4258, Test RMSE: 25.3575, Test MAPE: 9.3428
2026-01-26 00:03:52,775 - easytorch-training - INFO - Evaluate best model on test data for horizon 11, Test MAE: 14.6406, Test RMSE: 25.6751, Test MAPE: 9.4950
2026-01-26 00:03:52,792 - easytorch-training - INFO - Evaluate best model on test data for horizon 12, Test MAE: 14.8218, Test RMSE: 25.9356, Test MAPE: 9.6893
2026-01-26 00:03:52,810 - easytorch-training - INFO - Result <test>: [test_time: 21.05 (s), test_MAE: 13.5222, test_RMSE: 23.4981, test_MAPE: 8.8024]
2026-01-26 00:03:53,215 - easytorch-training - INFO - Checkpoint checkpoints/STMAFNet_300/020df9ee7447a9cb965bf70236749dd4/STMAFNet_155.pt saved
2026-01-26 00:03:53,216 - easytorch-training - INFO - The estimated training finish time is 2026-01-26 08:36:37
2026-01-26 00:03:53,217 - easytorch-training - INFO - Epoch 156 / 300
2026-01-26 00:06:41,343 - easytorch-training - INFO - Result <train>: [train_time: 168.13 (s), lr: 6.25e-05, train_MAE: 12.3390, train_RMSE: 20.9061, train_MAPE: 8.2472]
2026-01-26 00:06:41,344 - easytorch-training - INFO - Start validation.
2026-01-26 00:07:03,240 - easytorch-training - INFO - Result <val>: [val_time: 21.90 (s), val_MAE: 13.6658, val_RMSE: 23.3125, val_MAPE: 11.0755]
2026-01-26 00:07:22,636 - easytorch-training - INFO - Evaluate best model on test data for horizon 1, Test MAE: 11.6140, Test RMSE: 19.1779, Test MAPE: 7.6053
2026-01-26 00:07:22,650 - easytorch-training - INFO - Evaluate best model on test data for horizon 2, Test MAE: 12.1840, Test RMSE: 20.4487, Test MAPE: 8.0642
2026-01-26 00:07:22,669 - easytorch-training - INFO - Evaluate best model on test data for horizon 3, Test MAE: 12.6355, Test RMSE: 21.4799, Test MAPE: 8.1339
2026-01-26 00:07:22,689 - easytorch-training - INFO - Evaluate best model on test data for horizon 4, Test MAE: 12.9853, Test RMSE: 22.3249, Test MAPE: 8.3770
2026-01-26 00:07:22,708 - easytorch-training - INFO - Evaluate best model on test data for horizon 5, Test MAE: 13.2959, Test RMSE: 23.0263, Test MAPE: 8.6266
2026-01-26 00:07:22,723 - easytorch-training - INFO - Evaluate best model on test data for horizon 6, Test MAE: 13.5563, Test RMSE: 23.6265, Test MAPE: 8.7911
2026-01-26 00:07:22,741 - easytorch-training - INFO - Evaluate best model on test data for horizon 7, Test MAE: 13.8061, Test RMSE: 24.1590, Test MAPE: 8.8953
2026-01-26 00:07:22,761 - easytorch-training - INFO - Evaluate best model on test data for horizon 8, Test MAE: 14.0539, Test RMSE: 24.6486, Test MAPE: 9.0323
2026-01-26 00:07:22,775 - easytorch-training - INFO - Evaluate best model on test data for horizon 9, Test MAE: 14.2643, Test RMSE: 25.0238, Test MAPE: 9.1577
2026-01-26 00:07:22,794 - easytorch-training - INFO - Evaluate best model on test data for horizon 10, Test MAE: 14.4358, Test RMSE: 25.3613, Test MAPE: 9.2963
2026-01-26 00:07:22,814 - easytorch-training - INFO - Evaluate best model on test data for horizon 11, Test MAE: 14.6205, Test RMSE: 25.6757, Test MAPE: 9.4635
2026-01-26 00:07:22,826 - easytorch-training - INFO - Evaluate best model on test data for horizon 12, Test MAE: 14.7703, Test RMSE: 25.9079, Test MAPE: 9.5561
2026-01-26 00:07:22,844 - easytorch-training - INFO - Result <test>: [test_time: 19.60 (s), test_MAE: 13.5185, test_RMSE: 23.4968, test_MAPE: 8.7499]
2026-01-26 00:07:23,248 - easytorch-training - INFO - Checkpoint checkpoints/STMAFNet_300/020df9ee7447a9cb965bf70236749dd4/STMAFNet_156.pt saved
2026-01-26 00:07:23,249 - easytorch-training - INFO - The estimated training finish time is 2026-01-26 08:36:33
2026-01-26 00:07:23,249 - easytorch-training - INFO - Epoch 157 / 300
2026-01-26 00:10:11,836 - easytorch-training - INFO - Result <train>: [train_time: 168.59 (s), lr: 6.25e-05, train_MAE: 12.3288, train_RMSE: 20.8840, train_MAPE: 8.2503]
2026-01-26 00:10:11,837 - easytorch-training - INFO - Start validation.
2026-01-26 00:10:32,913 - easytorch-training - INFO - Result <val>: [val_time: 21.08 (s), val_MAE: 13.6990, val_RMSE: 23.3363, val_MAPE: 11.2284]
2026-01-26 00:10:53,511 - easytorch-training - INFO - Evaluate best model on test data for horizon 1, Test MAE: 11.6305, Test RMSE: 19.1959, Test MAPE: 7.8098
2026-01-26 00:10:53,526 - easytorch-training - INFO - Evaluate best model on test data for horizon 2, Test MAE: 12.1910, Test RMSE: 20.4637, Test MAPE: 8.1150
2026-01-26 00:10:53,546 - easytorch-training - INFO - Evaluate best model on test data for horizon 3, Test MAE: 12.6426, Test RMSE: 21.4822, Test MAPE: 8.3581
2026-01-26 00:10:53,567 - easytorch-training - INFO - Evaluate best model on test data for horizon 4, Test MAE: 13.0149, Test RMSE: 22.3391, Test MAPE: 8.6654
2026-01-26 00:10:53,588 - easytorch-training - INFO - Evaluate best model on test data for horizon 5, Test MAE: 13.3264, Test RMSE: 23.0380, Test MAPE: 8.8199
2026-01-26 00:10:53,608 - easytorch-training - INFO - Evaluate best model on test data for horizon 6, Test MAE: 13.5949, Test RMSE: 23.6295, Test MAPE: 8.9522
2026-01-26 00:10:53,629 - easytorch-training - INFO - Evaluate best model on test data for horizon 7, Test MAE: 13.8391, Test RMSE: 24.1320, Test MAPE: 8.9867
2026-01-26 00:10:53,644 - easytorch-training - INFO - Evaluate best model on test data for horizon 8, Test MAE: 14.0705, Test RMSE: 24.6023, Test MAPE: 9.1752
2026-01-26 00:10:53,659 - easytorch-training - INFO - Evaluate best model on test data for horizon 9, Test MAE: 14.2880, Test RMSE: 24.9992, Test MAPE: 9.3663
2026-01-26 00:10:53,668 - easytorch-training - INFO - Evaluate best model on test data for horizon 10, Test MAE: 14.4523, Test RMSE: 25.3002, Test MAPE: 9.4158
2026-01-26 00:10:53,687 - easytorch-training - INFO - Evaluate best model on test data for horizon 11, Test MAE: 14.6467, Test RMSE: 25.5964, Test MAPE: 9.6668
2026-01-26 00:10:53,707 - easytorch-training - INFO - Evaluate best model on test data for horizon 12, Test MAE: 14.8300, Test RMSE: 25.8777, Test MAPE: 9.6977
2026-01-26 00:10:53,731 - easytorch-training - INFO - Result <test>: [test_time: 20.82 (s), test_MAE: 13.5439, test_RMSE: 23.4776, test_MAPE: 8.9191]
2026-01-26 00:10:54,142 - easytorch-training - INFO - Checkpoint checkpoints/STMAFNet_300/020df9ee7447a9cb965bf70236749dd4/STMAFNet_157.pt saved
2026-01-26 00:10:54,143 - easytorch-training - INFO - The estimated training finish time is 2026-01-26 08:36:30
2026-01-26 00:10:54,143 - easytorch-training - INFO - Epoch 158 / 300
2026-01-26 00:13:42,460 - easytorch-training - INFO - Result <train>: [train_time: 168.32 (s), lr: 6.25e-05, train_MAE: 12.3250, train_RMSE: 20.8797, train_MAPE: 8.2483]
2026-01-26 00:13:42,461 - easytorch-training - INFO - Start validation.
2026-01-26 00:14:04,675 - easytorch-training - INFO - Result <val>: [val_time: 22.21 (s), val_MAE: 13.7140, val_RMSE: 23.3508, val_MAPE: 10.9881]
2026-01-26 00:14:25,582 - easytorch-training - INFO - Evaluate best model on test data for horizon 1, Test MAE: 11.6176, Test RMSE: 19.1959, Test MAPE: 7.5708
2026-01-26 00:14:25,603 - easytorch-training - INFO - Evaluate best model on test data for horizon 2, Test MAE: 12.1954, Test RMSE: 20.4574, Test MAPE: 7.9932
2026-01-26 00:14:25,620 - easytorch-training - INFO - Evaluate best model on test data for horizon 3, Test MAE: 12.6493, Test RMSE: 21.4845, Test MAPE: 8.1971
2026-01-26 00:14:25,633 - easytorch-training - INFO - Evaluate best model on test data for horizon 4, Test MAE: 13.0299, Test RMSE: 22.4026, Test MAPE: 8.4152
2026-01-26 00:14:25,654 - easytorch-training - INFO - Evaluate best model on test data for horizon 5, Test MAE: 13.3571, Test RMSE: 23.1191, Test MAPE: 8.6418
2026-01-26 00:14:25,670 - easytorch-training - INFO - Evaluate best model on test data for horizon 6, Test MAE: 13.6189, Test RMSE: 23.7200, Test MAPE: 8.7667
2026-01-26 00:14:25,685 - easytorch-training - INFO - Evaluate best model on test data for horizon 7, Test MAE: 13.8874, Test RMSE: 24.2468, Test MAPE: 8.9334
2026-01-26 00:14:25,705 - easytorch-training - INFO - Evaluate best model on test data for horizon 8, Test MAE: 14.1469, Test RMSE: 24.7357, Test MAPE: 9.1144
2026-01-26 00:14:25,725 - easytorch-training - INFO - Evaluate best model on test data for horizon 9, Test MAE: 14.3381, Test RMSE: 25.1184, Test MAPE: 9.2087
2026-01-26 00:14:25,740 - easytorch-training - INFO - Evaluate best model on test data for horizon 10, Test MAE: 14.5392, Test RMSE: 25.4826, Test MAPE: 9.3923
2026-01-26 00:14:25,748 - easytorch-training - INFO - Evaluate best model on test data for horizon 11, Test MAE: 14.6953, Test RMSE: 25.7485, Test MAPE: 9.4922
2026-01-26 00:14:25,763 - easytorch-training - INFO - Evaluate best model on test data for horizon 12, Test MAE: 14.8766, Test RMSE: 26.0304, Test MAPE: 9.6606
2026-01-26 00:14:25,787 - easytorch-training - INFO - Result <test>: [test_time: 21.11 (s), test_MAE: 13.5793, test_RMSE: 23.5730, test_MAPE: 8.7822]
2026-01-26 00:14:26,217 - easytorch-training - INFO - Checkpoint checkpoints/STMAFNet_300/020df9ee7447a9cb965bf70236749dd4/STMAFNet_158.pt saved
2026-01-26 00:14:26,218 - easytorch-training - INFO - The estimated training finish time is 2026-01-26 08:36:30
2026-01-26 00:14:26,218 - easytorch-training - INFO - Epoch 159 / 300
2026-01-26 00:17:14,516 - easytorch-training - INFO - Result <train>: [train_time: 168.30 (s), lr: 6.25e-05, train_MAE: 12.3230, train_RMSE: 20.8751, train_MAPE: 8.2450]
2026-01-26 00:17:14,518 - easytorch-training - INFO - Start validation.
2026-01-26 00:17:36,718 - easytorch-training - INFO - Result <val>: [val_time: 22.20 (s), val_MAE: 13.6927, val_RMSE: 23.3381, val_MAPE: 11.0916]
2026-01-26 00:17:57,646 - easytorch-training - INFO - Evaluate best model on test data for horizon 1, Test MAE: 11.6367, Test RMSE: 19.1753, Test MAPE: 7.7266
2026-01-26 00:17:57,659 - easytorch-training - INFO - Evaluate best model on test data for horizon 2, Test MAE: 12.1961, Test RMSE: 20.4612, Test MAPE: 8.0395
2026-01-26 00:17:57,669 - easytorch-training - INFO - Evaluate best model on test data for horizon 3, Test MAE: 12.6609, Test RMSE: 21.4927, Test MAPE: 8.2672
2026-01-26 00:17:57,690 - easytorch-training - INFO - Evaluate best model on test data for horizon 4, Test MAE: 13.0263, Test RMSE: 22.3787, Test MAPE: 8.5129
2026-01-26 00:17:57,710 - easytorch-training - INFO - Evaluate best model on test data for horizon 5, Test MAE: 13.3249, Test RMSE: 23.0833, Test MAPE: 8.7598
2026-01-26 00:17:57,731 - easytorch-training - INFO - Evaluate best model on test data for horizon 6, Test MAE: 13.5921, Test RMSE: 23.6806, Test MAPE: 8.9162
2026-01-26 00:17:57,752 - easytorch-training - INFO - Evaluate best model on test data for horizon 7, Test MAE: 13.8408, Test RMSE: 24.2116, Test MAPE: 8.9783
2026-01-26 00:17:57,772 - easytorch-training - INFO - Evaluate best model on test data for horizon 8, Test MAE: 14.0757, Test RMSE: 24.6766, Test MAPE: 9.1373
2026-01-26 00:17:57,791 - easytorch-training - INFO - Evaluate best model on test data for horizon 9, Test MAE: 14.2531, Test RMSE: 25.0284, Test MAPE: 9.3716
2026-01-26 00:17:57,805 - easytorch-training - INFO - Evaluate best model on test data for horizon 10, Test MAE: 14.4300, Test RMSE: 25.3481, Test MAPE: 9.4093
2026-01-26 00:17:57,818 - easytorch-training - INFO - Evaluate best model on test data for horizon 11, Test MAE: 14.6155, Test RMSE: 25.6254, Test MAPE: 9.6415
2026-01-26 00:17:57,837 - easytorch-training - INFO - Evaluate best model on test data for horizon 12, Test MAE: 14.7921, Test RMSE: 25.8971, Test MAPE: 9.7196
2026-01-26 00:17:57,855 - easytorch-training - INFO - Result <test>: [test_time: 21.14 (s), test_MAE: 13.5370, test_RMSE: 23.5126, test_MAPE: 8.8733]
2026-01-26 00:17:58,260 - easytorch-training - INFO - Checkpoint checkpoints/STMAFNet_300/020df9ee7447a9cb965bf70236749dd4/STMAFNet_159.pt saved
2026-01-26 00:17:58,261 - easytorch-training - INFO - The estimated training finish time is 2026-01-26 08:36:30
2026-01-26 00:17:58,261 - easytorch-training - INFO - Epoch 160 / 300
2026-01-26 00:20:46,702 - easytorch-training - INFO - Result <train>: [train_time: 168.44 (s), lr: 6.25e-05, train_MAE: 12.3124, train_RMSE: 20.8590, train_MAPE: 8.2403]
2026-01-26 00:20:46,703 - easytorch-training - INFO - Start validation.
2026-01-26 00:21:08,219 - easytorch-training - INFO - Result <val>: [val_time: 21.52 (s), val_MAE: 13.6519, val_RMSE: 23.2859, val_MAPE: 10.7405]
2026-01-26 00:21:28,125 - easytorch-training - INFO - Evaluate best model on test data for horizon 1, Test MAE: 11.6164, Test RMSE: 19.1893, Test MAPE: 7.5591
2026-01-26 00:21:28,135 - easytorch-training - INFO - Evaluate best model on test data for horizon 2, Test MAE: 12.1876, Test RMSE: 20.4621, Test MAPE: 7.9039
2026-01-26 00:21:28,142 - easytorch-training - INFO - Evaluate best model on test data for horizon 3, Test MAE: 12.6308, Test RMSE: 21.4897, Test MAPE: 8.1839
2026-01-26 00:21:28,144 - easytorch-training - INFO - Evaluate best model on test data for horizon 4, Test MAE: 13.0165, Test RMSE: 22.3697, Test MAPE: 8.3857
2026-01-26 00:21:28,149 - easytorch-training - INFO - Evaluate best model on test data for horizon 5, Test MAE: 13.3134, Test RMSE: 23.0612, Test MAPE: 8.5932
2026-01-26 00:21:28,165 - easytorch-training - INFO - Evaluate best model on test data for horizon 6, Test MAE: 13.5823, Test RMSE: 23.6723, Test MAPE: 8.7645
2026-01-26 00:21:28,180 - easytorch-training - INFO - Evaluate best model on test data for horizon 7, Test MAE: 13.8374, Test RMSE: 24.2117, Test MAPE: 8.9719
2026-01-26 00:21:28,194 - easytorch-training - INFO - Evaluate best model on test data for horizon 8, Test MAE: 14.0613, Test RMSE: 24.6972, Test MAPE: 9.0531
2026-01-26 00:21:28,208 - easytorch-training - INFO - Evaluate best model on test data for horizon 9, Test MAE: 14.2717, Test RMSE: 25.0714, Test MAPE: 9.2309
2026-01-26 00:21:28,222 - easytorch-training - INFO - Evaluate best model on test data for horizon 10, Test MAE: 14.4527, Test RMSE: 25.3978, Test MAPE: 9.3513
2026-01-26 00:21:28,234 - easytorch-training - INFO - Evaluate best model on test data for horizon 11, Test MAE: 14.6211, Test RMSE: 25.6586, Test MAPE: 9.4824
2026-01-26 00:21:28,242 - easytorch-training - INFO - Evaluate best model on test data for horizon 12, Test MAE: 14.7932, Test RMSE: 25.9164, Test MAPE: 9.6170
2026-01-26 00:21:28,253 - easytorch-training - INFO - Result <test>: [test_time: 20.03 (s), test_MAE: 13.5320, test_RMSE: 23.5250, test_MAPE: 8.7581]
2026-01-26 00:21:28,670 - easytorch-training - INFO - Checkpoint checkpoints/STMAFNet_300/020df9ee7447a9cb965bf70236749dd4/STMAFNet_160.pt saved
2026-01-26 00:21:28,714 - easytorch-training - INFO - The estimated training finish time is 2026-01-26 08:36:27
2026-01-26 00:21:28,714 - easytorch-training - INFO - Epoch 161 / 300
2026-01-26 00:24:17,441 - easytorch-training - INFO - Result <train>: [train_time: 168.73 (s), lr: 6.25e-05, train_MAE: 12.3107, train_RMSE: 20.8487, train_MAPE: 8.2340]
2026-01-26 00:24:17,450 - easytorch-training - INFO - Start validation.
2026-01-26 00:24:39,450 - easytorch-training - INFO - Result <val>: [val_time: 22.00 (s), val_MAE: 13.7124, val_RMSE: 23.4425, val_MAPE: 11.3615]
2026-01-26 00:24:59,630 - easytorch-training - INFO - Evaluate best model on test data for horizon 1, Test MAE: 11.6445, Test RMSE: 19.2057, Test MAPE: 7.7355
2026-01-26 00:24:59,651 - easytorch-training - INFO - Evaluate best model on test data for horizon 2, Test MAE: 12.1982, Test RMSE: 20.4997, Test MAPE: 7.9188
2026-01-26 00:24:59,671 - easytorch-training - INFO - Evaluate best model on test data for horizon 3, Test MAE: 12.6605, Test RMSE: 21.5310, Test MAPE: 8.1824
2026-01-26 00:24:59,692 - easytorch-training - INFO - Evaluate best model on test data for horizon 4, Test MAE: 13.0097, Test RMSE: 22.4001, Test MAPE: 8.4295
2026-01-26 00:24:59,711 - easytorch-training - INFO - Evaluate best model on test data for horizon 5, Test MAE: 13.3173, Test RMSE: 23.1045, Test MAPE: 8.6202
2026-01-26 00:24:59,725 - easytorch-training - INFO - Evaluate best model on test data for horizon 6, Test MAE: 13.5729, Test RMSE: 23.7113, Test MAPE: 8.7769
2026-01-26 00:24:59,743 - easytorch-training - INFO - Evaluate best model on test data for horizon 7, Test MAE: 13.8301, Test RMSE: 24.2290, Test MAPE: 8.9401
2026-01-26 00:24:59,762 - easytorch-training - INFO - Evaluate best model on test data for horizon 8, Test MAE: 14.0723, Test RMSE: 24.6983, Test MAPE: 9.1106
2026-01-26 00:24:59,779 - easytorch-training - INFO - Evaluate best model on test data for horizon 9, Test MAE: 14.2613, Test RMSE: 25.0445, Test MAPE: 9.2424
2026-01-26 00:24:59,799 - easytorch-training - INFO - Evaluate best model on test data for horizon 10, Test MAE: 14.4379, Test RMSE: 25.3453, Test MAPE: 9.3799
2026-01-26 00:24:59,815 - easytorch-training - INFO - Evaluate best model on test data for horizon 11, Test MAE: 14.6135, Test RMSE: 25.6323, Test MAPE: 9.5374
2026-01-26 00:24:59,835 - easytorch-training - INFO - Evaluate best model on test data for horizon 12, Test MAE: 14.7791, Test RMSE: 25.8815, Test MAPE: 9.6610
2026-01-26 00:24:59,855 - easytorch-training - INFO - Result <test>: [test_time: 20.40 (s), test_MAE: 13.5331, test_RMSE: 23.5302, test_MAPE: 8.7945]
2026-01-26 00:25:00,262 - easytorch-training - INFO - Checkpoint checkpoints/STMAFNet_300/020df9ee7447a9cb965bf70236749dd4/STMAFNet_161.pt saved
2026-01-26 00:25:00,263 - easytorch-training - INFO - The estimated training finish time is 2026-01-26 08:36:26
2026-01-26 00:25:00,263 - easytorch-training - INFO - Epoch 162 / 300
2026-01-26 00:27:49,457 - easytorch-training - INFO - Result <train>: [train_time: 169.19 (s), lr: 6.25e-05, train_MAE: 12.3052, train_RMSE: 20.8374, train_MAPE: 8.2303]
2026-01-26 00:27:49,458 - easytorch-training - INFO - Start validation.
2026-01-26 00:28:10,976 - easytorch-training - INFO - Result <val>: [val_time: 21.52 (s), val_MAE: 13.6608, val_RMSE: 23.2941, val_MAPE: 10.9178]
2026-01-26 00:28:30,763 - easytorch-training - INFO - Evaluate best model on test data for horizon 1, Test MAE: 11.6162, Test RMSE: 19.1683, Test MAPE: 7.5799
2026-01-26 00:28:30,784 - easytorch-training - INFO - Evaluate best model on test data for horizon 2, Test MAE: 12.1775, Test RMSE: 20.4483, Test MAPE: 7.9448
2026-01-26 00:28:30,799 - easytorch-training - INFO - Evaluate best model on test data for horizon 3, Test MAE: 12.6194, Test RMSE: 21.4317, Test MAPE: 8.1665
2026-01-26 00:28:30,807 - easytorch-training - INFO - Evaluate best model on test data for horizon 4, Test MAE: 12.9801, Test RMSE: 22.2849, Test MAPE: 8.3562
2026-01-26 00:28:30,825 - easytorch-training - INFO - Evaluate best model on test data for horizon 5, Test MAE: 13.2959, Test RMSE: 22.9975, Test MAPE: 8.5535
2026-01-26 00:28:30,846 - easytorch-training - INFO - Evaluate best model on test data for horizon 6, Test MAE: 13.5535, Test RMSE: 23.5975, Test MAPE: 8.7352
2026-01-26 00:28:30,860 - easytorch-training - INFO - Evaluate best model on test data for horizon 7, Test MAE: 13.8005, Test RMSE: 24.1205, Test MAPE: 8.8775
2026-01-26 00:28:30,877 - easytorch-training - INFO - Evaluate best model on test data for horizon 8, Test MAE: 14.0313, Test RMSE: 24.5954, Test MAPE: 9.0556
2026-01-26 00:28:30,898 - easytorch-training - INFO - Evaluate best model on test data for horizon 9, Test MAE: 14.2281, Test RMSE: 24.9403, Test MAPE: 9.1771
2026-01-26 00:28:30,915 - easytorch-training - INFO - Evaluate best model on test data for horizon 10, Test MAE: 14.4099, Test RMSE: 25.2840, Test MAPE: 9.3255
2026-01-26 00:28:30,929 - easytorch-training - INFO - Evaluate best model on test data for horizon 11, Test MAE: 14.5963, Test RMSE: 25.5829, Test MAPE: 9.4504
2026-01-26 00:28:30,950 - easytorch-training - INFO - Evaluate best model on test data for horizon 12, Test MAE: 14.7532, Test RMSE: 25.8192, Test MAPE: 9.5805
2026-01-26 00:28:30,974 - easytorch-training - INFO - Result <test>: [test_time: 20.00 (s), test_MAE: 13.5052, test_RMSE: 23.4456, test_MAPE: 8.7336]
2026-01-26 00:28:31,385 - easytorch-training - INFO - Checkpoint checkpoints/STMAFNet_300/020df9ee7447a9cb965bf70236749dd4/STMAFNet_162.pt saved
2026-01-26 00:28:31,386 - easytorch-training - INFO - The estimated training finish time is 2026-01-26 08:36:24
2026-01-26 00:28:31,387 - easytorch-training - INFO - Epoch 163 / 300
2026-01-26 00:31:21,060 - easytorch-training - INFO - Result <train>: [train_time: 169.67 (s), lr: 6.25e-05, train_MAE: 12.2991, train_RMSE: 20.8262, train_MAPE: 8.2276]
2026-01-26 00:31:21,062 - easytorch-training - INFO - Start validation.
2026-01-26 00:31:42,106 - easytorch-training - INFO - Result <val>: [val_time: 21.04 (s), val_MAE: 13.7022, val_RMSE: 23.3521, val_MAPE: 11.2214]
2026-01-26 00:32:02,130 - easytorch-training - INFO - Evaluate best model on test data for horizon 1, Test MAE: 11.6612, Test RMSE: 19.2415, Test MAPE: 7.8002
2026-01-26 00:32:02,144 - easytorch-training - INFO - Evaluate best model on test data for horizon 2, Test MAE: 12.2175, Test RMSE: 20.5211, Test MAPE: 8.0558
2026-01-26 00:32:02,158 - easytorch-training - INFO - Evaluate best model on test data for horizon 3, Test MAE: 12.6459, Test RMSE: 21.5154, Test MAPE: 8.2104
2026-01-26 00:32:02,179 - easytorch-training - INFO - Evaluate best model on test data for horizon 4, Test MAE: 13.0180, Test RMSE: 22.3635, Test MAPE: 8.6347
2026-01-26 00:32:02,198 - easytorch-training - INFO - Evaluate best model on test data for horizon 5, Test MAE: 13.3350, Test RMSE: 23.0643, Test MAPE: 8.8290
2026-01-26 00:32:02,213 - easytorch-training - INFO - Evaluate best model on test data for horizon 6, Test MAE: 13.5973, Test RMSE: 23.6562, Test MAPE: 9.0553
2026-01-26 00:32:02,229 - easytorch-training - INFO - Evaluate best model on test data for horizon 7, Test MAE: 13.8588, Test RMSE: 24.1726, Test MAPE: 9.2887
2026-01-26 00:32:02,250 - easytorch-training - INFO - Evaluate best model on test data for horizon 8, Test MAE: 14.0987, Test RMSE: 24.6574, Test MAPE: 9.4252
2026-01-26 00:32:02,264 - easytorch-training - INFO - Evaluate best model on test data for horizon 9, Test MAE: 14.3122, Test RMSE: 25.0241, Test MAPE: 9.5906
2026-01-26 00:32:02,273 - easytorch-training - INFO - Evaluate best model on test data for horizon 10, Test MAE: 14.4865, Test RMSE: 25.3859, Test MAPE: 9.5286
2026-01-26 00:32:02,291 - easytorch-training - INFO - Evaluate best model on test data for horizon 11, Test MAE: 14.6478, Test RMSE: 25.6337, Test MAPE: 9.5865
2026-01-26 00:32:02,312 - easytorch-training - INFO - Evaluate best model on test data for horizon 12, Test MAE: 14.8362, Test RMSE: 25.8978, Test MAPE: 9.8100
2026-01-26 00:32:02,336 - easytorch-training - INFO - Result <test>: [test_time: 20.23 (s), test_MAE: 13.5596, test_RMSE: 23.5172, test_MAPE: 8.9846]
2026-01-26 00:32:02,742 - easytorch-training - INFO - Checkpoint checkpoints/STMAFNet_300/020df9ee7447a9cb965bf70236749dd4/STMAFNet_163.pt saved
2026-01-26 00:32:02,743 - easytorch-training - INFO - The estimated training finish time is 2026-01-26 08:36:23
2026-01-26 00:32:02,743 - easytorch-training - INFO - Epoch 164 / 300
2026-01-26 00:34:51,644 - easytorch-training - INFO - Result <train>: [train_time: 168.90 (s), lr: 6.25e-05, train_MAE: 12.2891, train_RMSE: 20.8165, train_MAPE: 8.2309]
2026-01-26 00:34:51,645 - easytorch-training - INFO - Start validation.
2026-01-26 00:35:12,440 - easytorch-training - INFO - Result <val>: [val_time: 20.79 (s), val_MAE: 13.6421, val_RMSE: 23.2681, val_MAPE: 11.0220]
2026-01-26 00:35:32,989 - easytorch-training - INFO - Evaluate best model on test data for horizon 1, Test MAE: 11.6138, Test RMSE: 19.1811, Test MAPE: 7.5593
2026-01-26 00:35:33,005 - easytorch-training - INFO - Evaluate best model on test data for horizon 2, Test MAE: 12.1907, Test RMSE: 20.4372, Test MAPE: 7.8819
2026-01-26 00:35:33,024 - easytorch-training - INFO - Evaluate best model on test data for horizon 3, Test MAE: 12.6105, Test RMSE: 21.4325, Test MAPE: 8.1248
2026-01-26 00:35:33,040 - easytorch-training - INFO - Evaluate best model on test data for horizon 4, Test MAE: 12.9818, Test RMSE: 22.3164, Test MAPE: 8.3573
2026-01-26 00:35:33,060 - easytorch-training - INFO - Evaluate best model on test data for horizon 5, Test MAE: 13.2627, Test RMSE: 22.9678, Test MAPE: 8.5488
2026-01-26 00:35:33,075 - easytorch-training - INFO - Evaluate best model on test data for horizon 6, Test MAE: 13.5290, Test RMSE: 23.5575, Test MAPE: 8.7343
2026-01-26 00:35:33,091 - easytorch-training - INFO - Evaluate best model on test data for horizon 7, Test MAE: 13.8122, Test RMSE: 24.1030, Test MAPE: 8.9218
2026-01-26 00:35:33,112 - easytorch-training - INFO - Evaluate best model on test data for horizon 8, Test MAE: 14.0411, Test RMSE: 24.5867, Test MAPE: 9.0634
2026-01-26 00:35:33,132 - easytorch-training - INFO - Evaluate best model on test data for horizon 9, Test MAE: 14.2340, Test RMSE: 24.9556, Test MAPE: 9.2127
2026-01-26 00:35:33,153 - easytorch-training - INFO - Evaluate best model on test data for horizon 10, Test MAE: 14.4141, Test RMSE: 25.2976, Test MAPE: 9.3242
2026-01-26 00:35:33,173 - easytorch-training - INFO - Evaluate best model on test data for horizon 11, Test MAE: 14.5851, Test RMSE: 25.5829, Test MAPE: 9.4397
2026-01-26 00:35:33,191 - easytorch-training - INFO - Evaluate best model on test data for horizon 12, Test MAE: 14.7542, Test RMSE: 25.8284, Test MAPE: 9.5823
2026-01-26 00:35:33,212 - easytorch-training - INFO - Result <test>: [test_time: 20.77 (s), test_MAE: 13.5024, test_RMSE: 23.4436, test_MAPE: 8.7292]
2026-01-26 00:35:33,619 - easytorch-training - INFO - Checkpoint checkpoints/STMAFNet_300/020df9ee7447a9cb965bf70236749dd4/STMAFNet_164.pt saved
2026-01-26 00:35:33,620 - easytorch-training - INFO - The estimated training finish time is 2026-01-26 08:36:20
2026-01-26 00:35:33,621 - easytorch-training - INFO - Epoch 165 / 300
2026-01-26 00:38:21,931 - easytorch-training - INFO - Result <train>: [train_time: 168.31 (s), lr: 6.25e-05, train_MAE: 12.2899, train_RMSE: 20.8176, train_MAPE: 8.2282]
2026-01-26 00:38:21,933 - easytorch-training - INFO - Start validation.
2026-01-26 00:38:43,820 - easytorch-training - INFO - Result <val>: [val_time: 21.89 (s), val_MAE: 13.6697, val_RMSE: 23.2943, val_MAPE: 11.0680]
2026-01-26 00:39:04,772 - easytorch-training - INFO - Evaluate best model on test data for horizon 1, Test MAE: 11.6521, Test RMSE: 19.2079, Test MAPE: 7.8948
2026-01-26 00:39:04,786 - easytorch-training - INFO - Evaluate best model on test data for horizon 2, Test MAE: 12.2178, Test RMSE: 20.4815, Test MAPE: 8.2780
2026-01-26 00:39:04,803 - easytorch-training - INFO - Evaluate best model on test data for horizon 3, Test MAE: 12.6625, Test RMSE: 21.5148, Test MAPE: 8.3852
2026-01-26 00:39:04,821 - easytorch-training - INFO - Evaluate best model on test data for horizon 4, Test MAE: 13.0261, Test RMSE: 22.3832, Test MAPE: 8.5673
2026-01-26 00:39:04,835 - easytorch-training - INFO - Evaluate best model on test data for horizon 5, Test MAE: 13.3447, Test RMSE: 23.0990, Test MAPE: 8.8335
2026-01-26 00:39:04,852 - easytorch-training - INFO - Evaluate best model on test data for horizon 6, Test MAE: 13.5991, Test RMSE: 23.7248, Test MAPE: 8.8383
2026-01-26 00:39:04,872 - easytorch-training - INFO - Evaluate best model on test data for horizon 7, Test MAE: 13.8515, Test RMSE: 24.2594, Test MAPE: 8.9862
2026-01-26 00:39:04,893 - easytorch-training - INFO - Evaluate best model on test data for horizon 8, Test MAE: 14.0944, Test RMSE: 24.7292, Test MAPE: 9.1748
2026-01-26 00:39:04,914 - easytorch-training - INFO - Evaluate best model on test data for horizon 9, Test MAE: 14.2964, Test RMSE: 25.1087, Test MAPE: 9.2847
2026-01-26 00:39:04,934 - easytorch-training - INFO - Evaluate best model on test data for horizon 10, Test MAE: 14.4690, Test RMSE: 25.4121, Test MAPE: 9.4148
2026-01-26 00:39:04,949 - easytorch-training - INFO - Evaluate best model on test data for horizon 11, Test MAE: 14.6460, Test RMSE: 25.6825, Test MAPE: 9.5625
2026-01-26 00:39:04,963 - easytorch-training - INFO - Evaluate best model on test data for horizon 12, Test MAE: 14.8196, Test RMSE: 25.9309, Test MAPE: 9.7063
2026-01-26 00:39:04,981 - easytorch-training - INFO - Result <test>: [test_time: 21.16 (s), test_MAE: 13.5566, test_RMSE: 23.5532, test_MAPE: 8.9105]
2026-01-26 00:39:05,396 - easytorch-training - INFO - Checkpoint checkpoints/STMAFNet_300/020df9ee7447a9cb965bf70236749dd4/STMAFNet_165.pt saved
2026-01-26 00:39:05,397 - easytorch-training - INFO - The estimated training finish time is 2026-01-26 08:36:20
2026-01-26 00:39:05,397 - easytorch-training - INFO - Epoch 166 / 300
2026-01-26 00:41:54,042 - easytorch-training - INFO - Result <train>: [train_time: 168.65 (s), lr: 6.25e-05, train_MAE: 12.2839, train_RMSE: 20.8091, train_MAPE: 8.2227]
2026-01-26 00:41:54,044 - easytorch-training - INFO - Start validation.
2026-01-26 00:42:16,272 - easytorch-training - INFO - Result <val>: [val_time: 22.23 (s), val_MAE: 13.6532, val_RMSE: 23.2830, val_MAPE: 11.1830]
2026-01-26 00:42:37,251 - easytorch-training - INFO - Evaluate best model on test data for horizon 1, Test MAE: 11.6483, Test RMSE: 19.2087, Test MAPE: 7.9322
2026-01-26 00:42:37,272 - easytorch-training - INFO - Evaluate best model on test data for horizon 2, Test MAE: 12.2165, Test RMSE: 20.4838, Test MAPE: 8.2018
2026-01-26 00:42:37,288 - easytorch-training - INFO - Evaluate best model on test data for horizon 3, Test MAE: 12.6572, Test RMSE: 21.4822, Test MAPE: 8.4542
2026-01-26 00:42:37,309 - easytorch-training - INFO - Evaluate best model on test data for horizon 4, Test MAE: 13.0088, Test RMSE: 22.3239, Test MAPE: 8.5570
2026-01-26 00:42:37,323 - easytorch-training - INFO - Evaluate best model on test data for horizon 5, Test MAE: 13.3228, Test RMSE: 23.0363, Test MAPE: 8.7522
2026-01-26 00:42:37,338 - easytorch-training - INFO - Evaluate best model on test data for horizon 6, Test MAE: 13.5771, Test RMSE: 23.6053, Test MAPE: 8.9304
2026-01-26 00:42:37,358 - easytorch-training - INFO - Evaluate best model on test data for horizon 7, Test MAE: 13.8312, Test RMSE: 24.1191, Test MAPE: 9.0382
2026-01-26 00:42:37,377 - easytorch-training - INFO - Evaluate best model on test data for horizon 8, Test MAE: 14.0598, Test RMSE: 24.5892, Test MAPE: 9.1834
2026-01-26 00:42:37,386 - easytorch-training - INFO - Evaluate best model on test data for horizon 9, Test MAE: 14.2779, Test RMSE: 24.9772, Test MAPE: 9.2675
2026-01-26 00:42:37,396 - easytorch-training - INFO - Evaluate best model on test data for horizon 10, Test MAE: 14.4416, Test RMSE: 25.2847, Test MAPE: 9.4223
2026-01-26 00:42:37,417 - easytorch-training - INFO - Evaluate best model on test data for horizon 11, Test MAE: 14.6171, Test RMSE: 25.5787, Test MAPE: 9.5700
2026-01-26 00:42:37,438 - easytorch-training - INFO - Evaluate best model on test data for horizon 12, Test MAE: 14.7848, Test RMSE: 25.8128, Test MAPE: 9.6696
2026-01-26 00:42:37,461 - easytorch-training - INFO - Result <test>: [test_time: 21.19 (s), test_MAE: 13.5369, test_RMSE: 23.4634, test_MAPE: 8.9149]
2026-01-26 00:42:37,867 - easytorch-training - INFO - Checkpoint checkpoints/STMAFNet_300/020df9ee7447a9cb965bf70236749dd4/STMAFNet_166.pt saved
2026-01-26 00:42:37,868 - easytorch-training - INFO - The estimated training finish time is 2026-01-26 08:36:20
2026-01-26 00:42:37,868 - easytorch-training - INFO - Epoch 167 / 300
2026-01-26 00:45:26,397 - easytorch-training - INFO - Result <train>: [train_time: 168.53 (s), lr: 6.25e-05, train_MAE: 12.2824, train_RMSE: 20.8108, train_MAPE: 8.2243]
2026-01-26 00:45:26,398 - easytorch-training - INFO - Start validation.
2026-01-26 00:45:48,608 - easytorch-training - INFO - Result <val>: [val_time: 22.21 (s), val_MAE: 13.6818, val_RMSE: 23.3584, val_MAPE: 10.9586]
2026-01-26 00:46:08,785 - easytorch-training - INFO - Evaluate best model on test data for horizon 1, Test MAE: 11.6449, Test RMSE: 19.2142, Test MAPE: 7.5750
2026-01-26 00:46:08,805 - easytorch-training - INFO - Evaluate best model on test data for horizon 2, Test MAE: 12.1853, Test RMSE: 20.4924, Test MAPE: 7.8956
2026-01-26 00:46:08,824 - easytorch-training - INFO - Evaluate best model on test data for horizon 3, Test MAE: 12.6339, Test RMSE: 21.5035, Test MAPE: 8.1801
2026-01-26 00:46:08,838 - easytorch-training - INFO - Evaluate best model on test data for horizon 4, Test MAE: 13.0074, Test RMSE: 22.3856, Test MAPE: 8.3463
2026-01-26 00:46:08,853 - easytorch-training - INFO - Evaluate best model on test data for horizon 5, Test MAE: 13.3216, Test RMSE: 23.0841, Test MAPE: 8.6098
2026-01-26 00:46:08,872 - easytorch-training - INFO - Evaluate best model on test data for horizon 6, Test MAE: 13.5851, Test RMSE: 23.6702, Test MAPE: 8.7319
2026-01-26 00:46:08,889 - easytorch-training - INFO - Evaluate best model on test data for horizon 7, Test MAE: 13.8381, Test RMSE: 24.2000, Test MAPE: 8.8879
2026-01-26 00:46:08,904 - easytorch-training - INFO - Evaluate best model on test data for horizon 8, Test MAE: 14.0754, Test RMSE: 24.6789, Test MAPE: 9.0813
2026-01-26 00:46:08,925 - easytorch-training - INFO - Evaluate best model on test data for horizon 9, Test MAE: 14.3085, Test RMSE: 25.0846, Test MAPE: 9.2303
2026-01-26 00:46:08,945 - easytorch-training - INFO - Evaluate best model on test data for horizon 10, Test MAE: 14.4682, Test RMSE: 25.3949, Test MAPE: 9.3745
2026-01-26 00:46:08,960 - easytorch-training - INFO - Evaluate best model on test data for horizon 11, Test MAE: 14.6660, Test RMSE: 25.6754, Test MAPE: 9.5751
2026-01-26 00:46:08,974 - easytorch-training - INFO - Evaluate best model on test data for horizon 12, Test MAE: 14.8330, Test RMSE: 25.9174, Test MAPE: 9.7157
2026-01-26 00:46:08,996 - easytorch-training - INFO - Result <test>: [test_time: 20.39 (s), test_MAE: 13.5473, test_RMSE: 23.5329, test_MAPE: 8.7669]
2026-01-26 00:46:09,441 - easytorch-training - INFO - Checkpoint checkpoints/STMAFNet_300/020df9ee7447a9cb965bf70236749dd4/STMAFNet_167.pt saved
2026-01-26 00:46:09,442 - easytorch-training - INFO - The estimated training finish time is 2026-01-26 08:36:19
2026-01-26 00:46:09,442 - easytorch-training - INFO - Epoch 168 / 300
2026-01-26 00:48:57,901 - easytorch-training - INFO - Result <train>: [train_time: 168.46 (s), lr: 6.25e-05, train_MAE: 12.2757, train_RMSE: 20.7846, train_MAPE: 8.2253]
2026-01-26 00:48:57,902 - easytorch-training - INFO - Start validation.
2026-01-26 00:49:19,285 - easytorch-training - INFO - Result <val>: [val_time: 21.38 (s), val_MAE: 13.7121, val_RMSE: 23.4323, val_MAPE: 11.2250]
2026-01-26 00:49:39,608 - easytorch-training - INFO - Evaluate best model on test data for horizon 1, Test MAE: 11.6313, Test RMSE: 19.2351, Test MAPE: 7.6045
2026-01-26 00:49:39,628 - easytorch-training - INFO - Evaluate best model on test data for horizon 2, Test MAE: 12.2034, Test RMSE: 20.5242, Test MAPE: 7.9772
2026-01-26 00:49:39,649 - easytorch-training - INFO - Evaluate best model on test data for horizon 3, Test MAE: 12.6625, Test RMSE: 21.5910, Test MAPE: 8.2204
2026-01-26 00:49:39,661 - easytorch-training - INFO - Evaluate best model on test data for horizon 4, Test MAE: 13.0197, Test RMSE: 22.4526, Test MAPE: 8.4240
2026-01-26 00:49:39,671 - easytorch-training - INFO - Evaluate best model on test data for horizon 5, Test MAE: 13.3437, Test RMSE: 23.1864, Test MAPE: 8.6475
2026-01-26 00:49:39,690 - easytorch-training - INFO - Evaluate best model on test data for horizon 6, Test MAE: 13.6056, Test RMSE: 23.7558, Test MAPE: 8.7986
2026-01-26 00:49:39,707 - easytorch-training - INFO - Evaluate best model on test data for horizon 7, Test MAE: 13.8564, Test RMSE: 24.2242, Test MAPE: 8.9791
2026-01-26 00:49:39,721 - easytorch-training - INFO - Evaluate best model on test data for horizon 8, Test MAE: 14.0803, Test RMSE: 24.6852, Test MAPE: 9.1124
2026-01-26 00:49:39,740 - easytorch-training - INFO - Evaluate best model on test data for horizon 9, Test MAE: 14.3038, Test RMSE: 25.0640, Test MAPE: 9.2511
2026-01-26 00:49:39,760 - easytorch-training - INFO - Evaluate best model on test data for horizon 10, Test MAE: 14.4975, Test RMSE: 25.4175, Test MAPE: 9.4198
2026-01-26 00:49:39,776 - easytorch-training - INFO - Evaluate best model on test data for horizon 11, Test MAE: 14.6712, Test RMSE: 25.6933, Test MAPE: 9.5662
2026-01-26 00:49:39,792 - easytorch-training - INFO - Evaluate best model on test data for horizon 12, Test MAE: 14.8327, Test RMSE: 25.9236, Test MAPE: 9.6904
2026-01-26 00:49:39,816 - easytorch-training - INFO - Result <test>: [test_time: 20.53 (s), test_MAE: 13.5590, test_RMSE: 23.5692, test_MAPE: 8.8076]
2026-01-26 00:49:40,221 - easytorch-training - INFO - Checkpoint checkpoints/STMAFNet_300/020df9ee7447a9cb965bf70236749dd4/STMAFNet_168.pt saved
2026-01-26 00:49:40,222 - easytorch-training - INFO - The estimated training finish time is 2026-01-26 08:36:17
2026-01-26 00:49:40,222 - easytorch-training - INFO - Epoch 169 / 300
2026-01-26 00:52:29,171 - easytorch-training - INFO - Result <train>: [train_time: 168.95 (s), lr: 6.25e-05, train_MAE: 12.2691, train_RMSE: 20.7839, train_MAPE: 8.2115]
2026-01-26 00:52:29,172 - easytorch-training - INFO - Start validation.
2026-01-26 00:52:50,848 - easytorch-training - INFO - Result <val>: [val_time: 21.67 (s), val_MAE: 13.6546, val_RMSE: 23.3131, val_MAPE: 10.9466]
2026-01-26 00:53:11,535 - easytorch-training - INFO - Evaluate best model on test data for horizon 1, Test MAE: 11.6236, Test RMSE: 19.2093, Test MAPE: 7.6244
2026-01-26 00:53:11,555 - easytorch-training - INFO - Evaluate best model on test data for horizon 2, Test MAE: 12.1804, Test RMSE: 20.4845, Test MAPE: 7.9009
2026-01-26 00:53:11,573 - easytorch-training - INFO - Evaluate best model on test data for horizon 3, Test MAE: 12.6387, Test RMSE: 21.5173, Test MAPE: 8.1528
2026-01-26 00:53:11,591 - easytorch-training - INFO - Evaluate best model on test data for horizon 4, Test MAE: 12.9915, Test RMSE: 22.4013, Test MAPE: 8.3732
2026-01-26 00:53:11,612 - easytorch-training - INFO - Evaluate best model on test data for horizon 5, Test MAE: 13.3013, Test RMSE: 23.1060, Test MAPE: 8.5690
2026-01-26 00:53:11,633 - easytorch-training - INFO - Evaluate best model on test data for horizon 6, Test MAE: 13.5646, Test RMSE: 23.7027, Test MAPE: 8.7538
2026-01-26 00:53:11,647 - easytorch-training - INFO - Evaluate best model on test data for horizon 7, Test MAE: 13.8215, Test RMSE: 24.1769, Test MAPE: 8.9270
2026-01-26 00:53:11,662 - easytorch-training - INFO - Evaluate best model on test data for horizon 8, Test MAE: 14.0690, Test RMSE: 24.6576, Test MAPE: 9.1045
2026-01-26 00:53:11,677 - easytorch-training - INFO - Evaluate best model on test data for horizon 9, Test MAE: 14.2761, Test RMSE: 25.0374, Test MAPE: 9.1871
2026-01-26 00:53:11,697 - easytorch-training - INFO - Evaluate best model on test data for horizon 10, Test MAE: 14.4413, Test RMSE: 25.3658, Test MAPE: 9.3305
2026-01-26 00:53:11,712 - easytorch-training - INFO - Evaluate best model on test data for horizon 11, Test MAE: 14.6388, Test RMSE: 25.6751, Test MAPE: 9.4601
2026-01-26 00:53:11,728 - easytorch-training - INFO - Evaluate best model on test data for horizon 12, Test MAE: 14.8015, Test RMSE: 25.9137, Test MAPE: 9.6796
2026-01-26 00:53:11,752 - easytorch-training - INFO - Result <test>: [test_time: 20.90 (s), test_MAE: 13.5290, test_RMSE: 23.5278, test_MAPE: 8.7552]
2026-01-26 00:53:12,160 - easytorch-training - INFO - Checkpoint checkpoints/STMAFNet_300/020df9ee7447a9cb965bf70236749dd4/STMAFNet_169.pt saved
2026-01-26 00:53:12,161 - easytorch-training - INFO - The estimated training finish time is 2026-01-26 08:36:17
2026-01-26 00:53:12,161 - easytorch-training - INFO - Epoch 170 / 300
2026-01-26 00:55:42,516 - easytorch-training - INFO - Result <train>: [train_time: 150.35 (s), lr: 6.25e-05, train_MAE: 12.2715, train_RMSE: 20.7705, train_MAPE: 8.2095]
2026-01-26 00:55:42,517 - easytorch-training - INFO - Start validation.
2026-01-26 00:55:59,038 - easytorch-training - INFO - Result <val>: [val_time: 16.52 (s), val_MAE: 13.6696, val_RMSE: 23.3421, val_MAPE: 11.0571]
2026-01-26 00:56:14,644 - easytorch-training - INFO - Evaluate best model on test data for horizon 1, Test MAE: 11.6243, Test RMSE: 19.2189, Test MAPE: 7.6214
2026-01-26 00:56:14,658 - easytorch-training - INFO - Evaluate best model on test data for horizon 2, Test MAE: 12.1818, Test RMSE: 20.5008, Test MAPE: 7.9501
2026-01-26 00:56:14,671 - easytorch-training - INFO - Evaluate best model on test data for horizon 3, Test MAE: 12.6335, Test RMSE: 21.5216, Test MAPE: 8.2002
2026-01-26 00:56:14,685 - easytorch-training - INFO - Evaluate best model on test data for horizon 4, Test MAE: 13.0064, Test RMSE: 22.3692, Test MAPE: 8.4347
2026-01-26 00:56:14,699 - easytorch-training - INFO - Evaluate best model on test data for horizon 5, Test MAE: 13.3274, Test RMSE: 23.0786, Test MAPE: 8.6674
2026-01-26 00:56:14,713 - easytorch-training - INFO - Evaluate best model on test data for horizon 6, Test MAE: 13.5750, Test RMSE: 23.6640, Test MAPE: 8.8715
2026-01-26 00:56:14,725 - easytorch-training - INFO - Evaluate best model on test data for horizon 7, Test MAE: 13.8520, Test RMSE: 24.2201, Test MAPE: 9.0177
2026-01-26 00:56:14,733 - easytorch-training - INFO - Evaluate best model on test data for horizon 8, Test MAE: 14.0827, Test RMSE: 24.6992, Test MAPE: 9.2007
2026-01-26 00:56:14,741 - easytorch-training - INFO - Evaluate best model on test data for horizon 9, Test MAE: 14.3064, Test RMSE: 25.0836, Test MAPE: 9.4550
2026-01-26 00:56:14,755 - easytorch-training - INFO - Evaluate best model on test data for horizon 10, Test MAE: 14.4609, Test RMSE: 25.3748, Test MAPE: 9.4990
2026-01-26 00:56:14,763 - easytorch-training - INFO - Evaluate best model on test data for horizon 11, Test MAE: 14.6330, Test RMSE: 25.7013, Test MAPE: 9.5285
2026-01-26 00:56:14,777 - easytorch-training - INFO - Evaluate best model on test data for horizon 12, Test MAE: 14.7979, Test RMSE: 25.9382, Test MAPE: 9.5955
2026-01-26 00:56:14,794 - easytorch-training - INFO - Result <test>: [test_time: 15.75 (s), test_MAE: 13.5401, test_RMSE: 23.5388, test_MAPE: 8.8368]
2026-01-26 00:56:15,203 - easytorch-training - INFO - Checkpoint checkpoints/STMAFNet_300/020df9ee7447a9cb965bf70236749dd4/STMAFNet_170.pt saved
2026-01-26 00:56:15,248 - easytorch-training - INFO - The estimated training finish time is 2026-01-26 08:35:26
2026-01-26 00:56:15,248 - easytorch-training - INFO - Epoch 171 / 300
2026-01-26 00:58:22,544 - easytorch-training - INFO - Result <train>: [train_time: 127.30 (s), lr: 6.25e-05, train_MAE: 12.2629, train_RMSE: 20.7692, train_MAPE: 8.2047]
2026-01-26 00:58:22,545 - easytorch-training - INFO - Start validation.
2026-01-26 00:58:38,992 - easytorch-training - INFO - Result <val>: [val_time: 16.45 (s), val_MAE: 13.6405, val_RMSE: 23.2917, val_MAPE: 11.0483]
2026-01-26 00:58:54,639 - easytorch-training - INFO - Evaluate best model on test data for horizon 1, Test MAE: 11.5977, Test RMSE: 19.1898, Test MAPE: 7.6717
2026-01-26 00:58:54,653 - easytorch-training - INFO - Evaluate best model on test data for horizon 2, Test MAE: 12.1591, Test RMSE: 20.4450, Test MAPE: 8.1414
2026-01-26 00:58:54,666 - easytorch-training - INFO - Evaluate best model on test data for horizon 3, Test MAE: 12.6172, Test RMSE: 21.4549, Test MAPE: 8.3294
2026-01-26 00:58:54,678 - easytorch-training - INFO - Evaluate best model on test data for horizon 4, Test MAE: 12.9777, Test RMSE: 22.3214, Test MAPE: 8.3752
2026-01-26 00:58:54,683 - easytorch-training - INFO - Evaluate best model on test data for horizon 5, Test MAE: 13.3076, Test RMSE: 23.0517, Test MAPE: 8.7642
2026-01-26 00:58:54,697 - easytorch-training - INFO - Evaluate best model on test data for horizon 6, Test MAE: 13.5803, Test RMSE: 23.6710, Test MAPE: 8.8312
2026-01-26 00:58:54,711 - easytorch-training - INFO - Evaluate best model on test data for horizon 7, Test MAE: 13.8287, Test RMSE: 24.2097, Test MAPE: 8.9724
2026-01-26 00:58:54,725 - easytorch-training - INFO - Evaluate best model on test data for horizon 8, Test MAE: 14.0659, Test RMSE: 24.6820, Test MAPE: 9.2648
2026-01-26 00:58:54,739 - easytorch-training - INFO - Evaluate best model on test data for horizon 9, Test MAE: 14.2831, Test RMSE: 25.1005, Test MAPE: 9.2922
2026-01-26 00:58:54,753 - easytorch-training - INFO - Evaluate best model on test data for horizon 10, Test MAE: 14.4545, Test RMSE: 25.4298, Test MAPE: 9.4245
2026-01-26 00:58:54,765 - easytorch-training - INFO - Evaluate best model on test data for horizon 11, Test MAE: 14.6300, Test RMSE: 25.6973, Test MAPE: 9.5648
2026-01-26 00:58:54,768 - easytorch-training - INFO - Evaluate best model on test data for horizon 12, Test MAE: 14.8085, Test RMSE: 25.9390, Test MAPE: 9.7602
2026-01-26 00:58:54,772 - easytorch-training - INFO - Result <test>: [test_time: 15.78 (s), test_MAE: 13.5259, test_RMSE: 23.5260, test_MAPE: 8.8660]
2026-01-26 00:58:55,179 - easytorch-training - INFO - Checkpoint checkpoints/STMAFNet_300/020df9ee7447a9cb965bf70236749dd4/STMAFNet_171.pt saved
2026-01-26 00:58:55,180 - easytorch-training - INFO - The estimated training finish time is 2026-01-26 08:33:54
2026-01-26 00:58:55,180 - easytorch-training - INFO - Epoch 172 / 300
2026-01-26 01:01:02,666 - easytorch-training - INFO - Result <train>: [train_time: 127.49 (s), lr: 6.25e-05, train_MAE: 12.2563, train_RMSE: 20.7670, train_MAPE: 8.2061]
2026-01-26 01:01:02,667 - easytorch-training - INFO - Start validation.
2026-01-26 01:01:19,173 - easytorch-training - INFO - Result <val>: [val_time: 16.51 (s), val_MAE: 13.6648, val_RMSE: 23.3458, val_MAPE: 11.0862]
2026-01-26 01:01:34,847 - easytorch-training - INFO - Evaluate best model on test data for horizon 1, Test MAE: 11.6047, Test RMSE: 19.1581, Test MAPE: 7.7500
2026-01-26 01:01:34,857 - easytorch-training - INFO - Evaluate best model on test data for horizon 2, Test MAE: 12.1552, Test RMSE: 20.3987, Test MAPE: 8.0385
2026-01-26 01:01:34,871 - easytorch-training - INFO - Evaluate best model on test data for horizon 3, Test MAE: 12.5920, Test RMSE: 21.4122, Test MAPE: 8.1824
2026-01-26 01:01:34,884 - easytorch-training - INFO - Evaluate best model on test data for horizon 4, Test MAE: 12.9793, Test RMSE: 22.2729, Test MAPE: 8.5379
2026-01-26 01:01:34,898 - easytorch-training - INFO - Evaluate best model on test data for horizon 5, Test MAE: 13.2786, Test RMSE: 22.9831, Test MAPE: 8.6179
2026-01-26 01:01:34,912 - easytorch-training - INFO - Evaluate best model on test data for horizon 6, Test MAE: 13.5355, Test RMSE: 23.5549, Test MAPE: 8.8309
2026-01-26 01:01:34,926 - easytorch-training - INFO - Evaluate best model on test data for horizon 7, Test MAE: 13.7997, Test RMSE: 24.1105, Test MAPE: 8.9258
2026-01-26 01:01:34,938 - easytorch-training - INFO - Evaluate best model on test data for horizon 8, Test MAE: 14.0300, Test RMSE: 24.5849, Test MAPE: 9.0857
2026-01-26 01:01:34,945 - easytorch-training - INFO - Evaluate best model on test data for horizon 9, Test MAE: 14.2553, Test RMSE: 25.0103, Test MAPE: 9.2522
2026-01-26 01:01:34,955 - easytorch-training - INFO - Evaluate best model on test data for horizon 10, Test MAE: 14.4417, Test RMSE: 25.3402, Test MAPE: 9.4268
2026-01-26 01:01:34,969 - easytorch-training - INFO - Evaluate best model on test data for horizon 11, Test MAE: 14.6112, Test RMSE: 25.6461, Test MAPE: 9.5150
2026-01-26 01:01:34,981 - easytorch-training - INFO - Evaluate best model on test data for horizon 12, Test MAE: 14.7711, Test RMSE: 25.9087, Test MAPE: 9.6473
2026-01-26 01:01:34,994 - easytorch-training - INFO - Result <test>: [test_time: 15.82 (s), test_MAE: 13.5045, test_RMSE: 23.4576, test_MAPE: 8.8175]
2026-01-26 01:01:35,403 - easytorch-training - INFO - Checkpoint checkpoints/STMAFNet_300/020df9ee7447a9cb965bf70236749dd4/STMAFNet_172.pt saved
2026-01-26 01:01:35,404 - easytorch-training - INFO - The estimated training finish time is 2026-01-26 08:32:25
2026-01-26 01:01:35,404 - easytorch-training - INFO - Epoch 173 / 300
2026-01-26 01:03:42,898 - easytorch-training - INFO - Result <train>: [train_time: 127.49 (s), lr: 6.25e-05, train_MAE: 12.2472, train_RMSE: 20.7426, train_MAPE: 8.2132]
2026-01-26 01:03:42,899 - easytorch-training - INFO - Start validation.
2026-01-26 01:03:59,408 - easytorch-training - INFO - Result <val>: [val_time: 16.51 (s), val_MAE: 13.5955, val_RMSE: 23.2162, val_MAPE: 10.8391]
2026-01-26 01:04:00,067 - easytorch-training - INFO - Checkpoint checkpoints/STMAFNet_300/020df9ee7447a9cb965bf70236749dd4/STMAFNet_best_val_MAE.pt saved
2026-01-26 01:04:15,723 - easytorch-training - INFO - Evaluate best model on test data for horizon 1, Test MAE: 11.5947, Test RMSE: 19.1758, Test MAPE: 7.6290
2026-01-26 01:04:15,737 - easytorch-training - INFO - Evaluate best model on test data for horizon 2, Test MAE: 12.1702, Test RMSE: 20.4529, Test MAPE: 7.9862
2026-01-26 01:04:15,744 - easytorch-training - INFO - Evaluate best model on test data for horizon 3, Test MAE: 12.6186, Test RMSE: 21.4807, Test MAPE: 8.1634
2026-01-26 01:04:15,752 - easytorch-training - INFO - Evaluate best model on test data for horizon 4, Test MAE: 12.9710, Test RMSE: 22.3660, Test MAPE: 8.3874
2026-01-26 01:04:15,760 - easytorch-training - INFO - Evaluate best model on test data for horizon 5, Test MAE: 13.2860, Test RMSE: 23.0986, Test MAPE: 8.6120
2026-01-26 01:04:15,774 - easytorch-training - INFO - Evaluate best model on test data for horizon 6, Test MAE: 13.5388, Test RMSE: 23.6856, Test MAPE: 8.7755
2026-01-26 01:04:15,788 - easytorch-training - INFO - Evaluate best model on test data for horizon 7, Test MAE: 13.7719, Test RMSE: 24.1813, Test MAPE: 8.8766
2026-01-26 01:04:15,801 - easytorch-training - INFO - Evaluate best model on test data for horizon 8, Test MAE: 14.0131, Test RMSE: 24.6507, Test MAPE: 9.0674
2026-01-26 01:04:15,815 - easytorch-training - INFO - Evaluate best model on test data for horizon 9, Test MAE: 14.2117, Test RMSE: 25.0047, Test MAPE: 9.1875
2026-01-26 01:04:15,828 - easytorch-training - INFO - Evaluate best model on test data for horizon 10, Test MAE: 14.3671, Test RMSE: 25.3001, Test MAPE: 9.2794
2026-01-26 01:04:15,835 - easytorch-training - INFO - Evaluate best model on test data for horizon 11, Test MAE: 14.5258, Test RMSE: 25.5469, Test MAPE: 9.4050
2026-01-26 01:04:15,843 - easytorch-training - INFO - Evaluate best model on test data for horizon 12, Test MAE: 14.7001, Test RMSE: 25.7855, Test MAPE: 9.5381
2026-01-26 01:04:15,860 - easytorch-training - INFO - Result <test>: [test_time: 15.79 (s), test_MAE: 13.4807, test_RMSE: 23.4832, test_MAPE: 8.7423]
2026-01-26 01:04:16,272 - easytorch-training - INFO - Checkpoint checkpoints/STMAFNet_300/020df9ee7447a9cb965bf70236749dd4/STMAFNet_173.pt saved
2026-01-26 01:04:16,273 - easytorch-training - INFO - The estimated training finish time is 2026-01-26 08:30:57
2026-01-26 01:04:16,273 - easytorch-training - INFO - Epoch 174 / 300
2026-01-26 01:06:23,618 - easytorch-training - INFO - Result <train>: [train_time: 127.34 (s), lr: 6.25e-05, train_MAE: 12.2447, train_RMSE: 20.7371, train_MAPE: 8.1930]
2026-01-26 01:06:23,620 - easytorch-training - INFO - Start validation.
2026-01-26 01:06:40,034 - easytorch-training - INFO - Result <val>: [val_time: 16.41 (s), val_MAE: 13.6658, val_RMSE: 23.2932, val_MAPE: 11.0473]
2026-01-26 01:06:54,672 - easytorch-training - INFO - Evaluate best model on test data for horizon 1, Test MAE: 11.6241, Test RMSE: 19.2121, Test MAPE: 7.6061
2026-01-26 01:06:54,686 - easytorch-training - INFO - Evaluate best model on test data for horizon 2, Test MAE: 12.1816, Test RMSE: 20.4664, Test MAPE: 7.8777
2026-01-26 01:06:54,693 - easytorch-training - INFO - Evaluate best model on test data for horizon 3, Test MAE: 12.6356, Test RMSE: 21.4582, Test MAPE: 8.1436
2026-01-26 01:06:54,695 - easytorch-training - INFO - Evaluate best model on test data for horizon 4, Test MAE: 13.0037, Test RMSE: 22.3277, Test MAPE: 8.4126
2026-01-26 01:06:54,705 - easytorch-training - INFO - Evaluate best model on test data for horizon 5, Test MAE: 13.3067, Test RMSE: 23.0331, Test MAPE: 8.5976
2026-01-26 01:06:54,718 - easytorch-training - INFO - Evaluate best model on test data for horizon 6, Test MAE: 13.5681, Test RMSE: 23.6103, Test MAPE: 8.7820
2026-01-26 01:06:54,732 - easytorch-training - INFO - Evaluate best model on test data for horizon 7, Test MAE: 13.8291, Test RMSE: 24.1006, Test MAPE: 8.9688
2026-01-26 01:06:54,746 - easytorch-training - INFO - Evaluate best model on test data for horizon 8, Test MAE: 14.0390, Test RMSE: 24.5640, Test MAPE: 9.0841
2026-01-26 01:06:54,760 - easytorch-training - INFO - Evaluate best model on test data for horizon 9, Test MAE: 14.2763, Test RMSE: 25.0303, Test MAPE: 9.2147
2026-01-26 01:06:54,771 - easytorch-training - INFO - Evaluate best model on test data for horizon 10, Test MAE: 14.4491, Test RMSE: 25.3550, Test MAPE: 9.3341
2026-01-26 01:06:54,796 - easytorch-training - INFO - Evaluate best model on test data for horizon 11, Test MAE: 14.6318, Test RMSE: 25.6436, Test MAPE: 9.4975
2026-01-26 01:06:54,810 - easytorch-training - INFO - Evaluate best model on test data for horizon 12, Test MAE: 14.7933, Test RMSE: 25.8958, Test MAPE: 9.6207
2026-01-26 01:06:54,827 - easytorch-training - INFO - Result <test>: [test_time: 14.79 (s), test_MAE: 13.5282, test_RMSE: 23.4818, test_MAPE: 8.7616]
2026-01-26 01:06:55,233 - easytorch-training - INFO - Checkpoint checkpoints/STMAFNet_300/020df9ee7447a9cb965bf70236749dd4/STMAFNet_174.pt saved
2026-01-26 01:06:55,234 - easytorch-training - INFO - The estimated training finish time is 2026-01-26 08:29:27
2026-01-26 01:06:55,234 - easytorch-training - INFO - Epoch 175 / 300
2026-01-26 01:09:03,325 - easytorch-training - INFO - Result <train>: [train_time: 128.09 (s), lr: 6.25e-05, train_MAE: 12.2425, train_RMSE: 20.7392, train_MAPE: 8.2017]
2026-01-26 01:09:03,325 - easytorch-training - INFO - Start validation.
2026-01-26 01:09:19,238 - easytorch-training - INFO - Result <val>: [val_time: 15.91 (s), val_MAE: 13.6650, val_RMSE: 23.3697, val_MAPE: 11.0200]
2026-01-26 01:09:33,879 - easytorch-training - INFO - Evaluate best model on test data for horizon 1, Test MAE: 11.6344, Test RMSE: 19.2363, Test MAPE: 7.7422
2026-01-26 01:09:33,893 - easytorch-training - INFO - Evaluate best model on test data for horizon 2, Test MAE: 12.1939, Test RMSE: 20.5194, Test MAPE: 7.9275
2026-01-26 01:09:33,903 - easytorch-training - INFO - Evaluate best model on test data for horizon 3, Test MAE: 12.6398, Test RMSE: 21.5369, Test MAPE: 8.1840
2026-01-26 01:09:33,911 - easytorch-training - INFO - Evaluate best model on test data for horizon 4, Test MAE: 13.0262, Test RMSE: 22.4369, Test MAPE: 8.5394
2026-01-26 01:09:33,925 - easytorch-training - INFO - Evaluate best model on test data for horizon 5, Test MAE: 13.3182, Test RMSE: 23.1355, Test MAPE: 8.5978
2026-01-26 01:09:33,939 - easytorch-training - INFO - Evaluate best model on test data for horizon 6, Test MAE: 13.5783, Test RMSE: 23.7299, Test MAPE: 8.7769
2026-01-26 01:09:33,953 - easytorch-training - INFO - Evaluate best model on test data for horizon 7, Test MAE: 13.8462, Test RMSE: 24.2555, Test MAPE: 8.9870
2026-01-26 01:09:33,967 - easytorch-training - INFO - Evaluate best model on test data for horizon 8, Test MAE: 14.0712, Test RMSE: 24.7178, Test MAPE: 9.1175
2026-01-26 01:09:33,978 - easytorch-training - INFO - Evaluate best model on test data for horizon 9, Test MAE: 14.2772, Test RMSE: 25.0979, Test MAPE: 9.2391
2026-01-26 01:09:33,989 - easytorch-training - INFO - Evaluate best model on test data for horizon 10, Test MAE: 14.4471, Test RMSE: 25.4161, Test MAPE: 9.3605
2026-01-26 01:09:33,997 - easytorch-training - INFO - Evaluate best model on test data for horizon 11, Test MAE: 14.6727, Test RMSE: 25.7444, Test MAPE: 9.5294
2026-01-26 01:09:34,007 - easytorch-training - INFO - Evaluate best model on test data for horizon 12, Test MAE: 14.8214, Test RMSE: 25.9664, Test MAPE: 9.6788
2026-01-26 01:09:34,024 - easytorch-training - INFO - Result <test>: [test_time: 14.78 (s), test_MAE: 13.5439, test_RMSE: 23.5742, test_MAPE: 8.8067]
2026-01-26 01:09:34,432 - easytorch-training - INFO - Checkpoint checkpoints/STMAFNet_300/020df9ee7447a9cb965bf70236749dd4/STMAFNet_175.pt saved
2026-01-26 01:09:34,433 - easytorch-training - INFO - The estimated training finish time is 2026-01-26 08:27:59
2026-01-26 01:09:34,433 - easytorch-training - INFO - Epoch 176 / 300
2026-01-26 01:11:42,571 - easytorch-training - INFO - Result <train>: [train_time: 128.14 (s), lr: 6.25e-05, train_MAE: 12.2405, train_RMSE: 20.7359, train_MAPE: 8.1924]
2026-01-26 01:11:42,573 - easytorch-training - INFO - Start validation.
2026-01-26 01:11:58,505 - easytorch-training - INFO - Result <val>: [val_time: 15.93 (s), val_MAE: 13.7154, val_RMSE: 23.3820, val_MAPE: 11.1655]
2026-01-26 01:12:13,732 - easytorch-training - INFO - Evaluate best model on test data for horizon 1, Test MAE: 11.6323, Test RMSE: 19.2168, Test MAPE: 7.6030
2026-01-26 01:12:13,746 - easytorch-training - INFO - Evaluate best model on test data for horizon 2, Test MAE: 12.1966, Test RMSE: 20.4947, Test MAPE: 7.9405
2026-01-26 01:12:13,760 - easytorch-training - INFO - Evaluate best model on test data for horizon 3, Test MAE: 12.6400, Test RMSE: 21.5007, Test MAPE: 8.1823
2026-01-26 01:12:13,770 - easytorch-training - INFO - Evaluate best model on test data for horizon 4, Test MAE: 13.0201, Test RMSE: 22.3802, Test MAPE: 8.4184
2026-01-26 01:12:13,778 - easytorch-training - INFO - Evaluate best model on test data for horizon 5, Test MAE: 13.3316, Test RMSE: 23.0846, Test MAPE: 8.6063
2026-01-26 01:12:13,792 - easytorch-training - INFO - Evaluate best model on test data for horizon 6, Test MAE: 13.5777, Test RMSE: 23.6296, Test MAPE: 8.7757
2026-01-26 01:12:13,806 - easytorch-training - INFO - Evaluate best model on test data for horizon 7, Test MAE: 13.8630, Test RMSE: 24.1714, Test MAPE: 8.9643
2026-01-26 01:12:13,820 - easytorch-training - INFO - Evaluate best model on test data for horizon 8, Test MAE: 14.0909, Test RMSE: 24.6549, Test MAPE: 9.1113
2026-01-26 01:12:13,833 - easytorch-training - INFO - Evaluate best model on test data for horizon 9, Test MAE: 14.2786, Test RMSE: 24.9881, Test MAPE: 9.2383
2026-01-26 01:12:13,843 - easytorch-training - INFO - Evaluate best model on test data for horizon 10, Test MAE: 14.4647, Test RMSE: 25.3374, Test MAPE: 9.4052
2026-01-26 01:12:13,857 - easytorch-training - INFO - Evaluate best model on test data for horizon 11, Test MAE: 14.6473, Test RMSE: 25.6152, Test MAPE: 9.5405
2026-01-26 01:12:13,865 - easytorch-training - INFO - Evaluate best model on test data for horizon 12, Test MAE: 14.8163, Test RMSE: 25.8606, Test MAPE: 9.6810
2026-01-26 01:12:13,878 - easytorch-training - INFO - Result <test>: [test_time: 15.37 (s), test_MAE: 13.5466, test_RMSE: 23.5003, test_MAPE: 8.7889]
2026-01-26 01:12:14,285 - easytorch-training - INFO - Checkpoint checkpoints/STMAFNet_300/020df9ee7447a9cb965bf70236749dd4/STMAFNet_176.pt saved
2026-01-26 01:12:14,286 - easytorch-training - INFO - The estimated training finish time is 2026-01-26 08:26:33
2026-01-26 01:12:14,286 - easytorch-training - INFO - Epoch 177 / 300
2026-01-26 01:14:22,317 - easytorch-training - INFO - Result <train>: [train_time: 128.03 (s), lr: 6.25e-05, train_MAE: 12.2318, train_RMSE: 20.7058, train_MAPE: 8.1979]
2026-01-26 01:14:22,319 - easytorch-training - INFO - Start validation.
2026-01-26 01:14:38,254 - easytorch-training - INFO - Result <val>: [val_time: 15.94 (s), val_MAE: 13.6887, val_RMSE: 23.3958, val_MAPE: 11.0098]
2026-01-26 01:14:53,477 - easytorch-training - INFO - Evaluate best model on test data for horizon 1, Test MAE: 11.6219, Test RMSE: 19.2371, Test MAPE: 7.6850
2026-01-26 01:14:53,490 - easytorch-training - INFO - Evaluate best model on test data for horizon 2, Test MAE: 12.1941, Test RMSE: 20.5100, Test MAPE: 7.9779
2026-01-26 01:14:53,499 - easytorch-training - INFO - Evaluate best model on test data for horizon 3, Test MAE: 12.6386, Test RMSE: 21.5246, Test MAPE: 8.2244
2026-01-26 01:14:53,513 - easytorch-training - INFO - Evaluate best model on test data for horizon 4, Test MAE: 12.9926, Test RMSE: 22.3764, Test MAPE: 8.4541
2026-01-26 01:14:53,527 - easytorch-training - INFO - Evaluate best model on test data for horizon 5, Test MAE: 13.2984, Test RMSE: 23.0622, Test MAPE: 8.6185
2026-01-26 01:14:53,536 - easytorch-training - INFO - Evaluate best model on test data for horizon 6, Test MAE: 13.5505, Test RMSE: 23.6153, Test MAPE: 8.8104
2026-01-26 01:14:53,544 - easytorch-training - INFO - Evaluate best model on test data for horizon 7, Test MAE: 13.8169, Test RMSE: 24.1537, Test MAPE: 9.0455
2026-01-26 01:14:53,556 - easytorch-training - INFO - Evaluate best model on test data for horizon 8, Test MAE: 14.0372, Test RMSE: 24.6053, Test MAPE: 9.0256
2026-01-26 01:14:53,567 - easytorch-training - INFO - Evaluate best model on test data for horizon 9, Test MAE: 14.2720, Test RMSE: 25.0061, Test MAPE: 9.2151
2026-01-26 01:14:53,575 - easytorch-training - INFO - Evaluate best model on test data for horizon 10, Test MAE: 14.4345, Test RMSE: 25.2837, Test MAPE: 9.3752
2026-01-26 01:14:53,585 - easytorch-training - INFO - Evaluate best model on test data for horizon 11, Test MAE: 14.6034, Test RMSE: 25.5611, Test MAPE: 9.4484
2026-01-26 01:14:53,599 - easytorch-training - INFO - Evaluate best model on test data for horizon 12, Test MAE: 14.7812, Test RMSE: 25.8167, Test MAPE: 9.6732
2026-01-26 01:14:53,616 - easytorch-training - INFO - Result <test>: [test_time: 15.36 (s), test_MAE: 13.5201, test_RMSE: 23.4832, test_MAPE: 8.7961]
2026-01-26 01:14:54,023 - easytorch-training - INFO - Checkpoint checkpoints/STMAFNet_300/020df9ee7447a9cb965bf70236749dd4/STMAFNet_177.pt saved
2026-01-26 01:14:54,024 - easytorch-training - INFO - The estimated training finish time is 2026-01-26 08:25:07
2026-01-26 01:14:54,024 - easytorch-training - INFO - Epoch 178 / 300
2026-01-26 01:17:02,097 - easytorch-training - INFO - Result <train>: [train_time: 128.07 (s), lr: 6.25e-05, train_MAE: 12.2264, train_RMSE: 20.6986, train_MAPE: 8.1909]
2026-01-26 01:17:02,098 - easytorch-training - INFO - Start validation.
2026-01-26 01:17:18,108 - easytorch-training - INFO - Result <val>: [val_time: 16.01 (s), val_MAE: 13.6444, val_RMSE: 23.2548, val_MAPE: 10.8403]
2026-01-26 01:17:33,779 - easytorch-training - INFO - Evaluate best model on test data for horizon 1, Test MAE: 11.6182, Test RMSE: 19.2269, Test MAPE: 7.6870
2026-01-26 01:17:33,792 - easytorch-training - INFO - Evaluate best model on test data for horizon 2, Test MAE: 12.1792, Test RMSE: 20.4862, Test MAPE: 7.9607
2026-01-26 01:17:33,806 - easytorch-training - INFO - Evaluate best model on test data for horizon 3, Test MAE: 12.6297, Test RMSE: 21.4893, Test MAPE: 8.1642
2026-01-26 01:17:33,820 - easytorch-training - INFO - Evaluate best model on test data for horizon 4, Test MAE: 13.0090, Test RMSE: 22.3540, Test MAPE: 8.3471
2026-01-26 01:17:33,834 - easytorch-training - INFO - Evaluate best model on test data for horizon 5, Test MAE: 13.3201, Test RMSE: 23.0735, Test MAPE: 8.5790
2026-01-26 01:17:33,848 - easytorch-training - INFO - Evaluate best model on test data for horizon 6, Test MAE: 13.5996, Test RMSE: 23.6854, Test MAPE: 8.7294
2026-01-26 01:17:33,861 - easytorch-training - INFO - Evaluate best model on test data for horizon 7, Test MAE: 13.8702, Test RMSE: 24.2412, Test MAPE: 8.9692
2026-01-26 01:17:33,870 - easytorch-training - INFO - Evaluate best model on test data for horizon 8, Test MAE: 14.0814, Test RMSE: 24.7039, Test MAPE: 9.0565
2026-01-26 01:17:33,884 - easytorch-training - INFO - Evaluate best model on test data for horizon 9, Test MAE: 14.2838, Test RMSE: 25.0733, Test MAPE: 9.1995
2026-01-26 01:17:33,897 - easytorch-training - INFO - Evaluate best model on test data for horizon 10, Test MAE: 14.4643, Test RMSE: 25.4326, Test MAPE: 9.3276
2026-01-26 01:17:33,906 - easytorch-training - INFO - Evaluate best model on test data for horizon 11, Test MAE: 14.6479, Test RMSE: 25.7141, Test MAPE: 9.4558
2026-01-26 01:17:33,920 - easytorch-training - INFO - Evaluate best model on test data for horizon 12, Test MAE: 14.8215, Test RMSE: 25.9710, Test MAPE: 9.6144
2026-01-26 01:17:33,937 - easytorch-training - INFO - Result <test>: [test_time: 15.83 (s), test_MAE: 13.5437, test_RMSE: 23.5467, test_MAPE: 8.7575]
2026-01-26 01:17:34,350 - easytorch-training - INFO - Checkpoint checkpoints/STMAFNet_300/020df9ee7447a9cb965bf70236749dd4/STMAFNet_178.pt saved
2026-01-26 01:17:34,351 - easytorch-training - INFO - The estimated training finish time is 2026-01-26 08:23:44
2026-01-26 01:17:34,351 - easytorch-training - INFO - Epoch 179 / 300
2026-01-26 01:19:41,960 - easytorch-training - INFO - Result <train>: [train_time: 127.61 (s), lr: 6.25e-05, train_MAE: 12.2252, train_RMSE: 20.7031, train_MAPE: 8.1921]
2026-01-26 01:19:41,961 - easytorch-training - INFO - Start validation.
2026-01-26 01:19:58,056 - easytorch-training - INFO - Result <val>: [val_time: 16.09 (s), val_MAE: 13.6995, val_RMSE: 23.3808, val_MAPE: 11.3095]
2026-01-26 01:20:13,755 - easytorch-training - INFO - Evaluate best model on test data for horizon 1, Test MAE: 11.6410, Test RMSE: 19.2324, Test MAPE: 7.5989
2026-01-26 01:20:13,769 - easytorch-training - INFO - Evaluate best model on test data for horizon 2, Test MAE: 12.2066, Test RMSE: 20.5179, Test MAPE: 7.9986
2026-01-26 01:20:13,781 - easytorch-training - INFO - Evaluate best model on test data for horizon 3, Test MAE: 12.6638, Test RMSE: 21.5651, Test MAPE: 8.2122
2026-01-26 01:20:13,789 - easytorch-training - INFO - Evaluate best model on test data for horizon 4, Test MAE: 13.0386, Test RMSE: 22.4616, Test MAPE: 8.4619
2026-01-26 01:20:13,798 - easytorch-training - INFO - Evaluate best model on test data for horizon 5, Test MAE: 13.3428, Test RMSE: 23.1705, Test MAPE: 8.6409
2026-01-26 01:20:13,812 - easytorch-training - INFO - Evaluate best model on test data for horizon 6, Test MAE: 13.5902, Test RMSE: 23.7582, Test MAPE: 8.7741
2026-01-26 01:20:13,826 - easytorch-training - INFO - Evaluate best model on test data for horizon 7, Test MAE: 13.8398, Test RMSE: 24.2716, Test MAPE: 8.9051
2026-01-26 01:20:13,840 - easytorch-training - INFO - Evaluate best model on test data for horizon 8, Test MAE: 14.0747, Test RMSE: 24.7586, Test MAPE: 9.0825
2026-01-26 01:20:13,854 - easytorch-training - INFO - Evaluate best model on test data for horizon 9, Test MAE: 14.2916, Test RMSE: 25.1417, Test MAPE: 9.2196
2026-01-26 01:20:13,868 - easytorch-training - INFO - Evaluate best model on test data for horizon 10, Test MAE: 14.4724, Test RMSE: 25.5132, Test MAPE: 9.3426
2026-01-26 01:20:13,882 - easytorch-training - INFO - Evaluate best model on test data for horizon 11, Test MAE: 14.6737, Test RMSE: 25.8560, Test MAPE: 9.4802
2026-01-26 01:20:13,892 - easytorch-training - INFO - Evaluate best model on test data for horizon 12, Test MAE: 14.8398, Test RMSE: 26.0870, Test MAPE: 9.6297
2026-01-26 01:20:13,907 - easytorch-training - INFO - Result <test>: [test_time: 15.85 (s), test_MAE: 13.5562, test_RMSE: 23.6219, test_MAPE: 8.7788]
2026-01-26 01:20:14,316 - easytorch-training - INFO - Checkpoint checkpoints/STMAFNet_300/020df9ee7447a9cb965bf70236749dd4/STMAFNet_179.pt saved
2026-01-26 01:20:14,316 - easytorch-training - INFO - The estimated training finish time is 2026-01-26 08:22:21
2026-01-26 01:20:14,317 - easytorch-training - INFO - Epoch 180 / 300
2026-01-26 01:22:21,852 - easytorch-training - INFO - Result <train>: [train_time: 127.53 (s), lr: 6.25e-05, train_MAE: 12.2170, train_RMSE: 20.6819, train_MAPE: 8.1829]
2026-01-26 01:22:21,853 - easytorch-training - INFO - Start validation.
2026-01-26 01:22:38,329 - easytorch-training - INFO - Result <val>: [val_time: 16.48 (s), val_MAE: 13.6457, val_RMSE: 23.2615, val_MAPE: 10.9284]
2026-01-26 01:22:53,383 - easytorch-training - INFO - Evaluate best model on test data for horizon 1, Test MAE: 11.6151, Test RMSE: 19.2219, Test MAPE: 7.6060
2026-01-26 01:22:53,390 - easytorch-training - INFO - Evaluate best model on test data for horizon 2, Test MAE: 12.1823, Test RMSE: 20.4921, Test MAPE: 7.9359
2026-01-26 01:22:53,402 - easytorch-training - INFO - Evaluate best model on test data for horizon 3, Test MAE: 12.6267, Test RMSE: 21.5095, Test MAPE: 8.1618
2026-01-26 01:22:53,416 - easytorch-training - INFO - Evaluate best model on test data for horizon 4, Test MAE: 12.9984, Test RMSE: 22.3775, Test MAPE: 8.4027
2026-01-26 01:22:53,430 - easytorch-training - INFO - Evaluate best model on test data for horizon 5, Test MAE: 13.3214, Test RMSE: 23.0780, Test MAPE: 8.6586
2026-01-26 01:22:53,444 - easytorch-training - INFO - Evaluate best model on test data for horizon 6, Test MAE: 13.5839, Test RMSE: 23.6588, Test MAPE: 8.8637
2026-01-26 01:22:53,456 - easytorch-training - INFO - Evaluate best model on test data for horizon 7, Test MAE: 13.8460, Test RMSE: 24.2047, Test MAPE: 8.9845
2026-01-26 01:22:53,465 - easytorch-training - INFO - Evaluate best model on test data for horizon 8, Test MAE: 14.0722, Test RMSE: 24.6671, Test MAPE: 9.1368
2026-01-26 01:22:53,473 - easytorch-training - INFO - Evaluate best model on test data for horizon 9, Test MAE: 14.2968, Test RMSE: 25.0839, Test MAPE: 9.2492
2026-01-26 01:22:53,484 - easytorch-training - INFO - Evaluate best model on test data for horizon 10, Test MAE: 14.4750, Test RMSE: 25.4191, Test MAPE: 9.3887
2026-01-26 01:22:53,498 - easytorch-training - INFO - Evaluate best model on test data for horizon 11, Test MAE: 14.6494, Test RMSE: 25.7061, Test MAPE: 9.5018
2026-01-26 01:22:53,512 - easytorch-training - INFO - Evaluate best model on test data for horizon 12, Test MAE: 14.8314, Test RMSE: 25.9682, Test MAPE: 9.6098
2026-01-26 01:22:53,530 - easytorch-training - INFO - Result <test>: [test_time: 15.20 (s), test_MAE: 13.5416, test_RMSE: 23.5407, test_MAPE: 8.7916]
2026-01-26 01:22:53,937 - easytorch-training - INFO - Checkpoint checkpoints/STMAFNet_300/020df9ee7447a9cb965bf70236749dd4/STMAFNet_180.pt saved
2026-01-26 01:22:53,973 - easytorch-training - INFO - The estimated training finish time is 2026-01-26 08:20:58
2026-01-26 01:22:53,973 - easytorch-training - INFO - Epoch 181 / 300
2026-01-26 01:25:01,801 - easytorch-training - INFO - Result <train>: [train_time: 127.83 (s), lr: 6.25e-05, train_MAE: 12.2169, train_RMSE: 20.6741, train_MAPE: 8.1859]
2026-01-26 01:25:01,803 - easytorch-training - INFO - Start validation.
2026-01-26 01:25:17,929 - easytorch-training - INFO - Result <val>: [val_time: 16.13 (s), val_MAE: 13.6461, val_RMSE: 23.2845, val_MAPE: 11.0354]
2026-01-26 01:25:33,214 - easytorch-training - INFO - Evaluate best model on test data for horizon 1, Test MAE: 11.5940, Test RMSE: 19.1868, Test MAPE: 7.6130
2026-01-26 01:25:33,228 - easytorch-training - INFO - Evaluate best model on test data for horizon 2, Test MAE: 12.1583, Test RMSE: 20.4532, Test MAPE: 8.0164
2026-01-26 01:25:33,239 - easytorch-training - INFO - Evaluate best model on test data for horizon 3, Test MAE: 12.5977, Test RMSE: 21.4618, Test MAPE: 8.2170
2026-01-26 01:25:33,246 - easytorch-training - INFO - Evaluate best model on test data for horizon 4, Test MAE: 12.9554, Test RMSE: 22.3084, Test MAPE: 8.4260
2026-01-26 01:25:33,260 - easytorch-training - INFO - Evaluate best model on test data for horizon 5, Test MAE: 13.2725, Test RMSE: 23.0110, Test MAPE: 8.6350
2026-01-26 01:25:33,273 - easytorch-training - INFO - Evaluate best model on test data for horizon 6, Test MAE: 13.5379, Test RMSE: 23.5756, Test MAPE: 8.8395
2026-01-26 01:25:33,287 - easytorch-training - INFO - Evaluate best model on test data for horizon 7, Test MAE: 13.7930, Test RMSE: 24.1158, Test MAPE: 8.9588
2026-01-26 01:25:33,301 - easytorch-training - INFO - Evaluate best model on test data for horizon 8, Test MAE: 14.0348, Test RMSE: 24.5690, Test MAPE: 9.1543
2026-01-26 01:25:33,315 - easytorch-training - INFO - Evaluate best model on test data for horizon 9, Test MAE: 14.2453, Test RMSE: 24.9595, Test MAPE: 9.2417
2026-01-26 01:25:33,325 - easytorch-training - INFO - Evaluate best model on test data for horizon 10, Test MAE: 14.4209, Test RMSE: 25.2921, Test MAPE: 9.4101
2026-01-26 01:25:33,331 - easytorch-training - INFO - Evaluate best model on test data for horizon 11, Test MAE: 14.6180, Test RMSE: 25.5938, Test MAPE: 9.5469
2026-01-26 01:25:33,332 - easytorch-training - INFO - Evaluate best model on test data for horizon 12, Test MAE: 14.7749, Test RMSE: 25.8326, Test MAPE: 9.6660
2026-01-26 01:25:33,336 - easytorch-training - INFO - Result <test>: [test_time: 15.41 (s), test_MAE: 13.5002, test_RMSE: 23.4526, test_MAPE: 8.8104]
2026-01-26 01:25:33,744 - easytorch-training - INFO - Checkpoint checkpoints/STMAFNet_300/020df9ee7447a9cb965bf70236749dd4/STMAFNet_181.pt saved
2026-01-26 01:25:33,745 - easytorch-training - INFO - The estimated training finish time is 2026-01-26 08:19:36
2026-01-26 01:25:33,745 - easytorch-training - INFO - Epoch 182 / 300
2026-01-26 01:27:41,136 - easytorch-training - INFO - Result <train>: [train_time: 127.39 (s), lr: 6.25e-05, train_MAE: 12.2090, train_RMSE: 20.6740, train_MAPE: 8.1764]
2026-01-26 01:27:41,137 - easytorch-training - INFO - Start validation.
2026-01-26 01:27:57,666 - easytorch-training - INFO - Result <val>: [val_time: 16.53 (s), val_MAE: 13.6736, val_RMSE: 23.3727, val_MAPE: 11.2195]
2026-01-26 01:28:13,362 - easytorch-training - INFO - Evaluate best model on test data for horizon 1, Test MAE: 11.6466, Test RMSE: 19.2582, Test MAPE: 7.8565
2026-01-26 01:28:13,376 - easytorch-training - INFO - Evaluate best model on test data for horizon 2, Test MAE: 12.2004, Test RMSE: 20.5254, Test MAPE: 8.0895
2026-01-26 01:28:13,390 - easytorch-training - INFO - Evaluate best model on test data for horizon 3, Test MAE: 12.6288, Test RMSE: 21.5171, Test MAPE: 8.1468
2026-01-26 01:28:13,404 - easytorch-training - INFO - Evaluate best model on test data for horizon 4, Test MAE: 12.9860, Test RMSE: 22.3629, Test MAPE: 8.3878
2026-01-26 01:28:13,412 - easytorch-training - INFO - Evaluate best model on test data for horizon 5, Test MAE: 13.2794, Test RMSE: 23.0340, Test MAPE: 8.6021
2026-01-26 01:28:13,419 - easytorch-training - INFO - Evaluate best model on test data for horizon 6, Test MAE: 13.5584, Test RMSE: 23.6199, Test MAPE: 8.7601
2026-01-26 01:28:13,431 - easytorch-training - INFO - Evaluate best model on test data for horizon 7, Test MAE: 13.7806, Test RMSE: 24.0733, Test MAPE: 8.9467
2026-01-26 01:28:13,445 - easytorch-training - INFO - Evaluate best model on test data for horizon 8, Test MAE: 14.0161, Test RMSE: 24.5386, Test MAPE: 9.0314
2026-01-26 01:28:13,459 - easytorch-training - INFO - Evaluate best model on test data for horizon 9, Test MAE: 14.2445, Test RMSE: 24.9434, Test MAPE: 9.2187
2026-01-26 01:28:13,473 - easytorch-training - INFO - Evaluate best model on test data for horizon 10, Test MAE: 14.4289, Test RMSE: 25.2905, Test MAPE: 9.3614
2026-01-26 01:28:13,487 - easytorch-training - INFO - Evaluate best model on test data for horizon 11, Test MAE: 14.5839, Test RMSE: 25.5363, Test MAPE: 9.4770
2026-01-26 01:28:13,495 - easytorch-training - INFO - Evaluate best model on test data for horizon 12, Test MAE: 14.7596, Test RMSE: 25.7867, Test MAPE: 9.6389
2026-01-26 01:28:13,512 - easytorch-training - INFO - Result <test>: [test_time: 15.84 (s), test_MAE: 13.5094, test_RMSE: 23.4596, test_MAPE: 8.7931]
2026-01-26 01:28:13,921 - easytorch-training - INFO - Checkpoint checkpoints/STMAFNet_300/020df9ee7447a9cb965bf70236749dd4/STMAFNet_182.pt saved
2026-01-26 01:28:13,922 - easytorch-training - INFO - The estimated training finish time is 2026-01-26 08:18:16
2026-01-26 01:28:13,922 - easytorch-training - INFO - Epoch 183 / 300
2026-01-26 01:30:21,428 - easytorch-training - INFO - Result <train>: [train_time: 127.51 (s), lr: 6.25e-05, train_MAE: 12.2065, train_RMSE: 20.6584, train_MAPE: 8.1809]
2026-01-26 01:30:21,429 - easytorch-training - INFO - Start validation.
2026-01-26 01:30:37,924 - easytorch-training - INFO - Result <val>: [val_time: 16.49 (s), val_MAE: 13.6698, val_RMSE: 23.3597, val_MAPE: 11.0391]
2026-01-26 01:30:53,578 - easytorch-training - INFO - Evaluate best model on test data for horizon 1, Test MAE: 11.6313, Test RMSE: 19.2516, Test MAPE: 7.6193
2026-01-26 01:30:53,586 - easytorch-training - INFO - Evaluate best model on test data for horizon 2, Test MAE: 12.2028, Test RMSE: 20.5586, Test MAPE: 7.9746
2026-01-26 01:30:53,588 - easytorch-training - INFO - Evaluate best model on test data for horizon 3, Test MAE: 12.6506, Test RMSE: 21.5554, Test MAPE: 8.2449
2026-01-26 01:30:53,600 - easytorch-training - INFO - Evaluate best model on test data for horizon 4, Test MAE: 13.0053, Test RMSE: 22.3966, Test MAPE: 8.4351
2026-01-26 01:30:53,614 - easytorch-training - INFO - Evaluate best model on test data for horizon 5, Test MAE: 13.3109, Test RMSE: 23.0919, Test MAPE: 8.6133
2026-01-26 01:30:53,628 - easytorch-training - INFO - Evaluate best model on test data for horizon 6, Test MAE: 13.5764, Test RMSE: 23.6947, Test MAPE: 8.8010
2026-01-26 01:30:53,642 - easytorch-training - INFO - Evaluate best model on test data for horizon 7, Test MAE: 13.8245, Test RMSE: 24.2137, Test MAPE: 8.9412
2026-01-26 01:30:53,656 - easytorch-training - INFO - Evaluate best model on test data for horizon 8, Test MAE: 14.0277, Test RMSE: 24.6373, Test MAPE: 9.0853
2026-01-26 01:30:53,670 - easytorch-training - INFO - Evaluate best model on test data for horizon 9, Test MAE: 14.2411, Test RMSE: 25.0221, Test MAPE: 9.2414
2026-01-26 01:30:53,678 - easytorch-training - INFO - Evaluate best model on test data for horizon 10, Test MAE: 14.4174, Test RMSE: 25.3422, Test MAPE: 9.3703
2026-01-26 01:30:53,686 - easytorch-training - INFO - Evaluate best model on test data for horizon 11, Test MAE: 14.5913, Test RMSE: 25.6166, Test MAPE: 9.4910
2026-01-26 01:30:53,697 - easytorch-training - INFO - Evaluate best model on test data for horizon 12, Test MAE: 14.7636, Test RMSE: 25.8815, Test MAPE: 9.6153
2026-01-26 01:30:53,715 - easytorch-training - INFO - Result <test>: [test_time: 15.79 (s), test_MAE: 13.5203, test_RMSE: 23.5264, test_MAPE: 8.7861]
2026-01-26 01:30:54,119 - easytorch-training - INFO - Checkpoint checkpoints/STMAFNet_300/020df9ee7447a9cb965bf70236749dd4/STMAFNet_183.pt saved
2026-01-26 01:30:54,120 - easytorch-training - INFO - The estimated training finish time is 2026-01-26 08:16:57
2026-01-26 01:30:54,120 - easytorch-training - INFO - Epoch 184 / 300
2026-01-26 01:33:01,679 - easytorch-training - INFO - Result <train>: [train_time: 127.56 (s), lr: 6.25e-05, train_MAE: 12.2016, train_RMSE: 20.6622, train_MAPE: 8.1769]
2026-01-26 01:33:01,681 - easytorch-training - INFO - Start validation.
2026-01-26 01:33:18,246 - easytorch-training - INFO - Result <val>: [val_time: 16.56 (s), val_MAE: 13.7286, val_RMSE: 23.4294, val_MAPE: 11.2308]
2026-01-26 01:33:33,963 - easytorch-training - INFO - Evaluate best model on test data for horizon 1, Test MAE: 11.6714, Test RMSE: 19.2566, Test MAPE: 7.8435
2026-01-26 01:33:33,977 - easytorch-training - INFO - Evaluate best model on test data for horizon 2, Test MAE: 12.2394, Test RMSE: 20.5154, Test MAPE: 8.1162
2026-01-26 01:33:33,986 - easytorch-training - INFO - Evaluate best model on test data for horizon 3, Test MAE: 12.6837, Test RMSE: 21.5398, Test MAPE: 8.2855
2026-01-26 01:33:34,000 - easytorch-training - INFO - Evaluate best model on test data for horizon 4, Test MAE: 13.0487, Test RMSE: 22.3835, Test MAPE: 8.4282
2026-01-26 01:33:34,014 - easytorch-training - INFO - Evaluate best model on test data for horizon 5, Test MAE: 13.3582, Test RMSE: 23.0936, Test MAPE: 8.6361
2026-01-26 01:33:34,024 - easytorch-training - INFO - Evaluate best model on test data for horizon 6, Test MAE: 13.6451, Test RMSE: 23.7251, Test MAPE: 8.8352
2026-01-26 01:33:34,032 - easytorch-training - INFO - Evaluate best model on test data for horizon 7, Test MAE: 13.8769, Test RMSE: 24.2439, Test MAPE: 8.9621
2026-01-26 01:33:34,041 - easytorch-training - INFO - Evaluate best model on test data for horizon 8, Test MAE: 14.1105, Test RMSE: 24.7119, Test MAPE: 9.1259
2026-01-26 01:33:34,055 - easytorch-training - INFO - Evaluate best model on test data for horizon 9, Test MAE: 14.3284, Test RMSE: 25.1047, Test MAPE: 9.2970
2026-01-26 01:33:34,067 - easytorch-training - INFO - Evaluate best model on test data for horizon 10, Test MAE: 14.4824, Test RMSE: 25.4013, Test MAPE: 9.3866
2026-01-26 01:33:34,075 - easytorch-training - INFO - Evaluate best model on test data for horizon 11, Test MAE: 14.6873, Test RMSE: 25.7356, Test MAPE: 9.5548
2026-01-26 01:33:34,082 - easytorch-training - INFO - Evaluate best model on test data for horizon 12, Test MAE: 14.8597, Test RMSE: 25.9695, Test MAPE: 9.7379
2026-01-26 01:33:34,100 - easytorch-training - INFO - Result <test>: [test_time: 15.85 (s), test_MAE: 13.5826, test_RMSE: 23.5647, test_MAPE: 8.8508]
2026-01-26 01:33:34,507 - easytorch-training - INFO - Checkpoint checkpoints/STMAFNet_300/020df9ee7447a9cb965bf70236749dd4/STMAFNet_184.pt saved
2026-01-26 01:33:34,508 - easytorch-training - INFO - The estimated training finish time is 2026-01-26 08:15:39
2026-01-26 01:33:34,508 - easytorch-training - INFO - Epoch 185 / 300
2026-01-26 01:35:42,150 - easytorch-training - INFO - Result <train>: [train_time: 127.64 (s), lr: 6.25e-05, train_MAE: 12.1995, train_RMSE: 20.6427, train_MAPE: 8.1730]
2026-01-26 01:35:42,151 - easytorch-training - INFO - Start validation.
2026-01-26 01:35:58,756 - easytorch-training - INFO - Result <val>: [val_time: 16.60 (s), val_MAE: 13.6431, val_RMSE: 23.2913, val_MAPE: 10.9210]
2026-01-26 01:36:14,446 - easytorch-training - INFO - Evaluate best model on test data for horizon 1, Test MAE: 11.6302, Test RMSE: 19.2452, Test MAPE: 7.5500
2026-01-26 01:36:14,460 - easytorch-training - INFO - Evaluate best model on test data for horizon 2, Test MAE: 12.2039, Test RMSE: 20.5422, Test MAPE: 7.9041
2026-01-26 01:36:14,472 - easytorch-training - INFO - Evaluate best model on test data for horizon 3, Test MAE: 12.6489, Test RMSE: 21.5612, Test MAPE: 8.1380
2026-01-26 01:36:14,480 - easytorch-training - INFO - Evaluate best model on test data for horizon 4, Test MAE: 13.0250, Test RMSE: 22.4116, Test MAPE: 8.3849
2026-01-26 01:36:14,487 - easytorch-training - INFO - Evaluate best model on test data for horizon 5, Test MAE: 13.3083, Test RMSE: 23.0833, Test MAPE: 8.5572
2026-01-26 01:36:14,501 - easytorch-training - INFO - Evaluate best model on test data for horizon 6, Test MAE: 13.5626, Test RMSE: 23.6731, Test MAPE: 8.7392
2026-01-26 01:36:14,515 - easytorch-training - INFO - Evaluate best model on test data for horizon 7, Test MAE: 13.8303, Test RMSE: 24.2234, Test MAPE: 8.9174
2026-01-26 01:36:14,529 - easytorch-training - INFO - Evaluate best model on test data for horizon 8, Test MAE: 14.0634, Test RMSE: 24.6896, Test MAPE: 9.0937
2026-01-26 01:36:14,543 - easytorch-training - INFO - Evaluate best model on test data for horizon 9, Test MAE: 14.2616, Test RMSE: 25.0707, Test MAPE: 9.2076
2026-01-26 01:36:14,557 - easytorch-training - INFO - Evaluate best model on test data for horizon 10, Test MAE: 14.4545, Test RMSE: 25.4116, Test MAPE: 9.3606
2026-01-26 01:36:14,565 - easytorch-training - INFO - Evaluate best model on test data for horizon 11, Test MAE: 14.6379, Test RMSE: 25.6828, Test MAPE: 9.5426
2026-01-26 01:36:14,579 - easytorch-training - INFO - Evaluate best model on test data for horizon 12, Test MAE: 14.8246, Test RMSE: 25.9519, Test MAPE: 9.7049
2026-01-26 01:36:14,597 - easytorch-training - INFO - Result <test>: [test_time: 15.84 (s), test_MAE: 13.5376, test_RMSE: 23.5523, test_MAPE: 8.7583]
2026-01-26 01:36:15,003 - easytorch-training - INFO - Checkpoint checkpoints/STMAFNet_300/020df9ee7447a9cb965bf70236749dd4/STMAFNet_185.pt saved
2026-01-26 01:36:15,004 - easytorch-training - INFO - The estimated training finish time is 2026-01-26 08:14:22
2026-01-26 01:36:15,004 - easytorch-training - INFO - Epoch 186 / 300
2026-01-26 01:38:22,785 - easytorch-training - INFO - Result <train>: [train_time: 127.78 (s), lr: 6.25e-05, train_MAE: 12.1910, train_RMSE: 20.6324, train_MAPE: 8.1789]
2026-01-26 01:38:22,786 - easytorch-training - INFO - Start validation.
2026-01-26 01:38:39,189 - easytorch-training - INFO - Result <val>: [val_time: 16.40 (s), val_MAE: 13.6558, val_RMSE: 23.3291, val_MAPE: 11.0634]
2026-01-26 01:38:54,244 - easytorch-training - INFO - Evaluate best model on test data for horizon 1, Test MAE: 11.6218, Test RMSE: 19.2378, Test MAPE: 7.7109
2026-01-26 01:38:54,257 - easytorch-training - INFO - Evaluate best model on test data for horizon 2, Test MAE: 12.1910, Test RMSE: 20.5163, Test MAPE: 7.9755
2026-01-26 01:38:54,271 - easytorch-training - INFO - Evaluate best model on test data for horizon 3, Test MAE: 12.6374, Test RMSE: 21.5444, Test MAPE: 8.1311
2026-01-26 01:38:54,284 - easytorch-training - INFO - Evaluate best model on test data for horizon 4, Test MAE: 12.9998, Test RMSE: 22.4089, Test MAPE: 8.3846
2026-01-26 01:38:54,292 - easytorch-training - INFO - Evaluate best model on test data for horizon 5, Test MAE: 13.3088, Test RMSE: 23.1079, Test MAPE: 8.5469
2026-01-26 01:38:54,304 - easytorch-training - INFO - Evaluate best model on test data for horizon 6, Test MAE: 13.5646, Test RMSE: 23.6720, Test MAPE: 8.7031
2026-01-26 01:38:54,318 - easytorch-training - INFO - Evaluate best model on test data for horizon 7, Test MAE: 13.8139, Test RMSE: 24.1750, Test MAPE: 8.8682
2026-01-26 01:38:54,332 - easytorch-training - INFO - Evaluate best model on test data for horizon 8, Test MAE: 14.0496, Test RMSE: 24.6656, Test MAPE: 9.0614
2026-01-26 01:38:54,346 - easytorch-training - INFO - Evaluate best model on test data for horizon 9, Test MAE: 14.2547, Test RMSE: 25.0325, Test MAPE: 9.1577
2026-01-26 01:38:54,358 - easytorch-training - INFO - Evaluate best model on test data for horizon 10, Test MAE: 14.4484, Test RMSE: 25.3850, Test MAPE: 9.3046
2026-01-26 01:38:54,367 - easytorch-training - INFO - Evaluate best model on test data for horizon 11, Test MAE: 14.6110, Test RMSE: 25.6381, Test MAPE: 9.4543
2026-01-26 01:38:54,375 - easytorch-training - INFO - Evaluate best model on test data for horizon 12, Test MAE: 14.7836, Test RMSE: 25.8757, Test MAPE: 9.5771
2026-01-26 01:38:54,390 - easytorch-training - INFO - Result <test>: [test_time: 15.20 (s), test_MAE: 13.5237, test_RMSE: 23.5272, test_MAPE: 8.7396]
2026-01-26 01:38:54,794 - easytorch-training - INFO - Checkpoint checkpoints/STMAFNet_300/020df9ee7447a9cb965bf70236749dd4/STMAFNet_186.pt saved
2026-01-26 01:38:54,795 - easytorch-training - INFO - The estimated training finish time is 2026-01-26 08:13:05
2026-01-26 01:38:54,795 - easytorch-training - INFO - Epoch 187 / 300
2026-01-26 01:41:02,771 - easytorch-training - INFO - Result <train>: [train_time: 127.98 (s), lr: 6.25e-05, train_MAE: 12.1880, train_RMSE: 20.6227, train_MAPE: 8.1683]
2026-01-26 01:41:02,772 - easytorch-training - INFO - Start validation.
2026-01-26 01:41:18,798 - easytorch-training - INFO - Result <val>: [val_time: 16.03 (s), val_MAE: 13.6560, val_RMSE: 23.3117, val_MAPE: 11.0271]
2026-01-26 01:41:34,174 - easytorch-training - INFO - Evaluate best model on test data for horizon 1, Test MAE: 11.6209, Test RMSE: 19.2441, Test MAPE: 7.5575
2026-01-26 01:41:34,188 - easytorch-training - INFO - Evaluate best model on test data for horizon 2, Test MAE: 12.1807, Test RMSE: 20.4997, Test MAPE: 7.9084
2026-01-26 01:41:34,197 - easytorch-training - INFO - Evaluate best model on test data for horizon 3, Test MAE: 12.6331, Test RMSE: 21.5101, Test MAPE: 8.1745
2026-01-26 01:41:34,211 - easytorch-training - INFO - Evaluate best model on test data for horizon 4, Test MAE: 12.9884, Test RMSE: 22.3557, Test MAPE: 8.3669
2026-01-26 01:41:34,225 - easytorch-training - INFO - Evaluate best model on test data for horizon 5, Test MAE: 13.2998, Test RMSE: 23.0499, Test MAPE: 8.5642
2026-01-26 01:41:34,239 - easytorch-training - INFO - Evaluate best model on test data for horizon 6, Test MAE: 13.5644, Test RMSE: 23.6258, Test MAPE: 8.7436
2026-01-26 01:41:34,253 - easytorch-training - INFO - Evaluate best model on test data for horizon 7, Test MAE: 13.8337, Test RMSE: 24.1714, Test MAPE: 8.8934
2026-01-26 01:41:34,267 - easytorch-training - INFO - Evaluate best model on test data for horizon 8, Test MAE: 14.0555, Test RMSE: 24.6534, Test MAPE: 9.0761
2026-01-26 01:41:34,278 - easytorch-training - INFO - Evaluate best model on test data for horizon 9, Test MAE: 14.2632, Test RMSE: 25.0308, Test MAPE: 9.2203
2026-01-26 01:41:34,288 - easytorch-training - INFO - Evaluate best model on test data for horizon 10, Test MAE: 14.4323, Test RMSE: 25.3641, Test MAPE: 9.3052
2026-01-26 01:41:34,296 - easytorch-training - INFO - Evaluate best model on test data for horizon 11, Test MAE: 14.6014, Test RMSE: 25.6236, Test MAPE: 9.4751
2026-01-26 01:41:34,303 - easytorch-training - INFO - Evaluate best model on test data for horizon 12, Test MAE: 14.7764, Test RMSE: 25.8843, Test MAPE: 9.5982
2026-01-26 01:41:34,320 - easytorch-training - INFO - Result <test>: [test_time: 15.52 (s), test_MAE: 13.5208, test_RMSE: 23.5071, test_MAPE: 8.7403]
2026-01-26 01:41:34,724 - easytorch-training - INFO - Checkpoint checkpoints/STMAFNet_300/020df9ee7447a9cb965bf70236749dd4/STMAFNet_187.pt saved
2026-01-26 01:41:34,725 - easytorch-training - INFO - The estimated training finish time is 2026-01-26 08:11:48
2026-01-26 01:41:34,725 - easytorch-training - INFO - Epoch 188 / 300
2026-01-26 01:43:42,407 - easytorch-training - INFO - Result <train>: [train_time: 127.68 (s), lr: 6.25e-05, train_MAE: 12.1849, train_RMSE: 20.6174, train_MAPE: 8.1631]
2026-01-26 01:43:42,408 - easytorch-training - INFO - Start validation.
2026-01-26 01:43:58,991 - easytorch-training - INFO - Result <val>: [val_time: 16.58 (s), val_MAE: 13.6459, val_RMSE: 23.3350, val_MAPE: 11.0488]
2026-01-26 01:44:14,278 - easytorch-training - INFO - Evaluate best model on test data for horizon 1, Test MAE: 11.6047, Test RMSE: 19.2191, Test MAPE: 7.6091
2026-01-26 01:44:14,292 - easytorch-training - INFO - Evaluate best model on test data for horizon 2, Test MAE: 12.1801, Test RMSE: 20.4918, Test MAPE: 7.9625
2026-01-26 01:44:14,305 - easytorch-training - INFO - Evaluate best model on test data for horizon 3, Test MAE: 12.6100, Test RMSE: 21.5118, Test MAPE: 8.1206
2026-01-26 01:44:14,319 - easytorch-training - INFO - Evaluate best model on test data for horizon 4, Test MAE: 12.9979, Test RMSE: 22.3964, Test MAPE: 8.4921
2026-01-26 01:44:14,331 - easytorch-training - INFO - Evaluate best model on test data for horizon 5, Test MAE: 13.2964, Test RMSE: 23.1167, Test MAPE: 8.5440
2026-01-26 01:44:14,335 - easytorch-training - INFO - Evaluate best model on test data for horizon 6, Test MAE: 13.5584, Test RMSE: 23.7006, Test MAPE: 8.7231
2026-01-26 01:44:14,337 - easytorch-training - INFO - Evaluate best model on test data for horizon 7, Test MAE: 13.8077, Test RMSE: 24.2049, Test MAPE: 8.8839
2026-01-26 01:44:14,340 - easytorch-training - INFO - Evaluate best model on test data for horizon 8, Test MAE: 14.0441, Test RMSE: 24.6719, Test MAPE: 9.0211
2026-01-26 01:44:14,352 - easytorch-training - INFO - Evaluate best model on test data for horizon 9, Test MAE: 14.2533, Test RMSE: 25.0301, Test MAPE: 9.1833
2026-01-26 01:44:14,366 - easytorch-training - INFO - Evaluate best model on test data for horizon 10, Test MAE: 14.4503, Test RMSE: 25.3807, Test MAPE: 9.3151
2026-01-26 01:44:14,380 - easytorch-training - INFO - Evaluate best model on test data for horizon 11, Test MAE: 14.6263, Test RMSE: 25.6543, Test MAPE: 9.4585
2026-01-26 01:44:14,394 - easytorch-training - INFO - Evaluate best model on test data for horizon 12, Test MAE: 14.7952, Test RMSE: 25.9040, Test MAPE: 9.5830
2026-01-26 01:44:14,411 - easytorch-training - INFO - Result <test>: [test_time: 15.42 (s), test_MAE: 13.5187, test_RMSE: 23.5304, test_MAPE: 8.7414]
2026-01-26 01:44:14,819 - easytorch-training - INFO - Checkpoint checkpoints/STMAFNet_300/020df9ee7447a9cb965bf70236749dd4/STMAFNet_188.pt saved
2026-01-26 01:44:14,820 - easytorch-training - INFO - The estimated training finish time is 2026-01-26 08:10:33
2026-01-26 01:44:14,820 - easytorch-training - INFO - Epoch 189 / 300
2026-01-26 01:46:23,022 - easytorch-training - INFO - Result <train>: [train_time: 128.20 (s), lr: 6.25e-05, train_MAE: 12.1774, train_RMSE: 20.6033, train_MAPE: 8.1658]
2026-01-26 01:46:23,024 - easytorch-training - INFO - Start validation.
2026-01-26 01:46:39,405 - easytorch-training - INFO - Result <val>: [val_time: 16.38 (s), val_MAE: 13.6264, val_RMSE: 23.2979, val_MAPE: 11.0212]
2026-01-26 01:46:54,511 - easytorch-training - INFO - Evaluate best model on test data for horizon 1, Test MAE: 11.6115, Test RMSE: 19.2199, Test MAPE: 7.7386
2026-01-26 01:46:54,525 - easytorch-training - INFO - Evaluate best model on test data for horizon 2, Test MAE: 12.1591, Test RMSE: 20.4805, Test MAPE: 7.9253
2026-01-26 01:46:54,539 - easytorch-training - INFO - Evaluate best model on test data for horizon 3, Test MAE: 12.5999, Test RMSE: 21.5033, Test MAPE: 8.1771
2026-01-26 01:46:54,553 - easytorch-training - INFO - Evaluate best model on test data for horizon 4, Test MAE: 12.9685, Test RMSE: 22.3701, Test MAPE: 8.4224
2026-01-26 01:46:54,564 - easytorch-training - INFO - Evaluate best model on test data for horizon 5, Test MAE: 13.2745, Test RMSE: 23.0591, Test MAPE: 8.5910
2026-01-26 01:46:54,565 - easytorch-training - INFO - Evaluate best model on test data for horizon 6, Test MAE: 13.5227, Test RMSE: 23.6179, Test MAPE: 8.7377
2026-01-26 01:46:54,573 - easytorch-training - INFO - Evaluate best model on test data for horizon 7, Test MAE: 13.7919, Test RMSE: 24.1389, Test MAPE: 8.9333
2026-01-26 01:46:54,584 - easytorch-training - INFO - Evaluate best model on test data for horizon 8, Test MAE: 14.0266, Test RMSE: 24.6203, Test MAPE: 9.0346
2026-01-26 01:46:54,598 - easytorch-training - INFO - Evaluate best model on test data for horizon 9, Test MAE: 14.2339, Test RMSE: 24.9776, Test MAPE: 9.2161
2026-01-26 01:46:54,612 - easytorch-training - INFO - Evaluate best model on test data for horizon 10, Test MAE: 14.4059, Test RMSE: 25.3135, Test MAPE: 9.3615
2026-01-26 01:46:54,626 - easytorch-training - INFO - Evaluate best model on test data for horizon 11, Test MAE: 14.5705, Test RMSE: 25.5850, Test MAPE: 9.4479
2026-01-26 01:46:54,640 - easytorch-training - INFO - Evaluate best model on test data for horizon 12, Test MAE: 14.7463, Test RMSE: 25.8446, Test MAPE: 9.6284
2026-01-26 01:46:54,652 - easytorch-training - INFO - Result <test>: [test_time: 15.25 (s), test_MAE: 13.4926, test_RMSE: 23.4827, test_MAPE: 8.7678]
2026-01-26 01:46:55,058 - easytorch-training - INFO - Checkpoint checkpoints/STMAFNet_300/020df9ee7447a9cb965bf70236749dd4/STMAFNet_189.pt saved
2026-01-26 01:46:55,059 - easytorch-training - INFO - The estimated training finish time is 2026-01-26 08:09:19
2026-01-26 01:46:55,059 - easytorch-training - INFO - Epoch 190 / 300
2026-01-26 01:49:03,561 - easytorch-training - INFO - Result <train>: [train_time: 128.50 (s), lr: 6.25e-05, train_MAE: 12.1755, train_RMSE: 20.6039, train_MAPE: 8.1475]
2026-01-26 01:49:03,562 - easytorch-training - INFO - Start validation.
2026-01-26 01:49:19,398 - easytorch-training - INFO - Result <val>: [val_time: 15.84 (s), val_MAE: 13.6755, val_RMSE: 23.3987, val_MAPE: 11.2452]
2026-01-26 01:49:34,433 - easytorch-training - INFO - Evaluate best model on test data for horizon 1, Test MAE: 11.6115, Test RMSE: 19.2515, Test MAPE: 7.7352
2026-01-26 01:49:34,447 - easytorch-training - INFO - Evaluate best model on test data for horizon 2, Test MAE: 12.1810, Test RMSE: 20.5356, Test MAPE: 8.0666
2026-01-26 01:49:34,455 - easytorch-training - INFO - Evaluate best model on test data for horizon 3, Test MAE: 12.6409, Test RMSE: 21.5817, Test MAPE: 8.3230
2026-01-26 01:49:34,457 - easytorch-training - INFO - Evaluate best model on test data for horizon 4, Test MAE: 13.0132, Test RMSE: 22.4929, Test MAPE: 8.4254
2026-01-26 01:49:34,458 - easytorch-training - INFO - Evaluate best model on test data for horizon 5, Test MAE: 13.3411, Test RMSE: 23.2196, Test MAPE: 8.6374
2026-01-26 01:49:34,459 - easytorch-training - INFO - Evaluate best model on test data for horizon 6, Test MAE: 13.6049, Test RMSE: 23.7990, Test MAPE: 8.8528
2026-01-26 01:49:34,460 - easytorch-training - INFO - Evaluate best model on test data for horizon 7, Test MAE: 13.8538, Test RMSE: 24.3031, Test MAPE: 9.0592
2026-01-26 01:49:34,461 - easytorch-training - INFO - Evaluate best model on test data for horizon 8, Test MAE: 14.1091, Test RMSE: 24.7961, Test MAPE: 9.2536
2026-01-26 01:49:34,463 - easytorch-training - INFO - Evaluate best model on test data for horizon 9, Test MAE: 14.3122, Test RMSE: 25.1487, Test MAPE: 9.2306
2026-01-26 01:49:34,469 - easytorch-training - INFO - Evaluate best model on test data for horizon 10, Test MAE: 14.4889, Test RMSE: 25.4614, Test MAPE: 9.4530
2026-01-26 01:49:34,483 - easytorch-training - INFO - Evaluate best model on test data for horizon 11, Test MAE: 14.6562, Test RMSE: 25.7383, Test MAPE: 9.5360
2026-01-26 01:49:34,497 - easytorch-training - INFO - Evaluate best model on test data for horizon 12, Test MAE: 14.8355, Test RMSE: 25.9982, Test MAPE: 9.7044
2026-01-26 01:49:34,514 - easytorch-training - INFO - Result <test>: [test_time: 15.11 (s), test_MAE: 13.5540, test_RMSE: 23.6188, test_MAPE: 8.8564]
2026-01-26 01:49:34,920 - easytorch-training - INFO - Checkpoint checkpoints/STMAFNet_300/020df9ee7447a9cb965bf70236749dd4/STMAFNet_190.pt saved
2026-01-26 01:49:34,956 - easytorch-training - INFO - The estimated training finish time is 2026-01-26 08:08:05
2026-01-26 01:49:34,956 - easytorch-training - INFO - Epoch 191 / 300
2026-01-26 01:51:18,987 - easytorch-training - INFO - Result <train>: [train_time: 104.03 (s), lr: 6.25e-05, train_MAE: 12.1696, train_RMSE: 20.5947, train_MAPE: 8.1621]
2026-01-26 01:51:18,989 - easytorch-training - INFO - Start validation.
2026-01-26 01:51:29,307 - easytorch-training - INFO - Result <val>: [val_time: 10.32 (s), val_MAE: 13.7011, val_RMSE: 23.4251, val_MAPE: 11.2131]
2026-01-26 01:51:38,943 - easytorch-training - INFO - Evaluate best model on test data for horizon 1, Test MAE: 11.6209, Test RMSE: 19.2360, Test MAPE: 7.5884
2026-01-26 01:51:38,950 - easytorch-training - INFO - Evaluate best model on test data for horizon 2, Test MAE: 12.1899, Test RMSE: 20.5146, Test MAPE: 7.9087
2026-01-26 01:51:38,958 - easytorch-training - INFO - Evaluate best model on test data for horizon 3, Test MAE: 12.6474, Test RMSE: 21.5659, Test MAPE: 8.1684
2026-01-26 01:51:38,965 - easytorch-training - INFO - Evaluate best model on test data for horizon 4, Test MAE: 13.0282, Test RMSE: 22.4689, Test MAPE: 8.3989
2026-01-26 01:51:38,972 - easytorch-training - INFO - Evaluate best model on test data for horizon 5, Test MAE: 13.3386, Test RMSE: 23.1721, Test MAPE: 8.6039
2026-01-26 01:51:38,979 - easytorch-training - INFO - Evaluate best model on test data for horizon 6, Test MAE: 13.6003, Test RMSE: 23.7592, Test MAPE: 8.7708
2026-01-26 01:51:38,987 - easytorch-training - INFO - Evaluate best model on test data for horizon 7, Test MAE: 13.8563, Test RMSE: 24.2876, Test MAPE: 8.9497
2026-01-26 01:51:38,994 - easytorch-training - INFO - Evaluate best model on test data for horizon 8, Test MAE: 14.0909, Test RMSE: 24.7678, Test MAPE: 9.1027
2026-01-26 01:51:39,001 - easytorch-training - INFO - Evaluate best model on test data for horizon 9, Test MAE: 14.3011, Test RMSE: 25.1566, Test MAPE: 9.2338
2026-01-26 01:51:39,003 - easytorch-training - INFO - Evaluate best model on test data for horizon 10, Test MAE: 14.4901, Test RMSE: 25.5313, Test MAPE: 9.3674
2026-01-26 01:51:39,005 - easytorch-training - INFO - Evaluate best model on test data for horizon 11, Test MAE: 14.7103, Test RMSE: 25.8610, Test MAPE: 9.5640
2026-01-26 01:51:39,006 - easytorch-training - INFO - Evaluate best model on test data for horizon 12, Test MAE: 14.8634, Test RMSE: 26.0783, Test MAPE: 9.6807
2026-01-26 01:51:39,010 - easytorch-training - INFO - Result <test>: [test_time: 9.70 (s), test_MAE: 13.5614, test_RMSE: 23.6276, test_MAPE: 8.7781]
2026-01-26 01:51:39,419 - easytorch-training - INFO - Checkpoint checkpoints/STMAFNet_300/020df9ee7447a9cb965bf70236749dd4/STMAFNet_191.pt saved
2026-01-26 01:51:39,420 - easytorch-training - INFO - The estimated training finish time is 2026-01-26 08:05:56
2026-01-26 01:51:39,420 - easytorch-training - INFO - Epoch 192 / 300
2026-01-26 01:53:06,011 - easytorch-training - INFO - Result <train>: [train_time: 86.59 (s), lr: 6.25e-05, train_MAE: 12.1656, train_RMSE: 20.5943, train_MAPE: 8.1509]
2026-01-26 01:53:06,013 - easytorch-training - INFO - Start validation.
2026-01-26 01:53:15,937 - easytorch-training - INFO - Result <val>: [val_time: 9.92 (s), val_MAE: 13.6979, val_RMSE: 23.4137, val_MAPE: 11.1642]
2026-01-26 01:53:26,213 - easytorch-training - INFO - Evaluate best model on test data for horizon 1, Test MAE: 11.6353, Test RMSE: 19.2639, Test MAPE: 7.5672
2026-01-26 01:53:26,217 - easytorch-training - INFO - Evaluate best model on test data for horizon 2, Test MAE: 12.1882, Test RMSE: 20.5349, Test MAPE: 7.8862
2026-01-26 01:53:26,219 - easytorch-training - INFO - Evaluate best model on test data for horizon 3, Test MAE: 12.6516, Test RMSE: 21.5688, Test MAPE: 8.1508
2026-01-26 01:53:26,225 - easytorch-training - INFO - Evaluate best model on test data for horizon 4, Test MAE: 13.0250, Test RMSE: 22.4483, Test MAPE: 8.3915
2026-01-26 01:53:26,230 - easytorch-training - INFO - Evaluate best model on test data for horizon 5, Test MAE: 13.3472, Test RMSE: 23.1632, Test MAPE: 8.6003
2026-01-26 01:53:26,235 - easytorch-training - INFO - Evaluate best model on test data for horizon 6, Test MAE: 13.6213, Test RMSE: 23.7494, Test MAPE: 8.7766
2026-01-26 01:53:26,240 - easytorch-training - INFO - Evaluate best model on test data for horizon 7, Test MAE: 13.8814, Test RMSE: 24.2734, Test MAPE: 8.9281
2026-01-26 01:53:26,246 - easytorch-training - INFO - Evaluate best model on test data for horizon 8, Test MAE: 14.1034, Test RMSE: 24.7757, Test MAPE: 9.0747
2026-01-26 01:53:26,251 - easytorch-training - INFO - Evaluate best model on test data for horizon 9, Test MAE: 14.3020, Test RMSE: 25.1581, Test MAPE: 9.2040
2026-01-26 01:53:26,255 - easytorch-training - INFO - Evaluate best model on test data for horizon 10, Test MAE: 14.4731, Test RMSE: 25.4910, Test MAPE: 9.3295
2026-01-26 01:53:26,262 - easytorch-training - INFO - Evaluate best model on test data for horizon 11, Test MAE: 14.6386, Test RMSE: 25.7750, Test MAPE: 9.4655
2026-01-26 01:53:26,265 - easytorch-training - INFO - Evaluate best model on test data for horizon 12, Test MAE: 14.8229, Test RMSE: 26.0497, Test MAPE: 9.5873
2026-01-26 01:53:26,269 - easytorch-training - INFO - Result <test>: [test_time: 10.33 (s), test_MAE: 13.5575, test_RMSE: 23.6135, test_MAPE: 8.7468]
2026-01-26 01:53:26,765 - easytorch-training - INFO - Checkpoint checkpoints/STMAFNet_300/020df9ee7447a9cb965bf70236749dd4/STMAFNet_192.pt saved
2026-01-26 01:53:26,766 - easytorch-training - INFO - The estimated training finish time is 2026-01-26 08:03:22
2026-01-26 01:53:26,766 - easytorch-training - INFO - Epoch 193 / 300
2026-01-26 01:54:53,071 - easytorch-training - INFO - Result <train>: [train_time: 86.30 (s), lr: 6.25e-05, train_MAE: 12.1606, train_RMSE: 20.5792, train_MAPE: 8.1548]
2026-01-26 01:54:53,073 - easytorch-training - INFO - Start validation.
2026-01-26 01:55:03,566 - easytorch-training - INFO - Result <val>: [val_time: 10.49 (s), val_MAE: 13.7169, val_RMSE: 23.4491, val_MAPE: 11.0630]
2026-01-26 01:55:13,857 - easytorch-training - INFO - Evaluate best model on test data for horizon 1, Test MAE: 11.6405, Test RMSE: 19.2809, Test MAPE: 7.5698
2026-01-26 01:55:13,864 - easytorch-training - INFO - Evaluate best model on test data for horizon 2, Test MAE: 12.2317, Test RMSE: 20.5992, Test MAPE: 7.9258
2026-01-26 01:55:13,871 - easytorch-training - INFO - Evaluate best model on test data for horizon 3, Test MAE: 12.7031, Test RMSE: 21.6595, Test MAPE: 8.2671
2026-01-26 01:55:13,877 - easytorch-training - INFO - Evaluate best model on test data for horizon 4, Test MAE: 13.0610, Test RMSE: 22.5575, Test MAPE: 8.4013
2026-01-26 01:55:13,882 - easytorch-training - INFO - Evaluate best model on test data for horizon 5, Test MAE: 13.3782, Test RMSE: 23.2560, Test MAPE: 8.6203
2026-01-26 01:55:13,889 - easytorch-training - INFO - Evaluate best model on test data for horizon 6, Test MAE: 13.6309, Test RMSE: 23.8208, Test MAPE: 8.7904
2026-01-26 01:55:13,897 - easytorch-training - INFO - Evaluate best model on test data for horizon 7, Test MAE: 13.9056, Test RMSE: 24.3688, Test MAPE: 9.0007
2026-01-26 01:55:13,904 - easytorch-training - INFO - Evaluate best model on test data for horizon 8, Test MAE: 14.1205, Test RMSE: 24.8141, Test MAPE: 9.0890
2026-01-26 01:55:13,911 - easytorch-training - INFO - Evaluate best model on test data for horizon 9, Test MAE: 14.3327, Test RMSE: 25.1860, Test MAPE: 9.2181
2026-01-26 01:55:13,918 - easytorch-training - INFO - Evaluate best model on test data for horizon 10, Test MAE: 14.5105, Test RMSE: 25.5110, Test MAPE: 9.3726
2026-01-26 01:55:13,925 - easytorch-training - INFO - Evaluate best model on test data for horizon 11, Test MAE: 14.6930, Test RMSE: 25.7734, Test MAPE: 9.5686
2026-01-26 01:55:13,927 - easytorch-training - INFO - Evaluate best model on test data for horizon 12, Test MAE: 14.8675, Test RMSE: 26.0390, Test MAPE: 9.6143
2026-01-26 01:55:13,931 - easytorch-training - INFO - Result <test>: [test_time: 10.36 (s), test_MAE: 13.5896, test_RMSE: 23.6632, test_MAPE: 8.7865]
2026-01-26 01:55:14,340 - easytorch-training - INFO - Checkpoint checkpoints/STMAFNet_300/020df9ee7447a9cb965bf70236749dd4/STMAFNet_193.pt saved
2026-01-26 01:55:14,341 - easytorch-training - INFO - The estimated training finish time is 2026-01-26 08:00:50
2026-01-26 01:55:14,341 - easytorch-training - INFO - Epoch 194 / 300
2026-01-26 01:56:40,323 - easytorch-training - INFO - Result <train>: [train_time: 85.98 (s), lr: 6.25e-05, train_MAE: 12.1558, train_RMSE: 20.5641, train_MAPE: 8.1478]
2026-01-26 01:56:40,324 - easytorch-training - INFO - Start validation.
2026-01-26 01:56:51,031 - easytorch-training - INFO - Result <val>: [val_time: 10.71 (s), val_MAE: 13.6480, val_RMSE: 23.3388, val_MAPE: 11.0163]
2026-01-26 01:57:01,331 - easytorch-training - INFO - Evaluate best model on test data for horizon 1, Test MAE: 11.6001, Test RMSE: 19.2172, Test MAPE: 7.5624
2026-01-26 01:57:01,338 - easytorch-training - INFO - Evaluate best model on test data for horizon 2, Test MAE: 12.1855, Test RMSE: 20.5392, Test MAPE: 7.9438
2026-01-26 01:57:01,345 - easytorch-training - INFO - Evaluate best model on test data for horizon 3, Test MAE: 12.6408, Test RMSE: 21.5919, Test MAPE: 8.1063
2026-01-26 01:57:01,350 - easytorch-training - INFO - Evaluate best model on test data for horizon 4, Test MAE: 13.0010, Test RMSE: 22.4589, Test MAPE: 8.3331
2026-01-26 01:57:01,351 - easytorch-training - INFO - Evaluate best model on test data for horizon 5, Test MAE: 13.3033, Test RMSE: 23.1597, Test MAPE: 8.5824
2026-01-26 01:57:01,353 - easytorch-training - INFO - Evaluate best model on test data for horizon 6, Test MAE: 13.5566, Test RMSE: 23.7185, Test MAPE: 8.6922
2026-01-26 01:57:01,354 - easytorch-training - INFO - Evaluate best model on test data for horizon 7, Test MAE: 13.8195, Test RMSE: 24.2460, Test MAPE: 8.8787
2026-01-26 01:57:01,360 - easytorch-training - INFO - Evaluate best model on test data for horizon 8, Test MAE: 14.0691, Test RMSE: 24.7156, Test MAPE: 9.0361
2026-01-26 01:57:01,364 - easytorch-training - INFO - Evaluate best model on test data for horizon 9, Test MAE: 14.2520, Test RMSE: 25.0583, Test MAPE: 9.1343
2026-01-26 01:57:01,372 - easytorch-training - INFO - Evaluate best model on test data for horizon 10, Test MAE: 14.4229, Test RMSE: 25.3636, Test MAPE: 9.2865
2026-01-26 01:57:01,379 - easytorch-training - INFO - Evaluate best model on test data for horizon 11, Test MAE: 14.6040, Test RMSE: 25.6621, Test MAPE: 9.4006
2026-01-26 01:57:01,386 - easytorch-training - INFO - Evaluate best model on test data for horizon 12, Test MAE: 14.7617, Test RMSE: 25.8983, Test MAPE: 9.4980
2026-01-26 01:57:01,397 - easytorch-training - INFO - Result <test>: [test_time: 10.36 (s), test_MAE: 13.5180, test_RMSE: 23.5583, test_MAPE: 8.7045]
2026-01-26 01:57:01,804 - easytorch-training - INFO - Checkpoint checkpoints/STMAFNet_300/020df9ee7447a9cb965bf70236749dd4/STMAFNet_194.pt saved
2026-01-26 01:57:01,805 - easytorch-training - INFO - The estimated training finish time is 2026-01-26 07:58:19
2026-01-26 01:57:01,805 - easytorch-training - INFO - Epoch 195 / 300
2026-01-26 01:58:27,966 - easytorch-training - INFO - Result <train>: [train_time: 86.16 (s), lr: 6.25e-05, train_MAE: 12.1542, train_RMSE: 20.5621, train_MAPE: 8.1514]
2026-01-26 01:58:27,968 - easytorch-training - INFO - Start validation.
2026-01-26 01:58:38,602 - easytorch-training - INFO - Result <val>: [val_time: 10.63 (s), val_MAE: 13.6631, val_RMSE: 23.3312, val_MAPE: 10.9657]
2026-01-26 01:58:48,916 - easytorch-training - INFO - Evaluate best model on test data for horizon 1, Test MAE: 11.6165, Test RMSE: 19.2248, Test MAPE: 7.5779
2026-01-26 01:58:48,923 - easytorch-training - INFO - Evaluate best model on test data for horizon 2, Test MAE: 12.1706, Test RMSE: 20.4942, Test MAPE: 7.9088
2026-01-26 01:58:48,930 - easytorch-training - INFO - Evaluate best model on test data for horizon 3, Test MAE: 12.6293, Test RMSE: 21.5333, Test MAPE: 8.1677
2026-01-26 01:58:48,937 - easytorch-training - INFO - Evaluate best model on test data for horizon 4, Test MAE: 13.0021, Test RMSE: 22.4274, Test MAPE: 8.4019
2026-01-26 01:58:48,938 - easytorch-training - INFO - Evaluate best model on test data for horizon 5, Test MAE: 13.3209, Test RMSE: 23.1064, Test MAPE: 8.6264
2026-01-26 01:58:48,939 - easytorch-training - INFO - Evaluate best model on test data for horizon 6, Test MAE: 13.5829, Test RMSE: 23.7174, Test MAPE: 8.7657
2026-01-26 01:58:48,940 - easytorch-training - INFO - Evaluate best model on test data for horizon 7, Test MAE: 13.8377, Test RMSE: 24.2605, Test MAPE: 8.9329
2026-01-26 01:58:48,941 - easytorch-training - INFO - Evaluate best model on test data for horizon 8, Test MAE: 14.0579, Test RMSE: 24.7180, Test MAPE: 9.0884
2026-01-26 01:58:48,942 - easytorch-training - INFO - Evaluate best model on test data for horizon 9, Test MAE: 14.2785, Test RMSE: 25.0683, Test MAPE: 9.2791
2026-01-26 01:58:48,944 - easytorch-training - INFO - Evaluate best model on test data for horizon 10, Test MAE: 14.4417, Test RMSE: 25.3761, Test MAPE: 9.4237
2026-01-26 01:58:48,945 - easytorch-training - INFO - Evaluate best model on test data for horizon 11, Test MAE: 14.6412, Test RMSE: 25.6697, Test MAPE: 9.5552
2026-01-26 01:58:48,951 - easytorch-training - INFO - Evaluate best model on test data for horizon 12, Test MAE: 14.7656, Test RMSE: 25.8610, Test MAPE: 9.6160
2026-01-26 01:58:48,958 - easytorch-training - INFO - Result <test>: [test_time: 10.35 (s), test_MAE: 13.5287, test_RMSE: 23.5449, test_MAPE: 8.7786]
2026-01-26 01:58:49,364 - easytorch-training - INFO - Checkpoint checkpoints/STMAFNet_300/020df9ee7447a9cb965bf70236749dd4/STMAFNet_195.pt saved
2026-01-26 01:58:49,365 - easytorch-training - INFO - The estimated training finish time is 2026-01-26 07:55:50
2026-01-26 01:58:49,365 - easytorch-training - INFO - Epoch 196 / 300
2026-01-26 02:00:15,573 - easytorch-training - INFO - Result <train>: [train_time: 86.21 (s), lr: 6.25e-05, train_MAE: 12.1498, train_RMSE: 20.5612, train_MAPE: 8.1539]
2026-01-26 02:00:15,575 - easytorch-training - INFO - Start validation.
2026-01-26 02:00:26,290 - easytorch-training - INFO - Result <val>: [val_time: 10.71 (s), val_MAE: 13.6905, val_RMSE: 23.3784, val_MAPE: 11.1492]
2026-01-26 02:00:36,588 - easytorch-training - INFO - Evaluate best model on test data for horizon 1, Test MAE: 11.6334, Test RMSE: 19.2387, Test MAPE: 7.7230
2026-01-26 02:00:36,595 - easytorch-training - INFO - Evaluate best model on test data for horizon 2, Test MAE: 12.2008, Test RMSE: 20.5450, Test MAPE: 7.9758
2026-01-26 02:00:36,603 - easytorch-training - INFO - Evaluate best model on test data for horizon 3, Test MAE: 12.6702, Test RMSE: 21.5913, Test MAPE: 8.2384
2026-01-26 02:00:36,610 - easytorch-training - INFO - Evaluate best model on test data for horizon 4, Test MAE: 13.0326, Test RMSE: 22.4848, Test MAPE: 8.4607
2026-01-26 02:00:36,617 - easytorch-training - INFO - Evaluate best model on test data for horizon 5, Test MAE: 13.3302, Test RMSE: 23.1427, Test MAPE: 8.6675
2026-01-26 02:00:36,619 - easytorch-training - INFO - Evaluate best model on test data for horizon 6, Test MAE: 13.6013, Test RMSE: 23.7386, Test MAPE: 8.8351
2026-01-26 02:00:36,621 - easytorch-training - INFO - Evaluate best model on test data for horizon 7, Test MAE: 13.8734, Test RMSE: 24.2668, Test MAPE: 9.0325
2026-01-26 02:00:36,622 - easytorch-training - INFO - Evaluate best model on test data for horizon 8, Test MAE: 14.0817, Test RMSE: 24.6940, Test MAPE: 9.1425
2026-01-26 02:00:36,623 - easytorch-training - INFO - Evaluate best model on test data for horizon 9, Test MAE: 14.2786, Test RMSE: 25.0601, Test MAPE: 9.2410
2026-01-26 02:00:36,624 - easytorch-training - INFO - Evaluate best model on test data for horizon 10, Test MAE: 14.4847, Test RMSE: 25.4432, Test MAPE: 9.4455
2026-01-26 02:00:36,625 - easytorch-training - INFO - Evaluate best model on test data for horizon 11, Test MAE: 14.6644, Test RMSE: 25.7274, Test MAPE: 9.6418
2026-01-26 02:00:36,627 - easytorch-training - INFO - Evaluate best model on test data for horizon 12, Test MAE: 14.8311, Test RMSE: 25.9772, Test MAPE: 9.7792
2026-01-26 02:00:36,635 - easytorch-training - INFO - Result <test>: [test_time: 10.34 (s), test_MAE: 13.5569, test_RMSE: 23.5829, test_MAPE: 8.8486]
2026-01-26 02:00:37,040 - easytorch-training - INFO - Checkpoint checkpoints/STMAFNet_300/020df9ee7447a9cb965bf70236749dd4/STMAFNet_196.pt saved
2026-01-26 02:00:37,041 - easytorch-training - INFO - The estimated training finish time is 2026-01-26 07:53:23
2026-01-26 02:00:37,041 - easytorch-training - INFO - Epoch 197 / 300
2026-01-26 02:02:02,804 - easytorch-training - INFO - Result <train>: [train_time: 85.76 (s), lr: 6.25e-05, train_MAE: 12.1439, train_RMSE: 20.5405, train_MAPE: 8.1465]
2026-01-26 02:02:02,805 - easytorch-training - INFO - Start validation.
2026-01-26 02:02:13,484 - easytorch-training - INFO - Result <val>: [val_time: 10.68 (s), val_MAE: 13.6157, val_RMSE: 23.2714, val_MAPE: 10.9531]
2026-01-26 02:02:23,805 - easytorch-training - INFO - Evaluate best model on test data for horizon 1, Test MAE: 11.6109, Test RMSE: 19.2301, Test MAPE: 7.5712
2026-01-26 02:02:23,813 - easytorch-training - INFO - Evaluate best model on test data for horizon 2, Test MAE: 12.1606, Test RMSE: 20.4985, Test MAPE: 7.8769
2026-01-26 02:02:23,820 - easytorch-training - INFO - Evaluate best model on test data for horizon 3, Test MAE: 12.6127, Test RMSE: 21.5136, Test MAPE: 8.1297
2026-01-26 02:02:23,827 - easytorch-training - INFO - Evaluate best model on test data for horizon 4, Test MAE: 12.9793, Test RMSE: 22.4033, Test MAPE: 8.3458
2026-01-26 02:02:23,834 - easytorch-training - INFO - Evaluate best model on test data for horizon 5, Test MAE: 13.3022, Test RMSE: 23.1130, Test MAPE: 8.5482
2026-01-26 02:02:23,841 - easytorch-training - INFO - Evaluate best model on test data for horizon 6, Test MAE: 13.5684, Test RMSE: 23.7151, Test MAPE: 8.7375
2026-01-26 02:02:23,845 - easytorch-training - INFO - Evaluate best model on test data for horizon 7, Test MAE: 13.8308, Test RMSE: 24.2616, Test MAPE: 8.8738
2026-01-26 02:02:23,852 - easytorch-training - INFO - Evaluate best model on test data for horizon 8, Test MAE: 14.0441, Test RMSE: 24.7148, Test MAPE: 9.0283
2026-01-26 02:02:23,857 - easytorch-training - INFO - Evaluate best model on test data for horizon 9, Test MAE: 14.2635, Test RMSE: 25.1056, Test MAPE: 9.1775
2026-01-26 02:02:23,858 - easytorch-training - INFO - Evaluate best model on test data for horizon 10, Test MAE: 14.4332, Test RMSE: 25.4311, Test MAPE: 9.2907
2026-01-26 02:02:23,859 - easytorch-training - INFO - Evaluate best model on test data for horizon 11, Test MAE: 14.6025, Test RMSE: 25.6786, Test MAPE: 9.4754
2026-01-26 02:02:23,861 - easytorch-training - INFO - Evaluate best model on test data for horizon 12, Test MAE: 14.7565, Test RMSE: 25.9072, Test MAPE: 9.5689
2026-01-26 02:02:23,864 - easytorch-training - INFO - Result <test>: [test_time: 10.38 (s), test_MAE: 13.5137, test_RMSE: 23.5556, test_MAPE: 8.7187]
2026-01-26 02:02:24,271 - easytorch-training - INFO - Checkpoint checkpoints/STMAFNet_300/020df9ee7447a9cb965bf70236749dd4/STMAFNet_197.pt saved
2026-01-26 02:02:24,272 - easytorch-training - INFO - The estimated training finish time is 2026-01-26 07:50:56
2026-01-26 02:02:24,273 - easytorch-training - INFO - Epoch 198 / 300
2026-01-26 02:03:50,177 - easytorch-training - INFO - Result <train>: [train_time: 85.90 (s), lr: 6.25e-05, train_MAE: 12.1424, train_RMSE: 20.5401, train_MAPE: 8.1380]
2026-01-26 02:03:50,178 - easytorch-training - INFO - Start validation.
2026-01-26 02:04:00,866 - easytorch-training - INFO - Result <val>: [val_time: 10.69 (s), val_MAE: 13.6517, val_RMSE: 23.3442, val_MAPE: 11.0085]
2026-01-26 02:04:11,201 - easytorch-training - INFO - Evaluate best model on test data for horizon 1, Test MAE: 11.6175, Test RMSE: 19.2410, Test MAPE: 7.6650
2026-01-26 02:04:11,208 - easytorch-training - INFO - Evaluate best model on test data for horizon 2, Test MAE: 12.1628, Test RMSE: 20.5069, Test MAPE: 7.9228
2026-01-26 02:04:11,216 - easytorch-training - INFO - Evaluate best model on test data for horizon 3, Test MAE: 12.6393, Test RMSE: 21.5559, Test MAPE: 8.3100
2026-01-26 02:04:11,223 - easytorch-training - INFO - Evaluate best model on test data for horizon 4, Test MAE: 12.9891, Test RMSE: 22.4452, Test MAPE: 8.3917
2026-01-26 02:04:11,230 - easytorch-training - INFO - Evaluate best model on test data for horizon 5, Test MAE: 13.3065, Test RMSE: 23.1683, Test MAPE: 8.5548
2026-01-26 02:04:11,237 - easytorch-training - INFO - Evaluate best model on test data for horizon 6, Test MAE: 13.5738, Test RMSE: 23.7646, Test MAPE: 8.7788
2026-01-26 02:04:11,245 - easytorch-training - INFO - Evaluate best model on test data for horizon 7, Test MAE: 13.8233, Test RMSE: 24.3016, Test MAPE: 8.8963
2026-01-26 02:04:11,249 - easytorch-training - INFO - Evaluate best model on test data for horizon 8, Test MAE: 14.0598, Test RMSE: 24.7735, Test MAPE: 9.0858
2026-01-26 02:04:11,251 - easytorch-training - INFO - Evaluate best model on test data for horizon 9, Test MAE: 14.2736, Test RMSE: 25.1224, Test MAPE: 9.2549
2026-01-26 02:04:11,252 - easytorch-training - INFO - Evaluate best model on test data for horizon 10, Test MAE: 14.4333, Test RMSE: 25.4010, Test MAPE: 9.3153
2026-01-26 02:04:11,253 - easytorch-training - INFO - Evaluate best model on test data for horizon 11, Test MAE: 14.6285, Test RMSE: 25.7104, Test MAPE: 9.4566
2026-01-26 02:04:11,254 - easytorch-training - INFO - Evaluate best model on test data for horizon 12, Test MAE: 14.7974, Test RMSE: 25.9268, Test MAPE: 9.5845
2026-01-26 02:04:11,260 - easytorch-training - INFO - Result <test>: [test_time: 10.39 (s), test_MAE: 13.5254, test_RMSE: 23.5842, test_MAPE: 8.7680]
2026-01-26 02:04:11,759 - easytorch-training - INFO - Checkpoint checkpoints/STMAFNet_300/020df9ee7447a9cb965bf70236749dd4/STMAFNet_198.pt saved
2026-01-26 02:04:11,760 - easytorch-training - INFO - The estimated training finish time is 2026-01-26 07:48:31
2026-01-26 02:04:11,760 - easytorch-training - INFO - Epoch 199 / 300
2026-01-26 02:05:37,661 - easytorch-training - INFO - Result <train>: [train_time: 85.90 (s), lr: 6.25e-05, train_MAE: 12.1358, train_RMSE: 20.5416, train_MAPE: 8.1360]
2026-01-26 02:05:37,663 - easytorch-training - INFO - Start validation.
2026-01-26 02:05:48,309 - easytorch-training - INFO - Result <val>: [val_time: 10.65 (s), val_MAE: 13.7007, val_RMSE: 23.4168, val_MAPE: 11.1304]
2026-01-26 02:05:58,613 - easytorch-training - INFO - Evaluate best model on test data for horizon 1, Test MAE: 11.6312, Test RMSE: 19.2521, Test MAPE: 7.6674
2026-01-26 02:05:58,620 - easytorch-training - INFO - Evaluate best model on test data for horizon 2, Test MAE: 12.2109, Test RMSE: 20.5562, Test MAPE: 7.9484
2026-01-26 02:05:58,628 - easytorch-training - INFO - Evaluate best model on test data for horizon 3, Test MAE: 12.6704, Test RMSE: 21.6232, Test MAPE: 8.2434
2026-01-26 02:05:58,632 - easytorch-training - INFO - Evaluate best model on test data for horizon 4, Test MAE: 13.0544, Test RMSE: 22.5316, Test MAPE: 8.4581
2026-01-26 02:05:58,633 - easytorch-training - INFO - Evaluate best model on test data for horizon 5, Test MAE: 13.3584, Test RMSE: 23.2406, Test MAPE: 8.6790
2026-01-26 02:05:58,634 - easytorch-training - INFO - Evaluate best model on test data for horizon 6, Test MAE: 13.6368, Test RMSE: 23.8390, Test MAPE: 8.8333
2026-01-26 02:05:58,637 - easytorch-training - INFO - Evaluate best model on test data for horizon 7, Test MAE: 13.8811, Test RMSE: 24.3454, Test MAPE: 8.9799
2026-01-26 02:05:58,638 - easytorch-training - INFO - Evaluate best model on test data for horizon 8, Test MAE: 14.1019, Test RMSE: 24.7846, Test MAPE: 9.0921
2026-01-26 02:05:58,643 - easytorch-training - INFO - Evaluate best model on test data for horizon 9, Test MAE: 14.3160, Test RMSE: 25.1595, Test MAPE: 9.2504
2026-01-26 02:05:58,648 - easytorch-training - INFO - Evaluate best model on test data for horizon 10, Test MAE: 14.4871, Test RMSE: 25.5138, Test MAPE: 9.4060
2026-01-26 02:05:58,655 - easytorch-training - INFO - Evaluate best model on test data for horizon 11, Test MAE: 14.6740, Test RMSE: 25.8218, Test MAPE: 9.5271
2026-01-26 02:05:58,662 - easytorch-training - INFO - Evaluate best model on test data for horizon 12, Test MAE: 14.8654, Test RMSE: 26.0441, Test MAPE: 9.7410
2026-01-26 02:05:58,673 - easytorch-training - INFO - Result <test>: [test_time: 10.36 (s), test_MAE: 13.5740, test_RMSE: 23.6517, test_MAPE: 8.8188]
2026-01-26 02:05:59,080 - easytorch-training - INFO - Checkpoint checkpoints/STMAFNet_300/020df9ee7447a9cb965bf70236749dd4/STMAFNet_199.pt saved
2026-01-26 02:05:59,081 - easytorch-training - INFO - The estimated training finish time is 2026-01-26 07:46:08
2026-01-26 02:05:59,081 - easytorch-training - INFO - Epoch 200 / 300
2026-01-26 02:07:25,160 - easytorch-training - INFO - Result <train>: [train_time: 86.08 (s), lr: 6.25e-05, train_MAE: 12.1340, train_RMSE: 20.5301, train_MAPE: 8.1401]
2026-01-26 02:07:25,161 - easytorch-training - INFO - Start validation.
2026-01-26 02:07:35,865 - easytorch-training - INFO - Result <val>: [val_time: 10.70 (s), val_MAE: 13.6808, val_RMSE: 23.4184, val_MAPE: 10.9728]
2026-01-26 02:07:46,188 - easytorch-training - INFO - Evaluate best model on test data for horizon 1, Test MAE: 11.6243, Test RMSE: 19.2664, Test MAPE: 7.5800
2026-01-26 02:07:46,192 - easytorch-training - INFO - Evaluate best model on test data for horizon 2, Test MAE: 12.1969, Test RMSE: 20.5505, Test MAPE: 7.9090
2026-01-26 02:07:46,193 - easytorch-training - INFO - Evaluate best model on test data for horizon 3, Test MAE: 12.6514, Test RMSE: 21.5913, Test MAPE: 8.1587
2026-01-26 02:07:46,194 - easytorch-training - INFO - Evaluate best model on test data for horizon 4, Test MAE: 13.0401, Test RMSE: 22.5091, Test MAPE: 8.4122
2026-01-26 02:07:46,195 - easytorch-training - INFO - Evaluate best model on test data for horizon 5, Test MAE: 13.3576, Test RMSE: 23.2399, Test MAPE: 8.6131
2026-01-26 02:07:46,196 - easytorch-training - INFO - Evaluate best model on test data for horizon 6, Test MAE: 13.6227, Test RMSE: 23.8578, Test MAPE: 8.7763
2026-01-26 02:07:46,198 - easytorch-training - INFO - Evaluate best model on test data for horizon 7, Test MAE: 13.8954, Test RMSE: 24.3899, Test MAPE: 8.9528
2026-01-26 02:07:46,201 - easytorch-training - INFO - Evaluate best model on test data for horizon 8, Test MAE: 14.0996, Test RMSE: 24.8224, Test MAPE: 9.1074
2026-01-26 02:07:46,207 - easytorch-training - INFO - Evaluate best model on test data for horizon 9, Test MAE: 14.3098, Test RMSE: 25.1952, Test MAPE: 9.2425
2026-01-26 02:07:46,209 - easytorch-training - INFO - Evaluate best model on test data for horizon 10, Test MAE: 14.4783, Test RMSE: 25.5272, Test MAPE: 9.3544
2026-01-26 02:07:46,211 - easytorch-training - INFO - Evaluate best model on test data for horizon 11, Test MAE: 14.6680, Test RMSE: 25.8228, Test MAPE: 9.5372
2026-01-26 02:07:46,214 - easytorch-training - INFO - Evaluate best model on test data for horizon 12, Test MAE: 14.8257, Test RMSE: 26.0528, Test MAPE: 9.6081
2026-01-26 02:07:46,224 - easytorch-training - INFO - Result <test>: [test_time: 10.36 (s), test_MAE: 13.5642, test_RMSE: 23.6620, test_MAPE: 8.7710]
2026-01-26 02:07:46,641 - easytorch-training - INFO - Checkpoint checkpoints/STMAFNet_300/020df9ee7447a9cb965bf70236749dd4/STMAFNet_200.pt saved
2026-01-26 02:07:46,677 - easytorch-training - INFO - The estimated training finish time is 2026-01-26 07:43:46
2026-01-26 02:07:46,678 - easytorch-training - INFO - Epoch 201 / 300
2026-01-26 02:09:12,680 - easytorch-training - INFO - Result <train>: [train_time: 86.00 (s), lr: 6.25e-05, train_MAE: 12.1264, train_RMSE: 20.5131, train_MAPE: 8.1359]
2026-01-26 02:09:12,682 - easytorch-training - INFO - Start validation.
2026-01-26 02:09:23,316 - easytorch-training - INFO - Result <val>: [val_time: 10.63 (s), val_MAE: 13.6311, val_RMSE: 23.2519, val_MAPE: 10.8271]
2026-01-26 02:09:33,613 - easytorch-training - INFO - Evaluate best model on test data for horizon 1, Test MAE: 11.6143, Test RMSE: 19.2397, Test MAPE: 7.6083
2026-01-26 02:09:33,620 - easytorch-training - INFO - Evaluate best model on test data for horizon 2, Test MAE: 12.1799, Test RMSE: 20.5085, Test MAPE: 7.9108
2026-01-26 02:09:33,627 - easytorch-training - INFO - Evaluate best model on test data for horizon 3, Test MAE: 12.6425, Test RMSE: 21.5666, Test MAPE: 8.2258
2026-01-26 02:09:33,635 - easytorch-training - INFO - Evaluate best model on test data for horizon 4, Test MAE: 13.0019, Test RMSE: 22.4306, Test MAPE: 8.3543
2026-01-26 02:09:33,636 - easytorch-training - INFO - Evaluate best model on test data for horizon 5, Test MAE: 13.2974, Test RMSE: 23.1153, Test MAPE: 8.5901
2026-01-26 02:09:33,658 - easytorch-training - INFO - Evaluate best model on test data for horizon 6, Test MAE: 13.5626, Test RMSE: 23.6821, Test MAPE: 8.7224
2026-01-26 02:09:33,666 - easytorch-training - INFO - Evaluate best model on test data for horizon 7, Test MAE: 13.8083, Test RMSE: 24.1597, Test MAPE: 8.8922
2026-01-26 02:09:33,673 - easytorch-training - INFO - Evaluate best model on test data for horizon 8, Test MAE: 14.0542, Test RMSE: 24.6223, Test MAPE: 9.0595
2026-01-26 02:09:33,680 - easytorch-training - INFO - Evaluate best model on test data for horizon 9, Test MAE: 14.2659, Test RMSE: 25.0219, Test MAPE: 9.1904
2026-01-26 02:09:33,683 - easytorch-training - INFO - Evaluate best model on test data for horizon 10, Test MAE: 14.4501, Test RMSE: 25.3783, Test MAPE: 9.3249
2026-01-26 02:09:33,684 - easytorch-training - INFO - Evaluate best model on test data for horizon 11, Test MAE: 14.6287, Test RMSE: 25.6935, Test MAPE: 9.4685
2026-01-26 02:09:33,685 - easytorch-training - INFO - Evaluate best model on test data for horizon 12, Test MAE: 14.7903, Test RMSE: 25.9301, Test MAPE: 9.5860
2026-01-26 02:09:33,689 - easytorch-training - INFO - Result <test>: [test_time: 10.37 (s), test_MAE: 13.5247, test_RMSE: 23.5351, test_MAPE: 8.7444]
2026-01-26 02:09:34,093 - easytorch-training - INFO - Checkpoint checkpoints/STMAFNet_300/020df9ee7447a9cb965bf70236749dd4/STMAFNet_201.pt saved
2026-01-26 02:09:34,094 - easytorch-training - INFO - The estimated training finish time is 2026-01-26 07:41:25
2026-01-26 02:09:34,094 - easytorch-training - INFO - Epoch 202 / 300
2026-01-26 02:11:00,193 - easytorch-training - INFO - Result <train>: [train_time: 86.10 (s), lr: 6.25e-05, train_MAE: 12.1269, train_RMSE: 20.5179, train_MAPE: 8.1300]
2026-01-26 02:11:00,194 - easytorch-training - INFO - Start validation.
2026-01-26 02:11:10,916 - easytorch-training - INFO - Result <val>: [val_time: 10.72 (s), val_MAE: 13.6560, val_RMSE: 23.3401, val_MAPE: 11.0277]
2026-01-26 02:11:20,823 - easytorch-training - INFO - Evaluate best model on test data for horizon 1, Test MAE: 11.6357, Test RMSE: 19.2505, Test MAPE: 7.6370
2026-01-26 02:11:20,830 - easytorch-training - INFO - Evaluate best model on test data for horizon 2, Test MAE: 12.1850, Test RMSE: 20.5148, Test MAPE: 7.9350
2026-01-26 02:11:20,837 - easytorch-training - INFO - Evaluate best model on test data for horizon 3, Test MAE: 12.6427, Test RMSE: 21.5534, Test MAPE: 8.1892
2026-01-26 02:11:20,844 - easytorch-training - INFO - Evaluate best model on test data for horizon 4, Test MAE: 13.0023, Test RMSE: 22.4224, Test MAPE: 8.3890
2026-01-26 02:11:20,852 - easytorch-training - INFO - Evaluate best model on test data for horizon 5, Test MAE: 13.3252, Test RMSE: 23.1579, Test MAPE: 8.5848
2026-01-26 02:11:20,853 - easytorch-training - INFO - Evaluate best model on test data for horizon 6, Test MAE: 13.5882, Test RMSE: 23.7290, Test MAPE: 8.7684
2026-01-26 02:11:20,854 - easytorch-training - INFO - Evaluate best model on test data for horizon 7, Test MAE: 13.8236, Test RMSE: 24.2212, Test MAPE: 8.9085
2026-01-26 02:11:20,855 - easytorch-training - INFO - Evaluate best model on test data for horizon 8, Test MAE: 14.0525, Test RMSE: 24.6815, Test MAPE: 9.0724
2026-01-26 02:11:20,863 - easytorch-training - INFO - Evaluate best model on test data for horizon 9, Test MAE: 14.2542, Test RMSE: 25.0614, Test MAPE: 9.1882
2026-01-26 02:11:20,870 - easytorch-training - INFO - Evaluate best model on test data for horizon 10, Test MAE: 14.4275, Test RMSE: 25.3789, Test MAPE: 9.3186
2026-01-26 02:11:20,877 - easytorch-training - INFO - Evaluate best model on test data for horizon 11, Test MAE: 14.6011, Test RMSE: 25.6720, Test MAPE: 9.4524
2026-01-26 02:11:20,884 - easytorch-training - INFO - Evaluate best model on test data for horizon 12, Test MAE: 14.7626, Test RMSE: 25.8973, Test MAPE: 9.6060
2026-01-26 02:11:20,895 - easytorch-training - INFO - Result <test>: [test_time: 9.98 (s), test_MAE: 13.5250, test_RMSE: 23.5511, test_MAPE: 8.7541]
2026-01-26 02:11:21,301 - easytorch-training - INFO - Checkpoint checkpoints/STMAFNet_300/020df9ee7447a9cb965bf70236749dd4/STMAFNet_202.pt saved
2026-01-26 02:11:21,302 - easytorch-training - INFO - The estimated training finish time is 2026-01-26 07:39:06
2026-01-26 02:11:21,302 - easytorch-training - INFO - Epoch 203 / 300
2026-01-26 02:12:47,780 - easytorch-training - INFO - Result <train>: [train_time: 86.48 (s), lr: 6.25e-05, train_MAE: 12.1182, train_RMSE: 20.5044, train_MAPE: 8.1369]
2026-01-26 02:12:47,781 - easytorch-training - INFO - Start validation.
2026-01-26 02:12:58,191 - easytorch-training - INFO - Result <val>: [val_time: 10.41 (s), val_MAE: 13.6900, val_RMSE: 23.4209, val_MAPE: 11.0084]
2026-01-26 02:13:07,944 - easytorch-training - INFO - Evaluate best model on test data for horizon 1, Test MAE: 11.6353, Test RMSE: 19.2856, Test MAPE: 7.5890
2026-01-26 02:13:07,951 - easytorch-training - INFO - Evaluate best model on test data for horizon 2, Test MAE: 12.2053, Test RMSE: 20.5692, Test MAPE: 7.8936
2026-01-26 02:13:07,958 - easytorch-training - INFO - Evaluate best model on test data for horizon 3, Test MAE: 12.6774, Test RMSE: 21.6564, Test MAPE: 8.1939
2026-01-26 02:13:07,965 - easytorch-training - INFO - Evaluate best model on test data for horizon 4, Test MAE: 13.0446, Test RMSE: 22.5414, Test MAPE: 8.4378
2026-01-26 02:13:07,971 - easytorch-training - INFO - Evaluate best model on test data for horizon 5, Test MAE: 13.3594, Test RMSE: 23.2662, Test MAPE: 8.6210
2026-01-26 02:13:07,972 - easytorch-training - INFO - Evaluate best model on test data for horizon 6, Test MAE: 13.6308, Test RMSE: 23.8352, Test MAPE: 8.7752
2026-01-26 02:13:07,979 - easytorch-training - INFO - Evaluate best model on test data for horizon 7, Test MAE: 13.8695, Test RMSE: 24.3253, Test MAPE: 8.9315
2026-01-26 02:13:07,987 - easytorch-training - INFO - Evaluate best model on test data for horizon 8, Test MAE: 14.0919, Test RMSE: 24.7783, Test MAPE: 9.1083
2026-01-26 02:13:07,994 - easytorch-training - INFO - Evaluate best model on test data for horizon 9, Test MAE: 14.2999, Test RMSE: 25.1334, Test MAPE: 9.2275
2026-01-26 02:13:08,001 - easytorch-training - INFO - Evaluate best model on test data for horizon 10, Test MAE: 14.4857, Test RMSE: 25.4775, Test MAPE: 9.4056
2026-01-26 02:13:08,008 - easytorch-training - INFO - Evaluate best model on test data for horizon 11, Test MAE: 14.6655, Test RMSE: 25.7923, Test MAPE: 9.4964
2026-01-26 02:13:08,016 - easytorch-training - INFO - Evaluate best model on test data for horizon 12, Test MAE: 14.8485, Test RMSE: 26.0327, Test MAPE: 9.6496
2026-01-26 02:13:08,020 - easytorch-training - INFO - Result <test>: [test_time: 9.83 (s), test_MAE: 13.5678, test_RMSE: 23.6484, test_MAPE: 8.7774]
2026-01-26 02:13:08,429 - easytorch-training - INFO - Checkpoint checkpoints/STMAFNet_300/020df9ee7447a9cb965bf70236749dd4/STMAFNet_203.pt saved
2026-01-26 02:13:08,430 - easytorch-training - INFO - The estimated training finish time is 2026-01-26 07:36:48
2026-01-26 02:13:08,430 - easytorch-training - INFO - Epoch 204 / 300
2026-01-26 02:14:35,395 - easytorch-training - INFO - Result <train>: [train_time: 86.96 (s), lr: 6.25e-05, train_MAE: 12.1111, train_RMSE: 20.4855, train_MAPE: 8.1327]
2026-01-26 02:14:35,397 - easytorch-training - INFO - Start validation.
2026-01-26 02:14:45,400 - easytorch-training - INFO - Result <val>: [val_time: 10.00 (s), val_MAE: 13.6798, val_RMSE: 23.3589, val_MAPE: 10.9647]
2026-01-26 02:14:55,204 - easytorch-training - INFO - Evaluate best model on test data for horizon 1, Test MAE: 11.6394, Test RMSE: 19.2621, Test MAPE: 7.6271
2026-01-26 02:14:55,211 - easytorch-training - INFO - Evaluate best model on test data for horizon 2, Test MAE: 12.1804, Test RMSE: 20.4917, Test MAPE: 7.9295
2026-01-26 02:14:55,218 - easytorch-training - INFO - Evaluate best model on test data for horizon 3, Test MAE: 12.6439, Test RMSE: 21.5142, Test MAPE: 8.1818
2026-01-26 02:14:55,225 - easytorch-training - INFO - Evaluate best model on test data for horizon 4, Test MAE: 13.0283, Test RMSE: 22.4042, Test MAPE: 8.4303
2026-01-26 02:14:55,230 - easytorch-training - INFO - Evaluate best model on test data for horizon 5, Test MAE: 13.3520, Test RMSE: 23.1349, Test MAPE: 8.6262
2026-01-26 02:14:55,233 - easytorch-training - INFO - Evaluate best model on test data for horizon 6, Test MAE: 13.6285, Test RMSE: 23.7380, Test MAPE: 8.8437
2026-01-26 02:14:55,241 - easytorch-training - INFO - Evaluate best model on test data for horizon 7, Test MAE: 13.8960, Test RMSE: 24.2755, Test MAPE: 8.9735
2026-01-26 02:14:55,248 - easytorch-training - INFO - Evaluate best model on test data for horizon 8, Test MAE: 14.1236, Test RMSE: 24.7489, Test MAPE: 9.1172
2026-01-26 02:14:55,255 - easytorch-training - INFO - Evaluate best model on test data for horizon 9, Test MAE: 14.3372, Test RMSE: 25.1084, Test MAPE: 9.3085
2026-01-26 02:14:55,262 - easytorch-training - INFO - Evaluate best model on test data for horizon 10, Test MAE: 14.5134, Test RMSE: 25.4647, Test MAPE: 9.3923
2026-01-26 02:14:55,270 - easytorch-training - INFO - Evaluate best model on test data for horizon 11, Test MAE: 14.6833, Test RMSE: 25.7525, Test MAPE: 9.5204
2026-01-26 02:14:55,275 - easytorch-training - INFO - Evaluate best model on test data for horizon 12, Test MAE: 14.8483, Test RMSE: 25.9961, Test MAPE: 9.6424
2026-01-26 02:14:55,279 - easytorch-training - INFO - Result <test>: [test_time: 9.88 (s), test_MAE: 13.5728, test_RMSE: 23.5834, test_MAPE: 8.7994]
2026-01-26 02:14:55,685 - easytorch-training - INFO - Checkpoint checkpoints/STMAFNet_300/020df9ee7447a9cb965bf70236749dd4/STMAFNet_204.pt saved
2026-01-26 02:14:55,685 - easytorch-training - INFO - The estimated training finish time is 2026-01-26 07:34:31
2026-01-26 02:14:55,686 - easytorch-training - INFO - Epoch 205 / 300
2026-01-26 02:16:22,603 - easytorch-training - INFO - Result <train>: [train_time: 86.92 (s), lr: 6.25e-05, train_MAE: 12.1116, train_RMSE: 20.4894, train_MAPE: 8.1226]
2026-01-26 02:16:22,604 - easytorch-training - INFO - Start validation.
2026-01-26 02:16:32,901 - easytorch-training - INFO - Result <val>: [val_time: 10.30 (s), val_MAE: 13.6559, val_RMSE: 23.3382, val_MAPE: 10.9856]
2026-01-26 02:16:42,499 - easytorch-training - INFO - Evaluate best model on test data for horizon 1, Test MAE: 11.6291, Test RMSE: 19.2702, Test MAPE: 7.7185
2026-01-26 02:16:42,506 - easytorch-training - INFO - Evaluate best model on test data for horizon 2, Test MAE: 12.2029, Test RMSE: 20.5617, Test MAPE: 7.9478
2026-01-26 02:16:42,513 - easytorch-training - INFO - Evaluate best model on test data for horizon 3, Test MAE: 12.6715, Test RMSE: 21.6317, Test MAPE: 8.1421
2026-01-26 02:16:42,521 - easytorch-training - INFO - Evaluate best model on test data for horizon 4, Test MAE: 13.0322, Test RMSE: 22.5110, Test MAPE: 8.3494
2026-01-26 02:16:42,522 - easytorch-training - INFO - Evaluate best model on test data for horizon 5, Test MAE: 13.3405, Test RMSE: 23.2209, Test MAPE: 8.5394
2026-01-26 02:16:42,529 - easytorch-training - INFO - Evaluate best model on test data for horizon 6, Test MAE: 13.6204, Test RMSE: 23.8273, Test MAPE: 8.7374
2026-01-26 02:16:42,537 - easytorch-training - INFO - Evaluate best model on test data for horizon 7, Test MAE: 13.8697, Test RMSE: 24.3252, Test MAPE: 8.8990
2026-01-26 02:16:42,544 - easytorch-training - INFO - Evaluate best model on test data for horizon 8, Test MAE: 14.0994, Test RMSE: 24.7902, Test MAPE: 9.0500
2026-01-26 02:16:42,551 - easytorch-training - INFO - Evaluate best model on test data for horizon 9, Test MAE: 14.3099, Test RMSE: 25.1476, Test MAPE: 9.1908
2026-01-26 02:16:42,558 - easytorch-training - INFO - Evaluate best model on test data for horizon 10, Test MAE: 14.4818, Test RMSE: 25.4764, Test MAPE: 9.3581
2026-01-26 02:16:42,565 - easytorch-training - INFO - Evaluate best model on test data for horizon 11, Test MAE: 14.6640, Test RMSE: 25.7610, Test MAPE: 9.4850
2026-01-26 02:16:42,570 - easytorch-training - INFO - Evaluate best model on test data for horizon 12, Test MAE: 14.8588, Test RMSE: 26.0276, Test MAPE: 9.6731
2026-01-26 02:16:42,574 - easytorch-training - INFO - Result <test>: [test_time: 9.67 (s), test_MAE: 13.5650, test_RMSE: 23.6371, test_MAPE: 8.7575]
2026-01-26 02:16:42,981 - easytorch-training - INFO - Checkpoint checkpoints/STMAFNet_300/020df9ee7447a9cb965bf70236749dd4/STMAFNet_205.pt saved
2026-01-26 02:16:42,982 - easytorch-training - INFO - The estimated training finish time is 2026-01-26 07:32:16
2026-01-26 02:16:42,982 - easytorch-training - INFO - Epoch 206 / 300
2026-01-26 02:18:09,736 - easytorch-training - INFO - Result <train>: [train_time: 86.75 (s), lr: 6.25e-05, train_MAE: 12.1106, train_RMSE: 20.4798, train_MAPE: 8.1239]
2026-01-26 02:18:09,738 - easytorch-training - INFO - Start validation.
2026-01-26 02:18:19,721 - easytorch-training - INFO - Result <val>: [val_time: 9.98 (s), val_MAE: 13.6447, val_RMSE: 23.3461, val_MAPE: 11.0619]
2026-01-26 02:18:30,064 - easytorch-training - INFO - Evaluate best model on test data for horizon 1, Test MAE: 11.6119, Test RMSE: 19.2341, Test MAPE: 7.5873
2026-01-26 02:18:30,068 - easytorch-training - INFO - Evaluate best model on test data for horizon 2, Test MAE: 12.1802, Test RMSE: 20.5337, Test MAPE: 7.9174
2026-01-26 02:18:30,070 - easytorch-training - INFO - Evaluate best model on test data for horizon 3, Test MAE: 12.6453, Test RMSE: 21.6001, Test MAPE: 8.2612
2026-01-26 02:18:30,071 - easytorch-training - INFO - Evaluate best model on test data for horizon 4, Test MAE: 13.0126, Test RMSE: 22.4975, Test MAPE: 8.3828
2026-01-26 02:18:30,072 - easytorch-training - INFO - Evaluate best model on test data for horizon 5, Test MAE: 13.3148, Test RMSE: 23.1929, Test MAPE: 8.5533
2026-01-26 02:18:30,073 - easytorch-training - INFO - Evaluate best model on test data for horizon 6, Test MAE: 13.5665, Test RMSE: 23.7559, Test MAPE: 8.7209
2026-01-26 02:18:30,074 - easytorch-training - INFO - Evaluate best model on test data for horizon 7, Test MAE: 13.8264, Test RMSE: 24.2730, Test MAPE: 8.8571
2026-01-26 02:18:30,076 - easytorch-training - INFO - Evaluate best model on test data for horizon 8, Test MAE: 14.0487, Test RMSE: 24.7171, Test MAPE: 9.0489
2026-01-26 02:18:30,083 - easytorch-training - INFO - Evaluate best model on test data for horizon 9, Test MAE: 14.2701, Test RMSE: 25.0980, Test MAPE: 9.2764
2026-01-26 02:18:30,090 - easytorch-training - INFO - Evaluate best model on test data for horizon 10, Test MAE: 14.4343, Test RMSE: 25.3912, Test MAPE: 9.4112
2026-01-26 02:18:30,097 - easytorch-training - INFO - Evaluate best model on test data for horizon 11, Test MAE: 14.6133, Test RMSE: 25.6914, Test MAPE: 9.4448
2026-01-26 02:18:30,105 - easytorch-training - INFO - Evaluate best model on test data for horizon 12, Test MAE: 14.7812, Test RMSE: 25.9328, Test MAPE: 9.5984
2026-01-26 02:18:30,115 - easytorch-training - INFO - Result <test>: [test_time: 10.39 (s), test_MAE: 13.5254, test_RMSE: 23.5829, test_MAPE: 8.7550]
2026-01-26 02:18:30,522 - easytorch-training - INFO - Checkpoint checkpoints/STMAFNet_300/020df9ee7447a9cb965bf70236749dd4/STMAFNet_206.pt saved
2026-01-26 02:18:30,523 - easytorch-training - INFO - The estimated training finish time is 2026-01-26 07:30:02
2026-01-26 02:18:30,523 - easytorch-training - INFO - Epoch 207 / 300
2026-01-26 02:19:57,059 - easytorch-training - INFO - Result <train>: [train_time: 86.54 (s), lr: 6.25e-05, train_MAE: 12.1083, train_RMSE: 20.4837, train_MAPE: 8.1146]
2026-01-26 02:19:57,060 - easytorch-training - INFO - Start validation.
2026-01-26 02:20:07,173 - easytorch-training - INFO - Result <val>: [val_time: 10.11 (s), val_MAE: 13.6645, val_RMSE: 23.3307, val_MAPE: 11.2285]
2026-01-26 02:20:17,533 - easytorch-training - INFO - Evaluate best model on test data for horizon 1, Test MAE: 11.6256, Test RMSE: 19.2583, Test MAPE: 7.6726
2026-01-26 02:20:17,541 - easytorch-training - INFO - Evaluate best model on test data for horizon 2, Test MAE: 12.1922, Test RMSE: 20.5481, Test MAPE: 7.9272
2026-01-26 02:20:17,548 - easytorch-training - INFO - Evaluate best model on test data for horizon 3, Test MAE: 12.6399, Test RMSE: 21.5452, Test MAPE: 8.2326
2026-01-26 02:20:17,555 - easytorch-training - INFO - Evaluate best model on test data for horizon 4, Test MAE: 13.0019, Test RMSE: 22.4002, Test MAPE: 8.4368
2026-01-26 02:20:17,558 - easytorch-training - INFO - Evaluate best model on test data for horizon 5, Test MAE: 13.3012, Test RMSE: 23.1197, Test MAPE: 8.5892
2026-01-26 02:20:17,559 - easytorch-training - INFO - Evaluate best model on test data for horizon 6, Test MAE: 13.5789, Test RMSE: 23.7281, Test MAPE: 8.8044
2026-01-26 02:20:17,561 - easytorch-training - INFO - Evaluate best model on test data for horizon 7, Test MAE: 13.8351, Test RMSE: 24.2282, Test MAPE: 8.9309
2026-01-26 02:20:17,562 - easytorch-training - INFO - Evaluate best model on test data for horizon 8, Test MAE: 14.0756, Test RMSE: 24.6986, Test MAPE: 9.0905
2026-01-26 02:20:17,563 - easytorch-training - INFO - Evaluate best model on test data for horizon 9, Test MAE: 14.2662, Test RMSE: 25.0267, Test MAPE: 9.2382
2026-01-26 02:20:17,569 - easytorch-training - INFO - Evaluate best model on test data for horizon 10, Test MAE: 14.4518, Test RMSE: 25.3509, Test MAPE: 9.4028
2026-01-26 02:20:17,576 - easytorch-training - INFO - Evaluate best model on test data for horizon 11, Test MAE: 14.6228, Test RMSE: 25.6359, Test MAPE: 9.5167
2026-01-26 02:20:17,583 - easytorch-training - INFO - Evaluate best model on test data for horizon 12, Test MAE: 14.7866, Test RMSE: 25.8669, Test MAPE: 9.6670
2026-01-26 02:20:17,594 - easytorch-training - INFO - Result <test>: [test_time: 10.42 (s), test_MAE: 13.5315, test_RMSE: 23.5389, test_MAPE: 8.7924]
2026-01-26 02:20:18,024 - easytorch-training - INFO - Checkpoint checkpoints/STMAFNet_300/020df9ee7447a9cb965bf70236749dd4/STMAFNet_207.pt saved
2026-01-26 02:20:18,025 - easytorch-training - INFO - The estimated training finish time is 2026-01-26 07:27:50
2026-01-26 02:20:18,025 - easytorch-training - INFO - Epoch 208 / 300
2026-01-26 02:21:44,118 - easytorch-training - INFO - Result <train>: [train_time: 86.09 (s), lr: 6.25e-05, train_MAE: 12.0991, train_RMSE: 20.4604, train_MAPE: 8.1135]
2026-01-26 02:21:44,119 - easytorch-training - INFO - Start validation.
2026-01-26 02:21:54,896 - easytorch-training - INFO - Result <val>: [val_time: 10.78 (s), val_MAE: 13.6453, val_RMSE: 23.2963, val_MAPE: 10.9125]
2026-01-26 02:22:05,253 - easytorch-training - INFO - Evaluate best model on test data for horizon 1, Test MAE: 11.6220, Test RMSE: 19.2611, Test MAPE: 7.7453
2026-01-26 02:22:05,260 - easytorch-training - INFO - Evaluate best model on test data for horizon 2, Test MAE: 12.1900, Test RMSE: 20.5305, Test MAPE: 7.8922
2026-01-26 02:22:05,267 - easytorch-training - INFO - Evaluate best model on test data for horizon 3, Test MAE: 12.6395, Test RMSE: 21.5387, Test MAPE: 8.1682
2026-01-26 02:22:05,274 - easytorch-training - INFO - Evaluate best model on test data for horizon 4, Test MAE: 13.0241, Test RMSE: 22.3836, Test MAPE: 8.4155
2026-01-26 02:22:05,275 - easytorch-training - INFO - Evaluate best model on test data for horizon 5, Test MAE: 13.3224, Test RMSE: 23.1160, Test MAPE: 8.5683
2026-01-26 02:22:05,276 - easytorch-training - INFO - Evaluate best model on test data for horizon 6, Test MAE: 13.6037, Test RMSE: 23.6972, Test MAPE: 8.7102
2026-01-26 02:22:05,277 - easytorch-training - INFO - Evaluate best model on test data for horizon 7, Test MAE: 13.8650, Test RMSE: 24.2558, Test MAPE: 8.8709
2026-01-26 02:22:05,278 - easytorch-training - INFO - Evaluate best model on test data for horizon 8, Test MAE: 14.0866, Test RMSE: 24.7174, Test MAPE: 9.0276
2026-01-26 02:22:05,279 - easytorch-training - INFO - Evaluate best model on test data for horizon 9, Test MAE: 14.2888, Test RMSE: 25.0815, Test MAPE: 9.1411
2026-01-26 02:22:05,281 - easytorch-training - INFO - Evaluate best model on test data for horizon 10, Test MAE: 14.4808, Test RMSE: 25.4166, Test MAPE: 9.2975
2026-01-26 02:22:05,286 - easytorch-training - INFO - Evaluate best model on test data for horizon 11, Test MAE: 14.6554, Test RMSE: 25.7062, Test MAPE: 9.4245
2026-01-26 02:22:05,293 - easytorch-training - INFO - Evaluate best model on test data for horizon 12, Test MAE: 14.8271, Test RMSE: 25.9698, Test MAPE: 9.5609
2026-01-26 02:22:05,304 - easytorch-training - INFO - Result <test>: [test_time: 10.41 (s), test_MAE: 13.5504, test_RMSE: 23.5637, test_MAPE: 8.7352]
2026-01-26 02:22:05,710 - easytorch-training - INFO - Checkpoint checkpoints/STMAFNet_300/020df9ee7447a9cb965bf70236749dd4/STMAFNet_208.pt saved
2026-01-26 02:22:05,711 - easytorch-training - INFO - The estimated training finish time is 2026-01-26 07:25:39
2026-01-26 02:22:05,711 - easytorch-training - INFO - Epoch 209 / 300
2026-01-26 02:23:31,970 - easytorch-training - INFO - Result <train>: [train_time: 86.26 (s), lr: 6.25e-05, train_MAE: 12.0944, train_RMSE: 20.4640, train_MAPE: 8.1135]
2026-01-26 02:23:31,971 - easytorch-training - INFO - Start validation.
2026-01-26 02:23:42,684 - easytorch-training - INFO - Result <val>: [val_time: 10.71 (s), val_MAE: 13.6763, val_RMSE: 23.4073, val_MAPE: 11.0372]
2026-01-26 02:23:53,053 - easytorch-training - INFO - Evaluate best model on test data for horizon 1, Test MAE: 11.6184, Test RMSE: 19.2247, Test MAPE: 7.7222
2026-01-26 02:23:53,060 - easytorch-training - INFO - Evaluate best model on test data for horizon 2, Test MAE: 12.1804, Test RMSE: 20.5133, Test MAPE: 8.0047
2026-01-26 02:23:53,068 - easytorch-training - INFO - Evaluate best model on test data for horizon 3, Test MAE: 12.6629, Test RMSE: 21.5737, Test MAPE: 8.2652
2026-01-26 02:23:53,075 - easytorch-training - INFO - Evaluate best model on test data for horizon 4, Test MAE: 13.0277, Test RMSE: 22.4707, Test MAPE: 8.5550
2026-01-26 02:23:53,078 - easytorch-training - INFO - Evaluate best model on test data for horizon 5, Test MAE: 13.3536, Test RMSE: 23.2010, Test MAPE: 8.6571
2026-01-26 02:23:53,079 - easytorch-training - INFO - Evaluate best model on test data for horizon 6, Test MAE: 13.6218, Test RMSE: 23.7986, Test MAPE: 8.7336
2026-01-26 02:23:53,080 - easytorch-training - INFO - Evaluate best model on test data for horizon 7, Test MAE: 13.8853, Test RMSE: 24.3296, Test MAPE: 8.9237
2026-01-26 02:23:53,081 - easytorch-training - INFO - Evaluate best model on test data for horizon 8, Test MAE: 14.1026, Test RMSE: 24.8040, Test MAPE: 9.0488
2026-01-26 02:23:53,082 - easytorch-training - INFO - Evaluate best model on test data for horizon 9, Test MAE: 14.3105, Test RMSE: 25.1823, Test MAPE: 9.2215
2026-01-26 02:23:53,083 - easytorch-training - INFO - Evaluate best model on test data for horizon 10, Test MAE: 14.4754, Test RMSE: 25.4888, Test MAPE: 9.3164
2026-01-26 02:23:53,085 - easytorch-training - INFO - Evaluate best model on test data for horizon 11, Test MAE: 14.6632, Test RMSE: 25.7799, Test MAPE: 9.4907
2026-01-26 02:23:53,092 - easytorch-training - INFO - Evaluate best model on test data for horizon 12, Test MAE: 14.8093, Test RMSE: 25.9881, Test MAPE: 9.6103
2026-01-26 02:23:53,103 - easytorch-training - INFO - Result <test>: [test_time: 10.42 (s), test_MAE: 13.5593, test_RMSE: 23.6227, test_MAPE: 8.7958]
2026-01-26 02:23:53,509 - easytorch-training - INFO - Checkpoint checkpoints/STMAFNet_300/020df9ee7447a9cb965bf70236749dd4/STMAFNet_209.pt saved
2026-01-26 02:23:53,510 - easytorch-training - INFO - The estimated training finish time is 2026-01-26 07:23:29
2026-01-26 02:23:53,510 - easytorch-training - INFO - Epoch 210 / 300
2026-01-26 02:25:19,772 - easytorch-training - INFO - Result <train>: [train_time: 86.26 (s), lr: 6.25e-05, train_MAE: 12.0874, train_RMSE: 20.4428, train_MAPE: 8.1130]
2026-01-26 02:25:19,774 - easytorch-training - INFO - Start validation.
2026-01-26 02:25:30,469 - easytorch-training - INFO - Result <val>: [val_time: 10.69 (s), val_MAE: 13.6672, val_RMSE: 23.4039, val_MAPE: 10.8456]
2026-01-26 02:25:40,812 - easytorch-training - INFO - Evaluate best model on test data for horizon 1, Test MAE: 11.6293, Test RMSE: 19.2759, Test MAPE: 7.6557
2026-01-26 02:25:40,819 - easytorch-training - INFO - Evaluate best model on test data for horizon 2, Test MAE: 12.2200, Test RMSE: 20.5843, Test MAPE: 8.0576
2026-01-26 02:25:40,826 - easytorch-training - INFO - Evaluate best model on test data for horizon 3, Test MAE: 12.6675, Test RMSE: 21.6081, Test MAPE: 8.2843
2026-01-26 02:25:40,833 - easytorch-training - INFO - Evaluate best model on test data for horizon 4, Test MAE: 13.0282, Test RMSE: 22.4723, Test MAPE: 8.4841
2026-01-26 02:25:40,834 - easytorch-training - INFO - Evaluate best model on test data for horizon 5, Test MAE: 13.3343, Test RMSE: 23.1848, Test MAPE: 8.6180
2026-01-26 02:25:40,835 - easytorch-training - INFO - Evaluate best model on test data for horizon 6, Test MAE: 13.6033, Test RMSE: 23.7626, Test MAPE: 8.7777
2026-01-26 02:25:40,836 - easytorch-training - INFO - Evaluate best model on test data for horizon 7, Test MAE: 13.8403, Test RMSE: 24.2602, Test MAPE: 8.9344
2026-01-26 02:25:40,837 - easytorch-training - INFO - Evaluate best model on test data for horizon 8, Test MAE: 14.0575, Test RMSE: 24.6874, Test MAPE: 9.1522
2026-01-26 02:25:40,838 - easytorch-training - INFO - Evaluate best model on test data for horizon 9, Test MAE: 14.2827, Test RMSE: 25.1045, Test MAPE: 9.2334
2026-01-26 02:25:40,840 - easytorch-training - INFO - Evaluate best model on test data for horizon 10, Test MAE: 14.4532, Test RMSE: 25.4097, Test MAPE: 9.3573
2026-01-26 02:25:40,841 - easytorch-training - INFO - Evaluate best model on test data for horizon 11, Test MAE: 14.6492, Test RMSE: 25.7371, Test MAPE: 9.5828
2026-01-26 02:25:40,848 - easytorch-training - INFO - Evaluate best model on test data for horizon 12, Test MAE: 14.7880, Test RMSE: 25.9449, Test MAPE: 9.6484
2026-01-26 02:25:40,854 - easytorch-training - INFO - Result <test>: [test_time: 10.38 (s), test_MAE: 13.5461, test_RMSE: 23.5917, test_MAPE: 8.8155]
2026-01-26 02:25:41,263 - easytorch-training - INFO - Checkpoint checkpoints/STMAFNet_300/020df9ee7447a9cb965bf70236749dd4/STMAFNet_210.pt saved
2026-01-26 02:25:41,299 - easytorch-training - INFO - The estimated training finish time is 2026-01-26 07:21:21
2026-01-26 02:25:41,300 - easytorch-training - INFO - Epoch 211 / 300
2026-01-26 02:27:07,489 - easytorch-training - INFO - Result <train>: [train_time: 86.19 (s), lr: 6.25e-05, train_MAE: 12.0879, train_RMSE: 20.4449, train_MAPE: 8.1084]
2026-01-26 02:27:07,491 - easytorch-training - INFO - Start validation.
2026-01-26 02:27:18,219 - easytorch-training - INFO - Result <val>: [val_time: 10.73 (s), val_MAE: 13.6572, val_RMSE: 23.3321, val_MAPE: 11.0760]
2026-01-26 02:27:28,552 - easytorch-training - INFO - Evaluate best model on test data for horizon 1, Test MAE: 11.6385, Test RMSE: 19.2721, Test MAPE: 7.6248
2026-01-26 02:27:28,560 - easytorch-training - INFO - Evaluate best model on test data for horizon 2, Test MAE: 12.2025, Test RMSE: 20.5380, Test MAPE: 7.9079
2026-01-26 02:27:28,565 - easytorch-training - INFO - Evaluate best model on test data for horizon 3, Test MAE: 12.6375, Test RMSE: 21.5349, Test MAPE: 8.1340
2026-01-26 02:27:28,572 - easytorch-training - INFO - Evaluate best model on test data for horizon 4, Test MAE: 13.0216, Test RMSE: 22.3824, Test MAPE: 8.3934
2026-01-26 02:27:28,577 - easytorch-training - INFO - Evaluate best model on test data for horizon 5, Test MAE: 13.3425, Test RMSE: 23.1175, Test MAPE: 8.7419
2026-01-26 02:27:28,583 - easytorch-training - INFO - Evaluate best model on test data for horizon 6, Test MAE: 13.5976, Test RMSE: 23.7429, Test MAPE: 8.8096
2026-01-26 02:27:28,588 - easytorch-training - INFO - Evaluate best model on test data for horizon 7, Test MAE: 13.8549, Test RMSE: 24.2669, Test MAPE: 8.9388
2026-01-26 02:27:28,594 - easytorch-training - INFO - Evaluate best model on test data for horizon 8, Test MAE: 14.0831, Test RMSE: 24.7659, Test MAPE: 9.0806
2026-01-26 02:27:28,597 - easytorch-training - INFO - Evaluate best model on test data for horizon 9, Test MAE: 14.3026, Test RMSE: 25.1492, Test MAPE: 9.2934
2026-01-26 02:27:28,598 - easytorch-training - INFO - Evaluate best model on test data for horizon 10, Test MAE: 14.4718, Test RMSE: 25.4349, Test MAPE: 9.4214
2026-01-26 02:27:28,599 - easytorch-training - INFO - Evaluate best model on test data for horizon 11, Test MAE: 14.6392, Test RMSE: 25.7095, Test MAPE: 9.4783
2026-01-26 02:27:28,600 - easytorch-training - INFO - Evaluate best model on test data for horizon 12, Test MAE: 14.7997, Test RMSE: 25.9448, Test MAPE: 9.5929
2026-01-26 02:27:28,604 - easytorch-training - INFO - Result <test>: [test_time: 10.38 (s), test_MAE: 13.5493, test_RMSE: 23.5794, test_MAPE: 8.7847]
2026-01-26 02:27:29,011 - easytorch-training - INFO - Checkpoint checkpoints/STMAFNet_300/020df9ee7447a9cb965bf70236749dd4/STMAFNet_211.pt saved
2026-01-26 02:27:29,012 - easytorch-training - INFO - The estimated training finish time is 2026-01-26 07:19:14
2026-01-26 02:27:29,012 - easytorch-training - INFO - Epoch 212 / 300
2026-01-26 02:28:55,174 - easytorch-training - INFO - Result <train>: [train_time: 86.16 (s), lr: 6.25e-05, train_MAE: 12.0884, train_RMSE: 20.4497, train_MAPE: 8.1174]
2026-01-26 02:28:55,176 - easytorch-training - INFO - Start validation.
2026-01-26 02:29:05,922 - easytorch-training - INFO - Result <val>: [val_time: 10.75 (s), val_MAE: 13.7047, val_RMSE: 23.4744, val_MAPE: 11.1741]
2026-01-26 02:29:16,240 - easytorch-training - INFO - Evaluate best model on test data for horizon 1, Test MAE: 11.6406, Test RMSE: 19.2607, Test MAPE: 7.7074
2026-01-26 02:29:16,247 - easytorch-training - INFO - Evaluate best model on test data for horizon 2, Test MAE: 12.2002, Test RMSE: 20.5759, Test MAPE: 7.8935
2026-01-26 02:29:16,254 - easytorch-training - INFO - Evaluate best model on test data for horizon 3, Test MAE: 12.6544, Test RMSE: 21.6156, Test MAPE: 8.1711
2026-01-26 02:29:16,256 - easytorch-training - INFO - Evaluate best model on test data for horizon 4, Test MAE: 13.0276, Test RMSE: 22.4790, Test MAPE: 8.4296
2026-01-26 02:29:16,257 - easytorch-training - INFO - Evaluate best model on test data for horizon 5, Test MAE: 13.3437, Test RMSE: 23.1991, Test MAPE: 8.6225
2026-01-26 02:29:16,258 - easytorch-training - INFO - Evaluate best model on test data for horizon 6, Test MAE: 13.6170, Test RMSE: 23.8031, Test MAPE: 8.8398
2026-01-26 02:29:16,259 - easytorch-training - INFO - Evaluate best model on test data for horizon 7, Test MAE: 13.8543, Test RMSE: 24.2962, Test MAPE: 8.9870
2026-01-26 02:29:16,260 - easytorch-training - INFO - Evaluate best model on test data for horizon 8, Test MAE: 14.0799, Test RMSE: 24.7578, Test MAPE: 9.0998
2026-01-26 02:29:16,262 - easytorch-training - INFO - Evaluate best model on test data for horizon 9, Test MAE: 14.2801, Test RMSE: 25.0951, Test MAPE: 9.2503
2026-01-26 02:29:16,263 - easytorch-training - INFO - Evaluate best model on test data for horizon 10, Test MAE: 14.4534, Test RMSE: 25.4442, Test MAPE: 9.3923
2026-01-26 02:29:16,269 - easytorch-training - INFO - Evaluate best model on test data for horizon 11, Test MAE: 14.6297, Test RMSE: 25.7336, Test MAPE: 9.4805
2026-01-26 02:29:16,273 - easytorch-training - INFO - Evaluate best model on test data for horizon 12, Test MAE: 14.7975, Test RMSE: 25.9502, Test MAPE: 9.6664
2026-01-26 02:29:16,278 - easytorch-training - INFO - Result <test>: [test_time: 10.36 (s), test_MAE: 13.5482, test_RMSE: 23.6074, test_MAPE: 8.7950]
2026-01-26 02:29:16,686 - easytorch-training - INFO - Checkpoint checkpoints/STMAFNet_300/020df9ee7447a9cb965bf70236749dd4/STMAFNet_212.pt saved
2026-01-26 02:29:16,687 - easytorch-training - INFO - The estimated training finish time is 2026-01-26 07:17:08
2026-01-26 02:29:16,687 - easytorch-training - INFO - Epoch 213 / 300
2026-01-26 02:30:42,845 - easytorch-training - INFO - Result <train>: [train_time: 86.16 (s), lr: 6.25e-05, train_MAE: 12.0822, train_RMSE: 20.4379, train_MAPE: 8.1056]
2026-01-26 02:30:42,846 - easytorch-training - INFO - Start validation.
2026-01-26 02:30:53,544 - easytorch-training - INFO - Result <val>: [val_time: 10.70 (s), val_MAE: 13.6749, val_RMSE: 23.3925, val_MAPE: 11.0481]
2026-01-26 02:31:03,899 - easytorch-training - INFO - Evaluate best model on test data for horizon 1, Test MAE: 11.6240, Test RMSE: 19.2713, Test MAPE: 7.5938
2026-01-26 02:31:03,901 - easytorch-training - INFO - Evaluate best model on test data for horizon 2, Test MAE: 12.1839, Test RMSE: 20.5296, Test MAPE: 7.8853
2026-01-26 02:31:03,903 - easytorch-training - INFO - Evaluate best model on test data for horizon 3, Test MAE: 12.6331, Test RMSE: 21.5393, Test MAPE: 8.2191
2026-01-26 02:31:03,904 - easytorch-training - INFO - Evaluate best model on test data for horizon 4, Test MAE: 13.0116, Test RMSE: 22.4145, Test MAPE: 8.4690
2026-01-26 02:31:03,905 - easytorch-training - INFO - Evaluate best model on test data for horizon 5, Test MAE: 13.3155, Test RMSE: 23.1269, Test MAPE: 8.5744
2026-01-26 02:31:03,906 - easytorch-training - INFO - Evaluate best model on test data for horizon 6, Test MAE: 13.5813, Test RMSE: 23.7133, Test MAPE: 8.7278
2026-01-26 02:31:03,907 - easytorch-training - INFO - Evaluate best model on test data for horizon 7, Test MAE: 13.8239, Test RMSE: 24.2177, Test MAPE: 8.8872
2026-01-26 02:31:03,909 - easytorch-training - INFO - Evaluate best model on test data for horizon 8, Test MAE: 14.0589, Test RMSE: 24.6894, Test MAPE: 9.0733
2026-01-26 02:31:03,915 - easytorch-training - INFO - Evaluate best model on test data for horizon 9, Test MAE: 14.2799, Test RMSE: 25.0741, Test MAPE: 9.2269
2026-01-26 02:31:03,922 - easytorch-training - INFO - Evaluate best model on test data for horizon 10, Test MAE: 14.4633, Test RMSE: 25.4065, Test MAPE: 9.3458
2026-01-26 02:31:03,930 - easytorch-training - INFO - Evaluate best model on test data for horizon 11, Test MAE: 14.6274, Test RMSE: 25.7025, Test MAPE: 9.4694
2026-01-26 02:31:03,937 - easytorch-training - INFO - Evaluate best model on test data for horizon 12, Test MAE: 14.8176, Test RMSE: 25.9758, Test MAPE: 9.6253
2026-01-26 02:31:03,947 - easytorch-training - INFO - Result <test>: [test_time: 10.40 (s), test_MAE: 13.5350, test_RMSE: 23.5620, test_MAPE: 8.7581]
2026-01-26 02:31:04,361 - easytorch-training - INFO - Checkpoint checkpoints/STMAFNet_300/020df9ee7447a9cb965bf70236749dd4/STMAFNet_213.pt saved
2026-01-26 02:31:04,362 - easytorch-training - INFO - The estimated training finish time is 2026-01-26 07:15:03
2026-01-26 02:31:04,362 - easytorch-training - INFO - Epoch 214 / 300
2026-01-26 02:32:30,555 - easytorch-training - INFO - Result <train>: [train_time: 86.19 (s), lr: 6.25e-05, train_MAE: 12.0790, train_RMSE: 20.4281, train_MAPE: 8.1000]
2026-01-26 02:32:30,556 - easytorch-training - INFO - Start validation.
2026-01-26 02:32:41,300 - easytorch-training - INFO - Result <val>: [val_time: 10.74 (s), val_MAE: 13.6434, val_RMSE: 23.3633, val_MAPE: 10.9995]
2026-01-26 02:32:51,663 - easytorch-training - INFO - Evaluate best model on test data for horizon 1, Test MAE: 11.6066, Test RMSE: 19.2518, Test MAPE: 7.5571
2026-01-26 02:32:51,670 - easytorch-training - INFO - Evaluate best model on test data for horizon 2, Test MAE: 12.1650, Test RMSE: 20.5124, Test MAPE: 7.8915
2026-01-26 02:32:51,677 - easytorch-training - INFO - Evaluate best model on test data for horizon 3, Test MAE: 12.6153, Test RMSE: 21.5410, Test MAPE: 8.1587
2026-01-26 02:32:51,683 - easytorch-training - INFO - Evaluate best model on test data for horizon 4, Test MAE: 12.9842, Test RMSE: 22.3996, Test MAPE: 8.4325
2026-01-26 02:32:51,687 - easytorch-training - INFO - Evaluate best model on test data for horizon 5, Test MAE: 13.2904, Test RMSE: 23.0850, Test MAPE: 8.6412
2026-01-26 02:32:51,694 - easytorch-training - INFO - Evaluate best model on test data for horizon 6, Test MAE: 13.5642, Test RMSE: 23.7122, Test MAPE: 8.8006
2026-01-26 02:32:51,702 - easytorch-training - INFO - Evaluate best model on test data for horizon 7, Test MAE: 13.8083, Test RMSE: 24.2047, Test MAPE: 8.9481
2026-01-26 02:32:51,709 - easytorch-training - INFO - Evaluate best model on test data for horizon 8, Test MAE: 14.0258, Test RMSE: 24.6293, Test MAPE: 9.1159
2026-01-26 02:32:51,716 - easytorch-training - INFO - Evaluate best model on test data for horizon 9, Test MAE: 14.2330, Test RMSE: 25.0278, Test MAPE: 9.2189
2026-01-26 02:32:51,723 - easytorch-training - INFO - Evaluate best model on test data for horizon 10, Test MAE: 14.4340, Test RMSE: 25.3672, Test MAPE: 9.4135
2026-01-26 02:32:51,731 - easytorch-training - INFO - Evaluate best model on test data for horizon 11, Test MAE: 14.6145, Test RMSE: 25.6445, Test MAPE: 9.5468
2026-01-26 02:32:51,734 - easytorch-training - INFO - Evaluate best model on test data for horizon 12, Test MAE: 14.7841, Test RMSE: 25.8884, Test MAPE: 9.6003
2026-01-26 02:32:51,738 - easytorch-training - INFO - Result <test>: [test_time: 10.44 (s), test_MAE: 13.5104, test_RMSE: 23.5275, test_MAPE: 8.7771]
2026-01-26 02:32:52,145 - easytorch-training - INFO - Checkpoint checkpoints/STMAFNet_300/020df9ee7447a9cb965bf70236749dd4/STMAFNet_214.pt saved
2026-01-26 02:32:52,146 - easytorch-training - INFO - The estimated training finish time is 2026-01-26 07:13:00
2026-01-26 02:32:52,146 - easytorch-training - INFO - Epoch 215 / 300
2026-01-26 02:34:18,130 - easytorch-training - INFO - Result <train>: [train_time: 85.98 (s), lr: 6.25e-05, train_MAE: 12.0730, train_RMSE: 20.4199, train_MAPE: 8.1039]
2026-01-26 02:34:18,130 - easytorch-training - INFO - Start validation.
2026-01-26 02:34:28,769 - easytorch-training - INFO - Result <val>: [val_time: 10.64 (s), val_MAE: 13.7168, val_RMSE: 23.5107, val_MAPE: 11.3436]
2026-01-26 02:34:39,088 - easytorch-training - INFO - Evaluate best model on test data for horizon 1, Test MAE: 11.6433, Test RMSE: 19.3121, Test MAPE: 7.6189
2026-01-26 02:34:39,095 - easytorch-training - INFO - Evaluate best model on test data for horizon 2, Test MAE: 12.2217, Test RMSE: 20.6161, Test MAPE: 7.9219
2026-01-26 02:34:39,102 - easytorch-training - INFO - Evaluate best model on test data for horizon 3, Test MAE: 12.6792, Test RMSE: 21.6585, Test MAPE: 8.1888
2026-01-26 02:34:39,109 - easytorch-training - INFO - Evaluate best model on test data for horizon 4, Test MAE: 13.0533, Test RMSE: 22.5632, Test MAPE: 8.3913
2026-01-26 02:34:39,112 - easytorch-training - INFO - Evaluate best model on test data for horizon 5, Test MAE: 13.3675, Test RMSE: 23.2834, Test MAPE: 8.6163
2026-01-26 02:34:39,114 - easytorch-training - INFO - Evaluate best model on test data for horizon 6, Test MAE: 13.6179, Test RMSE: 23.8636, Test MAPE: 8.7748
2026-01-26 02:34:39,115 - easytorch-training - INFO - Evaluate best model on test data for horizon 7, Test MAE: 13.8708, Test RMSE: 24.3776, Test MAPE: 8.9761
2026-01-26 02:34:39,116 - easytorch-training - INFO - Evaluate best model on test data for horizon 8, Test MAE: 14.0988, Test RMSE: 24.8380, Test MAPE: 9.1159
2026-01-26 02:34:39,117 - easytorch-training - INFO - Evaluate best model on test data for horizon 9, Test MAE: 14.3079, Test RMSE: 25.2213, Test MAPE: 9.2654
2026-01-26 02:34:39,118 - easytorch-training - INFO - Evaluate best model on test data for horizon 10, Test MAE: 14.4873, Test RMSE: 25.5658, Test MAPE: 9.3394
2026-01-26 02:34:39,120 - easytorch-training - INFO - Evaluate best model on test data for horizon 11, Test MAE: 14.6605, Test RMSE: 25.8434, Test MAPE: 9.4582
2026-01-26 02:34:39,125 - easytorch-training - INFO - Evaluate best model on test data for horizon 12, Test MAE: 14.8016, Test RMSE: 26.0523, Test MAPE: 9.5908
2026-01-26 02:34:39,134 - easytorch-training - INFO - Result <test>: [test_time: 10.36 (s), test_MAE: 13.5675, test_RMSE: 23.6912, test_MAPE: 8.7715]
2026-01-26 02:34:39,541 - easytorch-training - INFO - Checkpoint checkpoints/STMAFNet_300/020df9ee7447a9cb965bf70236749dd4/STMAFNet_215.pt saved
2026-01-26 02:34:39,542 - easytorch-training - INFO - The estimated training finish time is 2026-01-26 07:10:57
2026-01-26 02:34:39,542 - easytorch-training - INFO - Epoch 216 / 300
2026-01-26 02:36:05,703 - easytorch-training - INFO - Result <train>: [train_time: 86.16 (s), lr: 6.25e-05, train_MAE: 12.0736, train_RMSE: 20.4160, train_MAPE: 8.0975]
2026-01-26 02:36:05,704 - easytorch-training - INFO - Start validation.
2026-01-26 02:36:16,393 - easytorch-training - INFO - Result <val>: [val_time: 10.69 (s), val_MAE: 13.6652, val_RMSE: 23.3775, val_MAPE: 11.0004]
2026-01-26 02:36:26,333 - easytorch-training - INFO - Evaluate best model on test data for horizon 1, Test MAE: 11.6164, Test RMSE: 19.2789, Test MAPE: 7.6126
2026-01-26 02:36:26,340 - easytorch-training - INFO - Evaluate best model on test data for horizon 2, Test MAE: 12.1769, Test RMSE: 20.5584, Test MAPE: 7.8819
2026-01-26 02:36:26,347 - easytorch-training - INFO - Evaluate best model on test data for horizon 3, Test MAE: 12.6376, Test RMSE: 21.6130, Test MAPE: 8.1418
2026-01-26 02:36:26,355 - easytorch-training - INFO - Evaluate best model on test data for horizon 4, Test MAE: 13.0172, Test RMSE: 22.5166, Test MAPE: 8.3993
2026-01-26 02:36:26,362 - easytorch-training - INFO - Evaluate best model on test data for horizon 5, Test MAE: 13.3357, Test RMSE: 23.2397, Test MAPE: 8.6349
2026-01-26 02:36:26,365 - easytorch-training - INFO - Evaluate best model on test data for horizon 6, Test MAE: 13.5772, Test RMSE: 23.8023, Test MAPE: 8.8104
2026-01-26 02:36:26,366 - easytorch-training - INFO - Evaluate best model on test data for horizon 7, Test MAE: 13.8330, Test RMSE: 24.3047, Test MAPE: 8.9229
2026-01-26 02:36:26,372 - easytorch-training - INFO - Evaluate best model on test data for horizon 8, Test MAE: 14.0587, Test RMSE: 24.7597, Test MAPE: 9.0613
2026-01-26 02:36:26,379 - easytorch-training - INFO - Evaluate best model on test data for horizon 9, Test MAE: 14.2672, Test RMSE: 25.1148, Test MAPE: 9.1845
2026-01-26 02:36:26,386 - easytorch-training - INFO - Evaluate best model on test data for horizon 10, Test MAE: 14.4472, Test RMSE: 25.4331, Test MAPE: 9.3792
2026-01-26 02:36:26,394 - easytorch-training - INFO - Evaluate best model on test data for horizon 11, Test MAE: 14.6326, Test RMSE: 25.7442, Test MAPE: 9.4764
2026-01-26 02:36:26,401 - easytorch-training - INFO - Evaluate best model on test data for horizon 12, Test MAE: 14.7872, Test RMSE: 25.9570, Test MAPE: 9.6121
2026-01-26 02:36:26,411 - easytorch-training - INFO - Result <test>: [test_time: 10.02 (s), test_MAE: 13.5322, test_RMSE: 23.6167, test_MAPE: 8.7598]
2026-01-26 02:36:26,823 - easytorch-training - INFO - Checkpoint checkpoints/STMAFNet_300/020df9ee7447a9cb965bf70236749dd4/STMAFNet_216.pt saved
2026-01-26 02:36:26,824 - easytorch-training - INFO - The estimated training finish time is 2026-01-26 07:08:55
2026-01-26 02:36:26,824 - easytorch-training - INFO - Epoch 217 / 300
2026-01-26 02:37:53,339 - easytorch-training - INFO - Result <train>: [train_time: 86.51 (s), lr: 6.25e-05, train_MAE: 12.0643, train_RMSE: 20.4046, train_MAPE: 8.0939]
2026-01-26 02:37:53,341 - easytorch-training - INFO - Start validation.
2026-01-26 02:38:03,722 - easytorch-training - INFO - Result <val>: [val_time: 10.38 (s), val_MAE: 13.7123, val_RMSE: 23.4947, val_MAPE: 11.1027]
2026-01-26 02:38:13,477 - easytorch-training - INFO - Evaluate best model on test data for horizon 1, Test MAE: 11.6201, Test RMSE: 19.2709, Test MAPE: 7.5864
2026-01-26 02:38:13,484 - easytorch-training - INFO - Evaluate best model on test data for horizon 2, Test MAE: 12.2008, Test RMSE: 20.5468, Test MAPE: 8.0286
2026-01-26 02:38:13,492 - easytorch-training - INFO - Evaluate best model on test data for horizon 3, Test MAE: 12.6474, Test RMSE: 21.5848, Test MAPE: 8.2668
2026-01-26 02:38:13,499 - easytorch-training - INFO - Evaluate best model on test data for horizon 4, Test MAE: 13.0108, Test RMSE: 22.4764, Test MAPE: 8.4154
2026-01-26 02:38:13,506 - easytorch-training - INFO - Evaluate best model on test data for horizon 5, Test MAE: 13.3247, Test RMSE: 23.1889, Test MAPE: 8.7655
2026-01-26 02:38:13,507 - easytorch-training - INFO - Evaluate best model on test data for horizon 6, Test MAE: 13.6057, Test RMSE: 23.8289, Test MAPE: 8.8457
2026-01-26 02:38:13,513 - easytorch-training - INFO - Evaluate best model on test data for horizon 7, Test MAE: 13.8658, Test RMSE: 24.3404, Test MAPE: 9.0247
2026-01-26 02:38:13,520 - easytorch-training - INFO - Evaluate best model on test data for horizon 8, Test MAE: 14.0952, Test RMSE: 24.7762, Test MAPE: 9.1588
2026-01-26 02:38:13,527 - easytorch-training - INFO - Evaluate best model on test data for horizon 9, Test MAE: 14.3039, Test RMSE: 25.1426, Test MAPE: 9.2742
2026-01-26 02:38:13,534 - easytorch-training - INFO - Evaluate best model on test data for horizon 10, Test MAE: 14.4944, Test RMSE: 25.5069, Test MAPE: 9.3447
2026-01-26 02:38:13,541 - easytorch-training - INFO - Evaluate best model on test data for horizon 11, Test MAE: 14.6818, Test RMSE: 25.7882, Test MAPE: 9.5962
2026-01-26 02:38:13,549 - easytorch-training - INFO - Evaluate best model on test data for horizon 12, Test MAE: 14.8611, Test RMSE: 26.0501, Test MAPE: 9.6289
2026-01-26 02:38:13,555 - easytorch-training - INFO - Result <test>: [test_time: 9.83 (s), test_MAE: 13.5593, test_RMSE: 23.6341, test_MAPE: 8.8280]
2026-01-26 02:38:13,960 - easytorch-training - INFO - Checkpoint checkpoints/STMAFNet_300/020df9ee7447a9cb965bf70236749dd4/STMAFNet_217.pt saved
2026-01-26 02:38:13,961 - easytorch-training - INFO - The estimated training finish time is 2026-01-26 07:06:54
2026-01-26 02:38:13,961 - easytorch-training - INFO - Epoch 218 / 300
2026-01-26 02:39:40,894 - easytorch-training - INFO - Result <train>: [train_time: 86.93 (s), lr: 6.25e-05, train_MAE: 12.0590, train_RMSE: 20.3971, train_MAPE: 8.0924]
2026-01-26 02:39:40,895 - easytorch-training - INFO - Start validation.
2026-01-26 02:39:50,856 - easytorch-training - INFO - Result <val>: [val_time: 9.96 (s), val_MAE: 13.6676, val_RMSE: 23.3980, val_MAPE: 11.0031]
2026-01-26 02:40:00,691 - easytorch-training - INFO - Evaluate best model on test data for horizon 1, Test MAE: 11.6037, Test RMSE: 19.2390, Test MAPE: 7.5919
2026-01-26 02:40:00,694 - easytorch-training - INFO - Evaluate best model on test data for horizon 2, Test MAE: 12.1724, Test RMSE: 20.5171, Test MAPE: 7.8744
2026-01-26 02:40:00,695 - easytorch-training - INFO - Evaluate best model on test data for horizon 3, Test MAE: 12.6345, Test RMSE: 21.5482, Test MAPE: 8.1453
2026-01-26 02:40:00,696 - easytorch-training - INFO - Evaluate best model on test data for horizon 4, Test MAE: 13.0072, Test RMSE: 22.4274, Test MAPE: 8.4103
2026-01-26 02:40:00,698 - easytorch-training - INFO - Evaluate best model on test data for horizon 5, Test MAE: 13.3313, Test RMSE: 23.1751, Test MAPE: 8.5867
2026-01-26 02:40:00,699 - easytorch-training - INFO - Evaluate best model on test data for horizon 6, Test MAE: 13.5975, Test RMSE: 23.8109, Test MAPE: 8.7589
2026-01-26 02:40:00,700 - easytorch-training - INFO - Evaluate best model on test data for horizon 7, Test MAE: 13.8451, Test RMSE: 24.3343, Test MAPE: 8.9184
2026-01-26 02:40:00,702 - easytorch-training - INFO - Evaluate best model on test data for horizon 8, Test MAE: 14.0723, Test RMSE: 24.7938, Test MAPE: 9.0745
2026-01-26 02:40:00,703 - easytorch-training - INFO - Evaluate best model on test data for horizon 9, Test MAE: 14.2848, Test RMSE: 25.1861, Test MAPE: 9.1904
2026-01-26 02:40:00,704 - easytorch-training - INFO - Evaluate best model on test data for horizon 10, Test MAE: 14.4569, Test RMSE: 25.4835, Test MAPE: 9.3603
2026-01-26 02:40:00,705 - easytorch-training - INFO - Evaluate best model on test data for horizon 11, Test MAE: 14.6523, Test RMSE: 25.8060, Test MAPE: 9.4220
2026-01-26 02:40:00,707 - easytorch-training - INFO - Evaluate best model on test data for horizon 12, Test MAE: 14.7995, Test RMSE: 26.0071, Test MAPE: 9.6330
2026-01-26 02:40:00,711 - easytorch-training - INFO - Result <test>: [test_time: 9.85 (s), test_MAE: 13.5381, test_RMSE: 23.6210, test_MAPE: 8.7472]
2026-01-26 02:40:01,145 - easytorch-training - INFO - Checkpoint checkpoints/STMAFNet_300/020df9ee7447a9cb965bf70236749dd4/STMAFNet_218.pt saved
2026-01-26 02:40:01,146 - easytorch-training - INFO - The estimated training finish time is 2026-01-26 07:04:54
2026-01-26 02:40:01,146 - easytorch-training - INFO - Epoch 219 / 300
2026-01-26 02:41:28,172 - easytorch-training - INFO - Result <train>: [train_time: 87.03 (s), lr: 6.25e-05, train_MAE: 12.0566, train_RMSE: 20.3937, train_MAPE: 8.0915]
2026-01-26 02:41:28,174 - easytorch-training - INFO - Start validation.
2026-01-26 02:41:38,479 - easytorch-training - INFO - Result <val>: [val_time: 10.30 (s), val_MAE: 13.7056, val_RMSE: 23.4944, val_MAPE: 11.3197]
2026-01-26 02:41:48,086 - easytorch-training - INFO - Evaluate best model on test data for horizon 1, Test MAE: 11.6358, Test RMSE: 19.2767, Test MAPE: 7.8355
2026-01-26 02:41:48,093 - easytorch-training - INFO - Evaluate best model on test data for horizon 2, Test MAE: 12.2082, Test RMSE: 20.5632, Test MAPE: 8.2211
2026-01-26 02:41:48,101 - easytorch-training - INFO - Evaluate best model on test data for horizon 3, Test MAE: 12.6740, Test RMSE: 21.6239, Test MAPE: 8.3590
2026-01-26 02:41:48,107 - easytorch-training - INFO - Evaluate best model on test data for horizon 4, Test MAE: 13.0444, Test RMSE: 22.5136, Test MAPE: 8.6448
2026-01-26 02:41:48,109 - easytorch-training - INFO - Evaluate best model on test data for horizon 5, Test MAE: 13.3702, Test RMSE: 23.2504, Test MAPE: 8.7982
2026-01-26 02:41:48,110 - easytorch-training - INFO - Evaluate best model on test data for horizon 6, Test MAE: 13.6483, Test RMSE: 23.8857, Test MAPE: 9.0545
2026-01-26 02:41:48,111 - easytorch-training - INFO - Evaluate best model on test data for horizon 7, Test MAE: 13.8930, Test RMSE: 24.3898, Test MAPE: 9.1523
2026-01-26 02:41:48,112 - easytorch-training - INFO - Evaluate best model on test data for horizon 8, Test MAE: 14.1215, Test RMSE: 24.8743, Test MAPE: 9.1606
2026-01-26 02:41:48,113 - easytorch-training - INFO - Evaluate best model on test data for horizon 9, Test MAE: 14.3532, Test RMSE: 25.2789, Test MAPE: 9.3269
2026-01-26 02:41:48,115 - easytorch-training - INFO - Evaluate best model on test data for horizon 10, Test MAE: 14.5226, Test RMSE: 25.5974, Test MAPE: 9.4146
2026-01-26 02:41:48,118 - easytorch-training - INFO - Evaluate best model on test data for horizon 11, Test MAE: 14.7269, Test RMSE: 25.9305, Test MAPE: 9.5597
2026-01-26 02:41:48,125 - easytorch-training - INFO - Evaluate best model on test data for horizon 12, Test MAE: 14.8767, Test RMSE: 26.1524, Test MAPE: 9.6884
2026-01-26 02:41:48,136 - easytorch-training - INFO - Result <test>: [test_time: 9.65 (s), test_MAE: 13.5896, test_RMSE: 23.7069, test_MAPE: 8.9346]
2026-01-26 02:41:48,542 - easytorch-training - INFO - Checkpoint checkpoints/STMAFNet_300/020df9ee7447a9cb965bf70236749dd4/STMAFNet_219.pt saved
2026-01-26 02:41:48,543 - easytorch-training - INFO - The estimated training finish time is 2026-01-26 07:02:56
2026-01-26 02:41:48,543 - easytorch-training - INFO - Epoch 220 / 300
2026-01-26 02:43:15,098 - easytorch-training - INFO - Result <train>: [train_time: 86.55 (s), lr: 6.25e-05, train_MAE: 12.0543, train_RMSE: 20.3813, train_MAPE: 8.0896]
2026-01-26 02:43:15,099 - easytorch-training - INFO - Start validation.
2026-01-26 02:43:25,123 - easytorch-training - INFO - Result <val>: [val_time: 10.02 (s), val_MAE: 13.6796, val_RMSE: 23.4062, val_MAPE: 11.1491]
2026-01-26 02:43:35,450 - easytorch-training - INFO - Evaluate best model on test data for horizon 1, Test MAE: 11.6445, Test RMSE: 19.3011, Test MAPE: 7.7120
2026-01-26 02:43:35,457 - easytorch-training - INFO - Evaluate best model on test data for horizon 2, Test MAE: 12.2342, Test RMSE: 20.6217, Test MAPE: 7.9872
2026-01-26 02:43:35,464 - easytorch-training - INFO - Evaluate best model on test data for horizon 3, Test MAE: 12.6848, Test RMSE: 21.6430, Test MAPE: 8.2485
2026-01-26 02:43:35,466 - easytorch-training - INFO - Evaluate best model on test data for horizon 4, Test MAE: 13.0648, Test RMSE: 22.5294, Test MAPE: 8.5523
2026-01-26 02:43:35,468 - easytorch-training - INFO - Evaluate best model on test data for horizon 5, Test MAE: 13.3698, Test RMSE: 23.2301, Test MAPE: 8.6783
2026-01-26 02:43:35,469 - easytorch-training - INFO - Evaluate best model on test data for horizon 6, Test MAE: 13.6295, Test RMSE: 23.8198, Test MAPE: 8.7715
2026-01-26 02:43:35,470 - easytorch-training - INFO - Evaluate best model on test data for horizon 7, Test MAE: 13.8845, Test RMSE: 24.3411, Test MAPE: 8.9609
2026-01-26 02:43:35,471 - easytorch-training - INFO - Evaluate best model on test data for horizon 8, Test MAE: 14.1319, Test RMSE: 24.8447, Test MAPE: 9.1358
2026-01-26 02:43:35,472 - easytorch-training - INFO - Evaluate best model on test data for horizon 9, Test MAE: 14.3144, Test RMSE: 25.1740, Test MAPE: 9.2466
2026-01-26 02:43:35,473 - easytorch-training - INFO - Evaluate best model on test data for horizon 10, Test MAE: 14.4981, Test RMSE: 25.5358, Test MAPE: 9.3703
2026-01-26 02:43:35,481 - easytorch-training - INFO - Evaluate best model on test data for horizon 11, Test MAE: 14.6880, Test RMSE: 25.8547, Test MAPE: 9.5172
2026-01-26 02:43:35,483 - easytorch-training - INFO - Evaluate best model on test data for horizon 12, Test MAE: 14.8317, Test RMSE: 26.0673, Test MAPE: 9.6278
2026-01-26 02:43:35,492 - easytorch-training - INFO - Result <test>: [test_time: 10.37 (s), test_MAE: 13.5814, test_RMSE: 23.6719, test_MAPE: 8.8174]
2026-01-26 02:43:35,901 - easytorch-training - INFO - Checkpoint checkpoints/STMAFNet_300/020df9ee7447a9cb965bf70236749dd4/STMAFNet_220.pt saved
2026-01-26 02:43:35,937 - easytorch-training - INFO - The estimated training finish time is 2026-01-26 07:00:59
2026-01-26 02:43:35,937 - easytorch-training - INFO - Epoch 221 / 300
2026-01-26 02:45:02,431 - easytorch-training - INFO - Result <train>: [train_time: 86.49 (s), lr: 6.25e-05, train_MAE: 12.0492, train_RMSE: 20.3763, train_MAPE: 8.0878]
2026-01-26 02:45:02,433 - easytorch-training - INFO - Start validation.
2026-01-26 02:45:12,482 - easytorch-training - INFO - Result <val>: [val_time: 10.05 (s), val_MAE: 13.6501, val_RMSE: 23.3588, val_MAPE: 10.9383]
2026-01-26 02:45:22,803 - easytorch-training - INFO - Evaluate best model on test data for horizon 1, Test MAE: 11.6093, Test RMSE: 19.2606, Test MAPE: 7.6960
2026-01-26 02:45:22,810 - easytorch-training - INFO - Evaluate best model on test data for horizon 2, Test MAE: 12.1730, Test RMSE: 20.5478, Test MAPE: 8.1124
2026-01-26 02:45:22,818 - easytorch-training - INFO - Evaluate best model on test data for horizon 3, Test MAE: 12.6336, Test RMSE: 21.6045, Test MAPE: 8.2807
2026-01-26 02:45:22,824 - easytorch-training - INFO - Evaluate best model on test data for horizon 4, Test MAE: 13.0026, Test RMSE: 22.4861, Test MAPE: 8.5885
2026-01-26 02:45:22,826 - easytorch-training - INFO - Evaluate best model on test data for horizon 5, Test MAE: 13.2967, Test RMSE: 23.1726, Test MAPE: 8.6431
2026-01-26 02:45:22,827 - easytorch-training - INFO - Evaluate best model on test data for horizon 6, Test MAE: 13.5590, Test RMSE: 23.7502, Test MAPE: 8.7932
2026-01-26 02:45:22,828 - easytorch-training - INFO - Evaluate best model on test data for horizon 7, Test MAE: 13.8070, Test RMSE: 24.2837, Test MAPE: 8.8523
2026-01-26 02:45:22,829 - easytorch-training - INFO - Evaluate best model on test data for horizon 8, Test MAE: 14.0394, Test RMSE: 24.7436, Test MAPE: 9.1184
2026-01-26 02:45:22,830 - easytorch-training - INFO - Evaluate best model on test data for horizon 9, Test MAE: 14.2521, Test RMSE: 25.1205, Test MAPE: 9.2484
2026-01-26 02:45:22,832 - easytorch-training - INFO - Evaluate best model on test data for horizon 10, Test MAE: 14.4177, Test RMSE: 25.4573, Test MAPE: 9.3387
2026-01-26 02:45:22,839 - easytorch-training - INFO - Evaluate best model on test data for horizon 11, Test MAE: 14.5947, Test RMSE: 25.7721, Test MAPE: 9.4221
2026-01-26 02:45:22,841 - easytorch-training - INFO - Evaluate best model on test data for horizon 12, Test MAE: 14.7509, Test RMSE: 26.0144, Test MAPE: 9.5703
2026-01-26 02:45:22,849 - easytorch-training - INFO - Result <test>: [test_time: 10.37 (s), test_MAE: 13.5113, test_RMSE: 23.6090, test_MAPE: 8.8053]
2026-01-26 02:45:23,253 - easytorch-training - INFO - Checkpoint checkpoints/STMAFNet_300/020df9ee7447a9cb965bf70236749dd4/STMAFNet_221.pt saved
2026-01-26 02:45:23,254 - easytorch-training - INFO - The estimated training finish time is 2026-01-26 06:59:02
2026-01-26 02:45:23,254 - easytorch-training - INFO - Epoch 222 / 300
2026-01-26 02:46:49,106 - easytorch-training - INFO - Result <train>: [train_time: 85.85 (s), lr: 6.25e-05, train_MAE: 12.0448, train_RMSE: 20.3653, train_MAPE: 8.0831]
2026-01-26 02:46:49,107 - easytorch-training - INFO - Start validation.
2026-01-26 02:46:59,821 - easytorch-training - INFO - Result <val>: [val_time: 10.71 (s), val_MAE: 13.7151, val_RMSE: 23.5088, val_MAPE: 11.2230]
2026-01-26 02:47:10,160 - easytorch-training - INFO - Evaluate best model on test data for horizon 1, Test MAE: 11.6442, Test RMSE: 19.2904, Test MAPE: 7.9121
2026-01-26 02:47:10,161 - easytorch-training - INFO - Evaluate best model on test data for horizon 2, Test MAE: 12.2181, Test RMSE: 20.6075, Test MAPE: 8.0920
2026-01-26 02:47:10,162 - easytorch-training - INFO - Evaluate best model on test data for horizon 3, Test MAE: 12.6670, Test RMSE: 21.6424, Test MAPE: 8.4055
2026-01-26 02:47:10,163 - easytorch-training - INFO - Evaluate best model on test data for horizon 4, Test MAE: 13.0124, Test RMSE: 22.4978, Test MAPE: 8.4573
2026-01-26 02:47:10,164 - easytorch-training - INFO - Evaluate best model on test data for horizon 5, Test MAE: 13.3481, Test RMSE: 23.2328, Test MAPE: 8.7326
2026-01-26 02:47:10,167 - easytorch-training - INFO - Evaluate best model on test data for horizon 6, Test MAE: 13.6067, Test RMSE: 23.8266, Test MAPE: 8.8774
2026-01-26 02:47:10,168 - easytorch-training - INFO - Evaluate best model on test data for horizon 7, Test MAE: 13.8674, Test RMSE: 24.3650, Test MAPE: 9.1044
2026-01-26 02:47:10,169 - easytorch-training - INFO - Evaluate best model on test data for horizon 8, Test MAE: 14.0920, Test RMSE: 24.8311, Test MAPE: 9.1553
2026-01-26 02:47:10,171 - easytorch-training - INFO - Evaluate best model on test data for horizon 9, Test MAE: 14.3170, Test RMSE: 25.2506, Test MAPE: 9.2430
2026-01-26 02:47:10,173 - easytorch-training - INFO - Evaluate best model on test data for horizon 10, Test MAE: 14.4830, Test RMSE: 25.5514, Test MAPE: 9.3885
2026-01-26 02:47:10,174 - easytorch-training - INFO - Evaluate best model on test data for horizon 11, Test MAE: 14.6609, Test RMSE: 25.8425, Test MAPE: 9.5266
2026-01-26 02:47:10,180 - easytorch-training - INFO - Evaluate best model on test data for horizon 12, Test MAE: 14.8097, Test RMSE: 26.0452, Test MAPE: 9.6337
2026-01-26 02:47:10,189 - easytorch-training - INFO - Result <test>: [test_time: 10.37 (s), test_MAE: 13.5605, test_RMSE: 23.6743, test_MAPE: 8.8774]
2026-01-26 02:47:10,597 - easytorch-training - INFO - Checkpoint checkpoints/STMAFNet_300/020df9ee7447a9cb965bf70236749dd4/STMAFNet_222.pt saved
2026-01-26 02:47:10,598 - easytorch-training - INFO - The estimated training finish time is 2026-01-26 06:57:07
2026-01-26 02:47:10,598 - easytorch-training - INFO - Epoch 223 / 300
2026-01-26 02:48:36,844 - easytorch-training - INFO - Result <train>: [train_time: 86.25 (s), lr: 6.25e-05, train_MAE: 12.0427, train_RMSE: 20.3649, train_MAPE: 8.0826]
2026-01-26 02:48:36,846 - easytorch-training - INFO - Start validation.
2026-01-26 02:48:47,592 - easytorch-training - INFO - Result <val>: [val_time: 10.75 (s), val_MAE: 13.7235, val_RMSE: 23.4898, val_MAPE: 11.2490]
2026-01-26 02:48:57,915 - easytorch-training - INFO - Evaluate best model on test data for horizon 1, Test MAE: 11.6354, Test RMSE: 19.2823, Test MAPE: 7.5730
2026-01-26 02:48:57,922 - easytorch-training - INFO - Evaluate best model on test data for horizon 2, Test MAE: 12.2073, Test RMSE: 20.5665, Test MAPE: 7.8855
2026-01-26 02:48:57,929 - easytorch-training - INFO - Evaluate best model on test data for horizon 3, Test MAE: 12.6862, Test RMSE: 21.6357, Test MAPE: 8.1796
2026-01-26 02:48:57,934 - easytorch-training - INFO - Evaluate best model on test data for horizon 4, Test MAE: 13.0520, Test RMSE: 22.5003, Test MAPE: 8.3898
2026-01-26 02:48:57,935 - easytorch-training - INFO - Evaluate best model on test data for horizon 5, Test MAE: 13.3719, Test RMSE: 23.2197, Test MAPE: 8.6095
2026-01-26 02:48:57,937 - easytorch-training - INFO - Evaluate best model on test data for horizon 6, Test MAE: 13.6363, Test RMSE: 23.8174, Test MAPE: 8.8176
2026-01-26 02:48:57,938 - easytorch-training - INFO - Evaluate best model on test data for horizon 7, Test MAE: 13.8987, Test RMSE: 24.3254, Test MAPE: 9.0233
2026-01-26 02:48:57,939 - easytorch-training - INFO - Evaluate best model on test data for horizon 8, Test MAE: 14.1232, Test RMSE: 24.7912, Test MAPE: 9.1416
2026-01-26 02:48:57,945 - easytorch-training - INFO - Evaluate best model on test data for horizon 9, Test MAE: 14.3244, Test RMSE: 25.1752, Test MAPE: 9.2757
2026-01-26 02:48:57,952 - easytorch-training - INFO - Evaluate best model on test data for horizon 10, Test MAE: 14.5056, Test RMSE: 25.5070, Test MAPE: 9.3994
2026-01-26 02:48:57,959 - easytorch-training - INFO - Evaluate best model on test data for horizon 11, Test MAE: 14.7006, Test RMSE: 25.8417, Test MAPE: 9.5586
2026-01-26 02:48:57,967 - easytorch-training - INFO - Evaluate best model on test data for horizon 12, Test MAE: 14.8427, Test RMSE: 26.0508, Test MAPE: 9.6691
2026-01-26 02:48:57,977 - easytorch-training - INFO - Result <test>: [test_time: 10.38 (s), test_MAE: 13.5820, test_RMSE: 23.6515, test_MAPE: 8.7935]
2026-01-26 02:48:58,408 - easytorch-training - INFO - Checkpoint checkpoints/STMAFNet_300/020df9ee7447a9cb965bf70236749dd4/STMAFNet_223.pt saved
2026-01-26 02:48:58,409 - easytorch-training - INFO - The estimated training finish time is 2026-01-26 06:55:13
2026-01-26 02:48:58,409 - easytorch-training - INFO - Epoch 224 / 300
2026-01-26 02:50:24,533 - easytorch-training - INFO - Result <train>: [train_time: 86.12 (s), lr: 6.25e-05, train_MAE: 12.0396, train_RMSE: 20.3551, train_MAPE: 8.0901]
2026-01-26 02:50:24,534 - easytorch-training - INFO - Start validation.
2026-01-26 02:50:35,215 - easytorch-training - INFO - Result <val>: [val_time: 10.68 (s), val_MAE: 13.7039, val_RMSE: 23.4457, val_MAPE: 11.0412]
2026-01-26 02:50:45,549 - easytorch-training - INFO - Evaluate best model on test data for horizon 1, Test MAE: 11.6520, Test RMSE: 19.3215, Test MAPE: 7.5851
2026-01-26 02:50:45,556 - easytorch-training - INFO - Evaluate best model on test data for horizon 2, Test MAE: 12.2422, Test RMSE: 20.6185, Test MAPE: 7.9761
2026-01-26 02:50:45,559 - easytorch-training - INFO - Evaluate best model on test data for horizon 3, Test MAE: 12.7027, Test RMSE: 21.6848, Test MAPE: 8.1997
2026-01-26 02:50:45,560 - easytorch-training - INFO - Evaluate best model on test data for horizon 4, Test MAE: 13.0674, Test RMSE: 22.5235, Test MAPE: 8.4337
2026-01-26 02:50:45,561 - easytorch-training - INFO - Evaluate best model on test data for horizon 5, Test MAE: 13.3623, Test RMSE: 23.2146, Test MAPE: 8.6032
2026-01-26 02:50:45,562 - easytorch-training - INFO - Evaluate best model on test data for horizon 6, Test MAE: 13.6220, Test RMSE: 23.8231, Test MAPE: 8.7715
2026-01-26 02:50:45,563 - easytorch-training - INFO - Evaluate best model on test data for horizon 7, Test MAE: 13.8889, Test RMSE: 24.3431, Test MAPE: 8.9296
2026-01-26 02:50:45,565 - easytorch-training - INFO - Evaluate best model on test data for horizon 8, Test MAE: 14.1058, Test RMSE: 24.8185, Test MAPE: 9.0523
2026-01-26 02:50:45,572 - easytorch-training - INFO - Evaluate best model on test data for horizon 9, Test MAE: 14.3225, Test RMSE: 25.1990, Test MAPE: 9.2753
2026-01-26 02:50:45,579 - easytorch-training - INFO - Evaluate best model on test data for horizon 10, Test MAE: 14.4768, Test RMSE: 25.5591, Test MAPE: 9.3393
2026-01-26 02:50:45,586 - easytorch-training - INFO - Evaluate best model on test data for horizon 11, Test MAE: 14.6628, Test RMSE: 25.8669, Test MAPE: 9.4555
2026-01-26 02:50:45,593 - easytorch-training - INFO - Evaluate best model on test data for horizon 12, Test MAE: 14.8270, Test RMSE: 26.0953, Test MAPE: 9.5979
2026-01-26 02:50:45,604 - easytorch-training - INFO - Result <test>: [test_time: 10.39 (s), test_MAE: 13.5777, test_RMSE: 23.6807, test_MAPE: 8.7683]
2026-01-26 02:50:46,010 - easytorch-training - INFO - Checkpoint checkpoints/STMAFNet_300/020df9ee7447a9cb965bf70236749dd4/STMAFNet_224.pt saved
2026-01-26 02:50:46,011 - easytorch-training - INFO - The estimated training finish time is 2026-01-26 06:53:20
2026-01-26 02:50:46,011 - easytorch-training - INFO - Epoch 225 / 300
2026-01-26 02:52:11,998 - easytorch-training - INFO - Result <train>: [train_time: 85.99 (s), lr: 6.25e-05, train_MAE: 12.0356, train_RMSE: 20.3501, train_MAPE: 8.0802]
2026-01-26 02:52:11,999 - easytorch-training - INFO - Start validation.
2026-01-26 02:52:22,697 - easytorch-training - INFO - Result <val>: [val_time: 10.70 (s), val_MAE: 13.6912, val_RMSE: 23.4438, val_MAPE: 11.2270]
2026-01-26 02:52:33,030 - easytorch-training - INFO - Evaluate best model on test data for horizon 1, Test MAE: 11.6474, Test RMSE: 19.2933, Test MAPE: 7.8209
2026-01-26 02:52:33,037 - easytorch-training - INFO - Evaluate best model on test data for horizon 2, Test MAE: 12.2169, Test RMSE: 20.5909, Test MAPE: 8.1118
2026-01-26 02:52:33,045 - easytorch-training - INFO - Evaluate best model on test data for horizon 3, Test MAE: 12.6686, Test RMSE: 21.6251, Test MAPE: 8.3351
2026-01-26 02:52:33,052 - easytorch-training - INFO - Evaluate best model on test data for horizon 4, Test MAE: 13.0276, Test RMSE: 22.4753, Test MAPE: 8.4998
2026-01-26 02:52:33,055 - easytorch-training - INFO - Evaluate best model on test data for horizon 5, Test MAE: 13.3467, Test RMSE: 23.1971, Test MAPE: 8.6445
2026-01-26 02:52:33,059 - easytorch-training - INFO - Evaluate best model on test data for horizon 6, Test MAE: 13.5990, Test RMSE: 23.7727, Test MAPE: 8.7925
2026-01-26 02:52:33,066 - easytorch-training - INFO - Evaluate best model on test data for horizon 7, Test MAE: 13.8732, Test RMSE: 24.3089, Test MAPE: 9.0182
2026-01-26 02:52:33,073 - easytorch-training - INFO - Evaluate best model on test data for horizon 8, Test MAE: 14.0829, Test RMSE: 24.7524, Test MAPE: 9.1011
2026-01-26 02:52:33,080 - easytorch-training - INFO - Evaluate best model on test data for horizon 9, Test MAE: 14.2991, Test RMSE: 25.1375, Test MAPE: 9.2588
2026-01-26 02:52:33,088 - easytorch-training - INFO - Evaluate best model on test data for horizon 10, Test MAE: 14.4930, Test RMSE: 25.4840, Test MAPE: 9.4426
2026-01-26 02:52:33,095 - easytorch-training - INFO - Evaluate best model on test data for horizon 11, Test MAE: 14.6634, Test RMSE: 25.7680, Test MAPE: 9.5405
2026-01-26 02:52:33,102 - easytorch-training - INFO - Evaluate best model on test data for horizon 12, Test MAE: 14.8228, Test RMSE: 25.9916, Test MAPE: 9.7139
2026-01-26 02:52:33,108 - easytorch-training - INFO - Result <test>: [test_time: 10.41 (s), test_MAE: 13.5617, test_RMSE: 23.6233, test_MAPE: 8.8567]
2026-01-26 02:52:33,513 - easytorch-training - INFO - Checkpoint checkpoints/STMAFNet_300/020df9ee7447a9cb965bf70236749dd4/STMAFNet_225.pt saved
2026-01-26 02:52:33,514 - easytorch-training - INFO - The estimated training finish time is 2026-01-26 06:51:28
2026-01-26 02:52:33,514 - easytorch-training - INFO - Epoch 226 / 300
2026-01-26 02:53:59,629 - easytorch-training - INFO - Result <train>: [train_time: 86.12 (s), lr: 6.25e-05, train_MAE: 12.0334, train_RMSE: 20.3434, train_MAPE: 8.0774]
2026-01-26 02:53:59,631 - easytorch-training - INFO - Start validation.
2026-01-26 02:54:10,377 - easytorch-training - INFO - Result <val>: [val_time: 10.75 (s), val_MAE: 13.6960, val_RMSE: 23.4344, val_MAPE: 10.9552]
2026-01-26 02:54:20,732 - easytorch-training - INFO - Evaluate best model on test data for horizon 1, Test MAE: 11.6256, Test RMSE: 19.2712, Test MAPE: 7.6043
2026-01-26 02:54:20,737 - easytorch-training - INFO - Evaluate best model on test data for horizon 2, Test MAE: 12.2226, Test RMSE: 20.5774, Test MAPE: 8.0338
2026-01-26 02:54:20,738 - easytorch-training - INFO - Evaluate best model on test data for horizon 3, Test MAE: 12.6562, Test RMSE: 21.6203, Test MAPE: 8.2140
2026-01-26 02:54:20,739 - easytorch-training - INFO - Evaluate best model on test data for horizon 4, Test MAE: 13.0296, Test RMSE: 22.4978, Test MAPE: 8.3870
2026-01-26 02:54:20,740 - easytorch-training - INFO - Evaluate best model on test data for horizon 5, Test MAE: 13.3559, Test RMSE: 23.2133, Test MAPE: 8.5844
2026-01-26 02:54:20,742 - easytorch-training - INFO - Evaluate best model on test data for horizon 6, Test MAE: 13.6232, Test RMSE: 23.8018, Test MAPE: 8.7666
2026-01-26 02:54:20,744 - easytorch-training - INFO - Evaluate best model on test data for horizon 7, Test MAE: 13.8675, Test RMSE: 24.2983, Test MAPE: 8.9334
2026-01-26 02:54:20,747 - easytorch-training - INFO - Evaluate best model on test data for horizon 8, Test MAE: 14.0915, Test RMSE: 24.7537, Test MAPE: 9.0840
2026-01-26 02:54:20,751 - easytorch-training - INFO - Evaluate best model on test data for horizon 9, Test MAE: 14.3011, Test RMSE: 25.1146, Test MAPE: 9.2504
2026-01-26 02:54:20,753 - easytorch-training - INFO - Evaluate best model on test data for horizon 10, Test MAE: 14.4658, Test RMSE: 25.4251, Test MAPE: 9.3726
2026-01-26 02:54:20,757 - easytorch-training - INFO - Evaluate best model on test data for horizon 11, Test MAE: 14.6337, Test RMSE: 25.6952, Test MAPE: 9.5155
2026-01-26 02:54:20,763 - easytorch-training - INFO - Evaluate best model on test data for horizon 12, Test MAE: 14.7899, Test RMSE: 25.9197, Test MAPE: 9.6544
2026-01-26 02:54:20,772 - easytorch-training - INFO - Result <test>: [test_time: 10.39 (s), test_MAE: 13.5552, test_RMSE: 23.6047, test_MAPE: 8.7834]
2026-01-26 02:54:21,177 - easytorch-training - INFO - Checkpoint checkpoints/STMAFNet_300/020df9ee7447a9cb965bf70236749dd4/STMAFNet_226.pt saved
2026-01-26 02:54:21,178 - easytorch-training - INFO - The estimated training finish time is 2026-01-26 06:49:38
2026-01-26 02:54:21,178 - easytorch-training - INFO - Epoch 227 / 300
2026-01-26 02:55:47,200 - easytorch-training - INFO - Result <train>: [train_time: 86.02 (s), lr: 6.25e-05, train_MAE: 12.0302, train_RMSE: 20.3422, train_MAPE: 8.0756]
2026-01-26 02:55:47,201 - easytorch-training - INFO - Start validation.
2026-01-26 02:55:57,885 - easytorch-training - INFO - Result <val>: [val_time: 10.68 (s), val_MAE: 13.6645, val_RMSE: 23.3601, val_MAPE: 10.8490]
2026-01-26 02:56:08,223 - easytorch-training - INFO - Evaluate best model on test data for horizon 1, Test MAE: 11.6232, Test RMSE: 19.2840, Test MAPE: 7.5509
2026-01-26 02:56:08,230 - easytorch-training - INFO - Evaluate best model on test data for horizon 2, Test MAE: 12.1884, Test RMSE: 20.5798, Test MAPE: 7.9031
2026-01-26 02:56:08,238 - easytorch-training - INFO - Evaluate best model on test data for horizon 3, Test MAE: 12.6445, Test RMSE: 21.6169, Test MAPE: 8.1529
2026-01-26 02:56:08,245 - easytorch-training - INFO - Evaluate best model on test data for horizon 4, Test MAE: 13.0110, Test RMSE: 22.4849, Test MAPE: 8.3387
2026-01-26 02:56:08,246 - easytorch-training - INFO - Evaluate best model on test data for horizon 5, Test MAE: 13.3359, Test RMSE: 23.2035, Test MAPE: 8.5555
2026-01-26 02:56:08,247 - easytorch-training - INFO - Evaluate best model on test data for horizon 6, Test MAE: 13.5976, Test RMSE: 23.7688, Test MAPE: 8.7263
2026-01-26 02:56:08,248 - easytorch-training - INFO - Evaluate best model on test data for horizon 7, Test MAE: 13.8597, Test RMSE: 24.3107, Test MAPE: 8.8646
2026-01-26 02:56:08,249 - easytorch-training - INFO - Evaluate best model on test data for horizon 8, Test MAE: 14.0756, Test RMSE: 24.7559, Test MAPE: 9.0214
2026-01-26 02:56:08,250 - easytorch-training - INFO - Evaluate best model on test data for horizon 9, Test MAE: 14.2987, Test RMSE: 25.1636, Test MAPE: 9.1992
2026-01-26 02:56:08,252 - easytorch-training - INFO - Evaluate best model on test data for horizon 10, Test MAE: 14.4790, Test RMSE: 25.5278, Test MAPE: 9.3278
2026-01-26 02:56:08,253 - easytorch-training - INFO - Evaluate best model on test data for horizon 11, Test MAE: 14.6658, Test RMSE: 25.8637, Test MAPE: 9.5263
2026-01-26 02:56:08,260 - easytorch-training - INFO - Evaluate best model on test data for horizon 12, Test MAE: 14.8134, Test RMSE: 26.0898, Test MAPE: 9.5504
2026-01-26 02:56:08,270 - easytorch-training - INFO - Result <test>: [test_time: 10.38 (s), test_MAE: 13.5494, test_RMSE: 23.6467, test_MAPE: 8.7264]
2026-01-26 02:56:08,676 - easytorch-training - INFO - Checkpoint checkpoints/STMAFNet_300/020df9ee7447a9cb965bf70236749dd4/STMAFNet_227.pt saved
2026-01-26 02:56:08,677 - easytorch-training - INFO - The estimated training finish time is 2026-01-26 06:47:48
2026-01-26 02:56:08,677 - easytorch-training - INFO - Epoch 228 / 300
2026-01-26 02:57:34,814 - easytorch-training - INFO - Result <train>: [train_time: 86.14 (s), lr: 6.25e-05, train_MAE: 12.0252, train_RMSE: 20.3284, train_MAPE: 8.0658]
2026-01-26 02:57:34,816 - easytorch-training - INFO - Start validation.
2026-01-26 02:57:45,546 - easytorch-training - INFO - Result <val>: [val_time: 10.73 (s), val_MAE: 13.6953, val_RMSE: 23.4328, val_MAPE: 10.9525]
2026-01-26 02:57:55,910 - easytorch-training - INFO - Evaluate best model on test data for horizon 1, Test MAE: 11.6605, Test RMSE: 19.3056, Test MAPE: 7.7331
2026-01-26 02:57:55,917 - easytorch-training - INFO - Evaluate best model on test data for horizon 2, Test MAE: 12.2471, Test RMSE: 20.6180, Test MAPE: 8.0678
2026-01-26 02:57:55,924 - easytorch-training - INFO - Evaluate best model on test data for horizon 3, Test MAE: 12.6969, Test RMSE: 21.6673, Test MAPE: 8.2165
2026-01-26 02:57:55,932 - easytorch-training - INFO - Evaluate best model on test data for horizon 4, Test MAE: 13.0700, Test RMSE: 22.5392, Test MAPE: 8.4596
2026-01-26 02:57:55,935 - easytorch-training - INFO - Evaluate best model on test data for horizon 5, Test MAE: 13.3902, Test RMSE: 23.2358, Test MAPE: 8.6534
2026-01-26 02:57:55,936 - easytorch-training - INFO - Evaluate best model on test data for horizon 6, Test MAE: 13.6461, Test RMSE: 23.8139, Test MAPE: 8.8000
2026-01-26 02:57:55,937 - easytorch-training - INFO - Evaluate best model on test data for horizon 7, Test MAE: 13.8982, Test RMSE: 24.3396, Test MAPE: 8.9694
2026-01-26 02:57:55,939 - easytorch-training - INFO - Evaluate best model on test data for horizon 8, Test MAE: 14.1487, Test RMSE: 24.8089, Test MAPE: 9.1503
2026-01-26 02:57:55,940 - easytorch-training - INFO - Evaluate best model on test data for horizon 9, Test MAE: 14.3574, Test RMSE: 25.2064, Test MAPE: 9.2510
2026-01-26 02:57:55,941 - easytorch-training - INFO - Evaluate best model on test data for horizon 10, Test MAE: 14.5150, Test RMSE: 25.4919, Test MAPE: 9.3767
2026-01-26 02:57:55,947 - easytorch-training - INFO - Evaluate best model on test data for horizon 11, Test MAE: 14.6878, Test RMSE: 25.7880, Test MAPE: 9.5163
2026-01-26 02:57:55,951 - easytorch-training - INFO - Evaluate best model on test data for horizon 12, Test MAE: 14.8626, Test RMSE: 26.0352, Test MAPE: 9.6677
2026-01-26 02:57:55,958 - easytorch-training - INFO - Result <test>: [test_time: 10.41 (s), test_MAE: 13.5984, test_RMSE: 23.6612, test_MAPE: 8.8218]
2026-01-26 02:57:56,473 - easytorch-training - INFO - Checkpoint checkpoints/STMAFNet_300/020df9ee7447a9cb965bf70236749dd4/STMAFNet_228.pt saved
2026-01-26 02:57:56,474 - easytorch-training - INFO - The estimated training finish time is 2026-01-26 06:45:59
2026-01-26 02:57:56,475 - easytorch-training - INFO - Epoch 229 / 300
2026-01-26 02:59:22,892 - easytorch-training - INFO - Result <train>: [train_time: 86.42 (s), lr: 6.25e-05, train_MAE: 12.0165, train_RMSE: 20.3147, train_MAPE: 8.0713]
2026-01-26 02:59:22,893 - easytorch-training - INFO - Start validation.
2026-01-26 02:59:33,602 - easytorch-training - INFO - Result <val>: [val_time: 10.71 (s), val_MAE: 13.6876, val_RMSE: 23.4627, val_MAPE: 11.0796]
2026-01-26 02:59:43,903 - easytorch-training - INFO - Evaluate best model on test data for horizon 1, Test MAE: 11.6428, Test RMSE: 19.3309, Test MAPE: 7.5804
2026-01-26 02:59:43,907 - easytorch-training - INFO - Evaluate best model on test data for horizon 2, Test MAE: 12.2079, Test RMSE: 20.6161, Test MAPE: 7.8847
2026-01-26 02:59:43,914 - easytorch-training - INFO - Evaluate best model on test data for horizon 3, Test MAE: 12.6635, Test RMSE: 21.6663, Test MAPE: 8.1513
2026-01-26 02:59:43,921 - easytorch-training - INFO - Evaluate best model on test data for horizon 4, Test MAE: 13.0340, Test RMSE: 22.5288, Test MAPE: 8.4028
2026-01-26 02:59:43,929 - easytorch-training - INFO - Evaluate best model on test data for horizon 5, Test MAE: 13.3313, Test RMSE: 23.2061, Test MAPE: 8.5598
2026-01-26 02:59:43,936 - easytorch-training - INFO - Evaluate best model on test data for horizon 6, Test MAE: 13.5878, Test RMSE: 23.7817, Test MAPE: 8.7525
2026-01-26 02:59:43,943 - easytorch-training - INFO - Evaluate best model on test data for horizon 7, Test MAE: 13.8410, Test RMSE: 24.3112, Test MAPE: 8.8968
2026-01-26 02:59:43,950 - easytorch-training - INFO - Evaluate best model on test data for horizon 8, Test MAE: 14.0752, Test RMSE: 24.7623, Test MAPE: 9.0693
2026-01-26 02:59:43,953 - easytorch-training - INFO - Evaluate best model on test data for horizon 9, Test MAE: 14.2856, Test RMSE: 25.1418, Test MAPE: 9.2243
2026-01-26 02:59:43,954 - easytorch-training - INFO - Evaluate best model on test data for horizon 10, Test MAE: 14.4526, Test RMSE: 25.4649, Test MAPE: 9.3419
2026-01-26 02:59:43,955 - easytorch-training - INFO - Evaluate best model on test data for horizon 11, Test MAE: 14.6194, Test RMSE: 25.7520, Test MAPE: 9.4792
2026-01-26 02:59:43,957 - easytorch-training - INFO - Evaluate best model on test data for horizon 12, Test MAE: 14.7853, Test RMSE: 25.9973, Test MAPE: 9.6087
2026-01-26 02:59:43,961 - easytorch-training - INFO - Result <test>: [test_time: 10.36 (s), test_MAE: 13.5439, test_RMSE: 23.6354, test_MAPE: 8.7460]
2026-01-26 02:59:44,371 - easytorch-training - INFO - Checkpoint checkpoints/STMAFNet_300/020df9ee7447a9cb965bf70236749dd4/STMAFNet_229.pt saved
2026-01-26 02:59:44,372 - easytorch-training - INFO - The estimated training finish time is 2026-01-26 06:44:11
2026-01-26 02:59:44,372 - easytorch-training - INFO - Epoch 230 / 300
2026-01-26 03:01:10,464 - easytorch-training - INFO - Result <train>: [train_time: 86.09 (s), lr: 6.25e-05, train_MAE: 12.0154, train_RMSE: 20.3189, train_MAPE: 8.0688]
2026-01-26 03:01:10,466 - easytorch-training - INFO - Start validation.
2026-01-26 03:01:21,039 - easytorch-training - INFO - Result <val>: [val_time: 10.57 (s), val_MAE: 13.6756, val_RMSE: 23.4280, val_MAPE: 10.7191]
2026-01-26 03:01:30,950 - easytorch-training - INFO - Evaluate best model on test data for horizon 1, Test MAE: 11.6125, Test RMSE: 19.2514, Test MAPE: 7.5173
2026-01-26 03:01:30,957 - easytorch-training - INFO - Evaluate best model on test data for horizon 2, Test MAE: 12.2013, Test RMSE: 20.5641, Test MAPE: 7.8526
2026-01-26 03:01:30,962 - easytorch-training - INFO - Evaluate best model on test data for horizon 3, Test MAE: 12.6479, Test RMSE: 21.5973, Test MAPE: 8.1068
2026-01-26 03:01:30,963 - easytorch-training - INFO - Evaluate best model on test data for horizon 4, Test MAE: 13.0233, Test RMSE: 22.4655, Test MAPE: 8.3391
2026-01-26 03:01:30,965 - easytorch-training - INFO - Evaluate best model on test data for horizon 5, Test MAE: 13.3327, Test RMSE: 23.2129, Test MAPE: 8.5445
2026-01-26 03:01:30,972 - easytorch-training - INFO - Evaluate best model on test data for horizon 6, Test MAE: 13.6003, Test RMSE: 23.8403, Test MAPE: 8.7193
2026-01-26 03:01:30,979 - easytorch-training - INFO - Evaluate best model on test data for horizon 7, Test MAE: 13.8662, Test RMSE: 24.4021, Test MAPE: 8.8603
2026-01-26 03:01:30,986 - easytorch-training - INFO - Evaluate best model on test data for horizon 8, Test MAE: 14.0920, Test RMSE: 24.8939, Test MAPE: 9.0439
2026-01-26 03:01:30,994 - easytorch-training - INFO - Evaluate best model on test data for horizon 9, Test MAE: 14.3054, Test RMSE: 25.2813, Test MAPE: 9.2102
2026-01-26 03:01:31,001 - easytorch-training - INFO - Evaluate best model on test data for horizon 10, Test MAE: 14.4831, Test RMSE: 25.6118, Test MAPE: 9.3505
2026-01-26 03:01:31,008 - easytorch-training - INFO - Evaluate best model on test data for horizon 11, Test MAE: 14.6609, Test RMSE: 25.8944, Test MAPE: 9.4717
2026-01-26 03:01:31,010 - easytorch-training - INFO - Evaluate best model on test data for horizon 12, Test MAE: 14.8233, Test RMSE: 26.1121, Test MAPE: 9.5759
2026-01-26 03:01:31,014 - easytorch-training - INFO - Result <test>: [test_time: 9.97 (s), test_MAE: 13.5541, test_RMSE: 23.6898, test_MAPE: 8.7160]
2026-01-26 03:01:31,421 - easytorch-training - INFO - Checkpoint checkpoints/STMAFNet_300/020df9ee7447a9cb965bf70236749dd4/STMAFNet_230.pt saved
2026-01-26 03:01:31,457 - easytorch-training - INFO - The estimated training finish time is 2026-01-26 06:42:24
2026-01-26 03:01:31,457 - easytorch-training - INFO - Epoch 231 / 300
2026-01-26 03:02:57,884 - easytorch-training - INFO - Result <train>: [train_time: 86.43 (s), lr: 6.25e-05, train_MAE: 12.0108, train_RMSE: 20.3022, train_MAPE: 8.0630]
2026-01-26 03:02:57,885 - easytorch-training - INFO - Start validation.
2026-01-26 03:03:08,291 - easytorch-training - INFO - Result <val>: [val_time: 10.41 (s), val_MAE: 13.7091, val_RMSE: 23.5008, val_MAPE: 11.1687]
2026-01-26 03:03:18,029 - easytorch-training - INFO - Evaluate best model on test data for horizon 1, Test MAE: 11.6306, Test RMSE: 19.3082, Test MAPE: 7.5830
2026-01-26 03:03:18,036 - easytorch-training - INFO - Evaluate best model on test data for horizon 2, Test MAE: 12.2152, Test RMSE: 20.6296, Test MAPE: 7.9278
2026-01-26 03:03:18,043 - easytorch-training - INFO - Evaluate best model on test data for horizon 3, Test MAE: 12.6769, Test RMSE: 21.6518, Test MAPE: 8.2704
2026-01-26 03:03:18,050 - easytorch-training - INFO - Evaluate best model on test data for horizon 4, Test MAE: 13.0500, Test RMSE: 22.5168, Test MAPE: 8.4981
2026-01-26 03:03:18,051 - easytorch-training - INFO - Evaluate best model on test data for horizon 5, Test MAE: 13.3454, Test RMSE: 23.2110, Test MAPE: 8.6965
2026-01-26 03:03:18,058 - easytorch-training - INFO - Evaluate best model on test data for horizon 6, Test MAE: 13.6225, Test RMSE: 23.8218, Test MAPE: 8.8627
2026-01-26 03:03:18,066 - easytorch-training - INFO - Evaluate best model on test data for horizon 7, Test MAE: 13.8694, Test RMSE: 24.3491, Test MAPE: 8.9599
2026-01-26 03:03:18,073 - easytorch-training - INFO - Evaluate best model on test data for horizon 8, Test MAE: 14.0983, Test RMSE: 24.8157, Test MAPE: 9.1450
2026-01-26 03:03:18,080 - easytorch-training - INFO - Evaluate best model on test data for horizon 9, Test MAE: 14.3189, Test RMSE: 25.1937, Test MAPE: 9.2880
2026-01-26 03:03:18,087 - easytorch-training - INFO - Evaluate best model on test data for horizon 10, Test MAE: 14.4876, Test RMSE: 25.4902, Test MAPE: 9.4250
2026-01-26 03:03:18,095 - easytorch-training - INFO - Evaluate best model on test data for horizon 11, Test MAE: 14.6826, Test RMSE: 25.7986, Test MAPE: 9.5682
2026-01-26 03:03:18,096 - easytorch-training - INFO - Evaluate best model on test data for horizon 12, Test MAE: 14.8446, Test RMSE: 26.0456, Test MAPE: 9.7297
2026-01-26 03:03:18,105 - easytorch-training - INFO - Result <test>: [test_time: 9.81 (s), test_MAE: 13.5702, test_RMSE: 23.6600, test_MAPE: 8.8295]
2026-01-26 03:03:18,533 - easytorch-training - INFO - Checkpoint checkpoints/STMAFNet_300/020df9ee7447a9cb965bf70236749dd4/STMAFNet_231.pt saved
2026-01-26 03:03:18,534 - easytorch-training - INFO - The estimated training finish time is 2026-01-26 06:40:37
2026-01-26 03:03:18,534 - easytorch-training - INFO - Epoch 232 / 300
2026-01-26 03:04:45,423 - easytorch-training - INFO - Result <train>: [train_time: 86.89 (s), lr: 6.25e-05, train_MAE: 12.0055, train_RMSE: 20.2911, train_MAPE: 8.0607]
2026-01-26 03:04:45,424 - easytorch-training - INFO - Start validation.
2026-01-26 03:04:55,501 - easytorch-training - INFO - Result <val>: [val_time: 10.08 (s), val_MAE: 13.7265, val_RMSE: 23.5443, val_MAPE: 11.1185]
2026-01-26 03:05:05,326 - easytorch-training - INFO - Evaluate best model on test data for horizon 1, Test MAE: 11.6543, Test RMSE: 19.3191, Test MAPE: 7.6141
2026-01-26 03:05:05,333 - easytorch-training - INFO - Evaluate best model on test data for horizon 2, Test MAE: 12.2352, Test RMSE: 20.6263, Test MAPE: 7.9796
2026-01-26 03:05:05,341 - easytorch-training - INFO - Evaluate best model on test data for horizon 3, Test MAE: 12.6773, Test RMSE: 21.6566, Test MAPE: 8.2542
2026-01-26 03:05:05,344 - easytorch-training - INFO - Evaluate best model on test data for horizon 4, Test MAE: 13.0513, Test RMSE: 22.5194, Test MAPE: 8.4341
2026-01-26 03:05:05,348 - easytorch-training - INFO - Evaluate best model on test data for horizon 5, Test MAE: 13.3788, Test RMSE: 23.2450, Test MAPE: 8.6359
2026-01-26 03:05:05,355 - easytorch-training - INFO - Evaluate best model on test data for horizon 6, Test MAE: 13.6327, Test RMSE: 23.8363, Test MAPE: 8.8717
2026-01-26 03:05:05,362 - easytorch-training - INFO - Evaluate best model on test data for horizon 7, Test MAE: 13.9025, Test RMSE: 24.3696, Test MAPE: 8.9838
2026-01-26 03:05:05,369 - easytorch-training - INFO - Evaluate best model on test data for horizon 8, Test MAE: 14.1203, Test RMSE: 24.8049, Test MAPE: 9.1126
2026-01-26 03:05:05,377 - easytorch-training - INFO - Evaluate best model on test data for horizon 9, Test MAE: 14.3077, Test RMSE: 25.1545, Test MAPE: 9.3047
2026-01-26 03:05:05,384 - easytorch-training - INFO - Evaluate best model on test data for horizon 10, Test MAE: 14.5381, Test RMSE: 25.5395, Test MAPE: 9.4545
2026-01-26 03:05:05,390 - easytorch-training - INFO - Evaluate best model on test data for horizon 11, Test MAE: 14.6903, Test RMSE: 25.8292, Test MAPE: 9.5163
2026-01-26 03:05:05,391 - easytorch-training - INFO - Evaluate best model on test data for horizon 12, Test MAE: 14.8404, Test RMSE: 26.0518, Test MAPE: 9.6516
2026-01-26 03:05:05,399 - easytorch-training - INFO - Result <test>: [test_time: 9.90 (s), test_MAE: 13.5857, test_RMSE: 23.6702, test_MAPE: 8.8178]
2026-01-26 03:05:05,803 - easytorch-training - INFO - Checkpoint checkpoints/STMAFNet_300/020df9ee7447a9cb965bf70236749dd4/STMAFNet_232.pt saved
2026-01-26 03:05:05,804 - easytorch-training - INFO - The estimated training finish time is 2026-01-26 06:38:51
2026-01-26 03:05:05,804 - easytorch-training - INFO - Epoch 233 / 300
2026-01-26 03:06:32,534 - easytorch-training - INFO - Result <train>: [train_time: 86.73 (s), lr: 6.25e-05, train_MAE: 12.0025, train_RMSE: 20.2852, train_MAPE: 8.0684]
2026-01-26 03:06:32,536 - easytorch-training - INFO - Start validation.
2026-01-26 03:06:42,817 - easytorch-training - INFO - Result <val>: [val_time: 10.28 (s), val_MAE: 13.6857, val_RMSE: 23.4487, val_MAPE: 11.0078]
2026-01-26 03:06:52,407 - easytorch-training - INFO - Evaluate best model on test data for horizon 1, Test MAE: 11.6597, Test RMSE: 19.3494, Test MAPE: 7.6152
2026-01-26 03:06:52,409 - easytorch-training - INFO - Evaluate best model on test data for horizon 2, Test MAE: 12.2351, Test RMSE: 20.6481, Test MAPE: 7.9505
2026-01-26 03:06:52,413 - easytorch-training - INFO - Evaluate best model on test data for horizon 3, Test MAE: 12.6861, Test RMSE: 21.6799, Test MAPE: 8.2207
2026-01-26 03:06:52,418 - easytorch-training - INFO - Evaluate best model on test data for horizon 4, Test MAE: 13.0603, Test RMSE: 22.5264, Test MAPE: 8.3879
2026-01-26 03:06:52,420 - easytorch-training - INFO - Evaluate best model on test data for horizon 5, Test MAE: 13.3631, Test RMSE: 23.2172, Test MAPE: 8.5746
2026-01-26 03:06:52,424 - easytorch-training - INFO - Evaluate best model on test data for horizon 6, Test MAE: 13.6146, Test RMSE: 23.7987, Test MAPE: 8.7722
2026-01-26 03:06:52,432 - easytorch-training - INFO - Evaluate best model on test data for horizon 7, Test MAE: 13.8661, Test RMSE: 24.3046, Test MAPE: 8.9084
2026-01-26 03:06:52,436 - easytorch-training - INFO - Evaluate best model on test data for horizon 8, Test MAE: 14.0952, Test RMSE: 24.7651, Test MAPE: 9.0749
2026-01-26 03:06:52,438 - easytorch-training - INFO - Evaluate best model on test data for horizon 9, Test MAE: 14.3067, Test RMSE: 25.1709, Test MAPE: 9.2000
2026-01-26 03:06:52,444 - easytorch-training - INFO - Evaluate best model on test data for horizon 10, Test MAE: 14.4884, Test RMSE: 25.5110, Test MAPE: 9.3405
2026-01-26 03:06:52,451 - easytorch-training - INFO - Evaluate best model on test data for horizon 11, Test MAE: 14.6593, Test RMSE: 25.8165, Test MAPE: 9.4867
2026-01-26 03:06:52,458 - easytorch-training - INFO - Evaluate best model on test data for horizon 12, Test MAE: 14.8386, Test RMSE: 26.0767, Test MAPE: 9.6041
2026-01-26 03:06:52,468 - easytorch-training - INFO - Result <test>: [test_time: 9.65 (s), test_MAE: 13.5728, test_RMSE: 23.6617, test_MAPE: 8.7613]
2026-01-26 03:06:52,900 - easytorch-training - INFO - Checkpoint checkpoints/STMAFNet_300/020df9ee7447a9cb965bf70236749dd4/STMAFNet_233.pt saved
2026-01-26 03:06:52,901 - easytorch-training - INFO - The estimated training finish time is 2026-01-26 06:37:06
2026-01-26 03:06:52,901 - easytorch-training - INFO - Epoch 234 / 300
2026-01-26 03:08:19,407 - easytorch-training - INFO - Result <train>: [train_time: 86.51 (s), lr: 6.25e-05, train_MAE: 12.0016, train_RMSE: 20.2910, train_MAPE: 8.0556]
2026-01-26 03:08:19,409 - easytorch-training - INFO - Start validation.
2026-01-26 03:08:29,412 - easytorch-training - INFO - Result <val>: [val_time: 10.00 (s), val_MAE: 13.6765, val_RMSE: 23.4253, val_MAPE: 10.8941]
2026-01-26 03:08:39,761 - easytorch-training - INFO - Evaluate best model on test data for horizon 1, Test MAE: 11.6236, Test RMSE: 19.3228, Test MAPE: 7.5540
2026-01-26 03:08:39,768 - easytorch-training - INFO - Evaluate best model on test data for horizon 2, Test MAE: 12.2088, Test RMSE: 20.6288, Test MAPE: 7.8977
2026-01-26 03:08:39,775 - easytorch-training - INFO - Evaluate best model on test data for horizon 3, Test MAE: 12.6736, Test RMSE: 21.6613, Test MAPE: 8.1848
2026-01-26 03:08:39,782 - easytorch-training - INFO - Evaluate best model on test data for horizon 4, Test MAE: 13.0418, Test RMSE: 22.5103, Test MAPE: 8.4018
2026-01-26 03:08:39,788 - easytorch-training - INFO - Evaluate best model on test data for horizon 5, Test MAE: 13.3504, Test RMSE: 23.2128, Test MAPE: 8.6171
2026-01-26 03:08:39,789 - easytorch-training - INFO - Evaluate best model on test data for horizon 6, Test MAE: 13.6241, Test RMSE: 23.8379, Test MAPE: 8.7683
2026-01-26 03:08:39,790 - easytorch-training - INFO - Evaluate best model on test data for horizon 7, Test MAE: 13.8794, Test RMSE: 24.3652, Test MAPE: 8.9364
2026-01-26 03:08:39,792 - easytorch-training - INFO - Evaluate best model on test data for horizon 8, Test MAE: 14.1073, Test RMSE: 24.8404, Test MAPE: 9.0638
2026-01-26 03:08:39,794 - easytorch-training - INFO - Evaluate best model on test data for horizon 9, Test MAE: 14.3198, Test RMSE: 25.2178, Test MAPE: 9.2216
2026-01-26 03:08:39,795 - easytorch-training - INFO - Evaluate best model on test data for horizon 10, Test MAE: 14.5090, Test RMSE: 25.5458, Test MAPE: 9.3581
2026-01-26 03:08:39,796 - easytorch-training - INFO - Evaluate best model on test data for horizon 11, Test MAE: 14.6883, Test RMSE: 25.8316, Test MAPE: 9.4917
2026-01-26 03:08:39,797 - easytorch-training - INFO - Evaluate best model on test data for horizon 12, Test MAE: 14.8586, Test RMSE: 26.0848, Test MAPE: 9.6125
2026-01-26 03:08:39,802 - easytorch-training - INFO - Result <test>: [test_time: 10.39 (s), test_MAE: 13.5737, test_RMSE: 23.6799, test_MAPE: 8.7590]
2026-01-26 03:08:40,212 - easytorch-training - INFO - Checkpoint checkpoints/STMAFNet_300/020df9ee7447a9cb965bf70236749dd4/STMAFNet_234.pt saved
2026-01-26 03:08:40,213 - easytorch-training - INFO - The estimated training finish time is 2026-01-26 06:35:22
2026-01-26 03:08:40,213 - easytorch-training - INFO - Epoch 235 / 300
2026-01-26 03:10:06,804 - easytorch-training - INFO - Result <train>: [train_time: 86.59 (s), lr: 6.25e-05, train_MAE: 11.9973, train_RMSE: 20.2812, train_MAPE: 8.0613]
2026-01-26 03:10:06,807 - easytorch-training - INFO - Start validation.
2026-01-26 03:10:16,867 - easytorch-training - INFO - Result <val>: [val_time: 10.06 (s), val_MAE: 13.6911, val_RMSE: 23.4305, val_MAPE: 11.0180]
2026-01-26 03:10:27,174 - easytorch-training - INFO - Evaluate best model on test data for horizon 1, Test MAE: 11.6377, Test RMSE: 19.2733, Test MAPE: 7.5877
2026-01-26 03:10:27,181 - easytorch-training - INFO - Evaluate best model on test data for horizon 2, Test MAE: 12.2102, Test RMSE: 20.5909, Test MAPE: 7.8969
2026-01-26 03:10:27,188 - easytorch-training - INFO - Evaluate best model on test data for horizon 3, Test MAE: 12.6781, Test RMSE: 21.6534, Test MAPE: 8.1722
2026-01-26 03:10:27,196 - easytorch-training - INFO - Evaluate best model on test data for horizon 4, Test MAE: 13.0524, Test RMSE: 22.5103, Test MAPE: 8.4063
2026-01-26 03:10:27,203 - easytorch-training - INFO - Evaluate best model on test data for horizon 5, Test MAE: 13.3749, Test RMSE: 23.2756, Test MAPE: 8.5959
2026-01-26 03:10:27,210 - easytorch-training - INFO - Evaluate best model on test data for horizon 6, Test MAE: 13.6399, Test RMSE: 23.8981, Test MAPE: 8.7663
2026-01-26 03:10:27,217 - easytorch-training - INFO - Evaluate best model on test data for horizon 7, Test MAE: 13.9100, Test RMSE: 24.4482, Test MAPE: 8.9528
2026-01-26 03:10:27,225 - easytorch-training - INFO - Evaluate best model on test data for horizon 8, Test MAE: 14.1475, Test RMSE: 24.9415, Test MAPE: 9.1217
2026-01-26 03:10:27,232 - easytorch-training - INFO - Evaluate best model on test data for horizon 9, Test MAE: 14.3550, Test RMSE: 25.3349, Test MAPE: 9.2589
2026-01-26 03:10:27,239 - easytorch-training - INFO - Evaluate best model on test data for horizon 10, Test MAE: 14.5229, Test RMSE: 25.6330, Test MAPE: 9.3760
2026-01-26 03:10:27,243 - easytorch-training - INFO - Evaluate best model on test data for horizon 11, Test MAE: 14.7110, Test RMSE: 25.9580, Test MAPE: 9.5553
2026-01-26 03:10:27,244 - easytorch-training - INFO - Evaluate best model on test data for horizon 12, Test MAE: 14.8647, Test RMSE: 26.1684, Test MAPE: 9.6435
2026-01-26 03:10:27,253 - easytorch-training - INFO - Result <test>: [test_time: 10.38 (s), test_MAE: 13.5920, test_RMSE: 23.7368, test_MAPE: 8.7778]
2026-01-26 03:10:27,662 - easytorch-training - INFO - Checkpoint checkpoints/STMAFNet_300/020df9ee7447a9cb965bf70236749dd4/STMAFNet_235.pt saved
2026-01-26 03:10:27,663 - easytorch-training - INFO - The estimated training finish time is 2026-01-26 06:33:40
2026-01-26 03:10:27,664 - easytorch-training - INFO - Epoch 236 / 300
2026-01-26 03:11:53,797 - easytorch-training - INFO - Result <train>: [train_time: 86.13 (s), lr: 6.25e-05, train_MAE: 11.9924, train_RMSE: 20.2707, train_MAPE: 8.0538]
2026-01-26 03:11:53,798 - easytorch-training - INFO - Start validation.
2026-01-26 03:12:04,468 - easytorch-training - INFO - Result <val>: [val_time: 10.67 (s), val_MAE: 13.6803, val_RMSE: 23.4278, val_MAPE: 10.9069]
2026-01-26 03:12:14,776 - easytorch-training - INFO - Evaluate best model on test data for horizon 1, Test MAE: 11.6535, Test RMSE: 19.3127, Test MAPE: 7.6047
2026-01-26 03:12:14,784 - easytorch-training - INFO - Evaluate best model on test data for horizon 2, Test MAE: 12.2360, Test RMSE: 20.6165, Test MAPE: 8.0113
2026-01-26 03:12:14,791 - easytorch-training - INFO - Evaluate best model on test data for horizon 3, Test MAE: 12.6947, Test RMSE: 21.7010, Test MAPE: 8.1926
2026-01-26 03:12:14,792 - easytorch-training - INFO - Evaluate best model on test data for horizon 4, Test MAE: 13.0613, Test RMSE: 22.5757, Test MAPE: 8.4695
2026-01-26 03:12:14,797 - easytorch-training - INFO - Evaluate best model on test data for horizon 5, Test MAE: 13.3564, Test RMSE: 23.2593, Test MAPE: 8.6363
2026-01-26 03:12:14,802 - easytorch-training - INFO - Evaluate best model on test data for horizon 6, Test MAE: 13.6141, Test RMSE: 23.8401, Test MAPE: 8.8210
2026-01-26 03:12:14,809 - easytorch-training - INFO - Evaluate best model on test data for horizon 7, Test MAE: 13.8572, Test RMSE: 24.3417, Test MAPE: 8.9128
2026-01-26 03:12:14,816 - easytorch-training - INFO - Evaluate best model on test data for horizon 8, Test MAE: 14.0848, Test RMSE: 24.7595, Test MAPE: 9.0821
2026-01-26 03:12:14,823 - easytorch-training - INFO - Evaluate best model on test data for horizon 9, Test MAE: 14.2985, Test RMSE: 25.1551, Test MAPE: 9.2274
2026-01-26 03:12:14,831 - easytorch-training - INFO - Evaluate best model on test data for horizon 10, Test MAE: 14.4766, Test RMSE: 25.4537, Test MAPE: 9.3471
2026-01-26 03:12:14,838 - easytorch-training - INFO - Evaluate best model on test data for horizon 11, Test MAE: 14.6581, Test RMSE: 25.7694, Test MAPE: 9.5003
2026-01-26 03:12:14,842 - easytorch-training - INFO - Evaluate best model on test data for horizon 12, Test MAE: 14.8142, Test RMSE: 25.9963, Test MAPE: 9.6205
2026-01-26 03:12:14,846 - easytorch-training - INFO - Result <test>: [test_time: 10.38 (s), test_MAE: 13.5671, test_RMSE: 23.6538, test_MAPE: 8.7855]
2026-01-26 03:12:15,252 - easytorch-training - INFO - Checkpoint checkpoints/STMAFNet_300/020df9ee7447a9cb965bf70236749dd4/STMAFNet_236.pt saved
2026-01-26 03:12:15,253 - easytorch-training - INFO - The estimated training finish time is 2026-01-26 06:31:58
2026-01-26 03:12:15,253 - easytorch-training - INFO - Epoch 237 / 300
2026-01-26 03:13:41,331 - easytorch-training - INFO - Result <train>: [train_time: 86.08 (s), lr: 6.25e-05, train_MAE: 11.9873, train_RMSE: 20.2633, train_MAPE: 8.0498]
2026-01-26 03:13:41,332 - easytorch-training - INFO - Start validation.
2026-01-26 03:13:52,090 - easytorch-training - INFO - Result <val>: [val_time: 10.76 (s), val_MAE: 13.6480, val_RMSE: 23.3704, val_MAPE: 10.7360]
2026-01-26 03:14:02,421 - easytorch-training - INFO - Evaluate best model on test data for horizon 1, Test MAE: 11.6186, Test RMSE: 19.2811, Test MAPE: 7.5984
2026-01-26 03:14:02,428 - easytorch-training - INFO - Evaluate best model on test data for horizon 2, Test MAE: 12.1737, Test RMSE: 20.5632, Test MAPE: 7.8955
2026-01-26 03:14:02,435 - easytorch-training - INFO - Evaluate best model on test data for horizon 3, Test MAE: 12.6423, Test RMSE: 21.6102, Test MAPE: 8.1795
2026-01-26 03:14:02,441 - easytorch-training - INFO - Evaluate best model on test data for horizon 4, Test MAE: 13.0274, Test RMSE: 22.4866, Test MAPE: 8.4437
2026-01-26 03:14:02,448 - easytorch-training - INFO - Evaluate best model on test data for horizon 5, Test MAE: 13.3398, Test RMSE: 23.2135, Test MAPE: 8.5691
2026-01-26 03:14:02,453 - easytorch-training - INFO - Evaluate best model on test data for horizon 6, Test MAE: 13.5981, Test RMSE: 23.8188, Test MAPE: 8.7513
2026-01-26 03:14:02,459 - easytorch-training - INFO - Evaluate best model on test data for horizon 7, Test MAE: 13.8418, Test RMSE: 24.3177, Test MAPE: 8.8873
2026-01-26 03:14:02,462 - easytorch-training - INFO - Evaluate best model on test data for horizon 8, Test MAE: 14.0920, Test RMSE: 24.7985, Test MAPE: 9.0512
2026-01-26 03:14:02,463 - easytorch-training - INFO - Evaluate best model on test data for horizon 9, Test MAE: 14.3076, Test RMSE: 25.1896, Test MAPE: 9.2592
2026-01-26 03:14:02,465 - easytorch-training - INFO - Evaluate best model on test data for horizon 10, Test MAE: 14.4732, Test RMSE: 25.5178, Test MAPE: 9.3047
2026-01-26 03:14:02,466 - easytorch-training - INFO - Evaluate best model on test data for horizon 11, Test MAE: 14.6510, Test RMSE: 25.8011, Test MAPE: 9.4608
2026-01-26 03:14:02,467 - easytorch-training - INFO - Evaluate best model on test data for horizon 12, Test MAE: 14.8177, Test RMSE: 26.0284, Test MAPE: 9.5816
2026-01-26 03:14:02,476 - easytorch-training - INFO - Result <test>: [test_time: 10.38 (s), test_MAE: 13.5486, test_RMSE: 23.6443, test_MAPE: 8.7485]
2026-01-26 03:14:02,908 - easytorch-training - INFO - Checkpoint checkpoints/STMAFNet_300/020df9ee7447a9cb965bf70236749dd4/STMAFNet_237.pt saved
2026-01-26 03:14:02,909 - easytorch-training - INFO - The estimated training finish time is 2026-01-26 06:30:17
2026-01-26 03:14:02,909 - easytorch-training - INFO - Epoch 238 / 300
2026-01-26 03:15:29,160 - easytorch-training - INFO - Result <train>: [train_time: 86.25 (s), lr: 6.25e-05, train_MAE: 11.9858, train_RMSE: 20.2622, train_MAPE: 8.0535]
2026-01-26 03:15:29,161 - easytorch-training - INFO - Start validation.
2026-01-26 03:15:39,883 - easytorch-training - INFO - Result <val>: [val_time: 10.72 (s), val_MAE: 13.6999, val_RMSE: 23.4513, val_MAPE: 11.0402]
2026-01-26 03:15:50,264 - easytorch-training - INFO - Evaluate best model on test data for horizon 1, Test MAE: 11.6394, Test RMSE: 19.3031, Test MAPE: 7.5902
2026-01-26 03:15:50,271 - easytorch-training - INFO - Evaluate best model on test data for horizon 2, Test MAE: 12.2135, Test RMSE: 20.6017, Test MAPE: 7.9293
2026-01-26 03:15:50,279 - easytorch-training - INFO - Evaluate best model on test data for horizon 3, Test MAE: 12.6725, Test RMSE: 21.6357, Test MAPE: 8.1995
2026-01-26 03:15:50,286 - easytorch-training - INFO - Evaluate best model on test data for horizon 4, Test MAE: 13.0509, Test RMSE: 22.4886, Test MAPE: 8.4320
2026-01-26 03:15:50,293 - easytorch-training - INFO - Evaluate best model on test data for horizon 5, Test MAE: 13.3522, Test RMSE: 23.1578, Test MAPE: 8.5951
2026-01-26 03:15:50,300 - easytorch-training - INFO - Evaluate best model on test data for horizon 6, Test MAE: 13.6067, Test RMSE: 23.7072, Test MAPE: 8.7758
2026-01-26 03:15:50,308 - easytorch-training - INFO - Evaluate best model on test data for horizon 7, Test MAE: 13.8522, Test RMSE: 24.2356, Test MAPE: 8.9248
2026-01-26 03:15:50,315 - easytorch-training - INFO - Evaluate best model on test data for horizon 8, Test MAE: 14.0696, Test RMSE: 24.7024, Test MAPE: 9.0968
2026-01-26 03:15:50,317 - easytorch-training - INFO - Evaluate best model on test data for horizon 9, Test MAE: 14.2899, Test RMSE: 25.1222, Test MAPE: 9.2301
2026-01-26 03:15:50,318 - easytorch-training - INFO - Evaluate best model on test data for horizon 10, Test MAE: 14.4690, Test RMSE: 25.4807, Test MAPE: 9.3782
2026-01-26 03:15:50,319 - easytorch-training - INFO - Evaluate best model on test data for horizon 11, Test MAE: 14.6396, Test RMSE: 25.7601, Test MAPE: 9.4699
2026-01-26 03:15:50,320 - easytorch-training - INFO - Evaluate best model on test data for horizon 12, Test MAE: 14.8146, Test RMSE: 26.0009, Test MAPE: 9.6391
2026-01-26 03:15:50,325 - easytorch-training - INFO - Result <test>: [test_time: 10.44 (s), test_MAE: 13.5558, test_RMSE: 23.6058, test_MAPE: 8.7717]
2026-01-26 03:15:50,731 - easytorch-training - INFO - Checkpoint checkpoints/STMAFNet_300/020df9ee7447a9cb965bf70236749dd4/STMAFNet_238.pt saved
2026-01-26 03:15:50,732 - easytorch-training - INFO - The estimated training finish time is 2026-01-26 06:28:38
2026-01-26 03:15:50,732 - easytorch-training - INFO - Epoch 239 / 300
2026-01-26 03:17:16,883 - easytorch-training - INFO - Result <train>: [train_time: 86.15 (s), lr: 6.25e-05, train_MAE: 11.9847, train_RMSE: 20.2565, train_MAPE: 8.0512]
2026-01-26 03:17:16,884 - easytorch-training - INFO - Start validation.
2026-01-26 03:17:27,580 - easytorch-training - INFO - Result <val>: [val_time: 10.70 (s), val_MAE: 13.6977, val_RMSE: 23.4523, val_MAPE: 10.8233]
2026-01-26 03:17:37,927 - easytorch-training - INFO - Evaluate best model on test data for horizon 1, Test MAE: 11.6553, Test RMSE: 19.3141, Test MAPE: 7.5897
2026-01-26 03:17:37,931 - easytorch-training - INFO - Evaluate best model on test data for horizon 2, Test MAE: 12.2342, Test RMSE: 20.6373, Test MAPE: 7.8525
2026-01-26 03:17:37,934 - easytorch-training - INFO - Evaluate best model on test data for horizon 3, Test MAE: 12.6963, Test RMSE: 21.7073, Test MAPE: 8.1211
2026-01-26 03:17:37,942 - easytorch-training - INFO - Evaluate best model on test data for horizon 4, Test MAE: 13.0683, Test RMSE: 22.5906, Test MAPE: 8.3496
2026-01-26 03:17:37,943 - easytorch-training - INFO - Evaluate best model on test data for horizon 5, Test MAE: 13.3606, Test RMSE: 23.2613, Test MAPE: 8.5494
2026-01-26 03:17:37,945 - easytorch-training - INFO - Evaluate best model on test data for horizon 6, Test MAE: 13.6278, Test RMSE: 23.8427, Test MAPE: 8.7377
2026-01-26 03:17:37,946 - easytorch-training - INFO - Evaluate best model on test data for horizon 7, Test MAE: 13.8848, Test RMSE: 24.3633, Test MAPE: 8.8963
2026-01-26 03:17:37,948 - easytorch-training - INFO - Evaluate best model on test data for horizon 8, Test MAE: 14.1125, Test RMSE: 24.8111, Test MAPE: 9.0194
2026-01-26 03:17:37,956 - easytorch-training - INFO - Evaluate best model on test data for horizon 9, Test MAE: 14.3313, Test RMSE: 25.2019, Test MAPE: 9.1644
2026-01-26 03:17:37,963 - easytorch-training - INFO - Evaluate best model on test data for horizon 10, Test MAE: 14.5266, Test RMSE: 25.5374, Test MAPE: 9.3565
2026-01-26 03:17:37,970 - easytorch-training - INFO - Evaluate best model on test data for horizon 11, Test MAE: 14.6767, Test RMSE: 25.7947, Test MAPE: 9.4522
2026-01-26 03:17:37,977 - easytorch-training - INFO - Evaluate best model on test data for horizon 12, Test MAE: 14.8303, Test RMSE: 26.0159, Test MAPE: 9.5593
2026-01-26 03:17:37,988 - easytorch-training - INFO - Result <test>: [test_time: 10.41 (s), test_MAE: 13.5837, test_RMSE: 23.6796, test_MAPE: 8.7207]
2026-01-26 03:17:38,395 - easytorch-training - INFO - Checkpoint checkpoints/STMAFNet_300/020df9ee7447a9cb965bf70236749dd4/STMAFNet_239.pt saved
2026-01-26 03:17:38,396 - easytorch-training - INFO - The estimated training finish time is 2026-01-26 06:26:58
2026-01-26 03:17:38,396 - easytorch-training - INFO - Epoch 240 / 300
2026-01-26 03:19:04,453 - easytorch-training - INFO - Result <train>: [train_time: 86.06 (s), lr: 6.25e-05, train_MAE: 11.9769, train_RMSE: 20.2391, train_MAPE: 8.0413]
2026-01-26 03:19:04,455 - easytorch-training - INFO - Start validation.
2026-01-26 03:19:15,183 - easytorch-training - INFO - Result <val>: [val_time: 10.73 (s), val_MAE: 13.6596, val_RMSE: 23.3723, val_MAPE: 10.7185]
2026-01-26 03:19:25,538 - easytorch-training - INFO - Evaluate best model on test data for horizon 1, Test MAE: 11.6589, Test RMSE: 19.3230, Test MAPE: 7.8231
2026-01-26 03:19:25,545 - easytorch-training - INFO - Evaluate best model on test data for horizon 2, Test MAE: 12.2146, Test RMSE: 20.6242, Test MAPE: 7.9732
2026-01-26 03:19:25,552 - easytorch-training - INFO - Evaluate best model on test data for horizon 3, Test MAE: 12.6831, Test RMSE: 21.6562, Test MAPE: 8.2872
2026-01-26 03:19:25,559 - easytorch-training - INFO - Evaluate best model on test data for horizon 4, Test MAE: 13.0567, Test RMSE: 22.5403, Test MAPE: 8.5034
2026-01-26 03:19:25,562 - easytorch-training - INFO - Evaluate best model on test data for horizon 5, Test MAE: 13.3450, Test RMSE: 23.2095, Test MAPE: 8.6171
2026-01-26 03:19:25,563 - easytorch-training - INFO - Evaluate best model on test data for horizon 6, Test MAE: 13.6452, Test RMSE: 23.8487, Test MAPE: 8.9041
2026-01-26 03:19:25,564 - easytorch-training - INFO - Evaluate best model on test data for horizon 7, Test MAE: 13.8847, Test RMSE: 24.3771, Test MAPE: 8.9614
2026-01-26 03:19:25,565 - easytorch-training - INFO - Evaluate best model on test data for horizon 8, Test MAE: 14.1379, Test RMSE: 24.8519, Test MAPE: 9.1897
2026-01-26 03:19:25,568 - easytorch-training - INFO - Evaluate best model on test data for horizon 9, Test MAE: 14.3213, Test RMSE: 25.2338, Test MAPE: 9.2653
2026-01-26 03:19:25,569 - easytorch-training - INFO - Evaluate best model on test data for horizon 10, Test MAE: 14.5063, Test RMSE: 25.5532, Test MAPE: 9.3368
2026-01-26 03:19:25,570 - easytorch-training - INFO - Evaluate best model on test data for horizon 11, Test MAE: 14.7066, Test RMSE: 25.8827, Test MAPE: 9.4796
2026-01-26 03:19:25,571 - easytorch-training - INFO - Evaluate best model on test data for horizon 12, Test MAE: 14.8262, Test RMSE: 26.0893, Test MAPE: 9.5919
2026-01-26 03:19:25,577 - easytorch-training - INFO - Result <test>: [test_time: 10.39 (s), test_MAE: 13.5822, test_RMSE: 23.6913, test_MAPE: 8.8277]
2026-01-26 03:19:25,982 - easytorch-training - INFO - Checkpoint checkpoints/STMAFNet_300/020df9ee7447a9cb965bf70236749dd4/STMAFNet_240.pt saved
2026-01-26 03:19:26,018 - easytorch-training - INFO - The estimated training finish time is 2026-01-26 06:25:20
2026-01-26 03:19:26,018 - easytorch-training - INFO - Epoch 241 / 300
2026-01-26 03:20:52,282 - easytorch-training - INFO - Result <train>: [train_time: 86.26 (s), lr: 6.25e-05, train_MAE: 11.9828, train_RMSE: 20.2549, train_MAPE: 8.0418]
2026-01-26 03:20:52,283 - easytorch-training - INFO - Start validation.
2026-01-26 03:21:03,047 - easytorch-training - INFO - Result <val>: [val_time: 10.76 (s), val_MAE: 13.6793, val_RMSE: 23.3994, val_MAPE: 10.7604]
2026-01-26 03:21:13,410 - easytorch-training - INFO - Evaluate best model on test data for horizon 1, Test MAE: 11.6233, Test RMSE: 19.2773, Test MAPE: 7.6346
2026-01-26 03:21:13,416 - easytorch-training - INFO - Evaluate best model on test data for horizon 2, Test MAE: 12.1942, Test RMSE: 20.5673, Test MAPE: 7.8730
2026-01-26 03:21:13,424 - easytorch-training - INFO - Evaluate best model on test data for horizon 3, Test MAE: 12.6546, Test RMSE: 21.5935, Test MAPE: 8.1783
2026-01-26 03:21:13,431 - easytorch-training - INFO - Evaluate best model on test data for horizon 4, Test MAE: 13.0359, Test RMSE: 22.4948, Test MAPE: 8.4072
2026-01-26 03:21:13,438 - easytorch-training - INFO - Evaluate best model on test data for horizon 5, Test MAE: 13.3469, Test RMSE: 23.1868, Test MAPE: 8.5504
2026-01-26 03:21:13,445 - easytorch-training - INFO - Evaluate best model on test data for horizon 6, Test MAE: 13.6159, Test RMSE: 23.7900, Test MAPE: 8.7197
2026-01-26 03:21:13,453 - easytorch-training - INFO - Evaluate best model on test data for horizon 7, Test MAE: 13.8722, Test RMSE: 24.3245, Test MAPE: 8.8975
2026-01-26 03:21:13,460 - easytorch-training - INFO - Evaluate best model on test data for horizon 8, Test MAE: 14.1071, Test RMSE: 24.8093, Test MAPE: 9.0388
2026-01-26 03:21:13,461 - easytorch-training - INFO - Evaluate best model on test data for horizon 9, Test MAE: 14.3162, Test RMSE: 25.1871, Test MAPE: 9.2027
2026-01-26 03:21:13,463 - easytorch-training - INFO - Evaluate best model on test data for horizon 10, Test MAE: 14.5166, Test RMSE: 25.5517, Test MAPE: 9.3219
2026-01-26 03:21:13,464 - easytorch-training - INFO - Evaluate best model on test data for horizon 11, Test MAE: 14.6843, Test RMSE: 25.8446, Test MAPE: 9.4661
2026-01-26 03:21:13,465 - easytorch-training - INFO - Evaluate best model on test data for horizon 12, Test MAE: 14.8404, Test RMSE: 26.0645, Test MAPE: 9.6179
2026-01-26 03:21:13,469 - easytorch-training - INFO - Result <test>: [test_time: 10.42 (s), test_MAE: 13.5673, test_RMSE: 23.6507, test_MAPE: 8.7424]
2026-01-26 03:21:13,873 - easytorch-training - INFO - Checkpoint checkpoints/STMAFNet_300/020df9ee7447a9cb965bf70236749dd4/STMAFNet_241.pt saved
2026-01-26 03:21:13,874 - easytorch-training - INFO - The estimated training finish time is 2026-01-26 06:23:43
2026-01-26 03:21:13,874 - easytorch-training - INFO - Epoch 242 / 300
2026-01-26 03:22:39,855 - easytorch-training - INFO - Result <train>: [train_time: 85.98 (s), lr: 6.25e-05, train_MAE: 11.9745, train_RMSE: 20.2413, train_MAPE: 8.0428]
2026-01-26 03:22:39,856 - easytorch-training - INFO - Start validation.
2026-01-26 03:22:50,529 - easytorch-training - INFO - Result <val>: [val_time: 10.67 (s), val_MAE: 13.7242, val_RMSE: 23.5040, val_MAPE: 11.2006]
2026-01-26 03:23:00,773 - easytorch-training - INFO - Evaluate best model on test data for horizon 1, Test MAE: 11.6669, Test RMSE: 19.3583, Test MAPE: 7.6919
2026-01-26 03:23:00,776 - easytorch-training - INFO - Evaluate best model on test data for horizon 2, Test MAE: 12.2469, Test RMSE: 20.6797, Test MAPE: 8.0179
2026-01-26 03:23:00,779 - easytorch-training - INFO - Evaluate best model on test data for horizon 3, Test MAE: 12.7160, Test RMSE: 21.6999, Test MAPE: 8.5743
2026-01-26 03:23:00,787 - easytorch-training - INFO - Evaluate best model on test data for horizon 4, Test MAE: 13.0768, Test RMSE: 22.5826, Test MAPE: 8.5589
2026-01-26 03:23:00,789 - easytorch-training - INFO - Evaluate best model on test data for horizon 5, Test MAE: 13.3932, Test RMSE: 23.2860, Test MAPE: 8.7641
2026-01-26 03:23:00,790 - easytorch-training - INFO - Evaluate best model on test data for horizon 6, Test MAE: 13.6644, Test RMSE: 23.8809, Test MAPE: 8.8451
2026-01-26 03:23:00,794 - easytorch-training - INFO - Evaluate best model on test data for horizon 7, Test MAE: 13.9180, Test RMSE: 24.4069, Test MAPE: 8.9818
2026-01-26 03:23:00,801 - easytorch-training - INFO - Evaluate best model on test data for horizon 8, Test MAE: 14.1534, Test RMSE: 24.8816, Test MAPE: 9.1987
2026-01-26 03:23:00,809 - easytorch-training - INFO - Evaluate best model on test data for horizon 9, Test MAE: 14.3733, Test RMSE: 25.2364, Test MAPE: 9.6343
2026-01-26 03:23:00,816 - easytorch-training - INFO - Evaluate best model on test data for horizon 10, Test MAE: 14.5462, Test RMSE: 25.5903, Test MAPE: 9.5552
2026-01-26 03:23:00,823 - easytorch-training - INFO - Evaluate best model on test data for horizon 11, Test MAE: 14.7288, Test RMSE: 25.8743, Test MAPE: 9.7599
2026-01-26 03:23:00,830 - easytorch-training - INFO - Evaluate best model on test data for horizon 12, Test MAE: 14.8905, Test RMSE: 26.0917, Test MAPE: 10.0400
2026-01-26 03:23:00,841 - easytorch-training - INFO - Result <test>: [test_time: 10.31 (s), test_MAE: 13.6145, test_RMSE: 23.7216, test_MAPE: 8.9685]
2026-01-26 03:23:01,247 - easytorch-training - INFO - Checkpoint checkpoints/STMAFNet_300/020df9ee7447a9cb965bf70236749dd4/STMAFNet_242.pt saved
2026-01-26 03:23:01,248 - easytorch-training - INFO - The estimated training finish time is 2026-01-26 06:22:06
2026-01-26 03:23:01,248 - easytorch-training - INFO - Epoch 243 / 300
2026-01-26 03:24:27,338 - easytorch-training - INFO - Result <train>: [train_time: 86.09 (s), lr: 6.25e-05, train_MAE: 11.9628, train_RMSE: 20.2151, train_MAPE: 8.0487]
2026-01-26 03:24:27,339 - easytorch-training - INFO - Start validation.
2026-01-26 03:24:38,012 - easytorch-training - INFO - Result <val>: [val_time: 10.67 (s), val_MAE: 13.6913, val_RMSE: 23.4382, val_MAPE: 11.0519]
2026-01-26 03:24:48,347 - easytorch-training - INFO - Evaluate best model on test data for horizon 1, Test MAE: 11.6337, Test RMSE: 19.3162, Test MAPE: 7.5677
2026-01-26 03:24:48,350 - easytorch-training - INFO - Evaluate best model on test data for horizon 2, Test MAE: 12.2278, Test RMSE: 20.6271, Test MAPE: 7.9101
2026-01-26 03:24:48,351 - easytorch-training - INFO - Evaluate best model on test data for horizon 3, Test MAE: 12.6905, Test RMSE: 21.6764, Test MAPE: 8.1953
2026-01-26 03:24:48,352 - easytorch-training - INFO - Evaluate best model on test data for horizon 4, Test MAE: 13.0697, Test RMSE: 22.5660, Test MAPE: 8.3983
2026-01-26 03:24:48,354 - easytorch-training - INFO - Evaluate best model on test data for horizon 5, Test MAE: 13.3684, Test RMSE: 23.2541, Test MAPE: 8.5967
2026-01-26 03:24:48,361 - easytorch-training - INFO - Evaluate best model on test data for horizon 6, Test MAE: 13.6373, Test RMSE: 23.8395, Test MAPE: 8.7496
2026-01-26 03:24:48,368 - easytorch-training - INFO - Evaluate best model on test data for horizon 7, Test MAE: 13.8862, Test RMSE: 24.3923, Test MAPE: 8.9048
2026-01-26 03:24:48,375 - easytorch-training - INFO - Evaluate best model on test data for horizon 8, Test MAE: 14.1200, Test RMSE: 24.8584, Test MAPE: 9.0618
2026-01-26 03:24:48,383 - easytorch-training - INFO - Evaluate best model on test data for horizon 9, Test MAE: 14.3247, Test RMSE: 25.2421, Test MAPE: 9.2126
2026-01-26 03:24:48,390 - easytorch-training - INFO - Evaluate best model on test data for horizon 10, Test MAE: 14.5091, Test RMSE: 25.6003, Test MAPE: 9.3327
2026-01-26 03:24:48,397 - easytorch-training - INFO - Evaluate best model on test data for horizon 11, Test MAE: 14.7106, Test RMSE: 25.9104, Test MAPE: 9.4978
2026-01-26 03:24:48,404 - easytorch-training - INFO - Evaluate best model on test data for horizon 12, Test MAE: 14.8698, Test RMSE: 26.1442, Test MAPE: 9.6458
2026-01-26 03:24:48,415 - easytorch-training - INFO - Result <test>: [test_time: 10.40 (s), test_MAE: 13.5873, test_RMSE: 23.7120, test_MAPE: 8.7561]
2026-01-26 03:24:48,821 - easytorch-training - INFO - Checkpoint checkpoints/STMAFNet_300/020df9ee7447a9cb965bf70236749dd4/STMAFNet_243.pt saved
2026-01-26 03:24:48,822 - easytorch-training - INFO - The estimated training finish time is 2026-01-26 06:20:30
2026-01-26 03:24:48,822 - easytorch-training - INFO - Epoch 244 / 300
2026-01-26 03:26:15,014 - easytorch-training - INFO - Result <train>: [train_time: 86.19 (s), lr: 6.25e-05, train_MAE: 11.9666, train_RMSE: 20.2227, train_MAPE: 8.0425]
2026-01-26 03:26:15,015 - easytorch-training - INFO - Start validation.
2026-01-26 03:26:25,724 - easytorch-training - INFO - Result <val>: [val_time: 10.71 (s), val_MAE: 13.7062, val_RMSE: 23.4726, val_MAPE: 11.0287]
2026-01-26 03:26:35,711 - easytorch-training - INFO - Evaluate best model on test data for horizon 1, Test MAE: 11.6716, Test RMSE: 19.3283, Test MAPE: 7.5902
2026-01-26 03:26:35,719 - easytorch-training - INFO - Evaluate best model on test data for horizon 2, Test MAE: 12.2444, Test RMSE: 20.6766, Test MAPE: 7.9384
2026-01-26 03:26:35,726 - easytorch-training - INFO - Evaluate best model on test data for horizon 3, Test MAE: 12.7021, Test RMSE: 21.7240, Test MAPE: 8.2469
2026-01-26 03:26:35,733 - easytorch-training - INFO - Evaluate best model on test data for horizon 4, Test MAE: 13.0746, Test RMSE: 22.5820, Test MAPE: 8.4371
2026-01-26 03:26:35,740 - easytorch-training - INFO - Evaluate best model on test data for horizon 5, Test MAE: 13.3928, Test RMSE: 23.2774, Test MAPE: 8.7009
2026-01-26 03:26:35,744 - easytorch-training - INFO - Evaluate best model on test data for horizon 6, Test MAE: 13.6272, Test RMSE: 23.8290, Test MAPE: 8.8160
2026-01-26 03:26:35,746 - easytorch-training - INFO - Evaluate best model on test data for horizon 7, Test MAE: 13.8818, Test RMSE: 24.3711, Test MAPE: 8.9556
2026-01-26 03:26:35,749 - easytorch-training - INFO - Evaluate best model on test data for horizon 8, Test MAE: 14.1095, Test RMSE: 24.8248, Test MAPE: 9.1123
2026-01-26 03:26:35,756 - easytorch-training - INFO - Evaluate best model on test data for horizon 9, Test MAE: 14.3325, Test RMSE: 25.2372, Test MAPE: 9.2563
2026-01-26 03:26:35,764 - easytorch-training - INFO - Evaluate best model on test data for horizon 10, Test MAE: 14.4989, Test RMSE: 25.5493, Test MAPE: 9.3796
2026-01-26 03:26:35,771 - easytorch-training - INFO - Evaluate best model on test data for horizon 11, Test MAE: 14.6913, Test RMSE: 25.8753, Test MAPE: 9.5444
2026-01-26 03:26:35,778 - easytorch-training - INFO - Evaluate best model on test data for horizon 12, Test MAE: 14.8500, Test RMSE: 26.0879, Test MAPE: 9.6903
2026-01-26 03:26:35,789 - easytorch-training - INFO - Result <test>: [test_time: 10.06 (s), test_MAE: 13.5897, test_RMSE: 23.7042, test_MAPE: 8.8057]
2026-01-26 03:26:36,196 - easytorch-training - INFO - Checkpoint checkpoints/STMAFNet_300/020df9ee7447a9cb965bf70236749dd4/STMAFNet_244.pt saved
2026-01-26 03:26:36,197 - easytorch-training - INFO - The estimated training finish time is 2026-01-26 06:18:55
2026-01-26 03:26:36,198 - easytorch-training - INFO - Epoch 245 / 300
2026-01-26 03:27:32,600 - easytorch-training - INFO - Result <train>: [train_time: 56.40 (s), lr: 6.25e-05, train_MAE: 11.9645, train_RMSE: 20.2098, train_MAPE: 8.0402]
2026-01-26 03:27:32,601 - easytorch-training - INFO - Start validation.
2026-01-26 03:27:37,528 - easytorch-training - INFO - Result <val>: [val_time: 4.93 (s), val_MAE: 13.6576, val_RMSE: 23.3938, val_MAPE: 10.9822]
2026-01-26 03:27:42,330 - easytorch-training - INFO - Evaluate best model on test data for horizon 1, Test MAE: 11.6445, Test RMSE: 19.3161, Test MAPE: 7.8892
2026-01-26 03:27:42,331 - easytorch-training - INFO - Evaluate best model on test data for horizon 2, Test MAE: 12.2012, Test RMSE: 20.5784, Test MAPE: 8.0453
2026-01-26 03:27:42,332 - easytorch-training - INFO - Evaluate best model on test data for horizon 3, Test MAE: 12.6517, Test RMSE: 21.5824, Test MAPE: 8.2478
2026-01-26 03:27:42,333 - easytorch-training - INFO - Evaluate best model on test data for horizon 4, Test MAE: 13.0205, Test RMSE: 22.4200, Test MAPE: 8.5107
2026-01-26 03:27:42,334 - easytorch-training - INFO - Evaluate best model on test data for horizon 5, Test MAE: 13.3211, Test RMSE: 23.1140, Test MAPE: 8.6948
2026-01-26 03:27:42,335 - easytorch-training - INFO - Evaluate best model on test data for horizon 6, Test MAE: 13.5853, Test RMSE: 23.7308, Test MAPE: 8.8031
2026-01-26 03:27:42,337 - easytorch-training - INFO - Evaluate best model on test data for horizon 7, Test MAE: 13.8360, Test RMSE: 24.2646, Test MAPE: 8.9436
2026-01-26 03:27:42,338 - easytorch-training - INFO - Evaluate best model on test data for horizon 8, Test MAE: 14.0825, Test RMSE: 24.7910, Test MAPE: 9.0370
2026-01-26 03:27:42,339 - easytorch-training - INFO - Evaluate best model on test data for horizon 9, Test MAE: 14.2969, Test RMSE: 25.2109, Test MAPE: 9.2030
2026-01-26 03:27:42,340 - easytorch-training - INFO - Evaluate best model on test data for horizon 10, Test MAE: 14.4980, Test RMSE: 25.5733, Test MAPE: 9.3622
2026-01-26 03:27:42,341 - easytorch-training - INFO - Evaluate best model on test data for horizon 11, Test MAE: 14.6760, Test RMSE: 25.8827, Test MAPE: 9.4886
2026-01-26 03:27:42,342 - easytorch-training - INFO - Evaluate best model on test data for horizon 12, Test MAE: 14.8455, Test RMSE: 26.1193, Test MAPE: 9.6189
2026-01-26 03:27:42,346 - easytorch-training - INFO - Result <test>: [test_time: 4.82 (s), test_MAE: 13.5549, test_RMSE: 23.6423, test_MAPE: 8.8203]
2026-01-26 03:27:42,749 - easytorch-training - INFO - Checkpoint checkpoints/STMAFNet_300/020df9ee7447a9cb965bf70236749dd4/STMAFNet_245.pt saved
2026-01-26 03:27:42,750 - easytorch-training - INFO - The estimated training finish time is 2026-01-26 06:16:30
2026-01-26 03:27:42,750 - easytorch-training - INFO - Epoch 246 / 300
2026-01-26 03:28:35,691 - easytorch-training - INFO - Result <train>: [train_time: 52.94 (s), lr: 6.25e-05, train_MAE: 11.9579, train_RMSE: 20.2084, train_MAPE: 8.0396]
2026-01-26 03:28:35,692 - easytorch-training - INFO - Start validation.
2026-01-26 03:28:40,591 - easytorch-training - INFO - Result <val>: [val_time: 4.90 (s), val_MAE: 13.7138, val_RMSE: 23.5187, val_MAPE: 11.1840]
2026-01-26 03:28:45,382 - easytorch-training - INFO - Evaluate best model on test data for horizon 1, Test MAE: 11.6580, Test RMSE: 19.3500, Test MAPE: 7.6154
2026-01-26 03:28:45,384 - easytorch-training - INFO - Evaluate best model on test data for horizon 2, Test MAE: 12.2259, Test RMSE: 20.6564, Test MAPE: 7.9138
2026-01-26 03:28:45,385 - easytorch-training - INFO - Evaluate best model on test data for horizon 3, Test MAE: 12.6898, Test RMSE: 21.7222, Test MAPE: 8.1914
2026-01-26 03:28:45,386 - easytorch-training - INFO - Evaluate best model on test data for horizon 4, Test MAE: 13.0645, Test RMSE: 22.6195, Test MAPE: 8.4266
2026-01-26 03:28:45,387 - easytorch-training - INFO - Evaluate best model on test data for horizon 5, Test MAE: 13.3788, Test RMSE: 23.3228, Test MAPE: 8.6254
2026-01-26 03:28:45,388 - easytorch-training - INFO - Evaluate best model on test data for horizon 6, Test MAE: 13.6517, Test RMSE: 23.9289, Test MAPE: 8.7970
2026-01-26 03:28:45,389 - easytorch-training - INFO - Evaluate best model on test data for horizon 7, Test MAE: 13.9032, Test RMSE: 24.4205, Test MAPE: 8.9423
2026-01-26 03:28:45,390 - easytorch-training - INFO - Evaluate best model on test data for horizon 8, Test MAE: 14.1189, Test RMSE: 24.8594, Test MAPE: 9.1024
2026-01-26 03:28:45,391 - easytorch-training - INFO - Evaluate best model on test data for horizon 9, Test MAE: 14.3469, Test RMSE: 25.2846, Test MAPE: 9.2536
2026-01-26 03:28:45,392 - easytorch-training - INFO - Evaluate best model on test data for horizon 10, Test MAE: 14.5372, Test RMSE: 25.6146, Test MAPE: 9.4290
2026-01-26 03:28:45,393 - easytorch-training - INFO - Evaluate best model on test data for horizon 11, Test MAE: 14.7202, Test RMSE: 25.9190, Test MAPE: 9.5454
2026-01-26 03:28:45,395 - easytorch-training - INFO - Evaluate best model on test data for horizon 12, Test MAE: 14.8944, Test RMSE: 26.1764, Test MAPE: 9.7095
2026-01-26 03:28:45,404 - easytorch-training - INFO - Result <test>: [test_time: 4.81 (s), test_MAE: 13.5991, test_RMSE: 23.7485, test_MAPE: 8.7960]
2026-01-26 03:28:45,805 - easytorch-training - INFO - Checkpoint checkpoints/STMAFNet_300/020df9ee7447a9cb965bf70236749dd4/STMAFNet_246.pt saved
2026-01-26 03:28:45,806 - easytorch-training - INFO - The estimated training finish time is 2026-01-26 06:14:03
2026-01-26 03:28:45,806 - easytorch-training - INFO - Epoch 247 / 300
2026-01-26 03:29:38,073 - easytorch-training - INFO - Result <train>: [train_time: 52.27 (s), lr: 6.25e-05, train_MAE: 11.9550, train_RMSE: 20.2030, train_MAPE: 8.0336]
2026-01-26 03:29:38,074 - easytorch-training - INFO - Start validation.
2026-01-26 03:29:43,009 - easytorch-training - INFO - Result <val>: [val_time: 4.93 (s), val_MAE: 13.7045, val_RMSE: 23.4689, val_MAPE: 11.1825]
2026-01-26 03:29:47,810 - easytorch-training - INFO - Evaluate best model on test data for horizon 1, Test MAE: 11.6373, Test RMSE: 19.3003, Test MAPE: 7.9302
2026-01-26 03:29:47,811 - easytorch-training - INFO - Evaluate best model on test data for horizon 2, Test MAE: 12.2213, Test RMSE: 20.6150, Test MAPE: 8.1248
2026-01-26 03:29:47,812 - easytorch-training - INFO - Evaluate best model on test data for horizon 3, Test MAE: 12.6748, Test RMSE: 21.6560, Test MAPE: 8.3693
2026-01-26 03:29:47,814 - easytorch-training - INFO - Evaluate best model on test data for horizon 4, Test MAE: 13.0566, Test RMSE: 22.5404, Test MAPE: 8.5518
2026-01-26 03:29:47,815 - easytorch-training - INFO - Evaluate best model on test data for horizon 5, Test MAE: 13.3400, Test RMSE: 23.2223, Test MAPE: 8.6449
2026-01-26 03:29:47,816 - easytorch-training - INFO - Evaluate best model on test data for horizon 6, Test MAE: 13.6198, Test RMSE: 23.8399, Test MAPE: 8.7978
2026-01-26 03:29:47,817 - easytorch-training - INFO - Evaluate best model on test data for horizon 7, Test MAE: 13.8912, Test RMSE: 24.3784, Test MAPE: 8.9721
2026-01-26 03:29:47,818 - easytorch-training - INFO - Evaluate best model on test data for horizon 8, Test MAE: 14.1133, Test RMSE: 24.8411, Test MAPE: 9.0989
2026-01-26 03:29:47,819 - easytorch-training - INFO - Evaluate best model on test data for horizon 9, Test MAE: 14.3154, Test RMSE: 25.1897, Test MAPE: 9.2713
2026-01-26 03:29:47,820 - easytorch-training - INFO - Evaluate best model on test data for horizon 10, Test MAE: 14.5254, Test RMSE: 25.5292, Test MAPE: 9.3943
2026-01-26 03:29:47,821 - easytorch-training - INFO - Evaluate best model on test data for horizon 11, Test MAE: 14.7153, Test RMSE: 25.8374, Test MAPE: 9.5599
2026-01-26 03:29:47,822 - easytorch-training - INFO - Evaluate best model on test data for horizon 12, Test MAE: 14.8778, Test RMSE: 26.0495, Test MAPE: 9.6654
2026-01-26 03:29:47,826 - easytorch-training - INFO - Result <test>: [test_time: 4.82 (s), test_MAE: 13.5823, test_RMSE: 23.6748, test_MAPE: 8.8651]
2026-01-26 03:29:48,229 - easytorch-training - INFO - Checkpoint checkpoints/STMAFNet_300/020df9ee7447a9cb965bf70236749dd4/STMAFNet_247.pt saved
2026-01-26 03:29:48,230 - easytorch-training - INFO - The estimated training finish time is 2026-01-26 06:11:35
2026-01-26 03:29:48,230 - easytorch-training - INFO - Epoch 248 / 300
2026-01-26 03:30:40,123 - easytorch-training - INFO - Result <train>: [train_time: 51.89 (s), lr: 6.25e-05, train_MAE: 11.9493, train_RMSE: 20.1905, train_MAPE: 8.0354]
2026-01-26 03:30:40,124 - easytorch-training - INFO - Start validation.
2026-01-26 03:30:45,057 - easytorch-training - INFO - Result <val>: [val_time: 4.93 (s), val_MAE: 13.6834, val_RMSE: 23.4402, val_MAPE: 10.8902]
2026-01-26 03:30:49,858 - easytorch-training - INFO - Evaluate best model on test data for horizon 1, Test MAE: 11.6425, Test RMSE: 19.3338, Test MAPE: 7.5577
2026-01-26 03:30:49,860 - easytorch-training - INFO - Evaluate best model on test data for horizon 2, Test MAE: 12.2088, Test RMSE: 20.6247, Test MAPE: 7.9055
2026-01-26 03:30:49,861 - easytorch-training - INFO - Evaluate best model on test data for horizon 3, Test MAE: 12.6556, Test RMSE: 21.6449, Test MAPE: 8.1032
2026-01-26 03:30:49,862 - easytorch-training - INFO - Evaluate best model on test data for horizon 4, Test MAE: 13.0319, Test RMSE: 22.5200, Test MAPE: 8.3445
2026-01-26 03:30:49,863 - easytorch-training - INFO - Evaluate best model on test data for horizon 5, Test MAE: 13.3644, Test RMSE: 23.2362, Test MAPE: 8.5601
2026-01-26 03:30:49,864 - easytorch-training - INFO - Evaluate best model on test data for horizon 6, Test MAE: 13.6199, Test RMSE: 23.8336, Test MAPE: 8.7240
2026-01-26 03:30:49,865 - easytorch-training - INFO - Evaluate best model on test data for horizon 7, Test MAE: 13.9089, Test RMSE: 24.3917, Test MAPE: 8.9390
2026-01-26 03:30:49,866 - easytorch-training - INFO - Evaluate best model on test data for horizon 8, Test MAE: 14.1303, Test RMSE: 24.8421, Test MAPE: 9.0635
2026-01-26 03:30:49,867 - easytorch-training - INFO - Evaluate best model on test data for horizon 9, Test MAE: 14.3638, Test RMSE: 25.2432, Test MAPE: 9.3309
2026-01-26 03:30:49,868 - easytorch-training - INFO - Evaluate best model on test data for horizon 10, Test MAE: 14.5520, Test RMSE: 25.5869, Test MAPE: 9.3907
2026-01-26 03:30:49,870 - easytorch-training - INFO - Evaluate best model on test data for horizon 11, Test MAE: 14.7128, Test RMSE: 25.8601, Test MAPE: 9.5051
2026-01-26 03:30:49,871 - easytorch-training - INFO - Evaluate best model on test data for horizon 12, Test MAE: 14.8563, Test RMSE: 26.0759, Test MAPE: 9.6033
2026-01-26 03:30:49,874 - easytorch-training - INFO - Result <test>: [test_time: 4.82 (s), test_MAE: 13.5873, test_RMSE: 23.6916, test_MAPE: 8.7523]
2026-01-26 03:30:50,276 - easytorch-training - INFO - Checkpoint checkpoints/STMAFNet_300/020df9ee7447a9cb965bf70236749dd4/STMAFNet_248.pt saved
2026-01-26 03:30:50,277 - easytorch-training - INFO - The estimated training finish time is 2026-01-26 06:09:09
2026-01-26 03:30:50,278 - easytorch-training - INFO - Epoch 249 / 300
2026-01-26 03:31:43,294 - easytorch-training - INFO - Result <train>: [train_time: 53.02 (s), lr: 6.25e-05, train_MAE: 11.9454, train_RMSE: 20.1806, train_MAPE: 8.0308]
2026-01-26 03:31:43,295 - easytorch-training - INFO - Start validation.
2026-01-26 03:31:48,340 - easytorch-training - INFO - Result <val>: [val_time: 5.04 (s), val_MAE: 13.6540, val_RMSE: 23.3536, val_MAPE: 10.8228]
2026-01-26 03:31:53,209 - easytorch-training - INFO - Evaluate best model on test data for horizon 1, Test MAE: 11.6206, Test RMSE: 19.2787, Test MAPE: 7.5499
2026-01-26 03:31:53,210 - easytorch-training - INFO - Evaluate best model on test data for horizon 2, Test MAE: 12.1894, Test RMSE: 20.5749, Test MAPE: 7.9047
2026-01-26 03:31:53,212 - easytorch-training - INFO - Evaluate best model on test data for horizon 3, Test MAE: 12.6441, Test RMSE: 21.5885, Test MAPE: 8.1482
2026-01-26 03:31:53,213 - easytorch-training - INFO - Evaluate best model on test data for horizon 4, Test MAE: 13.0164, Test RMSE: 22.4466, Test MAPE: 8.3970
2026-01-26 03:31:53,214 - easytorch-training - INFO - Evaluate best model on test data for horizon 5, Test MAE: 13.3177, Test RMSE: 23.1493, Test MAPE: 8.5915
2026-01-26 03:31:53,215 - easytorch-training - INFO - Evaluate best model on test data for horizon 6, Test MAE: 13.5916, Test RMSE: 23.7474, Test MAPE: 8.7819
2026-01-26 03:31:53,217 - easytorch-training - INFO - Evaluate best model on test data for horizon 7, Test MAE: 13.8386, Test RMSE: 24.2623, Test MAPE: 8.9293
2026-01-26 03:31:53,218 - easytorch-training - INFO - Evaluate best model on test data for horizon 8, Test MAE: 14.0639, Test RMSE: 24.7078, Test MAPE: 9.0963
2026-01-26 03:31:53,219 - easytorch-training - INFO - Evaluate best model on test data for horizon 9, Test MAE: 14.2890, Test RMSE: 25.1114, Test MAPE: 9.2473
2026-01-26 03:31:53,221 - easytorch-training - INFO - Evaluate best model on test data for horizon 10, Test MAE: 14.4702, Test RMSE: 25.4589, Test MAPE: 9.3281
2026-01-26 03:31:53,222 - easytorch-training - INFO - Evaluate best model on test data for horizon 11, Test MAE: 14.6440, Test RMSE: 25.7390, Test MAPE: 9.4953
2026-01-26 03:31:53,223 - easytorch-training - INFO - Evaluate best model on test data for horizon 12, Test MAE: 14.8034, Test RMSE: 25.9857, Test MAPE: 9.6127
2026-01-26 03:31:53,227 - easytorch-training - INFO - Result <test>: [test_time: 4.88 (s), test_MAE: 13.5407, test_RMSE: 23.5944, test_MAPE: 8.7569]
2026-01-26 03:31:53,653 - easytorch-training - INFO - Checkpoint checkpoints/STMAFNet_300/020df9ee7447a9cb965bf70236749dd4/STMAFNet_249.pt saved
2026-01-26 03:31:53,654 - easytorch-training - INFO - The estimated training finish time is 2026-01-26 06:06:45
2026-01-26 03:31:53,654 - easytorch-training - INFO - Epoch 250 / 300
2026-01-26 03:32:44,363 - easytorch-training - INFO - Result <train>: [train_time: 50.71 (s), lr: 6.25e-05, train_MAE: 11.9411, train_RMSE: 20.1702, train_MAPE: 8.0238]
2026-01-26 03:32:44,365 - easytorch-training - INFO - Start validation.
2026-01-26 03:32:49,311 - easytorch-training - INFO - Result <val>: [val_time: 4.95 (s), val_MAE: 13.7046, val_RMSE: 23.5013, val_MAPE: 11.0545]
2026-01-26 03:32:54,132 - easytorch-training - INFO - Evaluate best model on test data for horizon 1, Test MAE: 11.6495, Test RMSE: 19.3341, Test MAPE: 7.8233
2026-01-26 03:32:54,133 - easytorch-training - INFO - Evaluate best model on test data for horizon 2, Test MAE: 12.2431, Test RMSE: 20.6818, Test MAPE: 8.1791
2026-01-26 03:32:54,134 - easytorch-training - INFO - Evaluate best model on test data for horizon 3, Test MAE: 12.7065, Test RMSE: 21.7898, Test MAPE: 8.2038
2026-01-26 03:32:54,135 - easytorch-training - INFO - Evaluate best model on test data for horizon 4, Test MAE: 13.0790, Test RMSE: 22.6881, Test MAPE: 8.5253
2026-01-26 03:32:54,136 - easytorch-training - INFO - Evaluate best model on test data for horizon 5, Test MAE: 13.3855, Test RMSE: 23.3919, Test MAPE: 8.7075
2026-01-26 03:32:54,137 - easytorch-training - INFO - Evaluate best model on test data for horizon 6, Test MAE: 13.6442, Test RMSE: 23.9703, Test MAPE: 8.7656
2026-01-26 03:32:54,139 - easytorch-training - INFO - Evaluate best model on test data for horizon 7, Test MAE: 13.8985, Test RMSE: 24.4977, Test MAPE: 8.9130
2026-01-26 03:32:54,140 - easytorch-training - INFO - Evaluate best model on test data for horizon 8, Test MAE: 14.1166, Test RMSE: 24.9392, Test MAPE: 9.0716
2026-01-26 03:32:54,141 - easytorch-training - INFO - Evaluate best model on test data for horizon 9, Test MAE: 14.3428, Test RMSE: 25.3427, Test MAPE: 9.2139
2026-01-26 03:32:54,142 - easytorch-training - INFO - Evaluate best model on test data for horizon 10, Test MAE: 14.5077, Test RMSE: 25.6491, Test MAPE: 9.3166
2026-01-26 03:32:54,143 - easytorch-training - INFO - Evaluate best model on test data for horizon 11, Test MAE: 14.6783, Test RMSE: 25.9329, Test MAPE: 9.4919
2026-01-26 03:32:54,144 - easytorch-training - INFO - Evaluate best model on test data for horizon 12, Test MAE: 14.8402, Test RMSE: 26.1588, Test MAPE: 9.5963
2026-01-26 03:32:54,148 - easytorch-training - INFO - Result <test>: [test_time: 4.84 (s), test_MAE: 13.5910, test_RMSE: 23.7905, test_MAPE: 8.8173]
2026-01-26 03:32:54,637 - easytorch-training - INFO - Checkpoint checkpoints/STMAFNet_300/020df9ee7447a9cb965bf70236749dd4/STMAFNet_250.pt saved
2026-01-26 03:32:54,674 - easytorch-training - INFO - The estimated training finish time is 2026-01-26 06:04:20
2026-01-26 03:32:54,674 - easytorch-training - INFO - Epoch 251 / 300
2026-01-26 03:33:46,785 - easytorch-training - INFO - Result <train>: [train_time: 52.11 (s), lr: 6.25e-05, train_MAE: 11.9405, train_RMSE: 20.1722, train_MAPE: 8.0224]
2026-01-26 03:33:46,787 - easytorch-training - INFO - Start validation.
2026-01-26 03:33:51,734 - easytorch-training - INFO - Result <val>: [val_time: 4.95 (s), val_MAE: 13.6859, val_RMSE: 23.4320, val_MAPE: 11.0734]
2026-01-26 03:33:56,552 - easytorch-training - INFO - Evaluate best model on test data for horizon 1, Test MAE: 11.6258, Test RMSE: 19.3204, Test MAPE: 7.6184
2026-01-26 03:33:56,553 - easytorch-training - INFO - Evaluate best model on test data for horizon 2, Test MAE: 12.1960, Test RMSE: 20.6120, Test MAPE: 7.9132
2026-01-26 03:33:56,554 - easytorch-training - INFO - Evaluate best model on test data for horizon 3, Test MAE: 12.6591, Test RMSE: 21.6684, Test MAPE: 8.2007
2026-01-26 03:33:56,555 - easytorch-training - INFO - Evaluate best model on test data for horizon 4, Test MAE: 13.0485, Test RMSE: 22.5677, Test MAPE: 8.3992
2026-01-26 03:33:56,557 - easytorch-training - INFO - Evaluate best model on test data for horizon 5, Test MAE: 13.3396, Test RMSE: 23.2286, Test MAPE: 8.6166
2026-01-26 03:33:56,558 - easytorch-training - INFO - Evaluate best model on test data for horizon 6, Test MAE: 13.6103, Test RMSE: 23.8346, Test MAPE: 8.7673
2026-01-26 03:33:56,559 - easytorch-training - INFO - Evaluate best model on test data for horizon 7, Test MAE: 13.8763, Test RMSE: 24.3514, Test MAPE: 8.9447
2026-01-26 03:33:56,560 - easytorch-training - INFO - Evaluate best model on test data for horizon 8, Test MAE: 14.0757, Test RMSE: 24.7849, Test MAPE: 9.0720
2026-01-26 03:33:56,561 - easytorch-training - INFO - Evaluate best model on test data for horizon 9, Test MAE: 14.3000, Test RMSE: 25.1830, Test MAPE: 9.2207
2026-01-26 03:33:56,562 - easytorch-training - INFO - Evaluate best model on test data for horizon 10, Test MAE: 14.4826, Test RMSE: 25.5469, Test MAPE: 9.3646
2026-01-26 03:33:56,563 - easytorch-training - INFO - Evaluate best model on test data for horizon 11, Test MAE: 14.6442, Test RMSE: 25.8130, Test MAPE: 9.5458
2026-01-26 03:33:56,564 - easytorch-training - INFO - Evaluate best model on test data for horizon 12, Test MAE: 14.7965, Test RMSE: 26.0438, Test MAPE: 9.6448
2026-01-26 03:33:56,568 - easytorch-training - INFO - Result <test>: [test_time: 4.83 (s), test_MAE: 13.5545, test_RMSE: 23.6701, test_MAPE: 8.7756]
2026-01-26 03:33:57,055 - easytorch-training - INFO - Checkpoint checkpoints/STMAFNet_300/020df9ee7447a9cb965bf70236749dd4/STMAFNet_251.pt saved
2026-01-26 03:33:57,056 - easytorch-training - INFO - The estimated training finish time is 2026-01-26 06:01:57
2026-01-26 03:33:57,056 - easytorch-training - INFO - Epoch 252 / 300
2026-01-26 03:34:49,325 - easytorch-training - INFO - Result <train>: [train_time: 52.27 (s), lr: 6.25e-05, train_MAE: 11.9399, train_RMSE: 20.1716, train_MAPE: 8.0252]
2026-01-26 03:34:49,326 - easytorch-training - INFO - Start validation.
2026-01-26 03:34:54,273 - easytorch-training - INFO - Result <val>: [val_time: 4.95 (s), val_MAE: 13.7030, val_RMSE: 23.5000, val_MAPE: 11.0562]
2026-01-26 03:34:59,086 - easytorch-training - INFO - Evaluate best model on test data for horizon 1, Test MAE: 11.6479, Test RMSE: 19.3263, Test MAPE: 7.5836
2026-01-26 03:34:59,087 - easytorch-training - INFO - Evaluate best model on test data for horizon 2, Test MAE: 12.2322, Test RMSE: 20.6439, Test MAPE: 7.9302
2026-01-26 03:34:59,088 - easytorch-training - INFO - Evaluate best model on test data for horizon 3, Test MAE: 12.6906, Test RMSE: 21.6966, Test MAPE: 8.1828
2026-01-26 03:34:59,090 - easytorch-training - INFO - Evaluate best model on test data for horizon 4, Test MAE: 13.0636, Test RMSE: 22.6109, Test MAPE: 8.4271
2026-01-26 03:34:59,091 - easytorch-training - INFO - Evaluate best model on test data for horizon 5, Test MAE: 13.3750, Test RMSE: 23.3186, Test MAPE: 8.6504
2026-01-26 03:34:59,092 - easytorch-training - INFO - Evaluate best model on test data for horizon 6, Test MAE: 13.6326, Test RMSE: 23.9149, Test MAPE: 8.7953
2026-01-26 03:34:59,093 - easytorch-training - INFO - Evaluate best model on test data for horizon 7, Test MAE: 13.8992, Test RMSE: 24.4396, Test MAPE: 8.9833
2026-01-26 03:34:59,094 - easytorch-training - INFO - Evaluate best model on test data for horizon 8, Test MAE: 14.1159, Test RMSE: 24.8906, Test MAPE: 9.1114
2026-01-26 03:34:59,095 - easytorch-training - INFO - Evaluate best model on test data for horizon 9, Test MAE: 14.3112, Test RMSE: 25.2799, Test MAPE: 9.2204
2026-01-26 03:34:59,096 - easytorch-training - INFO - Evaluate best model on test data for horizon 10, Test MAE: 14.4959, Test RMSE: 25.6023, Test MAPE: 9.3620
2026-01-26 03:34:59,097 - easytorch-training - INFO - Evaluate best model on test data for horizon 11, Test MAE: 14.6662, Test RMSE: 25.8877, Test MAPE: 9.5049
2026-01-26 03:34:59,098 - easytorch-training - INFO - Evaluate best model on test data for horizon 12, Test MAE: 14.8148, Test RMSE: 26.0880, Test MAPE: 9.6224
2026-01-26 03:34:59,102 - easytorch-training - INFO - Result <test>: [test_time: 4.83 (s), test_MAE: 13.5788, test_RMSE: 23.7338, test_MAPE: 8.7812]
2026-01-26 03:34:59,523 - easytorch-training - INFO - Checkpoint checkpoints/STMAFNet_300/020df9ee7447a9cb965bf70236749dd4/STMAFNet_252.pt saved
2026-01-26 03:34:59,524 - easytorch-training - INFO - The estimated training finish time is 2026-01-26 05:59:36
2026-01-26 03:34:59,524 - easytorch-training - INFO - Epoch 253 / 300
2026-01-26 03:35:51,188 - easytorch-training - INFO - Result <train>: [train_time: 51.66 (s), lr: 6.25e-05, train_MAE: 11.9279, train_RMSE: 20.1507, train_MAPE: 8.0236]
2026-01-26 03:35:51,190 - easytorch-training - INFO - Start validation.
2026-01-26 03:35:56,119 - easytorch-training - INFO - Result <val>: [val_time: 4.93 (s), val_MAE: 13.6975, val_RMSE: 23.4173, val_MAPE: 10.9535]
2026-01-26 03:36:00,923 - easytorch-training - INFO - Evaluate best model on test data for horizon 1, Test MAE: 11.6371, Test RMSE: 19.2740, Test MAPE: 7.6165
2026-01-26 03:36:00,924 - easytorch-training - INFO - Evaluate best model on test data for horizon 2, Test MAE: 12.2212, Test RMSE: 20.5776, Test MAPE: 7.9389
2026-01-26 03:36:00,925 - easytorch-training - INFO - Evaluate best model on test data for horizon 3, Test MAE: 12.6728, Test RMSE: 21.6128, Test MAPE: 8.1959
2026-01-26 03:36:00,926 - easytorch-training - INFO - Evaluate best model on test data for horizon 4, Test MAE: 13.0507, Test RMSE: 22.4867, Test MAPE: 8.3706
2026-01-26 03:36:00,927 - easytorch-training - INFO - Evaluate best model on test data for horizon 5, Test MAE: 13.3439, Test RMSE: 23.1381, Test MAPE: 8.5550
2026-01-26 03:36:00,929 - easytorch-training - INFO - Evaluate best model on test data for horizon 6, Test MAE: 13.6228, Test RMSE: 23.7240, Test MAPE: 8.7721
2026-01-26 03:36:00,930 - easytorch-training - INFO - Evaluate best model on test data for horizon 7, Test MAE: 13.8662, Test RMSE: 24.2397, Test MAPE: 8.9024
2026-01-26 03:36:00,931 - easytorch-training - INFO - Evaluate best model on test data for horizon 8, Test MAE: 14.0814, Test RMSE: 24.6919, Test MAPE: 9.0515
2026-01-26 03:36:00,932 - easytorch-training - INFO - Evaluate best model on test data for horizon 9, Test MAE: 14.2892, Test RMSE: 25.0851, Test MAPE: 9.2042
2026-01-26 03:36:00,933 - easytorch-training - INFO - Evaluate best model on test data for horizon 10, Test MAE: 14.4869, Test RMSE: 25.4047, Test MAPE: 9.3494
2026-01-26 03:36:00,934 - easytorch-training - INFO - Evaluate best model on test data for horizon 11, Test MAE: 14.6496, Test RMSE: 25.7140, Test MAPE: 9.4873
2026-01-26 03:36:00,935 - easytorch-training - INFO - Evaluate best model on test data for horizon 12, Test MAE: 14.7987, Test RMSE: 25.9027, Test MAPE: 9.6224
2026-01-26 03:36:00,939 - easytorch-training - INFO - Result <test>: [test_time: 4.82 (s), test_MAE: 13.5600, test_RMSE: 23.5760, test_MAPE: 8.7555]
2026-01-26 03:36:01,340 - easytorch-training - INFO - Checkpoint checkpoints/STMAFNet_300/020df9ee7447a9cb965bf70236749dd4/STMAFNet_253.pt saved
2026-01-26 03:36:01,341 - easytorch-training - INFO - The estimated training finish time is 2026-01-26 05:57:15
2026-01-26 03:36:01,342 - easytorch-training - INFO - Epoch 254 / 300
2026-01-26 03:36:50,875 - easytorch-training - INFO - Result <train>: [train_time: 49.53 (s), lr: 6.25e-05, train_MAE: 11.9274, train_RMSE: 20.1474, train_MAPE: 8.0198]
2026-01-26 03:36:50,876 - easytorch-training - INFO - Start validation.
2026-01-26 03:36:55,785 - easytorch-training - INFO - Result <val>: [val_time: 4.91 (s), val_MAE: 13.7451, val_RMSE: 23.6033, val_MAPE: 11.1937]
2026-01-26 03:37:00,584 - easytorch-training - INFO - Evaluate best model on test data for horizon 1, Test MAE: 11.6237, Test RMSE: 19.2974, Test MAPE: 7.5870
2026-01-26 03:37:00,585 - easytorch-training - INFO - Evaluate best model on test data for horizon 2, Test MAE: 12.2201, Test RMSE: 20.6136, Test MAPE: 7.9371
2026-01-26 03:37:00,586 - easytorch-training - INFO - Evaluate best model on test data for horizon 3, Test MAE: 12.6832, Test RMSE: 21.6686, Test MAPE: 8.1797
2026-01-26 03:37:00,587 - easytorch-training - INFO - Evaluate best model on test data for horizon 4, Test MAE: 13.0474, Test RMSE: 22.5376, Test MAPE: 8.3775
2026-01-26 03:37:00,588 - easytorch-training - INFO - Evaluate best model on test data for horizon 5, Test MAE: 13.3689, Test RMSE: 23.2614, Test MAPE: 8.6212
2026-01-26 03:37:00,589 - easytorch-training - INFO - Evaluate best model on test data for horizon 6, Test MAE: 13.6254, Test RMSE: 23.8606, Test MAPE: 8.7690
2026-01-26 03:37:00,590 - easytorch-training - INFO - Evaluate best model on test data for horizon 7, Test MAE: 13.8857, Test RMSE: 24.3919, Test MAPE: 8.9844
2026-01-26 03:37:00,592 - easytorch-training - INFO - Evaluate best model on test data for horizon 8, Test MAE: 14.1325, Test RMSE: 24.8874, Test MAPE: 9.1237
2026-01-26 03:37:00,593 - easytorch-training - INFO - Evaluate best model on test data for horizon 9, Test MAE: 14.3435, Test RMSE: 25.3049, Test MAPE: 9.2462
2026-01-26 03:37:00,594 - easytorch-training - INFO - Evaluate best model on test data for horizon 10, Test MAE: 14.5299, Test RMSE: 25.6715, Test MAPE: 9.3911
2026-01-26 03:37:00,595 - easytorch-training - INFO - Evaluate best model on test data for horizon 11, Test MAE: 14.7364, Test RMSE: 26.0061, Test MAPE: 9.5340
2026-01-26 03:37:00,596 - easytorch-training - INFO - Evaluate best model on test data for horizon 12, Test MAE: 14.8920, Test RMSE: 26.2075, Test MAPE: 9.6705
2026-01-26 03:37:00,600 - easytorch-training - INFO - Result <test>: [test_time: 4.81 (s), test_MAE: 13.5907, test_RMSE: 23.7383, test_MAPE: 8.7851]
2026-01-26 03:37:01,014 - easytorch-training - INFO - Checkpoint checkpoints/STMAFNet_300/020df9ee7447a9cb965bf70236749dd4/STMAFNet_254.pt saved
2026-01-26 03:37:01,015 - easytorch-training - INFO - The estimated training finish time is 2026-01-26 05:54:52
2026-01-26 03:37:01,015 - easytorch-training - INFO - Epoch 255 / 300
2026-01-26 03:37:52,854 - easytorch-training - INFO - Result <train>: [train_time: 51.84 (s), lr: 6.25e-05, train_MAE: 11.9288, train_RMSE: 20.1558, train_MAPE: 8.0198]
2026-01-26 03:37:52,856 - easytorch-training - INFO - Start validation.
2026-01-26 03:37:57,774 - easytorch-training - INFO - Result <val>: [val_time: 4.92 (s), val_MAE: 13.6783, val_RMSE: 23.4139, val_MAPE: 10.8168]
2026-01-26 03:38:02,695 - easytorch-training - INFO - Evaluate best model on test data for horizon 1, Test MAE: 11.6592, Test RMSE: 19.3284, Test MAPE: 7.6130
2026-01-26 03:38:02,697 - easytorch-training - INFO - Evaluate best model on test data for horizon 2, Test MAE: 12.2347, Test RMSE: 20.6263, Test MAPE: 7.9293
2026-01-26 03:38:02,699 - easytorch-training - INFO - Evaluate best model on test data for horizon 3, Test MAE: 12.6771, Test RMSE: 21.6633, Test MAPE: 8.1933
2026-01-26 03:38:02,700 - easytorch-training - INFO - Evaluate best model on test data for horizon 4, Test MAE: 13.0348, Test RMSE: 22.5044, Test MAPE: 8.4123
2026-01-26 03:38:02,701 - easytorch-training - INFO - Evaluate best model on test data for horizon 5, Test MAE: 13.3420, Test RMSE: 23.1800, Test MAPE: 8.5521
2026-01-26 03:38:02,703 - easytorch-training - INFO - Evaluate best model on test data for horizon 6, Test MAE: 13.6027, Test RMSE: 23.7641, Test MAPE: 8.7501
2026-01-26 03:38:02,704 - easytorch-training - INFO - Evaluate best model on test data for horizon 7, Test MAE: 13.8481, Test RMSE: 24.2876, Test MAPE: 8.8691
2026-01-26 03:38:02,705 - easytorch-training - INFO - Evaluate best model on test data for horizon 8, Test MAE: 14.0698, Test RMSE: 24.7657, Test MAPE: 8.9891
2026-01-26 03:38:02,706 - easytorch-training - INFO - Evaluate best model on test data for horizon 9, Test MAE: 14.2797, Test RMSE: 25.1488, Test MAPE: 9.1490
2026-01-26 03:38:02,708 - easytorch-training - INFO - Evaluate best model on test data for horizon 10, Test MAE: 14.4781, Test RMSE: 25.5057, Test MAPE: 9.2862
2026-01-26 03:38:02,709 - easytorch-training - INFO - Evaluate best model on test data for horizon 11, Test MAE: 14.6406, Test RMSE: 25.8137, Test MAPE: 9.4664
2026-01-26 03:38:02,710 - easytorch-training - INFO - Evaluate best model on test data for horizon 12, Test MAE: 14.8110, Test RMSE: 26.0524, Test MAPE: 9.6150
2026-01-26 03:38:02,714 - easytorch-training - INFO - Result <test>: [test_time: 4.94 (s), test_MAE: 13.5565, test_RMSE: 23.6434, test_MAPE: 8.7354]
2026-01-26 03:38:03,139 - easytorch-training - INFO - Checkpoint checkpoints/STMAFNet_300/020df9ee7447a9cb965bf70236749dd4/STMAFNet_255.pt saved
2026-01-26 03:38:03,140 - easytorch-training - INFO - The estimated training finish time is 2026-01-26 05:52:34
2026-01-26 03:38:03,141 - easytorch-training - INFO - Epoch 256 / 300
2026-01-26 03:38:54,719 - easytorch-training - INFO - Result <train>: [train_time: 51.58 (s), lr: 6.25e-05, train_MAE: 11.9260, train_RMSE: 20.1386, train_MAPE: 8.0157]
2026-01-26 03:38:54,721 - easytorch-training - INFO - Start validation.
2026-01-26 03:38:59,651 - easytorch-training - INFO - Result <val>: [val_time: 4.93 (s), val_MAE: 13.7115, val_RMSE: 23.4571, val_MAPE: 10.8111]
2026-01-26 03:39:04,452 - easytorch-training - INFO - Evaluate best model on test data for horizon 1, Test MAE: 11.6530, Test RMSE: 19.3251, Test MAPE: 7.5659
2026-01-26 03:39:04,453 - easytorch-training - INFO - Evaluate best model on test data for horizon 2, Test MAE: 12.2282, Test RMSE: 20.6342, Test MAPE: 7.8921
2026-01-26 03:39:04,454 - easytorch-training - INFO - Evaluate best model on test data for horizon 3, Test MAE: 12.6981, Test RMSE: 21.6559, Test MAPE: 8.1314
2026-01-26 03:39:04,456 - easytorch-training - INFO - Evaluate best model on test data for horizon 4, Test MAE: 13.0880, Test RMSE: 22.5348, Test MAPE: 8.3860
2026-01-26 03:39:04,457 - easytorch-training - INFO - Evaluate best model on test data for horizon 5, Test MAE: 13.3987, Test RMSE: 23.2168, Test MAPE: 8.5620
2026-01-26 03:39:04,458 - easytorch-training - INFO - Evaluate best model on test data for horizon 6, Test MAE: 13.6478, Test RMSE: 23.8267, Test MAPE: 8.7541
2026-01-26 03:39:04,459 - easytorch-training - INFO - Evaluate best model on test data for horizon 7, Test MAE: 13.8969, Test RMSE: 24.3394, Test MAPE: 8.9532
2026-01-26 03:39:04,460 - easytorch-training - INFO - Evaluate best model on test data for horizon 8, Test MAE: 14.1160, Test RMSE: 24.7752, Test MAPE: 9.0688
2026-01-26 03:39:04,461 - easytorch-training - INFO - Evaluate best model on test data for horizon 9, Test MAE: 14.3517, Test RMSE: 25.1716, Test MAPE: 9.1921
2026-01-26 03:39:04,462 - easytorch-training - INFO - Evaluate best model on test data for horizon 10, Test MAE: 14.5153, Test RMSE: 25.4892, Test MAPE: 9.3140
2026-01-26 03:39:04,463 - easytorch-training - INFO - Evaluate best model on test data for horizon 11, Test MAE: 14.6797, Test RMSE: 25.7966, Test MAPE: 9.4575
2026-01-26 03:39:04,464 - easytorch-training - INFO - Evaluate best model on test data for horizon 12, Test MAE: 14.8498, Test RMSE: 26.0415, Test MAPE: 9.6256
2026-01-26 03:39:04,468 - easytorch-training - INFO - Result <test>: [test_time: 4.82 (s), test_MAE: 13.5936, test_RMSE: 23.6571, test_MAPE: 8.7419]
2026-01-26 03:39:04,871 - easytorch-training - INFO - Checkpoint checkpoints/STMAFNet_300/020df9ee7447a9cb965bf70236749dd4/STMAFNet_256.pt saved
2026-01-26 03:39:04,872 - easytorch-training - INFO - The estimated training finish time is 2026-01-26 05:50:16
2026-01-26 03:39:04,872 - easytorch-training - INFO - Epoch 257 / 300
2026-01-26 03:39:57,886 - easytorch-training - INFO - Result <train>: [train_time: 53.01 (s), lr: 6.25e-05, train_MAE: 11.9160, train_RMSE: 20.1268, train_MAPE: 8.0118]
2026-01-26 03:39:57,888 - easytorch-training - INFO - Start validation.
2026-01-26 03:40:02,793 - easytorch-training - INFO - Result <val>: [val_time: 4.90 (s), val_MAE: 13.7092, val_RMSE: 23.4581, val_MAPE: 11.0197]
2026-01-26 03:40:07,595 - easytorch-training - INFO - Evaluate best model on test data for horizon 1, Test MAE: 11.6544, Test RMSE: 19.2964, Test MAPE: 7.8497
2026-01-26 03:40:07,596 - easytorch-training - INFO - Evaluate best model on test data for horizon 2, Test MAE: 12.2232, Test RMSE: 20.6077, Test MAPE: 7.9190
2026-01-26 03:40:07,597 - easytorch-training - INFO - Evaluate best model on test data for horizon 3, Test MAE: 12.6902, Test RMSE: 21.6581, Test MAPE: 8.2706
2026-01-26 03:40:07,598 - easytorch-training - INFO - Evaluate best model on test data for horizon 4, Test MAE: 13.0502, Test RMSE: 22.5262, Test MAPE: 8.4610
2026-01-26 03:40:07,599 - easytorch-training - INFO - Evaluate best model on test data for horizon 5, Test MAE: 13.3606, Test RMSE: 23.2007, Test MAPE: 8.5823
2026-01-26 03:40:07,601 - easytorch-training - INFO - Evaluate best model on test data for horizon 6, Test MAE: 13.6224, Test RMSE: 23.7881, Test MAPE: 8.8203
2026-01-26 03:40:07,602 - easytorch-training - INFO - Evaluate best model on test data for horizon 7, Test MAE: 13.8613, Test RMSE: 24.2986, Test MAPE: 8.9116
2026-01-26 03:40:07,603 - easytorch-training - INFO - Evaluate best model on test data for horizon 8, Test MAE: 14.1032, Test RMSE: 24.7454, Test MAPE: 9.0910
2026-01-26 03:40:07,604 - easytorch-training - INFO - Evaluate best model on test data for horizon 9, Test MAE: 14.3142, Test RMSE: 25.1640, Test MAPE: 9.2313
2026-01-26 03:40:07,605 - easytorch-training - INFO - Evaluate best model on test data for horizon 10, Test MAE: 14.4956, Test RMSE: 25.5170, Test MAPE: 9.3671
2026-01-26 03:40:07,606 - easytorch-training - INFO - Evaluate best model on test data for horizon 11, Test MAE: 14.6658, Test RMSE: 25.8103, Test MAPE: 9.4946
2026-01-26 03:40:07,607 - easytorch-training - INFO - Evaluate best model on test data for horizon 12, Test MAE: 14.8043, Test RMSE: 26.0194, Test MAPE: 9.6279
2026-01-26 03:40:07,611 - easytorch-training - INFO - Result <test>: [test_time: 4.82 (s), test_MAE: 13.5705, test_RMSE: 23.6431, test_MAPE: 8.8022]
2026-01-26 03:40:08,011 - easytorch-training - INFO - Checkpoint checkpoints/STMAFNet_300/020df9ee7447a9cb965bf70236749dd4/STMAFNet_257.pt saved
2026-01-26 03:40:08,012 - easytorch-training - INFO - The estimated training finish time is 2026-01-26 05:48:01
2026-01-26 03:40:08,012 - easytorch-training - INFO - Epoch 258 / 300
2026-01-26 03:41:00,147 - easytorch-training - INFO - Result <train>: [train_time: 52.14 (s), lr: 6.25e-05, train_MAE: 11.9119, train_RMSE: 20.1224, train_MAPE: 8.0142]
2026-01-26 03:41:00,149 - easytorch-training - INFO - Start validation.
2026-01-26 03:41:05,091 - easytorch-training - INFO - Result <val>: [val_time: 4.94 (s), val_MAE: 13.7315, val_RMSE: 23.4986, val_MAPE: 11.4854]
2026-01-26 03:41:09,900 - easytorch-training - INFO - Evaluate best model on test data for horizon 1, Test MAE: 11.6839, Test RMSE: 19.3533, Test MAPE: 7.9432
2026-01-26 03:41:09,902 - easytorch-training - INFO - Evaluate best model on test data for horizon 2, Test MAE: 12.2837, Test RMSE: 20.6579, Test MAPE: 8.5344
2026-01-26 03:41:09,903 - easytorch-training - INFO - Evaluate best model on test data for horizon 3, Test MAE: 12.7195, Test RMSE: 21.6817, Test MAPE: 8.5666
2026-01-26 03:41:09,904 - easytorch-training - INFO - Evaluate best model on test data for horizon 4, Test MAE: 13.1116, Test RMSE: 22.5735, Test MAPE: 8.9252
2026-01-26 03:41:09,905 - easytorch-training - INFO - Evaluate best model on test data for horizon 5, Test MAE: 13.4133, Test RMSE: 23.2853, Test MAPE: 8.8934
2026-01-26 03:41:09,906 - easytorch-training - INFO - Evaluate best model on test data for horizon 6, Test MAE: 13.6636, Test RMSE: 23.8522, Test MAPE: 9.0750
2026-01-26 03:41:09,907 - easytorch-training - INFO - Evaluate best model on test data for horizon 7, Test MAE: 13.9036, Test RMSE: 24.3683, Test MAPE: 9.2129
2026-01-26 03:41:09,908 - easytorch-training - INFO - Evaluate best model on test data for horizon 8, Test MAE: 14.1170, Test RMSE: 24.8361, Test MAPE: 9.2190
2026-01-26 03:41:09,909 - easytorch-training - INFO - Evaluate best model on test data for horizon 9, Test MAE: 14.3528, Test RMSE: 25.2613, Test MAPE: 9.3939
2026-01-26 03:41:09,910 - easytorch-training - INFO - Evaluate best model on test data for horizon 10, Test MAE: 14.5627, Test RMSE: 25.6276, Test MAPE: 9.6681
2026-01-26 03:41:09,911 - easytorch-training - INFO - Evaluate best model on test data for horizon 11, Test MAE: 14.7140, Test RMSE: 25.8762, Test MAPE: 9.6508
2026-01-26 03:41:09,912 - easytorch-training - INFO - Evaluate best model on test data for horizon 12, Test MAE: 14.8807, Test RMSE: 26.0981, Test MAPE: 9.7739
2026-01-26 03:41:09,916 - easytorch-training - INFO - Result <test>: [test_time: 4.82 (s), test_MAE: 13.6172, test_RMSE: 23.7141, test_MAPE: 9.0714]
2026-01-26 03:41:10,317 - easytorch-training - INFO - Checkpoint checkpoints/STMAFNet_300/020df9ee7447a9cb965bf70236749dd4/STMAFNet_258.pt saved
2026-01-26 03:41:10,318 - easytorch-training - INFO - The estimated training finish time is 2026-01-26 05:45:46
2026-01-26 03:41:10,318 - easytorch-training - INFO - Epoch 259 / 300
2026-01-26 03:42:02,407 - easytorch-training - INFO - Result <train>: [train_time: 52.09 (s), lr: 6.25e-05, train_MAE: 11.9090, train_RMSE: 20.1111, train_MAPE: 8.0174]
2026-01-26 03:42:02,409 - easytorch-training - INFO - Start validation.
2026-01-26 03:42:07,326 - easytorch-training - INFO - Result <val>: [val_time: 4.92 (s), val_MAE: 13.6831, val_RMSE: 23.4204, val_MAPE: 10.8725]
2026-01-26 03:42:12,138 - easytorch-training - INFO - Evaluate best model on test data for horizon 1, Test MAE: 11.6738, Test RMSE: 19.3646, Test MAPE: 7.6763
2026-01-26 03:42:12,140 - easytorch-training - INFO - Evaluate best model on test data for horizon 2, Test MAE: 12.2601, Test RMSE: 20.7192, Test MAPE: 7.9396
2026-01-26 03:42:12,141 - easytorch-training - INFO - Evaluate best model on test data for horizon 3, Test MAE: 12.7088, Test RMSE: 21.7700, Test MAPE: 8.1962
2026-01-26 03:42:12,142 - easytorch-training - INFO - Evaluate best model on test data for horizon 4, Test MAE: 13.0802, Test RMSE: 22.6355, Test MAPE: 8.4061
2026-01-26 03:42:12,143 - easytorch-training - INFO - Evaluate best model on test data for horizon 5, Test MAE: 13.3798, Test RMSE: 23.3104, Test MAPE: 8.6240
2026-01-26 03:42:12,144 - easytorch-training - INFO - Evaluate best model on test data for horizon 6, Test MAE: 13.6219, Test RMSE: 23.8349, Test MAPE: 8.7592
2026-01-26 03:42:12,145 - easytorch-training - INFO - Evaluate best model on test data for horizon 7, Test MAE: 13.8450, Test RMSE: 24.2935, Test MAPE: 8.9277
2026-01-26 03:42:12,146 - easytorch-training - INFO - Evaluate best model on test data for horizon 8, Test MAE: 14.0973, Test RMSE: 24.7851, Test MAPE: 9.0781
2026-01-26 03:42:12,147 - easytorch-training - INFO - Evaluate best model on test data for horizon 9, Test MAE: 14.3027, Test RMSE: 25.1746, Test MAPE: 9.2215
2026-01-26 03:42:12,148 - easytorch-training - INFO - Evaluate best model on test data for horizon 10, Test MAE: 14.4890, Test RMSE: 25.5431, Test MAPE: 9.3544
2026-01-26 03:42:12,149 - easytorch-training - INFO - Evaluate best model on test data for horizon 11, Test MAE: 14.6600, Test RMSE: 25.8477, Test MAPE: 9.4459
2026-01-26 03:42:12,151 - easytorch-training - INFO - Evaluate best model on test data for horizon 12, Test MAE: 14.8268, Test RMSE: 26.0751, Test MAPE: 9.6281
2026-01-26 03:42:12,154 - easytorch-training - INFO - Result <test>: [test_time: 4.83 (s), test_MAE: 13.5788, test_RMSE: 23.7008, test_MAPE: 8.7714]
2026-01-26 03:42:12,554 - easytorch-training - INFO - Checkpoint checkpoints/STMAFNet_300/020df9ee7447a9cb965bf70236749dd4/STMAFNet_259.pt saved
2026-01-26 03:42:12,555 - easytorch-training - INFO - The estimated training finish time is 2026-01-26 05:43:32
2026-01-26 03:42:12,555 - easytorch-training - INFO - Epoch 260 / 300
2026-01-26 03:43:02,619 - easytorch-training - INFO - Result <train>: [train_time: 50.06 (s), lr: 6.25e-05, train_MAE: 11.9135, train_RMSE: 20.1239, train_MAPE: 8.0053]
2026-01-26 03:43:02,620 - easytorch-training - INFO - Start validation.
2026-01-26 03:43:07,536 - easytorch-training - INFO - Result <val>: [val_time: 4.92 (s), val_MAE: 13.6891, val_RMSE: 23.4749, val_MAPE: 10.9874]
2026-01-26 03:43:12,347 - easytorch-training - INFO - Evaluate best model on test data for horizon 1, Test MAE: 11.6242, Test RMSE: 19.3295, Test MAPE: 7.5768
2026-01-26 03:43:12,349 - easytorch-training - INFO - Evaluate best model on test data for horizon 2, Test MAE: 12.1928, Test RMSE: 20.6007, Test MAPE: 7.9999
2026-01-26 03:43:12,350 - easytorch-training - INFO - Evaluate best model on test data for horizon 3, Test MAE: 12.6484, Test RMSE: 21.6217, Test MAPE: 8.2393
2026-01-26 03:43:12,351 - easytorch-training - INFO - Evaluate best model on test data for horizon 4, Test MAE: 13.0331, Test RMSE: 22.4984, Test MAPE: 8.4385
2026-01-26 03:43:12,352 - easytorch-training - INFO - Evaluate best model on test data for horizon 5, Test MAE: 13.3309, Test RMSE: 23.1878, Test MAPE: 8.5811
2026-01-26 03:43:12,353 - easytorch-training - INFO - Evaluate best model on test data for horizon 6, Test MAE: 13.6088, Test RMSE: 23.7949, Test MAPE: 8.8135
2026-01-26 03:43:12,354 - easytorch-training - INFO - Evaluate best model on test data for horizon 7, Test MAE: 13.8446, Test RMSE: 24.3300, Test MAPE: 8.9562
2026-01-26 03:43:12,355 - easytorch-training - INFO - Evaluate best model on test data for horizon 8, Test MAE: 14.0946, Test RMSE: 24.8321, Test MAPE: 9.0936
2026-01-26 03:43:12,356 - easytorch-training - INFO - Evaluate best model on test data for horizon 9, Test MAE: 14.3166, Test RMSE: 25.2641, Test MAPE: 9.2352
2026-01-26 03:43:12,357 - easytorch-training - INFO - Evaluate best model on test data for horizon 10, Test MAE: 14.4785, Test RMSE: 25.5964, Test MAPE: 9.3788
2026-01-26 03:43:12,358 - easytorch-training - INFO - Evaluate best model on test data for horizon 11, Test MAE: 14.6613, Test RMSE: 25.8968, Test MAPE: 9.5829
2026-01-26 03:43:12,359 - easytorch-training - INFO - Evaluate best model on test data for horizon 12, Test MAE: 14.8088, Test RMSE: 26.1187, Test MAPE: 9.6186
2026-01-26 03:43:12,363 - easytorch-training - INFO - Result <test>: [test_time: 4.83 (s), test_MAE: 13.5535, test_RMSE: 23.6827, test_MAPE: 8.7929]
2026-01-26 03:43:12,767 - easytorch-training - INFO - Checkpoint checkpoints/STMAFNet_300/020df9ee7447a9cb965bf70236749dd4/STMAFNet_260.pt saved
2026-01-26 03:43:12,803 - easytorch-training - INFO - The estimated training finish time is 2026-01-26 05:41:16
2026-01-26 03:43:12,803 - easytorch-training - INFO - Epoch 261 / 300
2026-01-26 03:44:04,714 - easytorch-training - INFO - Result <train>: [train_time: 51.91 (s), lr: 6.25e-05, train_MAE: 11.9043, train_RMSE: 20.1042, train_MAPE: 8.0043]
2026-01-26 03:44:04,715 - easytorch-training - INFO - Start validation.
2026-01-26 03:44:09,646 - easytorch-training - INFO - Result <val>: [val_time: 4.93 (s), val_MAE: 13.6953, val_RMSE: 23.4561, val_MAPE: 11.2740]
2026-01-26 03:44:14,456 - easytorch-training - INFO - Evaluate best model on test data for horizon 1, Test MAE: 11.6399, Test RMSE: 19.3267, Test MAPE: 7.6555
2026-01-26 03:44:14,457 - easytorch-training - INFO - Evaluate best model on test data for horizon 2, Test MAE: 12.2095, Test RMSE: 20.6238, Test MAPE: 7.9813
2026-01-26 03:44:14,458 - easytorch-training - INFO - Evaluate best model on test data for horizon 3, Test MAE: 12.6797, Test RMSE: 21.6523, Test MAPE: 8.1931
2026-01-26 03:44:14,459 - easytorch-training - INFO - Evaluate best model on test data for horizon 4, Test MAE: 13.0552, Test RMSE: 22.5497, Test MAPE: 8.4428
2026-01-26 03:44:14,460 - easytorch-training - INFO - Evaluate best model on test data for horizon 5, Test MAE: 13.3348, Test RMSE: 23.2402, Test MAPE: 8.6096
2026-01-26 03:44:14,462 - easytorch-training - INFO - Evaluate best model on test data for horizon 6, Test MAE: 13.6235, Test RMSE: 23.8398, Test MAPE: 8.8168
2026-01-26 03:44:14,463 - easytorch-training - INFO - Evaluate best model on test data for horizon 7, Test MAE: 13.8821, Test RMSE: 24.3749, Test MAPE: 8.9925
2026-01-26 03:44:14,464 - easytorch-training - INFO - Evaluate best model on test data for horizon 8, Test MAE: 14.1323, Test RMSE: 24.8568, Test MAPE: 9.1741
2026-01-26 03:44:14,465 - easytorch-training - INFO - Evaluate best model on test data for horizon 9, Test MAE: 14.3399, Test RMSE: 25.2600, Test MAPE: 9.2895
2026-01-26 03:44:14,466 - easytorch-training - INFO - Evaluate best model on test data for horizon 10, Test MAE: 14.5281, Test RMSE: 25.5754, Test MAPE: 9.4370
2026-01-26 03:44:14,467 - easytorch-training - INFO - Evaluate best model on test data for horizon 11, Test MAE: 14.6959, Test RMSE: 25.8765, Test MAPE: 9.5717
2026-01-26 03:44:14,468 - easytorch-training - INFO - Evaluate best model on test data for horizon 12, Test MAE: 14.8402, Test RMSE: 26.0757, Test MAPE: 9.6628
2026-01-26 03:44:14,472 - easytorch-training - INFO - Result <test>: [test_time: 4.82 (s), test_MAE: 13.5801, test_RMSE: 23.6965, test_MAPE: 8.8189]
2026-01-26 03:44:14,874 - easytorch-training - INFO - Checkpoint checkpoints/STMAFNet_300/020df9ee7447a9cb965bf70236749dd4/STMAFNet_261.pt saved
2026-01-26 03:44:14,875 - easytorch-training - INFO - The estimated training finish time is 2026-01-26 05:39:04
2026-01-26 03:44:14,875 - easytorch-training - INFO - Epoch 262 / 300
2026-01-26 03:45:03,851 - easytorch-training - INFO - Result <train>: [train_time: 48.98 (s), lr: 6.25e-05, train_MAE: 11.9021, train_RMSE: 20.1046, train_MAPE: 8.0060]
2026-01-26 03:45:03,852 - easytorch-training - INFO - Start validation.
2026-01-26 03:45:08,786 - easytorch-training - INFO - Result <val>: [val_time: 4.93 (s), val_MAE: 13.7490, val_RMSE: 23.5757, val_MAPE: 11.0606]
2026-01-26 03:45:13,583 - easytorch-training - INFO - Evaluate best model on test data for horizon 1, Test MAE: 11.6590, Test RMSE: 19.3511, Test MAPE: 7.6033
2026-01-26 03:45:13,584 - easytorch-training - INFO - Evaluate best model on test data for horizon 2, Test MAE: 12.2553, Test RMSE: 20.6968, Test MAPE: 7.9414
2026-01-26 03:45:13,585 - easytorch-training - INFO - Evaluate best model on test data for horizon 3, Test MAE: 12.7218, Test RMSE: 21.7622, Test MAPE: 8.2227
2026-01-26 03:45:13,586 - easytorch-training - INFO - Evaluate best model on test data for horizon 4, Test MAE: 13.1168, Test RMSE: 22.6970, Test MAPE: 8.4718
2026-01-26 03:45:13,587 - easytorch-training - INFO - Evaluate best model on test data for horizon 5, Test MAE: 13.4128, Test RMSE: 23.3517, Test MAPE: 8.7246
2026-01-26 03:45:13,588 - easytorch-training - INFO - Evaluate best model on test data for horizon 6, Test MAE: 13.6862, Test RMSE: 23.9431, Test MAPE: 8.8346
2026-01-26 03:45:13,590 - easytorch-training - INFO - Evaluate best model on test data for horizon 7, Test MAE: 13.9529, Test RMSE: 24.4815, Test MAPE: 8.9680
2026-01-26 03:45:13,591 - easytorch-training - INFO - Evaluate best model on test data for horizon 8, Test MAE: 14.1835, Test RMSE: 24.9621, Test MAPE: 9.1252
2026-01-26 03:45:13,592 - easytorch-training - INFO - Evaluate best model on test data for horizon 9, Test MAE: 14.3980, Test RMSE: 25.3836, Test MAPE: 9.2657
2026-01-26 03:45:13,593 - easytorch-training - INFO - Evaluate best model on test data for horizon 10, Test MAE: 14.5982, Test RMSE: 25.7386, Test MAPE: 9.3950
2026-01-26 03:45:13,594 - easytorch-training - INFO - Evaluate best model on test data for horizon 11, Test MAE: 14.7746, Test RMSE: 26.0460, Test MAPE: 9.5150
2026-01-26 03:45:13,595 - easytorch-training - INFO - Evaluate best model on test data for horizon 12, Test MAE: 14.9292, Test RMSE: 26.2794, Test MAPE: 9.6328
2026-01-26 03:45:13,599 - easytorch-training - INFO - Result <test>: [test_time: 4.81 (s), test_MAE: 13.6407, test_RMSE: 23.8194, test_MAPE: 8.8083]
2026-01-26 03:45:13,998 - easytorch-training - INFO - Checkpoint checkpoints/STMAFNet_300/020df9ee7447a9cb965bf70236749dd4/STMAFNet_262.pt saved
2026-01-26 03:45:13,999 - easytorch-training - INFO - The estimated training finish time is 2026-01-26 05:36:49
2026-01-26 03:45:13,999 - easytorch-training - INFO - Epoch 263 / 300
2026-01-26 03:46:05,784 - easytorch-training - INFO - Result <train>: [train_time: 51.79 (s), lr: 6.25e-05, train_MAE: 11.9010, train_RMSE: 20.1026, train_MAPE: 7.9954]
2026-01-26 03:46:05,785 - easytorch-training - INFO - Start validation.
2026-01-26 03:46:10,719 - easytorch-training - INFO - Result <val>: [val_time: 4.93 (s), val_MAE: 13.7176, val_RMSE: 23.4677, val_MAPE: 11.1390]
2026-01-26 03:46:15,514 - easytorch-training - INFO - Evaluate best model on test data for horizon 1, Test MAE: 11.6380, Test RMSE: 19.3105, Test MAPE: 7.5655
2026-01-26 03:46:15,515 - easytorch-training - INFO - Evaluate best model on test data for horizon 2, Test MAE: 12.2167, Test RMSE: 20.6258, Test MAPE: 7.8961
2026-01-26 03:46:15,516 - easytorch-training - INFO - Evaluate best model on test data for horizon 3, Test MAE: 12.6858, Test RMSE: 21.6740, Test MAPE: 8.1745
2026-01-26 03:46:15,517 - easytorch-training - INFO - Evaluate best model on test data for horizon 4, Test MAE: 13.0639, Test RMSE: 22.5632, Test MAPE: 8.4176
2026-01-26 03:46:15,519 - easytorch-training - INFO - Evaluate best model on test data for horizon 5, Test MAE: 13.3828, Test RMSE: 23.2299, Test MAPE: 8.6522
2026-01-26 03:46:15,520 - easytorch-training - INFO - Evaluate best model on test data for horizon 6, Test MAE: 13.6458, Test RMSE: 23.8240, Test MAPE: 8.8753
2026-01-26 03:46:15,521 - easytorch-training - INFO - Evaluate best model on test data for horizon 7, Test MAE: 13.8899, Test RMSE: 24.3562, Test MAPE: 8.9660
2026-01-26 03:46:15,522 - easytorch-training - INFO - Evaluate best model on test data for horizon 8, Test MAE: 14.1180, Test RMSE: 24.8535, Test MAPE: 9.1062
2026-01-26 03:46:15,523 - easytorch-training - INFO - Evaluate best model on test data for horizon 9, Test MAE: 14.3492, Test RMSE: 25.2602, Test MAPE: 9.2849
2026-01-26 03:46:15,524 - easytorch-training - INFO - Evaluate best model on test data for horizon 10, Test MAE: 14.5294, Test RMSE: 25.6155, Test MAPE: 9.4025
2026-01-26 03:46:15,525 - easytorch-training - INFO - Evaluate best model on test data for horizon 11, Test MAE: 14.6841, Test RMSE: 25.8819, Test MAPE: 9.4944
2026-01-26 03:46:15,526 - easytorch-training - INFO - Evaluate best model on test data for horizon 12, Test MAE: 14.8502, Test RMSE: 26.1137, Test MAPE: 9.7512
2026-01-26 03:46:15,530 - easytorch-training - INFO - Result <test>: [test_time: 4.81 (s), test_MAE: 13.5878, test_RMSE: 23.7019, test_MAPE: 8.7989]
2026-01-26 03:46:15,933 - easytorch-training - INFO - Checkpoint checkpoints/STMAFNet_300/020df9ee7447a9cb965bf70236749dd4/STMAFNet_263.pt saved
2026-01-26 03:46:15,934 - easytorch-training - INFO - The estimated training finish time is 2026-01-26 05:34:39
2026-01-26 03:46:15,934 - easytorch-training - INFO - Epoch 264 / 300
2026-01-26 03:47:03,882 - easytorch-training - INFO - Result <train>: [train_time: 47.95 (s), lr: 6.25e-05, train_MAE: 11.8966, train_RMSE: 20.0967, train_MAPE: 8.0058]
2026-01-26 03:47:03,884 - easytorch-training - INFO - Start validation.
2026-01-26 03:47:08,830 - easytorch-training - INFO - Result <val>: [val_time: 4.95 (s), val_MAE: 13.6842, val_RMSE: 23.4161, val_MAPE: 10.9297]
2026-01-26 03:47:13,651 - easytorch-training - INFO - Evaluate best model on test data for horizon 1, Test MAE: 11.6191, Test RMSE: 19.2842, Test MAPE: 7.5388
2026-01-26 03:47:13,652 - easytorch-training - INFO - Evaluate best model on test data for horizon 2, Test MAE: 12.2073, Test RMSE: 20.5845, Test MAPE: 7.8714
2026-01-26 03:47:13,653 - easytorch-training - INFO - Evaluate best model on test data for horizon 3, Test MAE: 12.6522, Test RMSE: 21.5818, Test MAPE: 8.2314
2026-01-26 03:47:13,654 - easytorch-training - INFO - Evaluate best model on test data for horizon 4, Test MAE: 13.0396, Test RMSE: 22.4815, Test MAPE: 8.3579
2026-01-26 03:47:13,655 - easytorch-training - INFO - Evaluate best model on test data for horizon 5, Test MAE: 13.3390, Test RMSE: 23.1490, Test MAPE: 8.5912
2026-01-26 03:47:13,657 - easytorch-training - INFO - Evaluate best model on test data for horizon 6, Test MAE: 13.6042, Test RMSE: 23.7590, Test MAPE: 8.7351
2026-01-26 03:47:13,658 - easytorch-training - INFO - Evaluate best model on test data for horizon 7, Test MAE: 13.8628, Test RMSE: 24.3048, Test MAPE: 8.8834
2026-01-26 03:47:13,659 - easytorch-training - INFO - Evaluate best model on test data for horizon 8, Test MAE: 14.0889, Test RMSE: 24.7495, Test MAPE: 9.0500
2026-01-26 03:47:13,660 - easytorch-training - INFO - Evaluate best model on test data for horizon 9, Test MAE: 14.3055, Test RMSE: 25.1346, Test MAPE: 9.2038
2026-01-26 03:47:13,661 - easytorch-training - INFO - Evaluate best model on test data for horizon 10, Test MAE: 14.4881, Test RMSE: 25.4854, Test MAPE: 9.3392
2026-01-26 03:47:13,662 - easytorch-training - INFO - Evaluate best model on test data for horizon 11, Test MAE: 14.6738, Test RMSE: 25.7871, Test MAPE: 9.5180
2026-01-26 03:47:13,663 - easytorch-training - INFO - Evaluate best model on test data for horizon 12, Test MAE: 14.8164, Test RMSE: 25.9967, Test MAPE: 9.6090
2026-01-26 03:47:13,667 - easytorch-training - INFO - Result <test>: [test_time: 4.84 (s), test_MAE: 13.5581, test_RMSE: 23.6158, test_MAPE: 8.7441]
2026-01-26 03:47:14,065 - easytorch-training - INFO - Checkpoint checkpoints/STMAFNet_300/020df9ee7447a9cb965bf70236749dd4/STMAFNet_264.pt saved
2026-01-26 03:47:14,066 - easytorch-training - INFO - The estimated training finish time is 2026-01-26 05:32:25
2026-01-26 03:47:14,066 - easytorch-training - INFO - Epoch 265 / 300
2026-01-26 03:48:05,495 - easytorch-training - INFO - Result <train>: [train_time: 51.43 (s), lr: 6.25e-05, train_MAE: 11.8901, train_RMSE: 20.0778, train_MAPE: 8.0035]
2026-01-26 03:48:05,497 - easytorch-training - INFO - Start validation.
2026-01-26 03:48:10,427 - easytorch-training - INFO - Result <val>: [val_time: 4.93 (s), val_MAE: 13.6823, val_RMSE: 23.3991, val_MAPE: 11.0013]
2026-01-26 03:48:15,225 - easytorch-training - INFO - Evaluate best model on test data for horizon 1, Test MAE: 11.6880, Test RMSE: 19.3524, Test MAPE: 7.8270
2026-01-26 03:48:15,227 - easytorch-training - INFO - Evaluate best model on test data for horizon 2, Test MAE: 12.2401, Test RMSE: 20.6318, Test MAPE: 8.2573
2026-01-26 03:48:15,228 - easytorch-training - INFO - Evaluate best model on test data for horizon 3, Test MAE: 12.6985, Test RMSE: 21.6751, Test MAPE: 8.3316
2026-01-26 03:48:15,229 - easytorch-training - INFO - Evaluate best model on test data for horizon 4, Test MAE: 13.0707, Test RMSE: 22.5313, Test MAPE: 8.5205
2026-01-26 03:48:15,230 - easytorch-training - INFO - Evaluate best model on test data for horizon 5, Test MAE: 13.3733, Test RMSE: 23.2114, Test MAPE: 8.8132
2026-01-26 03:48:15,231 - easytorch-training - INFO - Evaluate best model on test data for horizon 6, Test MAE: 13.6280, Test RMSE: 23.8174, Test MAPE: 8.8273
2026-01-26 03:48:15,232 - easytorch-training - INFO - Evaluate best model on test data for horizon 7, Test MAE: 13.8649, Test RMSE: 24.2986, Test MAPE: 8.9796
2026-01-26 03:48:15,233 - easytorch-training - INFO - Evaluate best model on test data for horizon 8, Test MAE: 14.0972, Test RMSE: 24.7555, Test MAPE: 9.1640
2026-01-26 03:48:15,234 - easytorch-training - INFO - Evaluate best model on test data for horizon 9, Test MAE: 14.3048, Test RMSE: 25.1531, Test MAPE: 9.2174
2026-01-26 03:48:15,235 - easytorch-training - INFO - Evaluate best model on test data for horizon 10, Test MAE: 14.4847, Test RMSE: 25.4968, Test MAPE: 9.3320
2026-01-26 03:48:15,237 - easytorch-training - INFO - Evaluate best model on test data for horizon 11, Test MAE: 14.6691, Test RMSE: 25.8178, Test MAPE: 9.5151
2026-01-26 03:48:15,238 - easytorch-training - INFO - Evaluate best model on test data for horizon 12, Test MAE: 14.8072, Test RMSE: 26.0265, Test MAPE: 9.5996
2026-01-26 03:48:15,241 - easytorch-training - INFO - Result <test>: [test_time: 4.81 (s), test_MAE: 13.5772, test_RMSE: 23.6532, test_MAPE: 8.8654]
2026-01-26 03:48:15,643 - easytorch-training - INFO - Checkpoint checkpoints/STMAFNet_300/020df9ee7447a9cb965bf70236749dd4/STMAFNet_265.pt saved
2026-01-26 03:48:15,644 - easytorch-training - INFO - The estimated training finish time is 2026-01-26 05:30:17
2026-01-26 03:48:15,644 - easytorch-training - INFO - Epoch 266 / 300
2026-01-26 03:49:06,483 - easytorch-training - INFO - Result <train>: [train_time: 50.84 (s), lr: 6.25e-05, train_MAE: 11.8907, train_RMSE: 20.0767, train_MAPE: 7.9979]
2026-01-26 03:49:06,485 - easytorch-training - INFO - Start validation.
2026-01-26 03:49:11,418 - easytorch-training - INFO - Result <val>: [val_time: 4.93 (s), val_MAE: 13.7333, val_RMSE: 23.5377, val_MAPE: 11.2180]
2026-01-26 03:49:16,232 - easytorch-training - INFO - Evaluate best model on test data for horizon 1, Test MAE: 11.6404, Test RMSE: 19.3368, Test MAPE: 7.6063
2026-01-26 03:49:16,234 - easytorch-training - INFO - Evaluate best model on test data for horizon 2, Test MAE: 12.2380, Test RMSE: 20.6428, Test MAPE: 7.9765
2026-01-26 03:49:16,235 - easytorch-training - INFO - Evaluate best model on test data for horizon 3, Test MAE: 12.7166, Test RMSE: 21.7102, Test MAPE: 8.2620
2026-01-26 03:49:16,236 - easytorch-training - INFO - Evaluate best model on test data for horizon 4, Test MAE: 13.0976, Test RMSE: 22.5970, Test MAPE: 8.4942
2026-01-26 03:49:16,237 - easytorch-training - INFO - Evaluate best model on test data for horizon 5, Test MAE: 13.3793, Test RMSE: 23.2993, Test MAPE: 8.6863
2026-01-26 03:49:16,238 - easytorch-training - INFO - Evaluate best model on test data for horizon 6, Test MAE: 13.6602, Test RMSE: 23.8978, Test MAPE: 8.8686
2026-01-26 03:49:16,239 - easytorch-training - INFO - Evaluate best model on test data for horizon 7, Test MAE: 13.9005, Test RMSE: 24.4035, Test MAPE: 9.0386
2026-01-26 03:49:16,240 - easytorch-training - INFO - Evaluate best model on test data for horizon 8, Test MAE: 14.1233, Test RMSE: 24.8408, Test MAPE: 9.1823
2026-01-26 03:49:16,241 - easytorch-training - INFO - Evaluate best model on test data for horizon 9, Test MAE: 14.3581, Test RMSE: 25.2587, Test MAPE: 9.3745
2026-01-26 03:49:16,242 - easytorch-training - INFO - Evaluate best model on test data for horizon 10, Test MAE: 14.5347, Test RMSE: 25.5899, Test MAPE: 9.4854
2026-01-26 03:49:16,244 - easytorch-training - INFO - Evaluate best model on test data for horizon 11, Test MAE: 14.7212, Test RMSE: 25.9084, Test MAPE: 9.6924
2026-01-26 03:49:16,245 - easytorch-training - INFO - Evaluate best model on test data for horizon 12, Test MAE: 14.8745, Test RMSE: 26.1297, Test MAPE: 9.7198
2026-01-26 03:49:16,248 - easytorch-training - INFO - Result <test>: [test_time: 4.83 (s), test_MAE: 13.6037, test_RMSE: 23.7266, test_MAPE: 8.8656]
2026-01-26 03:49:16,678 - easytorch-training - INFO - Checkpoint checkpoints/STMAFNet_300/020df9ee7447a9cb965bf70236749dd4/STMAFNet_266.pt saved
2026-01-26 03:49:16,679 - easytorch-training - INFO - The estimated training finish time is 2026-01-26 05:28:08
2026-01-26 03:49:16,679 - easytorch-training - INFO - Epoch 267 / 300
2026-01-26 03:50:08,712 - easytorch-training - INFO - Result <train>: [train_time: 52.03 (s), lr: 6.25e-05, train_MAE: 11.8861, train_RMSE: 20.0664, train_MAPE: 7.9926]
2026-01-26 03:50:08,714 - easytorch-training - INFO - Start validation.
2026-01-26 03:50:13,631 - easytorch-training - INFO - Result <val>: [val_time: 4.92 (s), val_MAE: 13.6959, val_RMSE: 23.4796, val_MAPE: 10.9228]
2026-01-26 03:50:18,444 - easytorch-training - INFO - Evaluate best model on test data for horizon 1, Test MAE: 11.6516, Test RMSE: 19.3506, Test MAPE: 7.5817
2026-01-26 03:50:18,446 - easytorch-training - INFO - Evaluate best model on test data for horizon 2, Test MAE: 12.2258, Test RMSE: 20.6626, Test MAPE: 7.9068
2026-01-26 03:50:18,447 - easytorch-training - INFO - Evaluate best model on test data for horizon 3, Test MAE: 12.6811, Test RMSE: 21.7073, Test MAPE: 8.1623
2026-01-26 03:50:18,448 - easytorch-training - INFO - Evaluate best model on test data for horizon 4, Test MAE: 13.0625, Test RMSE: 22.5815, Test MAPE: 8.3952
2026-01-26 03:50:18,449 - easytorch-training - INFO - Evaluate best model on test data for horizon 5, Test MAE: 13.3666, Test RMSE: 23.2676, Test MAPE: 8.5992
2026-01-26 03:50:18,450 - easytorch-training - INFO - Evaluate best model on test data for horizon 6, Test MAE: 13.6351, Test RMSE: 23.8523, Test MAPE: 8.7812
2026-01-26 03:50:18,451 - easytorch-training - INFO - Evaluate best model on test data for horizon 7, Test MAE: 13.8848, Test RMSE: 24.3439, Test MAPE: 8.9441
2026-01-26 03:50:18,452 - easytorch-training - INFO - Evaluate best model on test data for horizon 8, Test MAE: 14.1035, Test RMSE: 24.7937, Test MAPE: 9.0859
2026-01-26 03:50:18,453 - easytorch-training - INFO - Evaluate best model on test data for horizon 9, Test MAE: 14.3384, Test RMSE: 25.1965, Test MAPE: 9.2246
2026-01-26 03:50:18,454 - easytorch-training - INFO - Evaluate best model on test data for horizon 10, Test MAE: 14.5247, Test RMSE: 25.5701, Test MAPE: 9.3775
2026-01-26 03:50:18,456 - easytorch-training - INFO - Evaluate best model on test data for horizon 11, Test MAE: 14.6781, Test RMSE: 25.8392, Test MAPE: 9.5077
2026-01-26 03:50:18,457 - easytorch-training - INFO - Evaluate best model on test data for horizon 12, Test MAE: 14.8303, Test RMSE: 26.0844, Test MAPE: 9.6367
2026-01-26 03:50:18,460 - easytorch-training - INFO - Result <test>: [test_time: 4.83 (s), test_MAE: 13.5819, test_RMSE: 23.6941, test_MAPE: 8.7669]
2026-01-26 03:50:18,862 - easytorch-training - INFO - Checkpoint checkpoints/STMAFNet_300/020df9ee7447a9cb965bf70236749dd4/STMAFNet_267.pt saved
2026-01-26 03:50:18,863 - easytorch-training - INFO - The estimated training finish time is 2026-01-26 05:26:02
2026-01-26 03:50:18,863 - easytorch-training - INFO - Epoch 268 / 300
2026-01-26 03:51:12,561 - easytorch-training - INFO - Result <train>: [train_time: 53.70 (s), lr: 6.25e-05, train_MAE: 11.8793, train_RMSE: 20.0667, train_MAPE: 7.9910]
2026-01-26 03:51:12,562 - easytorch-training - INFO - Start validation.
2026-01-26 03:51:17,450 - easytorch-training - INFO - Result <val>: [val_time: 4.89 (s), val_MAE: 13.7126, val_RMSE: 23.5103, val_MAPE: 10.9351]
2026-01-26 03:51:22,245 - easytorch-training - INFO - Evaluate best model on test data for horizon 1, Test MAE: 11.6543, Test RMSE: 19.3544, Test MAPE: 7.6043
2026-01-26 03:51:22,247 - easytorch-training - INFO - Evaluate best model on test data for horizon 2, Test MAE: 12.2286, Test RMSE: 20.6662, Test MAPE: 7.8969
2026-01-26 03:51:22,248 - easytorch-training - INFO - Evaluate best model on test data for horizon 3, Test MAE: 12.7034, Test RMSE: 21.7298, Test MAPE: 8.1845
2026-01-26 03:51:22,249 - easytorch-training - INFO - Evaluate best model on test data for horizon 4, Test MAE: 13.0920, Test RMSE: 22.6149, Test MAPE: 8.4094
2026-01-26 03:51:22,250 - easytorch-training - INFO - Evaluate best model on test data for horizon 5, Test MAE: 13.3866, Test RMSE: 23.2842, Test MAPE: 8.6025
2026-01-26 03:51:22,251 - easytorch-training - INFO - Evaluate best model on test data for horizon 6, Test MAE: 13.6570, Test RMSE: 23.8966, Test MAPE: 8.7917
2026-01-26 03:51:22,252 - easytorch-training - INFO - Evaluate best model on test data for horizon 7, Test MAE: 13.9044, Test RMSE: 24.3936, Test MAPE: 8.9723
2026-01-26 03:51:22,253 - easytorch-training - INFO - Evaluate best model on test data for horizon 8, Test MAE: 14.1310, Test RMSE: 24.8507, Test MAPE: 9.0712
2026-01-26 03:51:22,254 - easytorch-training - INFO - Evaluate best model on test data for horizon 9, Test MAE: 14.3272, Test RMSE: 25.2268, Test MAPE: 9.2240
2026-01-26 03:51:22,256 - easytorch-training - INFO - Evaluate best model on test data for horizon 10, Test MAE: 14.4992, Test RMSE: 25.5634, Test MAPE: 9.3476
2026-01-26 03:51:22,257 - easytorch-training - INFO - Evaluate best model on test data for horizon 11, Test MAE: 14.6767, Test RMSE: 25.8818, Test MAPE: 9.5033
2026-01-26 03:51:22,258 - easytorch-training - INFO - Evaluate best model on test data for horizon 12, Test MAE: 14.8221, Test RMSE: 26.0808, Test MAPE: 9.6197
2026-01-26 03:51:22,262 - easytorch-training - INFO - Result <test>: [test_time: 4.81 (s), test_MAE: 13.5902, test_RMSE: 23.7189, test_MAPE: 8.7689]
2026-01-26 03:51:22,666 - easytorch-training - INFO - Checkpoint checkpoints/STMAFNet_300/020df9ee7447a9cb965bf70236749dd4/STMAFNet_268.pt saved
2026-01-26 03:51:22,667 - easytorch-training - INFO - The estimated training finish time is 2026-01-26 05:23:59
2026-01-26 03:51:22,667 - easytorch-training - INFO - Epoch 269 / 300
2026-01-26 03:52:15,673 - easytorch-training - INFO - Result <train>: [train_time: 53.01 (s), lr: 6.25e-05, train_MAE: 11.8763, train_RMSE: 20.0537, train_MAPE: 7.9965]
2026-01-26 03:52:15,674 - easytorch-training - INFO - Start validation.
2026-01-26 03:52:20,584 - easytorch-training - INFO - Result <val>: [val_time: 4.91 (s), val_MAE: 13.7164, val_RMSE: 23.5072, val_MAPE: 11.0780]
2026-01-26 03:52:25,378 - easytorch-training - INFO - Evaluate best model on test data for horizon 1, Test MAE: 11.6455, Test RMSE: 19.3238, Test MAPE: 7.5533
2026-01-26 03:52:25,380 - easytorch-training - INFO - Evaluate best model on test data for horizon 2, Test MAE: 12.2167, Test RMSE: 20.6447, Test MAPE: 7.8819
2026-01-26 03:52:25,381 - easytorch-training - INFO - Evaluate best model on test data for horizon 3, Test MAE: 12.6815, Test RMSE: 21.7316, Test MAPE: 8.1596
2026-01-26 03:52:25,382 - easytorch-training - INFO - Evaluate best model on test data for horizon 4, Test MAE: 13.0609, Test RMSE: 22.6251, Test MAPE: 8.3768
2026-01-26 03:52:25,383 - easytorch-training - INFO - Evaluate best model on test data for horizon 5, Test MAE: 13.3743, Test RMSE: 23.3110, Test MAPE: 8.5777
2026-01-26 03:52:25,384 - easytorch-training - INFO - Evaluate best model on test data for horizon 6, Test MAE: 13.6391, Test RMSE: 23.9104, Test MAPE: 8.7601
2026-01-26 03:52:25,385 - easytorch-training - INFO - Evaluate best model on test data for horizon 7, Test MAE: 13.8913, Test RMSE: 24.4146, Test MAPE: 8.9450
2026-01-26 03:52:25,386 - easytorch-training - INFO - Evaluate best model on test data for horizon 8, Test MAE: 14.1131, Test RMSE: 24.8559, Test MAPE: 9.0907
2026-01-26 03:52:25,387 - easytorch-training - INFO - Evaluate best model on test data for horizon 9, Test MAE: 14.3398, Test RMSE: 25.2823, Test MAPE: 9.3042
2026-01-26 03:52:25,388 - easytorch-training - INFO - Evaluate best model on test data for horizon 10, Test MAE: 14.5298, Test RMSE: 25.6361, Test MAPE: 9.5249
2026-01-26 03:52:25,389 - easytorch-training - INFO - Evaluate best model on test data for horizon 11, Test MAE: 14.7033, Test RMSE: 25.9443, Test MAPE: 9.5566
2026-01-26 03:52:25,391 - easytorch-training - INFO - Evaluate best model on test data for horizon 12, Test MAE: 14.8674, Test RMSE: 26.1421, Test MAPE: 9.7959
2026-01-26 03:52:25,394 - easytorch-training - INFO - Result <test>: [test_time: 4.81 (s), test_MAE: 13.5886, test_RMSE: 23.7446, test_MAPE: 8.7939]
2026-01-26 03:52:25,796 - easytorch-training - INFO - Checkpoint checkpoints/STMAFNet_300/020df9ee7447a9cb965bf70236749dd4/STMAFNet_269.pt saved
2026-01-26 03:52:25,797 - easytorch-training - INFO - The estimated training finish time is 2026-01-26 05:21:55
2026-01-26 03:52:25,797 - easytorch-training - INFO - Epoch 270 / 300
2026-01-26 03:53:17,455 - easytorch-training - INFO - Result <train>: [train_time: 51.66 (s), lr: 6.25e-05, train_MAE: 11.8755, train_RMSE: 20.0466, train_MAPE: 7.9961]
2026-01-26 03:53:17,456 - easytorch-training - INFO - Start validation.
2026-01-26 03:53:22,392 - easytorch-training - INFO - Result <val>: [val_time: 4.94 (s), val_MAE: 13.6571, val_RMSE: 23.3962, val_MAPE: 10.8877]
2026-01-26 03:53:27,194 - easytorch-training - INFO - Evaluate best model on test data for horizon 1, Test MAE: 11.6509, Test RMSE: 19.3415, Test MAPE: 7.6188
2026-01-26 03:53:27,196 - easytorch-training - INFO - Evaluate best model on test data for horizon 2, Test MAE: 12.2226, Test RMSE: 20.6370, Test MAPE: 7.9010
2026-01-26 03:53:27,197 - easytorch-training - INFO - Evaluate best model on test data for horizon 3, Test MAE: 12.6534, Test RMSE: 21.6691, Test MAPE: 8.1588
2026-01-26 03:53:27,198 - easytorch-training - INFO - Evaluate best model on test data for horizon 4, Test MAE: 13.0251, Test RMSE: 22.5524, Test MAPE: 8.3963
2026-01-26 03:53:27,199 - easytorch-training - INFO - Evaluate best model on test data for horizon 5, Test MAE: 13.3302, Test RMSE: 23.2471, Test MAPE: 8.6182
2026-01-26 03:53:27,200 - easytorch-training - INFO - Evaluate best model on test data for horizon 6, Test MAE: 13.5979, Test RMSE: 23.8435, Test MAPE: 8.7504
2026-01-26 03:53:27,201 - easytorch-training - INFO - Evaluate best model on test data for horizon 7, Test MAE: 13.8602, Test RMSE: 24.3437, Test MAPE: 8.9467
2026-01-26 03:53:27,202 - easytorch-training - INFO - Evaluate best model on test data for horizon 8, Test MAE: 14.0778, Test RMSE: 24.7929, Test MAPE: 9.0673
2026-01-26 03:53:27,203 - easytorch-training - INFO - Evaluate best model on test data for horizon 9, Test MAE: 14.2718, Test RMSE: 25.1844, Test MAPE: 9.1698
2026-01-26 03:53:27,204 - easytorch-training - INFO - Evaluate best model on test data for horizon 10, Test MAE: 14.4774, Test RMSE: 25.5599, Test MAPE: 9.3294
2026-01-26 03:53:27,206 - easytorch-training - INFO - Evaluate best model on test data for horizon 11, Test MAE: 14.6512, Test RMSE: 25.8500, Test MAPE: 9.4798
2026-01-26 03:53:27,207 - easytorch-training - INFO - Evaluate best model on test data for horizon 12, Test MAE: 14.7969, Test RMSE: 26.0611, Test MAPE: 9.5918
2026-01-26 03:53:27,210 - easytorch-training - INFO - Result <test>: [test_time: 4.82 (s), test_MAE: 13.5513, test_RMSE: 23.6808, test_MAPE: 8.7524]
2026-01-26 03:53:27,614 - easytorch-training - INFO - Checkpoint checkpoints/STMAFNet_300/020df9ee7447a9cb965bf70236749dd4/STMAFNet_270.pt saved
2026-01-26 03:53:27,650 - easytorch-training - INFO - The estimated training finish time is 2026-01-26 05:19:52
2026-01-26 03:53:27,650 - easytorch-training - INFO - Epoch 271 / 300
2026-01-26 03:54:18,417 - easytorch-training - INFO - Result <train>: [train_time: 50.77 (s), lr: 6.25e-05, train_MAE: 11.8754, train_RMSE: 20.0496, train_MAPE: 7.9872]
2026-01-26 03:54:18,419 - easytorch-training - INFO - Start validation.
2026-01-26 03:54:23,364 - easytorch-training - INFO - Result <val>: [val_time: 4.94 (s), val_MAE: 13.7304, val_RMSE: 23.5054, val_MAPE: 11.1753]
2026-01-26 03:54:28,170 - easytorch-training - INFO - Evaluate best model on test data for horizon 1, Test MAE: 11.6478, Test RMSE: 19.3555, Test MAPE: 7.6649
2026-01-26 03:54:28,171 - easytorch-training - INFO - Evaluate best model on test data for horizon 2, Test MAE: 12.2285, Test RMSE: 20.6451, Test MAPE: 7.9550
2026-01-26 03:54:28,172 - easytorch-training - INFO - Evaluate best model on test data for horizon 3, Test MAE: 12.6855, Test RMSE: 21.6702, Test MAPE: 8.2966
2026-01-26 03:54:28,173 - easytorch-training - INFO - Evaluate best model on test data for horizon 4, Test MAE: 13.0839, Test RMSE: 22.5857, Test MAPE: 8.4260
2026-01-26 03:54:28,174 - easytorch-training - INFO - Evaluate best model on test data for horizon 5, Test MAE: 13.3983, Test RMSE: 23.3158, Test MAPE: 8.6213
2026-01-26 03:54:28,175 - easytorch-training - INFO - Evaluate best model on test data for horizon 6, Test MAE: 13.6707, Test RMSE: 23.9084, Test MAPE: 8.7957
2026-01-26 03:54:28,176 - easytorch-training - INFO - Evaluate best model on test data for horizon 7, Test MAE: 13.9276, Test RMSE: 24.4182, Test MAPE: 8.9593
2026-01-26 03:54:28,178 - easytorch-training - INFO - Evaluate best model on test data for horizon 8, Test MAE: 14.1700, Test RMSE: 24.8817, Test MAPE: 9.1270
2026-01-26 03:54:28,179 - easytorch-training - INFO - Evaluate best model on test data for horizon 9, Test MAE: 14.3798, Test RMSE: 25.2833, Test MAPE: 9.2786
2026-01-26 03:54:28,180 - easytorch-training - INFO - Evaluate best model on test data for horizon 10, Test MAE: 14.5565, Test RMSE: 25.5982, Test MAPE: 9.4144
2026-01-26 03:54:28,181 - easytorch-training - INFO - Evaluate best model on test data for horizon 11, Test MAE: 14.7434, Test RMSE: 25.9157, Test MAPE: 9.5915
2026-01-26 03:54:28,182 - easytorch-training - INFO - Evaluate best model on test data for horizon 12, Test MAE: 14.9044, Test RMSE: 26.1321, Test MAPE: 9.6477
2026-01-26 03:54:28,186 - easytorch-training - INFO - Result <test>: [test_time: 4.82 (s), test_MAE: 13.6164, test_RMSE: 23.7349, test_MAPE: 8.8148]
2026-01-26 03:54:28,589 - easytorch-training - INFO - Checkpoint checkpoints/STMAFNet_300/020df9ee7447a9cb965bf70236749dd4/STMAFNet_271.pt saved
2026-01-26 03:54:28,590 - easytorch-training - INFO - The estimated training finish time is 2026-01-26 05:17:48
2026-01-26 03:54:28,590 - easytorch-training - INFO - Epoch 272 / 300
2026-01-26 03:55:20,784 - easytorch-training - INFO - Result <train>: [train_time: 52.19 (s), lr: 6.25e-05, train_MAE: 11.8732, train_RMSE: 20.0415, train_MAPE: 7.9831]
2026-01-26 03:55:20,785 - easytorch-training - INFO - Start validation.
2026-01-26 03:55:25,696 - easytorch-training - INFO - Result <val>: [val_time: 4.91 (s), val_MAE: 13.7120, val_RMSE: 23.5156, val_MAPE: 11.0639]
2026-01-26 03:55:30,492 - easytorch-training - INFO - Evaluate best model on test data for horizon 1, Test MAE: 11.6596, Test RMSE: 19.3449, Test MAPE: 7.6818
2026-01-26 03:55:30,493 - easytorch-training - INFO - Evaluate best model on test data for horizon 2, Test MAE: 12.2096, Test RMSE: 20.6362, Test MAPE: 7.9264
2026-01-26 03:55:30,494 - easytorch-training - INFO - Evaluate best model on test data for horizon 3, Test MAE: 12.6804, Test RMSE: 21.7027, Test MAPE: 8.1792
2026-01-26 03:55:30,495 - easytorch-training - INFO - Evaluate best model on test data for horizon 4, Test MAE: 13.0597, Test RMSE: 22.5801, Test MAPE: 8.4066
2026-01-26 03:55:30,496 - easytorch-training - INFO - Evaluate best model on test data for horizon 5, Test MAE: 13.3636, Test RMSE: 23.2656, Test MAPE: 8.6471
2026-01-26 03:55:30,497 - easytorch-training - INFO - Evaluate best model on test data for horizon 6, Test MAE: 13.6252, Test RMSE: 23.8318, Test MAPE: 8.7982
2026-01-26 03:55:30,499 - easytorch-training - INFO - Evaluate best model on test data for horizon 7, Test MAE: 13.8847, Test RMSE: 24.3434, Test MAPE: 8.9597
2026-01-26 03:55:30,500 - easytorch-training - INFO - Evaluate best model on test data for horizon 8, Test MAE: 14.1322, Test RMSE: 24.8368, Test MAPE: 9.1190
2026-01-26 03:55:30,501 - easytorch-training - INFO - Evaluate best model on test data for horizon 9, Test MAE: 14.3472, Test RMSE: 25.2478, Test MAPE: 9.2263
2026-01-26 03:55:30,502 - easytorch-training - INFO - Evaluate best model on test data for horizon 10, Test MAE: 14.5389, Test RMSE: 25.5954, Test MAPE: 9.3699
2026-01-26 03:55:30,503 - easytorch-training - INFO - Evaluate best model on test data for horizon 11, Test MAE: 14.7067, Test RMSE: 25.8821, Test MAPE: 9.5257
2026-01-26 03:55:30,504 - easytorch-training - INFO - Evaluate best model on test data for horizon 12, Test MAE: 14.8665, Test RMSE: 26.0961, Test MAPE: 9.6381
2026-01-26 03:55:30,508 - easytorch-training - INFO - Result <test>: [test_time: 4.81 (s), test_MAE: 13.5895, test_RMSE: 23.7050, test_MAPE: 8.7898]
2026-01-26 03:55:30,915 - easytorch-training - INFO - Checkpoint checkpoints/STMAFNet_300/020df9ee7447a9cb965bf70236749dd4/STMAFNet_272.pt saved
2026-01-26 03:55:30,916 - easytorch-training - INFO - The estimated training finish time is 2026-01-26 05:15:46
2026-01-26 03:55:30,917 - easytorch-training - INFO - Epoch 273 / 300
2026-01-26 03:56:21,406 - easytorch-training - INFO - Result <train>: [train_time: 50.49 (s), lr: 6.25e-05, train_MAE: 11.8638, train_RMSE: 20.0310, train_MAPE: 7.9892]
2026-01-26 03:56:21,407 - easytorch-training - INFO - Start validation.
2026-01-26 03:56:26,313 - easytorch-training - INFO - Result <val>: [val_time: 4.91 (s), val_MAE: 13.7497, val_RMSE: 23.6078, val_MAPE: 11.1764]
2026-01-26 03:56:31,109 - easytorch-training - INFO - Evaluate best model on test data for horizon 1, Test MAE: 11.6531, Test RMSE: 19.3763, Test MAPE: 7.5728
2026-01-26 03:56:31,110 - easytorch-training - INFO - Evaluate best model on test data for horizon 2, Test MAE: 12.2497, Test RMSE: 20.7127, Test MAPE: 7.9674
2026-01-26 03:56:31,111 - easytorch-training - INFO - Evaluate best model on test data for horizon 3, Test MAE: 12.7452, Test RMSE: 21.8089, Test MAPE: 8.2189
2026-01-26 03:56:31,112 - easytorch-training - INFO - Evaluate best model on test data for horizon 4, Test MAE: 13.1268, Test RMSE: 22.7001, Test MAPE: 8.4265
2026-01-26 03:56:31,113 - easytorch-training - INFO - Evaluate best model on test data for horizon 5, Test MAE: 13.4118, Test RMSE: 23.3888, Test MAPE: 8.6075
2026-01-26 03:56:31,114 - easytorch-training - INFO - Evaluate best model on test data for horizon 6, Test MAE: 13.6876, Test RMSE: 23.9662, Test MAPE: 8.7855
2026-01-26 03:56:31,115 - easytorch-training - INFO - Evaluate best model on test data for horizon 7, Test MAE: 13.9082, Test RMSE: 24.4480, Test MAPE: 8.9590
2026-01-26 03:56:31,116 - easytorch-training - INFO - Evaluate best model on test data for horizon 8, Test MAE: 14.1460, Test RMSE: 24.9233, Test MAPE: 9.1104
2026-01-26 03:56:31,118 - easytorch-training - INFO - Evaluate best model on test data for horizon 9, Test MAE: 14.3749, Test RMSE: 25.3357, Test MAPE: 9.2294
2026-01-26 03:56:31,119 - easytorch-training - INFO - Evaluate best model on test data for horizon 10, Test MAE: 14.5877, Test RMSE: 25.7188, Test MAPE: 9.3872
2026-01-26 03:56:31,120 - easytorch-training - INFO - Evaluate best model on test data for horizon 11, Test MAE: 14.7482, Test RMSE: 26.0032, Test MAPE: 9.5207
2026-01-26 03:56:31,121 - easytorch-training - INFO - Evaluate best model on test data for horizon 12, Test MAE: 14.9218, Test RMSE: 26.2442, Test MAPE: 9.6731
2026-01-26 03:56:31,125 - easytorch-training - INFO - Result <test>: [test_time: 4.81 (s), test_MAE: 13.6301, test_RMSE: 23.8117, test_MAPE: 8.7882]
2026-01-26 03:56:31,537 - easytorch-training - INFO - Checkpoint checkpoints/STMAFNet_300/020df9ee7447a9cb965bf70236749dd4/STMAFNet_273.pt saved
2026-01-26 03:56:31,538 - easytorch-training - INFO - The estimated training finish time is 2026-01-26 05:13:44
2026-01-26 03:56:31,538 - easytorch-training - INFO - Epoch 274 / 300
2026-01-26 03:57:23,901 - easytorch-training - INFO - Result <train>: [train_time: 52.36 (s), lr: 6.25e-05, train_MAE: 11.8640, train_RMSE: 20.0387, train_MAPE: 7.9834]
2026-01-26 03:57:23,903 - easytorch-training - INFO - Start validation.
2026-01-26 03:57:28,838 - easytorch-training - INFO - Result <val>: [val_time: 4.93 (s), val_MAE: 13.6766, val_RMSE: 23.4166, val_MAPE: 10.8036]
2026-01-26 03:57:33,647 - easytorch-training - INFO - Evaluate best model on test data for horizon 1, Test MAE: 11.6502, Test RMSE: 19.3266, Test MAPE: 7.8139
2026-01-26 03:57:33,648 - easytorch-training - INFO - Evaluate best model on test data for horizon 2, Test MAE: 12.2221, Test RMSE: 20.6405, Test MAPE: 8.0465
2026-01-26 03:57:33,650 - easytorch-training - INFO - Evaluate best model on test data for horizon 3, Test MAE: 12.6799, Test RMSE: 21.6830, Test MAPE: 8.2400
2026-01-26 03:57:33,651 - easytorch-training - INFO - Evaluate best model on test data for horizon 4, Test MAE: 13.0710, Test RMSE: 22.5837, Test MAPE: 8.5121
2026-01-26 03:57:33,652 - easytorch-training - INFO - Evaluate best model on test data for horizon 5, Test MAE: 13.3818, Test RMSE: 23.2923, Test MAPE: 8.5661
2026-01-26 03:57:33,653 - easytorch-training - INFO - Evaluate best model on test data for horizon 6, Test MAE: 13.6295, Test RMSE: 23.8290, Test MAPE: 8.8518
2026-01-26 03:57:33,654 - easytorch-training - INFO - Evaluate best model on test data for horizon 7, Test MAE: 13.8736, Test RMSE: 24.3088, Test MAPE: 8.9557
2026-01-26 03:57:33,655 - easytorch-training - INFO - Evaluate best model on test data for horizon 8, Test MAE: 14.0933, Test RMSE: 24.7500, Test MAPE: 9.1074
2026-01-26 03:57:33,656 - easytorch-training - INFO - Evaluate best model on test data for horizon 9, Test MAE: 14.3220, Test RMSE: 25.1648, Test MAPE: 9.2126
2026-01-26 03:57:33,657 - easytorch-training - INFO - Evaluate best model on test data for horizon 10, Test MAE: 14.5052, Test RMSE: 25.5033, Test MAPE: 9.3360
2026-01-26 03:57:33,658 - easytorch-training - INFO - Evaluate best model on test data for horizon 11, Test MAE: 14.6788, Test RMSE: 25.8167, Test MAPE: 9.4761
2026-01-26 03:57:33,659 - easytorch-training - INFO - Evaluate best model on test data for horizon 12, Test MAE: 14.8443, Test RMSE: 26.0567, Test MAPE: 9.5972
2026-01-26 03:57:33,663 - easytorch-training - INFO - Result <test>: [test_time: 4.82 (s), test_MAE: 13.5793, test_RMSE: 23.6690, test_MAPE: 8.8096]
2026-01-26 03:57:34,063 - easytorch-training - INFO - Checkpoint checkpoints/STMAFNet_300/020df9ee7447a9cb965bf70236749dd4/STMAFNet_274.pt saved
2026-01-26 03:57:34,064 - easytorch-training - INFO - The estimated training finish time is 2026-01-26 05:11:45
2026-01-26 03:57:34,064 - easytorch-training - INFO - Epoch 275 / 300
2026-01-26 03:58:25,101 - easytorch-training - INFO - Result <train>: [train_time: 51.04 (s), lr: 6.25e-05, train_MAE: 11.8581, train_RMSE: 20.0232, train_MAPE: 7.9872]
2026-01-26 03:58:25,102 - easytorch-training - INFO - Start validation.
2026-01-26 03:58:30,035 - easytorch-training - INFO - Result <val>: [val_time: 4.93 (s), val_MAE: 13.7174, val_RMSE: 23.5324, val_MAPE: 11.0719]
2026-01-26 03:58:34,850 - easytorch-training - INFO - Evaluate best model on test data for horizon 1, Test MAE: 11.6535, Test RMSE: 19.3520, Test MAPE: 7.5868
2026-01-26 03:58:34,851 - easytorch-training - INFO - Evaluate best model on test data for horizon 2, Test MAE: 12.2392, Test RMSE: 20.6657, Test MAPE: 7.9639
2026-01-26 03:58:34,852 - easytorch-training - INFO - Evaluate best model on test data for horizon 3, Test MAE: 12.6875, Test RMSE: 21.7045, Test MAPE: 8.1842
2026-01-26 03:58:34,853 - easytorch-training - INFO - Evaluate best model on test data for horizon 4, Test MAE: 13.0724, Test RMSE: 22.5933, Test MAPE: 8.4035
2026-01-26 03:58:34,854 - easytorch-training - INFO - Evaluate best model on test data for horizon 5, Test MAE: 13.3733, Test RMSE: 23.2873, Test MAPE: 8.6257
2026-01-26 03:58:34,855 - easytorch-training - INFO - Evaluate best model on test data for horizon 6, Test MAE: 13.6289, Test RMSE: 23.8611, Test MAPE: 8.7900
2026-01-26 03:58:34,856 - easytorch-training - INFO - Evaluate best model on test data for horizon 7, Test MAE: 13.8926, Test RMSE: 24.4134, Test MAPE: 8.9662
2026-01-26 03:58:34,858 - easytorch-training - INFO - Evaluate best model on test data for horizon 8, Test MAE: 14.1084, Test RMSE: 24.8634, Test MAPE: 9.1011
2026-01-26 03:58:34,859 - easytorch-training - INFO - Evaluate best model on test data for horizon 9, Test MAE: 14.3369, Test RMSE: 25.2900, Test MAPE: 9.2559
2026-01-26 03:58:34,860 - easytorch-training - INFO - Evaluate best model on test data for horizon 10, Test MAE: 14.5080, Test RMSE: 25.6306, Test MAPE: 9.3723
2026-01-26 03:58:34,861 - easytorch-training - INFO - Evaluate best model on test data for horizon 11, Test MAE: 14.6865, Test RMSE: 25.9220, Test MAPE: 9.5152
2026-01-26 03:58:34,862 - easytorch-training - INFO - Evaluate best model on test data for horizon 12, Test MAE: 14.8629, Test RMSE: 26.1829, Test MAPE: 9.6765
2026-01-26 03:58:34,866 - easytorch-training - INFO - Result <test>: [test_time: 4.83 (s), test_MAE: 13.5875, test_RMSE: 23.7399, test_MAPE: 8.7868]
2026-01-26 03:58:35,269 - easytorch-training - INFO - Checkpoint checkpoints/STMAFNet_300/020df9ee7447a9cb965bf70236749dd4/STMAFNet_275.pt saved
2026-01-26 03:58:35,270 - easytorch-training - INFO - The estimated training finish time is 2026-01-26 05:09:45
2026-01-26 03:58:35,270 - easytorch-training - INFO - Epoch 276 / 300
2026-01-26 03:59:27,090 - easytorch-training - INFO - Result <train>: [train_time: 51.82 (s), lr: 6.25e-05, train_MAE: 11.8562, train_RMSE: 20.0140, train_MAPE: 7.9712]
2026-01-26 03:59:27,091 - easytorch-training - INFO - Start validation.
2026-01-26 03:59:32,046 - easytorch-training - INFO - Result <val>: [val_time: 4.95 (s), val_MAE: 13.6959, val_RMSE: 23.4899, val_MAPE: 11.1194]
2026-01-26 03:59:36,858 - easytorch-training - INFO - Evaluate best model on test data for horizon 1, Test MAE: 11.6495, Test RMSE: 19.3372, Test MAPE: 7.6807
2026-01-26 03:59:36,859 - easytorch-training - INFO - Evaluate best model on test data for horizon 2, Test MAE: 12.2153, Test RMSE: 20.6274, Test MAPE: 7.9945
2026-01-26 03:59:36,860 - easytorch-training - INFO - Evaluate best model on test data for horizon 3, Test MAE: 12.6785, Test RMSE: 21.7089, Test MAPE: 8.2824
2026-01-26 03:59:36,861 - easytorch-training - INFO - Evaluate best model on test data for horizon 4, Test MAE: 13.0569, Test RMSE: 22.6002, Test MAPE: 8.3998
2026-01-26 03:59:36,862 - easytorch-training - INFO - Evaluate best model on test data for horizon 5, Test MAE: 13.3607, Test RMSE: 23.3109, Test MAPE: 8.6338
2026-01-26 03:59:36,863 - easytorch-training - INFO - Evaluate best model on test data for horizon 6, Test MAE: 13.6339, Test RMSE: 23.9477, Test MAPE: 8.8077
2026-01-26 03:59:36,865 - easytorch-training - INFO - Evaluate best model on test data for horizon 7, Test MAE: 13.8859, Test RMSE: 24.4398, Test MAPE: 8.9591
2026-01-26 03:59:36,866 - easytorch-training - INFO - Evaluate best model on test data for horizon 8, Test MAE: 14.1245, Test RMSE: 24.8959, Test MAPE: 9.1221
2026-01-26 03:59:36,867 - easytorch-training - INFO - Evaluate best model on test data for horizon 9, Test MAE: 14.3429, Test RMSE: 25.3084, Test MAPE: 9.3019
2026-01-26 03:59:36,868 - easytorch-training - INFO - Evaluate best model on test data for horizon 10, Test MAE: 14.5305, Test RMSE: 25.6139, Test MAPE: 9.5037
2026-01-26 03:59:36,869 - easytorch-training - INFO - Evaluate best model on test data for horizon 11, Test MAE: 14.7024, Test RMSE: 25.9101, Test MAPE: 9.5828
2026-01-26 03:59:36,870 - easytorch-training - INFO - Evaluate best model on test data for horizon 12, Test MAE: 14.8715, Test RMSE: 26.1502, Test MAPE: 9.7034
2026-01-26 03:59:36,874 - easytorch-training - INFO - Result <test>: [test_time: 4.83 (s), test_MAE: 13.5877, test_RMSE: 23.7473, test_MAPE: 8.8310]
2026-01-26 03:59:37,274 - easytorch-training - INFO - Checkpoint checkpoints/STMAFNet_300/020df9ee7447a9cb965bf70236749dd4/STMAFNet_276.pt saved
2026-01-26 03:59:37,275 - easytorch-training - INFO - The estimated training finish time is 2026-01-26 05:07:46
2026-01-26 03:59:37,275 - easytorch-training - INFO - Epoch 277 / 300
2026-01-26 04:00:28,821 - easytorch-training - INFO - Result <train>: [train_time: 51.55 (s), lr: 6.25e-05, train_MAE: 11.8566, train_RMSE: 20.0086, train_MAPE: 7.9762]
2026-01-26 04:00:28,822 - easytorch-training - INFO - Start validation.
2026-01-26 04:00:33,761 - easytorch-training - INFO - Result <val>: [val_time: 4.94 (s), val_MAE: 13.7100, val_RMSE: 23.4879, val_MAPE: 10.9748]
2026-01-26 04:00:38,608 - easytorch-training - INFO - Evaluate best model on test data for horizon 1, Test MAE: 11.6769, Test RMSE: 19.3719, Test MAPE: 7.7785
2026-01-26 04:00:38,609 - easytorch-training - INFO - Evaluate best model on test data for horizon 2, Test MAE: 12.2389, Test RMSE: 20.6699, Test MAPE: 8.0939
2026-01-26 04:00:38,610 - easytorch-training - INFO - Evaluate best model on test data for horizon 3, Test MAE: 12.6923, Test RMSE: 21.6995, Test MAPE: 8.3046
2026-01-26 04:00:38,612 - easytorch-training - INFO - Evaluate best model on test data for horizon 4, Test MAE: 13.0716, Test RMSE: 22.5700, Test MAPE: 8.4766
2026-01-26 04:00:38,613 - easytorch-training - INFO - Evaluate best model on test data for horizon 5, Test MAE: 13.3736, Test RMSE: 23.2642, Test MAPE: 8.6327
2026-01-26 04:00:38,614 - easytorch-training - INFO - Evaluate best model on test data for horizon 6, Test MAE: 13.6434, Test RMSE: 23.8729, Test MAPE: 8.7692
2026-01-26 04:00:38,616 - easytorch-training - INFO - Evaluate best model on test data for horizon 7, Test MAE: 13.9009, Test RMSE: 24.3946, Test MAPE: 8.9478
2026-01-26 04:00:38,617 - easytorch-training - INFO - Evaluate best model on test data for horizon 8, Test MAE: 14.1200, Test RMSE: 24.8578, Test MAPE: 9.0745
2026-01-26 04:00:38,618 - easytorch-training - INFO - Evaluate best model on test data for horizon 9, Test MAE: 14.3681, Test RMSE: 25.2989, Test MAPE: 9.3429
2026-01-26 04:00:38,619 - easytorch-training - INFO - Evaluate best model on test data for horizon 10, Test MAE: 14.5371, Test RMSE: 25.6412, Test MAPE: 9.3783
2026-01-26 04:00:38,621 - easytorch-training - INFO - Evaluate best model on test data for horizon 11, Test MAE: 14.7323, Test RMSE: 25.9695, Test MAPE: 9.5808
2026-01-26 04:00:38,622 - easytorch-training - INFO - Evaluate best model on test data for horizon 12, Test MAE: 14.8700, Test RMSE: 26.1927, Test MAPE: 9.6148
2026-01-26 04:00:38,626 - easytorch-training - INFO - Result <test>: [test_time: 4.86 (s), test_MAE: 13.6021, test_RMSE: 23.7433, test_MAPE: 8.8329]
2026-01-26 04:00:39,049 - easytorch-training - INFO - Checkpoint checkpoints/STMAFNet_300/020df9ee7447a9cb965bf70236749dd4/STMAFNet_277.pt saved
2026-01-26 04:00:39,050 - easytorch-training - INFO - The estimated training finish time is 2026-01-26 05:05:49
2026-01-26 04:00:39,050 - easytorch-training - INFO - Epoch 278 / 300
2026-01-26 04:01:30,212 - easytorch-training - INFO - Result <train>: [train_time: 51.16 (s), lr: 6.25e-05, train_MAE: 11.8527, train_RMSE: 20.0101, train_MAPE: 7.9878]
2026-01-26 04:01:30,213 - easytorch-training - INFO - Start validation.
2026-01-26 04:01:35,165 - easytorch-training - INFO - Result <val>: [val_time: 4.95 (s), val_MAE: 13.6985, val_RMSE: 23.4958, val_MAPE: 10.9860]
2026-01-26 04:01:39,979 - easytorch-training - INFO - Evaluate best model on test data for horizon 1, Test MAE: 11.6436, Test RMSE: 19.3508, Test MAPE: 7.6046
2026-01-26 04:01:39,981 - easytorch-training - INFO - Evaluate best model on test data for horizon 2, Test MAE: 12.2163, Test RMSE: 20.6704, Test MAPE: 7.9053
2026-01-26 04:01:39,982 - easytorch-training - INFO - Evaluate best model on test data for horizon 3, Test MAE: 12.6807, Test RMSE: 21.7266, Test MAPE: 8.1652
2026-01-26 04:01:39,983 - easytorch-training - INFO - Evaluate best model on test data for horizon 4, Test MAE: 13.0623, Test RMSE: 22.5849, Test MAPE: 8.4067
2026-01-26 04:01:39,984 - easytorch-training - INFO - Evaluate best model on test data for horizon 5, Test MAE: 13.3609, Test RMSE: 23.2752, Test MAPE: 8.6202
2026-01-26 04:01:39,985 - easytorch-training - INFO - Evaluate best model on test data for horizon 6, Test MAE: 13.6291, Test RMSE: 23.8705, Test MAPE: 8.7794
2026-01-26 04:01:39,986 - easytorch-training - INFO - Evaluate best model on test data for horizon 7, Test MAE: 13.8913, Test RMSE: 24.4062, Test MAPE: 8.9131
2026-01-26 04:01:39,987 - easytorch-training - INFO - Evaluate best model on test data for horizon 8, Test MAE: 14.1391, Test RMSE: 24.8842, Test MAPE: 9.1515
2026-01-26 04:01:39,988 - easytorch-training - INFO - Evaluate best model on test data for horizon 9, Test MAE: 14.3281, Test RMSE: 25.2768, Test MAPE: 9.2530
2026-01-26 04:01:39,989 - easytorch-training - INFO - Evaluate best model on test data for horizon 10, Test MAE: 14.5259, Test RMSE: 25.5940, Test MAPE: 9.3800
2026-01-26 04:01:39,990 - easytorch-training - INFO - Evaluate best model on test data for horizon 11, Test MAE: 14.6885, Test RMSE: 25.8729, Test MAPE: 9.5257
2026-01-26 04:01:39,991 - easytorch-training - INFO - Evaluate best model on test data for horizon 12, Test MAE: 14.8466, Test RMSE: 26.0677, Test MAPE: 9.6661
2026-01-26 04:01:39,995 - easytorch-training - INFO - Result <test>: [test_time: 4.83 (s), test_MAE: 13.5844, test_RMSE: 23.7226, test_MAPE: 8.7809]
2026-01-26 04:01:40,397 - easytorch-training - INFO - Checkpoint checkpoints/STMAFNet_300/020df9ee7447a9cb965bf70236749dd4/STMAFNet_278.pt saved
2026-01-26 04:01:40,398 - easytorch-training - INFO - The estimated training finish time is 2026-01-26 05:03:51
2026-01-26 04:01:40,398 - easytorch-training - INFO - Epoch 279 / 300
2026-01-26 04:02:30,860 - easytorch-training - INFO - Result <train>: [train_time: 50.46 (s), lr: 6.25e-05, train_MAE: 11.8436, train_RMSE: 19.9874, train_MAPE: 7.9691]
2026-01-26 04:02:30,861 - easytorch-training - INFO - Start validation.
2026-01-26 04:02:35,778 - easytorch-training - INFO - Result <val>: [val_time: 4.92 (s), val_MAE: 13.7407, val_RMSE: 23.5563, val_MAPE: 11.0791]
2026-01-26 04:02:40,633 - easytorch-training - INFO - Evaluate best model on test data for horizon 1, Test MAE: 11.6605, Test RMSE: 19.3497, Test MAPE: 7.7918
2026-01-26 04:02:40,635 - easytorch-training - INFO - Evaluate best model on test data for horizon 2, Test MAE: 12.2494, Test RMSE: 20.6758, Test MAPE: 8.0105
2026-01-26 04:02:40,636 - easytorch-training - INFO - Evaluate best model on test data for horizon 3, Test MAE: 12.7102, Test RMSE: 21.7197, Test MAPE: 8.2557
2026-01-26 04:02:40,638 - easytorch-training - INFO - Evaluate best model on test data for horizon 4, Test MAE: 13.0903, Test RMSE: 22.5822, Test MAPE: 8.5325
2026-01-26 04:02:40,639 - easytorch-training - INFO - Evaluate best model on test data for horizon 5, Test MAE: 13.4035, Test RMSE: 23.2949, Test MAPE: 8.6798
2026-01-26 04:02:40,640 - easytorch-training - INFO - Evaluate best model on test data for horizon 6, Test MAE: 13.6858, Test RMSE: 23.8957, Test MAPE: 8.9367
2026-01-26 04:02:40,641 - easytorch-training - INFO - Evaluate best model on test data for horizon 7, Test MAE: 13.9138, Test RMSE: 24.4040, Test MAPE: 9.0050
2026-01-26 04:02:40,642 - easytorch-training - INFO - Evaluate best model on test data for horizon 8, Test MAE: 14.1376, Test RMSE: 24.8601, Test MAPE: 9.0875
2026-01-26 04:02:40,643 - easytorch-training - INFO - Evaluate best model on test data for horizon 9, Test MAE: 14.3498, Test RMSE: 25.2408, Test MAPE: 9.2397
2026-01-26 04:02:40,644 - easytorch-training - INFO - Evaluate best model on test data for horizon 10, Test MAE: 14.5192, Test RMSE: 25.5641, Test MAPE: 9.3673
2026-01-26 04:02:40,645 - easytorch-training - INFO - Evaluate best model on test data for horizon 11, Test MAE: 14.7067, Test RMSE: 25.9072, Test MAPE: 9.4904
2026-01-26 04:02:40,646 - easytorch-training - INFO - Evaluate best model on test data for horizon 12, Test MAE: 14.8638, Test RMSE: 26.1305, Test MAPE: 9.6218
2026-01-26 04:02:40,650 - easytorch-training - INFO - Result <test>: [test_time: 4.87 (s), test_MAE: 13.6076, test_RMSE: 23.7266, test_MAPE: 8.8349]
2026-01-26 04:02:41,051 - easytorch-training - INFO - Checkpoint checkpoints/STMAFNet_300/020df9ee7447a9cb965bf70236749dd4/STMAFNet_279.pt saved
2026-01-26 04:02:41,052 - easytorch-training - INFO - The estimated training finish time is 2026-01-26 05:01:54
2026-01-26 04:02:41,052 - easytorch-training - INFO - Epoch 280 / 300
2026-01-26 04:03:32,100 - easytorch-training - INFO - Result <train>: [train_time: 51.05 (s), lr: 6.25e-05, train_MAE: 11.8479, train_RMSE: 19.9944, train_MAPE: 7.9727]
2026-01-26 04:03:32,101 - easytorch-training - INFO - Start validation.
2026-01-26 04:03:37,158 - easytorch-training - INFO - Result <val>: [val_time: 5.06 (s), val_MAE: 13.7297, val_RMSE: 23.5358, val_MAPE: 11.1354]
2026-01-26 04:03:42,059 - easytorch-training - INFO - Evaluate best model on test data for horizon 1, Test MAE: 11.6517, Test RMSE: 19.3565, Test MAPE: 7.5762
2026-01-26 04:03:42,061 - easytorch-training - INFO - Evaluate best model on test data for horizon 2, Test MAE: 12.2303, Test RMSE: 20.6750, Test MAPE: 7.9678
2026-01-26 04:03:42,062 - easytorch-training - INFO - Evaluate best model on test data for horizon 3, Test MAE: 12.6781, Test RMSE: 21.7279, Test MAPE: 8.1801
2026-01-26 04:03:42,064 - easytorch-training - INFO - Evaluate best model on test data for horizon 4, Test MAE: 13.0744, Test RMSE: 22.6141, Test MAPE: 8.4249
2026-01-26 04:03:42,065 - easytorch-training - INFO - Evaluate best model on test data for horizon 5, Test MAE: 13.3706, Test RMSE: 23.2695, Test MAPE: 8.6444
2026-01-26 04:03:42,066 - easytorch-training - INFO - Evaluate best model on test data for horizon 6, Test MAE: 13.6176, Test RMSE: 23.8507, Test MAPE: 8.7993
2026-01-26 04:03:42,067 - easytorch-training - INFO - Evaluate best model on test data for horizon 7, Test MAE: 13.8908, Test RMSE: 24.3444, Test MAPE: 8.9543
2026-01-26 04:03:42,069 - easytorch-training - INFO - Evaluate best model on test data for horizon 8, Test MAE: 14.1225, Test RMSE: 24.7943, Test MAPE: 9.1083
2026-01-26 04:03:42,070 - easytorch-training - INFO - Evaluate best model on test data for horizon 9, Test MAE: 14.3296, Test RMSE: 25.1821, Test MAPE: 9.2718
2026-01-26 04:03:42,071 - easytorch-training - INFO - Evaluate best model on test data for horizon 10, Test MAE: 14.5115, Test RMSE: 25.5532, Test MAPE: 9.3782
2026-01-26 04:03:42,073 - easytorch-training - INFO - Evaluate best model on test data for horizon 11, Test MAE: 14.6908, Test RMSE: 25.8622, Test MAPE: 9.5223
2026-01-26 04:03:42,074 - easytorch-training - INFO - Evaluate best model on test data for horizon 12, Test MAE: 14.8459, Test RMSE: 26.0794, Test MAPE: 9.6462
2026-01-26 04:03:42,078 - easytorch-training - INFO - Result <test>: [test_time: 4.92 (s), test_MAE: 13.5845, test_RMSE: 23.6985, test_MAPE: 8.7895]
2026-01-26 04:03:42,500 - easytorch-training - INFO - Checkpoint checkpoints/STMAFNet_300/020df9ee7447a9cb965bf70236749dd4/STMAFNet_280.pt saved
2026-01-26 04:03:42,537 - easytorch-training - INFO - The estimated training finish time is 2026-01-26 04:59:59
2026-01-26 04:03:42,537 - easytorch-training - INFO - Epoch 281 / 300
2026-01-26 04:04:34,572 - easytorch-training - INFO - Result <train>: [train_time: 52.04 (s), lr: 6.25e-05, train_MAE: 11.8438, train_RMSE: 19.9906, train_MAPE: 7.9645]
2026-01-26 04:04:34,574 - easytorch-training - INFO - Start validation.
2026-01-26 04:04:39,553 - easytorch-training - INFO - Result <val>: [val_time: 4.98 (s), val_MAE: 13.7170, val_RMSE: 23.5237, val_MAPE: 10.8739]
2026-01-26 04:04:44,364 - easytorch-training - INFO - Evaluate best model on test data for horizon 1, Test MAE: 11.6429, Test RMSE: 19.3607, Test MAPE: 7.5934
2026-01-26 04:04:44,365 - easytorch-training - INFO - Evaluate best model on test data for horizon 2, Test MAE: 12.2239, Test RMSE: 20.6495, Test MAPE: 7.9261
2026-01-26 04:04:44,366 - easytorch-training - INFO - Evaluate best model on test data for horizon 3, Test MAE: 12.6805, Test RMSE: 21.6891, Test MAPE: 8.1849
2026-01-26 04:04:44,367 - easytorch-training - INFO - Evaluate best model on test data for horizon 4, Test MAE: 13.0792, Test RMSE: 22.6099, Test MAPE: 8.4052
2026-01-26 04:04:44,368 - easytorch-training - INFO - Evaluate best model on test data for horizon 5, Test MAE: 13.3715, Test RMSE: 23.2771, Test MAPE: 8.5646
2026-01-26 04:04:44,369 - easytorch-training - INFO - Evaluate best model on test data for horizon 6, Test MAE: 13.6377, Test RMSE: 23.8693, Test MAPE: 8.7387
2026-01-26 04:04:44,370 - easytorch-training - INFO - Evaluate best model on test data for horizon 7, Test MAE: 13.8940, Test RMSE: 24.4018, Test MAPE: 8.9404
2026-01-26 04:04:44,371 - easytorch-training - INFO - Evaluate best model on test data for horizon 8, Test MAE: 14.1366, Test RMSE: 24.8764, Test MAPE: 9.1886
2026-01-26 04:04:44,373 - easytorch-training - INFO - Evaluate best model on test data for horizon 9, Test MAE: 14.3520, Test RMSE: 25.2643, Test MAPE: 9.2759
2026-01-26 04:04:44,374 - easytorch-training - INFO - Evaluate best model on test data for horizon 10, Test MAE: 14.5360, Test RMSE: 25.6109, Test MAPE: 9.3972
2026-01-26 04:04:44,375 - easytorch-training - INFO - Evaluate best model on test data for horizon 11, Test MAE: 14.7228, Test RMSE: 25.9127, Test MAPE: 9.5714
2026-01-26 04:04:44,376 - easytorch-training - INFO - Evaluate best model on test data for horizon 12, Test MAE: 14.8740, Test RMSE: 26.1198, Test MAPE: 9.6393
2026-01-26 04:04:44,380 - easytorch-training - INFO - Result <test>: [test_time: 4.83 (s), test_MAE: 13.5959, test_RMSE: 23.7287, test_MAPE: 8.7855]
2026-01-26 04:04:44,780 - easytorch-training - INFO - Checkpoint checkpoints/STMAFNet_300/020df9ee7447a9cb965bf70236749dd4/STMAFNet_281.pt saved
2026-01-26 04:04:44,781 - easytorch-training - INFO - The estimated training finish time is 2026-01-26 04:58:05
2026-01-26 04:04:44,781 - easytorch-training - INFO - Epoch 282 / 300
2026-01-26 04:05:35,863 - easytorch-training - INFO - Result <train>: [train_time: 51.08 (s), lr: 6.25e-05, train_MAE: 11.8373, train_RMSE: 19.9782, train_MAPE: 7.9675]
2026-01-26 04:05:35,864 - easytorch-training - INFO - Start validation.
2026-01-26 04:05:40,859 - easytorch-training - INFO - Result <val>: [val_time: 4.99 (s), val_MAE: 13.7441, val_RMSE: 23.5720, val_MAPE: 11.0451]
2026-01-26 04:05:45,666 - easytorch-training - INFO - Evaluate best model on test data for horizon 1, Test MAE: 11.6652, Test RMSE: 19.4134, Test MAPE: 7.5962
2026-01-26 04:05:45,668 - easytorch-training - INFO - Evaluate best model on test data for horizon 2, Test MAE: 12.2410, Test RMSE: 20.7196, Test MAPE: 7.9044
2026-01-26 04:05:45,669 - easytorch-training - INFO - Evaluate best model on test data for horizon 3, Test MAE: 12.7158, Test RMSE: 21.7741, Test MAPE: 8.1971
2026-01-26 04:05:45,670 - easytorch-training - INFO - Evaluate best model on test data for horizon 4, Test MAE: 13.0953, Test RMSE: 22.6487, Test MAPE: 8.3722
2026-01-26 04:05:45,671 - easytorch-training - INFO - Evaluate best model on test data for horizon 5, Test MAE: 13.4316, Test RMSE: 23.3824, Test MAPE: 8.5941
2026-01-26 04:05:45,672 - easytorch-training - INFO - Evaluate best model on test data for horizon 6, Test MAE: 13.6887, Test RMSE: 23.9552, Test MAPE: 8.7629
2026-01-26 04:05:45,673 - easytorch-training - INFO - Evaluate best model on test data for horizon 7, Test MAE: 13.9439, Test RMSE: 24.4601, Test MAPE: 8.9332
2026-01-26 04:05:45,674 - easytorch-training - INFO - Evaluate best model on test data for horizon 8, Test MAE: 14.1573, Test RMSE: 24.8963, Test MAPE: 9.0663
2026-01-26 04:05:45,675 - easytorch-training - INFO - Evaluate best model on test data for horizon 9, Test MAE: 14.3505, Test RMSE: 25.2759, Test MAPE: 9.1867
2026-01-26 04:05:45,676 - easytorch-training - INFO - Evaluate best model on test data for horizon 10, Test MAE: 14.5343, Test RMSE: 25.5890, Test MAPE: 9.3423
2026-01-26 04:05:45,678 - easytorch-training - INFO - Evaluate best model on test data for horizon 11, Test MAE: 14.7503, Test RMSE: 25.9359, Test MAPE: 9.4864
2026-01-26 04:05:45,679 - easytorch-training - INFO - Evaluate best model on test data for horizon 12, Test MAE: 14.9041, Test RMSE: 26.1448, Test MAPE: 9.6380
2026-01-26 04:05:45,682 - easytorch-training - INFO - Result <test>: [test_time: 4.82 (s), test_MAE: 13.6232, test_RMSE: 23.7730, test_MAPE: 8.7567]
2026-01-26 04:05:46,088 - easytorch-training - INFO - Checkpoint checkpoints/STMAFNet_300/020df9ee7447a9cb965bf70236749dd4/STMAFNet_282.pt saved
2026-01-26 04:05:46,089 - easytorch-training - INFO - The estimated training finish time is 2026-01-26 04:56:11
2026-01-26 04:05:46,089 - easytorch-training - INFO - Epoch 283 / 300
2026-01-26 04:06:38,404 - easytorch-training - INFO - Result <train>: [train_time: 52.31 (s), lr: 6.25e-05, train_MAE: 11.8293, train_RMSE: 19.9612, train_MAPE: 7.9681]
2026-01-26 04:06:38,406 - easytorch-training - INFO - Start validation.
2026-01-26 04:06:43,323 - easytorch-training - INFO - Result <val>: [val_time: 4.92 (s), val_MAE: 13.6826, val_RMSE: 23.4575, val_MAPE: 10.8722]
2026-01-26 04:06:48,151 - easytorch-training - INFO - Evaluate best model on test data for horizon 1, Test MAE: 11.6531, Test RMSE: 19.3482, Test MAPE: 7.6083
2026-01-26 04:06:48,152 - easytorch-training - INFO - Evaluate best model on test data for horizon 2, Test MAE: 12.2241, Test RMSE: 20.6484, Test MAPE: 7.8897
2026-01-26 04:06:48,154 - easytorch-training - INFO - Evaluate best model on test data for horizon 3, Test MAE: 12.6748, Test RMSE: 21.6813, Test MAPE: 8.1303
2026-01-26 04:06:48,155 - easytorch-training - INFO - Evaluate best model on test data for horizon 4, Test MAE: 13.0352, Test RMSE: 22.5171, Test MAPE: 8.3535
2026-01-26 04:06:48,156 - easytorch-training - INFO - Evaluate best model on test data for horizon 5, Test MAE: 13.3492, Test RMSE: 23.2086, Test MAPE: 8.5743
2026-01-26 04:06:48,157 - easytorch-training - INFO - Evaluate best model on test data for horizon 6, Test MAE: 13.6174, Test RMSE: 23.8350, Test MAPE: 8.7469
2026-01-26 04:06:48,158 - easytorch-training - INFO - Evaluate best model on test data for horizon 7, Test MAE: 13.8773, Test RMSE: 24.3442, Test MAPE: 8.8955
2026-01-26 04:06:48,159 - easytorch-training - INFO - Evaluate best model on test data for horizon 8, Test MAE: 14.1234, Test RMSE: 24.8247, Test MAPE: 9.0751
2026-01-26 04:06:48,160 - easytorch-training - INFO - Evaluate best model on test data for horizon 9, Test MAE: 14.3354, Test RMSE: 25.2220, Test MAPE: 9.2054
2026-01-26 04:06:48,161 - easytorch-training - INFO - Evaluate best model on test data for horizon 10, Test MAE: 14.5031, Test RMSE: 25.5337, Test MAPE: 9.3571
2026-01-26 04:06:48,162 - easytorch-training - INFO - Evaluate best model on test data for horizon 11, Test MAE: 14.6849, Test RMSE: 25.8338, Test MAPE: 9.5071
2026-01-26 04:06:48,163 - easytorch-training - INFO - Evaluate best model on test data for horizon 12, Test MAE: 14.8641, Test RMSE: 26.0905, Test MAPE: 9.6646
2026-01-26 04:06:48,167 - easytorch-training - INFO - Result <test>: [test_time: 4.84 (s), test_MAE: 13.5785, test_RMSE: 23.6813, test_MAPE: 8.7507]
2026-01-26 04:06:48,569 - easytorch-training - INFO - Checkpoint checkpoints/STMAFNet_300/020df9ee7447a9cb965bf70236749dd4/STMAFNet_283.pt saved
2026-01-26 04:06:48,570 - easytorch-training - INFO - The estimated training finish time is 2026-01-26 04:54:19
2026-01-26 04:06:48,570 - easytorch-training - INFO - Epoch 284 / 300
2026-01-26 04:07:39,156 - easytorch-training - INFO - Result <train>: [train_time: 50.59 (s), lr: 6.25e-05, train_MAE: 11.8336, train_RMSE: 19.9776, train_MAPE: 7.9648]
2026-01-26 04:07:39,157 - easytorch-training - INFO - Start validation.
2026-01-26 04:07:44,094 - easytorch-training - INFO - Result <val>: [val_time: 4.94 (s), val_MAE: 13.6676, val_RMSE: 23.4380, val_MAPE: 10.7714]
2026-01-26 04:07:48,915 - easytorch-training - INFO - Evaluate best model on test data for horizon 1, Test MAE: 11.6415, Test RMSE: 19.3542, Test MAPE: 7.6173
2026-01-26 04:07:48,916 - easytorch-training - INFO - Evaluate best model on test data for horizon 2, Test MAE: 12.2123, Test RMSE: 20.6558, Test MAPE: 7.8924
2026-01-26 04:07:48,917 - easytorch-training - INFO - Evaluate best model on test data for horizon 3, Test MAE: 12.6653, Test RMSE: 21.6770, Test MAPE: 8.1213
2026-01-26 04:07:48,919 - easytorch-training - INFO - Evaluate best model on test data for horizon 4, Test MAE: 13.0441, Test RMSE: 22.5447, Test MAPE: 8.3796
2026-01-26 04:07:48,920 - easytorch-training - INFO - Evaluate best model on test data for horizon 5, Test MAE: 13.3736, Test RMSE: 23.2294, Test MAPE: 8.6401
2026-01-26 04:07:48,921 - easytorch-training - INFO - Evaluate best model on test data for horizon 6, Test MAE: 13.6080, Test RMSE: 23.8298, Test MAPE: 8.7309
2026-01-26 04:07:48,922 - easytorch-training - INFO - Evaluate best model on test data for horizon 7, Test MAE: 13.8566, Test RMSE: 24.2934, Test MAPE: 8.9216
2026-01-26 04:07:48,923 - easytorch-training - INFO - Evaluate best model on test data for horizon 8, Test MAE: 14.0725, Test RMSE: 24.7610, Test MAPE: 9.0664
2026-01-26 04:07:48,924 - easytorch-training - INFO - Evaluate best model on test data for horizon 9, Test MAE: 14.2901, Test RMSE: 25.1724, Test MAPE: 9.1930
2026-01-26 04:07:48,925 - easytorch-training - INFO - Evaluate best model on test data for horizon 10, Test MAE: 14.4421, Test RMSE: 25.4414, Test MAPE: 9.3022
2026-01-26 04:07:48,926 - easytorch-training - INFO - Evaluate best model on test data for horizon 11, Test MAE: 14.6268, Test RMSE: 25.7692, Test MAPE: 9.4602
2026-01-26 04:07:48,927 - easytorch-training - INFO - Evaluate best model on test data for horizon 12, Test MAE: 14.7879, Test RMSE: 25.9819, Test MAPE: 9.5920
2026-01-26 04:07:48,931 - easytorch-training - INFO - Result <test>: [test_time: 4.84 (s), test_MAE: 13.5517, test_RMSE: 23.6470, test_MAPE: 8.7431]
2026-01-26 04:07:49,424 - easytorch-training - INFO - Checkpoint checkpoints/STMAFNet_300/020df9ee7447a9cb965bf70236749dd4/STMAFNet_284.pt saved
2026-01-26 04:07:49,425 - easytorch-training - INFO - The estimated training finish time is 2026-01-26 04:52:26
2026-01-26 04:07:49,425 - easytorch-training - INFO - Epoch 285 / 300
2026-01-26 04:08:40,493 - easytorch-training - INFO - Result <train>: [train_time: 51.07 (s), lr: 6.25e-05, train_MAE: 11.8296, train_RMSE: 19.9675, train_MAPE: 7.9587]
2026-01-26 04:08:40,495 - easytorch-training - INFO - Start validation.
2026-01-26 04:08:45,425 - easytorch-training - INFO - Result <val>: [val_time: 4.93 (s), val_MAE: 13.7159, val_RMSE: 23.5221, val_MAPE: 10.8428]
2026-01-26 04:08:50,224 - easytorch-training - INFO - Evaluate best model on test data for horizon 1, Test MAE: 11.6503, Test RMSE: 19.3553, Test MAPE: 7.5687
2026-01-26 04:08:50,225 - easytorch-training - INFO - Evaluate best model on test data for horizon 2, Test MAE: 12.2514, Test RMSE: 20.6987, Test MAPE: 7.8880
2026-01-26 04:08:50,226 - easytorch-training - INFO - Evaluate best model on test data for horizon 3, Test MAE: 12.7123, Test RMSE: 21.7402, Test MAPE: 8.1670
2026-01-26 04:08:50,227 - easytorch-training - INFO - Evaluate best model on test data for horizon 4, Test MAE: 13.1085, Test RMSE: 22.6349, Test MAPE: 8.4094
2026-01-26 04:08:50,229 - easytorch-training - INFO - Evaluate best model on test data for horizon 5, Test MAE: 13.3961, Test RMSE: 23.3302, Test MAPE: 8.5822
2026-01-26 04:08:50,230 - easytorch-training - INFO - Evaluate best model on test data for horizon 6, Test MAE: 13.6603, Test RMSE: 23.9166, Test MAPE: 8.7619
2026-01-26 04:08:50,231 - easytorch-training - INFO - Evaluate best model on test data for horizon 7, Test MAE: 13.9199, Test RMSE: 24.4267, Test MAPE: 8.9528
2026-01-26 04:08:50,232 - easytorch-training - INFO - Evaluate best model on test data for horizon 8, Test MAE: 14.1409, Test RMSE: 24.8688, Test MAPE: 9.1116
2026-01-26 04:08:50,233 - easytorch-training - INFO - Evaluate best model on test data for horizon 9, Test MAE: 14.3446, Test RMSE: 25.2827, Test MAPE: 9.2314
2026-01-26 04:08:50,234 - easytorch-training - INFO - Evaluate best model on test data for horizon 10, Test MAE: 14.5434, Test RMSE: 25.6810, Test MAPE: 9.3581
2026-01-26 04:08:50,235 - easytorch-training - INFO - Evaluate best model on test data for horizon 11, Test MAE: 14.7416, Test RMSE: 26.0272, Test MAPE: 9.5377
2026-01-26 04:08:50,236 - easytorch-training - INFO - Evaluate best model on test data for horizon 12, Test MAE: 14.8818, Test RMSE: 26.2355, Test MAPE: 9.6432
2026-01-26 04:08:50,240 - easytorch-training - INFO - Result <test>: [test_time: 4.81 (s), test_MAE: 13.6126, test_RMSE: 23.7766, test_MAPE: 8.7677]
2026-01-26 04:08:50,731 - easytorch-training - INFO - Checkpoint checkpoints/STMAFNet_300/020df9ee7447a9cb965bf70236749dd4/STMAFNet_285.pt saved
2026-01-26 04:08:50,732 - easytorch-training - INFO - The estimated training finish time is 2026-01-26 04:50:35
2026-01-26 04:08:50,732 - easytorch-training - INFO - Epoch 286 / 300
2026-01-26 04:09:40,475 - easytorch-training - INFO - Result <train>: [train_time: 49.74 (s), lr: 6.25e-05, train_MAE: 11.8223, train_RMSE: 19.9481, train_MAPE: 7.9606]
2026-01-26 04:09:40,477 - easytorch-training - INFO - Start validation.
2026-01-26 04:09:45,405 - easytorch-training - INFO - Result <val>: [val_time: 4.93 (s), val_MAE: 13.6897, val_RMSE: 23.4594, val_MAPE: 10.8554]
2026-01-26 04:09:50,216 - easytorch-training - INFO - Evaluate best model on test data for horizon 1, Test MAE: 11.6609, Test RMSE: 19.3630, Test MAPE: 7.6918
2026-01-26 04:09:50,218 - easytorch-training - INFO - Evaluate best model on test data for horizon 2, Test MAE: 12.2565, Test RMSE: 20.6895, Test MAPE: 8.0002
2026-01-26 04:09:50,219 - easytorch-training - INFO - Evaluate best model on test data for horizon 3, Test MAE: 12.6779, Test RMSE: 21.6867, Test MAPE: 8.1987
2026-01-26 04:09:50,220 - easytorch-training - INFO - Evaluate best model on test data for horizon 4, Test MAE: 13.0701, Test RMSE: 22.5803, Test MAPE: 8.4703
2026-01-26 04:09:50,221 - easytorch-training - INFO - Evaluate best model on test data for horizon 5, Test MAE: 13.3483, Test RMSE: 23.2692, Test MAPE: 8.6069
2026-01-26 04:09:50,222 - easytorch-training - INFO - Evaluate best model on test data for horizon 6, Test MAE: 13.6301, Test RMSE: 23.8906, Test MAPE: 8.7546
2026-01-26 04:09:50,223 - easytorch-training - INFO - Evaluate best model on test data for horizon 7, Test MAE: 13.8974, Test RMSE: 24.4199, Test MAPE: 8.9511
2026-01-26 04:09:50,224 - easytorch-training - INFO - Evaluate best model on test data for horizon 8, Test MAE: 14.1204, Test RMSE: 24.8791, Test MAPE: 9.0647
2026-01-26 04:09:50,225 - easytorch-training - INFO - Evaluate best model on test data for horizon 9, Test MAE: 14.3477, Test RMSE: 25.3246, Test MAPE: 9.2074
2026-01-26 04:09:50,226 - easytorch-training - INFO - Evaluate best model on test data for horizon 10, Test MAE: 14.5134, Test RMSE: 25.6591, Test MAPE: 9.3297
2026-01-26 04:09:50,227 - easytorch-training - INFO - Evaluate best model on test data for horizon 11, Test MAE: 14.7304, Test RMSE: 25.9907, Test MAPE: 9.5162
2026-01-26 04:09:50,228 - easytorch-training - INFO - Evaluate best model on test data for horizon 12, Test MAE: 14.8679, Test RMSE: 26.2065, Test MAPE: 9.6716
2026-01-26 04:09:50,232 - easytorch-training - INFO - Result <test>: [test_time: 4.83 (s), test_MAE: 13.5934, test_RMSE: 23.7569, test_MAPE: 8.7886]
2026-01-26 04:09:50,632 - easytorch-training - INFO - Checkpoint checkpoints/STMAFNet_300/020df9ee7447a9cb965bf70236749dd4/STMAFNet_286.pt saved
2026-01-26 04:09:50,633 - easytorch-training - INFO - The estimated training finish time is 2026-01-26 04:48:42
2026-01-26 04:09:50,633 - easytorch-training - INFO - Epoch 287 / 300
2026-01-26 04:10:42,229 - easytorch-training - INFO - Result <train>: [train_time: 51.60 (s), lr: 6.25e-05, train_MAE: 11.8246, train_RMSE: 19.9534, train_MAPE: 7.9548]
2026-01-26 04:10:42,229 - easytorch-training - INFO - Start validation.
2026-01-26 04:10:47,130 - easytorch-training - INFO - Result <val>: [val_time: 4.90 (s), val_MAE: 13.7232, val_RMSE: 23.4958, val_MAPE: 10.9931]
2026-01-26 04:10:51,934 - easytorch-training - INFO - Evaluate best model on test data for horizon 1, Test MAE: 11.6658, Test RMSE: 19.3484, Test MAPE: 7.6182
2026-01-26 04:10:51,936 - easytorch-training - INFO - Evaluate best model on test data for horizon 2, Test MAE: 12.2381, Test RMSE: 20.6998, Test MAPE: 7.9521
2026-01-26 04:10:51,937 - easytorch-training - INFO - Evaluate best model on test data for horizon 3, Test MAE: 12.7110, Test RMSE: 21.7588, Test MAPE: 8.1946
2026-01-26 04:10:51,938 - easytorch-training - INFO - Evaluate best model on test data for horizon 4, Test MAE: 13.1224, Test RMSE: 22.6984, Test MAPE: 8.4373
2026-01-26 04:10:51,939 - easytorch-training - INFO - Evaluate best model on test data for horizon 5, Test MAE: 13.4144, Test RMSE: 23.3958, Test MAPE: 8.6641
2026-01-26 04:10:51,940 - easytorch-training - INFO - Evaluate best model on test data for horizon 6, Test MAE: 13.7015, Test RMSE: 23.9858, Test MAPE: 8.9019
2026-01-26 04:10:51,941 - easytorch-training - INFO - Evaluate best model on test data for horizon 7, Test MAE: 13.9561, Test RMSE: 24.5107, Test MAPE: 9.0210
2026-01-26 04:10:51,943 - easytorch-training - INFO - Evaluate best model on test data for horizon 8, Test MAE: 14.1784, Test RMSE: 24.9562, Test MAPE: 9.1938
2026-01-26 04:10:51,944 - easytorch-training - INFO - Evaluate best model on test data for horizon 9, Test MAE: 14.3846, Test RMSE: 25.3762, Test MAPE: 9.3241
2026-01-26 04:10:51,945 - easytorch-training - INFO - Evaluate best model on test data for horizon 10, Test MAE: 14.5548, Test RMSE: 25.6866, Test MAPE: 9.4776
2026-01-26 04:10:51,946 - easytorch-training - INFO - Evaluate best model on test data for horizon 11, Test MAE: 14.7210, Test RMSE: 26.0050, Test MAPE: 9.6162
2026-01-26 04:10:51,947 - easytorch-training - INFO - Evaluate best model on test data for horizon 12, Test MAE: 14.8858, Test RMSE: 26.2473, Test MAPE: 9.7490
2026-01-26 04:10:51,951 - easytorch-training - INFO - Result <test>: [test_time: 4.82 (s), test_MAE: 13.6278, test_RMSE: 23.8165, test_MAPE: 8.8458]
2026-01-26 04:10:52,354 - easytorch-training - INFO - Checkpoint checkpoints/STMAFNet_300/020df9ee7447a9cb965bf70236749dd4/STMAFNet_287.pt saved
2026-01-26 04:10:52,355 - easytorch-training - INFO - The estimated training finish time is 2026-01-26 04:46:53
2026-01-26 04:10:52,355 - easytorch-training - INFO - Epoch 288 / 300
2026-01-26 04:11:44,629 - easytorch-training - INFO - Result <train>: [train_time: 52.27 (s), lr: 6.25e-05, train_MAE: 11.8195, train_RMSE: 19.9538, train_MAPE: 7.9599]
2026-01-26 04:11:44,631 - easytorch-training - INFO - Start validation.
2026-01-26 04:11:49,583 - easytorch-training - INFO - Result <val>: [val_time: 4.95 (s), val_MAE: 13.6989, val_RMSE: 23.5088, val_MAPE: 11.0017]
2026-01-26 04:11:54,387 - easytorch-training - INFO - Evaluate best model on test data for horizon 1, Test MAE: 11.6659, Test RMSE: 19.3972, Test MAPE: 7.7119
2026-01-26 04:11:54,388 - easytorch-training - INFO - Evaluate best model on test data for horizon 2, Test MAE: 12.2469, Test RMSE: 20.7199, Test MAPE: 8.0688
2026-01-26 04:11:54,390 - easytorch-training - INFO - Evaluate best model on test data for horizon 3, Test MAE: 12.6984, Test RMSE: 21.7528, Test MAPE: 8.3926
2026-01-26 04:11:54,391 - easytorch-training - INFO - Evaluate best model on test data for horizon 4, Test MAE: 13.0838, Test RMSE: 22.6429, Test MAPE: 8.4251
2026-01-26 04:11:54,392 - easytorch-training - INFO - Evaluate best model on test data for horizon 5, Test MAE: 13.3968, Test RMSE: 23.3410, Test MAPE: 8.6614
2026-01-26 04:11:54,393 - easytorch-training - INFO - Evaluate best model on test data for horizon 6, Test MAE: 13.6448, Test RMSE: 23.9179, Test MAPE: 8.8558
2026-01-26 04:11:54,394 - easytorch-training - INFO - Evaluate best model on test data for horizon 7, Test MAE: 13.9045, Test RMSE: 24.4294, Test MAPE: 8.9287
2026-01-26 04:11:54,395 - easytorch-training - INFO - Evaluate best model on test data for horizon 8, Test MAE: 14.1463, Test RMSE: 24.9084, Test MAPE: 9.0601
2026-01-26 04:11:54,396 - easytorch-training - INFO - Evaluate best model on test data for horizon 9, Test MAE: 14.3293, Test RMSE: 25.2686, Test MAPE: 9.2365
2026-01-26 04:11:54,397 - easytorch-training - INFO - Evaluate best model on test data for horizon 10, Test MAE: 14.5112, Test RMSE: 25.5940, Test MAPE: 9.3189
2026-01-26 04:11:54,398 - easytorch-training - INFO - Evaluate best model on test data for horizon 11, Test MAE: 14.6846, Test RMSE: 25.9056, Test MAPE: 9.4617
2026-01-26 04:11:54,399 - easytorch-training - INFO - Evaluate best model on test data for horizon 12, Test MAE: 14.8310, Test RMSE: 26.1174, Test MAPE: 9.6174
2026-01-26 04:11:54,403 - easytorch-training - INFO - Result <test>: [test_time: 4.82 (s), test_MAE: 13.5953, test_RMSE: 23.7563, test_MAPE: 8.8116]
2026-01-26 04:11:54,802 - easytorch-training - INFO - Checkpoint checkpoints/STMAFNet_300/020df9ee7447a9cb965bf70236749dd4/STMAFNet_288.pt saved
2026-01-26 04:11:54,803 - easytorch-training - INFO - The estimated training finish time is 2026-01-26 04:45:05
2026-01-26 04:11:54,803 - easytorch-training - INFO - Epoch 289 / 300
2026-01-26 04:12:47,799 - easytorch-training - INFO - Result <train>: [train_time: 53.00 (s), lr: 6.25e-05, train_MAE: 11.8159, train_RMSE: 19.9357, train_MAPE: 7.9488]
2026-01-26 04:12:47,801 - easytorch-training - INFO - Start validation.
2026-01-26 04:12:52,752 - easytorch-training - INFO - Result <val>: [val_time: 4.95 (s), val_MAE: 13.7467, val_RMSE: 23.5958, val_MAPE: 11.1870]
2026-01-26 04:12:57,599 - easytorch-training - INFO - Evaluate best model on test data for horizon 1, Test MAE: 11.6635, Test RMSE: 19.3514, Test MAPE: 7.8398
2026-01-26 04:12:57,601 - easytorch-training - INFO - Evaluate best model on test data for horizon 2, Test MAE: 12.2463, Test RMSE: 20.6920, Test MAPE: 7.9757
2026-01-26 04:12:57,602 - easytorch-training - INFO - Evaluate best model on test data for horizon 3, Test MAE: 12.7037, Test RMSE: 21.7491, Test MAPE: 8.2021
2026-01-26 04:12:57,603 - easytorch-training - INFO - Evaluate best model on test data for horizon 4, Test MAE: 13.1060, Test RMSE: 22.6443, Test MAPE: 8.4683
2026-01-26 04:12:57,605 - easytorch-training - INFO - Evaluate best model on test data for horizon 5, Test MAE: 13.3963, Test RMSE: 23.3413, Test MAPE: 8.6582
2026-01-26 04:12:57,606 - easytorch-training - INFO - Evaluate best model on test data for horizon 6, Test MAE: 13.6818, Test RMSE: 23.9781, Test MAPE: 8.8210
2026-01-26 04:12:57,607 - easytorch-training - INFO - Evaluate best model on test data for horizon 7, Test MAE: 13.9279, Test RMSE: 24.4975, Test MAPE: 9.0037
2026-01-26 04:12:57,608 - easytorch-training - INFO - Evaluate best model on test data for horizon 8, Test MAE: 14.1687, Test RMSE: 24.9482, Test MAPE: 9.1916
2026-01-26 04:12:57,610 - easytorch-training - INFO - Evaluate best model on test data for horizon 9, Test MAE: 14.3811, Test RMSE: 25.3664, Test MAPE: 9.3017
2026-01-26 04:12:57,611 - easytorch-training - INFO - Evaluate best model on test data for horizon 10, Test MAE: 14.5769, Test RMSE: 25.7159, Test MAPE: 9.4596
2026-01-26 04:12:57,612 - easytorch-training - INFO - Evaluate best model on test data for horizon 11, Test MAE: 14.7479, Test RMSE: 26.0255, Test MAPE: 9.6039
2026-01-26 04:12:57,613 - easytorch-training - INFO - Evaluate best model on test data for horizon 12, Test MAE: 14.9336, Test RMSE: 26.2704, Test MAPE: 9.7987
2026-01-26 04:12:57,617 - easytorch-training - INFO - Result <test>: [test_time: 4.86 (s), test_MAE: 13.6278, test_RMSE: 23.8099, test_MAPE: 8.8604]
2026-01-26 04:12:58,043 - easytorch-training - INFO - Checkpoint checkpoints/STMAFNet_300/020df9ee7447a9cb965bf70236749dd4/STMAFNet_289.pt saved
2026-01-26 04:12:58,044 - easytorch-training - INFO - The estimated training finish time is 2026-01-26 04:43:18
2026-01-26 04:12:58,044 - easytorch-training - INFO - Epoch 290 / 300
2026-01-26 04:13:51,842 - easytorch-training - INFO - Result <train>: [train_time: 53.80 (s), lr: 6.25e-05, train_MAE: 11.8102, train_RMSE: 19.9237, train_MAPE: 7.9556]
2026-01-26 04:13:51,843 - easytorch-training - INFO - Start validation.
2026-01-26 04:13:56,769 - easytorch-training - INFO - Result <val>: [val_time: 4.93 (s), val_MAE: 13.7170, val_RMSE: 23.4972, val_MAPE: 10.9917]
2026-01-26 04:14:01,560 - easytorch-training - INFO - Evaluate best model on test data for horizon 1, Test MAE: 11.6511, Test RMSE: 19.3703, Test MAPE: 7.6635
2026-01-26 04:14:01,562 - easytorch-training - INFO - Evaluate best model on test data for horizon 2, Test MAE: 12.2574, Test RMSE: 20.7025, Test MAPE: 8.0692
2026-01-26 04:14:01,563 - easytorch-training - INFO - Evaluate best model on test data for horizon 3, Test MAE: 12.7009, Test RMSE: 21.7379, Test MAPE: 8.1676
2026-01-26 04:14:01,564 - easytorch-training - INFO - Evaluate best model on test data for horizon 4, Test MAE: 13.0919, Test RMSE: 22.6317, Test MAPE: 8.3691
2026-01-26 04:14:01,565 - easytorch-training - INFO - Evaluate best model on test data for horizon 5, Test MAE: 13.3926, Test RMSE: 23.3355, Test MAPE: 8.5579
2026-01-26 04:14:01,566 - easytorch-training - INFO - Evaluate best model on test data for horizon 6, Test MAE: 13.6608, Test RMSE: 23.9427, Test MAPE: 8.7308
2026-01-26 04:14:01,567 - easytorch-training - INFO - Evaluate best model on test data for horizon 7, Test MAE: 13.9062, Test RMSE: 24.4798, Test MAPE: 8.8908
2026-01-26 04:14:01,568 - easytorch-training - INFO - Evaluate best model on test data for horizon 8, Test MAE: 14.1441, Test RMSE: 24.9328, Test MAPE: 9.0339
2026-01-26 04:14:01,569 - easytorch-training - INFO - Evaluate best model on test data for horizon 9, Test MAE: 14.3466, Test RMSE: 25.3381, Test MAPE: 9.2345
2026-01-26 04:14:01,570 - easytorch-training - INFO - Evaluate best model on test data for horizon 10, Test MAE: 14.5316, Test RMSE: 25.6609, Test MAPE: 9.3346
2026-01-26 04:14:01,571 - easytorch-training - INFO - Evaluate best model on test data for horizon 11, Test MAE: 14.7251, Test RMSE: 25.9893, Test MAPE: 9.4527
2026-01-26 04:14:01,572 - easytorch-training - INFO - Evaluate best model on test data for horizon 12, Test MAE: 14.8721, Test RMSE: 26.2041, Test MAPE: 9.5941
2026-01-26 04:14:01,576 - easytorch-training - INFO - Result <test>: [test_time: 4.81 (s), test_MAE: 13.6067, test_RMSE: 23.7869, test_MAPE: 8.7582]
2026-01-26 04:14:01,980 - easytorch-training - INFO - Checkpoint checkpoints/STMAFNet_300/020df9ee7447a9cb965bf70236749dd4/STMAFNet_290.pt saved
2026-01-26 04:14:02,016 - easytorch-training - INFO - The estimated training finish time is 2026-01-26 04:41:33
2026-01-26 04:14:02,016 - easytorch-training - INFO - Epoch 291 / 300
2026-01-26 04:14:54,327 - easytorch-training - INFO - Result <train>: [train_time: 52.31 (s), lr: 6.25e-05, train_MAE: 11.8062, train_RMSE: 19.9258, train_MAPE: 7.9520]
2026-01-26 04:14:54,328 - easytorch-training - INFO - Start validation.
2026-01-26 04:14:59,267 - easytorch-training - INFO - Result <val>: [val_time: 4.94 (s), val_MAE: 13.7358, val_RMSE: 23.5131, val_MAPE: 10.8881]
2026-01-26 04:15:04,058 - easytorch-training - INFO - Evaluate best model on test data for horizon 1, Test MAE: 11.6717, Test RMSE: 19.3948, Test MAPE: 7.5643
2026-01-26 04:15:04,060 - easytorch-training - INFO - Evaluate best model on test data for horizon 2, Test MAE: 12.2567, Test RMSE: 20.7108, Test MAPE: 7.9138
2026-01-26 04:15:04,061 - easytorch-training - INFO - Evaluate best model on test data for horizon 3, Test MAE: 12.7181, Test RMSE: 21.7469, Test MAPE: 8.1526
2026-01-26 04:15:04,062 - easytorch-training - INFO - Evaluate best model on test data for horizon 4, Test MAE: 13.1036, Test RMSE: 22.6120, Test MAPE: 8.3830
2026-01-26 04:15:04,063 - easytorch-training - INFO - Evaluate best model on test data for horizon 5, Test MAE: 13.3993, Test RMSE: 23.3035, Test MAPE: 8.5683
2026-01-26 04:15:04,064 - easytorch-training - INFO - Evaluate best model on test data for horizon 6, Test MAE: 13.6654, Test RMSE: 23.9115, Test MAPE: 8.7555
2026-01-26 04:15:04,065 - easytorch-training - INFO - Evaluate best model on test data for horizon 7, Test MAE: 13.9407, Test RMSE: 24.4397, Test MAPE: 8.9236
2026-01-26 04:15:04,066 - easytorch-training - INFO - Evaluate best model on test data for horizon 8, Test MAE: 14.1694, Test RMSE: 24.9069, Test MAPE: 9.0961
2026-01-26 04:15:04,067 - easytorch-training - INFO - Evaluate best model on test data for horizon 9, Test MAE: 14.3759, Test RMSE: 25.3216, Test MAPE: 9.2352
2026-01-26 04:15:04,068 - easytorch-training - INFO - Evaluate best model on test data for horizon 10, Test MAE: 14.5704, Test RMSE: 25.6861, Test MAPE: 9.3777
2026-01-26 04:15:04,069 - easytorch-training - INFO - Evaluate best model on test data for horizon 11, Test MAE: 14.7454, Test RMSE: 25.9999, Test MAPE: 9.4842
2026-01-26 04:15:04,070 - easytorch-training - INFO - Evaluate best model on test data for horizon 12, Test MAE: 14.8803, Test RMSE: 26.1933, Test MAPE: 9.5894
2026-01-26 04:15:04,074 - easytorch-training - INFO - Result <test>: [test_time: 4.81 (s), test_MAE: 13.6247, test_RMSE: 23.7782, test_MAPE: 8.7536]
2026-01-26 04:15:04,492 - easytorch-training - INFO - Checkpoint checkpoints/STMAFNet_300/020df9ee7447a9cb965bf70236749dd4/STMAFNet_291.pt saved
2026-01-26 04:15:04,493 - easytorch-training - INFO - The estimated training finish time is 2026-01-26 04:39:47
2026-01-26 04:15:04,493 - easytorch-training - INFO - Epoch 292 / 300
2026-01-26 04:15:56,040 - easytorch-training - INFO - Result <train>: [train_time: 51.55 (s), lr: 6.25e-05, train_MAE: 11.8054, train_RMSE: 19.9200, train_MAPE: 7.9532]
2026-01-26 04:15:56,041 - easytorch-training - INFO - Start validation.
2026-01-26 04:16:00,986 - easytorch-training - INFO - Result <val>: [val_time: 4.94 (s), val_MAE: 13.6970, val_RMSE: 23.4950, val_MAPE: 10.7921]
2026-01-26 04:16:05,789 - easytorch-training - INFO - Evaluate best model on test data for horizon 1, Test MAE: 11.6246, Test RMSE: 19.3157, Test MAPE: 7.4924
2026-01-26 04:16:05,791 - easytorch-training - INFO - Evaluate best model on test data for horizon 2, Test MAE: 12.2200, Test RMSE: 20.6706, Test MAPE: 7.8302
2026-01-26 04:16:05,792 - easytorch-training - INFO - Evaluate best model on test data for horizon 3, Test MAE: 12.6848, Test RMSE: 21.7153, Test MAPE: 8.1092
2026-01-26 04:16:05,793 - easytorch-training - INFO - Evaluate best model on test data for horizon 4, Test MAE: 13.0700, Test RMSE: 22.6116, Test MAPE: 8.3457
2026-01-26 04:16:05,794 - easytorch-training - INFO - Evaluate best model on test data for horizon 5, Test MAE: 13.3712, Test RMSE: 23.3114, Test MAPE: 8.5534
2026-01-26 04:16:05,795 - easytorch-training - INFO - Evaluate best model on test data for horizon 6, Test MAE: 13.6515, Test RMSE: 23.9330, Test MAPE: 8.7279
2026-01-26 04:16:05,796 - easytorch-training - INFO - Evaluate best model on test data for horizon 7, Test MAE: 13.9183, Test RMSE: 24.4562, Test MAPE: 8.9240
2026-01-26 04:16:05,797 - easytorch-training - INFO - Evaluate best model on test data for horizon 8, Test MAE: 14.1529, Test RMSE: 24.9341, Test MAPE: 9.1187
2026-01-26 04:16:05,798 - easytorch-training - INFO - Evaluate best model on test data for horizon 9, Test MAE: 14.3504, Test RMSE: 25.3067, Test MAPE: 9.1823
2026-01-26 04:16:05,799 - easytorch-training - INFO - Evaluate best model on test data for horizon 10, Test MAE: 14.5144, Test RMSE: 25.6305, Test MAPE: 9.2812
2026-01-26 04:16:05,801 - easytorch-training - INFO - Evaluate best model on test data for horizon 11, Test MAE: 14.6970, Test RMSE: 25.9471, Test MAPE: 9.4278
2026-01-26 04:16:05,802 - easytorch-training - INFO - Evaluate best model on test data for horizon 12, Test MAE: 14.8491, Test RMSE: 26.1712, Test MAPE: 9.5549
2026-01-26 04:16:05,805 - easytorch-training - INFO - Result <test>: [test_time: 4.82 (s), test_MAE: 13.5920, test_RMSE: 23.7606, test_MAPE: 8.7123]
2026-01-26 04:16:06,208 - easytorch-training - INFO - Checkpoint checkpoints/STMAFNet_300/020df9ee7447a9cb965bf70236749dd4/STMAFNet_292.pt saved
2026-01-26 04:16:06,208 - easytorch-training - INFO - The estimated training finish time is 2026-01-26 04:38:01
2026-01-26 04:16:06,209 - easytorch-training - INFO - Epoch 293 / 300
2026-01-26 04:16:56,912 - easytorch-training - INFO - Result <train>: [train_time: 50.70 (s), lr: 6.25e-05, train_MAE: 11.8063, train_RMSE: 19.9118, train_MAPE: 7.9493]
2026-01-26 04:16:56,914 - easytorch-training - INFO - Start validation.
2026-01-26 04:17:01,849 - easytorch-training - INFO - Result <val>: [val_time: 4.93 (s), val_MAE: 13.6773, val_RMSE: 23.4226, val_MAPE: 10.8729]
2026-01-26 04:17:06,661 - easytorch-training - INFO - Evaluate best model on test data for horizon 1, Test MAE: 11.6510, Test RMSE: 19.3494, Test MAPE: 7.7130
2026-01-26 04:17:06,663 - easytorch-training - INFO - Evaluate best model on test data for horizon 2, Test MAE: 12.2398, Test RMSE: 20.6734, Test MAPE: 7.9575
2026-01-26 04:17:06,664 - easytorch-training - INFO - Evaluate best model on test data for horizon 3, Test MAE: 12.7178, Test RMSE: 21.7349, Test MAPE: 8.2444
2026-01-26 04:17:06,665 - easytorch-training - INFO - Evaluate best model on test data for horizon 4, Test MAE: 13.0813, Test RMSE: 22.5803, Test MAPE: 8.4280
2026-01-26 04:17:06,666 - easytorch-training - INFO - Evaluate best model on test data for horizon 5, Test MAE: 13.3919, Test RMSE: 23.2621, Test MAPE: 8.6911
2026-01-26 04:17:06,667 - easytorch-training - INFO - Evaluate best model on test data for horizon 6, Test MAE: 13.6517, Test RMSE: 23.8692, Test MAPE: 8.8334
2026-01-26 04:17:06,668 - easytorch-training - INFO - Evaluate best model on test data for horizon 7, Test MAE: 13.9081, Test RMSE: 24.4035, Test MAPE: 8.9808
2026-01-26 04:17:06,669 - easytorch-training - INFO - Evaluate best model on test data for horizon 8, Test MAE: 14.1531, Test RMSE: 24.8658, Test MAPE: 9.2287
2026-01-26 04:17:06,670 - easytorch-training - INFO - Evaluate best model on test data for horizon 9, Test MAE: 14.3372, Test RMSE: 25.2348, Test MAPE: 9.2254
2026-01-26 04:17:06,671 - easytorch-training - INFO - Evaluate best model on test data for horizon 10, Test MAE: 14.5117, Test RMSE: 25.5480, Test MAPE: 9.4053
2026-01-26 04:17:06,672 - easytorch-training - INFO - Evaluate best model on test data for horizon 11, Test MAE: 14.6893, Test RMSE: 25.8628, Test MAPE: 9.5061
2026-01-26 04:17:06,673 - easytorch-training - INFO - Evaluate best model on test data for horizon 12, Test MAE: 14.8574, Test RMSE: 26.0857, Test MAPE: 9.6254
2026-01-26 04:17:06,677 - easytorch-training - INFO - Result <test>: [test_time: 4.83 (s), test_MAE: 13.5992, test_RMSE: 23.7129, test_MAPE: 8.8199]
2026-01-26 04:17:07,078 - easytorch-training - INFO - Checkpoint checkpoints/STMAFNet_300/020df9ee7447a9cb965bf70236749dd4/STMAFNet_293.pt saved
2026-01-26 04:17:07,079 - easytorch-training - INFO - The estimated training finish time is 2026-01-26 04:36:15
2026-01-26 04:17:07,079 - easytorch-training - INFO - Epoch 294 / 300
2026-01-26 04:17:59,923 - easytorch-training - INFO - Result <train>: [train_time: 52.84 (s), lr: 6.25e-05, train_MAE: 11.8045, train_RMSE: 19.9175, train_MAPE: 7.9469]
2026-01-26 04:17:59,925 - easytorch-training - INFO - Start validation.
2026-01-26 04:18:04,861 - easytorch-training - INFO - Result <val>: [val_time: 4.94 (s), val_MAE: 13.6954, val_RMSE: 23.4286, val_MAPE: 10.9439]
2026-01-26 04:18:09,662 - easytorch-training - INFO - Evaluate best model on test data for horizon 1, Test MAE: 11.6797, Test RMSE: 19.3565, Test MAPE: 7.8497
2026-01-26 04:18:09,663 - easytorch-training - INFO - Evaluate best model on test data for horizon 2, Test MAE: 12.2485, Test RMSE: 20.6702, Test MAPE: 8.0359
2026-01-26 04:18:09,665 - easytorch-training - INFO - Evaluate best model on test data for horizon 3, Test MAE: 12.6920, Test RMSE: 21.6998, Test MAPE: 8.2358
2026-01-26 04:18:09,666 - easytorch-training - INFO - Evaluate best model on test data for horizon 4, Test MAE: 13.0722, Test RMSE: 22.5710, Test MAPE: 8.4689
2026-01-26 04:18:09,667 - easytorch-training - INFO - Evaluate best model on test data for horizon 5, Test MAE: 13.3799, Test RMSE: 23.2580, Test MAPE: 8.6332
2026-01-26 04:18:09,668 - easytorch-training - INFO - Evaluate best model on test data for horizon 6, Test MAE: 13.6444, Test RMSE: 23.8852, Test MAPE: 8.8253
2026-01-26 04:18:09,669 - easytorch-training - INFO - Evaluate best model on test data for horizon 7, Test MAE: 13.8916, Test RMSE: 24.3763, Test MAPE: 8.9528
2026-01-26 04:18:09,670 - easytorch-training - INFO - Evaluate best model on test data for horizon 8, Test MAE: 14.1326, Test RMSE: 24.8594, Test MAPE: 9.1519
2026-01-26 04:18:09,671 - easytorch-training - INFO - Evaluate best model on test data for horizon 9, Test MAE: 14.3851, Test RMSE: 25.3116, Test MAPE: 9.2919
2026-01-26 04:18:09,672 - easytorch-training - INFO - Evaluate best model on test data for horizon 10, Test MAE: 14.5683, Test RMSE: 25.6845, Test MAPE: 9.4635
2026-01-26 04:18:09,673 - easytorch-training - INFO - Evaluate best model on test data for horizon 11, Test MAE: 14.7469, Test RMSE: 26.0120, Test MAPE: 9.5912
2026-01-26 04:18:09,674 - easytorch-training - INFO - Evaluate best model on test data for horizon 12, Test MAE: 14.8852, Test RMSE: 26.2290, Test MAPE: 9.6532
2026-01-26 04:18:09,678 - easytorch-training - INFO - Result <test>: [test_time: 4.82 (s), test_MAE: 13.6105, test_RMSE: 23.7537, test_MAPE: 8.8461]
2026-01-26 04:18:10,084 - easytorch-training - INFO - Checkpoint checkpoints/STMAFNet_300/020df9ee7447a9cb965bf70236749dd4/STMAFNet_294.pt saved
2026-01-26 04:18:10,085 - easytorch-training - INFO - The estimated training finish time is 2026-01-26 04:34:32
2026-01-26 04:18:10,085 - easytorch-training - INFO - Epoch 295 / 300
2026-01-26 04:19:00,082 - easytorch-training - INFO - Result <train>: [train_time: 50.00 (s), lr: 6.25e-05, train_MAE: 11.8019, train_RMSE: 19.9146, train_MAPE: 7.9474]
2026-01-26 04:19:00,083 - easytorch-training - INFO - Start validation.
2026-01-26 04:19:05,150 - easytorch-training - INFO - Result <val>: [val_time: 5.07 (s), val_MAE: 13.7251, val_RMSE: 23.5330, val_MAPE: 11.0438]
2026-01-26 04:19:10,069 - easytorch-training - INFO - Evaluate best model on test data for horizon 1, Test MAE: 11.6564, Test RMSE: 19.3604, Test MAPE: 7.5444
2026-01-26 04:19:10,070 - easytorch-training - INFO - Evaluate best model on test data for horizon 2, Test MAE: 12.2627, Test RMSE: 20.6742, Test MAPE: 8.0130
2026-01-26 04:19:10,072 - easytorch-training - INFO - Evaluate best model on test data for horizon 3, Test MAE: 12.7107, Test RMSE: 21.7214, Test MAPE: 8.1272
2026-01-26 04:19:10,073 - easytorch-training - INFO - Evaluate best model on test data for horizon 4, Test MAE: 13.0967, Test RMSE: 22.5958, Test MAPE: 8.4356
2026-01-26 04:19:10,074 - easytorch-training - INFO - Evaluate best model on test data for horizon 5, Test MAE: 13.4001, Test RMSE: 23.3218, Test MAPE: 8.5742
2026-01-26 04:19:10,076 - easytorch-training - INFO - Evaluate best model on test data for horizon 6, Test MAE: 13.6687, Test RMSE: 23.9417, Test MAPE: 8.7729
2026-01-26 04:19:10,077 - easytorch-training - INFO - Evaluate best model on test data for horizon 7, Test MAE: 13.9295, Test RMSE: 24.4879, Test MAPE: 8.9459
2026-01-26 04:19:10,078 - easytorch-training - INFO - Evaluate best model on test data for horizon 8, Test MAE: 14.1655, Test RMSE: 24.9893, Test MAPE: 9.1404
2026-01-26 04:19:10,079 - easytorch-training - INFO - Evaluate best model on test data for horizon 9, Test MAE: 14.3620, Test RMSE: 25.3883, Test MAPE: 9.1996
2026-01-26 04:19:10,081 - easytorch-training - INFO - Evaluate best model on test data for horizon 10, Test MAE: 14.5525, Test RMSE: 25.7508, Test MAPE: 9.3448
2026-01-26 04:19:10,082 - easytorch-training - INFO - Evaluate best model on test data for horizon 11, Test MAE: 14.7396, Test RMSE: 26.0542, Test MAPE: 9.4961
2026-01-26 04:19:10,083 - easytorch-training - INFO - Evaluate best model on test data for horizon 12, Test MAE: 14.8641, Test RMSE: 26.2344, Test MAPE: 9.5836
2026-01-26 04:19:10,087 - easytorch-training - INFO - Result <test>: [test_time: 4.94 (s), test_MAE: 13.6174, test_RMSE: 23.8058, test_MAPE: 8.7648]
2026-01-26 04:19:10,513 - easytorch-training - INFO - Checkpoint checkpoints/STMAFNet_300/020df9ee7447a9cb965bf70236749dd4/STMAFNet_295.pt saved
2026-01-26 04:19:10,514 - easytorch-training - INFO - The estimated training finish time is 2026-01-26 04:32:47
2026-01-26 04:19:10,514 - easytorch-training - INFO - Epoch 296 / 300
2026-01-26 04:20:03,101 - easytorch-training - INFO - Result <train>: [train_time: 52.59 (s), lr: 6.25e-05, train_MAE: 11.7982, train_RMSE: 19.9078, train_MAPE: 7.9408]
2026-01-26 04:20:03,112 - easytorch-training - INFO - Start validation.
2026-01-26 04:20:08,021 - easytorch-training - INFO - Result <val>: [val_time: 4.91 (s), val_MAE: 13.7322, val_RMSE: 23.5393, val_MAPE: 10.8844]
2026-01-26 04:20:12,823 - easytorch-training - INFO - Evaluate best model on test data for horizon 1, Test MAE: 11.6591, Test RMSE: 19.3702, Test MAPE: 7.5378
2026-01-26 04:20:12,824 - easytorch-training - INFO - Evaluate best model on test data for horizon 2, Test MAE: 12.2613, Test RMSE: 20.7495, Test MAPE: 7.8837
2026-01-26 04:20:12,826 - easytorch-training - INFO - Evaluate best model on test data for horizon 3, Test MAE: 12.7135, Test RMSE: 21.7710, Test MAPE: 8.1467
2026-01-26 04:20:12,827 - easytorch-training - INFO - Evaluate best model on test data for horizon 4, Test MAE: 13.1102, Test RMSE: 22.6539, Test MAPE: 8.3962
2026-01-26 04:20:12,828 - easytorch-training - INFO - Evaluate best model on test data for horizon 5, Test MAE: 13.4193, Test RMSE: 23.3487, Test MAPE: 8.5663
2026-01-26 04:20:12,829 - easytorch-training - INFO - Evaluate best model on test data for horizon 6, Test MAE: 13.6948, Test RMSE: 23.9854, Test MAPE: 8.7603
2026-01-26 04:20:12,830 - easytorch-training - INFO - Evaluate best model on test data for horizon 7, Test MAE: 13.9610, Test RMSE: 24.5035, Test MAPE: 8.9123
2026-01-26 04:20:12,831 - easytorch-training - INFO - Evaluate best model on test data for horizon 8, Test MAE: 14.1821, Test RMSE: 24.9701, Test MAPE: 9.0638
2026-01-26 04:20:12,832 - easytorch-training - INFO - Evaluate best model on test data for horizon 9, Test MAE: 14.3850, Test RMSE: 25.3580, Test MAPE: 9.1957
2026-01-26 04:20:12,833 - easytorch-training - INFO - Evaluate best model on test data for horizon 10, Test MAE: 14.5354, Test RMSE: 25.6604, Test MAPE: 9.2991
2026-01-26 04:20:12,834 - easytorch-training - INFO - Evaluate best model on test data for horizon 11, Test MAE: 14.7207, Test RMSE: 25.9703, Test MAPE: 9.4629
2026-01-26 04:20:12,835 - easytorch-training - INFO - Evaluate best model on test data for horizon 12, Test MAE: 14.8767, Test RMSE: 26.1649, Test MAPE: 9.6753
2026-01-26 04:20:12,839 - easytorch-training - INFO - Result <test>: [test_time: 4.82 (s), test_MAE: 13.6266, test_RMSE: 23.8010, test_MAPE: 8.7417]
2026-01-26 04:20:13,238 - easytorch-training - INFO - Checkpoint checkpoints/STMAFNet_300/020df9ee7447a9cb965bf70236749dd4/STMAFNet_296.pt saved
2026-01-26 04:20:13,239 - easytorch-training - INFO - The estimated training finish time is 2026-01-26 04:31:05
2026-01-26 04:20:13,239 - easytorch-training - INFO - Epoch 297 / 300
2026-01-26 04:21:06,253 - easytorch-training - INFO - Result <train>: [train_time: 53.01 (s), lr: 6.25e-05, train_MAE: 11.7934, train_RMSE: 19.9036, train_MAPE: 7.9346]
2026-01-26 04:21:06,254 - easytorch-training - INFO - Start validation.
2026-01-26 04:21:11,159 - easytorch-training - INFO - Result <val>: [val_time: 4.90 (s), val_MAE: 13.6941, val_RMSE: 23.4789, val_MAPE: 11.2085]
2026-01-26 04:21:15,963 - easytorch-training - INFO - Evaluate best model on test data for horizon 1, Test MAE: 11.6551, Test RMSE: 19.3504, Test MAPE: 7.8997
2026-01-26 04:21:15,964 - easytorch-training - INFO - Evaluate best model on test data for horizon 2, Test MAE: 12.2434, Test RMSE: 20.7023, Test MAPE: 8.0804
2026-01-26 04:21:15,966 - easytorch-training - INFO - Evaluate best model on test data for horizon 3, Test MAE: 12.7016, Test RMSE: 21.7313, Test MAPE: 8.5436
2026-01-26 04:21:15,967 - easytorch-training - INFO - Evaluate best model on test data for horizon 4, Test MAE: 13.0846, Test RMSE: 22.6272, Test MAPE: 8.5887
2026-01-26 04:21:15,968 - easytorch-training - INFO - Evaluate best model on test data for horizon 5, Test MAE: 13.3877, Test RMSE: 23.2972, Test MAPE: 8.9255
2026-01-26 04:21:15,969 - easytorch-training - INFO - Evaluate best model on test data for horizon 6, Test MAE: 13.6447, Test RMSE: 23.9103, Test MAPE: 8.9379
2026-01-26 04:21:15,970 - easytorch-training - INFO - Evaluate best model on test data for horizon 7, Test MAE: 13.9015, Test RMSE: 24.4285, Test MAPE: 9.1980
2026-01-26 04:21:15,971 - easytorch-training - INFO - Evaluate best model on test data for horizon 8, Test MAE: 14.1163, Test RMSE: 24.8737, Test MAPE: 9.1753
2026-01-26 04:21:15,972 - easytorch-training - INFO - Evaluate best model on test data for horizon 9, Test MAE: 14.3301, Test RMSE: 25.2935, Test MAPE: 9.2910
2026-01-26 04:21:15,973 - easytorch-training - INFO - Evaluate best model on test data for horizon 10, Test MAE: 14.5069, Test RMSE: 25.6137, Test MAPE: 9.3657
2026-01-26 04:21:15,974 - easytorch-training - INFO - Evaluate best model on test data for horizon 11, Test MAE: 14.6711, Test RMSE: 25.9186, Test MAPE: 9.4844
2026-01-26 04:21:15,975 - easytorch-training - INFO - Evaluate best model on test data for horizon 12, Test MAE: 14.8274, Test RMSE: 26.1285, Test MAPE: 9.6099
2026-01-26 04:21:15,979 - easytorch-training - INFO - Result <test>: [test_time: 4.82 (s), test_MAE: 13.5892, test_RMSE: 23.7478, test_MAPE: 8.9250]
2026-01-26 04:21:16,382 - easytorch-training - INFO - Checkpoint checkpoints/STMAFNet_300/020df9ee7447a9cb965bf70236749dd4/STMAFNet_297.pt saved
2026-01-26 04:21:16,383 - easytorch-training - INFO - The estimated training finish time is 2026-01-26 04:29:24
2026-01-26 04:21:16,383 - easytorch-training - INFO - Epoch 298 / 300
2026-01-26 04:22:07,914 - easytorch-training - INFO - Result <train>: [train_time: 51.53 (s), lr: 6.25e-05, train_MAE: 11.7890, train_RMSE: 19.8962, train_MAPE: 7.9504]
2026-01-26 04:22:07,916 - easytorch-training - INFO - Start validation.
2026-01-26 04:22:12,854 - easytorch-training - INFO - Result <val>: [val_time: 4.94 (s), val_MAE: 13.6840, val_RMSE: 23.4144, val_MAPE: 10.8157]
2026-01-26 04:22:17,675 - easytorch-training - INFO - Evaluate best model on test data for horizon 1, Test MAE: 11.6510, Test RMSE: 19.3552, Test MAPE: 7.5833
2026-01-26 04:22:17,677 - easytorch-training - INFO - Evaluate best model on test data for horizon 2, Test MAE: 12.2412, Test RMSE: 20.6537, Test MAPE: 7.8858
2026-01-26 04:22:17,678 - easytorch-training - INFO - Evaluate best model on test data for horizon 3, Test MAE: 12.6910, Test RMSE: 21.6672, Test MAPE: 8.1602
2026-01-26 04:22:17,679 - easytorch-training - INFO - Evaluate best model on test data for horizon 4, Test MAE: 13.0753, Test RMSE: 22.5362, Test MAPE: 8.3772
2026-01-26 04:22:17,680 - easytorch-training - INFO - Evaluate best model on test data for horizon 5, Test MAE: 13.3700, Test RMSE: 23.1867, Test MAPE: 8.5728
2026-01-26 04:22:17,681 - easytorch-training - INFO - Evaluate best model on test data for horizon 6, Test MAE: 13.6156, Test RMSE: 23.7712, Test MAPE: 8.7464
2026-01-26 04:22:17,682 - easytorch-training - INFO - Evaluate best model on test data for horizon 7, Test MAE: 13.8875, Test RMSE: 24.3201, Test MAPE: 8.9092
2026-01-26 04:22:17,683 - easytorch-training - INFO - Evaluate best model on test data for horizon 8, Test MAE: 14.1224, Test RMSE: 24.7864, Test MAPE: 9.0803
2026-01-26 04:22:17,684 - easytorch-training - INFO - Evaluate best model on test data for horizon 9, Test MAE: 14.3303, Test RMSE: 25.1626, Test MAPE: 9.2065
2026-01-26 04:22:17,685 - easytorch-training - INFO - Evaluate best model on test data for horizon 10, Test MAE: 14.4907, Test RMSE: 25.4880, Test MAPE: 9.3293
2026-01-26 04:22:17,686 - easytorch-training - INFO - Evaluate best model on test data for horizon 11, Test MAE: 14.6781, Test RMSE: 25.8086, Test MAPE: 9.5064
2026-01-26 04:22:17,687 - easytorch-training - INFO - Evaluate best model on test data for horizon 12, Test MAE: 14.8260, Test RMSE: 26.0331, Test MAPE: 9.6118
2026-01-26 04:22:17,691 - easytorch-training - INFO - Result <test>: [test_time: 4.83 (s), test_MAE: 13.5816, test_RMSE: 23.6532, test_MAPE: 8.7474]
2026-01-26 04:22:18,092 - easytorch-training - INFO - Checkpoint checkpoints/STMAFNet_300/020df9ee7447a9cb965bf70236749dd4/STMAFNet_298.pt saved
2026-01-26 04:22:18,093 - easytorch-training - INFO - The estimated training finish time is 2026-01-26 04:27:42
2026-01-26 04:22:18,093 - easytorch-training - INFO - Epoch 299 / 300
2026-01-26 04:23:08,918 - easytorch-training - INFO - Result <train>: [train_time: 50.82 (s), lr: 6.25e-05, train_MAE: 11.7848, train_RMSE: 19.8792, train_MAPE: 7.9364]
2026-01-26 04:23:08,920 - easytorch-training - INFO - Start validation.
2026-01-26 04:23:13,840 - easytorch-training - INFO - Result <val>: [val_time: 4.92 (s), val_MAE: 13.7364, val_RMSE: 23.5471, val_MAPE: 10.9658]
2026-01-26 04:23:18,667 - easytorch-training - INFO - Evaluate best model on test data for horizon 1, Test MAE: 11.6734, Test RMSE: 19.3744, Test MAPE: 7.7092
2026-01-26 04:23:18,669 - easytorch-training - INFO - Evaluate best model on test data for horizon 2, Test MAE: 12.2586, Test RMSE: 20.7208, Test MAPE: 7.9385
2026-01-26 04:23:18,670 - easytorch-training - INFO - Evaluate best model on test data for horizon 3, Test MAE: 12.7293, Test RMSE: 21.7764, Test MAPE: 8.2448
2026-01-26 04:23:18,671 - easytorch-training - INFO - Evaluate best model on test data for horizon 4, Test MAE: 13.0965, Test RMSE: 22.6485, Test MAPE: 8.4222
2026-01-26 04:23:18,673 - easytorch-training - INFO - Evaluate best model on test data for horizon 5, Test MAE: 13.3967, Test RMSE: 23.3049, Test MAPE: 8.5730
2026-01-26 04:23:18,674 - easytorch-training - INFO - Evaluate best model on test data for horizon 6, Test MAE: 13.6732, Test RMSE: 23.8989, Test MAPE: 8.7804
2026-01-26 04:23:18,675 - easytorch-training - INFO - Evaluate best model on test data for horizon 7, Test MAE: 13.9289, Test RMSE: 24.4104, Test MAPE: 8.9633
2026-01-26 04:23:18,677 - easytorch-training - INFO - Evaluate best model on test data for horizon 8, Test MAE: 14.1501, Test RMSE: 24.8769, Test MAPE: 9.1478
2026-01-26 04:23:18,678 - easytorch-training - INFO - Evaluate best model on test data for horizon 9, Test MAE: 14.3832, Test RMSE: 25.2813, Test MAPE: 9.2479
2026-01-26 04:23:18,679 - easytorch-training - INFO - Evaluate best model on test data for horizon 10, Test MAE: 14.5608, Test RMSE: 25.6421, Test MAPE: 9.4430
2026-01-26 04:23:18,680 - easytorch-training - INFO - Evaluate best model on test data for horizon 11, Test MAE: 14.7287, Test RMSE: 25.9619, Test MAPE: 9.5275
2026-01-26 04:23:18,682 - easytorch-training - INFO - Evaluate best model on test data for horizon 12, Test MAE: 14.8706, Test RMSE: 26.1758, Test MAPE: 9.6397
2026-01-26 04:23:18,686 - easytorch-training - INFO - Result <test>: [test_time: 4.84 (s), test_MAE: 13.6208, test_RMSE: 23.7640, test_MAPE: 8.8031]
2026-01-26 04:23:19,112 - easytorch-training - INFO - Checkpoint checkpoints/STMAFNet_300/020df9ee7447a9cb965bf70236749dd4/STMAFNet_299.pt saved
2026-01-26 04:23:19,113 - easytorch-training - INFO - The estimated training finish time is 2026-01-26 04:26:01
2026-01-26 04:23:19,113 - easytorch-training - INFO - Epoch 300 / 300
2026-01-26 04:24:12,633 - easytorch-training - INFO - Result <train>: [train_time: 53.52 (s), lr: 6.25e-05, train_MAE: 11.7886, train_RMSE: 19.8949, train_MAPE: 7.9427]
2026-01-26 04:24:12,635 - easytorch-training - INFO - Start validation.
2026-01-26 04:24:17,555 - easytorch-training - INFO - Result <val>: [val_time: 4.92 (s), val_MAE: 13.7613, val_RMSE: 23.6290, val_MAPE: 11.3569]
2026-01-26 04:24:22,352 - easytorch-training - INFO - Evaluate best model on test data for horizon 1, Test MAE: 11.7001, Test RMSE: 19.4270, Test MAPE: 7.7598
2026-01-26 04:24:22,354 - easytorch-training - INFO - Evaluate best model on test data for horizon 2, Test MAE: 12.2890, Test RMSE: 20.7783, Test MAPE: 8.0701
2026-01-26 04:24:22,355 - easytorch-training - INFO - Evaluate best model on test data for horizon 3, Test MAE: 12.7582, Test RMSE: 21.8098, Test MAPE: 8.4336
2026-01-26 04:24:22,356 - easytorch-training - INFO - Evaluate best model on test data for horizon 4, Test MAE: 13.1294, Test RMSE: 22.6973, Test MAPE: 8.5486
2026-01-26 04:24:22,357 - easytorch-training - INFO - Evaluate best model on test data for horizon 5, Test MAE: 13.4232, Test RMSE: 23.3474, Test MAPE: 8.7967
2026-01-26 04:24:22,358 - easytorch-training - INFO - Evaluate best model on test data for horizon 6, Test MAE: 13.7217, Test RMSE: 23.9630, Test MAPE: 9.0936
2026-01-26 04:24:22,359 - easytorch-training - INFO - Evaluate best model on test data for horizon 7, Test MAE: 13.9448, Test RMSE: 24.4870, Test MAPE: 8.9882
2026-01-26 04:24:22,360 - easytorch-training - INFO - Evaluate best model on test data for horizon 8, Test MAE: 14.1698, Test RMSE: 24.9158, Test MAPE: 9.2048
2026-01-26 04:24:22,361 - easytorch-training - INFO - Evaluate best model on test data for horizon 9, Test MAE: 14.3727, Test RMSE: 25.3426, Test MAPE: 9.3286
2026-01-26 04:24:22,362 - easytorch-training - INFO - Evaluate best model on test data for horizon 10, Test MAE: 14.5624, Test RMSE: 25.7090, Test MAPE: 9.4597
2026-01-26 04:24:22,363 - easytorch-training - INFO - Evaluate best model on test data for horizon 11, Test MAE: 14.7588, Test RMSE: 26.0548, Test MAPE: 9.6037
2026-01-26 04:24:22,364 - easytorch-training - INFO - Evaluate best model on test data for horizon 12, Test MAE: 14.9026, Test RMSE: 26.2856, Test MAPE: 9.6545
2026-01-26 04:24:22,368 - easytorch-training - INFO - Result <test>: [test_time: 4.81 (s), test_MAE: 13.6444, test_RMSE: 23.8270, test_MAPE: 8.9118]
2026-01-26 04:24:22,767 - easytorch-training - INFO - Checkpoint checkpoints/STMAFNet_300/020df9ee7447a9cb965bf70236749dd4/STMAFNet_300.pt saved
2026-01-26 04:24:22,803 - easytorch-training - INFO - The training finished at 2026-01-26 04:24:22
