2026-01-25 11:58:08,949 - easytorch-training - INFO - Initializing training.
2026-01-25 11:58:08,950 - easytorch-training - INFO - Set clip grad, param: {'max_norm': 3.0}
2026-01-25 11:58:08,950 - easytorch-training - INFO - Building training data loader.
2026-01-25 11:58:09,622 - easytorch-training - INFO - Set optim: Adam (
Parameter Group 0
    amsgrad: False
    betas: (0.9, 0.999)
    capturable: False
    differentiable: False
    eps: 1e-08
    foreach: None
    fused: None
    lr: 0.002
    maximize: False
    weight_decay: 1e-05
)
2026-01-25 11:58:09,623 - easytorch-training - INFO - Set lr_scheduler: <torch.optim.lr_scheduler.MultiStepLR object at 0x7f478e8b6a30>
2026-01-25 11:58:09,624 - easytorch-training - INFO - Initializing validation.
2026-01-25 11:58:09,624 - easytorch-training - INFO - Building val data loader.
2026-01-25 11:58:09,693 - easytorch-training - INFO - Epoch 1 / 300
2026-01-25 11:59:32,446 - easytorch-training - INFO - Result <train>: [train_time: 82.75 (s), lr: 2.00e-03, train_MAE: 673.1570, train_RMSE: 825.2587, train_MAPE: 1100.9230]
2026-01-25 11:59:32,452 - easytorch-training - INFO - Start validation.
2026-01-25 11:59:43,626 - easytorch-training - INFO - Result <val>: [val_time: 11.17 (s), val_MAE: 22.5619, val_RMSE: 33.2638, val_MAPE: 19.1709]
2026-01-25 11:59:43,978 - easytorch-training - INFO - Checkpoint checkpoints/STMAFNet_300/21afeca3ffc10cdf4e90589d029b0e70/STMAFNet_best_val_MAE.pt saved
2026-01-25 11:59:55,031 - easytorch-training - INFO - Evaluate best model on test data for horizon 1, Test MAE: 15.4494, Test RMSE: 22.7565, Test MAPE: 11.8671
2026-01-25 11:59:55,040 - easytorch-training - INFO - Evaluate best model on test data for horizon 2, Test MAE: 16.9065, Test RMSE: 24.7835, Test MAPE: 15.2879
2026-01-25 11:59:55,048 - easytorch-training - INFO - Evaluate best model on test data for horizon 3, Test MAE: 17.7109, Test RMSE: 26.5180, Test MAPE: 14.1608
2026-01-25 11:59:55,053 - easytorch-training - INFO - Evaluate best model on test data for horizon 4, Test MAE: 20.7417, Test RMSE: 29.7478, Test MAPE: 22.7895
2026-01-25 11:59:55,058 - easytorch-training - INFO - Evaluate best model on test data for horizon 5, Test MAE: 20.7806, Test RMSE: 31.1273, Test MAPE: 16.1551
2026-01-25 11:59:55,066 - easytorch-training - INFO - Evaluate best model on test data for horizon 6, Test MAE: 20.6133, Test RMSE: 31.2549, Test MAPE: 16.3130
2026-01-25 11:59:55,075 - easytorch-training - INFO - Evaluate best model on test data for horizon 7, Test MAE: 21.7075, Test RMSE: 32.9297, Test MAPE: 16.9248
2026-01-25 11:59:55,083 - easytorch-training - INFO - Evaluate best model on test data for horizon 8, Test MAE: 22.9731, Test RMSE: 34.3539, Test MAPE: 19.4152
2026-01-25 11:59:55,093 - easytorch-training - INFO - Evaluate best model on test data for horizon 9, Test MAE: 24.0004, Test RMSE: 35.8987, Test MAPE: 21.8253
2026-01-25 11:59:55,101 - easytorch-training - INFO - Evaluate best model on test data for horizon 10, Test MAE: 26.5690, Test RMSE: 39.4600, Test MAPE: 19.5074
2026-01-25 11:59:55,104 - easytorch-training - INFO - Evaluate best model on test data for horizon 11, Test MAE: 26.3171, Test RMSE: 39.0419, Test MAPE: 21.0311
2026-01-25 11:59:55,105 - easytorch-training - INFO - Evaluate best model on test data for horizon 12, Test MAE: 30.3798, Test RMSE: 43.3872, Test MAPE: 27.6347
2026-01-25 11:59:55,110 - easytorch-training - INFO - Result <test>: [test_time: 11.13 (s), test_MAE: 22.0124, test_RMSE: 33.1450, test_MAPE: 18.5760]
2026-01-25 11:59:55,451 - easytorch-training - INFO - Checkpoint checkpoints/STMAFNet_300/21afeca3ffc10cdf4e90589d029b0e70/STMAFNet_001.pt saved
2026-01-25 11:59:55,452 - easytorch-training - INFO - The estimated training finish time is 2026-01-25 20:46:57
2026-01-25 11:59:55,452 - easytorch-training - INFO - Epoch 2 / 300
2026-01-25 12:01:25,973 - easytorch-training - INFO - Result <train>: [train_time: 90.52 (s), lr: 1.00e-03, train_MAE: 20.8927, train_RMSE: 32.0675, train_MAPE: 17.5711]
2026-01-25 12:01:25,975 - easytorch-training - INFO - Start validation.
2026-01-25 12:01:37,595 - easytorch-training - INFO - Result <val>: [val_time: 11.62 (s), val_MAE: 20.2558, val_RMSE: 30.2306, val_MAPE: 16.2518]
2026-01-25 12:01:38,149 - easytorch-training - INFO - Checkpoint checkpoints/STMAFNet_300/21afeca3ffc10cdf4e90589d029b0e70/STMAFNet_best_val_MAE.pt saved
2026-01-25 12:01:49,183 - easytorch-training - INFO - Evaluate best model on test data for horizon 1, Test MAE: 14.3589, Test RMSE: 21.4135, Test MAPE: 11.8455
2026-01-25 12:01:49,192 - easytorch-training - INFO - Evaluate best model on test data for horizon 2, Test MAE: 15.6298, Test RMSE: 23.6333, Test MAPE: 12.2207
2026-01-25 12:01:49,201 - easytorch-training - INFO - Evaluate best model on test data for horizon 3, Test MAE: 17.4349, Test RMSE: 25.9617, Test MAPE: 15.6309
2026-01-25 12:01:49,208 - easytorch-training - INFO - Evaluate best model on test data for horizon 4, Test MAE: 17.5094, Test RMSE: 26.7747, Test MAPE: 13.0877
2026-01-25 12:01:49,213 - easytorch-training - INFO - Evaluate best model on test data for horizon 5, Test MAE: 19.7749, Test RMSE: 29.3510, Test MAPE: 18.8329
2026-01-25 12:01:49,221 - easytorch-training - INFO - Evaluate best model on test data for horizon 6, Test MAE: 20.2746, Test RMSE: 30.0225, Test MAPE: 19.7356
2026-01-25 12:01:49,230 - easytorch-training - INFO - Evaluate best model on test data for horizon 7, Test MAE: 20.3350, Test RMSE: 31.0181, Test MAPE: 14.5408
2026-01-25 12:01:49,239 - easytorch-training - INFO - Evaluate best model on test data for horizon 8, Test MAE: 20.6457, Test RMSE: 31.6924, Test MAPE: 14.2408
2026-01-25 12:01:49,248 - easytorch-training - INFO - Evaluate best model on test data for horizon 9, Test MAE: 21.8886, Test RMSE: 33.0842, Test MAPE: 16.8908
2026-01-25 12:01:49,256 - easytorch-training - INFO - Evaluate best model on test data for horizon 10, Test MAE: 22.1553, Test RMSE: 33.7118, Test MAPE: 15.6690
2026-01-25 12:01:49,262 - easytorch-training - INFO - Evaluate best model on test data for horizon 11, Test MAE: 23.0193, Test RMSE: 34.9048, Test MAPE: 16.4143
2026-01-25 12:01:49,264 - easytorch-training - INFO - Evaluate best model on test data for horizon 12, Test MAE: 24.2397, Test RMSE: 36.6244, Test MAPE: 18.5189
2026-01-25 12:01:49,275 - easytorch-training - INFO - Result <test>: [test_time: 11.12 (s), test_MAE: 19.7722, test_RMSE: 30.1773, test_MAPE: 15.6357]
2026-01-25 12:01:49,706 - easytorch-training - INFO - Checkpoint checkpoints/STMAFNet_300/21afeca3ffc10cdf4e90589d029b0e70/STMAFNet_002.pt saved
2026-01-25 12:01:49,707 - easytorch-training - INFO - The estimated training finish time is 2026-01-25 21:08:11
2026-01-25 12:01:49,707 - easytorch-training - INFO - Epoch 3 / 300
2026-01-25 12:03:17,900 - easytorch-training - INFO - Result <train>: [train_time: 88.19 (s), lr: 1.00e-03, train_MAE: 19.8859, train_RMSE: 30.7961, train_MAPE: 15.9896]
2026-01-25 12:03:17,902 - easytorch-training - INFO - Start validation.
2026-01-25 12:03:28,291 - easytorch-training - INFO - Result <val>: [val_time: 10.39 (s), val_MAE: 18.8667, val_RMSE: 28.6070, val_MAPE: 14.1273]
2026-01-25 12:03:29,045 - easytorch-training - INFO - Checkpoint checkpoints/STMAFNet_300/21afeca3ffc10cdf4e90589d029b0e70/STMAFNet_best_val_MAE.pt saved
2026-01-25 12:03:38,920 - easytorch-training - INFO - Evaluate best model on test data for horizon 1, Test MAE: 13.7910, Test RMSE: 21.0687, Test MAPE: 9.7466
2026-01-25 12:03:38,925 - easytorch-training - INFO - Evaluate best model on test data for horizon 2, Test MAE: 14.8646, Test RMSE: 22.9133, Test MAPE: 11.1256
2026-01-25 12:03:38,933 - easytorch-training - INFO - Evaluate best model on test data for horizon 3, Test MAE: 15.7043, Test RMSE: 24.3282, Test MAPE: 11.4762
2026-01-25 12:03:38,942 - easytorch-training - INFO - Evaluate best model on test data for horizon 4, Test MAE: 16.6403, Test RMSE: 25.7947, Test MAPE: 11.3597
2026-01-25 12:03:38,951 - easytorch-training - INFO - Evaluate best model on test data for horizon 5, Test MAE: 17.3701, Test RMSE: 27.0019, Test MAPE: 12.0084
2026-01-25 12:03:38,960 - easytorch-training - INFO - Evaluate best model on test data for horizon 6, Test MAE: 18.2024, Test RMSE: 28.2254, Test MAPE: 12.2226
2026-01-25 12:03:38,968 - easytorch-training - INFO - Evaluate best model on test data for horizon 7, Test MAE: 19.0372, Test RMSE: 29.4072, Test MAPE: 12.8970
2026-01-25 12:03:38,977 - easytorch-training - INFO - Evaluate best model on test data for horizon 8, Test MAE: 19.9781, Test RMSE: 30.2685, Test MAPE: 18.3032
2026-01-25 12:03:38,986 - easytorch-training - INFO - Evaluate best model on test data for horizon 9, Test MAE: 20.6974, Test RMSE: 31.3244, Test MAPE: 17.0309
2026-01-25 12:03:38,995 - easytorch-training - INFO - Evaluate best model on test data for horizon 10, Test MAE: 21.1912, Test RMSE: 32.4174, Test MAPE: 14.2742
2026-01-25 12:03:39,003 - easytorch-training - INFO - Evaluate best model on test data for horizon 11, Test MAE: 21.7808, Test RMSE: 33.3147, Test MAPE: 15.1818
2026-01-25 12:03:39,007 - easytorch-training - INFO - Evaluate best model on test data for horizon 12, Test MAE: 22.5688, Test RMSE: 34.3512, Test MAPE: 18.1718
2026-01-25 12:03:39,020 - easytorch-training - INFO - Result <test>: [test_time: 9.97 (s), test_MAE: 18.4855, test_RMSE: 28.6572, test_MAPE: 13.6498]
2026-01-25 12:03:39,365 - easytorch-training - INFO - Checkpoint checkpoints/STMAFNet_300/21afeca3ffc10cdf4e90589d029b0e70/STMAFNet_003.pt saved
2026-01-25 12:03:39,366 - easytorch-training - INFO - The estimated training finish time is 2026-01-25 21:07:36
2026-01-25 12:03:39,366 - easytorch-training - INFO - Epoch 4 / 300
2026-01-25 12:05:04,970 - easytorch-training - INFO - Result <train>: [train_time: 85.60 (s), lr: 1.00e-03, train_MAE: 19.2624, train_RMSE: 30.0097, train_MAPE: 15.2141]
2026-01-25 12:05:04,972 - easytorch-training - INFO - Start validation.
2026-01-25 12:05:16,576 - easytorch-training - INFO - Result <val>: [val_time: 11.60 (s), val_MAE: 18.6909, val_RMSE: 28.2969, val_MAPE: 14.4607]
2026-01-25 12:05:17,367 - easytorch-training - INFO - Checkpoint checkpoints/STMAFNet_300/21afeca3ffc10cdf4e90589d029b0e70/STMAFNet_best_val_MAE.pt saved
2026-01-25 12:05:28,366 - easytorch-training - INFO - Evaluate best model on test data for horizon 1, Test MAE: 13.6541, Test RMSE: 20.8273, Test MAPE: 9.4894
2026-01-25 12:05:28,372 - easytorch-training - INFO - Evaluate best model on test data for horizon 2, Test MAE: 14.6582, Test RMSE: 22.6110, Test MAPE: 10.2460
2026-01-25 12:05:28,381 - easytorch-training - INFO - Evaluate best model on test data for horizon 3, Test MAE: 15.6426, Test RMSE: 24.2426, Test MAPE: 10.1984
2026-01-25 12:05:28,394 - easytorch-training - INFO - Evaluate best model on test data for horizon 4, Test MAE: 16.8155, Test RMSE: 25.6937, Test MAPE: 13.6899
2026-01-25 12:05:28,407 - easytorch-training - INFO - Evaluate best model on test data for horizon 5, Test MAE: 17.6524, Test RMSE: 26.8823, Test MAPE: 14.9728
2026-01-25 12:05:28,421 - easytorch-training - INFO - Evaluate best model on test data for horizon 6, Test MAE: 18.9153, Test RMSE: 28.3339, Test MAPE: 17.7069
2026-01-25 12:05:28,434 - easytorch-training - INFO - Evaluate best model on test data for horizon 7, Test MAE: 18.7087, Test RMSE: 28.8397, Test MAPE: 13.7881
2026-01-25 12:05:28,448 - easytorch-training - INFO - Evaluate best model on test data for horizon 8, Test MAE: 19.5758, Test RMSE: 29.9357, Test MAPE: 15.0594
2026-01-25 12:05:28,462 - easytorch-training - INFO - Evaluate best model on test data for horizon 9, Test MAE: 19.7110, Test RMSE: 30.5080, Test MAPE: 13.2791
2026-01-25 12:05:28,476 - easytorch-training - INFO - Evaluate best model on test data for horizon 10, Test MAE: 20.7068, Test RMSE: 31.6571, Test MAPE: 16.2056
2026-01-25 12:05:28,489 - easytorch-training - INFO - Evaluate best model on test data for horizon 11, Test MAE: 21.0027, Test RMSE: 32.2877, Test MAPE: 15.1824
2026-01-25 12:05:28,499 - easytorch-training - INFO - Evaluate best model on test data for horizon 12, Test MAE: 21.8707, Test RMSE: 33.4702, Test MAPE: 16.6935
2026-01-25 12:05:28,506 - easytorch-training - INFO - Result <test>: [test_time: 11.13 (s), test_MAE: 18.2428, test_RMSE: 28.1985, test_MAPE: 13.8760]
2026-01-25 12:05:28,849 - easytorch-training - INFO - Checkpoint checkpoints/STMAFNet_300/21afeca3ffc10cdf4e90589d029b0e70/STMAFNet_004.pt saved
2026-01-25 12:05:28,850 - easytorch-training - INFO - The estimated training finish time is 2026-01-25 21:07:06
2026-01-25 12:05:28,850 - easytorch-training - INFO - Epoch 5 / 300
2026-01-25 12:06:59,166 - easytorch-training - INFO - Result <train>: [train_time: 90.32 (s), lr: 1.00e-03, train_MAE: 18.4563, train_RMSE: 29.0228, train_MAPE: 14.1249]
2026-01-25 12:06:59,167 - easytorch-training - INFO - Start validation.
2026-01-25 12:07:10,770 - easytorch-training - INFO - Result <val>: [val_time: 11.60 (s), val_MAE: 18.1817, val_RMSE: 27.4109, val_MAPE: 14.5673]
2026-01-25 12:07:11,490 - easytorch-training - INFO - Checkpoint checkpoints/STMAFNet_300/21afeca3ffc10cdf4e90589d029b0e70/STMAFNet_best_val_MAE.pt saved
2026-01-25 12:07:22,114 - easytorch-training - INFO - Evaluate best model on test data for horizon 1, Test MAE: 13.5751, Test RMSE: 20.7804, Test MAPE: 9.0752
2026-01-25 12:07:22,123 - easytorch-training - INFO - Evaluate best model on test data for horizon 2, Test MAE: 14.6238, Test RMSE: 22.5467, Test MAPE: 10.5551
2026-01-25 12:07:22,125 - easytorch-training - INFO - Evaluate best model on test data for horizon 3, Test MAE: 15.0861, Test RMSE: 23.5452, Test MAPE: 10.8680
2026-01-25 12:07:22,127 - easytorch-training - INFO - Evaluate best model on test data for horizon 4, Test MAE: 16.5258, Test RMSE: 25.1435, Test MAPE: 13.5627
2026-01-25 12:07:22,136 - easytorch-training - INFO - Evaluate best model on test data for horizon 5, Test MAE: 17.3020, Test RMSE: 26.3257, Test MAPE: 13.9309
2026-01-25 12:07:22,145 - easytorch-training - INFO - Evaluate best model on test data for horizon 6, Test MAE: 17.7940, Test RMSE: 27.0132, Test MAPE: 16.7314
2026-01-25 12:07:22,155 - easytorch-training - INFO - Evaluate best model on test data for horizon 7, Test MAE: 18.6368, Test RMSE: 28.1263, Test MAPE: 16.5125
2026-01-25 12:07:22,167 - easytorch-training - INFO - Evaluate best model on test data for horizon 8, Test MAE: 18.8053, Test RMSE: 28.8187, Test MAPE: 13.2854
2026-01-25 12:07:22,180 - easytorch-training - INFO - Evaluate best model on test data for horizon 9, Test MAE: 19.1080, Test RMSE: 29.4300, Test MAPE: 13.4415
2026-01-25 12:07:22,186 - easytorch-training - INFO - Evaluate best model on test data for horizon 10, Test MAE: 20.1506, Test RMSE: 30.2781, Test MAPE: 18.5431
2026-01-25 12:07:22,193 - easytorch-training - INFO - Evaluate best model on test data for horizon 11, Test MAE: 20.3143, Test RMSE: 30.9473, Test MAPE: 14.2435
2026-01-25 12:07:22,204 - easytorch-training - INFO - Evaluate best model on test data for horizon 12, Test MAE: 21.3866, Test RMSE: 32.1280, Test MAPE: 16.7054
2026-01-25 12:07:22,220 - easytorch-training - INFO - Result <test>: [test_time: 10.73 (s), test_MAE: 17.7757, test_RMSE: 27.3007, test_MAPE: 13.9545]
2026-01-25 12:07:22,566 - easytorch-training - INFO - Checkpoint checkpoints/STMAFNet_300/21afeca3ffc10cdf4e90589d029b0e70/STMAFNet_005.pt saved
2026-01-25 12:07:22,567 - easytorch-training - INFO - The estimated training finish time is 2026-01-25 21:11:02
2026-01-25 12:07:22,567 - easytorch-training - INFO - Epoch 6 / 300
2026-01-25 12:08:46,532 - easytorch-training - INFO - Result <train>: [train_time: 83.96 (s), lr: 1.00e-03, train_MAE: 17.7235, train_RMSE: 28.0701, train_MAPE: 13.2821]
2026-01-25 12:08:46,534 - easytorch-training - INFO - Start validation.
2026-01-25 12:08:56,839 - easytorch-training - INFO - Result <val>: [val_time: 10.31 (s), val_MAE: 17.0267, val_RMSE: 26.1481, val_MAPE: 12.8466]
2026-01-25 12:08:57,363 - easytorch-training - INFO - Checkpoint checkpoints/STMAFNet_300/21afeca3ffc10cdf4e90589d029b0e70/STMAFNet_best_val_MAE.pt saved
2026-01-25 12:09:06,068 - easytorch-training - INFO - Evaluate best model on test data for horizon 1, Test MAE: 13.8568, Test RMSE: 20.8253, Test MAPE: 10.9294
2026-01-25 12:09:06,071 - easytorch-training - INFO - Evaluate best model on test data for horizon 2, Test MAE: 14.6916, Test RMSE: 22.3758, Test MAPE: 11.8099
2026-01-25 12:09:06,073 - easytorch-training - INFO - Evaluate best model on test data for horizon 3, Test MAE: 14.9183, Test RMSE: 23.2680, Test MAPE: 10.0766
2026-01-25 12:09:06,075 - easytorch-training - INFO - Evaluate best model on test data for horizon 4, Test MAE: 15.9413, Test RMSE: 24.5257, Test MAPE: 13.1167
2026-01-25 12:09:06,076 - easytorch-training - INFO - Evaluate best model on test data for horizon 5, Test MAE: 16.0044, Test RMSE: 25.0950, Test MAPE: 11.3750
2026-01-25 12:09:06,077 - easytorch-training - INFO - Evaluate best model on test data for horizon 6, Test MAE: 16.3159, Test RMSE: 25.7795, Test MAPE: 10.9434
2026-01-25 12:09:06,079 - easytorch-training - INFO - Evaluate best model on test data for horizon 7, Test MAE: 17.1559, Test RMSE: 26.6587, Test MAPE: 13.3398
2026-01-25 12:09:06,080 - easytorch-training - INFO - Evaluate best model on test data for horizon 8, Test MAE: 17.3423, Test RMSE: 27.2042, Test MAPE: 12.2826
2026-01-25 12:09:06,082 - easytorch-training - INFO - Evaluate best model on test data for horizon 9, Test MAE: 17.8095, Test RMSE: 27.7929, Test MAPE: 12.5624
2026-01-25 12:09:06,084 - easytorch-training - INFO - Evaluate best model on test data for horizon 10, Test MAE: 18.7891, Test RMSE: 28.7138, Test MAPE: 16.2567
2026-01-25 12:09:06,085 - easytorch-training - INFO - Evaluate best model on test data for horizon 11, Test MAE: 18.4243, Test RMSE: 28.8762, Test MAPE: 12.4540
2026-01-25 12:09:06,087 - easytorch-training - INFO - Evaluate best model on test data for horizon 12, Test MAE: 19.0218, Test RMSE: 29.6635, Test MAPE: 12.7522
2026-01-25 12:09:06,092 - easytorch-training - INFO - Result <test>: [test_time: 8.73 (s), test_MAE: 16.6893, test_RMSE: 26.0337, test_MAPE: 12.3249]
2026-01-25 12:09:06,441 - easytorch-training - INFO - Checkpoint checkpoints/STMAFNet_300/21afeca3ffc10cdf4e90589d029b0e70/STMAFNet_006.pt saved
2026-01-25 12:09:06,441 - easytorch-training - INFO - The estimated training finish time is 2026-01-25 21:05:27
2026-01-25 12:09:06,442 - easytorch-training - INFO - Epoch 7 / 300
2026-01-25 12:10:38,094 - easytorch-training - INFO - Result <train>: [train_time: 91.65 (s), lr: 1.00e-03, train_MAE: 17.2235, train_RMSE: 27.4324, train_MAPE: 12.6797]
2026-01-25 12:10:38,096 - easytorch-training - INFO - Start validation.
2026-01-25 12:10:48,949 - easytorch-training - INFO - Result <val>: [val_time: 10.85 (s), val_MAE: 17.0363, val_RMSE: 26.0200, val_MAPE: 15.6504]
2026-01-25 12:10:58,944 - easytorch-training - INFO - Evaluate best model on test data for horizon 1, Test MAE: 13.3077, Test RMSE: 20.3893, Test MAPE: 11.5290
2026-01-25 12:10:58,956 - easytorch-training - INFO - Evaluate best model on test data for horizon 2, Test MAE: 14.4163, Test RMSE: 22.0996, Test MAPE: 13.9013
2026-01-25 12:10:58,970 - easytorch-training - INFO - Evaluate best model on test data for horizon 3, Test MAE: 15.2996, Test RMSE: 23.4018, Test MAPE: 15.6195
2026-01-25 12:10:58,982 - easytorch-training - INFO - Evaluate best model on test data for horizon 4, Test MAE: 15.4880, Test RMSE: 24.2038, Test MAPE: 13.1161
2026-01-25 12:10:58,995 - easytorch-training - INFO - Evaluate best model on test data for horizon 5, Test MAE: 15.9974, Test RMSE: 25.0544, Test MAPE: 13.3154
2026-01-25 12:10:59,002 - easytorch-training - INFO - Evaluate best model on test data for horizon 6, Test MAE: 16.6709, Test RMSE: 25.8747, Test MAPE: 15.4685
2026-01-25 12:10:59,011 - easytorch-training - INFO - Evaluate best model on test data for horizon 7, Test MAE: 17.2677, Test RMSE: 26.6116, Test MAPE: 17.3821
2026-01-25 12:10:59,025 - easytorch-training - INFO - Evaluate best model on test data for horizon 8, Test MAE: 17.5821, Test RMSE: 27.2952, Test MAPE: 16.1858
2026-01-25 12:10:59,038 - easytorch-training - INFO - Evaluate best model on test data for horizon 9, Test MAE: 17.6848, Test RMSE: 27.6956, Test MAPE: 13.4706
2026-01-25 12:10:59,052 - easytorch-training - INFO - Evaluate best model on test data for horizon 10, Test MAE: 18.2634, Test RMSE: 28.3011, Test MAPE: 15.5943
2026-01-25 12:10:59,066 - easytorch-training - INFO - Evaluate best model on test data for horizon 11, Test MAE: 18.7311, Test RMSE: 28.9577, Test MAPE: 16.8783
2026-01-25 12:10:59,078 - easytorch-training - INFO - Evaluate best model on test data for horizon 12, Test MAE: 18.9070, Test RMSE: 29.4534, Test MAPE: 13.9584
2026-01-25 12:10:59,084 - easytorch-training - INFO - Result <test>: [test_time: 10.13 (s), test_MAE: 16.6346, test_RMSE: 25.9198, test_MAPE: 14.7016]
2026-01-25 12:10:59,429 - easytorch-training - INFO - Checkpoint checkpoints/STMAFNet_300/21afeca3ffc10cdf4e90589d029b0e70/STMAFNet_007.pt saved
2026-01-25 12:10:59,430 - easytorch-training - INFO - The estimated training finish time is 2026-01-25 21:07:58
2026-01-25 12:10:59,430 - easytorch-training - INFO - Epoch 8 / 300
2026-01-25 12:12:30,405 - easytorch-training - INFO - Result <train>: [train_time: 90.98 (s), lr: 1.00e-03, train_MAE: 16.9284, train_RMSE: 27.0082, train_MAPE: 12.5218]
2026-01-25 12:12:30,407 - easytorch-training - INFO - Start validation.
2026-01-25 12:12:39,722 - easytorch-training - INFO - Result <val>: [val_time: 9.31 (s), val_MAE: 16.3620, val_RMSE: 25.3812, val_MAPE: 11.4914]
2026-01-25 12:12:40,398 - easytorch-training - INFO - Checkpoint checkpoints/STMAFNet_300/21afeca3ffc10cdf4e90589d029b0e70/STMAFNet_best_val_MAE.pt saved
2026-01-25 12:12:49,684 - easytorch-training - INFO - Evaluate best model on test data for horizon 1, Test MAE: 13.3777, Test RMSE: 20.6604, Test MAPE: 8.7750
2026-01-25 12:12:49,693 - easytorch-training - INFO - Evaluate best model on test data for horizon 2, Test MAE: 14.1464, Test RMSE: 22.1264, Test MAPE: 9.3910
2026-01-25 12:12:49,701 - easytorch-training - INFO - Evaluate best model on test data for horizon 3, Test MAE: 15.0766, Test RMSE: 23.5510, Test MAPE: 10.0424
2026-01-25 12:12:49,710 - easytorch-training - INFO - Evaluate best model on test data for horizon 4, Test MAE: 15.0103, Test RMSE: 23.7891, Test MAPE: 9.8542
2026-01-25 12:12:49,718 - easytorch-training - INFO - Evaluate best model on test data for horizon 5, Test MAE: 15.3378, Test RMSE: 24.4498, Test MAPE: 9.9486
2026-01-25 12:12:49,727 - easytorch-training - INFO - Evaluate best model on test data for horizon 6, Test MAE: 15.7962, Test RMSE: 25.1998, Test MAPE: 10.3112
2026-01-25 12:12:49,732 - easytorch-training - INFO - Evaluate best model on test data for horizon 7, Test MAE: 16.2982, Test RMSE: 25.8423, Test MAPE: 11.1923
2026-01-25 12:12:49,735 - easytorch-training - INFO - Evaluate best model on test data for horizon 8, Test MAE: 16.7024, Test RMSE: 26.4879, Test MAPE: 11.0661
2026-01-25 12:12:49,736 - easytorch-training - INFO - Evaluate best model on test data for horizon 9, Test MAE: 17.1980, Test RMSE: 27.1172, Test MAPE: 11.0242
2026-01-25 12:12:49,738 - easytorch-training - INFO - Evaluate best model on test data for horizon 10, Test MAE: 17.5711, Test RMSE: 27.6753, Test MAPE: 11.5590
2026-01-25 12:12:49,745 - easytorch-training - INFO - Evaluate best model on test data for horizon 11, Test MAE: 17.9525, Test RMSE: 28.1175, Test MAPE: 11.4948
2026-01-25 12:12:49,753 - easytorch-training - INFO - Evaluate best model on test data for horizon 12, Test MAE: 18.3067, Test RMSE: 28.6462, Test MAPE: 12.4955
2026-01-25 12:12:49,766 - easytorch-training - INFO - Result <test>: [test_time: 9.37 (s), test_MAE: 16.0645, test_RMSE: 25.4161, test_MAPE: 10.5962]
2026-01-25 12:12:50,112 - easytorch-training - INFO - Checkpoint checkpoints/STMAFNet_300/21afeca3ffc10cdf4e90589d029b0e70/STMAFNet_008.pt saved
2026-01-25 12:12:50,113 - easytorch-training - INFO - The estimated training finish time is 2026-01-25 21:08:25
2026-01-25 12:12:50,113 - easytorch-training - INFO - Epoch 9 / 300
2026-01-25 12:14:42,159 - easytorch-training - INFO - Result <train>: [train_time: 112.05 (s), lr: 1.00e-03, train_MAE: 16.6065, train_RMSE: 26.6217, train_MAPE: 11.9382]
2026-01-25 12:14:42,160 - easytorch-training - INFO - Start validation.
2026-01-25 12:14:57,383 - easytorch-training - INFO - Result <val>: [val_time: 15.22 (s), val_MAE: 16.2034, val_RMSE: 25.0428, val_MAPE: 12.2566]
2026-01-25 12:14:57,927 - easytorch-training - INFO - Checkpoint checkpoints/STMAFNet_300/21afeca3ffc10cdf4e90589d029b0e70/STMAFNet_best_val_MAE.pt saved
2026-01-25 12:15:12,514 - easytorch-training - INFO - Evaluate best model on test data for horizon 1, Test MAE: 12.8921, Test RMSE: 20.0556, Test MAPE: 8.3626
2026-01-25 12:15:12,530 - easytorch-training - INFO - Evaluate best model on test data for horizon 2, Test MAE: 13.6983, Test RMSE: 21.5179, Test MAPE: 9.1026
2026-01-25 12:15:12,542 - easytorch-training - INFO - Evaluate best model on test data for horizon 3, Test MAE: 14.3879, Test RMSE: 22.6348, Test MAPE: 9.7953
2026-01-25 12:15:12,550 - easytorch-training - INFO - Evaluate best model on test data for horizon 4, Test MAE: 14.9435, Test RMSE: 23.5370, Test MAPE: 10.0905
2026-01-25 12:15:12,564 - easytorch-training - INFO - Evaluate best model on test data for horizon 5, Test MAE: 15.6182, Test RMSE: 24.4319, Test MAPE: 11.8886
2026-01-25 12:15:12,580 - easytorch-training - INFO - Evaluate best model on test data for horizon 6, Test MAE: 16.0496, Test RMSE: 25.0654, Test MAPE: 12.6318
2026-01-25 12:15:12,596 - easytorch-training - INFO - Evaluate best model on test data for horizon 7, Test MAE: 16.1801, Test RMSE: 25.4917, Test MAPE: 11.9271
2026-01-25 12:15:12,610 - easytorch-training - INFO - Evaluate best model on test data for horizon 8, Test MAE: 16.8053, Test RMSE: 26.2182, Test MAPE: 13.7764
2026-01-25 12:15:12,621 - easytorch-training - INFO - Evaluate best model on test data for horizon 9, Test MAE: 16.8390, Test RMSE: 26.5731, Test MAPE: 11.0425
2026-01-25 12:15:12,631 - easytorch-training - INFO - Evaluate best model on test data for horizon 10, Test MAE: 17.2917, Test RMSE: 27.0713, Test MAPE: 12.8612
2026-01-25 12:15:12,639 - easytorch-training - INFO - Evaluate best model on test data for horizon 11, Test MAE: 17.7937, Test RMSE: 27.7864, Test MAPE: 12.2107
2026-01-25 12:15:12,655 - easytorch-training - INFO - Evaluate best model on test data for horizon 12, Test MAE: 18.1727, Test RMSE: 28.2643, Test MAPE: 13.2199
2026-01-25 12:15:12,674 - easytorch-training - INFO - Result <test>: [test_time: 14.74 (s), test_MAE: 15.8893, test_RMSE: 25.0065, test_MAPE: 11.4091]
2026-01-25 12:15:13,016 - easytorch-training - INFO - Checkpoint checkpoints/STMAFNet_300/21afeca3ffc10cdf4e90589d029b0e70/STMAFNet_009.pt saved
2026-01-25 12:15:13,017 - easytorch-training - INFO - The estimated training finish time is 2026-01-25 21:26:40
2026-01-25 12:15:13,017 - easytorch-training - INFO - Epoch 10 / 300
2026-01-25 12:17:10,926 - easytorch-training - INFO - Result <train>: [train_time: 117.91 (s), lr: 1.00e-03, train_MAE: 16.4004, train_RMSE: 26.3322, train_MAPE: 11.8848]
2026-01-25 12:17:10,928 - easytorch-training - INFO - Start validation.
2026-01-25 12:17:26,284 - easytorch-training - INFO - Result <val>: [val_time: 15.36 (s), val_MAE: 16.3755, val_RMSE: 25.1600, val_MAPE: 12.0410]
2026-01-25 12:17:41,021 - easytorch-training - INFO - Evaluate best model on test data for horizon 1, Test MAE: 13.4645, Test RMSE: 20.4677, Test MAPE: 10.8992
2026-01-25 12:17:41,036 - easytorch-training - INFO - Evaluate best model on test data for horizon 2, Test MAE: 14.4080, Test RMSE: 22.0192, Test MAPE: 11.6858
2026-01-25 12:17:41,055 - easytorch-training - INFO - Evaluate best model on test data for horizon 3, Test MAE: 14.6063, Test RMSE: 22.7736, Test MAPE: 11.0007
2026-01-25 12:17:41,074 - easytorch-training - INFO - Evaluate best model on test data for horizon 4, Test MAE: 14.9750, Test RMSE: 23.5521, Test MAPE: 10.0275
2026-01-25 12:17:41,095 - easytorch-training - INFO - Evaluate best model on test data for horizon 5, Test MAE: 15.7878, Test RMSE: 24.6136, Test MAPE: 11.0169
2026-01-25 12:17:41,112 - easytorch-training - INFO - Evaluate best model on test data for horizon 6, Test MAE: 16.2263, Test RMSE: 25.2419, Test MAPE: 10.9165
2026-01-25 12:17:41,127 - easytorch-training - INFO - Evaluate best model on test data for horizon 7, Test MAE: 16.6758, Test RMSE: 25.8478, Test MAPE: 12.2155
2026-01-25 12:17:41,141 - easytorch-training - INFO - Evaluate best model on test data for horizon 8, Test MAE: 16.7069, Test RMSE: 26.1959, Test MAPE: 11.2154
2026-01-25 12:17:41,159 - easytorch-training - INFO - Evaluate best model on test data for horizon 9, Test MAE: 16.8515, Test RMSE: 26.4956, Test MAPE: 11.1880
2026-01-25 12:17:41,180 - easytorch-training - INFO - Evaluate best model on test data for horizon 10, Test MAE: 17.1663, Test RMSE: 26.9049, Test MAPE: 11.4866
2026-01-25 12:17:41,192 - easytorch-training - INFO - Evaluate best model on test data for horizon 11, Test MAE: 17.6052, Test RMSE: 27.4925, Test MAPE: 11.6516
2026-01-25 12:17:41,203 - easytorch-training - INFO - Evaluate best model on test data for horizon 12, Test MAE: 17.9489, Test RMSE: 28.0586, Test MAPE: 11.9549
2026-01-25 12:17:41,215 - easytorch-training - INFO - Result <test>: [test_time: 14.93 (s), test_MAE: 16.0352, test_RMSE: 25.0723, test_MAPE: 11.2715]
2026-01-25 12:17:41,653 - easytorch-training - INFO - Checkpoint checkpoints/STMAFNet_300/21afeca3ffc10cdf4e90589d029b0e70/STMAFNet_010.pt saved
2026-01-25 12:17:41,681 - easytorch-training - INFO - The estimated training finish time is 2026-01-25 21:44:09
2026-01-25 12:17:41,681 - easytorch-training - INFO - Epoch 11 / 300
2026-01-25 12:19:07,622 - easytorch-training - INFO - Result <train>: [train_time: 85.94 (s), lr: 1.00e-03, train_MAE: 16.2475, train_RMSE: 26.1109, train_MAPE: 11.9111]
2026-01-25 12:19:07,624 - easytorch-training - INFO - Start validation.
2026-01-25 12:19:17,996 - easytorch-training - INFO - Result <val>: [val_time: 10.37 (s), val_MAE: 16.3600, val_RMSE: 25.0857, val_MAPE: 12.9823]
2026-01-25 12:19:27,850 - easytorch-training - INFO - Evaluate best model on test data for horizon 1, Test MAE: 12.9586, Test RMSE: 20.0969, Test MAPE: 8.6490
2026-01-25 12:19:27,859 - easytorch-training - INFO - Evaluate best model on test data for horizon 2, Test MAE: 13.7735, Test RMSE: 21.5110, Test MAPE: 9.1723
2026-01-25 12:19:27,867 - easytorch-training - INFO - Evaluate best model on test data for horizon 3, Test MAE: 14.6254, Test RMSE: 22.5516, Test MAPE: 11.8776
2026-01-25 12:19:27,876 - easytorch-training - INFO - Evaluate best model on test data for horizon 4, Test MAE: 15.0915, Test RMSE: 23.5438, Test MAPE: 10.7105
2026-01-25 12:19:27,885 - easytorch-training - INFO - Evaluate best model on test data for horizon 5, Test MAE: 15.7188, Test RMSE: 24.4817, Test MAPE: 11.0252
2026-01-25 12:19:27,893 - easytorch-training - INFO - Evaluate best model on test data for horizon 6, Test MAE: 16.0707, Test RMSE: 24.9639, Test MAPE: 12.1532
2026-01-25 12:19:27,895 - easytorch-training - INFO - Evaluate best model on test data for horizon 7, Test MAE: 16.7991, Test RMSE: 25.9017, Test MAPE: 12.4031
2026-01-25 12:19:27,897 - easytorch-training - INFO - Evaluate best model on test data for horizon 8, Test MAE: 17.0447, Test RMSE: 26.3463, Test MAPE: 12.5007
2026-01-25 12:19:27,898 - easytorch-training - INFO - Evaluate best model on test data for horizon 9, Test MAE: 17.2514, Test RMSE: 26.6520, Test MAPE: 13.1832
2026-01-25 12:19:27,900 - easytorch-training - INFO - Evaluate best model on test data for horizon 10, Test MAE: 18.1335, Test RMSE: 27.3419, Test MAPE: 16.2675
2026-01-25 12:19:27,901 - easytorch-training - INFO - Evaluate best model on test data for horizon 11, Test MAE: 18.1602, Test RMSE: 27.9143, Test MAPE: 12.9696
2026-01-25 12:19:27,910 - easytorch-training - INFO - Evaluate best model on test data for horizon 12, Test MAE: 18.4656, Test RMSE: 28.3457, Test MAPE: 13.6600
2026-01-25 12:19:27,922 - easytorch-training - INFO - Result <test>: [test_time: 9.92 (s), test_MAE: 16.1744, test_RMSE: 25.0959, test_MAPE: 12.0477]
2026-01-25 12:19:28,267 - easytorch-training - INFO - Checkpoint checkpoints/STMAFNet_300/21afeca3ffc10cdf4e90589d029b0e70/STMAFNet_011.pt saved
2026-01-25 12:19:28,268 - easytorch-training - INFO - The estimated training finish time is 2026-01-25 21:39:19
2026-01-25 12:19:28,268 - easytorch-training - INFO - Epoch 12 / 300
2026-01-25 12:20:56,244 - easytorch-training - INFO - Result <train>: [train_time: 87.98 (s), lr: 1.00e-03, train_MAE: 16.0426, train_RMSE: 25.8552, train_MAPE: 11.6704]
2026-01-25 12:20:56,245 - easytorch-training - INFO - Start validation.
2026-01-25 12:21:11,357 - easytorch-training - INFO - Result <val>: [val_time: 15.11 (s), val_MAE: 15.6603, val_RMSE: 24.4823, val_MAPE: 11.7616]
2026-01-25 12:21:11,966 - easytorch-training - INFO - Checkpoint checkpoints/STMAFNet_300/21afeca3ffc10cdf4e90589d029b0e70/STMAFNet_best_val_MAE.pt saved
2026-01-25 12:21:26,724 - easytorch-training - INFO - Evaluate best model on test data for horizon 1, Test MAE: 12.9510, Test RMSE: 20.0448, Test MAPE: 9.1510
2026-01-25 12:21:26,743 - easytorch-training - INFO - Evaluate best model on test data for horizon 2, Test MAE: 13.4665, Test RMSE: 21.2586, Test MAPE: 8.9956
2026-01-25 12:21:26,757 - easytorch-training - INFO - Evaluate best model on test data for horizon 3, Test MAE: 14.0187, Test RMSE: 22.2341, Test MAPE: 9.1039
2026-01-25 12:21:26,774 - easytorch-training - INFO - Evaluate best model on test data for horizon 4, Test MAE: 14.7944, Test RMSE: 23.2761, Test MAPE: 11.1431
2026-01-25 12:21:26,795 - easytorch-training - INFO - Evaluate best model on test data for horizon 5, Test MAE: 15.0722, Test RMSE: 23.9184, Test MAPE: 10.9581
2026-01-25 12:21:26,811 - easytorch-training - INFO - Evaluate best model on test data for horizon 6, Test MAE: 15.2280, Test RMSE: 24.3784, Test MAPE: 9.8867
2026-01-25 12:21:26,828 - easytorch-training - INFO - Evaluate best model on test data for horizon 7, Test MAE: 15.6685, Test RMSE: 25.0111, Test MAPE: 10.3848
2026-01-25 12:21:26,844 - easytorch-training - INFO - Evaluate best model on test data for horizon 8, Test MAE: 16.0739, Test RMSE: 25.5368, Test MAPE: 11.6059
2026-01-25 12:21:26,857 - easytorch-training - INFO - Evaluate best model on test data for horizon 9, Test MAE: 16.4142, Test RMSE: 25.9982, Test MAPE: 11.7936
2026-01-25 12:21:26,867 - easytorch-training - INFO - Evaluate best model on test data for horizon 10, Test MAE: 16.7033, Test RMSE: 26.4396, Test MAPE: 11.8566
2026-01-25 12:21:26,882 - easytorch-training - INFO - Evaluate best model on test data for horizon 11, Test MAE: 17.0643, Test RMSE: 26.8951, Test MAPE: 12.5147
2026-01-25 12:21:26,929 - easytorch-training - INFO - Evaluate best model on test data for horizon 12, Test MAE: 17.7418, Test RMSE: 27.7226, Test MAPE: 14.1989
2026-01-25 12:21:26,935 - easytorch-training - INFO - Result <test>: [test_time: 14.97 (s), test_MAE: 15.4331, test_RMSE: 24.4962, test_MAPE: 10.9661]
2026-01-25 12:21:27,367 - easytorch-training - INFO - Checkpoint checkpoints/STMAFNet_300/21afeca3ffc10cdf4e90589d029b0e70/STMAFNet_012.pt saved
2026-01-25 12:21:27,368 - easytorch-training - INFO - The estimated training finish time is 2026-01-25 21:40:31
2026-01-25 12:21:27,368 - easytorch-training - INFO - Epoch 13 / 300
2026-01-25 12:23:22,823 - easytorch-training - INFO - Result <train>: [train_time: 115.45 (s), lr: 1.00e-03, train_MAE: 15.9758, train_RMSE: 25.7696, train_MAPE: 11.4398]
2026-01-25 12:23:22,824 - easytorch-training - INFO - Start validation.
2026-01-25 12:23:34,386 - easytorch-training - INFO - Result <val>: [val_time: 11.56 (s), val_MAE: 15.8805, val_RMSE: 24.6154, val_MAPE: 11.7409]
2026-01-25 12:23:45,358 - easytorch-training - INFO - Evaluate best model on test data for horizon 1, Test MAE: 13.1878, Test RMSE: 20.1680, Test MAPE: 10.7878
2026-01-25 12:23:45,366 - easytorch-training - INFO - Evaluate best model on test data for horizon 2, Test MAE: 13.8815, Test RMSE: 21.4475, Test MAPE: 11.1753
2026-01-25 12:23:45,375 - easytorch-training - INFO - Evaluate best model on test data for horizon 3, Test MAE: 14.0781, Test RMSE: 22.2621, Test MAPE: 9.0799
2026-01-25 12:23:45,383 - easytorch-training - INFO - Evaluate best model on test data for horizon 4, Test MAE: 14.7055, Test RMSE: 23.1892, Test MAPE: 10.0762
2026-01-25 12:23:45,392 - easytorch-training - INFO - Evaluate best model on test data for horizon 5, Test MAE: 15.2216, Test RMSE: 23.9721, Test MAPE: 11.1263
2026-01-25 12:23:45,400 - easytorch-training - INFO - Evaluate best model on test data for horizon 6, Test MAE: 15.4326, Test RMSE: 24.5778, Test MAPE: 9.9207
2026-01-25 12:23:45,403 - easytorch-training - INFO - Evaluate best model on test data for horizon 7, Test MAE: 15.8498, Test RMSE: 25.1892, Test MAPE: 10.2073
2026-01-25 12:23:45,405 - easytorch-training - INFO - Evaluate best model on test data for horizon 8, Test MAE: 16.7082, Test RMSE: 25.9949, Test MAPE: 13.0836
2026-01-25 12:23:45,412 - easytorch-training - INFO - Evaluate best model on test data for horizon 9, Test MAE: 16.7726, Test RMSE: 26.3055, Test MAPE: 11.2174
2026-01-25 12:23:45,422 - easytorch-training - INFO - Evaluate best model on test data for horizon 10, Test MAE: 16.9278, Test RMSE: 26.6303, Test MAPE: 10.9621
2026-01-25 12:23:45,430 - easytorch-training - INFO - Evaluate best model on test data for horizon 11, Test MAE: 17.1992, Test RMSE: 27.0116, Test MAPE: 11.2347
2026-01-25 12:23:45,439 - easytorch-training - INFO - Evaluate best model on test data for horizon 12, Test MAE: 17.5677, Test RMSE: 27.5299, Test MAPE: 12.0890
2026-01-25 12:23:45,452 - easytorch-training - INFO - Result <test>: [test_time: 11.06 (s), test_MAE: 15.6277, test_RMSE: 24.6267, test_MAPE: 10.9134]
2026-01-25 12:23:45,805 - easytorch-training - INFO - Checkpoint checkpoints/STMAFNet_300/21afeca3ffc10cdf4e90589d029b0e70/STMAFNet_013.pt saved
2026-01-25 12:23:45,806 - easytorch-training - INFO - The estimated training finish time is 2026-01-25 21:48:58
2026-01-25 12:23:45,806 - easytorch-training - INFO - Epoch 14 / 300
2026-01-25 12:25:07,689 - easytorch-training - INFO - Result <train>: [train_time: 81.88 (s), lr: 1.00e-03, train_MAE: 15.7513, train_RMSE: 25.4934, train_MAPE: 11.2453]
2026-01-25 12:25:07,691 - easytorch-training - INFO - Start validation.
2026-01-25 12:25:18,040 - easytorch-training - INFO - Result <val>: [val_time: 10.35 (s), val_MAE: 15.3710, val_RMSE: 24.1451, val_MAPE: 11.6769]
2026-01-25 12:25:18,837 - easytorch-training - INFO - Checkpoint checkpoints/STMAFNet_300/21afeca3ffc10cdf4e90589d029b0e70/STMAFNet_best_val_MAE.pt saved
2026-01-25 12:25:28,718 - easytorch-training - INFO - Evaluate best model on test data for horizon 1, Test MAE: 12.8148, Test RMSE: 19.9414, Test MAPE: 9.2901
2026-01-25 12:25:28,727 - easytorch-training - INFO - Evaluate best model on test data for horizon 2, Test MAE: 13.4409, Test RMSE: 21.2322, Test MAPE: 9.2278
2026-01-25 12:25:28,736 - easytorch-training - INFO - Evaluate best model on test data for horizon 3, Test MAE: 14.0106, Test RMSE: 22.1488, Test MAPE: 10.4017
2026-01-25 12:25:28,744 - easytorch-training - INFO - Evaluate best model on test data for horizon 4, Test MAE: 14.4738, Test RMSE: 23.0019, Test MAPE: 9.8816
2026-01-25 12:25:28,754 - easytorch-training - INFO - Evaluate best model on test data for horizon 5, Test MAE: 14.8587, Test RMSE: 23.6497, Test MAPE: 9.7039
2026-01-25 12:25:28,763 - easytorch-training - INFO - Evaluate best model on test data for horizon 6, Test MAE: 15.1321, Test RMSE: 24.1226, Test MAPE: 10.5486
2026-01-25 12:25:28,771 - easytorch-training - INFO - Evaluate best model on test data for horizon 7, Test MAE: 15.5151, Test RMSE: 24.7068, Test MAPE: 10.3382
2026-01-25 12:25:28,776 - easytorch-training - INFO - Evaluate best model on test data for horizon 8, Test MAE: 15.8216, Test RMSE: 25.1253, Test MAPE: 11.0380
2026-01-25 12:25:28,782 - easytorch-training - INFO - Evaluate best model on test data for horizon 9, Test MAE: 16.0196, Test RMSE: 25.5109, Test MAPE: 10.6923
2026-01-25 12:25:28,791 - easytorch-training - INFO - Evaluate best model on test data for horizon 10, Test MAE: 16.3769, Test RMSE: 25.9667, Test MAPE: 10.9830
2026-01-25 12:25:28,800 - easytorch-training - INFO - Evaluate best model on test data for horizon 11, Test MAE: 16.5693, Test RMSE: 26.2659, Test MAPE: 11.3150
2026-01-25 12:25:28,809 - easytorch-training - INFO - Evaluate best model on test data for horizon 12, Test MAE: 17.0350, Test RMSE: 26.7950, Test MAPE: 12.6319
2026-01-25 12:25:28,821 - easytorch-training - INFO - Result <test>: [test_time: 9.98 (s), test_MAE: 15.1724, test_RMSE: 24.1246, test_MAPE: 10.5043]
2026-01-25 12:25:29,179 - easytorch-training - INFO - Checkpoint checkpoints/STMAFNet_300/21afeca3ffc10cdf4e90589d029b0e70/STMAFNet_014.pt saved
2026-01-25 12:25:29,180 - easytorch-training - INFO - The estimated training finish time is 2026-01-25 21:43:41
2026-01-25 12:25:29,180 - easytorch-training - INFO - Epoch 15 / 300
2026-01-25 12:26:48,137 - easytorch-training - INFO - Result <train>: [train_time: 78.96 (s), lr: 1.00e-03, train_MAE: 15.6960, train_RMSE: 25.3800, train_MAPE: 11.3831]
2026-01-25 12:26:48,139 - easytorch-training - INFO - Start validation.
2026-01-25 12:26:59,701 - easytorch-training - INFO - Result <val>: [val_time: 11.56 (s), val_MAE: 15.3061, val_RMSE: 24.0140, val_MAPE: 10.9292]
2026-01-25 12:27:00,269 - easytorch-training - INFO - Checkpoint checkpoints/STMAFNet_300/21afeca3ffc10cdf4e90589d029b0e70/STMAFNet_best_val_MAE.pt saved
2026-01-25 12:27:11,309 - easytorch-training - INFO - Evaluate best model on test data for horizon 1, Test MAE: 12.9347, Test RMSE: 19.9611, Test MAPE: 8.3018
2026-01-25 12:27:11,318 - easytorch-training - INFO - Evaluate best model on test data for horizon 2, Test MAE: 13.5156, Test RMSE: 21.1417, Test MAPE: 9.0559
2026-01-25 12:27:11,327 - easytorch-training - INFO - Evaluate best model on test data for horizon 3, Test MAE: 13.8451, Test RMSE: 21.9366, Test MAPE: 9.0015
2026-01-25 12:27:11,335 - easytorch-training - INFO - Evaluate best model on test data for horizon 4, Test MAE: 14.1971, Test RMSE: 22.6499, Test MAPE: 9.1864
2026-01-25 12:27:11,344 - easytorch-training - INFO - Evaluate best model on test data for horizon 5, Test MAE: 14.5727, Test RMSE: 23.3140, Test MAPE: 9.3214
2026-01-25 12:27:11,353 - easytorch-training - INFO - Evaluate best model on test data for horizon 6, Test MAE: 15.0210, Test RMSE: 23.9167, Test MAPE: 9.8943
2026-01-25 12:27:11,356 - easytorch-training - INFO - Evaluate best model on test data for horizon 7, Test MAE: 15.3737, Test RMSE: 24.4087, Test MAPE: 10.4576
2026-01-25 12:27:11,358 - easytorch-training - INFO - Evaluate best model on test data for horizon 8, Test MAE: 15.7521, Test RMSE: 24.9874, Test MAPE: 10.4065
2026-01-25 12:27:11,362 - easytorch-training - INFO - Evaluate best model on test data for horizon 9, Test MAE: 15.9448, Test RMSE: 25.3464, Test MAPE: 10.2714
2026-01-25 12:27:11,368 - easytorch-training - INFO - Evaluate best model on test data for horizon 10, Test MAE: 16.2846, Test RMSE: 25.7384, Test MAPE: 11.3748
2026-01-25 12:27:11,380 - easytorch-training - INFO - Evaluate best model on test data for horizon 11, Test MAE: 16.5830, Test RMSE: 26.1460, Test MAPE: 11.3899
2026-01-25 12:27:11,392 - easytorch-training - INFO - Evaluate best model on test data for horizon 12, Test MAE: 16.9158, Test RMSE: 26.6614, Test MAPE: 11.2910
2026-01-25 12:27:11,409 - easytorch-training - INFO - Result <test>: [test_time: 11.14 (s), test_MAE: 15.0783, test_RMSE: 23.9352, test_MAPE: 9.9961]
2026-01-25 12:27:11,756 - easytorch-training - INFO - Checkpoint checkpoints/STMAFNet_300/21afeca3ffc10cdf4e90589d029b0e70/STMAFNet_015.pt saved
2026-01-25 12:27:11,757 - easytorch-training - INFO - The estimated training finish time is 2026-01-25 21:38:50
2026-01-25 12:27:11,757 - easytorch-training - INFO - Epoch 16 / 300
2026-01-25 12:28:46,892 - easytorch-training - INFO - Result <train>: [train_time: 95.13 (s), lr: 1.00e-03, train_MAE: 15.6082, train_RMSE: 25.2679, train_MAPE: 11.1625]
2026-01-25 12:28:46,893 - easytorch-training - INFO - Start validation.
2026-01-25 12:29:00,107 - easytorch-training - INFO - Result <val>: [val_time: 13.21 (s), val_MAE: 15.4992, val_RMSE: 24.0750, val_MAPE: 11.1632]
2026-01-25 12:29:14,567 - easytorch-training - INFO - Evaluate best model on test data for horizon 1, Test MAE: 13.0844, Test RMSE: 20.0476, Test MAPE: 9.2916
2026-01-25 12:29:14,583 - easytorch-training - INFO - Evaluate best model on test data for horizon 2, Test MAE: 13.6753, Test RMSE: 21.2830, Test MAPE: 9.1573
2026-01-25 12:29:14,600 - easytorch-training - INFO - Evaluate best model on test data for horizon 3, Test MAE: 14.0397, Test RMSE: 22.1129, Test MAPE: 9.0546
2026-01-25 12:29:14,620 - easytorch-training - INFO - Evaluate best model on test data for horizon 4, Test MAE: 14.8266, Test RMSE: 23.0683, Test MAPE: 10.6049
2026-01-25 12:29:14,631 - easytorch-training - INFO - Evaluate best model on test data for horizon 5, Test MAE: 15.1216, Test RMSE: 23.6781, Test MAPE: 10.8000
2026-01-25 12:29:14,640 - easytorch-training - INFO - Evaluate best model on test data for horizon 6, Test MAE: 15.2146, Test RMSE: 24.1129, Test MAPE: 9.7033
2026-01-25 12:29:14,655 - easytorch-training - INFO - Evaluate best model on test data for horizon 7, Test MAE: 15.6060, Test RMSE: 24.6531, Test MAPE: 9.8310
2026-01-25 12:29:14,674 - easytorch-training - INFO - Evaluate best model on test data for horizon 8, Test MAE: 15.8908, Test RMSE: 25.1173, Test MAPE: 10.7135
2026-01-25 12:29:14,689 - easytorch-training - INFO - Evaluate best model on test data for horizon 9, Test MAE: 16.0805, Test RMSE: 25.4736, Test MAPE: 10.8220
2026-01-25 12:29:14,708 - easytorch-training - INFO - Evaluate best model on test data for horizon 10, Test MAE: 16.3544, Test RMSE: 25.8489, Test MAPE: 10.4397
2026-01-25 12:29:14,728 - easytorch-training - INFO - Evaluate best model on test data for horizon 11, Test MAE: 16.8056, Test RMSE: 26.3305, Test MAPE: 11.4275
2026-01-25 12:29:14,749 - easytorch-training - INFO - Evaluate best model on test data for horizon 12, Test MAE: 16.9573, Test RMSE: 26.7516, Test MAPE: 10.9809
2026-01-25 12:29:14,773 - easytorch-training - INFO - Result <test>: [test_time: 14.66 (s), test_MAE: 15.3047, test_RMSE: 24.1225, test_MAPE: 10.2355]
2026-01-25 12:29:15,118 - easytorch-training - INFO - Checkpoint checkpoints/STMAFNet_300/21afeca3ffc10cdf4e90589d029b0e70/STMAFNet_016.pt saved
2026-01-25 12:29:15,119 - easytorch-training - INFO - The estimated training finish time is 2026-01-25 21:41:06
2026-01-25 12:29:15,119 - easytorch-training - INFO - Epoch 17 / 300
2026-01-25 12:30:57,920 - easytorch-training - INFO - Result <train>: [train_time: 102.80 (s), lr: 1.00e-03, train_MAE: 15.5191, train_RMSE: 25.1560, train_MAPE: 10.9819]
2026-01-25 12:30:57,921 - easytorch-training - INFO - Start validation.
2026-01-25 12:31:08,243 - easytorch-training - INFO - Result <val>: [val_time: 10.32 (s), val_MAE: 15.3308, val_RMSE: 24.1659, val_MAPE: 11.4948]
2026-01-25 12:31:18,154 - easytorch-training - INFO - Evaluate best model on test data for horizon 1, Test MAE: 12.9813, Test RMSE: 19.9488, Test MAPE: 10.1739
2026-01-25 12:31:18,162 - easytorch-training - INFO - Evaluate best model on test data for horizon 2, Test MAE: 13.3269, Test RMSE: 21.0514, Test MAPE: 9.0957
2026-01-25 12:31:18,170 - easytorch-training - INFO - Evaluate best model on test data for horizon 3, Test MAE: 13.7385, Test RMSE: 21.8848, Test MAPE: 8.8761
2026-01-25 12:31:18,179 - easytorch-training - INFO - Evaluate best model on test data for horizon 4, Test MAE: 14.2348, Test RMSE: 22.7481, Test MAPE: 9.6019
2026-01-25 12:31:18,187 - easytorch-training - INFO - Evaluate best model on test data for horizon 5, Test MAE: 14.6471, Test RMSE: 23.4403, Test MAPE: 10.2853
2026-01-25 12:31:18,192 - easytorch-training - INFO - Evaluate best model on test data for horizon 6, Test MAE: 15.3504, Test RMSE: 24.3194, Test MAPE: 11.7826
2026-01-25 12:31:18,195 - easytorch-training - INFO - Evaluate best model on test data for horizon 7, Test MAE: 15.6264, Test RMSE: 24.8461, Test MAPE: 11.7998
2026-01-25 12:31:18,197 - easytorch-training - INFO - Evaluate best model on test data for horizon 8, Test MAE: 16.0065, Test RMSE: 25.5110, Test MAPE: 11.6825
2026-01-25 12:31:18,199 - easytorch-training - INFO - Evaluate best model on test data for horizon 9, Test MAE: 16.0447, Test RMSE: 25.7382, Test MAPE: 10.6369
2026-01-25 12:31:18,208 - easytorch-training - INFO - Evaluate best model on test data for horizon 10, Test MAE: 16.1861, Test RMSE: 25.9540, Test MAPE: 10.7052
2026-01-25 12:31:18,216 - easytorch-training - INFO - Evaluate best model on test data for horizon 11, Test MAE: 16.5490, Test RMSE: 26.4500, Test MAPE: 11.1015
2026-01-25 12:31:18,224 - easytorch-training - INFO - Evaluate best model on test data for horizon 12, Test MAE: 16.7346, Test RMSE: 26.7006, Test MAPE: 11.4433
2026-01-25 12:31:18,236 - easytorch-training - INFO - Result <test>: [test_time: 9.99 (s), test_MAE: 15.1188, test_RMSE: 24.1439, test_MAPE: 10.5987]
2026-01-25 12:31:18,580 - easytorch-training - INFO - Checkpoint checkpoints/STMAFNet_300/21afeca3ffc10cdf4e90589d029b0e70/STMAFNet_017.pt saved
2026-01-25 12:31:18,581 - easytorch-training - INFO - The estimated training finish time is 2026-01-25 21:43:07
2026-01-25 12:31:18,581 - easytorch-training - INFO - Epoch 18 / 300
2026-01-25 12:32:46,255 - easytorch-training - INFO - Result <train>: [train_time: 87.67 (s), lr: 1.00e-03, train_MAE: 15.3200, train_RMSE: 24.9084, train_MAPE: 10.9836]
2026-01-25 12:32:46,255 - easytorch-training - INFO - Start validation.
2026-01-25 12:32:57,869 - easytorch-training - INFO - Result <val>: [val_time: 11.61 (s), val_MAE: 15.2917, val_RMSE: 23.9741, val_MAPE: 12.2144]
2026-01-25 12:32:58,421 - easytorch-training - INFO - Checkpoint checkpoints/STMAFNet_300/21afeca3ffc10cdf4e90589d029b0e70/STMAFNet_best_val_MAE.pt saved
2026-01-25 12:33:08,809 - easytorch-training - INFO - Evaluate best model on test data for horizon 1, Test MAE: 13.1462, Test RMSE: 20.0353, Test MAPE: 10.7682
2026-01-25 12:33:08,813 - easytorch-training - INFO - Evaluate best model on test data for horizon 2, Test MAE: 13.5433, Test RMSE: 21.1335, Test MAPE: 10.8764
2026-01-25 12:33:08,820 - easytorch-training - INFO - Evaluate best model on test data for horizon 3, Test MAE: 13.8989, Test RMSE: 21.9044, Test MAPE: 10.5715
2026-01-25 12:33:08,829 - easytorch-training - INFO - Evaluate best model on test data for horizon 4, Test MAE: 14.2501, Test RMSE: 22.6994, Test MAPE: 10.2771
2026-01-25 12:33:08,838 - easytorch-training - INFO - Evaluate best model on test data for horizon 5, Test MAE: 14.5843, Test RMSE: 23.2616, Test MAPE: 10.7914
2026-01-25 12:33:08,846 - easytorch-training - INFO - Evaluate best model on test data for horizon 6, Test MAE: 15.0375, Test RMSE: 23.9473, Test MAPE: 11.2032
2026-01-25 12:33:08,855 - easytorch-training - INFO - Evaluate best model on test data for horizon 7, Test MAE: 15.3143, Test RMSE: 24.4177, Test MAPE: 11.4374
2026-01-25 12:33:08,857 - easytorch-training - INFO - Evaluate best model on test data for horizon 8, Test MAE: 15.6969, Test RMSE: 24.9916, Test MAPE: 11.2529
2026-01-25 12:33:08,859 - easytorch-training - INFO - Evaluate best model on test data for horizon 9, Test MAE: 15.8394, Test RMSE: 25.3714, Test MAPE: 10.5017
2026-01-25 12:33:08,866 - easytorch-training - INFO - Evaluate best model on test data for horizon 10, Test MAE: 16.2010, Test RMSE: 25.8282, Test MAPE: 11.1050
2026-01-25 12:33:08,874 - easytorch-training - INFO - Evaluate best model on test data for horizon 11, Test MAE: 16.7422, Test RMSE: 26.5380, Test MAPE: 11.2774
2026-01-25 12:33:08,883 - easytorch-training - INFO - Evaluate best model on test data for horizon 12, Test MAE: 17.0150, Test RMSE: 26.8577, Test MAPE: 12.6073
2026-01-25 12:33:08,895 - easytorch-training - INFO - Result <test>: [test_time: 10.47 (s), test_MAE: 15.1058, test_RMSE: 24.0050, test_MAPE: 11.0558]
2026-01-25 12:33:09,249 - easytorch-training - INFO - Checkpoint checkpoints/STMAFNet_300/21afeca3ffc10cdf4e90589d029b0e70/STMAFNet_018.pt saved
2026-01-25 12:33:09,250 - easytorch-training - INFO - The estimated training finish time is 2026-01-25 21:41:22
2026-01-25 12:33:09,250 - easytorch-training - INFO - Epoch 19 / 300
2026-01-25 12:34:40,964 - easytorch-training - INFO - Result <train>: [train_time: 91.71 (s), lr: 5.00e-04, train_MAE: 14.9240, train_RMSE: 24.4993, train_MAPE: 10.2129]
2026-01-25 12:34:40,965 - easytorch-training - INFO - Start validation.
2026-01-25 12:34:52,571 - easytorch-training - INFO - Result <val>: [val_time: 11.61 (s), val_MAE: 14.8205, val_RMSE: 23.5861, val_MAPE: 10.4663]
2026-01-25 12:34:53,199 - easytorch-training - INFO - Checkpoint checkpoints/STMAFNet_300/21afeca3ffc10cdf4e90589d029b0e70/STMAFNet_best_val_MAE.pt saved
2026-01-25 12:35:03,475 - easytorch-training - INFO - Evaluate best model on test data for horizon 1, Test MAE: 12.6308, Test RMSE: 19.7206, Test MAPE: 8.0192
2026-01-25 12:35:03,484 - easytorch-training - INFO - Evaluate best model on test data for horizon 2, Test MAE: 13.1901, Test RMSE: 20.9037, Test MAPE: 8.5538
2026-01-25 12:35:03,494 - easytorch-training - INFO - Evaluate best model on test data for horizon 3, Test MAE: 13.6382, Test RMSE: 21.7863, Test MAPE: 9.0190
2026-01-25 12:35:03,503 - easytorch-training - INFO - Evaluate best model on test data for horizon 4, Test MAE: 14.0847, Test RMSE: 22.6129, Test MAPE: 8.9046
2026-01-25 12:35:03,508 - easytorch-training - INFO - Evaluate best model on test data for horizon 5, Test MAE: 14.3600, Test RMSE: 23.2032, Test MAPE: 9.1220
2026-01-25 12:35:03,510 - easytorch-training - INFO - Evaluate best model on test data for horizon 6, Test MAE: 14.6555, Test RMSE: 23.7592, Test MAPE: 9.3229
2026-01-25 12:35:03,516 - easytorch-training - INFO - Evaluate best model on test data for horizon 7, Test MAE: 14.9364, Test RMSE: 24.2575, Test MAPE: 9.5560
2026-01-25 12:35:03,525 - easytorch-training - INFO - Evaluate best model on test data for horizon 8, Test MAE: 15.3027, Test RMSE: 24.8123, Test MAPE: 9.8552
2026-01-25 12:35:03,534 - easytorch-training - INFO - Evaluate best model on test data for horizon 9, Test MAE: 15.4749, Test RMSE: 25.1563, Test MAPE: 10.4278
2026-01-25 12:35:03,544 - easytorch-training - INFO - Evaluate best model on test data for horizon 10, Test MAE: 15.6929, Test RMSE: 25.5825, Test MAPE: 10.4454
2026-01-25 12:35:03,554 - easytorch-training - INFO - Evaluate best model on test data for horizon 11, Test MAE: 15.8581, Test RMSE: 25.8278, Test MAPE: 10.3334
2026-01-25 12:35:03,558 - easytorch-training - INFO - Evaluate best model on test data for horizon 12, Test MAE: 16.1098, Test RMSE: 26.2547, Test MAPE: 10.4778
2026-01-25 12:35:03,564 - easytorch-training - INFO - Result <test>: [test_time: 10.36 (s), test_MAE: 14.6612, test_RMSE: 23.7390, test_MAPE: 9.5031]
2026-01-25 12:35:04,002 - easytorch-training - INFO - Checkpoint checkpoints/STMAFNet_300/21afeca3ffc10cdf4e90589d029b0e70/STMAFNet_019.pt saved
2026-01-25 12:35:04,003 - easytorch-training - INFO - The estimated training finish time is 2026-01-25 21:40:52
2026-01-25 12:35:04,003 - easytorch-training - INFO - Epoch 20 / 300
2026-01-25 12:36:29,367 - easytorch-training - INFO - Result <train>: [train_time: 85.36 (s), lr: 5.00e-04, train_MAE: 14.8082, train_RMSE: 24.3531, train_MAPE: 10.0527]
2026-01-25 12:36:29,369 - easytorch-training - INFO - Start validation.
2026-01-25 12:36:39,844 - easytorch-training - INFO - Result <val>: [val_time: 10.47 (s), val_MAE: 14.8335, val_RMSE: 23.5380, val_MAPE: 10.8514]
2026-01-25 12:36:50,548 - easytorch-training - INFO - Evaluate best model on test data for horizon 1, Test MAE: 12.5881, Test RMSE: 19.6978, Test MAPE: 8.8323
2026-01-25 12:36:50,557 - easytorch-training - INFO - Evaluate best model on test data for horizon 2, Test MAE: 13.1909, Test RMSE: 20.8809, Test MAPE: 9.2032
2026-01-25 12:36:50,566 - easytorch-training - INFO - Evaluate best model on test data for horizon 3, Test MAE: 13.6984, Test RMSE: 21.7956, Test MAPE: 9.1714
2026-01-25 12:36:50,575 - easytorch-training - INFO - Evaluate best model on test data for horizon 4, Test MAE: 14.1511, Test RMSE: 22.5806, Test MAPE: 9.5055
2026-01-25 12:36:50,580 - easytorch-training - INFO - Evaluate best model on test data for horizon 5, Test MAE: 14.2715, Test RMSE: 23.0272, Test MAPE: 9.2003
2026-01-25 12:36:50,583 - easytorch-training - INFO - Evaluate best model on test data for horizon 6, Test MAE: 14.6334, Test RMSE: 23.6148, Test MAPE: 9.4446
2026-01-25 12:36:50,586 - easytorch-training - INFO - Evaluate best model on test data for horizon 7, Test MAE: 14.8692, Test RMSE: 24.0935, Test MAPE: 9.9830
2026-01-25 12:36:50,587 - easytorch-training - INFO - Evaluate best model on test data for horizon 8, Test MAE: 15.2590, Test RMSE: 24.6269, Test MAPE: 11.1023
2026-01-25 12:36:50,594 - easytorch-training - INFO - Evaluate best model on test data for horizon 9, Test MAE: 15.3928, Test RMSE: 24.9574, Test MAPE: 10.1086
2026-01-25 12:36:50,601 - easytorch-training - INFO - Evaluate best model on test data for horizon 10, Test MAE: 15.6640, Test RMSE: 25.3231, Test MAPE: 10.6973
2026-01-25 12:36:50,609 - easytorch-training - INFO - Evaluate best model on test data for horizon 11, Test MAE: 15.8628, Test RMSE: 25.6621, Test MAPE: 10.6558
2026-01-25 12:36:50,619 - easytorch-training - INFO - Evaluate best model on test data for horizon 12, Test MAE: 16.2221, Test RMSE: 26.1178, Test MAPE: 11.2155
2026-01-25 12:36:50,631 - easytorch-training - INFO - Result <test>: [test_time: 10.79 (s), test_MAE: 14.6503, test_RMSE: 23.6091, test_MAPE: 9.9267]
2026-01-25 12:36:50,977 - easytorch-training - INFO - Checkpoint checkpoints/STMAFNet_300/21afeca3ffc10cdf4e90589d029b0e70/STMAFNet_020.pt saved
2026-01-25 12:36:51,013 - easytorch-training - INFO - The estimated training finish time is 2026-01-25 21:38:29
2026-01-25 12:36:51,014 - easytorch-training - INFO - Epoch 21 / 300
2026-01-25 12:38:24,780 - easytorch-training - INFO - Result <train>: [train_time: 93.77 (s), lr: 5.00e-04, train_MAE: 14.7234, train_RMSE: 24.2302, train_MAPE: 10.0545]
2026-01-25 12:38:24,782 - easytorch-training - INFO - Start validation.
2026-01-25 12:38:36,356 - easytorch-training - INFO - Result <val>: [val_time: 11.57 (s), val_MAE: 14.5668, val_RMSE: 23.4169, val_MAPE: 10.5221]
2026-01-25 12:38:36,885 - easytorch-training - INFO - Checkpoint checkpoints/STMAFNet_300/21afeca3ffc10cdf4e90589d029b0e70/STMAFNet_best_val_MAE.pt saved
2026-01-25 12:38:48,243 - easytorch-training - INFO - Evaluate best model on test data for horizon 1, Test MAE: 12.3920, Test RMSE: 19.5429, Test MAPE: 8.2637
2026-01-25 12:38:48,252 - easytorch-training - INFO - Evaluate best model on test data for horizon 2, Test MAE: 12.9403, Test RMSE: 20.7099, Test MAPE: 8.6567
2026-01-25 12:38:48,261 - easytorch-training - INFO - Evaluate best model on test data for horizon 3, Test MAE: 13.3509, Test RMSE: 21.4918, Test MAPE: 8.6543
2026-01-25 12:38:48,270 - easytorch-training - INFO - Evaluate best model on test data for horizon 4, Test MAE: 13.7336, Test RMSE: 22.2510, Test MAPE: 9.0471
2026-01-25 12:38:48,279 - easytorch-training - INFO - Evaluate best model on test data for horizon 5, Test MAE: 14.0960, Test RMSE: 22.8879, Test MAPE: 9.1171
2026-01-25 12:38:48,285 - easytorch-training - INFO - Evaluate best model on test data for horizon 6, Test MAE: 14.3924, Test RMSE: 23.4334, Test MAPE: 9.3272
2026-01-25 12:38:48,287 - easytorch-training - INFO - Evaluate best model on test data for horizon 7, Test MAE: 14.6979, Test RMSE: 23.9668, Test MAPE: 9.4579
2026-01-25 12:38:48,288 - easytorch-training - INFO - Evaluate best model on test data for horizon 8, Test MAE: 14.9352, Test RMSE: 24.4423, Test MAPE: 9.6441
2026-01-25 12:38:48,290 - easytorch-training - INFO - Evaluate best model on test data for horizon 9, Test MAE: 15.2063, Test RMSE: 24.8736, Test MAPE: 9.8726
2026-01-25 12:38:48,299 - easytorch-training - INFO - Evaluate best model on test data for horizon 10, Test MAE: 15.4386, Test RMSE: 25.2366, Test MAPE: 9.9377
2026-01-25 12:38:48,309 - easytorch-training - INFO - Evaluate best model on test data for horizon 11, Test MAE: 15.7622, Test RMSE: 25.7007, Test MAPE: 10.1779
2026-01-25 12:38:48,318 - easytorch-training - INFO - Evaluate best model on test data for horizon 12, Test MAE: 16.1073, Test RMSE: 26.2129, Test MAPE: 10.4826
2026-01-25 12:38:48,331 - easytorch-training - INFO - Result <test>: [test_time: 11.44 (s), test_MAE: 14.4211, test_RMSE: 23.4803, test_MAPE: 9.3866]
2026-01-25 12:38:48,782 - easytorch-training - INFO - Checkpoint checkpoints/STMAFNet_300/21afeca3ffc10cdf4e90589d029b0e70/STMAFNet_021.pt saved
2026-01-25 12:38:48,783 - easytorch-training - INFO - The estimated training finish time is 2026-01-25 21:38:53
2026-01-25 12:38:48,783 - easytorch-training - INFO - Epoch 22 / 300
2026-01-25 12:40:18,927 - easytorch-training - INFO - Result <train>: [train_time: 90.14 (s), lr: 5.00e-04, train_MAE: 14.6564, train_RMSE: 24.1337, train_MAPE: 10.0562]
2026-01-25 12:40:18,928 - easytorch-training - INFO - Start validation.
2026-01-25 12:40:28,767 - easytorch-training - INFO - Result <val>: [val_time: 9.84 (s), val_MAE: 14.4984, val_RMSE: 23.3126, val_MAPE: 10.7422]
2026-01-25 12:40:29,463 - easytorch-training - INFO - Checkpoint checkpoints/STMAFNet_300/21afeca3ffc10cdf4e90589d029b0e70/STMAFNet_best_val_MAE.pt saved
2026-01-25 12:40:39,412 - easytorch-training - INFO - Evaluate best model on test data for horizon 1, Test MAE: 12.3688, Test RMSE: 19.5015, Test MAPE: 8.4404
2026-01-25 12:40:39,420 - easytorch-training - INFO - Evaluate best model on test data for horizon 2, Test MAE: 12.9190, Test RMSE: 20.6474, Test MAPE: 8.2970
2026-01-25 12:40:39,427 - easytorch-training - INFO - Evaluate best model on test data for horizon 3, Test MAE: 13.3307, Test RMSE: 21.4855, Test MAPE: 8.6077
2026-01-25 12:40:39,430 - easytorch-training - INFO - Evaluate best model on test data for horizon 4, Test MAE: 13.7399, Test RMSE: 22.2537, Test MAPE: 8.8805
2026-01-25 12:40:39,432 - easytorch-training - INFO - Evaluate best model on test data for horizon 5, Test MAE: 14.0947, Test RMSE: 22.8719, Test MAPE: 9.4905
2026-01-25 12:40:39,434 - easytorch-training - INFO - Evaluate best model on test data for horizon 6, Test MAE: 14.3231, Test RMSE: 23.3933, Test MAPE: 9.4302
2026-01-25 12:40:39,442 - easytorch-training - INFO - Evaluate best model on test data for horizon 7, Test MAE: 14.5699, Test RMSE: 23.8405, Test MAPE: 9.8576
2026-01-25 12:40:39,451 - easytorch-training - INFO - Evaluate best model on test data for horizon 8, Test MAE: 14.8614, Test RMSE: 24.3331, Test MAPE: 9.9374
2026-01-25 12:40:39,459 - easytorch-training - INFO - Evaluate best model on test data for horizon 9, Test MAE: 15.0929, Test RMSE: 24.7431, Test MAPE: 9.9734
2026-01-25 12:40:39,468 - easytorch-training - INFO - Evaluate best model on test data for horizon 10, Test MAE: 15.3496, Test RMSE: 25.1569, Test MAPE: 10.8508
2026-01-25 12:40:39,477 - easytorch-training - INFO - Evaluate best model on test data for horizon 11, Test MAE: 15.6203, Test RMSE: 25.5238, Test MAPE: 11.0618
2026-01-25 12:40:39,486 - easytorch-training - INFO - Evaluate best model on test data for horizon 12, Test MAE: 15.8351, Test RMSE: 25.9497, Test MAPE: 10.4932
2026-01-25 12:40:39,498 - easytorch-training - INFO - Result <test>: [test_time: 10.03 (s), test_MAE: 14.3421, test_RMSE: 23.3885, test_MAPE: 9.6100]
2026-01-25 12:40:39,868 - easytorch-training - INFO - Checkpoint checkpoints/STMAFNet_300/21afeca3ffc10cdf4e90589d029b0e70/STMAFNet_022.pt saved
2026-01-25 12:40:39,869 - easytorch-training - INFO - The estimated training finish time is 2026-01-25 21:37:44
2026-01-25 12:40:39,869 - easytorch-training - INFO - Epoch 23 / 300
2026-01-25 12:42:05,592 - easytorch-training - INFO - Result <train>: [train_time: 85.72 (s), lr: 5.00e-04, train_MAE: 14.5855, train_RMSE: 24.0297, train_MAPE: 9.9399]
2026-01-25 12:42:05,594 - easytorch-training - INFO - Start validation.
2026-01-25 12:42:17,179 - easytorch-training - INFO - Result <val>: [val_time: 11.58 (s), val_MAE: 14.5779, val_RMSE: 23.3671, val_MAPE: 10.7085]
2026-01-25 12:42:28,116 - easytorch-training - INFO - Evaluate best model on test data for horizon 1, Test MAE: 12.6744, Test RMSE: 19.7118, Test MAPE: 9.2230
2026-01-25 12:42:28,125 - easytorch-training - INFO - Evaluate best model on test data for horizon 2, Test MAE: 13.1025, Test RMSE: 20.7966, Test MAPE: 8.8849
2026-01-25 12:42:28,133 - easytorch-training - INFO - Evaluate best model on test data for horizon 3, Test MAE: 13.5571, Test RMSE: 21.6619, Test MAPE: 9.1677
2026-01-25 12:42:28,143 - easytorch-training - INFO - Evaluate best model on test data for horizon 4, Test MAE: 13.9204, Test RMSE: 22.4063, Test MAPE: 9.3202
2026-01-25 12:42:28,151 - easytorch-training - INFO - Evaluate best model on test data for horizon 5, Test MAE: 14.1633, Test RMSE: 23.0072, Test MAPE: 9.2298
2026-01-25 12:42:28,156 - easytorch-training - INFO - Evaluate best model on test data for horizon 6, Test MAE: 14.4663, Test RMSE: 23.6261, Test MAPE: 9.4777
2026-01-25 12:42:28,158 - easytorch-training - INFO - Evaluate best model on test data for horizon 7, Test MAE: 14.7443, Test RMSE: 24.1642, Test MAPE: 9.6224
2026-01-25 12:42:28,162 - easytorch-training - INFO - Evaluate best model on test data for horizon 8, Test MAE: 15.0891, Test RMSE: 24.7002, Test MAPE: 9.9299
2026-01-25 12:42:28,170 - easytorch-training - INFO - Evaluate best model on test data for horizon 9, Test MAE: 15.2606, Test RMSE: 25.0085, Test MAPE: 10.0504
2026-01-25 12:42:28,182 - easytorch-training - INFO - Evaluate best model on test data for horizon 10, Test MAE: 15.5462, Test RMSE: 25.4630, Test MAPE: 10.3178
2026-01-25 12:42:28,195 - easytorch-training - INFO - Evaluate best model on test data for horizon 11, Test MAE: 15.7452, Test RMSE: 25.7674, Test MAPE: 10.3370
2026-01-25 12:42:28,208 - easytorch-training - INFO - Evaluate best model on test data for horizon 12, Test MAE: 15.9843, Test RMSE: 26.1650, Test MAPE: 10.6172
2026-01-25 12:42:28,224 - easytorch-training - INFO - Result <test>: [test_time: 11.04 (s), test_MAE: 14.5211, test_RMSE: 23.6224, test_MAPE: 9.6815]
2026-01-25 12:42:28,575 - easytorch-training - INFO - Checkpoint checkpoints/STMAFNet_300/21afeca3ffc10cdf4e90589d029b0e70/STMAFNet_023.pt saved
2026-01-25 12:42:28,576 - easytorch-training - INFO - The estimated training finish time is 2026-01-25 21:36:10
2026-01-25 12:42:28,576 - easytorch-training - INFO - Epoch 24 / 300
2026-01-25 12:43:59,116 - easytorch-training - INFO - Result <train>: [train_time: 90.54 (s), lr: 5.00e-04, train_MAE: 14.5597, train_RMSE: 23.9890, train_MAPE: 9.9448]
2026-01-25 12:43:59,118 - easytorch-training - INFO - Start validation.
2026-01-25 12:44:10,720 - easytorch-training - INFO - Result <val>: [val_time: 11.60 (s), val_MAE: 14.5425, val_RMSE: 23.3247, val_MAPE: 10.4351]
2026-01-25 12:44:21,720 - easytorch-training - INFO - Evaluate best model on test data for horizon 1, Test MAE: 12.4680, Test RMSE: 19.5786, Test MAPE: 8.2268
2026-01-25 12:44:21,728 - easytorch-training - INFO - Evaluate best model on test data for horizon 2, Test MAE: 12.9539, Test RMSE: 20.7203, Test MAPE: 8.3497
2026-01-25 12:44:21,736 - easytorch-training - INFO - Evaluate best model on test data for horizon 3, Test MAE: 13.4914, Test RMSE: 21.6291, Test MAPE: 9.0214
2026-01-25 12:44:21,738 - easytorch-training - INFO - Evaluate best model on test data for horizon 4, Test MAE: 13.8492, Test RMSE: 22.3722, Test MAPE: 9.3236
2026-01-25 12:44:21,739 - easytorch-training - INFO - Evaluate best model on test data for horizon 5, Test MAE: 14.1271, Test RMSE: 22.9700, Test MAPE: 9.1935
2026-01-25 12:44:21,740 - easytorch-training - INFO - Evaluate best model on test data for horizon 6, Test MAE: 14.5106, Test RMSE: 23.6717, Test MAPE: 9.5507
2026-01-25 12:44:21,741 - easytorch-training - INFO - Evaluate best model on test data for horizon 7, Test MAE: 14.7916, Test RMSE: 24.2634, Test MAPE: 9.7041
2026-01-25 12:44:21,744 - easytorch-training - INFO - Evaluate best model on test data for horizon 8, Test MAE: 15.0282, Test RMSE: 24.7880, Test MAPE: 9.7594
2026-01-25 12:44:21,752 - easytorch-training - INFO - Evaluate best model on test data for horizon 9, Test MAE: 15.1977, Test RMSE: 25.1337, Test MAPE: 9.8221
2026-01-25 12:44:21,758 - easytorch-training - INFO - Evaluate best model on test data for horizon 10, Test MAE: 15.4389, Test RMSE: 25.4433, Test MAPE: 9.9846
2026-01-25 12:44:21,768 - easytorch-training - INFO - Evaluate best model on test data for horizon 11, Test MAE: 15.7048, Test RMSE: 25.8883, Test MAPE: 10.5015
2026-01-25 12:44:21,776 - easytorch-training - INFO - Evaluate best model on test data for horizon 12, Test MAE: 15.9200, Test RMSE: 26.2572, Test MAPE: 10.3129
2026-01-25 12:44:21,789 - easytorch-training - INFO - Result <test>: [test_time: 11.07 (s), test_MAE: 14.4568, test_RMSE: 23.6481, test_MAPE: 9.4792]
2026-01-25 12:44:22,136 - easytorch-training - INFO - Checkpoint checkpoints/STMAFNet_300/21afeca3ffc10cdf4e90589d029b0e70/STMAFNet_024.pt saved
2026-01-25 12:44:22,137 - easytorch-training - INFO - The estimated training finish time is 2026-01-25 21:35:45
2026-01-25 12:44:22,137 - easytorch-training - INFO - Epoch 25 / 300
2026-01-25 12:45:45,847 - easytorch-training - INFO - Result <train>: [train_time: 83.71 (s), lr: 5.00e-04, train_MAE: 14.4876, train_RMSE: 23.9064, train_MAPE: 9.8883]
2026-01-25 12:45:45,849 - easytorch-training - INFO - Start validation.
2026-01-25 12:45:56,247 - easytorch-training - INFO - Result <val>: [val_time: 10.40 (s), val_MAE: 14.6957, val_RMSE: 23.5024, val_MAPE: 11.5253]
2026-01-25 12:46:06,152 - easytorch-training - INFO - Evaluate best model on test data for horizon 1, Test MAE: 12.8701, Test RMSE: 19.7301, Test MAPE: 10.9872
2026-01-25 12:46:06,161 - easytorch-training - INFO - Evaluate best model on test data for horizon 2, Test MAE: 13.1679, Test RMSE: 20.7671, Test MAPE: 9.6502
2026-01-25 12:46:06,170 - easytorch-training - INFO - Evaluate best model on test data for horizon 3, Test MAE: 13.6882, Test RMSE: 21.6794, Test MAPE: 10.1256
2026-01-25 12:46:06,178 - easytorch-training - INFO - Evaluate best model on test data for horizon 4, Test MAE: 13.8739, Test RMSE: 22.3214, Test MAPE: 9.6653
2026-01-25 12:46:06,187 - easytorch-training - INFO - Evaluate best model on test data for horizon 5, Test MAE: 14.1920, Test RMSE: 22.9558, Test MAPE: 9.8932
2026-01-25 12:46:06,196 - easytorch-training - INFO - Evaluate best model on test data for horizon 6, Test MAE: 14.5936, Test RMSE: 23.6009, Test MAPE: 10.5091
2026-01-25 12:46:06,205 - easytorch-training - INFO - Evaluate best model on test data for horizon 7, Test MAE: 14.9152, Test RMSE: 24.2176, Test MAPE: 10.8704
2026-01-25 12:46:06,209 - easytorch-training - INFO - Evaluate best model on test data for horizon 8, Test MAE: 15.1366, Test RMSE: 24.6445, Test MAPE: 10.8510
2026-01-25 12:46:06,216 - easytorch-training - INFO - Evaluate best model on test data for horizon 9, Test MAE: 15.2104, Test RMSE: 25.0162, Test MAPE: 10.0111
2026-01-25 12:46:06,224 - easytorch-training - INFO - Evaluate best model on test data for horizon 10, Test MAE: 15.5081, Test RMSE: 25.3933, Test MAPE: 10.8362
2026-01-25 12:46:06,232 - easytorch-training - INFO - Evaluate best model on test data for horizon 11, Test MAE: 15.6976, Test RMSE: 25.7418, Test MAPE: 10.5158
2026-01-25 12:46:06,241 - easytorch-training - INFO - Evaluate best model on test data for horizon 12, Test MAE: 15.9995, Test RMSE: 26.1839, Test MAPE: 10.7797
2026-01-25 12:46:06,253 - easytorch-training - INFO - Result <test>: [test_time: 10.00 (s), test_MAE: 14.5711, test_RMSE: 23.6034, test_MAPE: 10.3912]
2026-01-25 12:46:06,627 - easytorch-training - INFO - Checkpoint checkpoints/STMAFNet_300/21afeca3ffc10cdf4e90589d029b0e70/STMAFNet_025.pt saved
2026-01-25 12:46:06,628 - easytorch-training - INFO - The estimated training finish time is 2026-01-25 21:33:32
2026-01-25 12:46:06,628 - easytorch-training - INFO - Epoch 26 / 300
2026-01-25 12:47:36,350 - easytorch-training - INFO - Result <train>: [train_time: 89.72 (s), lr: 5.00e-04, train_MAE: 14.4419, train_RMSE: 23.8274, train_MAPE: 9.8787]
2026-01-25 12:47:36,351 - easytorch-training - INFO - Start validation.
2026-01-25 12:47:47,961 - easytorch-training - INFO - Result <val>: [val_time: 11.61 (s), val_MAE: 14.3629, val_RMSE: 23.1870, val_MAPE: 10.4357]
2026-01-25 12:47:48,778 - easytorch-training - INFO - Checkpoint checkpoints/STMAFNet_300/21afeca3ffc10cdf4e90589d029b0e70/STMAFNet_best_val_MAE.pt saved
2026-01-25 12:47:59,774 - easytorch-training - INFO - Evaluate best model on test data for horizon 1, Test MAE: 12.3301, Test RMSE: 19.4599, Test MAPE: 8.1207
2026-01-25 12:47:59,787 - easytorch-training - INFO - Evaluate best model on test data for horizon 2, Test MAE: 12.8410, Test RMSE: 20.5741, Test MAPE: 8.5430
2026-01-25 12:47:59,800 - easytorch-training - INFO - Evaluate best model on test data for horizon 3, Test MAE: 13.2343, Test RMSE: 21.4009, Test MAPE: 8.5814
2026-01-25 12:47:59,812 - easytorch-training - INFO - Evaluate best model on test data for horizon 4, Test MAE: 13.6549, Test RMSE: 22.1518, Test MAPE: 9.0856
2026-01-25 12:47:59,825 - easytorch-training - INFO - Evaluate best model on test data for horizon 5, Test MAE: 13.9750, Test RMSE: 22.7706, Test MAPE: 9.2379
2026-01-25 12:47:59,833 - easytorch-training - INFO - Evaluate best model on test data for horizon 6, Test MAE: 14.3389, Test RMSE: 23.4254, Test MAPE: 9.4356
2026-01-25 12:47:59,847 - easytorch-training - INFO - Evaluate best model on test data for horizon 7, Test MAE: 14.5790, Test RMSE: 23.8875, Test MAPE: 9.5116
2026-01-25 12:47:59,861 - easytorch-training - INFO - Evaluate best model on test data for horizon 8, Test MAE: 14.8549, Test RMSE: 24.3246, Test MAPE: 10.0154
2026-01-25 12:47:59,875 - easytorch-training - INFO - Evaluate best model on test data for horizon 9, Test MAE: 15.0390, Test RMSE: 24.7508, Test MAPE: 9.9707
2026-01-25 12:47:59,888 - easytorch-training - INFO - Evaluate best model on test data for horizon 10, Test MAE: 15.2921, Test RMSE: 25.0906, Test MAPE: 10.0638
2026-01-25 12:47:59,902 - easytorch-training - INFO - Evaluate best model on test data for horizon 11, Test MAE: 15.5300, Test RMSE: 25.4503, Test MAPE: 10.2984
2026-01-25 12:47:59,911 - easytorch-training - INFO - Evaluate best model on test data for horizon 12, Test MAE: 15.9165, Test RMSE: 25.9843, Test MAPE: 10.9219
2026-01-25 12:47:59,921 - easytorch-training - INFO - Result <test>: [test_time: 11.14 (s), test_MAE: 14.2988, test_RMSE: 23.3546, test_MAPE: 9.4822]
2026-01-25 12:48:00,302 - easytorch-training - INFO - Checkpoint checkpoints/STMAFNet_300/21afeca3ffc10cdf4e90589d029b0e70/STMAFNet_026.pt saved
2026-01-25 12:48:00,303 - easytorch-training - INFO - The estimated training finish time is 2026-01-25 21:33:16
2026-01-25 12:48:00,303 - easytorch-training - INFO - Epoch 27 / 300
2026-01-25 12:49:30,751 - easytorch-training - INFO - Result <train>: [train_time: 90.45 (s), lr: 5.00e-04, train_MAE: 14.3766, train_RMSE: 23.7546, train_MAPE: 9.8073]
2026-01-25 12:49:30,753 - easytorch-training - INFO - Start validation.
2026-01-25 12:49:41,664 - easytorch-training - INFO - Result <val>: [val_time: 10.91 (s), val_MAE: 14.3851, val_RMSE: 23.1510, val_MAPE: 11.4903]
2026-01-25 12:49:51,572 - easytorch-training - INFO - Evaluate best model on test data for horizon 1, Test MAE: 12.2864, Test RMSE: 19.4496, Test MAPE: 8.0238
2026-01-25 12:49:51,581 - easytorch-training - INFO - Evaluate best model on test data for horizon 2, Test MAE: 12.8307, Test RMSE: 20.5473, Test MAPE: 9.1605
2026-01-25 12:49:51,584 - easytorch-training - INFO - Evaluate best model on test data for horizon 3, Test MAE: 13.2240, Test RMSE: 21.3573, Test MAPE: 9.0365
2026-01-25 12:49:51,586 - easytorch-training - INFO - Evaluate best model on test data for horizon 4, Test MAE: 13.6748, Test RMSE: 22.1087, Test MAPE: 10.2290
2026-01-25 12:49:51,587 - easytorch-training - INFO - Evaluate best model on test data for horizon 5, Test MAE: 13.9583, Test RMSE: 22.7075, Test MAPE: 9.9699
2026-01-25 12:49:51,589 - easytorch-training - INFO - Evaluate best model on test data for horizon 6, Test MAE: 14.2806, Test RMSE: 23.3300, Test MAPE: 10.3185
2026-01-25 12:49:51,590 - easytorch-training - INFO - Evaluate best model on test data for horizon 7, Test MAE: 14.5770, Test RMSE: 23.7811, Test MAPE: 10.8215
2026-01-25 12:49:51,595 - easytorch-training - INFO - Evaluate best model on test data for horizon 8, Test MAE: 14.7385, Test RMSE: 24.2097, Test MAPE: 10.1454
2026-01-25 12:49:51,603 - easytorch-training - INFO - Evaluate best model on test data for horizon 9, Test MAE: 15.0218, Test RMSE: 24.6202, Test MAPE: 10.7895
2026-01-25 12:49:51,612 - easytorch-training - INFO - Evaluate best model on test data for horizon 10, Test MAE: 15.3589, Test RMSE: 25.0289, Test MAPE: 11.8216
2026-01-25 12:49:51,620 - easytorch-training - INFO - Evaluate best model on test data for horizon 11, Test MAE: 15.5643, Test RMSE: 25.3725, Test MAPE: 11.9457
2026-01-25 12:49:51,629 - easytorch-training - INFO - Evaluate best model on test data for horizon 12, Test MAE: 15.7544, Test RMSE: 25.7388, Test MAPE: 11.4528
2026-01-25 12:49:51,641 - easytorch-training - INFO - Result <test>: [test_time: 9.98 (s), test_MAE: 14.2725, test_RMSE: 23.2663, test_MAPE: 10.3096]
2026-01-25 12:49:52,005 - easytorch-training - INFO - Checkpoint checkpoints/STMAFNet_300/21afeca3ffc10cdf4e90589d029b0e70/STMAFNet_027.pt saved
2026-01-25 12:49:52,006 - easytorch-training - INFO - The estimated training finish time is 2026-01-25 21:32:39
2026-01-25 12:49:52,006 - easytorch-training - INFO - Epoch 28 / 300
2026-01-25 12:51:15,363 - easytorch-training - INFO - Result <train>: [train_time: 83.36 (s), lr: 5.00e-04, train_MAE: 14.3410, train_RMSE: 23.6868, train_MAPE: 9.7988]
2026-01-25 12:51:15,365 - easytorch-training - INFO - Start validation.
2026-01-25 12:51:26,939 - easytorch-training - INFO - Result <val>: [val_time: 11.57 (s), val_MAE: 14.4401, val_RMSE: 23.2359, val_MAPE: 10.5275]
2026-01-25 12:51:37,938 - easytorch-training - INFO - Evaluate best model on test data for horizon 1, Test MAE: 12.4090, Test RMSE: 19.5331, Test MAPE: 8.4387
2026-01-25 12:51:37,946 - easytorch-training - INFO - Evaluate best model on test data for horizon 2, Test MAE: 12.8995, Test RMSE: 20.6618, Test MAPE: 8.3107
2026-01-25 12:51:37,954 - easytorch-training - INFO - Evaluate best model on test data for horizon 3, Test MAE: 13.3629, Test RMSE: 21.5326, Test MAPE: 8.8299
2026-01-25 12:51:37,955 - easytorch-training - INFO - Evaluate best model on test data for horizon 4, Test MAE: 13.7896, Test RMSE: 22.2359, Test MAPE: 9.0548
2026-01-25 12:51:37,958 - easytorch-training - INFO - Evaluate best model on test data for horizon 5, Test MAE: 14.1359, Test RMSE: 22.8922, Test MAPE: 9.6568
2026-01-25 12:51:37,959 - easytorch-training - INFO - Evaluate best model on test data for horizon 6, Test MAE: 14.3700, Test RMSE: 23.5160, Test MAPE: 9.5894
2026-01-25 12:51:37,960 - easytorch-training - INFO - Evaluate best model on test data for horizon 7, Test MAE: 14.6750, Test RMSE: 24.0030, Test MAPE: 9.6832
2026-01-25 12:51:37,964 - easytorch-training - INFO - Evaluate best model on test data for horizon 8, Test MAE: 14.8601, Test RMSE: 24.4305, Test MAPE: 9.5907
2026-01-25 12:51:37,974 - easytorch-training - INFO - Evaluate best model on test data for horizon 9, Test MAE: 15.0488, Test RMSE: 24.8660, Test MAPE: 9.7867
2026-01-25 12:51:37,982 - easytorch-training - INFO - Evaluate best model on test data for horizon 10, Test MAE: 15.3181, Test RMSE: 25.1791, Test MAPE: 10.7443
2026-01-25 12:51:37,991 - easytorch-training - INFO - Evaluate best model on test data for horizon 11, Test MAE: 15.4387, Test RMSE: 25.5017, Test MAPE: 10.2047
2026-01-25 12:51:38,000 - easytorch-training - INFO - Evaluate best model on test data for horizon 12, Test MAE: 15.7256, Test RMSE: 25.8665, Test MAPE: 10.3731
2026-01-25 12:51:38,016 - easytorch-training - INFO - Result <test>: [test_time: 11.07 (s), test_MAE: 14.3361, test_RMSE: 23.4313, test_MAPE: 9.5219]
2026-01-25 12:51:38,358 - easytorch-training - INFO - Checkpoint checkpoints/STMAFNet_300/21afeca3ffc10cdf4e90589d029b0e70/STMAFNet_028.pt saved
2026-01-25 12:51:38,359 - easytorch-training - INFO - The estimated training finish time is 2026-01-25 21:31:08
2026-01-25 12:51:38,359 - easytorch-training - INFO - Epoch 29 / 300
2026-01-25 12:53:08,473 - easytorch-training - INFO - Result <train>: [train_time: 90.11 (s), lr: 5.00e-04, train_MAE: 14.3063, train_RMSE: 23.6386, train_MAPE: 9.7461]
2026-01-25 12:53:08,474 - easytorch-training - INFO - Start validation.
2026-01-25 12:53:20,063 - easytorch-training - INFO - Result <val>: [val_time: 11.59 (s), val_MAE: 14.2981, val_RMSE: 23.1163, val_MAPE: 10.9718]
2026-01-25 12:53:20,694 - easytorch-training - INFO - Checkpoint checkpoints/STMAFNet_300/21afeca3ffc10cdf4e90589d029b0e70/STMAFNet_best_val_MAE.pt saved
2026-01-25 12:53:31,585 - easytorch-training - INFO - Evaluate best model on test data for horizon 1, Test MAE: 12.2849, Test RMSE: 19.4299, Test MAPE: 7.9621
2026-01-25 12:53:31,589 - easytorch-training - INFO - Evaluate best model on test data for horizon 2, Test MAE: 12.8876, Test RMSE: 20.6187, Test MAPE: 8.3524
2026-01-25 12:53:31,592 - easytorch-training - INFO - Evaluate best model on test data for horizon 3, Test MAE: 13.2559, Test RMSE: 21.4154, Test MAPE: 8.6097
2026-01-25 12:53:31,600 - easytorch-training - INFO - Evaluate best model on test data for horizon 4, Test MAE: 13.5992, Test RMSE: 22.1329, Test MAPE: 9.3302
2026-01-25 12:53:31,610 - easytorch-training - INFO - Evaluate best model on test data for horizon 5, Test MAE: 13.8782, Test RMSE: 22.7598, Test MAPE: 9.4126
2026-01-25 12:53:31,618 - easytorch-training - INFO - Evaluate best model on test data for horizon 6, Test MAE: 14.2572, Test RMSE: 23.3876, Test MAPE: 9.8020
2026-01-25 12:53:31,627 - easytorch-training - INFO - Evaluate best model on test data for horizon 7, Test MAE: 14.4266, Test RMSE: 23.8350, Test MAPE: 10.2444
2026-01-25 12:53:31,636 - easytorch-training - INFO - Evaluate best model on test data for horizon 8, Test MAE: 14.7333, Test RMSE: 24.2985, Test MAPE: 10.7551
2026-01-25 12:53:31,645 - easytorch-training - INFO - Evaluate best model on test data for horizon 9, Test MAE: 14.9412, Test RMSE: 24.6824, Test MAPE: 10.8167
2026-01-25 12:53:31,653 - easytorch-training - INFO - Evaluate best model on test data for horizon 10, Test MAE: 15.1588, Test RMSE: 25.0574, Test MAPE: 11.2979
2026-01-25 12:53:31,663 - easytorch-training - INFO - Evaluate best model on test data for horizon 11, Test MAE: 15.3767, Test RMSE: 25.4003, Test MAPE: 10.6423
2026-01-25 12:53:31,673 - easytorch-training - INFO - Evaluate best model on test data for horizon 12, Test MAE: 15.6758, Test RMSE: 25.7561, Test MAPE: 12.0469
2026-01-25 12:53:31,683 - easytorch-training - INFO - Result <test>: [test_time: 10.99 (s), test_MAE: 14.2063, test_RMSE: 23.3100, test_MAPE: 9.9394]
2026-01-25 12:53:32,038 - easytorch-training - INFO - Checkpoint checkpoints/STMAFNet_300/21afeca3ffc10cdf4e90589d029b0e70/STMAFNet_029.pt saved
2026-01-25 12:53:32,039 - easytorch-training - INFO - The estimated training finish time is 2026-01-25 21:30:58
2026-01-25 12:53:32,039 - easytorch-training - INFO - Epoch 30 / 300
2026-01-25 12:54:58,625 - easytorch-training - INFO - Result <train>: [train_time: 86.59 (s), lr: 5.00e-04, train_MAE: 14.2642, train_RMSE: 23.5791, train_MAPE: 9.6899]
2026-01-25 12:54:58,627 - easytorch-training - INFO - Start validation.
2026-01-25 12:55:08,987 - easytorch-training - INFO - Result <val>: [val_time: 10.36 (s), val_MAE: 14.4786, val_RMSE: 23.2645, val_MAPE: 10.5557]
2026-01-25 12:55:18,356 - easytorch-training - INFO - Evaluate best model on test data for horizon 1, Test MAE: 12.3709, Test RMSE: 19.5436, Test MAPE: 8.0377
2026-01-25 12:55:18,366 - easytorch-training - INFO - Evaluate best model on test data for horizon 2, Test MAE: 12.9061, Test RMSE: 20.7014, Test MAPE: 8.3714
2026-01-25 12:55:18,374 - easytorch-training - INFO - Evaluate best model on test data for horizon 3, Test MAE: 13.3457, Test RMSE: 21.5452, Test MAPE: 8.6562
2026-01-25 12:55:18,383 - easytorch-training - INFO - Evaluate best model on test data for horizon 4, Test MAE: 13.8484, Test RMSE: 22.3403, Test MAPE: 9.4283
2026-01-25 12:55:18,388 - easytorch-training - INFO - Evaluate best model on test data for horizon 5, Test MAE: 14.1089, Test RMSE: 22.9494, Test MAPE: 9.1246
2026-01-25 12:55:18,389 - easytorch-training - INFO - Evaluate best model on test data for horizon 6, Test MAE: 14.4454, Test RMSE: 23.5869, Test MAPE: 9.3940
2026-01-25 12:55:18,390 - easytorch-training - INFO - Evaluate best model on test data for horizon 7, Test MAE: 14.7111, Test RMSE: 24.0563, Test MAPE: 9.5168
2026-01-25 12:55:18,396 - easytorch-training - INFO - Evaluate best model on test data for horizon 8, Test MAE: 15.0208, Test RMSE: 24.5456, Test MAPE: 9.8003
2026-01-25 12:55:18,406 - easytorch-training - INFO - Evaluate best model on test data for horizon 9, Test MAE: 15.2583, Test RMSE: 24.9499, Test MAPE: 10.0798
2026-01-25 12:55:18,414 - easytorch-training - INFO - Evaluate best model on test data for horizon 10, Test MAE: 15.4576, Test RMSE: 25.2997, Test MAPE: 10.1691
2026-01-25 12:55:18,422 - easytorch-training - INFO - Evaluate best model on test data for horizon 11, Test MAE: 15.7651, Test RMSE: 25.6729, Test MAPE: 10.4248
2026-01-25 12:55:18,431 - easytorch-training - INFO - Evaluate best model on test data for horizon 12, Test MAE: 15.9551, Test RMSE: 26.0662, Test MAPE: 10.6776
2026-01-25 12:55:18,439 - easytorch-training - INFO - Result <test>: [test_time: 9.45 (s), test_MAE: 14.4328, test_RMSE: 23.5215, test_MAPE: 9.4734]
2026-01-25 12:55:18,805 - easytorch-training - INFO - Checkpoint checkpoints/STMAFNet_300/21afeca3ffc10cdf4e90589d029b0e70/STMAFNet_030.pt saved
2026-01-25 12:55:18,844 - easytorch-training - INFO - The estimated training finish time is 2026-01-25 21:29:41
2026-01-25 12:55:18,844 - easytorch-training - INFO - Epoch 31 / 300
2026-01-25 12:56:47,125 - easytorch-training - INFO - Result <train>: [train_time: 88.28 (s), lr: 5.00e-04, train_MAE: 14.2180, train_RMSE: 23.5338, train_MAPE: 9.6844]
2026-01-25 12:56:47,127 - easytorch-training - INFO - Start validation.
2026-01-25 12:56:58,293 - easytorch-training - INFO - Result <val>: [val_time: 11.17 (s), val_MAE: 14.2514, val_RMSE: 23.0383, val_MAPE: 10.6289]
2026-01-25 12:56:58,852 - easytorch-training - INFO - Checkpoint checkpoints/STMAFNet_300/21afeca3ffc10cdf4e90589d029b0e70/STMAFNet_best_val_MAE.pt saved
2026-01-25 12:57:09,246 - easytorch-training - INFO - Evaluate best model on test data for horizon 1, Test MAE: 12.2385, Test RMSE: 19.4090, Test MAPE: 8.0261
2026-01-25 12:57:09,254 - easytorch-training - INFO - Evaluate best model on test data for horizon 2, Test MAE: 12.8151, Test RMSE: 20.5583, Test MAPE: 8.6998
2026-01-25 12:57:09,264 - easytorch-training - INFO - Evaluate best model on test data for horizon 3, Test MAE: 13.2626, Test RMSE: 21.3832, Test MAPE: 9.4364
2026-01-25 12:57:09,268 - easytorch-training - INFO - Evaluate best model on test data for horizon 4, Test MAE: 13.5591, Test RMSE: 22.0716, Test MAPE: 9.2852
2026-01-25 12:57:09,271 - easytorch-training - INFO - Evaluate best model on test data for horizon 5, Test MAE: 13.9596, Test RMSE: 22.7407, Test MAPE: 9.7761
2026-01-25 12:57:09,281 - easytorch-training - INFO - Evaluate best model on test data for horizon 6, Test MAE: 14.1566, Test RMSE: 23.3141, Test MAPE: 9.3405
2026-01-25 12:57:09,289 - easytorch-training - INFO - Evaluate best model on test data for horizon 7, Test MAE: 14.4198, Test RMSE: 23.8259, Test MAPE: 9.5377
2026-01-25 12:57:09,298 - easytorch-training - INFO - Evaluate best model on test data for horizon 8, Test MAE: 14.7044, Test RMSE: 24.2916, Test MAPE: 10.3933
2026-01-25 12:57:09,306 - easytorch-training - INFO - Evaluate best model on test data for horizon 9, Test MAE: 14.8908, Test RMSE: 24.6666, Test MAPE: 9.9811
2026-01-25 12:57:09,314 - easytorch-training - INFO - Evaluate best model on test data for horizon 10, Test MAE: 15.0613, Test RMSE: 25.0137, Test MAPE: 9.9173
2026-01-25 12:57:09,315 - easytorch-training - INFO - Evaluate best model on test data for horizon 11, Test MAE: 15.2718, Test RMSE: 25.3369, Test MAPE: 10.0310
2026-01-25 12:57:09,321 - easytorch-training - INFO - Evaluate best model on test data for horizon 12, Test MAE: 15.5259, Test RMSE: 25.7411, Test MAPE: 10.2838
2026-01-25 12:57:09,334 - easytorch-training - INFO - Result <test>: [test_time: 10.48 (s), test_MAE: 14.1554, test_RMSE: 23.2753, test_MAPE: 9.5590]
2026-01-25 12:57:09,761 - easytorch-training - INFO - Checkpoint checkpoints/STMAFNet_300/21afeca3ffc10cdf4e90589d029b0e70/STMAFNet_031.pt saved
2026-01-25 12:57:09,762 - easytorch-training - INFO - The estimated training finish time is 2026-01-25 21:29:08
2026-01-25 12:57:09,762 - easytorch-training - INFO - Epoch 32 / 300
2026-01-25 12:58:40,822 - easytorch-training - INFO - Result <train>: [train_time: 91.06 (s), lr: 5.00e-04, train_MAE: 14.1818, train_RMSE: 23.4672, train_MAPE: 9.6529]
2026-01-25 12:58:40,823 - easytorch-training - INFO - Start validation.
2026-01-25 12:58:51,731 - easytorch-training - INFO - Result <val>: [val_time: 10.91 (s), val_MAE: 14.2123, val_RMSE: 23.0803, val_MAPE: 10.1647]
2026-01-25 12:58:52,502 - easytorch-training - INFO - Checkpoint checkpoints/STMAFNet_300/21afeca3ffc10cdf4e90589d029b0e70/STMAFNet_best_val_MAE.pt saved
2026-01-25 12:59:02,920 - easytorch-training - INFO - Evaluate best model on test data for horizon 1, Test MAE: 12.3029, Test RMSE: 19.4542, Test MAPE: 8.0814
2026-01-25 12:59:02,929 - easytorch-training - INFO - Evaluate best model on test data for horizon 2, Test MAE: 12.7905, Test RMSE: 20.5929, Test MAPE: 8.3396
2026-01-25 12:59:02,937 - easytorch-training - INFO - Evaluate best model on test data for horizon 3, Test MAE: 13.2386, Test RMSE: 21.4204, Test MAPE: 8.7009
2026-01-25 12:59:02,947 - easytorch-training - INFO - Evaluate best model on test data for horizon 4, Test MAE: 13.5666, Test RMSE: 22.1528, Test MAPE: 8.7952
2026-01-25 12:59:02,955 - easytorch-training - INFO - Evaluate best model on test data for horizon 5, Test MAE: 13.8415, Test RMSE: 22.7711, Test MAPE: 8.9862
2026-01-25 12:59:02,964 - easytorch-training - INFO - Evaluate best model on test data for horizon 6, Test MAE: 14.1401, Test RMSE: 23.3527, Test MAPE: 9.2841
2026-01-25 12:59:02,969 - easytorch-training - INFO - Evaluate best model on test data for horizon 7, Test MAE: 14.3768, Test RMSE: 23.8794, Test MAPE: 9.3198
2026-01-25 12:59:02,976 - easytorch-training - INFO - Evaluate best model on test data for horizon 8, Test MAE: 14.6738, Test RMSE: 24.3946, Test MAPE: 9.5756
2026-01-25 12:59:02,984 - easytorch-training - INFO - Evaluate best model on test data for horizon 9, Test MAE: 14.9107, Test RMSE: 24.7515, Test MAPE: 9.7690
2026-01-25 12:59:02,993 - easytorch-training - INFO - Evaluate best model on test data for horizon 10, Test MAE: 15.0625, Test RMSE: 24.9990, Test MAPE: 9.8295
2026-01-25 12:59:03,002 - easytorch-training - INFO - Evaluate best model on test data for horizon 11, Test MAE: 15.3366, Test RMSE: 25.3704, Test MAPE: 10.2747
2026-01-25 12:59:03,011 - easytorch-training - INFO - Evaluate best model on test data for horizon 12, Test MAE: 15.5522, Test RMSE: 25.7606, Test MAPE: 10.1719
2026-01-25 12:59:03,022 - easytorch-training - INFO - Result <test>: [test_time: 10.52 (s), test_MAE: 14.1494, test_RMSE: 23.3205, test_MAPE: 9.2607]
2026-01-25 12:59:03,366 - easytorch-training - INFO - Checkpoint checkpoints/STMAFNet_300/21afeca3ffc10cdf4e90589d029b0e70/STMAFNet_032.pt saved
2026-01-25 12:59:03,367 - easytorch-training - INFO - The estimated training finish time is 2026-01-25 21:29:02
2026-01-25 12:59:03,367 - easytorch-training - INFO - Epoch 33 / 300
2026-01-25 13:00:26,494 - easytorch-training - INFO - Result <train>: [train_time: 83.13 (s), lr: 5.00e-04, train_MAE: 14.1457, train_RMSE: 23.4187, train_MAPE: 9.6727]
2026-01-25 13:00:26,496 - easytorch-training - INFO - Start validation.
2026-01-25 13:00:36,396 - easytorch-training - INFO - Result <val>: [val_time: 9.90 (s), val_MAE: 14.2690, val_RMSE: 23.0869, val_MAPE: 10.5203]
2026-01-25 13:00:47,327 - easytorch-training - INFO - Evaluate best model on test data for horizon 1, Test MAE: 12.2436, Test RMSE: 19.3824, Test MAPE: 8.0609
2026-01-25 13:00:47,336 - easytorch-training - INFO - Evaluate best model on test data for horizon 2, Test MAE: 12.8027, Test RMSE: 20.5243, Test MAPE: 8.3517
2026-01-25 13:00:47,344 - easytorch-training - INFO - Evaluate best model on test data for horizon 3, Test MAE: 13.2766, Test RMSE: 21.4177, Test MAPE: 8.6320
2026-01-25 13:00:47,353 - easytorch-training - INFO - Evaluate best model on test data for horizon 4, Test MAE: 13.7309, Test RMSE: 22.2251, Test MAPE: 10.0497
2026-01-25 13:00:47,361 - easytorch-training - INFO - Evaluate best model on test data for horizon 5, Test MAE: 13.9170, Test RMSE: 22.8322, Test MAPE: 9.1525
2026-01-25 13:00:47,371 - easytorch-training - INFO - Evaluate best model on test data for horizon 6, Test MAE: 14.1896, Test RMSE: 23.4406, Test MAPE: 9.3337
2026-01-25 13:00:47,375 - easytorch-training - INFO - Evaluate best model on test data for horizon 7, Test MAE: 14.5076, Test RMSE: 23.9681, Test MAPE: 9.4772
2026-01-25 13:00:47,376 - easytorch-training - INFO - Evaluate best model on test data for horizon 8, Test MAE: 14.7697, Test RMSE: 24.4612, Test MAPE: 9.6746
2026-01-25 13:00:47,379 - easytorch-training - INFO - Evaluate best model on test data for horizon 9, Test MAE: 14.9265, Test RMSE: 24.8024, Test MAPE: 9.5885
2026-01-25 13:00:47,385 - easytorch-training - INFO - Evaluate best model on test data for horizon 10, Test MAE: 15.1387, Test RMSE: 25.1344, Test MAPE: 9.7100
2026-01-25 13:00:47,394 - easytorch-training - INFO - Evaluate best model on test data for horizon 11, Test MAE: 15.3436, Test RMSE: 25.4511, Test MAPE: 9.9147
2026-01-25 13:00:47,403 - easytorch-training - INFO - Evaluate best model on test data for horizon 12, Test MAE: 15.5817, Test RMSE: 25.8977, Test MAPE: 10.2482
2026-01-25 13:00:47,417 - easytorch-training - INFO - Result <test>: [test_time: 11.02 (s), test_MAE: 14.2023, test_RMSE: 23.3783, test_MAPE: 9.3495]
2026-01-25 13:00:47,762 - easytorch-training - INFO - Checkpoint checkpoints/STMAFNet_300/21afeca3ffc10cdf4e90589d029b0e70/STMAFNet_033.pt saved
2026-01-25 13:00:47,763 - easytorch-training - INFO - The estimated training finish time is 2026-01-25 21:27:33
2026-01-25 13:00:47,763 - easytorch-training - INFO - Epoch 34 / 300
2026-01-25 13:02:18,228 - easytorch-training - INFO - Result <train>: [train_time: 90.47 (s), lr: 5.00e-04, train_MAE: 14.1288, train_RMSE: 23.3897, train_MAPE: 9.6425]
2026-01-25 13:02:18,230 - easytorch-training - INFO - Start validation.
2026-01-25 13:02:29,784 - easytorch-training - INFO - Result <val>: [val_time: 11.55 (s), val_MAE: 14.1758, val_RMSE: 23.0084, val_MAPE: 10.2373]
2026-01-25 13:02:30,309 - easytorch-training - INFO - Checkpoint checkpoints/STMAFNet_300/21afeca3ffc10cdf4e90589d029b0e70/STMAFNet_best_val_MAE.pt saved
2026-01-25 13:02:41,280 - easytorch-training - INFO - Evaluate best model on test data for horizon 1, Test MAE: 12.1897, Test RMSE: 19.3714, Test MAPE: 7.9104
2026-01-25 13:02:41,294 - easytorch-training - INFO - Evaluate best model on test data for horizon 2, Test MAE: 12.7233, Test RMSE: 20.5068, Test MAPE: 8.3036
2026-01-25 13:02:41,308 - easytorch-training - INFO - Evaluate best model on test data for horizon 3, Test MAE: 13.1179, Test RMSE: 21.3173, Test MAPE: 8.4787
2026-01-25 13:02:41,322 - easytorch-training - INFO - Evaluate best model on test data for horizon 4, Test MAE: 13.5487, Test RMSE: 22.0675, Test MAPE: 9.1114
2026-01-25 13:02:41,336 - easytorch-training - INFO - Evaluate best model on test data for horizon 5, Test MAE: 13.8302, Test RMSE: 22.6763, Test MAPE: 9.2109
2026-01-25 13:02:41,348 - easytorch-training - INFO - Evaluate best model on test data for horizon 6, Test MAE: 14.0705, Test RMSE: 23.1612, Test MAPE: 9.1595
2026-01-25 13:02:41,357 - easytorch-training - INFO - Evaluate best model on test data for horizon 7, Test MAE: 14.3378, Test RMSE: 23.5898, Test MAPE: 9.2744
2026-01-25 13:02:41,362 - easytorch-training - INFO - Evaluate best model on test data for horizon 8, Test MAE: 14.5847, Test RMSE: 24.0020, Test MAPE: 9.5037
2026-01-25 13:02:41,366 - easytorch-training - INFO - Evaluate best model on test data for horizon 9, Test MAE: 14.8056, Test RMSE: 24.3950, Test MAPE: 9.8025
2026-01-25 13:02:41,374 - easytorch-training - INFO - Evaluate best model on test data for horizon 10, Test MAE: 15.0514, Test RMSE: 24.7454, Test MAPE: 9.8779
2026-01-25 13:02:41,383 - easytorch-training - INFO - Evaluate best model on test data for horizon 11, Test MAE: 15.2228, Test RMSE: 25.0298, Test MAPE: 9.9532
2026-01-25 13:02:41,391 - easytorch-training - INFO - Evaluate best model on test data for horizon 12, Test MAE: 15.5220, Test RMSE: 25.4245, Test MAPE: 10.1994
2026-01-25 13:02:41,403 - easytorch-training - INFO - Result <test>: [test_time: 11.09 (s), test_MAE: 14.0837, test_RMSE: 23.0954, test_MAPE: 9.2321]
2026-01-25 13:02:41,751 - easytorch-training - INFO - Checkpoint checkpoints/STMAFNet_300/21afeca3ffc10cdf4e90589d029b0e70/STMAFNet_034.pt saved
2026-01-25 13:02:41,752 - easytorch-training - INFO - The estimated training finish time is 2026-01-25 21:27:34
2026-01-25 13:02:41,752 - easytorch-training - INFO - Epoch 35 / 300
2026-01-25 13:04:24,201 - easytorch-training - INFO - Result <train>: [train_time: 102.45 (s), lr: 5.00e-04, train_MAE: 14.1015, train_RMSE: 23.3517, train_MAPE: 9.6450]
2026-01-25 13:04:24,202 - easytorch-training - INFO - Start validation.
2026-01-25 13:04:38,063 - easytorch-training - INFO - Result <val>: [val_time: 13.86 (s), val_MAE: 14.2624, val_RMSE: 23.1186, val_MAPE: 11.2534]
2026-01-25 13:04:50,543 - easytorch-training - INFO - Evaluate best model on test data for horizon 1, Test MAE: 12.3639, Test RMSE: 19.4415, Test MAPE: 9.8805
2026-01-25 13:04:50,551 - easytorch-training - INFO - Evaluate best model on test data for horizon 2, Test MAE: 12.7809, Test RMSE: 20.5325, Test MAPE: 9.0479
2026-01-25 13:04:50,557 - easytorch-training - INFO - Evaluate best model on test data for horizon 3, Test MAE: 13.3628, Test RMSE: 21.4593, Test MAPE: 9.9998
2026-01-25 13:04:50,569 - easytorch-training - INFO - Evaluate best model on test data for horizon 4, Test MAE: 13.5895, Test RMSE: 22.1474, Test MAPE: 9.1720
2026-01-25 13:04:50,577 - easytorch-training - INFO - Evaluate best model on test data for horizon 5, Test MAE: 13.9092, Test RMSE: 22.7649, Test MAPE: 9.9873
2026-01-25 13:04:50,592 - easytorch-training - INFO - Evaluate best model on test data for horizon 6, Test MAE: 14.1485, Test RMSE: 23.3570, Test MAPE: 9.8046
2026-01-25 13:04:50,607 - easytorch-training - INFO - Evaluate best model on test data for horizon 7, Test MAE: 14.4043, Test RMSE: 23.9678, Test MAPE: 9.9504
2026-01-25 13:04:50,617 - easytorch-training - INFO - Evaluate best model on test data for horizon 8, Test MAE: 14.7262, Test RMSE: 24.5763, Test MAPE: 9.8842
2026-01-25 13:04:50,628 - easytorch-training - INFO - Evaluate best model on test data for horizon 9, Test MAE: 14.8531, Test RMSE: 24.8898, Test MAPE: 10.0266
2026-01-25 13:04:50,642 - easytorch-training - INFO - Evaluate best model on test data for horizon 10, Test MAE: 15.1562, Test RMSE: 25.2352, Test MAPE: 10.7315
2026-01-25 13:04:50,657 - easytorch-training - INFO - Evaluate best model on test data for horizon 11, Test MAE: 15.4260, Test RMSE: 25.6255, Test MAPE: 10.8791
2026-01-25 13:04:50,666 - easytorch-training - INFO - Evaluate best model on test data for horizon 12, Test MAE: 15.6179, Test RMSE: 25.8848, Test MAPE: 10.4728
2026-01-25 13:04:50,676 - easytorch-training - INFO - Result <test>: [test_time: 12.61 (s), test_MAE: 14.1949, test_RMSE: 23.4091, test_MAPE: 9.9864]
2026-01-25 13:04:51,033 - easytorch-training - INFO - Checkpoint checkpoints/STMAFNet_300/21afeca3ffc10cdf4e90589d029b0e70/STMAFNet_035.pt saved
2026-01-25 13:04:51,034 - easytorch-training - INFO - The estimated training finish time is 2026-01-25 21:29:46
2026-01-25 13:04:51,034 - easytorch-training - INFO - Epoch 36 / 300
2026-01-25 13:06:27,010 - easytorch-training - INFO - Result <train>: [train_time: 95.98 (s), lr: 5.00e-04, train_MAE: 14.0318, train_RMSE: 23.2692, train_MAPE: 9.5391]
2026-01-25 13:06:27,012 - easytorch-training - INFO - Start validation.
2026-01-25 13:06:38,514 - easytorch-training - INFO - Result <val>: [val_time: 11.50 (s), val_MAE: 14.1761, val_RMSE: 23.0227, val_MAPE: 10.6757]
2026-01-25 13:06:49,477 - easytorch-training - INFO - Evaluate best model on test data for horizon 1, Test MAE: 12.2218, Test RMSE: 19.3719, Test MAPE: 8.0825
2026-01-25 13:06:49,484 - easytorch-training - INFO - Evaluate best model on test data for horizon 2, Test MAE: 12.7301, Test RMSE: 20.4917, Test MAPE: 8.4569
2026-01-25 13:06:49,494 - easytorch-training - INFO - Evaluate best model on test data for horizon 3, Test MAE: 13.1683, Test RMSE: 21.3147, Test MAPE: 9.1998
2026-01-25 13:06:49,502 - easytorch-training - INFO - Evaluate best model on test data for horizon 4, Test MAE: 13.4897, Test RMSE: 22.0312, Test MAPE: 9.0661
2026-01-25 13:06:49,511 - easytorch-training - INFO - Evaluate best model on test data for horizon 5, Test MAE: 13.8377, Test RMSE: 22.7112, Test MAPE: 9.6468
2026-01-25 13:06:49,519 - easytorch-training - INFO - Evaluate best model on test data for horizon 6, Test MAE: 14.1564, Test RMSE: 23.3023, Test MAPE: 10.1355
2026-01-25 13:06:49,534 - easytorch-training - INFO - Evaluate best model on test data for horizon 7, Test MAE: 14.3719, Test RMSE: 23.8521, Test MAPE: 9.7595
2026-01-25 13:06:49,542 - easytorch-training - INFO - Evaluate best model on test data for horizon 8, Test MAE: 14.6018, Test RMSE: 24.3518, Test MAPE: 9.7736
2026-01-25 13:06:49,551 - easytorch-training - INFO - Evaluate best model on test data for horizon 9, Test MAE: 14.8331, Test RMSE: 24.7189, Test MAPE: 10.1398
2026-01-25 13:06:49,560 - easytorch-training - INFO - Evaluate best model on test data for horizon 10, Test MAE: 15.0245, Test RMSE: 25.0547, Test MAPE: 9.9545
2026-01-25 13:06:49,573 - easytorch-training - INFO - Evaluate best model on test data for horizon 11, Test MAE: 15.2168, Test RMSE: 25.3265, Test MAPE: 10.2952
2026-01-25 13:06:49,586 - easytorch-training - INFO - Evaluate best model on test data for horizon 12, Test MAE: 15.5016, Test RMSE: 25.7369, Test MAPE: 10.7260
2026-01-25 13:06:49,601 - easytorch-training - INFO - Result <test>: [test_time: 11.09 (s), test_MAE: 14.0961, test_RMSE: 23.2705, test_MAPE: 9.6030]
2026-01-25 13:06:49,953 - easytorch-training - INFO - Checkpoint checkpoints/STMAFNet_300/21afeca3ffc10cdf4e90589d029b0e70/STMAFNet_036.pt saved
2026-01-25 13:06:49,953 - easytorch-training - INFO - The estimated training finish time is 2026-01-25 21:30:25
2026-01-25 13:06:49,954 - easytorch-training - INFO - Epoch 37 / 300
2026-01-25 13:08:51,672 - easytorch-training - INFO - Result <train>: [train_time: 121.72 (s), lr: 2.50e-04, train_MAE: 13.8343, train_RMSE: 23.0466, train_MAPE: 9.2829]
2026-01-25 13:08:51,673 - easytorch-training - INFO - Start validation.
2026-01-25 13:09:08,514 - easytorch-training - INFO - Result <val>: [val_time: 16.84 (s), val_MAE: 14.0294, val_RMSE: 22.9853, val_MAPE: 11.4156]
2026-01-25 13:09:09,040 - easytorch-training - INFO - Checkpoint checkpoints/STMAFNet_300/21afeca3ffc10cdf4e90589d029b0e70/STMAFNet_best_val_MAE.pt saved
2026-01-25 13:09:24,592 - easytorch-training - INFO - Evaluate best model on test data for horizon 1, Test MAE: 12.1024, Test RMSE: 19.3055, Test MAPE: 8.5626
2026-01-25 13:09:24,607 - easytorch-training - INFO - Evaluate best model on test data for horizon 2, Test MAE: 12.6421, Test RMSE: 20.4350, Test MAPE: 8.9791
2026-01-25 13:09:24,622 - easytorch-training - INFO - Evaluate best model on test data for horizon 3, Test MAE: 13.0357, Test RMSE: 21.2793, Test MAPE: 9.3028
2026-01-25 13:09:24,636 - easytorch-training - INFO - Evaluate best model on test data for horizon 4, Test MAE: 13.4192, Test RMSE: 22.0643, Test MAPE: 9.7366
2026-01-25 13:09:24,643 - easytorch-training - INFO - Evaluate best model on test data for horizon 5, Test MAE: 13.6901, Test RMSE: 22.7642, Test MAPE: 9.5273
2026-01-25 13:09:24,652 - easytorch-training - INFO - Evaluate best model on test data for horizon 6, Test MAE: 13.9966, Test RMSE: 23.3911, Test MAPE: 10.0625
2026-01-25 13:09:24,663 - easytorch-training - INFO - Evaluate best model on test data for horizon 7, Test MAE: 14.2363, Test RMSE: 23.9327, Test MAPE: 9.8454
2026-01-25 13:09:24,678 - easytorch-training - INFO - Evaluate best model on test data for horizon 8, Test MAE: 14.5011, Test RMSE: 24.3514, Test MAPE: 10.3372
2026-01-25 13:09:24,693 - easytorch-training - INFO - Evaluate best model on test data for horizon 9, Test MAE: 14.6797, Test RMSE: 24.7399, Test MAPE: 10.1439
2026-01-25 13:09:24,708 - easytorch-training - INFO - Evaluate best model on test data for horizon 10, Test MAE: 14.8811, Test RMSE: 25.0892, Test MAPE: 10.1646
2026-01-25 13:09:24,718 - easytorch-training - INFO - Evaluate best model on test data for horizon 11, Test MAE: 15.1051, Test RMSE: 25.4445, Test MAPE: 10.2541
2026-01-25 13:09:24,727 - easytorch-training - INFO - Evaluate best model on test data for horizon 12, Test MAE: 15.3402, Test RMSE: 25.7678, Test MAPE: 10.5756
2026-01-25 13:09:24,744 - easytorch-training - INFO - Result <test>: [test_time: 15.70 (s), test_MAE: 13.9691, test_RMSE: 23.2987, test_MAPE: 9.7910]
2026-01-25 13:09:25,093 - easytorch-training - INFO - Checkpoint checkpoints/STMAFNet_300/21afeca3ffc10cdf4e90589d029b0e70/STMAFNet_037.pt saved
2026-01-25 13:09:25,093 - easytorch-training - INFO - The estimated training finish time is 2026-01-25 21:35:55
2026-01-25 13:09:25,094 - easytorch-training - INFO - Epoch 38 / 300
2026-01-25 13:11:25,777 - easytorch-training - INFO - Result <train>: [train_time: 120.68 (s), lr: 2.50e-04, train_MAE: 13.7590, train_RMSE: 22.9523, train_MAPE: 9.2593]
2026-01-25 13:11:25,778 - easytorch-training - INFO - Start validation.
2026-01-25 13:11:41,333 - easytorch-training - INFO - Result <val>: [val_time: 15.56 (s), val_MAE: 13.9179, val_RMSE: 22.8824, val_MAPE: 10.4333]
2026-01-25 13:11:41,908 - easytorch-training - INFO - Checkpoint checkpoints/STMAFNet_300/21afeca3ffc10cdf4e90589d029b0e70/STMAFNet_best_val_MAE.pt saved
2026-01-25 13:11:56,366 - easytorch-training - INFO - Evaluate best model on test data for horizon 1, Test MAE: 12.0778, Test RMSE: 19.3278, Test MAPE: 8.0713
2026-01-25 13:11:56,375 - easytorch-training - INFO - Evaluate best model on test data for horizon 2, Test MAE: 12.5458, Test RMSE: 20.4047, Test MAPE: 8.1217
2026-01-25 13:11:56,390 - easytorch-training - INFO - Evaluate best model on test data for horizon 3, Test MAE: 12.9629, Test RMSE: 21.2718, Test MAPE: 8.4854
2026-01-25 13:11:56,405 - easytorch-training - INFO - Evaluate best model on test data for horizon 4, Test MAE: 13.2681, Test RMSE: 21.9441, Test MAPE: 8.8084
2026-01-25 13:11:56,418 - easytorch-training - INFO - Evaluate best model on test data for horizon 5, Test MAE: 13.5887, Test RMSE: 22.5696, Test MAPE: 9.1971
2026-01-25 13:11:56,431 - easytorch-training - INFO - Evaluate best model on test data for horizon 6, Test MAE: 13.8516, Test RMSE: 23.2151, Test MAPE: 9.0648
2026-01-25 13:11:56,446 - easytorch-training - INFO - Evaluate best model on test data for horizon 7, Test MAE: 14.1567, Test RMSE: 23.6757, Test MAPE: 9.7989
2026-01-25 13:11:56,461 - easytorch-training - INFO - Evaluate best model on test data for horizon 8, Test MAE: 14.3818, Test RMSE: 24.1694, Test MAPE: 9.5982
2026-01-25 13:11:56,477 - easytorch-training - INFO - Evaluate best model on test data for horizon 9, Test MAE: 14.6069, Test RMSE: 24.5380, Test MAPE: 10.0344
2026-01-25 13:11:56,493 - easytorch-training - INFO - Evaluate best model on test data for horizon 10, Test MAE: 14.7772, Test RMSE: 24.8534, Test MAPE: 9.8263
2026-01-25 13:11:56,508 - easytorch-training - INFO - Evaluate best model on test data for horizon 11, Test MAE: 15.0188, Test RMSE: 25.2393, Test MAPE: 10.1098
2026-01-25 13:11:56,518 - easytorch-training - INFO - Evaluate best model on test data for horizon 12, Test MAE: 15.2413, Test RMSE: 25.5640, Test MAPE: 10.3311
2026-01-25 13:11:56,533 - easytorch-training - INFO - Result <test>: [test_time: 14.62 (s), test_MAE: 13.8731, test_RMSE: 23.1432, test_MAPE: 9.2873]
2026-01-25 13:11:56,880 - easytorch-training - INFO - Checkpoint checkpoints/STMAFNet_300/21afeca3ffc10cdf4e90589d029b0e70/STMAFNet_038.pt saved
2026-01-25 13:11:56,881 - easytorch-training - INFO - The estimated training finish time is 2026-01-25 21:40:41
2026-01-25 13:11:56,881 - easytorch-training - INFO - Epoch 39 / 300
2026-01-25 13:14:36,577 - easytorch-training - INFO - Result <train>: [train_time: 159.70 (s), lr: 2.50e-04, train_MAE: 13.7144, train_RMSE: 22.8880, train_MAPE: 9.2145]
2026-01-25 13:14:36,579 - easytorch-training - INFO - Start validation.
2026-01-25 13:14:58,789 - easytorch-training - INFO - Result <val>: [val_time: 22.21 (s), val_MAE: 13.9185, val_RMSE: 22.8966, val_MAPE: 10.2491]
2026-01-25 13:15:18,898 - easytorch-training - INFO - Evaluate best model on test data for horizon 1, Test MAE: 12.0040, Test RMSE: 19.2234, Test MAPE: 7.7914
2026-01-25 13:15:18,918 - easytorch-training - INFO - Evaluate best model on test data for horizon 2, Test MAE: 12.5523, Test RMSE: 20.3768, Test MAPE: 8.0565
2026-01-25 13:15:18,933 - easytorch-training - INFO - Evaluate best model on test data for horizon 3, Test MAE: 12.9426, Test RMSE: 21.2023, Test MAPE: 8.4068
2026-01-25 13:15:18,950 - easytorch-training - INFO - Evaluate best model on test data for horizon 4, Test MAE: 13.2760, Test RMSE: 21.9403, Test MAPE: 8.5957
2026-01-25 13:15:18,970 - easytorch-training - INFO - Evaluate best model on test data for horizon 5, Test MAE: 13.5794, Test RMSE: 22.5911, Test MAPE: 8.7831
2026-01-25 13:15:18,993 - easytorch-training - INFO - Evaluate best model on test data for horizon 6, Test MAE: 13.8444, Test RMSE: 23.1822, Test MAPE: 8.9289
2026-01-25 13:15:19,016 - easytorch-training - INFO - Evaluate best model on test data for horizon 7, Test MAE: 14.0955, Test RMSE: 23.6780, Test MAPE: 9.1049
2026-01-25 13:15:19,041 - easytorch-training - INFO - Evaluate best model on test data for horizon 8, Test MAE: 14.3297, Test RMSE: 24.1482, Test MAPE: 9.2525
2026-01-25 13:15:19,066 - easytorch-training - INFO - Evaluate best model on test data for horizon 9, Test MAE: 14.5353, Test RMSE: 24.5179, Test MAPE: 9.3874
2026-01-25 13:15:19,086 - easytorch-training - INFO - Evaluate best model on test data for horizon 10, Test MAE: 14.7322, Test RMSE: 24.8842, Test MAPE: 9.5848
2026-01-25 13:15:19,109 - easytorch-training - INFO - Evaluate best model on test data for horizon 11, Test MAE: 14.9290, Test RMSE: 25.1802, Test MAPE: 9.6810
2026-01-25 13:15:19,133 - easytorch-training - INFO - Evaluate best model on test data for horizon 12, Test MAE: 15.1784, Test RMSE: 25.5640, Test MAPE: 9.8563
2026-01-25 13:15:19,162 - easytorch-training - INFO - Result <test>: [test_time: 20.37 (s), test_MAE: 13.8332, test_RMSE: 23.1213, test_MAPE: 8.9524]
2026-01-25 13:15:19,518 - easytorch-training - INFO - Checkpoint checkpoints/STMAFNet_300/21afeca3ffc10cdf4e90589d029b0e70/STMAFNet_039.pt saved
2026-01-25 13:15:19,518 - easytorch-training - INFO - The estimated training finish time is 2026-01-25 21:51:43
2026-01-25 13:15:19,518 - easytorch-training - INFO - Epoch 40 / 300
2026-01-25 13:17:30,684 - easytorch-training - INFO - Result <train>: [train_time: 131.16 (s), lr: 2.50e-04, train_MAE: 13.6902, train_RMSE: 22.8632, train_MAPE: 9.1790]
2026-01-25 13:17:30,685 - easytorch-training - INFO - Start validation.
2026-01-25 13:17:47,521 - easytorch-training - INFO - Result <val>: [val_time: 16.84 (s), val_MAE: 13.9787, val_RMSE: 22.8967, val_MAPE: 10.7809]
2026-01-25 13:18:02,273 - easytorch-training - INFO - Evaluate best model on test data for horizon 1, Test MAE: 12.0682, Test RMSE: 19.2712, Test MAPE: 8.4242
2026-01-25 13:18:02,288 - easytorch-training - INFO - Evaluate best model on test data for horizon 2, Test MAE: 12.5417, Test RMSE: 20.3663, Test MAPE: 8.5952
2026-01-25 13:18:02,304 - easytorch-training - INFO - Evaluate best model on test data for horizon 3, Test MAE: 13.0432, Test RMSE: 21.2433, Test MAPE: 9.4635
2026-01-25 13:18:02,316 - easytorch-training - INFO - Evaluate best model on test data for horizon 4, Test MAE: 13.3536, Test RMSE: 22.0120, Test MAPE: 8.9516
2026-01-25 13:18:02,331 - easytorch-training - INFO - Evaluate best model on test data for horizon 5, Test MAE: 13.6615, Test RMSE: 22.6301, Test MAPE: 9.6209
2026-01-25 13:18:02,341 - easytorch-training - INFO - Evaluate best model on test data for horizon 6, Test MAE: 13.9584, Test RMSE: 23.2255, Test MAPE: 9.9530
2026-01-25 13:18:02,353 - easytorch-training - INFO - Evaluate best model on test data for horizon 7, Test MAE: 14.1421, Test RMSE: 23.7396, Test MAPE: 9.7115
2026-01-25 13:18:02,369 - easytorch-training - INFO - Evaluate best model on test data for horizon 8, Test MAE: 14.4231, Test RMSE: 24.1416, Test MAPE: 10.0750
2026-01-25 13:18:02,385 - easytorch-training - INFO - Evaluate best model on test data for horizon 9, Test MAE: 14.6284, Test RMSE: 24.5495, Test MAPE: 10.1235
2026-01-25 13:18:02,398 - easytorch-training - INFO - Evaluate best model on test data for horizon 10, Test MAE: 14.8126, Test RMSE: 24.8957, Test MAPE: 9.8377
2026-01-25 13:18:02,408 - easytorch-training - INFO - Evaluate best model on test data for horizon 11, Test MAE: 15.0068, Test RMSE: 25.1964, Test MAPE: 10.1810
2026-01-25 13:18:02,419 - easytorch-training - INFO - Evaluate best model on test data for horizon 12, Test MAE: 15.2442, Test RMSE: 25.5236, Test MAPE: 10.2951
2026-01-25 13:18:02,437 - easytorch-training - INFO - Result <test>: [test_time: 14.91 (s), test_MAE: 13.9070, test_RMSE: 23.1457, test_MAPE: 9.6027]
2026-01-25 13:18:02,807 - easytorch-training - INFO - Checkpoint checkpoints/STMAFNet_300/21afeca3ffc10cdf4e90589d029b0e70/STMAFNet_040.pt saved
2026-01-25 13:18:02,859 - easytorch-training - INFO - The estimated training finish time is 2026-01-25 21:57:18
2026-01-25 13:18:02,859 - easytorch-training - INFO - Epoch 41 / 300
2026-01-25 13:20:00,676 - easytorch-training - INFO - Result <train>: [train_time: 117.82 (s), lr: 2.50e-04, train_MAE: 13.6470, train_RMSE: 22.7936, train_MAPE: 9.1848]
2026-01-25 13:20:00,677 - easytorch-training - INFO - Start validation.
2026-01-25 13:20:17,462 - easytorch-training - INFO - Result <val>: [val_time: 16.78 (s), val_MAE: 13.9414, val_RMSE: 22.8630, val_MAPE: 10.8404]
2026-01-25 13:20:32,855 - easytorch-training - INFO - Evaluate best model on test data for horizon 1, Test MAE: 12.0924, Test RMSE: 19.3107, Test MAPE: 8.3683
2026-01-25 13:20:32,870 - easytorch-training - INFO - Evaluate best model on test data for horizon 2, Test MAE: 12.5828, Test RMSE: 20.4211, Test MAPE: 8.6151
2026-01-25 13:20:32,885 - easytorch-training - INFO - Evaluate best model on test data for horizon 3, Test MAE: 13.0696, Test RMSE: 21.2930, Test MAPE: 9.6604
2026-01-25 13:20:32,894 - easytorch-training - INFO - Evaluate best model on test data for horizon 4, Test MAE: 13.3769, Test RMSE: 22.0524, Test MAPE: 9.5715
2026-01-25 13:20:32,904 - easytorch-training - INFO - Evaluate best model on test data for horizon 5, Test MAE: 13.6934, Test RMSE: 22.7448, Test MAPE: 9.6092
2026-01-25 13:20:32,916 - easytorch-training - INFO - Evaluate best model on test data for horizon 6, Test MAE: 13.9616, Test RMSE: 23.3367, Test MAPE: 9.8018
2026-01-25 13:20:32,931 - easytorch-training - INFO - Evaluate best model on test data for horizon 7, Test MAE: 14.2066, Test RMSE: 23.8713, Test MAPE: 9.6717
2026-01-25 13:20:32,947 - easytorch-training - INFO - Evaluate best model on test data for horizon 8, Test MAE: 14.5300, Test RMSE: 24.3576, Test MAPE: 10.4992
2026-01-25 13:20:32,962 - easytorch-training - INFO - Evaluate best model on test data for horizon 9, Test MAE: 14.6854, Test RMSE: 24.7497, Test MAPE: 9.8001
2026-01-25 13:20:32,977 - easytorch-training - INFO - Evaluate best model on test data for horizon 10, Test MAE: 14.8502, Test RMSE: 25.0174, Test MAPE: 9.9646
2026-01-25 13:20:32,988 - easytorch-training - INFO - Evaluate best model on test data for horizon 11, Test MAE: 15.1068, Test RMSE: 25.3076, Test MAPE: 10.6956
2026-01-25 13:20:32,994 - easytorch-training - INFO - Evaluate best model on test data for horizon 12, Test MAE: 15.2961, Test RMSE: 25.6731, Test MAPE: 10.2058
2026-01-25 13:20:33,004 - easytorch-training - INFO - Result <test>: [test_time: 15.54 (s), test_MAE: 13.9543, test_RMSE: 23.2606, test_MAPE: 9.7053]
2026-01-25 13:20:33,443 - easytorch-training - INFO - Checkpoint checkpoints/STMAFNet_300/21afeca3ffc10cdf4e90589d029b0e70/STMAFNet_041.pt saved
2026-01-25 13:20:33,444 - easytorch-training - INFO - The estimated training finish time is 2026-01-25 22:01:03
2026-01-25 13:20:33,444 - easytorch-training - INFO - Epoch 42 / 300
2026-01-25 13:22:39,635 - easytorch-training - INFO - Result <train>: [train_time: 126.19 (s), lr: 2.50e-04, train_MAE: 13.6225, train_RMSE: 22.7593, train_MAPE: 9.1572]
2026-01-25 13:22:39,637 - easytorch-training - INFO - Start validation.
2026-01-25 13:22:56,335 - easytorch-training - INFO - Result <val>: [val_time: 16.70 (s), val_MAE: 13.9694, val_RMSE: 22.8382, val_MAPE: 10.1384]
2026-01-25 13:23:11,199 - easytorch-training - INFO - Evaluate best model on test data for horizon 1, Test MAE: 12.0816, Test RMSE: 19.2427, Test MAPE: 8.1903
2026-01-25 13:23:11,208 - easytorch-training - INFO - Evaluate best model on test data for horizon 2, Test MAE: 12.6720, Test RMSE: 20.4186, Test MAPE: 8.7145
2026-01-25 13:23:11,217 - easytorch-training - INFO - Evaluate best model on test data for horizon 3, Test MAE: 13.0682, Test RMSE: 21.2539, Test MAPE: 8.8132
2026-01-25 13:23:11,227 - easytorch-training - INFO - Evaluate best model on test data for horizon 4, Test MAE: 13.4253, Test RMSE: 22.0004, Test MAPE: 8.8946
2026-01-25 13:23:11,235 - easytorch-training - INFO - Evaluate best model on test data for horizon 5, Test MAE: 13.6903, Test RMSE: 22.6622, Test MAPE: 8.7528
2026-01-25 13:23:11,244 - easytorch-training - INFO - Evaluate best model on test data for horizon 6, Test MAE: 13.8863, Test RMSE: 23.2225, Test MAPE: 9.0020
2026-01-25 13:23:11,253 - easytorch-training - INFO - Evaluate best model on test data for horizon 7, Test MAE: 14.1468, Test RMSE: 23.7298, Test MAPE: 9.1104
2026-01-25 13:23:11,262 - easytorch-training - INFO - Evaluate best model on test data for horizon 8, Test MAE: 14.4365, Test RMSE: 24.1826, Test MAPE: 9.4178
2026-01-25 13:23:11,269 - easytorch-training - INFO - Evaluate best model on test data for horizon 9, Test MAE: 14.6102, Test RMSE: 24.5650, Test MAPE: 9.3562
2026-01-25 13:23:11,270 - easytorch-training - INFO - Evaluate best model on test data for horizon 10, Test MAE: 14.7574, Test RMSE: 24.8493, Test MAPE: 9.4704
2026-01-25 13:23:11,271 - easytorch-training - INFO - Evaluate best model on test data for horizon 11, Test MAE: 14.9546, Test RMSE: 25.1152, Test MAPE: 9.7574
2026-01-25 13:23:11,278 - easytorch-training - INFO - Evaluate best model on test data for horizon 12, Test MAE: 15.1635, Test RMSE: 25.4616, Test MAPE: 9.8677
2026-01-25 13:23:11,291 - easytorch-training - INFO - Result <test>: [test_time: 14.95 (s), test_MAE: 13.9077, test_RMSE: 23.1367, test_MAPE: 9.1123]
2026-01-25 13:23:11,637 - easytorch-training - INFO - Checkpoint checkpoints/STMAFNet_300/21afeca3ffc10cdf4e90589d029b0e70/STMAFNet_042.pt saved
2026-01-25 13:23:11,638 - easytorch-training - INFO - The estimated training finish time is 2026-01-25 22:05:32
2026-01-25 13:23:11,638 - easytorch-training - INFO - Epoch 43 / 300
2026-01-25 13:25:18,666 - easytorch-training - INFO - Result <train>: [train_time: 127.03 (s), lr: 2.50e-04, train_MAE: 13.5970, train_RMSE: 22.7205, train_MAPE: 9.1559]
2026-01-25 13:25:18,668 - easytorch-training - INFO - Start validation.
2026-01-25 13:25:33,493 - easytorch-training - INFO - Result <val>: [val_time: 14.82 (s), val_MAE: 13.9210, val_RMSE: 22.8694, val_MAPE: 10.1709]
2026-01-25 13:25:47,458 - easytorch-training - INFO - Evaluate best model on test data for horizon 1, Test MAE: 11.9971, Test RMSE: 19.2415, Test MAPE: 7.7717
2026-01-25 13:25:47,474 - easytorch-training - INFO - Evaluate best model on test data for horizon 2, Test MAE: 12.5438, Test RMSE: 20.3845, Test MAPE: 8.1545
2026-01-25 13:25:47,488 - easytorch-training - INFO - Evaluate best model on test data for horizon 3, Test MAE: 12.9742, Test RMSE: 21.2443, Test MAPE: 8.3520
2026-01-25 13:25:47,498 - easytorch-training - INFO - Evaluate best model on test data for horizon 4, Test MAE: 13.3066, Test RMSE: 21.9844, Test MAPE: 8.6813
2026-01-25 13:25:47,512 - easytorch-training - INFO - Evaluate best model on test data for horizon 5, Test MAE: 13.6139, Test RMSE: 22.6211, Test MAPE: 9.0289
2026-01-25 13:25:47,528 - easytorch-training - INFO - Evaluate best model on test data for horizon 6, Test MAE: 13.8687, Test RMSE: 23.1877, Test MAPE: 9.0236
2026-01-25 13:25:47,544 - easytorch-training - INFO - Evaluate best model on test data for horizon 7, Test MAE: 14.1215, Test RMSE: 23.6308, Test MAPE: 9.1038
2026-01-25 13:25:47,560 - easytorch-training - INFO - Evaluate best model on test data for horizon 8, Test MAE: 14.3721, Test RMSE: 24.0833, Test MAPE: 9.2724
2026-01-25 13:25:47,576 - easytorch-training - INFO - Evaluate best model on test data for horizon 9, Test MAE: 14.5712, Test RMSE: 24.4694, Test MAPE: 9.3684
2026-01-25 13:25:47,589 - easytorch-training - INFO - Evaluate best model on test data for horizon 10, Test MAE: 14.7990, Test RMSE: 24.7870, Test MAPE: 9.5400
2026-01-25 13:25:47,598 - easytorch-training - INFO - Evaluate best model on test data for horizon 11, Test MAE: 14.9588, Test RMSE: 25.0842, Test MAPE: 9.7204
2026-01-25 13:25:47,611 - easytorch-training - INFO - Evaluate best model on test data for horizon 12, Test MAE: 15.1720, Test RMSE: 25.4377, Test MAPE: 9.8796
2026-01-25 13:25:47,628 - easytorch-training - INFO - Result <test>: [test_time: 14.13 (s), test_MAE: 13.8582, test_RMSE: 23.0897, test_MAPE: 8.9914]
2026-01-25 13:25:48,081 - easytorch-training - INFO - Checkpoint checkpoints/STMAFNet_300/21afeca3ffc10cdf4e90589d029b0e70/STMAFNet_043.pt saved
2026-01-25 13:25:48,082 - easytorch-training - INFO - The estimated training finish time is 2026-01-25 22:09:36
2026-01-25 13:25:48,082 - easytorch-training - INFO - Epoch 44 / 300
2026-01-25 13:27:51,288 - easytorch-training - INFO - Result <train>: [train_time: 123.21 (s), lr: 2.50e-04, train_MAE: 13.5798, train_RMSE: 22.7063, train_MAPE: 9.1262]
2026-01-25 13:27:51,289 - easytorch-training - INFO - Start validation.
2026-01-25 13:28:07,385 - easytorch-training - INFO - Result <val>: [val_time: 16.09 (s), val_MAE: 13.8479, val_RMSE: 22.7930, val_MAPE: 10.4897]
2026-01-25 13:28:08,047 - easytorch-training - INFO - Checkpoint checkpoints/STMAFNet_300/21afeca3ffc10cdf4e90589d029b0e70/STMAFNet_best_val_MAE.pt saved
2026-01-25 13:28:23,414 - easytorch-training - INFO - Evaluate best model on test data for horizon 1, Test MAE: 11.9856, Test RMSE: 19.2169, Test MAPE: 7.7573
2026-01-25 13:28:23,423 - easytorch-training - INFO - Evaluate best model on test data for horizon 2, Test MAE: 12.5056, Test RMSE: 20.3406, Test MAPE: 8.1542
2026-01-25 13:28:23,438 - easytorch-training - INFO - Evaluate best model on test data for horizon 3, Test MAE: 12.8933, Test RMSE: 21.1844, Test MAPE: 8.6324
2026-01-25 13:28:23,453 - easytorch-training - INFO - Evaluate best model on test data for horizon 4, Test MAE: 13.2782, Test RMSE: 21.9219, Test MAPE: 9.2948
2026-01-25 13:28:23,468 - easytorch-training - INFO - Evaluate best model on test data for horizon 5, Test MAE: 13.5596, Test RMSE: 22.5799, Test MAPE: 9.2173
2026-01-25 13:28:23,478 - easytorch-training - INFO - Evaluate best model on test data for horizon 6, Test MAE: 13.7685, Test RMSE: 23.1623, Test MAPE: 8.9240
2026-01-25 13:28:23,487 - easytorch-training - INFO - Evaluate best model on test data for horizon 7, Test MAE: 14.0027, Test RMSE: 23.6721, Test MAPE: 9.0257
2026-01-25 13:28:23,500 - easytorch-training - INFO - Evaluate best model on test data for horizon 8, Test MAE: 14.2692, Test RMSE: 24.1764, Test MAPE: 9.3252
2026-01-25 13:28:23,515 - easytorch-training - INFO - Evaluate best model on test data for horizon 9, Test MAE: 14.5090, Test RMSE: 24.5373, Test MAPE: 9.9019
2026-01-25 13:28:23,531 - easytorch-training - INFO - Evaluate best model on test data for horizon 10, Test MAE: 14.7230, Test RMSE: 24.8777, Test MAPE: 10.1059
2026-01-25 13:28:23,546 - easytorch-training - INFO - Evaluate best model on test data for horizon 11, Test MAE: 14.8265, Test RMSE: 25.1419, Test MAPE: 9.7380
2026-01-25 13:28:23,561 - easytorch-training - INFO - Evaluate best model on test data for horizon 12, Test MAE: 15.1154, Test RMSE: 25.4795, Test MAPE: 10.6843
2026-01-25 13:28:23,579 - easytorch-training - INFO - Result <test>: [test_time: 15.53 (s), test_MAE: 13.7864, test_RMSE: 23.1046, test_MAPE: 9.2301]
2026-01-25 13:28:23,947 - easytorch-training - INFO - Checkpoint checkpoints/STMAFNet_300/21afeca3ffc10cdf4e90589d029b0e70/STMAFNet_044.pt saved
2026-01-25 13:28:23,948 - easytorch-training - INFO - The estimated training finish time is 2026-01-25 22:13:25
2026-01-25 13:28:23,948 - easytorch-training - INFO - Epoch 45 / 300
2026-01-25 13:30:30,945 - easytorch-training - INFO - Result <train>: [train_time: 127.00 (s), lr: 2.50e-04, train_MAE: 13.5475, train_RMSE: 22.6529, train_MAPE: 9.1270]
2026-01-25 13:30:30,947 - easytorch-training - INFO - Start validation.
2026-01-25 13:30:47,157 - easytorch-training - INFO - Result <val>: [val_time: 16.21 (s), val_MAE: 13.9204, val_RMSE: 22.8934, val_MAPE: 10.1938]
2026-01-25 13:31:03,118 - easytorch-training - INFO - Evaluate best model on test data for horizon 1, Test MAE: 12.0174, Test RMSE: 19.2549, Test MAPE: 7.9243
2026-01-25 13:31:03,133 - easytorch-training - INFO - Evaluate best model on test data for horizon 2, Test MAE: 12.5164, Test RMSE: 20.3845, Test MAPE: 8.1414
2026-01-25 13:31:03,149 - easytorch-training - INFO - Evaluate best model on test data for horizon 3, Test MAE: 12.9558, Test RMSE: 21.2879, Test MAPE: 8.5106
2026-01-25 13:31:03,159 - easytorch-training - INFO - Evaluate best model on test data for horizon 4, Test MAE: 13.3137, Test RMSE: 22.0985, Test MAPE: 8.6432
2026-01-25 13:31:03,175 - easytorch-training - INFO - Evaluate best model on test data for horizon 5, Test MAE: 13.6146, Test RMSE: 22.8646, Test MAPE: 8.8572
2026-01-25 13:31:03,191 - easytorch-training - INFO - Evaluate best model on test data for horizon 6, Test MAE: 13.8808, Test RMSE: 23.4394, Test MAPE: 9.0148
2026-01-25 13:31:03,208 - easytorch-training - INFO - Evaluate best model on test data for horizon 7, Test MAE: 14.1560, Test RMSE: 23.9389, Test MAPE: 9.1987
2026-01-25 13:31:03,224 - easytorch-training - INFO - Evaluate best model on test data for horizon 8, Test MAE: 14.4265, Test RMSE: 24.4391, Test MAPE: 9.5319
2026-01-25 13:31:03,239 - easytorch-training - INFO - Evaluate best model on test data for horizon 9, Test MAE: 14.5830, Test RMSE: 24.7549, Test MAPE: 9.4634
2026-01-25 13:31:03,251 - easytorch-training - INFO - Evaluate best model on test data for horizon 10, Test MAE: 14.8575, Test RMSE: 25.1265, Test MAPE: 9.6713
2026-01-25 13:31:03,266 - easytorch-training - INFO - Evaluate best model on test data for horizon 11, Test MAE: 15.0533, Test RMSE: 25.3854, Test MAPE: 9.9334
2026-01-25 13:31:03,276 - easytorch-training - INFO - Evaluate best model on test data for horizon 12, Test MAE: 15.2667, Test RMSE: 25.6920, Test MAPE: 10.0264
2026-01-25 13:31:03,291 - easytorch-training - INFO - Result <test>: [test_time: 16.13 (s), test_MAE: 13.8868, test_RMSE: 23.3077, test_MAPE: 9.0764]
2026-01-25 13:31:03,737 - easytorch-training - INFO - Checkpoint checkpoints/STMAFNet_300/21afeca3ffc10cdf4e90589d029b0e70/STMAFNet_045.pt saved
2026-01-25 13:31:03,737 - easytorch-training - INFO - The estimated training finish time is 2026-01-25 22:17:29
2026-01-25 13:31:03,738 - easytorch-training - INFO - Epoch 46 / 300
2026-01-25 13:33:05,834 - easytorch-training - INFO - Result <train>: [train_time: 122.10 (s), lr: 2.50e-04, train_MAE: 13.5374, train_RMSE: 22.6348, train_MAPE: 9.1032]
2026-01-25 13:33:05,835 - easytorch-training - INFO - Start validation.
2026-01-25 13:33:20,666 - easytorch-training - INFO - Result <val>: [val_time: 14.83 (s), val_MAE: 13.8644, val_RMSE: 22.9089, val_MAPE: 10.2455]
2026-01-25 13:33:35,764 - easytorch-training - INFO - Evaluate best model on test data for horizon 1, Test MAE: 11.9878, Test RMSE: 19.2149, Test MAPE: 7.8007
2026-01-25 13:33:35,780 - easytorch-training - INFO - Evaluate best model on test data for horizon 2, Test MAE: 12.4859, Test RMSE: 20.3831, Test MAPE: 8.0762
2026-01-25 13:33:35,796 - easytorch-training - INFO - Evaluate best model on test data for horizon 3, Test MAE: 12.9134, Test RMSE: 21.2620, Test MAPE: 8.3688
2026-01-25 13:33:35,812 - easytorch-training - INFO - Evaluate best model on test data for horizon 4, Test MAE: 13.2738, Test RMSE: 22.0676, Test MAPE: 8.5932
2026-01-25 13:33:35,828 - easytorch-training - INFO - Evaluate best model on test data for horizon 5, Test MAE: 13.5467, Test RMSE: 22.7278, Test MAPE: 8.7731
2026-01-25 13:33:35,839 - easytorch-training - INFO - Evaluate best model on test data for horizon 6, Test MAE: 13.8973, Test RMSE: 23.3449, Test MAPE: 9.4492
2026-01-25 13:33:35,854 - easytorch-training - INFO - Evaluate best model on test data for horizon 7, Test MAE: 14.1030, Test RMSE: 23.8326, Test MAPE: 9.2072
2026-01-25 13:33:35,866 - easytorch-training - INFO - Evaluate best model on test data for horizon 8, Test MAE: 14.3249, Test RMSE: 24.2763, Test MAPE: 9.3076
2026-01-25 13:33:35,882 - easytorch-training - INFO - Evaluate best model on test data for horizon 9, Test MAE: 14.5126, Test RMSE: 24.6740, Test MAPE: 9.4462
2026-01-25 13:33:35,898 - easytorch-training - INFO - Evaluate best model on test data for horizon 10, Test MAE: 14.7295, Test RMSE: 24.9770, Test MAPE: 9.6528
2026-01-25 13:33:35,916 - easytorch-training - INFO - Evaluate best model on test data for horizon 11, Test MAE: 14.9466, Test RMSE: 25.2905, Test MAPE: 10.0771
2026-01-25 13:33:35,931 - easytorch-training - INFO - Evaluate best model on test data for horizon 12, Test MAE: 15.1478, Test RMSE: 25.6393, Test MAPE: 9.9196
2026-01-25 13:33:35,947 - easytorch-training - INFO - Result <test>: [test_time: 15.28 (s), test_MAE: 13.8224, test_RMSE: 23.2240, test_MAPE: 9.0560]
2026-01-25 13:33:36,290 - easytorch-training - INFO - Checkpoint checkpoints/STMAFNet_300/21afeca3ffc10cdf4e90589d029b0e70/STMAFNet_046.pt saved
2026-01-25 13:33:36,291 - easytorch-training - INFO - The estimated training finish time is 2026-01-25 22:20:37
2026-01-25 13:33:36,291 - easytorch-training - INFO - Epoch 47 / 300
2026-01-25 13:35:44,112 - easytorch-training - INFO - Result <train>: [train_time: 127.82 (s), lr: 2.50e-04, train_MAE: 13.5120, train_RMSE: 22.6033, train_MAPE: 9.0942]
2026-01-25 13:35:44,113 - easytorch-training - INFO - Start validation.
2026-01-25 13:36:00,182 - easytorch-training - INFO - Result <val>: [val_time: 16.07 (s), val_MAE: 13.9380, val_RMSE: 22.8712, val_MAPE: 10.9167]
2026-01-25 13:36:15,472 - easytorch-training - INFO - Evaluate best model on test data for horizon 1, Test MAE: 12.1651, Test RMSE: 19.2888, Test MAPE: 8.6108
2026-01-25 13:36:15,488 - easytorch-training - INFO - Evaluate best model on test data for horizon 2, Test MAE: 12.5734, Test RMSE: 20.3752, Test MAPE: 8.8067
2026-01-25 13:36:15,507 - easytorch-training - INFO - Evaluate best model on test data for horizon 3, Test MAE: 13.0276, Test RMSE: 21.2699, Test MAPE: 8.6424
2026-01-25 13:36:15,527 - easytorch-training - INFO - Evaluate best model on test data for horizon 4, Test MAE: 13.4357, Test RMSE: 22.0907, Test MAPE: 9.5605
2026-01-25 13:36:15,546 - easytorch-training - INFO - Evaluate best model on test data for horizon 5, Test MAE: 13.6547, Test RMSE: 22.7157, Test MAPE: 9.5502
2026-01-25 13:36:15,566 - easytorch-training - INFO - Evaluate best model on test data for horizon 6, Test MAE: 13.8973, Test RMSE: 23.3185, Test MAPE: 9.8179
2026-01-25 13:36:15,582 - easytorch-training - INFO - Evaluate best model on test data for horizon 7, Test MAE: 14.1182, Test RMSE: 23.8062, Test MAPE: 9.8086
2026-01-25 13:36:15,592 - easytorch-training - INFO - Evaluate best model on test data for horizon 8, Test MAE: 14.3190, Test RMSE: 24.2411, Test MAPE: 9.8442
2026-01-25 13:36:15,606 - easytorch-training - INFO - Evaluate best model on test data for horizon 9, Test MAE: 14.5324, Test RMSE: 24.5661, Test MAPE: 9.7952
2026-01-25 13:36:15,625 - easytorch-training - INFO - Evaluate best model on test data for horizon 10, Test MAE: 14.7399, Test RMSE: 24.9103, Test MAPE: 9.9234
2026-01-25 13:36:15,645 - easytorch-training - INFO - Evaluate best model on test data for horizon 11, Test MAE: 14.9294, Test RMSE: 25.1959, Test MAPE: 10.3252
2026-01-25 13:36:15,666 - easytorch-training - INFO - Evaluate best model on test data for horizon 12, Test MAE: 15.1754, Test RMSE: 25.5454, Test MAPE: 10.7078
2026-01-25 13:36:15,690 - easytorch-training - INFO - Result <test>: [test_time: 15.51 (s), test_MAE: 13.8807, test_RMSE: 23.1897, test_MAPE: 9.6161]
2026-01-25 13:36:16,120 - easytorch-training - INFO - Checkpoint checkpoints/STMAFNet_300/21afeca3ffc10cdf4e90589d029b0e70/STMAFNet_047.pt saved
2026-01-25 13:36:16,121 - easytorch-training - INFO - The estimated training finish time is 2026-01-25 22:24:22
2026-01-25 13:36:16,121 - easytorch-training - INFO - Epoch 48 / 300
2026-01-25 13:38:23,055 - easytorch-training - INFO - Result <train>: [train_time: 126.93 (s), lr: 2.50e-04, train_MAE: 13.4975, train_RMSE: 22.5699, train_MAPE: 9.0794]
2026-01-25 13:38:23,057 - easytorch-training - INFO - Start validation.
2026-01-25 13:38:38,729 - easytorch-training - INFO - Result <val>: [val_time: 15.67 (s), val_MAE: 13.9371, val_RMSE: 22.9171, val_MAPE: 10.8029]
2026-01-25 13:38:52,636 - easytorch-training - INFO - Evaluate best model on test data for horizon 1, Test MAE: 11.9988, Test RMSE: 19.2146, Test MAPE: 8.1342
2026-01-25 13:38:52,646 - easytorch-training - INFO - Evaluate best model on test data for horizon 2, Test MAE: 12.5373, Test RMSE: 20.3809, Test MAPE: 8.3637
2026-01-25 13:38:52,655 - easytorch-training - INFO - Evaluate best model on test data for horizon 3, Test MAE: 13.0006, Test RMSE: 21.2407, Test MAPE: 9.1848
2026-01-25 13:38:52,665 - easytorch-training - INFO - Evaluate best model on test data for horizon 4, Test MAE: 13.3610, Test RMSE: 22.0412, Test MAPE: 9.1501
2026-01-25 13:38:52,675 - easytorch-training - INFO - Evaluate best model on test data for horizon 5, Test MAE: 13.6577, Test RMSE: 22.6637, Test MAPE: 9.3761
2026-01-25 13:38:52,685 - easytorch-training - INFO - Evaluate best model on test data for horizon 6, Test MAE: 13.8908, Test RMSE: 23.2659, Test MAPE: 9.0226
2026-01-25 13:38:52,694 - easytorch-training - INFO - Evaluate best model on test data for horizon 7, Test MAE: 14.1379, Test RMSE: 23.7558, Test MAPE: 9.6249
2026-01-25 13:38:52,699 - easytorch-training - INFO - Evaluate best model on test data for horizon 8, Test MAE: 14.4018, Test RMSE: 24.1892, Test MAPE: 9.8766
2026-01-25 13:38:52,709 - easytorch-training - INFO - Evaluate best model on test data for horizon 9, Test MAE: 14.6152, Test RMSE: 24.5775, Test MAPE: 10.2069
2026-01-25 13:38:52,717 - easytorch-training - INFO - Evaluate best model on test data for horizon 10, Test MAE: 14.8206, Test RMSE: 24.8545, Test MAPE: 10.5650
2026-01-25 13:38:52,727 - easytorch-training - INFO - Evaluate best model on test data for horizon 11, Test MAE: 14.9359, Test RMSE: 25.1682, Test MAPE: 10.0863
2026-01-25 13:38:52,736 - easytorch-training - INFO - Evaluate best model on test data for horizon 12, Test MAE: 15.1731, Test RMSE: 25.5077, Test MAPE: 10.3224
2026-01-25 13:38:52,748 - easytorch-training - INFO - Result <test>: [test_time: 14.02 (s), test_MAE: 13.8776, test_RMSE: 23.1514, test_MAPE: 9.4928]
2026-01-25 13:38:53,095 - easytorch-training - INFO - Checkpoint checkpoints/STMAFNet_300/21afeca3ffc10cdf4e90589d029b0e70/STMAFNet_048.pt saved
2026-01-25 13:38:53,095 - easytorch-training - INFO - The estimated training finish time is 2026-01-25 22:27:40
2026-01-25 13:38:53,095 - easytorch-training - INFO - Epoch 49 / 300
2026-01-25 13:40:56,893 - easytorch-training - INFO - Result <train>: [train_time: 123.80 (s), lr: 2.50e-04, train_MAE: 13.4688, train_RMSE: 22.5375, train_MAPE: 9.0416]
2026-01-25 13:40:56,895 - easytorch-training - INFO - Start validation.
2026-01-25 13:41:14,020 - easytorch-training - INFO - Result <val>: [val_time: 17.12 (s), val_MAE: 13.7946, val_RMSE: 22.8002, val_MAPE: 10.2683]
2026-01-25 13:41:14,687 - easytorch-training - INFO - Checkpoint checkpoints/STMAFNet_300/21afeca3ffc10cdf4e90589d029b0e70/STMAFNet_best_val_MAE.pt saved
2026-01-25 13:41:30,482 - easytorch-training - INFO - Evaluate best model on test data for horizon 1, Test MAE: 11.9501, Test RMSE: 19.2011, Test MAPE: 8.4772
2026-01-25 13:41:30,503 - easytorch-training - INFO - Evaluate best model on test data for horizon 2, Test MAE: 12.4497, Test RMSE: 20.3200, Test MAPE: 8.7436
2026-01-25 13:41:30,523 - easytorch-training - INFO - Evaluate best model on test data for horizon 3, Test MAE: 12.8731, Test RMSE: 21.1631, Test MAPE: 9.0405
2026-01-25 13:41:30,541 - easytorch-training - INFO - Evaluate best model on test data for horizon 4, Test MAE: 13.1988, Test RMSE: 21.9045, Test MAPE: 9.0376
2026-01-25 13:41:30,556 - easytorch-training - INFO - Evaluate best model on test data for horizon 5, Test MAE: 13.4868, Test RMSE: 22.5333, Test MAPE: 8.9453
2026-01-25 13:41:30,572 - easytorch-training - INFO - Evaluate best model on test data for horizon 6, Test MAE: 13.7514, Test RMSE: 23.1389, Test MAPE: 9.0163
2026-01-25 13:41:30,587 - easytorch-training - INFO - Evaluate best model on test data for horizon 7, Test MAE: 14.0404, Test RMSE: 23.6426, Test MAPE: 9.2601
2026-01-25 13:41:30,597 - easytorch-training - INFO - Evaluate best model on test data for horizon 8, Test MAE: 14.2753, Test RMSE: 24.0990, Test MAPE: 9.3777
2026-01-25 13:41:30,604 - easytorch-training - INFO - Evaluate best model on test data for horizon 9, Test MAE: 14.4282, Test RMSE: 24.4628, Test MAPE: 9.4901
2026-01-25 13:41:30,616 - easytorch-training - INFO - Evaluate best model on test data for horizon 10, Test MAE: 14.6688, Test RMSE: 24.8390, Test MAPE: 9.6783
2026-01-25 13:41:30,631 - easytorch-training - INFO - Evaluate best model on test data for horizon 11, Test MAE: 14.8461, Test RMSE: 25.0804, Test MAPE: 9.6095
2026-01-25 13:41:30,647 - easytorch-training - INFO - Evaluate best model on test data for horizon 12, Test MAE: 15.0605, Test RMSE: 25.4295, Test MAPE: 9.7835
2026-01-25 13:41:30,666 - easytorch-training - INFO - Result <test>: [test_time: 15.97 (s), test_MAE: 13.7524, test_RMSE: 23.0638, test_MAPE: 9.2050]
2026-01-25 13:41:31,042 - easytorch-training - INFO - Checkpoint checkpoints/STMAFNet_300/21afeca3ffc10cdf4e90589d029b0e70/STMAFNet_049.pt saved
2026-01-25 13:41:31,042 - easytorch-training - INFO - The estimated training finish time is 2026-01-25 22:30:57
2026-01-25 13:41:31,042 - easytorch-training - INFO - Epoch 50 / 300
2026-01-25 13:43:40,228 - easytorch-training - INFO - Result <train>: [train_time: 129.19 (s), lr: 2.50e-04, train_MAE: 13.4414, train_RMSE: 22.5044, train_MAPE: 9.0462]
2026-01-25 13:43:40,229 - easytorch-training - INFO - Start validation.
2026-01-25 13:43:57,418 - easytorch-training - INFO - Result <val>: [val_time: 17.19 (s), val_MAE: 13.7882, val_RMSE: 22.8784, val_MAPE: 10.0290]
2026-01-25 13:43:57,987 - easytorch-training - INFO - Checkpoint checkpoints/STMAFNet_300/21afeca3ffc10cdf4e90589d029b0e70/STMAFNet_best_val_MAE.pt saved
2026-01-25 13:44:14,019 - easytorch-training - INFO - Evaluate best model on test data for horizon 1, Test MAE: 11.9068, Test RMSE: 19.1908, Test MAPE: 7.8400
2026-01-25 13:44:14,029 - easytorch-training - INFO - Evaluate best model on test data for horizon 2, Test MAE: 12.4147, Test RMSE: 20.3298, Test MAPE: 8.0286
2026-01-25 13:44:14,039 - easytorch-training - INFO - Evaluate best model on test data for horizon 3, Test MAE: 12.8449, Test RMSE: 21.2320, Test MAPE: 8.2794
2026-01-25 13:44:14,055 - easytorch-training - INFO - Evaluate best model on test data for horizon 4, Test MAE: 13.2057, Test RMSE: 22.0332, Test MAPE: 8.5126
2026-01-25 13:44:14,069 - easytorch-training - INFO - Evaluate best model on test data for horizon 5, Test MAE: 13.4892, Test RMSE: 22.7428, Test MAPE: 8.8166
2026-01-25 13:44:14,081 - easytorch-training - INFO - Evaluate best model on test data for horizon 6, Test MAE: 13.7701, Test RMSE: 23.3624, Test MAPE: 8.9089
2026-01-25 13:44:14,098 - easytorch-training - INFO - Evaluate best model on test data for horizon 7, Test MAE: 14.0426, Test RMSE: 23.8965, Test MAPE: 9.0838
2026-01-25 13:44:14,114 - easytorch-training - INFO - Evaluate best model on test data for horizon 8, Test MAE: 14.2827, Test RMSE: 24.3905, Test MAPE: 9.3069
2026-01-25 13:44:14,131 - easytorch-training - INFO - Evaluate best model on test data for horizon 9, Test MAE: 14.4863, Test RMSE: 24.7479, Test MAPE: 9.4594
2026-01-25 13:44:14,147 - easytorch-training - INFO - Evaluate best model on test data for horizon 10, Test MAE: 14.7175, Test RMSE: 25.1200, Test MAPE: 9.6561
2026-01-25 13:44:14,164 - easytorch-training - INFO - Evaluate best model on test data for horizon 11, Test MAE: 14.8721, Test RMSE: 25.4177, Test MAPE: 9.7305
2026-01-25 13:44:14,180 - easytorch-training - INFO - Evaluate best model on test data for horizon 12, Test MAE: 15.0881, Test RMSE: 25.7751, Test MAPE: 9.8399
2026-01-25 13:44:14,190 - easytorch-training - INFO - Result <test>: [test_time: 16.20 (s), test_MAE: 13.7601, test_RMSE: 23.2750, test_MAPE: 8.9552]
2026-01-25 13:44:14,597 - easytorch-training - INFO - Checkpoint checkpoints/STMAFNet_300/21afeca3ffc10cdf4e90589d029b0e70/STMAFNet_050.pt saved
2026-01-25 13:44:14,637 - easytorch-training - INFO - The estimated training finish time is 2026-01-25 22:34:39
2026-01-25 13:44:14,637 - easytorch-training - INFO - Epoch 51 / 300
2026-01-25 13:46:17,209 - easytorch-training - INFO - Result <train>: [train_time: 122.57 (s), lr: 2.50e-04, train_MAE: 13.4164, train_RMSE: 22.4788, train_MAPE: 9.0251]
2026-01-25 13:46:17,210 - easytorch-training - INFO - Start validation.
2026-01-25 13:46:33,116 - easytorch-training - INFO - Result <val>: [val_time: 15.91 (s), val_MAE: 13.8247, val_RMSE: 22.8724, val_MAPE: 9.9392]
2026-01-25 13:46:48,003 - easytorch-training - INFO - Evaluate best model on test data for horizon 1, Test MAE: 11.9559, Test RMSE: 19.2218, Test MAPE: 7.8249
2026-01-25 13:46:48,014 - easytorch-training - INFO - Evaluate best model on test data for horizon 2, Test MAE: 12.4820, Test RMSE: 20.3594, Test MAPE: 8.2202
2026-01-25 13:46:48,024 - easytorch-training - INFO - Evaluate best model on test data for horizon 3, Test MAE: 12.9320, Test RMSE: 21.3146, Test MAPE: 8.4621
2026-01-25 13:46:48,036 - easytorch-training - INFO - Evaluate best model on test data for horizon 4, Test MAE: 13.2571, Test RMSE: 22.1333, Test MAPE: 8.6101
2026-01-25 13:46:48,051 - easytorch-training - INFO - Evaluate best model on test data for horizon 5, Test MAE: 13.5757, Test RMSE: 22.9188, Test MAPE: 8.8097
2026-01-25 13:46:48,072 - easytorch-training - INFO - Evaluate best model on test data for horizon 6, Test MAE: 13.8959, Test RMSE: 23.5977, Test MAPE: 9.1520
2026-01-25 13:46:48,088 - easytorch-training - INFO - Evaluate best model on test data for horizon 7, Test MAE: 14.1155, Test RMSE: 24.1192, Test MAPE: 9.1843
2026-01-25 13:46:48,103 - easytorch-training - INFO - Evaluate best model on test data for horizon 8, Test MAE: 14.3918, Test RMSE: 24.6158, Test MAPE: 9.3538
2026-01-25 13:46:48,119 - easytorch-training - INFO - Evaluate best model on test data for horizon 9, Test MAE: 14.5699, Test RMSE: 24.9025, Test MAPE: 9.6339
2026-01-25 13:46:48,134 - easytorch-training - INFO - Evaluate best model on test data for horizon 10, Test MAE: 14.7568, Test RMSE: 25.2346, Test MAPE: 9.6320
2026-01-25 13:46:48,150 - easytorch-training - INFO - Evaluate best model on test data for horizon 11, Test MAE: 14.9395, Test RMSE: 25.4641, Test MAPE: 9.7469
2026-01-25 13:46:48,162 - easytorch-training - INFO - Evaluate best model on test data for horizon 12, Test MAE: 15.1538, Test RMSE: 25.7961, Test MAPE: 9.9402
2026-01-25 13:46:48,175 - easytorch-training - INFO - Result <test>: [test_time: 15.06 (s), test_MAE: 13.8355, test_RMSE: 23.3965, test_MAPE: 9.0475]
2026-01-25 13:46:48,532 - easytorch-training - INFO - Checkpoint checkpoints/STMAFNet_300/21afeca3ffc10cdf4e90589d029b0e70/STMAFNet_051.pt saved
2026-01-25 13:46:48,533 - easytorch-training - INFO - The estimated training finish time is 2026-01-25 22:37:15
2026-01-25 13:46:48,533 - easytorch-training - INFO - Epoch 52 / 300
2026-01-25 13:48:56,131 - easytorch-training - INFO - Result <train>: [train_time: 127.60 (s), lr: 2.50e-04, train_MAE: 13.4128, train_RMSE: 22.4568, train_MAPE: 9.0306]
2026-01-25 13:48:56,132 - easytorch-training - INFO - Start validation.
2026-01-25 13:49:13,263 - easytorch-training - INFO - Result <val>: [val_time: 17.13 (s), val_MAE: 13.8050, val_RMSE: 22.8291, val_MAPE: 9.9081]
2026-01-25 13:49:29,280 - easytorch-training - INFO - Evaluate best model on test data for horizon 1, Test MAE: 11.9376, Test RMSE: 19.2261, Test MAPE: 7.7666
2026-01-25 13:49:29,296 - easytorch-training - INFO - Evaluate best model on test data for horizon 2, Test MAE: 12.4333, Test RMSE: 20.3466, Test MAPE: 8.1293
2026-01-25 13:49:29,311 - easytorch-training - INFO - Evaluate best model on test data for horizon 3, Test MAE: 12.8395, Test RMSE: 21.1975, Test MAPE: 8.3371
2026-01-25 13:49:29,326 - easytorch-training - INFO - Evaluate best model on test data for horizon 4, Test MAE: 13.2056, Test RMSE: 21.9784, Test MAPE: 8.5338
2026-01-25 13:49:29,339 - easytorch-training - INFO - Evaluate best model on test data for horizon 5, Test MAE: 13.5017, Test RMSE: 22.6059, Test MAPE: 8.8278
2026-01-25 13:49:29,352 - easytorch-training - INFO - Evaluate best model on test data for horizon 6, Test MAE: 13.7657, Test RMSE: 23.1861, Test MAPE: 9.0238
2026-01-25 13:49:29,366 - easytorch-training - INFO - Evaluate best model on test data for horizon 7, Test MAE: 14.0028, Test RMSE: 23.6666, Test MAPE: 9.1152
2026-01-25 13:49:29,377 - easytorch-training - INFO - Evaluate best model on test data for horizon 8, Test MAE: 14.2261, Test RMSE: 24.1151, Test MAPE: 9.2495
2026-01-25 13:49:29,393 - easytorch-training - INFO - Evaluate best model on test data for horizon 9, Test MAE: 14.4623, Test RMSE: 24.5456, Test MAPE: 9.3754
2026-01-25 13:49:29,409 - easytorch-training - INFO - Evaluate best model on test data for horizon 10, Test MAE: 14.6946, Test RMSE: 24.8988, Test MAPE: 9.5981
2026-01-25 13:49:29,423 - easytorch-training - INFO - Evaluate best model on test data for horizon 11, Test MAE: 14.8669, Test RMSE: 25.2154, Test MAPE: 9.7251
2026-01-25 13:49:29,433 - easytorch-training - INFO - Evaluate best model on test data for horizon 12, Test MAE: 15.0776, Test RMSE: 25.4927, Test MAPE: 9.8529
2026-01-25 13:49:29,450 - easytorch-training - INFO - Result <test>: [test_time: 16.19 (s), test_MAE: 13.7511, test_RMSE: 23.1200, test_MAPE: 8.9612]
2026-01-25 13:49:29,805 - easytorch-training - INFO - Checkpoint checkpoints/STMAFNet_300/21afeca3ffc10cdf4e90589d029b0e70/STMAFNet_052.pt saved
2026-01-25 13:49:29,806 - easytorch-training - INFO - The estimated training finish time is 2026-01-25 22:40:28
2026-01-25 13:49:29,806 - easytorch-training - INFO - Epoch 53 / 300
2026-01-25 13:51:38,181 - easytorch-training - INFO - Result <train>: [train_time: 128.38 (s), lr: 2.50e-04, train_MAE: 13.3876, train_RMSE: 22.4233, train_MAPE: 9.0123]
2026-01-25 13:51:38,189 - easytorch-training - INFO - Start validation.
2026-01-25 13:51:55,424 - easytorch-training - INFO - Result <val>: [val_time: 17.23 (s), val_MAE: 13.7607, val_RMSE: 22.7989, val_MAPE: 9.9564]
2026-01-25 13:51:56,031 - easytorch-training - INFO - Checkpoint checkpoints/STMAFNet_300/21afeca3ffc10cdf4e90589d029b0e70/STMAFNet_best_val_MAE.pt saved
2026-01-25 13:52:10,313 - easytorch-training - INFO - Evaluate best model on test data for horizon 1, Test MAE: 11.9661, Test RMSE: 19.2093, Test MAPE: 7.8050
2026-01-25 13:52:10,322 - easytorch-training - INFO - Evaluate best model on test data for horizon 2, Test MAE: 12.4294, Test RMSE: 20.3309, Test MAPE: 8.0306
2026-01-25 13:52:10,336 - easytorch-training - INFO - Evaluate best model on test data for horizon 3, Test MAE: 12.8664, Test RMSE: 21.2217, Test MAPE: 8.3283
2026-01-25 13:52:10,352 - easytorch-training - INFO - Evaluate best model on test data for horizon 4, Test MAE: 13.1951, Test RMSE: 22.0017, Test MAPE: 8.5235
2026-01-25 13:52:10,368 - easytorch-training - INFO - Evaluate best model on test data for horizon 5, Test MAE: 13.4955, Test RMSE: 22.6648, Test MAPE: 8.7441
2026-01-25 13:52:10,385 - easytorch-training - INFO - Evaluate best model on test data for horizon 6, Test MAE: 13.7697, Test RMSE: 23.3132, Test MAPE: 8.9150
2026-01-25 13:52:10,401 - easytorch-training - INFO - Evaluate best model on test data for horizon 7, Test MAE: 14.0333, Test RMSE: 23.8152, Test MAPE: 9.0897
2026-01-25 13:52:10,413 - easytorch-training - INFO - Evaluate best model on test data for horizon 8, Test MAE: 14.2875, Test RMSE: 24.3031, Test MAPE: 9.5832
2026-01-25 13:52:10,424 - easytorch-training - INFO - Evaluate best model on test data for horizon 9, Test MAE: 14.5193, Test RMSE: 24.7206, Test MAPE: 9.4270
2026-01-25 13:52:10,436 - easytorch-training - INFO - Evaluate best model on test data for horizon 10, Test MAE: 14.6933, Test RMSE: 24.9147, Test MAPE: 9.7428
2026-01-25 13:52:10,447 - easytorch-training - INFO - Evaluate best model on test data for horizon 11, Test MAE: 14.8885, Test RMSE: 25.2331, Test MAPE: 9.6946
2026-01-25 13:52:10,463 - easytorch-training - INFO - Evaluate best model on test data for horizon 12, Test MAE: 15.1493, Test RMSE: 25.5322, Test MAPE: 10.1541
2026-01-25 13:52:10,483 - easytorch-training - INFO - Result <test>: [test_time: 14.45 (s), test_MAE: 13.7744, test_RMSE: 23.1881, test_MAPE: 9.0031]
2026-01-25 13:52:10,845 - easytorch-training - INFO - Checkpoint checkpoints/STMAFNet_300/21afeca3ffc10cdf4e90589d029b0e70/STMAFNet_053.pt saved
2026-01-25 13:52:10,846 - easytorch-training - INFO - The estimated training finish time is 2026-01-25 22:43:33
2026-01-25 13:52:10,846 - easytorch-training - INFO - Epoch 54 / 300
2026-01-25 13:54:12,248 - easytorch-training - INFO - Result <train>: [train_time: 121.40 (s), lr: 2.50e-04, train_MAE: 13.3641, train_RMSE: 22.3890, train_MAPE: 8.9976]
2026-01-25 13:54:12,250 - easytorch-training - INFO - Start validation.
2026-01-25 13:54:29,063 - easytorch-training - INFO - Result <val>: [val_time: 16.81 (s), val_MAE: 13.7743, val_RMSE: 22.8606, val_MAPE: 10.2372]
2026-01-25 13:54:44,372 - easytorch-training - INFO - Evaluate best model on test data for horizon 1, Test MAE: 11.9034, Test RMSE: 19.1913, Test MAPE: 7.6945
2026-01-25 13:54:44,389 - easytorch-training - INFO - Evaluate best model on test data for horizon 2, Test MAE: 12.4416, Test RMSE: 20.3403, Test MAPE: 8.1392
2026-01-25 13:54:44,405 - easytorch-training - INFO - Evaluate best model on test data for horizon 3, Test MAE: 12.8262, Test RMSE: 21.2102, Test MAPE: 8.2522
2026-01-25 13:54:44,421 - easytorch-training - INFO - Evaluate best model on test data for horizon 4, Test MAE: 13.2041, Test RMSE: 21.9697, Test MAPE: 8.4961
2026-01-25 13:54:44,434 - easytorch-training - INFO - Evaluate best model on test data for horizon 5, Test MAE: 13.4833, Test RMSE: 22.6461, Test MAPE: 8.7365
2026-01-25 13:54:44,444 - easytorch-training - INFO - Evaluate best model on test data for horizon 6, Test MAE: 13.7433, Test RMSE: 23.2695, Test MAPE: 8.8738
2026-01-25 13:54:44,455 - easytorch-training - INFO - Evaluate best model on test data for horizon 7, Test MAE: 13.9900, Test RMSE: 23.7914, Test MAPE: 9.0805
2026-01-25 13:54:44,471 - easytorch-training - INFO - Evaluate best model on test data for horizon 8, Test MAE: 14.2334, Test RMSE: 24.2463, Test MAPE: 9.2255
2026-01-25 13:54:44,487 - easytorch-training - INFO - Evaluate best model on test data for horizon 9, Test MAE: 14.4688, Test RMSE: 24.6741, Test MAPE: 9.7024
2026-01-25 13:54:44,504 - easytorch-training - INFO - Evaluate best model on test data for horizon 10, Test MAE: 14.6378, Test RMSE: 24.9857, Test MAPE: 9.6987
2026-01-25 13:54:44,520 - easytorch-training - INFO - Evaluate best model on test data for horizon 11, Test MAE: 14.8080, Test RMSE: 25.1861, Test MAPE: 9.6372
2026-01-25 13:54:44,531 - easytorch-training - INFO - Evaluate best model on test data for horizon 12, Test MAE: 15.0243, Test RMSE: 25.4703, Test MAPE: 9.8738
2026-01-25 13:54:44,546 - easytorch-training - INFO - Result <test>: [test_time: 15.48 (s), test_MAE: 13.7303, test_RMSE: 23.1642, test_MAPE: 8.9509]
2026-01-25 13:54:44,992 - easytorch-training - INFO - Checkpoint checkpoints/STMAFNet_300/21afeca3ffc10cdf4e90589d029b0e70/STMAFNet_054.pt saved
2026-01-25 13:54:44,993 - easytorch-training - INFO - The estimated training finish time is 2026-01-25 22:45:52
2026-01-25 13:54:44,993 - easytorch-training - INFO - Epoch 55 / 300
2026-01-25 13:56:54,703 - easytorch-training - INFO - Result <train>: [train_time: 129.71 (s), lr: 1.25e-04, train_MAE: 13.2397, train_RMSE: 22.2525, train_MAPE: 8.8433]
2026-01-25 13:56:54,705 - easytorch-training - INFO - Start validation.
2026-01-25 13:57:11,066 - easytorch-training - INFO - Result <val>: [val_time: 16.36 (s), val_MAE: 13.6875, val_RMSE: 22.8292, val_MAPE: 9.9986]
2026-01-25 13:57:11,630 - easytorch-training - INFO - Checkpoint checkpoints/STMAFNet_300/21afeca3ffc10cdf4e90589d029b0e70/STMAFNet_best_val_MAE.pt saved
2026-01-25 13:57:27,079 - easytorch-training - INFO - Evaluate best model on test data for horizon 1, Test MAE: 11.8334, Test RMSE: 19.1787, Test MAPE: 7.8361
2026-01-25 13:57:27,096 - easytorch-training - INFO - Evaluate best model on test data for horizon 2, Test MAE: 12.3706, Test RMSE: 20.3707, Test MAPE: 8.0319
2026-01-25 13:57:27,117 - easytorch-training - INFO - Evaluate best model on test data for horizon 3, Test MAE: 12.7767, Test RMSE: 21.2479, Test MAPE: 8.3483
2026-01-25 13:57:27,138 - easytorch-training - INFO - Evaluate best model on test data for horizon 4, Test MAE: 13.1218, Test RMSE: 22.0536, Test MAPE: 8.5321
2026-01-25 13:57:27,158 - easytorch-training - INFO - Evaluate best model on test data for horizon 5, Test MAE: 13.4098, Test RMSE: 22.7446, Test MAPE: 8.7455
2026-01-25 13:57:27,178 - easytorch-training - INFO - Evaluate best model on test data for horizon 6, Test MAE: 13.6843, Test RMSE: 23.3298, Test MAPE: 8.9104
2026-01-25 13:57:27,200 - easytorch-training - INFO - Evaluate best model on test data for horizon 7, Test MAE: 13.9236, Test RMSE: 23.8344, Test MAPE: 9.1255
2026-01-25 13:57:27,219 - easytorch-training - INFO - Evaluate best model on test data for horizon 8, Test MAE: 14.1940, Test RMSE: 24.3081, Test MAPE: 9.2901
2026-01-25 13:57:27,235 - easytorch-training - INFO - Evaluate best model on test data for horizon 9, Test MAE: 14.3428, Test RMSE: 24.5798, Test MAPE: 9.3543
2026-01-25 13:57:27,249 - easytorch-training - INFO - Evaluate best model on test data for horizon 10, Test MAE: 14.5723, Test RMSE: 24.9595, Test MAPE: 9.5378
2026-01-25 13:57:27,260 - easytorch-training - INFO - Evaluate best model on test data for horizon 11, Test MAE: 14.7362, Test RMSE: 25.1932, Test MAPE: 9.6164
2026-01-25 13:57:27,271 - easytorch-training - INFO - Evaluate best model on test data for horizon 12, Test MAE: 14.9569, Test RMSE: 25.5284, Test MAPE: 9.8039
2026-01-25 13:57:27,290 - easytorch-training - INFO - Result <test>: [test_time: 15.66 (s), test_MAE: 13.6602, test_RMSE: 23.1925, test_MAPE: 8.9277]
2026-01-25 13:57:27,666 - easytorch-training - INFO - Checkpoint checkpoints/STMAFNet_300/21afeca3ffc10cdf4e90589d029b0e70/STMAFNet_055.pt saved
2026-01-25 13:57:27,666 - easytorch-training - INFO - The estimated training finish time is 2026-01-25 22:48:53
2026-01-25 13:57:27,666 - easytorch-training - INFO - Epoch 56 / 300
2026-01-25 13:59:32,725 - easytorch-training - INFO - Result <train>: [train_time: 125.06 (s), lr: 1.25e-04, train_MAE: 13.1996, train_RMSE: 22.1791, train_MAPE: 8.8325]
2026-01-25 13:59:32,727 - easytorch-training - INFO - Start validation.
2026-01-25 13:59:47,555 - easytorch-training - INFO - Result <val>: [val_time: 14.83 (s), val_MAE: 13.6387, val_RMSE: 22.7105, val_MAPE: 9.7880]
2026-01-25 13:59:48,279 - easytorch-training - INFO - Checkpoint checkpoints/STMAFNet_300/21afeca3ffc10cdf4e90589d029b0e70/STMAFNet_best_val_MAE.pt saved
2026-01-25 14:00:02,817 - easytorch-training - INFO - Evaluate best model on test data for horizon 1, Test MAE: 11.8480, Test RMSE: 19.1491, Test MAPE: 7.6476
2026-01-25 14:00:02,833 - easytorch-training - INFO - Evaluate best model on test data for horizon 2, Test MAE: 12.3431, Test RMSE: 20.2944, Test MAPE: 7.9410
2026-01-25 14:00:02,848 - easytorch-training - INFO - Evaluate best model on test data for horizon 3, Test MAE: 12.7458, Test RMSE: 21.2137, Test MAPE: 8.2002
2026-01-25 14:00:02,863 - easytorch-training - INFO - Evaluate best model on test data for horizon 4, Test MAE: 13.1021, Test RMSE: 21.9968, Test MAPE: 8.4235
2026-01-25 14:00:02,878 - easytorch-training - INFO - Evaluate best model on test data for horizon 5, Test MAE: 13.3610, Test RMSE: 22.7168, Test MAPE: 8.5881
2026-01-25 14:00:02,893 - easytorch-training - INFO - Evaluate best model on test data for horizon 6, Test MAE: 13.6232, Test RMSE: 23.3129, Test MAPE: 8.8493
2026-01-25 14:00:02,906 - easytorch-training - INFO - Evaluate best model on test data for horizon 7, Test MAE: 13.8932, Test RMSE: 23.8298, Test MAPE: 9.0199
2026-01-25 14:00:02,913 - easytorch-training - INFO - Evaluate best model on test data for horizon 8, Test MAE: 14.1324, Test RMSE: 24.2563, Test MAPE: 9.1188
2026-01-25 14:00:02,920 - easytorch-training - INFO - Evaluate best model on test data for horizon 9, Test MAE: 14.3199, Test RMSE: 24.5876, Test MAPE: 9.2679
2026-01-25 14:00:02,936 - easytorch-training - INFO - Evaluate best model on test data for horizon 10, Test MAE: 14.4941, Test RMSE: 24.8868, Test MAPE: 9.3623
2026-01-25 14:00:02,952 - easytorch-training - INFO - Evaluate best model on test data for horizon 11, Test MAE: 14.6808, Test RMSE: 25.1589, Test MAPE: 9.4431
2026-01-25 14:00:02,968 - easytorch-training - INFO - Evaluate best model on test data for horizon 12, Test MAE: 14.8809, Test RMSE: 25.4460, Test MAPE: 9.6431
2026-01-25 14:00:02,987 - easytorch-training - INFO - Result <test>: [test_time: 14.71 (s), test_MAE: 13.6187, test_RMSE: 23.1527, test_MAPE: 8.7921]
2026-01-25 14:00:03,360 - easytorch-training - INFO - Checkpoint checkpoints/STMAFNet_300/21afeca3ffc10cdf4e90589d029b0e70/STMAFNet_056.pt saved
2026-01-25 14:00:03,361 - easytorch-training - INFO - The estimated training finish time is 2026-01-25 22:51:10
2026-01-25 14:00:03,361 - easytorch-training - INFO - Epoch 57 / 300
2026-01-25 14:02:08,415 - easytorch-training - INFO - Result <train>: [train_time: 125.05 (s), lr: 1.25e-04, train_MAE: 13.1782, train_RMSE: 22.1477, train_MAPE: 8.8153]
2026-01-25 14:02:08,417 - easytorch-training - INFO - Start validation.
2026-01-25 14:02:25,291 - easytorch-training - INFO - Result <val>: [val_time: 16.87 (s), val_MAE: 13.6743, val_RMSE: 22.8183, val_MAPE: 10.4182]
2026-01-25 14:02:41,351 - easytorch-training - INFO - Evaluate best model on test data for horizon 1, Test MAE: 11.8284, Test RMSE: 19.1490, Test MAPE: 7.9649
2026-01-25 14:02:41,372 - easytorch-training - INFO - Evaluate best model on test data for horizon 2, Test MAE: 12.3275, Test RMSE: 20.2830, Test MAPE: 8.1417
2026-01-25 14:02:41,389 - easytorch-training - INFO - Evaluate best model on test data for horizon 3, Test MAE: 12.7496, Test RMSE: 21.1942, Test MAPE: 8.3862
2026-01-25 14:02:41,404 - easytorch-training - INFO - Evaluate best model on test data for horizon 4, Test MAE: 13.0972, Test RMSE: 21.9691, Test MAPE: 8.6284
2026-01-25 14:02:41,419 - easytorch-training - INFO - Evaluate best model on test data for horizon 5, Test MAE: 13.3986, Test RMSE: 22.6791, Test MAPE: 8.8611
2026-01-25 14:02:41,435 - easytorch-training - INFO - Evaluate best model on test data for horizon 6, Test MAE: 13.6688, Test RMSE: 23.2493, Test MAPE: 9.0919
2026-01-25 14:02:41,443 - easytorch-training - INFO - Evaluate best model on test data for horizon 7, Test MAE: 13.8945, Test RMSE: 23.7205, Test MAPE: 9.2162
2026-01-25 14:02:41,455 - easytorch-training - INFO - Evaluate best model on test data for horizon 8, Test MAE: 14.1354, Test RMSE: 24.2382, Test MAPE: 9.4129
2026-01-25 14:02:41,470 - easytorch-training - INFO - Evaluate best model on test data for horizon 9, Test MAE: 14.3264, Test RMSE: 24.6115, Test MAPE: 9.3317
2026-01-25 14:02:41,486 - easytorch-training - INFO - Evaluate best model on test data for horizon 10, Test MAE: 14.5391, Test RMSE: 24.9727, Test MAPE: 9.4309
2026-01-25 14:02:41,502 - easytorch-training - INFO - Evaluate best model on test data for horizon 11, Test MAE: 14.7139, Test RMSE: 25.2613, Test MAPE: 9.7538
2026-01-25 14:02:41,517 - easytorch-training - INFO - Evaluate best model on test data for horizon 12, Test MAE: 14.8945, Test RMSE: 25.5105, Test MAPE: 9.7802
2026-01-25 14:02:41,535 - easytorch-training - INFO - Result <test>: [test_time: 16.24 (s), test_MAE: 13.6312, test_RMSE: 23.1539, test_MAPE: 9.0000]
2026-01-25 14:02:41,892 - easytorch-training - INFO - Checkpoint checkpoints/STMAFNet_300/21afeca3ffc10cdf4e90589d029b0e70/STMAFNet_057.pt saved
2026-01-25 14:02:41,893 - easytorch-training - INFO - The estimated training finish time is 2026-01-25 22:53:37
2026-01-25 14:02:41,893 - easytorch-training - INFO - Epoch 58 / 300
2026-01-25 14:04:50,931 - easytorch-training - INFO - Result <train>: [train_time: 129.04 (s), lr: 1.25e-04, train_MAE: 13.1670, train_RMSE: 22.1301, train_MAPE: 8.7923]
2026-01-25 14:04:50,933 - easytorch-training - INFO - Start validation.
2026-01-25 14:05:07,598 - easytorch-training - INFO - Result <val>: [val_time: 16.67 (s), val_MAE: 13.6540, val_RMSE: 22.7827, val_MAPE: 10.4742]
2026-01-25 14:05:23,620 - easytorch-training - INFO - Evaluate best model on test data for horizon 1, Test MAE: 11.8183, Test RMSE: 19.1311, Test MAPE: 8.3302
2026-01-25 14:05:23,635 - easytorch-training - INFO - Evaluate best model on test data for horizon 2, Test MAE: 12.3395, Test RMSE: 20.2943, Test MAPE: 8.4618
2026-01-25 14:05:23,651 - easytorch-training - INFO - Evaluate best model on test data for horizon 3, Test MAE: 12.7432, Test RMSE: 21.2175, Test MAPE: 8.6275
2026-01-25 14:05:23,666 - easytorch-training - INFO - Evaluate best model on test data for horizon 4, Test MAE: 13.1020, Test RMSE: 22.0238, Test MAPE: 9.0536
2026-01-25 14:05:23,682 - easytorch-training - INFO - Evaluate best model on test data for horizon 5, Test MAE: 13.3958, Test RMSE: 22.7412, Test MAPE: 9.3309
2026-01-25 14:05:23,699 - easytorch-training - INFO - Evaluate best model on test data for horizon 6, Test MAE: 13.6539, Test RMSE: 23.3367, Test MAPE: 9.3809
2026-01-25 14:05:23,712 - easytorch-training - INFO - Evaluate best model on test data for horizon 7, Test MAE: 13.9124, Test RMSE: 23.8495, Test MAPE: 9.5411
2026-01-25 14:05:23,722 - easytorch-training - INFO - Evaluate best model on test data for horizon 8, Test MAE: 14.1205, Test RMSE: 24.2426, Test MAPE: 9.4506
2026-01-25 14:05:23,738 - easytorch-training - INFO - Evaluate best model on test data for horizon 9, Test MAE: 14.3291, Test RMSE: 24.6132, Test MAPE: 9.3712
2026-01-25 14:05:23,754 - easytorch-training - INFO - Evaluate best model on test data for horizon 10, Test MAE: 14.5373, Test RMSE: 24.9013, Test MAPE: 9.9220
2026-01-25 14:05:23,770 - easytorch-training - INFO - Evaluate best model on test data for horizon 11, Test MAE: 14.6978, Test RMSE: 25.2004, Test MAPE: 9.5989
2026-01-25 14:05:23,787 - easytorch-training - INFO - Evaluate best model on test data for horizon 12, Test MAE: 14.9112, Test RMSE: 25.4661, Test MAPE: 10.1207
2026-01-25 14:05:23,805 - easytorch-training - INFO - Result <test>: [test_time: 16.21 (s), test_MAE: 13.6301, test_RMSE: 23.1675, test_MAPE: 9.2658]
2026-01-25 14:05:24,152 - easytorch-training - INFO - Checkpoint checkpoints/STMAFNet_300/21afeca3ffc10cdf4e90589d029b0e70/STMAFNet_058.pt saved
2026-01-25 14:05:24,153 - easytorch-training - INFO - The estimated training finish time is 2026-01-25 22:56:18
2026-01-25 14:05:24,153 - easytorch-training - INFO - Epoch 59 / 300
2026-01-25 14:07:25,969 - easytorch-training - INFO - Result <train>: [train_time: 121.82 (s), lr: 1.25e-04, train_MAE: 13.1353, train_RMSE: 22.0917, train_MAPE: 8.7905]
2026-01-25 14:07:25,970 - easytorch-training - INFO - Start validation.
2026-01-25 14:07:41,353 - easytorch-training - INFO - Result <val>: [val_time: 15.38 (s), val_MAE: 13.6208, val_RMSE: 22.7586, val_MAPE: 9.9326]
2026-01-25 14:07:42,031 - easytorch-training - INFO - Checkpoint checkpoints/STMAFNet_300/21afeca3ffc10cdf4e90589d029b0e70/STMAFNet_best_val_MAE.pt saved
2026-01-25 14:07:57,704 - easytorch-training - INFO - Evaluate best model on test data for horizon 1, Test MAE: 11.7873, Test RMSE: 19.1225, Test MAPE: 7.7339
2026-01-25 14:07:57,725 - easytorch-training - INFO - Evaluate best model on test data for horizon 2, Test MAE: 12.3048, Test RMSE: 20.2977, Test MAPE: 8.1111
2026-01-25 14:07:57,743 - easytorch-training - INFO - Evaluate best model on test data for horizon 3, Test MAE: 12.7348, Test RMSE: 21.2247, Test MAPE: 8.3455
2026-01-25 14:07:57,752 - easytorch-training - INFO - Evaluate best model on test data for horizon 4, Test MAE: 13.0624, Test RMSE: 22.0140, Test MAPE: 8.4284
2026-01-25 14:07:57,762 - easytorch-training - INFO - Evaluate best model on test data for horizon 5, Test MAE: 13.3521, Test RMSE: 22.7063, Test MAPE: 8.6571
2026-01-25 14:07:57,771 - easytorch-training - INFO - Evaluate best model on test data for horizon 6, Test MAE: 13.6329, Test RMSE: 23.3027, Test MAPE: 8.8064
2026-01-25 14:07:57,786 - easytorch-training - INFO - Evaluate best model on test data for horizon 7, Test MAE: 13.8682, Test RMSE: 23.7946, Test MAPE: 8.9750
2026-01-25 14:07:57,802 - easytorch-training - INFO - Evaluate best model on test data for horizon 8, Test MAE: 14.1002, Test RMSE: 24.2224, Test MAPE: 9.1002
2026-01-25 14:07:57,818 - easytorch-training - INFO - Evaluate best model on test data for horizon 9, Test MAE: 14.2923, Test RMSE: 24.5501, Test MAPE: 9.2073
2026-01-25 14:07:57,834 - easytorch-training - INFO - Evaluate best model on test data for horizon 10, Test MAE: 14.4770, Test RMSE: 24.8615, Test MAPE: 9.3587
2026-01-25 14:07:57,847 - easytorch-training - INFO - Evaluate best model on test data for horizon 11, Test MAE: 14.6773, Test RMSE: 25.1628, Test MAPE: 9.4896
2026-01-25 14:07:57,856 - easytorch-training - INFO - Evaluate best model on test data for horizon 12, Test MAE: 14.8705, Test RMSE: 25.4483, Test MAPE: 9.6320
2026-01-25 14:07:57,871 - easytorch-training - INFO - Result <test>: [test_time: 15.84 (s), test_MAE: 13.5966, test_RMSE: 23.1406, test_MAPE: 8.8204]
2026-01-25 14:07:58,321 - easytorch-training - INFO - Checkpoint checkpoints/STMAFNet_300/21afeca3ffc10cdf4e90589d029b0e70/STMAFNet_059.pt saved
2026-01-25 14:07:58,322 - easytorch-training - INFO - The estimated training finish time is 2026-01-25 22:58:12
2026-01-25 14:07:58,322 - easytorch-training - INFO - Epoch 60 / 300
2026-01-25 14:10:08,499 - easytorch-training - INFO - Result <train>: [train_time: 130.18 (s), lr: 1.25e-04, train_MAE: 13.1192, train_RMSE: 22.0752, train_MAPE: 8.7654]
2026-01-25 14:10:08,500 - easytorch-training - INFO - Start validation.
2026-01-25 14:10:24,951 - easytorch-training - INFO - Result <val>: [val_time: 16.45 (s), val_MAE: 13.6736, val_RMSE: 22.8089, val_MAPE: 10.1119]
2026-01-25 14:10:40,260 - easytorch-training - INFO - Evaluate best model on test data for horizon 1, Test MAE: 11.8400, Test RMSE: 19.1871, Test MAPE: 7.7197
2026-01-25 14:10:40,276 - easytorch-training - INFO - Evaluate best model on test data for horizon 2, Test MAE: 12.3727, Test RMSE: 20.3575, Test MAPE: 8.1192
2026-01-25 14:10:40,293 - easytorch-training - INFO - Evaluate best model on test data for horizon 3, Test MAE: 12.7935, Test RMSE: 21.2927, Test MAPE: 8.3421
2026-01-25 14:10:40,309 - easytorch-training - INFO - Evaluate best model on test data for horizon 4, Test MAE: 13.1555, Test RMSE: 22.1107, Test MAPE: 8.5187
2026-01-25 14:10:40,321 - easytorch-training - INFO - Evaluate best model on test data for horizon 5, Test MAE: 13.4565, Test RMSE: 22.8398, Test MAPE: 8.7109
2026-01-25 14:10:40,323 - easytorch-training - INFO - Evaluate best model on test data for horizon 6, Test MAE: 13.7191, Test RMSE: 23.4184, Test MAPE: 8.9705
2026-01-25 14:10:40,333 - easytorch-training - INFO - Evaluate best model on test data for horizon 7, Test MAE: 13.9484, Test RMSE: 23.8807, Test MAPE: 9.1083
2026-01-25 14:10:40,349 - easytorch-training - INFO - Evaluate best model on test data for horizon 8, Test MAE: 14.1819, Test RMSE: 24.3448, Test MAPE: 9.2673
2026-01-25 14:10:40,366 - easytorch-training - INFO - Evaluate best model on test data for horizon 9, Test MAE: 14.3920, Test RMSE: 24.7127, Test MAPE: 9.4008
2026-01-25 14:10:40,382 - easytorch-training - INFO - Evaluate best model on test data for horizon 10, Test MAE: 14.5756, Test RMSE: 25.0295, Test MAPE: 9.5410
2026-01-25 14:10:40,398 - easytorch-training - INFO - Evaluate best model on test data for horizon 11, Test MAE: 14.7748, Test RMSE: 25.3467, Test MAPE: 9.7281
2026-01-25 14:10:40,415 - easytorch-training - INFO - Evaluate best model on test data for horizon 12, Test MAE: 14.9736, Test RMSE: 25.6579, Test MAPE: 9.8746
2026-01-25 14:10:40,429 - easytorch-training - INFO - Result <test>: [test_time: 15.48 (s), test_MAE: 13.6820, test_RMSE: 23.2663, test_MAPE: 8.9418]
2026-01-25 14:10:40,776 - easytorch-training - INFO - Checkpoint checkpoints/STMAFNet_300/21afeca3ffc10cdf4e90589d029b0e70/STMAFNet_060.pt saved
2026-01-25 14:10:40,798 - easytorch-training - INFO - The estimated training finish time is 2026-01-25 23:00:45
2026-01-25 14:10:40,798 - easytorch-training - INFO - Epoch 61 / 300
2026-01-25 14:12:49,635 - easytorch-training - INFO - Result <train>: [train_time: 128.84 (s), lr: 1.25e-04, train_MAE: 13.1084, train_RMSE: 22.0563, train_MAPE: 8.7538]
2026-01-25 14:12:49,636 - easytorch-training - INFO - Start validation.
2026-01-25 14:13:05,416 - easytorch-training - INFO - Result <val>: [val_time: 15.78 (s), val_MAE: 13.6537, val_RMSE: 22.8330, val_MAPE: 10.2837]
2026-01-25 14:13:19,645 - easytorch-training - INFO - Evaluate best model on test data for horizon 1, Test MAE: 11.8298, Test RMSE: 19.1739, Test MAPE: 8.0796
2026-01-25 14:13:19,661 - easytorch-training - INFO - Evaluate best model on test data for horizon 2, Test MAE: 12.3896, Test RMSE: 20.3562, Test MAPE: 8.6224
2026-01-25 14:13:19,678 - easytorch-training - INFO - Evaluate best model on test data for horizon 3, Test MAE: 12.7773, Test RMSE: 21.2982, Test MAPE: 8.6962
2026-01-25 14:13:19,694 - easytorch-training - INFO - Evaluate best model on test data for horizon 4, Test MAE: 13.1358, Test RMSE: 22.1318, Test MAPE: 8.9635
2026-01-25 14:13:19,711 - easytorch-training - INFO - Evaluate best model on test data for horizon 5, Test MAE: 13.4356, Test RMSE: 22.8951, Test MAPE: 9.0765
2026-01-25 14:13:19,721 - easytorch-training - INFO - Evaluate best model on test data for horizon 6, Test MAE: 13.7131, Test RMSE: 23.5416, Test MAPE: 9.1198
2026-01-25 14:13:19,731 - easytorch-training - INFO - Evaluate best model on test data for horizon 7, Test MAE: 13.9557, Test RMSE: 24.0670, Test MAPE: 9.1867
2026-01-25 14:13:19,746 - easytorch-training - INFO - Evaluate best model on test data for horizon 8, Test MAE: 14.1832, Test RMSE: 24.5499, Test MAPE: 9.2243
2026-01-25 14:13:19,758 - easytorch-training - INFO - Evaluate best model on test data for horizon 9, Test MAE: 14.3872, Test RMSE: 24.8868, Test MAPE: 9.3533
2026-01-25 14:13:19,775 - easytorch-training - INFO - Evaluate best model on test data for horizon 10, Test MAE: 14.5588, Test RMSE: 25.1523, Test MAPE: 9.4596
2026-01-25 14:13:19,791 - easytorch-training - INFO - Evaluate best model on test data for horizon 11, Test MAE: 14.7203, Test RMSE: 25.4019, Test MAPE: 9.6858
2026-01-25 14:13:19,806 - easytorch-training - INFO - Evaluate best model on test data for horizon 12, Test MAE: 14.9332, Test RMSE: 25.6617, Test MAPE: 9.9482
2026-01-25 14:13:19,825 - easytorch-training - INFO - Result <test>: [test_time: 14.41 (s), test_MAE: 13.6683, test_RMSE: 23.3479, test_MAPE: 9.1180]
2026-01-25 14:13:20,267 - easytorch-training - INFO - Checkpoint checkpoints/STMAFNet_300/21afeca3ffc10cdf4e90589d029b0e70/STMAFNet_061.pt saved
2026-01-25 14:13:20,268 - easytorch-training - INFO - The estimated training finish time is 2026-01-25 23:02:57
2026-01-25 14:13:20,268 - easytorch-training - INFO - Epoch 62 / 300
2026-01-25 14:15:24,310 - easytorch-training - INFO - Result <train>: [train_time: 124.04 (s), lr: 1.25e-04, train_MAE: 13.0980, train_RMSE: 22.0387, train_MAPE: 8.7499]
2026-01-25 14:15:24,312 - easytorch-training - INFO - Start validation.
2026-01-25 14:15:41,126 - easytorch-training - INFO - Result <val>: [val_time: 16.81 (s), val_MAE: 13.6327, val_RMSE: 22.7718, val_MAPE: 9.8943]
2026-01-25 14:15:56,576 - easytorch-training - INFO - Evaluate best model on test data for horizon 1, Test MAE: 11.7823, Test RMSE: 19.1463, Test MAPE: 7.6294
2026-01-25 14:15:56,596 - easytorch-training - INFO - Evaluate best model on test data for horizon 2, Test MAE: 12.2894, Test RMSE: 20.3036, Test MAPE: 7.9501
2026-01-25 14:15:56,612 - easytorch-training - INFO - Evaluate best model on test data for horizon 3, Test MAE: 12.7106, Test RMSE: 21.2303, Test MAPE: 8.2223
2026-01-25 14:15:56,633 - easytorch-training - INFO - Evaluate best model on test data for horizon 4, Test MAE: 13.0691, Test RMSE: 22.0609, Test MAPE: 8.3919
2026-01-25 14:15:56,650 - easytorch-training - INFO - Evaluate best model on test data for horizon 5, Test MAE: 13.3527, Test RMSE: 22.7531, Test MAPE: 8.5819
2026-01-25 14:15:56,664 - easytorch-training - INFO - Evaluate best model on test data for horizon 6, Test MAE: 13.6276, Test RMSE: 23.3264, Test MAPE: 8.8268
2026-01-25 14:15:56,679 - easytorch-training - INFO - Evaluate best model on test data for horizon 7, Test MAE: 13.8926, Test RMSE: 23.8310, Test MAPE: 9.0042
2026-01-25 14:15:56,688 - easytorch-training - INFO - Evaluate best model on test data for horizon 8, Test MAE: 14.1104, Test RMSE: 24.2886, Test MAPE: 9.0598
2026-01-25 14:15:56,692 - easytorch-training - INFO - Evaluate best model on test data for horizon 9, Test MAE: 14.3652, Test RMSE: 24.6565, Test MAPE: 9.2467
2026-01-25 14:15:56,700 - easytorch-training - INFO - Evaluate best model on test data for horizon 10, Test MAE: 14.5052, Test RMSE: 24.9610, Test MAPE: 9.3527
2026-01-25 14:15:56,716 - easytorch-training - INFO - Evaluate best model on test data for horizon 11, Test MAE: 14.6626, Test RMSE: 25.2414, Test MAPE: 9.4595
2026-01-25 14:15:56,731 - easytorch-training - INFO - Evaluate best model on test data for horizon 12, Test MAE: 14.8743, Test RMSE: 25.5516, Test MAPE: 9.6730
2026-01-25 14:15:56,749 - easytorch-training - INFO - Result <test>: [test_time: 15.62 (s), test_MAE: 13.6035, test_RMSE: 23.1965, test_MAPE: 8.7832]
2026-01-25 14:15:57,095 - easytorch-training - INFO - Checkpoint checkpoints/STMAFNet_300/21afeca3ffc10cdf4e90589d029b0e70/STMAFNet_062.pt saved
2026-01-25 14:15:57,096 - easytorch-training - INFO - The estimated training finish time is 2026-01-25 23:04:53
2026-01-25 14:15:57,096 - easytorch-training - INFO - Epoch 63 / 300
2026-01-25 14:18:03,436 - easytorch-training - INFO - Result <train>: [train_time: 126.34 (s), lr: 1.25e-04, train_MAE: 13.0806, train_RMSE: 22.0100, train_MAPE: 8.7439]
2026-01-25 14:18:03,437 - easytorch-training - INFO - Start validation.
2026-01-25 14:18:20,339 - easytorch-training - INFO - Result <val>: [val_time: 16.90 (s), val_MAE: 13.6258, val_RMSE: 22.7920, val_MAPE: 10.0883]
2026-01-25 14:18:36,360 - easytorch-training - INFO - Evaluate best model on test data for horizon 1, Test MAE: 11.8000, Test RMSE: 19.1525, Test MAPE: 7.7078
2026-01-25 14:18:36,381 - easytorch-training - INFO - Evaluate best model on test data for horizon 2, Test MAE: 12.2946, Test RMSE: 20.3077, Test MAPE: 7.9680
2026-01-25 14:18:36,402 - easytorch-training - INFO - Evaluate best model on test data for horizon 3, Test MAE: 12.7287, Test RMSE: 21.2306, Test MAPE: 8.2374
2026-01-25 14:18:36,423 - easytorch-training - INFO - Evaluate best model on test data for horizon 4, Test MAE: 13.0865, Test RMSE: 22.0308, Test MAPE: 8.4806
2026-01-25 14:18:36,442 - easytorch-training - INFO - Evaluate best model on test data for horizon 5, Test MAE: 13.3718, Test RMSE: 22.7064, Test MAPE: 8.6441
2026-01-25 14:18:36,456 - easytorch-training - INFO - Evaluate best model on test data for horizon 6, Test MAE: 13.6291, Test RMSE: 23.3015, Test MAPE: 8.8124
2026-01-25 14:18:36,472 - easytorch-training - INFO - Evaluate best model on test data for horizon 7, Test MAE: 13.8950, Test RMSE: 23.8229, Test MAPE: 8.9936
2026-01-25 14:18:36,480 - easytorch-training - INFO - Evaluate best model on test data for horizon 8, Test MAE: 14.1401, Test RMSE: 24.2836, Test MAPE: 9.1758
2026-01-25 14:18:36,489 - easytorch-training - INFO - Evaluate best model on test data for horizon 9, Test MAE: 14.3289, Test RMSE: 24.6644, Test MAPE: 9.2988
2026-01-25 14:18:36,500 - easytorch-training - INFO - Evaluate best model on test data for horizon 10, Test MAE: 14.5275, Test RMSE: 24.9719, Test MAPE: 9.4731
2026-01-25 14:18:36,516 - easytorch-training - INFO - Evaluate best model on test data for horizon 11, Test MAE: 14.6954, Test RMSE: 25.2556, Test MAPE: 9.5925
2026-01-25 14:18:36,531 - easytorch-training - INFO - Evaluate best model on test data for horizon 12, Test MAE: 14.9156, Test RMSE: 25.5525, Test MAPE: 9.7154
2026-01-25 14:18:36,550 - easytorch-training - INFO - Result <test>: [test_time: 16.21 (s), test_MAE: 13.6178, test_RMSE: 23.1908, test_MAPE: 8.8416]
2026-01-25 14:18:36,905 - easytorch-training - INFO - Checkpoint checkpoints/STMAFNet_300/21afeca3ffc10cdf4e90589d029b0e70/STMAFNet_063.pt saved
2026-01-25 14:18:36,905 - easytorch-training - INFO - The estimated training finish time is 2026-01-25 23:06:59
2026-01-25 14:18:36,906 - easytorch-training - INFO - Epoch 64 / 300
2026-01-25 14:20:38,520 - easytorch-training - INFO - Result <train>: [train_time: 121.61 (s), lr: 1.25e-04, train_MAE: 13.0624, train_RMSE: 21.9898, train_MAPE: 8.7302]
2026-01-25 14:20:38,521 - easytorch-training - INFO - Start validation.
2026-01-25 14:20:54,060 - easytorch-training - INFO - Result <val>: [val_time: 15.54 (s), val_MAE: 13.6807, val_RMSE: 22.8713, val_MAPE: 10.5796]
2026-01-25 14:21:08,145 - easytorch-training - INFO - Evaluate best model on test data for horizon 1, Test MAE: 11.7996, Test RMSE: 19.1405, Test MAPE: 8.3280
2026-01-25 14:21:08,161 - easytorch-training - INFO - Evaluate best model on test data for horizon 2, Test MAE: 12.3322, Test RMSE: 20.3323, Test MAPE: 8.5202
2026-01-25 14:21:08,177 - easytorch-training - INFO - Evaluate best model on test data for horizon 3, Test MAE: 12.7663, Test RMSE: 21.2687, Test MAPE: 9.0039
2026-01-25 14:21:08,192 - easytorch-training - INFO - Evaluate best model on test data for horizon 4, Test MAE: 13.1081, Test RMSE: 22.1098, Test MAPE: 8.9484
2026-01-25 14:21:08,201 - easytorch-training - INFO - Evaluate best model on test data for horizon 5, Test MAE: 13.3831, Test RMSE: 22.8426, Test MAPE: 9.0025
2026-01-25 14:21:08,211 - easytorch-training - INFO - Evaluate best model on test data for horizon 6, Test MAE: 13.6872, Test RMSE: 23.4677, Test MAPE: 9.4104
2026-01-25 14:21:08,227 - easytorch-training - INFO - Evaluate best model on test data for horizon 7, Test MAE: 13.9463, Test RMSE: 23.9823, Test MAPE: 9.5838
2026-01-25 14:21:08,243 - easytorch-training - INFO - Evaluate best model on test data for horizon 8, Test MAE: 14.1756, Test RMSE: 24.4644, Test MAPE: 9.6911
2026-01-25 14:21:08,259 - easytorch-training - INFO - Evaluate best model on test data for horizon 9, Test MAE: 14.4094, Test RMSE: 24.7988, Test MAPE: 10.1471
2026-01-25 14:21:08,275 - easytorch-training - INFO - Evaluate best model on test data for horizon 10, Test MAE: 14.5676, Test RMSE: 25.0706, Test MAPE: 9.9294
2026-01-25 14:21:08,291 - easytorch-training - INFO - Evaluate best model on test data for horizon 11, Test MAE: 14.7163, Test RMSE: 25.3273, Test MAPE: 10.0350
2026-01-25 14:21:08,298 - easytorch-training - INFO - Evaluate best model on test data for horizon 12, Test MAE: 14.9136, Test RMSE: 25.6290, Test MAPE: 9.9702
2026-01-25 14:21:08,306 - easytorch-training - INFO - Result <test>: [test_time: 14.24 (s), test_MAE: 13.6504, test_RMSE: 23.2898, test_MAPE: 9.3808]
2026-01-25 14:21:08,653 - easytorch-training - INFO - Checkpoint checkpoints/STMAFNet_300/21afeca3ffc10cdf4e90589d029b0e70/STMAFNet_064.pt saved
2026-01-25 14:21:08,653 - easytorch-training - INFO - The estimated training finish time is 2026-01-25 23:08:23
2026-01-25 14:21:08,653 - easytorch-training - INFO - Epoch 65 / 300
2026-01-25 14:23:14,291 - easytorch-training - INFO - Result <train>: [train_time: 125.64 (s), lr: 1.25e-04, train_MAE: 13.0405, train_RMSE: 21.9556, train_MAPE: 8.7227]
2026-01-25 14:23:14,292 - easytorch-training - INFO - Start validation.
2026-01-25 14:23:30,799 - easytorch-training - INFO - Result <val>: [val_time: 16.51 (s), val_MAE: 13.6128, val_RMSE: 22.7552, val_MAPE: 10.0819]
2026-01-25 14:23:31,410 - easytorch-training - INFO - Checkpoint checkpoints/STMAFNet_300/21afeca3ffc10cdf4e90589d029b0e70/STMAFNet_best_val_MAE.pt saved
2026-01-25 14:23:46,305 - easytorch-training - INFO - Evaluate best model on test data for horizon 1, Test MAE: 11.7813, Test RMSE: 19.1157, Test MAPE: 7.8833
2026-01-25 14:23:46,321 - easytorch-training - INFO - Evaluate best model on test data for horizon 2, Test MAE: 12.3025, Test RMSE: 20.2874, Test MAPE: 8.2890
2026-01-25 14:23:46,333 - easytorch-training - INFO - Evaluate best model on test data for horizon 3, Test MAE: 12.7057, Test RMSE: 21.2164, Test MAPE: 8.4876
2026-01-25 14:23:46,347 - easytorch-training - INFO - Evaluate best model on test data for horizon 4, Test MAE: 13.0560, Test RMSE: 22.0242, Test MAPE: 8.6301
2026-01-25 14:23:46,366 - easytorch-training - INFO - Evaluate best model on test data for horizon 5, Test MAE: 13.3510, Test RMSE: 22.6924, Test MAPE: 8.8326
2026-01-25 14:23:46,381 - easytorch-training - INFO - Evaluate best model on test data for horizon 6, Test MAE: 13.6381, Test RMSE: 23.3011, Test MAPE: 8.8683
2026-01-25 14:23:46,400 - easytorch-training - INFO - Evaluate best model on test data for horizon 7, Test MAE: 13.9050, Test RMSE: 23.7831, Test MAPE: 9.4343
2026-01-25 14:23:46,420 - easytorch-training - INFO - Evaluate best model on test data for horizon 8, Test MAE: 14.1003, Test RMSE: 24.2068, Test MAPE: 9.2381
2026-01-25 14:23:46,440 - easytorch-training - INFO - Evaluate best model on test data for horizon 9, Test MAE: 14.3154, Test RMSE: 24.5815, Test MAPE: 9.4454
2026-01-25 14:23:46,454 - easytorch-training - INFO - Evaluate best model on test data for horizon 10, Test MAE: 14.5316, Test RMSE: 24.8932, Test MAPE: 9.5809
2026-01-25 14:23:46,469 - easytorch-training - INFO - Evaluate best model on test data for horizon 11, Test MAE: 14.7091, Test RMSE: 25.1655, Test MAPE: 9.8694
2026-01-25 14:23:46,489 - easytorch-training - INFO - Evaluate best model on test data for horizon 12, Test MAE: 14.8829, Test RMSE: 25.4490, Test MAPE: 9.6305
2026-01-25 14:23:46,511 - easytorch-training - INFO - Result <test>: [test_time: 15.10 (s), test_MAE: 13.6066, test_RMSE: 23.1419, test_MAPE: 9.0158]
2026-01-25 14:23:46,853 - easytorch-training - INFO - Checkpoint checkpoints/STMAFNet_300/21afeca3ffc10cdf4e90589d029b0e70/STMAFNet_065.pt saved
2026-01-25 14:23:46,854 - easytorch-training - INFO - The estimated training finish time is 2026-01-25 23:10:15
2026-01-25 14:23:46,854 - easytorch-training - INFO - Epoch 66 / 300
2026-01-25 14:25:53,966 - easytorch-training - INFO - Result <train>: [train_time: 127.11 (s), lr: 1.25e-04, train_MAE: 13.0328, train_RMSE: 21.9414, train_MAPE: 8.7136]
2026-01-25 14:25:53,968 - easytorch-training - INFO - Start validation.
2026-01-25 14:26:09,508 - easytorch-training - INFO - Result <val>: [val_time: 15.54 (s), val_MAE: 13.6216, val_RMSE: 22.7641, val_MAPE: 9.9484]
2026-01-25 14:26:23,339 - easytorch-training - INFO - Evaluate best model on test data for horizon 1, Test MAE: 11.7931, Test RMSE: 19.1843, Test MAPE: 7.6710
2026-01-25 14:26:23,353 - easytorch-training - INFO - Evaluate best model on test data for horizon 2, Test MAE: 12.3245, Test RMSE: 20.3708, Test MAPE: 7.9652
2026-01-25 14:26:23,366 - easytorch-training - INFO - Evaluate best model on test data for horizon 3, Test MAE: 12.7298, Test RMSE: 21.3099, Test MAPE: 8.2308
2026-01-25 14:26:23,375 - easytorch-training - INFO - Evaluate best model on test data for horizon 4, Test MAE: 13.1070, Test RMSE: 22.1693, Test MAPE: 8.5430
2026-01-25 14:26:23,389 - easytorch-training - INFO - Evaluate best model on test data for horizon 5, Test MAE: 13.3849, Test RMSE: 22.8948, Test MAPE: 8.6636
2026-01-25 14:26:23,405 - easytorch-training - INFO - Evaluate best model on test data for horizon 6, Test MAE: 13.6843, Test RMSE: 23.5300, Test MAPE: 8.9167
2026-01-25 14:26:23,421 - easytorch-training - INFO - Evaluate best model on test data for horizon 7, Test MAE: 13.9508, Test RMSE: 24.0295, Test MAPE: 9.0929
2026-01-25 14:26:23,437 - easytorch-training - INFO - Evaluate best model on test data for horizon 8, Test MAE: 14.1402, Test RMSE: 24.4551, Test MAPE: 9.1631
2026-01-25 14:26:23,447 - easytorch-training - INFO - Evaluate best model on test data for horizon 9, Test MAE: 14.3623, Test RMSE: 24.8545, Test MAPE: 9.3141
2026-01-25 14:26:23,457 - easytorch-training - INFO - Evaluate best model on test data for horizon 10, Test MAE: 14.5419, Test RMSE: 25.1390, Test MAPE: 9.4703
2026-01-25 14:26:23,473 - easytorch-training - INFO - Evaluate best model on test data for horizon 11, Test MAE: 14.7110, Test RMSE: 25.4039, Test MAPE: 9.6012
2026-01-25 14:26:23,488 - easytorch-training - INFO - Evaluate best model on test data for horizon 12, Test MAE: 14.9083, Test RMSE: 25.6870, Test MAPE: 9.8158
2026-01-25 14:26:23,508 - easytorch-training - INFO - Result <test>: [test_time: 14.00 (s), test_MAE: 13.6365, test_RMSE: 23.3395, test_MAPE: 8.8706]
2026-01-25 14:26:23,851 - easytorch-training - INFO - Checkpoint checkpoints/STMAFNet_300/21afeca3ffc10cdf4e90589d029b0e70/STMAFNet_066.pt saved
2026-01-25 14:26:23,852 - easytorch-training - INFO - The estimated training finish time is 2026-01-25 23:11:57
2026-01-25 14:26:23,852 - easytorch-training - INFO - Epoch 67 / 300
2026-01-25 14:28:23,306 - easytorch-training - INFO - Result <train>: [train_time: 119.45 (s), lr: 1.25e-04, train_MAE: 13.0225, train_RMSE: 21.9305, train_MAPE: 8.7024]
2026-01-25 14:28:23,307 - easytorch-training - INFO - Start validation.
2026-01-25 14:28:39,255 - easytorch-training - INFO - Result <val>: [val_time: 15.95 (s), val_MAE: 13.6325, val_RMSE: 22.8327, val_MAPE: 10.1239]
2026-01-25 14:28:54,550 - easytorch-training - INFO - Evaluate best model on test data for horizon 1, Test MAE: 11.7620, Test RMSE: 19.1255, Test MAPE: 7.7902
2026-01-25 14:28:54,566 - easytorch-training - INFO - Evaluate best model on test data for horizon 2, Test MAE: 12.2852, Test RMSE: 20.3214, Test MAPE: 7.9573
2026-01-25 14:28:54,580 - easytorch-training - INFO - Evaluate best model on test data for horizon 3, Test MAE: 12.7262, Test RMSE: 21.3024, Test MAPE: 8.2310
2026-01-25 14:28:54,591 - easytorch-training - INFO - Evaluate best model on test data for horizon 4, Test MAE: 13.0762, Test RMSE: 22.1031, Test MAPE: 8.4260
2026-01-25 14:28:54,606 - easytorch-training - INFO - Evaluate best model on test data for horizon 5, Test MAE: 13.3953, Test RMSE: 22.8081, Test MAPE: 8.6190
2026-01-25 14:28:54,622 - easytorch-training - INFO - Evaluate best model on test data for horizon 6, Test MAE: 13.6683, Test RMSE: 23.4299, Test MAPE: 8.8838
2026-01-25 14:28:54,638 - easytorch-training - INFO - Evaluate best model on test data for horizon 7, Test MAE: 13.9113, Test RMSE: 23.9068, Test MAPE: 8.9206
2026-01-25 14:28:54,650 - easytorch-training - INFO - Evaluate best model on test data for horizon 8, Test MAE: 14.1516, Test RMSE: 24.4234, Test MAPE: 9.1476
2026-01-25 14:28:54,664 - easytorch-training - INFO - Evaluate best model on test data for horizon 9, Test MAE: 14.3427, Test RMSE: 24.7656, Test MAPE: 9.5888
2026-01-25 14:28:54,675 - easytorch-training - INFO - Evaluate best model on test data for horizon 10, Test MAE: 14.5157, Test RMSE: 25.1008, Test MAPE: 9.4837
2026-01-25 14:28:54,684 - easytorch-training - INFO - Evaluate best model on test data for horizon 11, Test MAE: 14.7006, Test RMSE: 25.3586, Test MAPE: 9.8812
2026-01-25 14:28:54,700 - easytorch-training - INFO - Evaluate best model on test data for horizon 12, Test MAE: 14.8651, Test RMSE: 25.6118, Test MAPE: 9.8849
2026-01-25 14:28:54,719 - easytorch-training - INFO - Result <test>: [test_time: 15.46 (s), test_MAE: 13.6167, test_RMSE: 23.2750, test_MAPE: 8.9012]
2026-01-25 14:28:55,066 - easytorch-training - INFO - Checkpoint checkpoints/STMAFNet_300/21afeca3ffc10cdf4e90589d029b0e70/STMAFNet_067.pt saved
2026-01-25 14:28:55,066 - easytorch-training - INFO - The estimated training finish time is 2026-01-25 23:13:11
2026-01-25 14:28:55,066 - easytorch-training - INFO - Epoch 68 / 300
2026-01-25 14:31:01,299 - easytorch-training - INFO - Result <train>: [train_time: 126.23 (s), lr: 1.25e-04, train_MAE: 13.0062, train_RMSE: 21.8993, train_MAPE: 8.6982]
2026-01-25 14:31:01,301 - easytorch-training - INFO - Start validation.
2026-01-25 14:31:17,557 - easytorch-training - INFO - Result <val>: [val_time: 16.26 (s), val_MAE: 13.5878, val_RMSE: 22.8107, val_MAPE: 9.9708]
2026-01-25 14:31:18,157 - easytorch-training - INFO - Checkpoint checkpoints/STMAFNet_300/21afeca3ffc10cdf4e90589d029b0e70/STMAFNet_best_val_MAE.pt saved
2026-01-25 14:31:33,804 - easytorch-training - INFO - Evaluate best model on test data for horizon 1, Test MAE: 11.7428, Test RMSE: 19.1314, Test MAPE: 7.6264
2026-01-25 14:31:33,824 - easytorch-training - INFO - Evaluate best model on test data for horizon 2, Test MAE: 12.2804, Test RMSE: 20.3167, Test MAPE: 7.9354
2026-01-25 14:31:33,843 - easytorch-training - INFO - Evaluate best model on test data for horizon 3, Test MAE: 12.6899, Test RMSE: 21.2428, Test MAPE: 8.2065
2026-01-25 14:31:33,863 - easytorch-training - INFO - Evaluate best model on test data for horizon 4, Test MAE: 13.0316, Test RMSE: 22.0398, Test MAPE: 8.4101
2026-01-25 14:31:33,883 - easytorch-training - INFO - Evaluate best model on test data for horizon 5, Test MAE: 13.3349, Test RMSE: 22.7503, Test MAPE: 8.6011
2026-01-25 14:31:33,899 - easytorch-training - INFO - Evaluate best model on test data for horizon 6, Test MAE: 13.6150, Test RMSE: 23.3786, Test MAPE: 8.8094
2026-01-25 14:31:33,920 - easytorch-training - INFO - Evaluate best model on test data for horizon 7, Test MAE: 13.8463, Test RMSE: 23.8301, Test MAPE: 8.9647
2026-01-25 14:31:33,936 - easytorch-training - INFO - Evaluate best model on test data for horizon 8, Test MAE: 14.0875, Test RMSE: 24.3011, Test MAPE: 9.1009
2026-01-25 14:31:33,951 - easytorch-training - INFO - Evaluate best model on test data for horizon 9, Test MAE: 14.2652, Test RMSE: 24.6252, Test MAPE: 9.2255
2026-01-25 14:31:33,969 - easytorch-training - INFO - Evaluate best model on test data for horizon 10, Test MAE: 14.4768, Test RMSE: 24.9406, Test MAPE: 9.3816
2026-01-25 14:31:33,988 - easytorch-training - INFO - Evaluate best model on test data for horizon 11, Test MAE: 14.6681, Test RMSE: 25.2576, Test MAPE: 9.8096
2026-01-25 14:31:33,998 - easytorch-training - INFO - Evaluate best model on test data for horizon 12, Test MAE: 14.8300, Test RMSE: 25.5477, Test MAPE: 9.7230
2026-01-25 14:31:34,010 - easytorch-training - INFO - Result <test>: [test_time: 15.85 (s), test_MAE: 13.5724, test_RMSE: 23.1973, test_MAPE: 8.8162]
2026-01-25 14:31:34,368 - easytorch-training - INFO - Checkpoint checkpoints/STMAFNet_300/21afeca3ffc10cdf4e90589d029b0e70/STMAFNet_068.pt saved
2026-01-25 14:31:34,369 - easytorch-training - INFO - The estimated training finish time is 2026-01-25 23:14:58
2026-01-25 14:31:34,369 - easytorch-training - INFO - Epoch 69 / 300
2026-01-25 14:33:36,909 - easytorch-training - INFO - Result <train>: [train_time: 122.54 (s), lr: 1.25e-04, train_MAE: 12.9918, train_RMSE: 21.8782, train_MAPE: 8.6796]
2026-01-25 14:33:36,919 - easytorch-training - INFO - Start validation.
2026-01-25 14:33:52,388 - easytorch-training - INFO - Result <val>: [val_time: 15.47 (s), val_MAE: 13.5943, val_RMSE: 22.7972, val_MAPE: 10.1426]
2026-01-25 14:34:06,857 - easytorch-training - INFO - Evaluate best model on test data for horizon 1, Test MAE: 11.7764, Test RMSE: 19.1577, Test MAPE: 7.7248
2026-01-25 14:34:06,867 - easytorch-training - INFO - Evaluate best model on test data for horizon 2, Test MAE: 12.3118, Test RMSE: 20.3618, Test MAPE: 8.1026
2026-01-25 14:34:06,879 - easytorch-training - INFO - Evaluate best model on test data for horizon 3, Test MAE: 12.7193, Test RMSE: 21.3119, Test MAPE: 8.2467
2026-01-25 14:34:06,894 - easytorch-training - INFO - Evaluate best model on test data for horizon 4, Test MAE: 13.0681, Test RMSE: 22.1238, Test MAPE: 8.4994
2026-01-25 14:34:06,909 - easytorch-training - INFO - Evaluate best model on test data for horizon 5, Test MAE: 13.3711, Test RMSE: 22.8085, Test MAPE: 8.7370
2026-01-25 14:34:06,924 - easytorch-training - INFO - Evaluate best model on test data for horizon 6, Test MAE: 13.6611, Test RMSE: 23.4124, Test MAPE: 9.1133
2026-01-25 14:34:06,939 - easytorch-training - INFO - Evaluate best model on test data for horizon 7, Test MAE: 13.8592, Test RMSE: 23.9077, Test MAPE: 9.1341
2026-01-25 14:34:06,950 - easytorch-training - INFO - Evaluate best model on test data for horizon 8, Test MAE: 14.1158, Test RMSE: 24.3950, Test MAPE: 9.1232
2026-01-25 14:34:06,959 - easytorch-training - INFO - Evaluate best model on test data for horizon 9, Test MAE: 14.3068, Test RMSE: 24.7477, Test MAPE: 9.2393
2026-01-25 14:34:06,972 - easytorch-training - INFO - Evaluate best model on test data for horizon 10, Test MAE: 14.4956, Test RMSE: 25.0623, Test MAPE: 9.3781
2026-01-25 14:34:06,988 - easytorch-training - INFO - Evaluate best model on test data for horizon 11, Test MAE: 14.6545, Test RMSE: 25.3266, Test MAPE: 9.4930
2026-01-25 14:34:07,002 - easytorch-training - INFO - Evaluate best model on test data for horizon 12, Test MAE: 14.8399, Test RMSE: 25.5630, Test MAPE: 9.7511
2026-01-25 14:34:07,016 - easytorch-training - INFO - Result <test>: [test_time: 14.63 (s), test_MAE: 13.5983, test_RMSE: 23.2662, test_MAPE: 8.8785]
2026-01-25 14:34:07,394 - easytorch-training - INFO - Checkpoint checkpoints/STMAFNet_300/21afeca3ffc10cdf4e90589d029b0e70/STMAFNet_069.pt saved
2026-01-25 14:34:07,395 - easytorch-training - INFO - The estimated training finish time is 2026-01-25 23:16:15
2026-01-25 14:34:07,395 - easytorch-training - INFO - Epoch 70 / 300
2026-01-25 14:36:10,209 - easytorch-training - INFO - Result <train>: [train_time: 122.81 (s), lr: 1.25e-04, train_MAE: 12.9701, train_RMSE: 21.8480, train_MAPE: 8.6811]
2026-01-25 14:36:10,211 - easytorch-training - INFO - Start validation.
2026-01-25 14:36:26,986 - easytorch-training - INFO - Result <val>: [val_time: 16.77 (s), val_MAE: 13.6136, val_RMSE: 22.8286, val_MAPE: 10.1871]
2026-01-25 14:36:42,666 - easytorch-training - INFO - Evaluate best model on test data for horizon 1, Test MAE: 11.7612, Test RMSE: 19.1450, Test MAPE: 7.7918
2026-01-25 14:36:42,681 - easytorch-training - INFO - Evaluate best model on test data for horizon 2, Test MAE: 12.2989, Test RMSE: 20.3288, Test MAPE: 8.0197
2026-01-25 14:36:42,697 - easytorch-training - INFO - Evaluate best model on test data for horizon 3, Test MAE: 12.7303, Test RMSE: 21.2547, Test MAPE: 8.3362
2026-01-25 14:36:42,712 - easytorch-training - INFO - Evaluate best model on test data for horizon 4, Test MAE: 13.0602, Test RMSE: 22.0453, Test MAPE: 8.5957
2026-01-25 14:36:42,721 - easytorch-training - INFO - Evaluate best model on test data for horizon 5, Test MAE: 13.3431, Test RMSE: 22.7374, Test MAPE: 8.6962
2026-01-25 14:36:42,730 - easytorch-training - INFO - Evaluate best model on test data for horizon 6, Test MAE: 13.6294, Test RMSE: 23.3561, Test MAPE: 8.8805
2026-01-25 14:36:42,739 - easytorch-training - INFO - Evaluate best model on test data for horizon 7, Test MAE: 13.8892, Test RMSE: 23.8915, Test MAPE: 8.9541
2026-01-25 14:36:42,754 - easytorch-training - INFO - Evaluate best model on test data for horizon 8, Test MAE: 14.1148, Test RMSE: 24.3295, Test MAPE: 9.2939
2026-01-25 14:36:42,770 - easytorch-training - INFO - Evaluate best model on test data for horizon 9, Test MAE: 14.3319, Test RMSE: 24.7087, Test MAPE: 9.2679
2026-01-25 14:36:42,785 - easytorch-training - INFO - Evaluate best model on test data for horizon 10, Test MAE: 14.4909, Test RMSE: 25.0143, Test MAPE: 9.3687
2026-01-25 14:36:42,797 - easytorch-training - INFO - Evaluate best model on test data for horizon 11, Test MAE: 14.6296, Test RMSE: 25.2568, Test MAPE: 9.4733
2026-01-25 14:36:42,806 - easytorch-training - INFO - Evaluate best model on test data for horizon 12, Test MAE: 14.8581, Test RMSE: 25.5801, Test MAPE: 9.6994
2026-01-25 14:36:42,823 - easytorch-training - INFO - Result <test>: [test_time: 15.83 (s), test_MAE: 13.5948, test_RMSE: 23.2222, test_MAPE: 8.8648]
2026-01-25 14:36:43,168 - easytorch-training - INFO - Checkpoint checkpoints/STMAFNet_300/21afeca3ffc10cdf4e90589d029b0e70/STMAFNet_070.pt saved
2026-01-25 14:36:43,223 - easytorch-training - INFO - The estimated training finish time is 2026-01-25 23:17:41
2026-01-25 14:36:43,223 - easytorch-training - INFO - Epoch 71 / 300
2026-01-25 14:38:49,573 - easytorch-training - INFO - Result <train>: [train_time: 126.35 (s), lr: 1.25e-04, train_MAE: 12.9643, train_RMSE: 21.8348, train_MAPE: 8.6717]
2026-01-25 14:38:49,575 - easytorch-training - INFO - Start validation.
2026-01-25 14:39:05,826 - easytorch-training - INFO - Result <val>: [val_time: 16.25 (s), val_MAE: 13.5679, val_RMSE: 22.8138, val_MAPE: 10.0421]
2026-01-25 14:39:06,559 - easytorch-training - INFO - Checkpoint checkpoints/STMAFNet_300/21afeca3ffc10cdf4e90589d029b0e70/STMAFNet_best_val_MAE.pt saved
2026-01-25 14:39:22,174 - easytorch-training - INFO - Evaluate best model on test data for horizon 1, Test MAE: 11.7462, Test RMSE: 19.1471, Test MAPE: 7.6520
2026-01-25 14:39:22,189 - easytorch-training - INFO - Evaluate best model on test data for horizon 2, Test MAE: 12.2505, Test RMSE: 20.2877, Test MAPE: 8.0376
2026-01-25 14:39:22,202 - easytorch-training - INFO - Evaluate best model on test data for horizon 3, Test MAE: 12.6763, Test RMSE: 21.2413, Test MAPE: 8.2560
2026-01-25 14:39:22,211 - easytorch-training - INFO - Evaluate best model on test data for horizon 4, Test MAE: 13.0295, Test RMSE: 22.0580, Test MAPE: 8.4612
2026-01-25 14:39:22,222 - easytorch-training - INFO - Evaluate best model on test data for horizon 5, Test MAE: 13.3442, Test RMSE: 22.7406, Test MAPE: 8.6048
2026-01-25 14:39:22,238 - easytorch-training - INFO - Evaluate best model on test data for horizon 6, Test MAE: 13.6095, Test RMSE: 23.2981, Test MAPE: 8.8162
2026-01-25 14:39:22,253 - easytorch-training - INFO - Evaluate best model on test data for horizon 7, Test MAE: 13.8501, Test RMSE: 23.7669, Test MAPE: 9.0154
2026-01-25 14:39:22,268 - easytorch-training - INFO - Evaluate best model on test data for horizon 8, Test MAE: 14.0855, Test RMSE: 24.2387, Test MAPE: 9.1359
2026-01-25 14:39:22,279 - easytorch-training - INFO - Evaluate best model on test data for horizon 9, Test MAE: 14.2653, Test RMSE: 24.5716, Test MAPE: 9.3027
2026-01-25 14:39:22,292 - easytorch-training - INFO - Evaluate best model on test data for horizon 10, Test MAE: 14.4519, Test RMSE: 24.9097, Test MAPE: 9.4509
2026-01-25 14:39:22,307 - easytorch-training - INFO - Evaluate best model on test data for horizon 11, Test MAE: 14.6171, Test RMSE: 25.1596, Test MAPE: 9.5844
2026-01-25 14:39:22,323 - easytorch-training - INFO - Evaluate best model on test data for horizon 12, Test MAE: 14.8055, Test RMSE: 25.4248, Test MAPE: 9.7062
2026-01-25 14:39:22,341 - easytorch-training - INFO - Result <test>: [test_time: 15.78 (s), test_MAE: 13.5609, test_RMSE: 23.1516, test_MAPE: 8.8353]
2026-01-25 14:39:22,714 - easytorch-training - INFO - Checkpoint checkpoints/STMAFNet_300/21afeca3ffc10cdf4e90589d029b0e70/STMAFNet_071.pt saved
2026-01-25 14:39:22,715 - easytorch-training - INFO - The estimated training finish time is 2026-01-25 23:19:21
2026-01-25 14:39:22,715 - easytorch-training - INFO - Epoch 72 / 300
2026-01-25 14:41:21,945 - easytorch-training - INFO - Result <train>: [train_time: 119.23 (s), lr: 1.25e-04, train_MAE: 12.9512, train_RMSE: 21.8210, train_MAPE: 8.6601]
2026-01-25 14:41:21,947 - easytorch-training - INFO - Start validation.
2026-01-25 14:41:37,047 - easytorch-training - INFO - Result <val>: [val_time: 15.10 (s), val_MAE: 13.6017, val_RMSE: 22.8175, val_MAPE: 10.2104]
2026-01-25 14:41:52,337 - easytorch-training - INFO - Evaluate best model on test data for horizon 1, Test MAE: 11.7939, Test RMSE: 19.1665, Test MAPE: 8.0535
2026-01-25 14:41:52,356 - easytorch-training - INFO - Evaluate best model on test data for horizon 2, Test MAE: 12.2990, Test RMSE: 20.3198, Test MAPE: 8.2719
2026-01-25 14:41:52,375 - easytorch-training - INFO - Evaluate best model on test data for horizon 3, Test MAE: 12.7010, Test RMSE: 21.2554, Test MAPE: 8.5199
2026-01-25 14:41:52,391 - easytorch-training - INFO - Evaluate best model on test data for horizon 4, Test MAE: 13.0955, Test RMSE: 22.0730, Test MAPE: 8.7336
2026-01-25 14:41:52,407 - easytorch-training - INFO - Evaluate best model on test data for horizon 5, Test MAE: 13.3594, Test RMSE: 22.7461, Test MAPE: 8.7863
2026-01-25 14:41:52,420 - easytorch-training - INFO - Evaluate best model on test data for horizon 6, Test MAE: 13.6157, Test RMSE: 23.3476, Test MAPE: 8.9076
2026-01-25 14:41:52,435 - easytorch-training - INFO - Evaluate best model on test data for horizon 7, Test MAE: 13.8470, Test RMSE: 23.8263, Test MAPE: 9.0177
2026-01-25 14:41:52,454 - easytorch-training - INFO - Evaluate best model on test data for horizon 8, Test MAE: 14.1038, Test RMSE: 24.2876, Test MAPE: 9.2723
2026-01-25 14:41:52,475 - easytorch-training - INFO - Evaluate best model on test data for horizon 9, Test MAE: 14.2824, Test RMSE: 24.6385, Test MAPE: 9.3049
2026-01-25 14:41:52,494 - easytorch-training - INFO - Evaluate best model on test data for horizon 10, Test MAE: 14.4738, Test RMSE: 24.9259, Test MAPE: 9.4464
2026-01-25 14:41:52,509 - easytorch-training - INFO - Evaluate best model on test data for horizon 11, Test MAE: 14.6376, Test RMSE: 25.2169, Test MAPE: 9.5686
2026-01-25 14:41:52,523 - easytorch-training - INFO - Evaluate best model on test data for horizon 12, Test MAE: 14.8326, Test RMSE: 25.4744, Test MAPE: 9.7680
2026-01-25 14:41:52,547 - easytorch-training - INFO - Result <test>: [test_time: 15.50 (s), test_MAE: 13.5868, test_RMSE: 23.1886, test_MAPE: 8.9709]
2026-01-25 14:41:52,977 - easytorch-training - INFO - Checkpoint checkpoints/STMAFNet_300/21afeca3ffc10cdf4e90589d029b0e70/STMAFNet_072.pt saved
2026-01-25 14:41:52,978 - easytorch-training - INFO - The estimated training finish time is 2026-01-25 23:20:20
2026-01-25 14:41:52,978 - easytorch-training - INFO - Epoch 73 / 300
2026-01-25 14:44:00,244 - easytorch-training - INFO - Result <train>: [train_time: 127.27 (s), lr: 6.25e-05, train_MAE: 12.8780, train_RMSE: 21.7254, train_MAPE: 8.5910]
2026-01-25 14:44:00,246 - easytorch-training - INFO - Start validation.
2026-01-25 14:44:16,314 - easytorch-training - INFO - Result <val>: [val_time: 16.07 (s), val_MAE: 13.5625, val_RMSE: 22.8242, val_MAPE: 9.8957]
2026-01-25 14:44:16,882 - easytorch-training - INFO - Checkpoint checkpoints/STMAFNet_300/21afeca3ffc10cdf4e90589d029b0e70/STMAFNet_best_val_MAE.pt saved
2026-01-25 14:44:31,832 - easytorch-training - INFO - Evaluate best model on test data for horizon 1, Test MAE: 11.7299, Test RMSE: 19.1203, Test MAPE: 7.7249
2026-01-25 14:44:31,848 - easytorch-training - INFO - Evaluate best model on test data for horizon 2, Test MAE: 12.2812, Test RMSE: 20.3067, Test MAPE: 8.0535
2026-01-25 14:44:31,864 - easytorch-training - INFO - Evaluate best model on test data for horizon 3, Test MAE: 12.6832, Test RMSE: 21.2650, Test MAPE: 8.1859
2026-01-25 14:44:31,872 - easytorch-training - INFO - Evaluate best model on test data for horizon 4, Test MAE: 13.0764, Test RMSE: 22.0990, Test MAPE: 8.4204
2026-01-25 14:44:31,874 - easytorch-training - INFO - Evaluate best model on test data for horizon 5, Test MAE: 13.3539, Test RMSE: 22.7808, Test MAPE: 8.7967
2026-01-25 14:44:31,883 - easytorch-training - INFO - Evaluate best model on test data for horizon 6, Test MAE: 13.5943, Test RMSE: 23.3908, Test MAPE: 8.7916
2026-01-25 14:44:31,899 - easytorch-training - INFO - Evaluate best model on test data for horizon 7, Test MAE: 13.8345, Test RMSE: 23.8637, Test MAPE: 8.9216
2026-01-25 14:44:31,915 - easytorch-training - INFO - Evaluate best model on test data for horizon 8, Test MAE: 14.0799, Test RMSE: 24.3633, Test MAPE: 9.1081
2026-01-25 14:44:31,931 - easytorch-training - INFO - Evaluate best model on test data for horizon 9, Test MAE: 14.2695, Test RMSE: 24.7294, Test MAPE: 9.1907
2026-01-25 14:44:31,947 - easytorch-training - INFO - Evaluate best model on test data for horizon 10, Test MAE: 14.4533, Test RMSE: 25.0468, Test MAPE: 9.4357
2026-01-25 14:44:31,963 - easytorch-training - INFO - Evaluate best model on test data for horizon 11, Test MAE: 14.6158, Test RMSE: 25.2925, Test MAPE: 9.4848
2026-01-25 14:44:31,975 - easytorch-training - INFO - Evaluate best model on test data for horizon 12, Test MAE: 14.8085, Test RMSE: 25.5563, Test MAPE: 9.5813
2026-01-25 14:44:31,988 - easytorch-training - INFO - Result <test>: [test_time: 15.10 (s), test_MAE: 13.5650, test_RMSE: 23.2368, test_MAPE: 8.8079]
2026-01-25 14:44:32,337 - easytorch-training - INFO - Checkpoint checkpoints/STMAFNet_300/21afeca3ffc10cdf4e90589d029b0e70/STMAFNet_073.pt saved
2026-01-25 14:44:32,338 - easytorch-training - INFO - The estimated training finish time is 2026-01-25 23:21:54
2026-01-25 14:44:32,338 - easytorch-training - INFO - Epoch 74 / 300
2026-01-25 14:46:49,439 - easytorch-training - INFO - Result <train>: [train_time: 137.10 (s), lr: 6.25e-05, train_MAE: 12.8561, train_RMSE: 21.6942, train_MAPE: 8.5702]
2026-01-25 14:46:49,440 - easytorch-training - INFO - Start validation.
2026-01-25 14:47:10,297 - easytorch-training - INFO - Result <val>: [val_time: 20.86 (s), val_MAE: 13.5425, val_RMSE: 22.8035, val_MAPE: 10.3650]
2026-01-25 14:47:10,954 - easytorch-training - INFO - Checkpoint checkpoints/STMAFNet_300/21afeca3ffc10cdf4e90589d029b0e70/STMAFNet_best_val_MAE.pt saved
2026-01-25 14:47:29,653 - easytorch-training - INFO - Evaluate best model on test data for horizon 1, Test MAE: 11.7246, Test RMSE: 19.1424, Test MAPE: 8.1640
2026-01-25 14:47:29,668 - easytorch-training - INFO - Evaluate best model on test data for horizon 2, Test MAE: 12.2454, Test RMSE: 20.3237, Test MAPE: 8.2251
2026-01-25 14:47:29,678 - easytorch-training - INFO - Evaluate best model on test data for horizon 3, Test MAE: 12.6926, Test RMSE: 21.2943, Test MAPE: 8.8272
2026-01-25 14:47:29,697 - easytorch-training - INFO - Evaluate best model on test data for horizon 4, Test MAE: 13.0376, Test RMSE: 22.1138, Test MAPE: 8.8589
2026-01-25 14:47:29,719 - easytorch-training - INFO - Evaluate best model on test data for horizon 5, Test MAE: 13.3292, Test RMSE: 22.8077, Test MAPE: 8.9905
2026-01-25 14:47:29,741 - easytorch-training - INFO - Evaluate best model on test data for horizon 6, Test MAE: 13.6170, Test RMSE: 23.4172, Test MAPE: 9.4411
2026-01-25 14:47:29,762 - easytorch-training - INFO - Evaluate best model on test data for horizon 7, Test MAE: 13.8540, Test RMSE: 23.9075, Test MAPE: 9.4668
2026-01-25 14:47:29,784 - easytorch-training - INFO - Evaluate best model on test data for horizon 8, Test MAE: 14.0812, Test RMSE: 24.3899, Test MAPE: 9.5431
2026-01-25 14:47:29,806 - easytorch-training - INFO - Evaluate best model on test data for horizon 9, Test MAE: 14.2652, Test RMSE: 24.7448, Test MAPE: 9.5659
2026-01-25 14:47:29,823 - easytorch-training - INFO - Evaluate best model on test data for horizon 10, Test MAE: 14.4751, Test RMSE: 25.0797, Test MAPE: 9.8812
2026-01-25 14:47:29,841 - easytorch-training - INFO - Evaluate best model on test data for horizon 11, Test MAE: 14.6332, Test RMSE: 25.3289, Test MAPE: 10.0403
2026-01-25 14:47:29,860 - easytorch-training - INFO - Evaluate best model on test data for horizon 12, Test MAE: 14.8004, Test RMSE: 25.5586, Test MAPE: 10.0375
2026-01-25 14:47:29,883 - easytorch-training - INFO - Result <test>: [test_time: 18.92 (s), test_MAE: 13.5630, test_RMSE: 23.2613, test_MAPE: 9.2535]
2026-01-25 14:47:30,229 - easytorch-training - INFO - Checkpoint checkpoints/STMAFNet_300/21afeca3ffc10cdf4e90589d029b0e70/STMAFNet_074.pt saved
2026-01-25 14:47:30,230 - easytorch-training - INFO - The estimated training finish time is 2026-01-25 23:24:41
2026-01-25 14:47:30,230 - easytorch-training - INFO - Epoch 75 / 300
2026-01-25 14:49:37,943 - easytorch-training - INFO - Result <train>: [train_time: 127.71 (s), lr: 6.25e-05, train_MAE: 12.8443, train_RMSE: 21.6916, train_MAPE: 8.5613]
2026-01-25 14:49:37,944 - easytorch-training - INFO - Start validation.
2026-01-25 14:49:52,099 - easytorch-training - INFO - Result <val>: [val_time: 14.15 (s), val_MAE: 13.5145, val_RMSE: 22.7900, val_MAPE: 10.1207]
2026-01-25 14:49:52,761 - easytorch-training - INFO - Checkpoint checkpoints/STMAFNet_300/21afeca3ffc10cdf4e90589d029b0e70/STMAFNet_best_val_MAE.pt saved
2026-01-25 14:50:05,715 - easytorch-training - INFO - Evaluate best model on test data for horizon 1, Test MAE: 11.7026, Test RMSE: 19.1174, Test MAPE: 7.6755
2026-01-25 14:50:05,723 - easytorch-training - INFO - Evaluate best model on test data for horizon 2, Test MAE: 12.2200, Test RMSE: 20.2952, Test MAPE: 8.0261
2026-01-25 14:50:05,731 - easytorch-training - INFO - Evaluate best model on test data for horizon 3, Test MAE: 12.6577, Test RMSE: 21.2376, Test MAPE: 8.3453
2026-01-25 14:50:05,742 - easytorch-training - INFO - Evaluate best model on test data for horizon 4, Test MAE: 13.0014, Test RMSE: 22.0257, Test MAPE: 8.5211
2026-01-25 14:50:05,750 - easytorch-training - INFO - Evaluate best model on test data for horizon 5, Test MAE: 13.2881, Test RMSE: 22.7165, Test MAPE: 8.6386
2026-01-25 14:50:05,758 - easytorch-training - INFO - Evaluate best model on test data for horizon 6, Test MAE: 13.5596, Test RMSE: 23.3183, Test MAPE: 8.9930
2026-01-25 14:50:05,772 - easytorch-training - INFO - Evaluate best model on test data for horizon 7, Test MAE: 13.8016, Test RMSE: 23.8188, Test MAPE: 8.9468
2026-01-25 14:50:05,785 - easytorch-training - INFO - Evaluate best model on test data for horizon 8, Test MAE: 14.0404, Test RMSE: 24.3052, Test MAPE: 9.1271
2026-01-25 14:50:05,799 - easytorch-training - INFO - Evaluate best model on test data for horizon 9, Test MAE: 14.2383, Test RMSE: 24.6625, Test MAPE: 9.2729
2026-01-25 14:50:05,817 - easytorch-training - INFO - Evaluate best model on test data for horizon 10, Test MAE: 14.4144, Test RMSE: 24.9962, Test MAPE: 9.4546
2026-01-25 14:50:05,827 - easytorch-training - INFO - Evaluate best model on test data for horizon 11, Test MAE: 14.5977, Test RMSE: 25.3116, Test MAPE: 9.5776
2026-01-25 14:50:05,841 - easytorch-training - INFO - Evaluate best model on test data for horizon 12, Test MAE: 14.7790, Test RMSE: 25.5575, Test MAPE: 9.6261
2026-01-25 14:50:05,858 - easytorch-training - INFO - Result <test>: [test_time: 13.10 (s), test_MAE: 13.5251, test_RMSE: 23.1990, test_MAPE: 8.8504]
2026-01-25 14:50:06,200 - easytorch-training - INFO - Checkpoint checkpoints/STMAFNet_300/21afeca3ffc10cdf4e90589d029b0e70/STMAFNet_075.pt saved
2026-01-25 14:50:06,201 - easytorch-training - INFO - The estimated training finish time is 2026-01-25 23:25:55
2026-01-25 14:50:06,201 - easytorch-training - INFO - Epoch 76 / 300
2026-01-25 14:51:53,422 - easytorch-training - INFO - Result <train>: [train_time: 107.22 (s), lr: 6.25e-05, train_MAE: 12.8329, train_RMSE: 21.6754, train_MAPE: 8.5574]
2026-01-25 14:51:53,424 - easytorch-training - INFO - Start validation.
2026-01-25 14:52:07,588 - easytorch-training - INFO - Result <val>: [val_time: 14.16 (s), val_MAE: 13.5365, val_RMSE: 22.7762, val_MAPE: 10.0047]
2026-01-25 14:52:20,198 - easytorch-training - INFO - Evaluate best model on test data for horizon 1, Test MAE: 11.7219, Test RMSE: 19.1230, Test MAPE: 7.5972
2026-01-25 14:52:20,206 - easytorch-training - INFO - Evaluate best model on test data for horizon 2, Test MAE: 12.2387, Test RMSE: 20.3122, Test MAPE: 7.9144
2026-01-25 14:52:20,216 - easytorch-training - INFO - Evaluate best model on test data for horizon 3, Test MAE: 12.6990, Test RMSE: 21.2673, Test MAPE: 8.1978
2026-01-25 14:52:20,230 - easytorch-training - INFO - Evaluate best model on test data for horizon 4, Test MAE: 13.0160, Test RMSE: 22.0696, Test MAPE: 8.4029
2026-01-25 14:52:20,244 - easytorch-training - INFO - Evaluate best model on test data for horizon 5, Test MAE: 13.3342, Test RMSE: 22.7792, Test MAPE: 8.6375
2026-01-25 14:52:20,257 - easytorch-training - INFO - Evaluate best model on test data for horizon 6, Test MAE: 13.5873, Test RMSE: 23.3627, Test MAPE: 8.7737
2026-01-25 14:52:20,270 - easytorch-training - INFO - Evaluate best model on test data for horizon 7, Test MAE: 13.8382, Test RMSE: 23.8697, Test MAPE: 8.9417
2026-01-25 14:52:20,278 - easytorch-training - INFO - Evaluate best model on test data for horizon 8, Test MAE: 14.0426, Test RMSE: 24.3088, Test MAPE: 9.1460
2026-01-25 14:52:20,286 - easytorch-training - INFO - Evaluate best model on test data for horizon 9, Test MAE: 14.2351, Test RMSE: 24.6777, Test MAPE: 9.1524
2026-01-25 14:52:20,293 - easytorch-training - INFO - Evaluate best model on test data for horizon 10, Test MAE: 14.4181, Test RMSE: 25.0031, Test MAPE: 9.2802
2026-01-25 14:52:20,307 - easytorch-training - INFO - Evaluate best model on test data for horizon 11, Test MAE: 14.5926, Test RMSE: 25.2713, Test MAPE: 9.4759
2026-01-25 14:52:20,321 - easytorch-training - INFO - Evaluate best model on test data for horizon 12, Test MAE: 14.7828, Test RMSE: 25.5238, Test MAPE: 9.5630
2026-01-25 14:52:20,339 - easytorch-training - INFO - Result <test>: [test_time: 12.75 (s), test_MAE: 13.5422, test_RMSE: 23.2151, test_MAPE: 8.7569]
2026-01-25 14:52:20,704 - easytorch-training - INFO - Checkpoint checkpoints/STMAFNet_300/21afeca3ffc10cdf4e90589d029b0e70/STMAFNet_076.pt saved
2026-01-25 14:52:20,705 - easytorch-training - INFO - The estimated training finish time is 2026-01-25 23:25:43
2026-01-25 14:52:20,705 - easytorch-training - INFO - Epoch 77 / 300
2026-01-25 14:54:08,075 - easytorch-training - INFO - Result <train>: [train_time: 107.37 (s), lr: 6.25e-05, train_MAE: 12.8239, train_RMSE: 21.6499, train_MAPE: 8.5539]
2026-01-25 14:54:08,077 - easytorch-training - INFO - Start validation.
2026-01-25 14:54:21,763 - easytorch-training - INFO - Result <val>: [val_time: 13.69 (s), val_MAE: 13.5255, val_RMSE: 22.7931, val_MAPE: 10.1207]
2026-01-25 14:54:34,303 - easytorch-training - INFO - Evaluate best model on test data for horizon 1, Test MAE: 11.7159, Test RMSE: 19.1126, Test MAPE: 8.0242
2026-01-25 14:54:34,317 - easytorch-training - INFO - Evaluate best model on test data for horizon 2, Test MAE: 12.2173, Test RMSE: 20.3061, Test MAPE: 8.0186
2026-01-25 14:54:34,331 - easytorch-training - INFO - Evaluate best model on test data for horizon 3, Test MAE: 12.6557, Test RMSE: 21.2751, Test MAPE: 8.2946
2026-01-25 14:54:34,345 - easytorch-training - INFO - Evaluate best model on test data for horizon 4, Test MAE: 13.0403, Test RMSE: 22.0986, Test MAPE: 8.7504
2026-01-25 14:54:34,359 - easytorch-training - INFO - Evaluate best model on test data for horizon 5, Test MAE: 13.3216, Test RMSE: 22.7914, Test MAPE: 8.7501
2026-01-25 14:54:34,369 - easytorch-training - INFO - Evaluate best model on test data for horizon 6, Test MAE: 13.5711, Test RMSE: 23.3537, Test MAPE: 8.8077
2026-01-25 14:54:34,375 - easytorch-training - INFO - Evaluate best model on test data for horizon 7, Test MAE: 13.8396, Test RMSE: 23.8584, Test MAPE: 9.0030
2026-01-25 14:54:34,385 - easytorch-training - INFO - Evaluate best model on test data for horizon 8, Test MAE: 14.0606, Test RMSE: 24.3114, Test MAPE: 9.1291
2026-01-25 14:54:34,399 - easytorch-training - INFO - Evaluate best model on test data for horizon 9, Test MAE: 14.2506, Test RMSE: 24.6401, Test MAPE: 9.2472
2026-01-25 14:54:34,413 - easytorch-training - INFO - Evaluate best model on test data for horizon 10, Test MAE: 14.4257, Test RMSE: 24.9469, Test MAPE: 9.4077
2026-01-25 14:54:34,427 - easytorch-training - INFO - Evaluate best model on test data for horizon 11, Test MAE: 14.5791, Test RMSE: 25.2109, Test MAPE: 9.4299
2026-01-25 14:54:34,441 - easytorch-training - INFO - Evaluate best model on test data for horizon 12, Test MAE: 14.7887, Test RMSE: 25.4859, Test MAPE: 9.6435
2026-01-25 14:54:34,452 - easytorch-training - INFO - Result <test>: [test_time: 12.69 (s), test_MAE: 13.5388, test_RMSE: 23.1990, test_MAPE: 8.8755]
2026-01-25 14:54:34,880 - easytorch-training - INFO - Checkpoint checkpoints/STMAFNet_300/21afeca3ffc10cdf4e90589d029b0e70/STMAFNet_077.pt saved
2026-01-25 14:54:34,881 - easytorch-training - INFO - The estimated training finish time is 2026-01-25 23:25:30
2026-01-25 14:54:34,881 - easytorch-training - INFO - Epoch 78 / 300
2026-01-25 14:56:34,277 - easytorch-training - INFO - Result <train>: [train_time: 119.40 (s), lr: 6.25e-05, train_MAE: 12.8125, train_RMSE: 21.6351, train_MAPE: 8.5485]
2026-01-25 14:56:34,279 - easytorch-training - INFO - Start validation.
2026-01-25 14:56:52,823 - easytorch-training - INFO - Result <val>: [val_time: 18.54 (s), val_MAE: 13.5508, val_RMSE: 22.8902, val_MAPE: 10.2214]
2026-01-25 14:57:10,354 - easytorch-training - INFO - Evaluate best model on test data for horizon 1, Test MAE: 11.7031, Test RMSE: 19.1487, Test MAPE: 7.6512
2026-01-25 14:57:10,374 - easytorch-training - INFO - Evaluate best model on test data for horizon 2, Test MAE: 12.2381, Test RMSE: 20.3714, Test MAPE: 7.9690
2026-01-25 14:57:10,385 - easytorch-training - INFO - Evaluate best model on test data for horizon 3, Test MAE: 12.6725, Test RMSE: 21.3526, Test MAPE: 8.2549
2026-01-25 14:57:10,405 - easytorch-training - INFO - Evaluate best model on test data for horizon 4, Test MAE: 13.0169, Test RMSE: 22.1907, Test MAPE: 8.3957
2026-01-25 14:57:10,426 - easytorch-training - INFO - Evaluate best model on test data for horizon 5, Test MAE: 13.3175, Test RMSE: 22.8962, Test MAPE: 8.6118
2026-01-25 14:57:10,447 - easytorch-training - INFO - Evaluate best model on test data for horizon 6, Test MAE: 13.5850, Test RMSE: 23.4999, Test MAPE: 8.8408
2026-01-25 14:57:10,467 - easytorch-training - INFO - Evaluate best model on test data for horizon 7, Test MAE: 13.8413, Test RMSE: 23.9859, Test MAPE: 8.9942
2026-01-25 14:57:10,484 - easytorch-training - INFO - Evaluate best model on test data for horizon 8, Test MAE: 14.0609, Test RMSE: 24.4413, Test MAPE: 9.1326
2026-01-25 14:57:10,500 - easytorch-training - INFO - Evaluate best model on test data for horizon 9, Test MAE: 14.2610, Test RMSE: 24.7911, Test MAPE: 9.2943
2026-01-25 14:57:10,513 - easytorch-training - INFO - Evaluate best model on test data for horizon 10, Test MAE: 14.4454, Test RMSE: 25.1143, Test MAPE: 9.4552
2026-01-25 14:57:10,524 - easytorch-training - INFO - Evaluate best model on test data for horizon 11, Test MAE: 14.6117, Test RMSE: 25.3774, Test MAPE: 9.5615
2026-01-25 14:57:10,540 - easytorch-training - INFO - Evaluate best model on test data for horizon 12, Test MAE: 14.7902, Test RMSE: 25.6175, Test MAPE: 9.6700
2026-01-25 14:57:10,564 - easytorch-training - INFO - Result <test>: [test_time: 17.74 (s), test_MAE: 13.5453, test_RMSE: 23.3181, test_MAPE: 8.8193]
2026-01-25 14:57:10,906 - easytorch-training - INFO - Checkpoint checkpoints/STMAFNet_300/21afeca3ffc10cdf4e90589d029b0e70/STMAFNet_078.pt saved
2026-01-25 14:57:10,907 - easytorch-training - INFO - The estimated training finish time is 2026-01-25 23:26:42
2026-01-25 14:57:10,907 - easytorch-training - INFO - Epoch 79 / 300
2026-01-25 14:59:34,378 - easytorch-training - INFO - Result <train>: [train_time: 143.47 (s), lr: 6.25e-05, train_MAE: 12.8001, train_RMSE: 21.6139, train_MAPE: 8.5375]
2026-01-25 14:59:34,380 - easytorch-training - INFO - Start validation.
2026-01-25 14:59:53,062 - easytorch-training - INFO - Result <val>: [val_time: 18.68 (s), val_MAE: 13.5180, val_RMSE: 22.8055, val_MAPE: 10.0278]
2026-01-25 15:00:11,110 - easytorch-training - INFO - Evaluate best model on test data for horizon 1, Test MAE: 11.6879, Test RMSE: 19.1145, Test MAPE: 7.5649
2026-01-25 15:00:11,127 - easytorch-training - INFO - Evaluate best model on test data for horizon 2, Test MAE: 12.2199, Test RMSE: 20.3146, Test MAPE: 7.9613
2026-01-25 15:00:11,146 - easytorch-training - INFO - Evaluate best model on test data for horizon 3, Test MAE: 12.6351, Test RMSE: 21.2898, Test MAPE: 8.2782
2026-01-25 15:00:11,167 - easytorch-training - INFO - Evaluate best model on test data for horizon 4, Test MAE: 13.0054, Test RMSE: 22.1028, Test MAPE: 8.5563
2026-01-25 15:00:11,187 - easytorch-training - INFO - Evaluate best model on test data for horizon 5, Test MAE: 13.2883, Test RMSE: 22.7829, Test MAPE: 8.6441
2026-01-25 15:00:11,208 - easytorch-training - INFO - Evaluate best model on test data for horizon 6, Test MAE: 13.5392, Test RMSE: 23.3661, Test MAPE: 8.7407
2026-01-25 15:00:11,216 - easytorch-training - INFO - Evaluate best model on test data for horizon 7, Test MAE: 13.8017, Test RMSE: 23.8373, Test MAPE: 8.9424
2026-01-25 15:00:11,223 - easytorch-training - INFO - Evaluate best model on test data for horizon 8, Test MAE: 14.0296, Test RMSE: 24.2774, Test MAPE: 9.1957
2026-01-25 15:00:11,235 - easytorch-training - INFO - Evaluate best model on test data for horizon 9, Test MAE: 14.2317, Test RMSE: 24.6629, Test MAPE: 9.1492
2026-01-25 15:00:11,252 - easytorch-training - INFO - Evaluate best model on test data for horizon 10, Test MAE: 14.3982, Test RMSE: 24.9631, Test MAPE: 9.3215
2026-01-25 15:00:11,272 - easytorch-training - INFO - Evaluate best model on test data for horizon 11, Test MAE: 14.5749, Test RMSE: 25.2307, Test MAPE: 9.5231
2026-01-25 15:00:11,293 - easytorch-training - INFO - Evaluate best model on test data for horizon 12, Test MAE: 14.7549, Test RMSE: 25.5320, Test MAPE: 9.5754
2026-01-25 15:00:11,317 - easytorch-training - INFO - Result <test>: [test_time: 18.25 (s), test_MAE: 13.5139, test_RMSE: 23.2063, test_MAPE: 8.7877]
2026-01-25 15:00:11,746 - easytorch-training - INFO - Checkpoint checkpoints/STMAFNet_300/21afeca3ffc10cdf4e90589d029b0e70/STMAFNet_079.pt saved
2026-01-25 15:00:11,747 - easytorch-training - INFO - The estimated training finish time is 2026-01-25 23:29:25
2026-01-25 15:00:11,747 - easytorch-training - INFO - Epoch 80 / 300
2026-01-25 15:02:35,317 - easytorch-training - INFO - Result <train>: [train_time: 143.57 (s), lr: 6.25e-05, train_MAE: 12.7977, train_RMSE: 21.6100, train_MAPE: 8.5375]
2026-01-25 15:02:35,318 - easytorch-training - INFO - Start validation.
2026-01-25 15:02:53,934 - easytorch-training - INFO - Result <val>: [val_time: 18.62 (s), val_MAE: 13.5234, val_RMSE: 22.8289, val_MAPE: 10.1297]
2026-01-25 15:03:11,973 - easytorch-training - INFO - Evaluate best model on test data for horizon 1, Test MAE: 11.6967, Test RMSE: 19.1384, Test MAPE: 7.8025
2026-01-25 15:03:11,994 - easytorch-training - INFO - Evaluate best model on test data for horizon 2, Test MAE: 12.2360, Test RMSE: 20.3333, Test MAPE: 8.1383
2026-01-25 15:03:12,014 - easytorch-training - INFO - Evaluate best model on test data for horizon 3, Test MAE: 12.6487, Test RMSE: 21.2835, Test MAPE: 8.4061
2026-01-25 15:03:12,032 - easytorch-training - INFO - Evaluate best model on test data for horizon 4, Test MAE: 13.0133, Test RMSE: 22.0876, Test MAPE: 8.6372
2026-01-25 15:03:12,050 - easytorch-training - INFO - Evaluate best model on test data for horizon 5, Test MAE: 13.3218, Test RMSE: 22.8132, Test MAPE: 8.7744
2026-01-25 15:03:12,071 - easytorch-training - INFO - Evaluate best model on test data for horizon 6, Test MAE: 13.5875, Test RMSE: 23.4022, Test MAPE: 8.9266
2026-01-25 15:03:12,092 - easytorch-training - INFO - Evaluate best model on test data for horizon 7, Test MAE: 13.8549, Test RMSE: 23.9527, Test MAPE: 9.1574
2026-01-25 15:03:12,112 - easytorch-training - INFO - Evaluate best model on test data for horizon 8, Test MAE: 14.0696, Test RMSE: 24.4132, Test MAPE: 9.2271
2026-01-25 15:03:12,133 - easytorch-training - INFO - Evaluate best model on test data for horizon 9, Test MAE: 14.2605, Test RMSE: 24.7783, Test MAPE: 9.4184
2026-01-25 15:03:12,152 - easytorch-training - INFO - Evaluate best model on test data for horizon 10, Test MAE: 14.4591, Test RMSE: 25.1249, Test MAPE: 9.5805
2026-01-25 15:03:12,167 - easytorch-training - INFO - Evaluate best model on test data for horizon 11, Test MAE: 14.6415, Test RMSE: 25.4233, Test MAPE: 9.6731
2026-01-25 15:03:12,175 - easytorch-training - INFO - Evaluate best model on test data for horizon 12, Test MAE: 14.8340, Test RMSE: 25.6907, Test MAPE: 9.8237
2026-01-25 15:03:12,193 - easytorch-training - INFO - Result <test>: [test_time: 18.26 (s), test_MAE: 13.5520, test_RMSE: 23.2916, test_MAPE: 8.9638]
2026-01-25 15:03:12,536 - easytorch-training - INFO - Checkpoint checkpoints/STMAFNet_300/21afeca3ffc10cdf4e90589d029b0e70/STMAFNet_080.pt saved
2026-01-25 15:03:12,581 - easytorch-training - INFO - The estimated training finish time is 2026-01-25 23:32:05
2026-01-25 15:03:12,581 - easytorch-training - INFO - Epoch 81 / 300
2026-01-25 15:05:36,985 - easytorch-training - INFO - Result <train>: [train_time: 144.40 (s), lr: 6.25e-05, train_MAE: 12.7869, train_RMSE: 21.6051, train_MAPE: 8.5301]
2026-01-25 15:05:36,987 - easytorch-training - INFO - Start validation.
2026-01-25 15:05:55,797 - easytorch-training - INFO - Result <val>: [val_time: 18.81 (s), val_MAE: 13.4970, val_RMSE: 22.7750, val_MAPE: 9.8542]
2026-01-25 15:05:56,453 - easytorch-training - INFO - Checkpoint checkpoints/STMAFNet_300/21afeca3ffc10cdf4e90589d029b0e70/STMAFNet_best_val_MAE.pt saved
2026-01-25 15:06:13,779 - easytorch-training - INFO - Evaluate best model on test data for horizon 1, Test MAE: 11.6844, Test RMSE: 19.1031, Test MAPE: 7.6342
2026-01-25 15:06:13,799 - easytorch-training - INFO - Evaluate best model on test data for horizon 2, Test MAE: 12.2226, Test RMSE: 20.2955, Test MAPE: 8.0284
2026-01-25 15:06:13,820 - easytorch-training - INFO - Evaluate best model on test data for horizon 3, Test MAE: 12.6369, Test RMSE: 21.2701, Test MAPE: 8.1354
2026-01-25 15:06:13,836 - easytorch-training - INFO - Evaluate best model on test data for horizon 4, Test MAE: 13.0032, Test RMSE: 22.0894, Test MAPE: 8.5085
2026-01-25 15:06:13,850 - easytorch-training - INFO - Evaluate best model on test data for horizon 5, Test MAE: 13.2814, Test RMSE: 22.8122, Test MAPE: 8.5970
2026-01-25 15:06:13,871 - easytorch-training - INFO - Evaluate best model on test data for horizon 6, Test MAE: 13.5496, Test RMSE: 23.3917, Test MAPE: 8.7764
2026-01-25 15:06:13,887 - easytorch-training - INFO - Evaluate best model on test data for horizon 7, Test MAE: 13.8108, Test RMSE: 23.8827, Test MAPE: 8.9363
2026-01-25 15:06:13,901 - easytorch-training - INFO - Evaluate best model on test data for horizon 8, Test MAE: 14.0398, Test RMSE: 24.3444, Test MAPE: 9.1011
2026-01-25 15:06:13,921 - easytorch-training - INFO - Evaluate best model on test data for horizon 9, Test MAE: 14.2692, Test RMSE: 24.7105, Test MAPE: 9.3719
2026-01-25 15:06:13,937 - easytorch-training - INFO - Evaluate best model on test data for horizon 10, Test MAE: 14.4376, Test RMSE: 25.0247, Test MAPE: 9.4336
2026-01-25 15:06:13,958 - easytorch-training - INFO - Evaluate best model on test data for horizon 11, Test MAE: 14.5985, Test RMSE: 25.2963, Test MAPE: 9.5777
2026-01-25 15:06:13,978 - easytorch-training - INFO - Evaluate best model on test data for horizon 12, Test MAE: 14.7917, Test RMSE: 25.5698, Test MAPE: 9.6688
2026-01-25 15:06:14,002 - easytorch-training - INFO - Result <test>: [test_time: 17.55 (s), test_MAE: 13.5271, test_RMSE: 23.2350, test_MAPE: 8.8141]
2026-01-25 15:06:14,452 - easytorch-training - INFO - Checkpoint checkpoints/STMAFNet_300/21afeca3ffc10cdf4e90589d029b0e70/STMAFNet_081.pt saved
2026-01-25 15:06:14,452 - easytorch-training - INFO - The estimated training finish time is 2026-01-25 23:34:45
2026-01-25 15:06:14,452 - easytorch-training - INFO - Epoch 82 / 300
2026-01-25 15:08:38,688 - easytorch-training - INFO - Result <train>: [train_time: 144.24 (s), lr: 6.25e-05, train_MAE: 12.7799, train_RMSE: 21.5770, train_MAPE: 8.5268]
2026-01-25 15:08:38,689 - easytorch-training - INFO - Start validation.
2026-01-25 15:08:58,022 - easytorch-training - INFO - Result <val>: [val_time: 19.33 (s), val_MAE: 13.4963, val_RMSE: 22.8214, val_MAPE: 10.1348]
2026-01-25 15:08:58,770 - easytorch-training - INFO - Checkpoint checkpoints/STMAFNet_300/21afeca3ffc10cdf4e90589d029b0e70/STMAFNet_best_val_MAE.pt saved
2026-01-25 15:09:16,569 - easytorch-training - INFO - Evaluate best model on test data for horizon 1, Test MAE: 11.6767, Test RMSE: 19.1162, Test MAPE: 7.6980
2026-01-25 15:09:16,579 - easytorch-training - INFO - Evaluate best model on test data for horizon 2, Test MAE: 12.2093, Test RMSE: 20.3110, Test MAPE: 8.0919
2026-01-25 15:09:16,587 - easytorch-training - INFO - Evaluate best model on test data for horizon 3, Test MAE: 12.6391, Test RMSE: 21.2729, Test MAPE: 8.4659
2026-01-25 15:09:16,606 - easytorch-training - INFO - Evaluate best model on test data for horizon 4, Test MAE: 12.9903, Test RMSE: 22.1015, Test MAPE: 8.6306
2026-01-25 15:09:16,627 - easytorch-training - INFO - Evaluate best model on test data for horizon 5, Test MAE: 13.2936, Test RMSE: 22.8040, Test MAPE: 8.7463
2026-01-25 15:09:16,647 - easytorch-training - INFO - Evaluate best model on test data for horizon 6, Test MAE: 13.5567, Test RMSE: 23.4000, Test MAPE: 8.9136
2026-01-25 15:09:16,667 - easytorch-training - INFO - Evaluate best model on test data for horizon 7, Test MAE: 13.8188, Test RMSE: 23.9293, Test MAPE: 9.0471
2026-01-25 15:09:16,683 - easytorch-training - INFO - Evaluate best model on test data for horizon 8, Test MAE: 14.0350, Test RMSE: 24.3585, Test MAPE: 9.1603
2026-01-25 15:09:16,704 - easytorch-training - INFO - Evaluate best model on test data for horizon 9, Test MAE: 14.2519, Test RMSE: 24.7425, Test MAPE: 9.3865
2026-01-25 15:09:16,724 - easytorch-training - INFO - Evaluate best model on test data for horizon 10, Test MAE: 14.4204, Test RMSE: 25.0509, Test MAPE: 9.3411
2026-01-25 15:09:16,739 - easytorch-training - INFO - Evaluate best model on test data for horizon 11, Test MAE: 14.5858, Test RMSE: 25.2823, Test MAPE: 9.4980
2026-01-25 15:09:16,753 - easytorch-training - INFO - Evaluate best model on test data for horizon 12, Test MAE: 14.7769, Test RMSE: 25.5473, Test MAPE: 9.7608
2026-01-25 15:09:16,771 - easytorch-training - INFO - Result <test>: [test_time: 18.00 (s), test_MAE: 13.5212, test_RMSE: 23.2453, test_MAPE: 8.8950]
2026-01-25 15:09:17,115 - easytorch-training - INFO - Checkpoint checkpoints/STMAFNet_300/21afeca3ffc10cdf4e90589d029b0e70/STMAFNet_082.pt saved
2026-01-25 15:09:17,115 - easytorch-training - INFO - The estimated training finish time is 2026-01-25 23:37:23
2026-01-25 15:09:17,116 - easytorch-training - INFO - Epoch 83 / 300
2026-01-25 15:11:40,292 - easytorch-training - INFO - Result <train>: [train_time: 143.18 (s), lr: 6.25e-05, train_MAE: 12.7732, train_RMSE: 21.5714, train_MAPE: 8.5172]
2026-01-25 15:11:40,293 - easytorch-training - INFO - Start validation.
2026-01-25 15:11:59,420 - easytorch-training - INFO - Result <val>: [val_time: 19.13 (s), val_MAE: 13.5002, val_RMSE: 22.7535, val_MAPE: 9.9571]
2026-01-25 15:12:17,483 - easytorch-training - INFO - Evaluate best model on test data for horizon 1, Test MAE: 11.6901, Test RMSE: 19.1270, Test MAPE: 7.6516
2026-01-25 15:12:17,497 - easytorch-training - INFO - Evaluate best model on test data for horizon 2, Test MAE: 12.2097, Test RMSE: 20.3056, Test MAPE: 7.9464
2026-01-25 15:12:17,513 - easytorch-training - INFO - Evaluate best model on test data for horizon 3, Test MAE: 12.6258, Test RMSE: 21.2268, Test MAPE: 8.1745
2026-01-25 15:12:17,529 - easytorch-training - INFO - Evaluate best model on test data for horizon 4, Test MAE: 12.9890, Test RMSE: 22.0183, Test MAPE: 8.4143
2026-01-25 15:12:17,550 - easytorch-training - INFO - Evaluate best model on test data for horizon 5, Test MAE: 13.3059, Test RMSE: 22.7050, Test MAPE: 8.6641
2026-01-25 15:12:17,571 - easytorch-training - INFO - Evaluate best model on test data for horizon 6, Test MAE: 13.5411, Test RMSE: 23.2655, Test MAPE: 8.8283
2026-01-25 15:12:17,591 - easytorch-training - INFO - Evaluate best model on test data for horizon 7, Test MAE: 13.8186, Test RMSE: 23.8078, Test MAPE: 8.9694
2026-01-25 15:12:17,612 - easytorch-training - INFO - Evaluate best model on test data for horizon 8, Test MAE: 14.0322, Test RMSE: 24.2661, Test MAPE: 9.1180
2026-01-25 15:12:17,633 - easytorch-training - INFO - Evaluate best model on test data for horizon 9, Test MAE: 14.2143, Test RMSE: 24.6551, Test MAPE: 9.2563
2026-01-25 15:12:17,648 - easytorch-training - INFO - Evaluate best model on test data for horizon 10, Test MAE: 14.4015, Test RMSE: 24.9860, Test MAPE: 9.4022
2026-01-25 15:12:17,663 - easytorch-training - INFO - Evaluate best model on test data for horizon 11, Test MAE: 14.5932, Test RMSE: 25.2297, Test MAPE: 9.6917
2026-01-25 15:12:17,683 - easytorch-training - INFO - Evaluate best model on test data for horizon 12, Test MAE: 14.7728, Test RMSE: 25.5519, Test MAPE: 9.6532
2026-01-25 15:12:17,702 - easytorch-training - INFO - Result <test>: [test_time: 18.28 (s), test_MAE: 13.5162, test_RMSE: 23.1797, test_MAPE: 8.8142]
2026-01-25 15:12:18,130 - easytorch-training - INFO - Checkpoint checkpoints/STMAFNet_300/21afeca3ffc10cdf4e90589d029b0e70/STMAFNet_083.pt saved
2026-01-25 15:12:18,131 - easytorch-training - INFO - The estimated training finish time is 2026-01-25 23:39:52
2026-01-25 15:12:18,131 - easytorch-training - INFO - Epoch 84 / 300
2026-01-25 15:14:41,574 - easytorch-training - INFO - Result <train>: [train_time: 143.44 (s), lr: 6.25e-05, train_MAE: 12.7572, train_RMSE: 21.5562, train_MAPE: 8.5113]
2026-01-25 15:14:41,575 - easytorch-training - INFO - Start validation.
2026-01-25 15:15:00,337 - easytorch-training - INFO - Result <val>: [val_time: 18.76 (s), val_MAE: 13.5023, val_RMSE: 22.7802, val_MAPE: 10.1209]
2026-01-25 15:15:18,399 - easytorch-training - INFO - Evaluate best model on test data for horizon 1, Test MAE: 11.7302, Test RMSE: 19.1220, Test MAPE: 8.4031
2026-01-25 15:15:18,420 - easytorch-training - INFO - Evaluate best model on test data for horizon 2, Test MAE: 12.2568, Test RMSE: 20.3291, Test MAPE: 8.5334
2026-01-25 15:15:18,438 - easytorch-training - INFO - Evaluate best model on test data for horizon 3, Test MAE: 12.6769, Test RMSE: 21.3181, Test MAPE: 8.5887
2026-01-25 15:15:18,452 - easytorch-training - INFO - Evaluate best model on test data for horizon 4, Test MAE: 13.0094, Test RMSE: 22.1629, Test MAPE: 8.6682
2026-01-25 15:15:18,471 - easytorch-training - INFO - Evaluate best model on test data for horizon 5, Test MAE: 13.3100, Test RMSE: 22.8753, Test MAPE: 8.7983
2026-01-25 15:15:18,492 - easytorch-training - INFO - Evaluate best model on test data for horizon 6, Test MAE: 13.5732, Test RMSE: 23.4634, Test MAPE: 8.9181
2026-01-25 15:15:18,511 - easytorch-training - INFO - Evaluate best model on test data for horizon 7, Test MAE: 13.8154, Test RMSE: 23.9395, Test MAPE: 8.9607
2026-01-25 15:15:18,527 - easytorch-training - INFO - Evaluate best model on test data for horizon 8, Test MAE: 14.0485, Test RMSE: 24.3603, Test MAPE: 9.1872
2026-01-25 15:15:18,546 - easytorch-training - INFO - Evaluate best model on test data for horizon 9, Test MAE: 14.2409, Test RMSE: 24.7154, Test MAPE: 9.3150
2026-01-25 15:15:18,563 - easytorch-training - INFO - Evaluate best model on test data for horizon 10, Test MAE: 14.4061, Test RMSE: 25.0063, Test MAPE: 9.3865
2026-01-25 15:15:18,583 - easytorch-training - INFO - Evaluate best model on test data for horizon 11, Test MAE: 14.5940, Test RMSE: 25.3045, Test MAPE: 9.5533
2026-01-25 15:15:18,604 - easytorch-training - INFO - Evaluate best model on test data for horizon 12, Test MAE: 14.7825, Test RMSE: 25.5618, Test MAPE: 9.7668
2026-01-25 15:15:18,628 - easytorch-training - INFO - Result <test>: [test_time: 18.29 (s), test_MAE: 13.5370, test_RMSE: 23.2644, test_MAPE: 9.0066]
2026-01-25 15:15:18,974 - easytorch-training - INFO - Checkpoint checkpoints/STMAFNet_300/21afeca3ffc10cdf4e90589d029b0e70/STMAFNet_084.pt saved
2026-01-25 15:15:18,975 - easytorch-training - INFO - The estimated training finish time is 2026-01-25 23:42:17
2026-01-25 15:15:18,975 - easytorch-training - INFO - Epoch 85 / 300
2026-01-25 15:17:42,899 - easytorch-training - INFO - Result <train>: [train_time: 143.92 (s), lr: 6.25e-05, train_MAE: 12.7528, train_RMSE: 21.5506, train_MAPE: 8.5061]
2026-01-25 15:17:42,900 - easytorch-training - INFO - Start validation.
2026-01-25 15:18:01,595 - easytorch-training - INFO - Result <val>: [val_time: 18.69 (s), val_MAE: 13.5369, val_RMSE: 22.8165, val_MAPE: 10.0592]
2026-01-25 15:18:19,120 - easytorch-training - INFO - Evaluate best model on test data for horizon 1, Test MAE: 11.7021, Test RMSE: 19.1185, Test MAPE: 7.6137
2026-01-25 15:18:19,129 - easytorch-training - INFO - Evaluate best model on test data for horizon 2, Test MAE: 12.2399, Test RMSE: 20.3338, Test MAPE: 7.9549
2026-01-25 15:18:19,139 - easytorch-training - INFO - Evaluate best model on test data for horizon 3, Test MAE: 12.6681, Test RMSE: 21.3183, Test MAPE: 8.2549
2026-01-25 15:18:19,154 - easytorch-training - INFO - Evaluate best model on test data for horizon 4, Test MAE: 13.0284, Test RMSE: 22.1423, Test MAPE: 8.4469
2026-01-25 15:18:19,175 - easytorch-training - INFO - Evaluate best model on test data for horizon 5, Test MAE: 13.3330, Test RMSE: 22.8557, Test MAPE: 8.6281
2026-01-25 15:18:19,195 - easytorch-training - INFO - Evaluate best model on test data for horizon 6, Test MAE: 13.5918, Test RMSE: 23.4375, Test MAPE: 8.7764
2026-01-25 15:18:19,216 - easytorch-training - INFO - Evaluate best model on test data for horizon 7, Test MAE: 13.8530, Test RMSE: 23.9282, Test MAPE: 8.9851
2026-01-25 15:18:19,237 - easytorch-training - INFO - Evaluate best model on test data for horizon 8, Test MAE: 14.0961, Test RMSE: 24.3722, Test MAPE: 9.1323
2026-01-25 15:18:19,257 - easytorch-training - INFO - Evaluate best model on test data for horizon 9, Test MAE: 14.2736, Test RMSE: 24.7778, Test MAPE: 9.2637
2026-01-25 15:18:19,278 - easytorch-training - INFO - Evaluate best model on test data for horizon 10, Test MAE: 14.4595, Test RMSE: 25.0604, Test MAPE: 9.3912
2026-01-25 15:18:19,297 - easytorch-training - INFO - Evaluate best model on test data for horizon 11, Test MAE: 14.6275, Test RMSE: 25.3285, Test MAPE: 9.5120
2026-01-25 15:18:19,311 - easytorch-training - INFO - Evaluate best model on test data for horizon 12, Test MAE: 14.8273, Test RMSE: 25.5897, Test MAPE: 9.6885
2026-01-25 15:18:19,326 - easytorch-training - INFO - Result <test>: [test_time: 17.73 (s), test_MAE: 13.5584, test_RMSE: 23.2743, test_MAPE: 8.8040]
2026-01-25 15:18:19,689 - easytorch-training - INFO - Checkpoint checkpoints/STMAFNet_300/21afeca3ffc10cdf4e90589d029b0e70/STMAFNet_085.pt saved
2026-01-25 15:18:19,690 - easytorch-training - INFO - The estimated training finish time is 2026-01-25 23:44:37
2026-01-25 15:18:19,690 - easytorch-training - INFO - Epoch 86 / 300
2026-01-25 15:20:44,013 - easytorch-training - INFO - Result <train>: [train_time: 144.32 (s), lr: 6.25e-05, train_MAE: 12.7420, train_RMSE: 21.5290, train_MAPE: 8.5084]
2026-01-25 15:20:44,015 - easytorch-training - INFO - Start validation.
2026-01-25 15:21:02,907 - easytorch-training - INFO - Result <val>: [val_time: 18.89 (s), val_MAE: 13.5030, val_RMSE: 22.7955, val_MAPE: 10.2486]
2026-01-25 15:21:20,138 - easytorch-training - INFO - Evaluate best model on test data for horizon 1, Test MAE: 11.6992, Test RMSE: 19.1430, Test MAPE: 7.9758
2026-01-25 15:21:20,158 - easytorch-training - INFO - Evaluate best model on test data for horizon 2, Test MAE: 12.2489, Test RMSE: 20.3591, Test MAPE: 8.4746
2026-01-25 15:21:20,172 - easytorch-training - INFO - Evaluate best model on test data for horizon 3, Test MAE: 12.6658, Test RMSE: 21.3433, Test MAPE: 8.5975
2026-01-25 15:21:20,189 - easytorch-training - INFO - Evaluate best model on test data for horizon 4, Test MAE: 13.0280, Test RMSE: 22.1706, Test MAPE: 8.6906
2026-01-25 15:21:20,206 - easytorch-training - INFO - Evaluate best model on test data for horizon 5, Test MAE: 13.3361, Test RMSE: 22.8766, Test MAPE: 9.0249
2026-01-25 15:21:20,219 - easytorch-training - INFO - Evaluate best model on test data for horizon 6, Test MAE: 13.5908, Test RMSE: 23.4675, Test MAPE: 9.0052
2026-01-25 15:21:20,235 - easytorch-training - INFO - Evaluate best model on test data for horizon 7, Test MAE: 13.8406, Test RMSE: 23.9567, Test MAPE: 9.1544
2026-01-25 15:21:20,256 - easytorch-training - INFO - Evaluate best model on test data for horizon 8, Test MAE: 14.0613, Test RMSE: 24.3962, Test MAPE: 9.2158
2026-01-25 15:21:20,276 - easytorch-training - INFO - Evaluate best model on test data for horizon 9, Test MAE: 14.2659, Test RMSE: 24.7954, Test MAPE: 9.3231
2026-01-25 15:21:20,297 - easytorch-training - INFO - Evaluate best model on test data for horizon 10, Test MAE: 14.4454, Test RMSE: 25.0712, Test MAPE: 9.5438
2026-01-25 15:21:20,318 - easytorch-training - INFO - Evaluate best model on test data for horizon 11, Test MAE: 14.6085, Test RMSE: 25.3581, Test MAPE: 9.6394
2026-01-25 15:21:20,338 - easytorch-training - INFO - Evaluate best model on test data for horizon 12, Test MAE: 14.8103, Test RMSE: 25.6595, Test MAPE: 9.8085
2026-01-25 15:21:20,355 - easytorch-training - INFO - Result <test>: [test_time: 17.45 (s), test_MAE: 13.5501, test_RMSE: 23.3024, test_MAPE: 9.0378]
2026-01-25 15:21:20,701 - easytorch-training - INFO - Checkpoint checkpoints/STMAFNet_300/21afeca3ffc10cdf4e90589d029b0e70/STMAFNet_086.pt saved
2026-01-25 15:21:20,702 - easytorch-training - INFO - The estimated training finish time is 2026-01-25 23:46:56
2026-01-25 15:21:20,702 - easytorch-training - INFO - Epoch 87 / 300
2026-01-25 15:23:45,034 - easytorch-training - INFO - Result <train>: [train_time: 144.33 (s), lr: 6.25e-05, train_MAE: 12.7318, train_RMSE: 21.5116, train_MAPE: 8.5029]
2026-01-25 15:23:45,035 - easytorch-training - INFO - Start validation.
2026-01-25 15:24:03,890 - easytorch-training - INFO - Result <val>: [val_time: 18.85 (s), val_MAE: 13.4883, val_RMSE: 22.7961, val_MAPE: 9.9057]
2026-01-25 15:24:04,856 - easytorch-training - INFO - Checkpoint checkpoints/STMAFNet_300/21afeca3ffc10cdf4e90589d029b0e70/STMAFNet_best_val_MAE.pt saved
2026-01-25 15:24:21,881 - easytorch-training - INFO - Evaluate best model on test data for horizon 1, Test MAE: 11.6616, Test RMSE: 19.1202, Test MAPE: 7.6211
2026-01-25 15:24:21,891 - easytorch-training - INFO - Evaluate best model on test data for horizon 2, Test MAE: 12.2137, Test RMSE: 20.3494, Test MAPE: 7.8827
2026-01-25 15:24:21,898 - easytorch-training - INFO - Evaluate best model on test data for horizon 3, Test MAE: 12.6424, Test RMSE: 21.3104, Test MAPE: 8.1167
2026-01-25 15:24:21,905 - easytorch-training - INFO - Evaluate best model on test data for horizon 4, Test MAE: 13.0004, Test RMSE: 22.1471, Test MAPE: 8.3784
2026-01-25 15:24:21,925 - easytorch-training - INFO - Evaluate best model on test data for horizon 5, Test MAE: 13.3000, Test RMSE: 22.8481, Test MAPE: 8.5502
2026-01-25 15:24:21,946 - easytorch-training - INFO - Evaluate best model on test data for horizon 6, Test MAE: 13.5445, Test RMSE: 23.4053, Test MAPE: 8.7150
2026-01-25 15:24:21,966 - easytorch-training - INFO - Evaluate best model on test data for horizon 7, Test MAE: 13.7975, Test RMSE: 23.9277, Test MAPE: 8.8784
2026-01-25 15:24:21,987 - easytorch-training - INFO - Evaluate best model on test data for horizon 8, Test MAE: 14.0208, Test RMSE: 24.3893, Test MAPE: 9.0292
2026-01-25 15:24:22,008 - easytorch-training - INFO - Evaluate best model on test data for horizon 9, Test MAE: 14.2303, Test RMSE: 24.7889, Test MAPE: 9.1367
2026-01-25 15:24:22,020 - easytorch-training - INFO - Evaluate best model on test data for horizon 10, Test MAE: 14.4063, Test RMSE: 25.0989, Test MAPE: 9.3323
2026-01-25 15:24:22,028 - easytorch-training - INFO - Evaluate best model on test data for horizon 11, Test MAE: 14.5675, Test RMSE: 25.3970, Test MAPE: 9.4090
2026-01-25 15:24:22,036 - easytorch-training - INFO - Evaluate best model on test data for horizon 12, Test MAE: 14.7438, Test RMSE: 25.6541, Test MAPE: 9.5997
2026-01-25 15:24:22,053 - easytorch-training - INFO - Result <test>: [test_time: 17.20 (s), test_MAE: 13.5107, test_RMSE: 23.2900, test_MAPE: 8.7208]
2026-01-25 15:24:22,393 - easytorch-training - INFO - Checkpoint checkpoints/STMAFNet_300/21afeca3ffc10cdf4e90589d029b0e70/STMAFNet_087.pt saved
2026-01-25 15:24:22,394 - easytorch-training - INFO - The estimated training finish time is 2026-01-25 23:49:14
2026-01-25 15:24:22,394 - easytorch-training - INFO - Epoch 88 / 300
2026-01-25 15:26:47,882 - easytorch-training - INFO - Result <train>: [train_time: 145.49 (s), lr: 6.25e-05, train_MAE: 12.7245, train_RMSE: 21.4979, train_MAPE: 8.4933]
2026-01-25 15:26:47,884 - easytorch-training - INFO - Start validation.
2026-01-25 15:27:06,361 - easytorch-training - INFO - Result <val>: [val_time: 18.48 (s), val_MAE: 13.5222, val_RMSE: 22.7933, val_MAPE: 10.2899]
2026-01-25 15:27:22,884 - easytorch-training - INFO - Evaluate best model on test data for horizon 1, Test MAE: 11.6982, Test RMSE: 19.1261, Test MAPE: 7.9356
2026-01-25 15:27:22,893 - easytorch-training - INFO - Evaluate best model on test data for horizon 2, Test MAE: 12.2557, Test RMSE: 20.3475, Test MAPE: 8.3562
2026-01-25 15:27:22,914 - easytorch-training - INFO - Evaluate best model on test data for horizon 3, Test MAE: 12.6705, Test RMSE: 21.3245, Test MAPE: 8.5454
2026-01-25 15:27:22,935 - easytorch-training - INFO - Evaluate best model on test data for horizon 4, Test MAE: 13.0506, Test RMSE: 22.1540, Test MAPE: 9.0074
2026-01-25 15:27:22,956 - easytorch-training - INFO - Evaluate best model on test data for horizon 5, Test MAE: 13.3139, Test RMSE: 22.8679, Test MAPE: 8.7736
2026-01-25 15:27:22,976 - easytorch-training - INFO - Evaluate best model on test data for horizon 6, Test MAE: 13.5808, Test RMSE: 23.4454, Test MAPE: 8.9695
2026-01-25 15:27:22,997 - easytorch-training - INFO - Evaluate best model on test data for horizon 7, Test MAE: 13.8319, Test RMSE: 23.9110, Test MAPE: 9.0637
2026-01-25 15:27:23,005 - easytorch-training - INFO - Evaluate best model on test data for horizon 8, Test MAE: 14.0680, Test RMSE: 24.3528, Test MAPE: 9.1655
2026-01-25 15:27:23,008 - easytorch-training - INFO - Evaluate best model on test data for horizon 9, Test MAE: 14.2571, Test RMSE: 24.7167, Test MAPE: 9.3788
2026-01-25 15:27:23,021 - easytorch-training - INFO - Evaluate best model on test data for horizon 10, Test MAE: 14.4438, Test RMSE: 25.0414, Test MAPE: 9.6108
2026-01-25 15:27:23,042 - easytorch-training - INFO - Evaluate best model on test data for horizon 11, Test MAE: 14.6227, Test RMSE: 25.3031, Test MAPE: 9.7279
2026-01-25 15:27:23,063 - easytorch-training - INFO - Evaluate best model on test data for horizon 12, Test MAE: 14.7815, Test RMSE: 25.5787, Test MAPE: 9.7276
2026-01-25 15:27:23,087 - easytorch-training - INFO - Result <test>: [test_time: 16.72 (s), test_MAE: 13.5479, test_RMSE: 23.2653, test_MAPE: 9.0218]
2026-01-25 15:27:23,431 - easytorch-training - INFO - Checkpoint checkpoints/STMAFNet_300/21afeca3ffc10cdf4e90589d029b0e70/STMAFNet_088.pt saved
2026-01-25 15:27:23,432 - easytorch-training - INFO - The estimated training finish time is 2026-01-25 23:51:26
2026-01-25 15:27:23,432 - easytorch-training - INFO - Epoch 89 / 300
2026-01-25 15:29:48,335 - easytorch-training - INFO - Result <train>: [train_time: 144.90 (s), lr: 6.25e-05, train_MAE: 12.7192, train_RMSE: 21.4890, train_MAPE: 8.4877]
2026-01-25 15:29:48,335 - easytorch-training - INFO - Start validation.
2026-01-25 15:30:06,774 - easytorch-training - INFO - Result <val>: [val_time: 18.44 (s), val_MAE: 13.5127, val_RMSE: 22.8680, val_MAPE: 10.2022]
2026-01-25 15:30:23,969 - easytorch-training - INFO - Evaluate best model on test data for horizon 1, Test MAE: 11.6848, Test RMSE: 19.1693, Test MAPE: 7.7810
2026-01-25 15:30:23,985 - easytorch-training - INFO - Evaluate best model on test data for horizon 2, Test MAE: 12.2136, Test RMSE: 20.3771, Test MAPE: 8.1161
2026-01-25 15:30:24,006 - easytorch-training - INFO - Evaluate best model on test data for horizon 3, Test MAE: 12.6443, Test RMSE: 21.3513, Test MAPE: 8.3901
2026-01-25 15:30:24,027 - easytorch-training - INFO - Evaluate best model on test data for horizon 4, Test MAE: 12.9963, Test RMSE: 22.1783, Test MAPE: 8.4679
2026-01-25 15:30:24,044 - easytorch-training - INFO - Evaluate best model on test data for horizon 5, Test MAE: 13.2887, Test RMSE: 22.8612, Test MAPE: 8.6223
2026-01-25 15:30:24,052 - easytorch-training - INFO - Evaluate best model on test data for horizon 6, Test MAE: 13.5520, Test RMSE: 23.4276, Test MAPE: 8.8017
2026-01-25 15:30:24,063 - easytorch-training - INFO - Evaluate best model on test data for horizon 7, Test MAE: 13.8193, Test RMSE: 23.9386, Test MAPE: 8.9793
2026-01-25 15:30:24,083 - easytorch-training - INFO - Evaluate best model on test data for horizon 8, Test MAE: 14.0421, Test RMSE: 24.3804, Test MAPE: 9.1216
2026-01-25 15:30:24,100 - easytorch-training - INFO - Evaluate best model on test data for horizon 9, Test MAE: 14.2427, Test RMSE: 24.7887, Test MAPE: 9.2014
2026-01-25 15:30:24,114 - easytorch-training - INFO - Evaluate best model on test data for horizon 10, Test MAE: 14.4277, Test RMSE: 25.1173, Test MAPE: 9.3261
2026-01-25 15:30:24,133 - easytorch-training - INFO - Evaluate best model on test data for horizon 11, Test MAE: 14.6076, Test RMSE: 25.3895, Test MAPE: 9.4484
2026-01-25 15:30:24,154 - easytorch-training - INFO - Evaluate best model on test data for horizon 12, Test MAE: 14.7869, Test RMSE: 25.6314, Test MAPE: 9.6681
2026-01-25 15:30:24,177 - easytorch-training - INFO - Result <test>: [test_time: 17.40 (s), test_MAE: 13.5255, test_RMSE: 23.3030, test_MAPE: 8.8270]
2026-01-25 15:30:24,521 - easytorch-training - INFO - Checkpoint checkpoints/STMAFNet_300/21afeca3ffc10cdf4e90589d029b0e70/STMAFNet_089.pt saved
2026-01-25 15:30:24,522 - easytorch-training - INFO - The estimated training finish time is 2026-01-25 23:53:36
2026-01-25 15:30:24,522 - easytorch-training - INFO - Epoch 90 / 300
2026-01-25 15:32:48,386 - easytorch-training - INFO - Result <train>: [train_time: 143.86 (s), lr: 6.25e-05, train_MAE: 12.7133, train_RMSE: 21.4851, train_MAPE: 8.4832]
2026-01-25 15:32:48,387 - easytorch-training - INFO - Start validation.
2026-01-25 15:33:07,097 - easytorch-training - INFO - Result <val>: [val_time: 18.71 (s), val_MAE: 13.4830, val_RMSE: 22.7927, val_MAPE: 9.9243]
2026-01-25 15:33:07,862 - easytorch-training - INFO - Checkpoint checkpoints/STMAFNet_300/21afeca3ffc10cdf4e90589d029b0e70/STMAFNet_best_val_MAE.pt saved
2026-01-25 15:33:25,742 - easytorch-training - INFO - Evaluate best model on test data for horizon 1, Test MAE: 11.6906, Test RMSE: 19.1433, Test MAPE: 7.6292
2026-01-25 15:33:25,760 - easytorch-training - INFO - Evaluate best model on test data for horizon 2, Test MAE: 12.2194, Test RMSE: 20.3515, Test MAPE: 8.0347
2026-01-25 15:33:25,778 - easytorch-training - INFO - Evaluate best model on test data for horizon 3, Test MAE: 12.6415, Test RMSE: 21.3268, Test MAPE: 8.2405
2026-01-25 15:33:25,799 - easytorch-training - INFO - Evaluate best model on test data for horizon 4, Test MAE: 13.0077, Test RMSE: 22.1499, Test MAPE: 8.4372
2026-01-25 15:33:25,815 - easytorch-training - INFO - Evaluate best model on test data for horizon 5, Test MAE: 13.3096, Test RMSE: 22.8327, Test MAPE: 8.7609
2026-01-25 15:33:25,829 - easytorch-training - INFO - Evaluate best model on test data for horizon 6, Test MAE: 13.5495, Test RMSE: 23.4096, Test MAPE: 8.7871
2026-01-25 15:33:25,850 - easytorch-training - INFO - Evaluate best model on test data for horizon 7, Test MAE: 13.7994, Test RMSE: 23.9036, Test MAPE: 8.9321
2026-01-25 15:33:25,870 - easytorch-training - INFO - Evaluate best model on test data for horizon 8, Test MAE: 14.0347, Test RMSE: 24.3703, Test MAPE: 9.0403
2026-01-25 15:33:25,885 - easytorch-training - INFO - Evaluate best model on test data for horizon 9, Test MAE: 14.2490, Test RMSE: 24.7566, Test MAPE: 9.3754
2026-01-25 15:33:25,901 - easytorch-training - INFO - Evaluate best model on test data for horizon 10, Test MAE: 14.4295, Test RMSE: 25.0570, Test MAPE: 9.4342
2026-01-25 15:33:25,920 - easytorch-training - INFO - Evaluate best model on test data for horizon 11, Test MAE: 14.5861, Test RMSE: 25.3351, Test MAPE: 9.4699
2026-01-25 15:33:25,937 - easytorch-training - INFO - Evaluate best model on test data for horizon 12, Test MAE: 14.7613, Test RMSE: 25.5839, Test MAPE: 9.5845
2026-01-25 15:33:25,961 - easytorch-training - INFO - Result <test>: [test_time: 18.10 (s), test_MAE: 13.5232, test_RMSE: 23.2699, test_MAPE: 8.8105]
2026-01-25 15:33:26,379 - easytorch-training - INFO - Checkpoint checkpoints/STMAFNet_300/21afeca3ffc10cdf4e90589d029b0e70/STMAFNet_090.pt saved
2026-01-25 15:33:26,409 - easytorch-training - INFO - The estimated training finish time is 2026-01-25 23:55:45
2026-01-25 15:33:26,409 - easytorch-training - INFO - Epoch 91 / 300
2026-01-25 15:35:49,504 - easytorch-training - INFO - Result <train>: [train_time: 143.09 (s), lr: 6.25e-05, train_MAE: 12.7067, train_RMSE: 21.4786, train_MAPE: 8.4731]
2026-01-25 15:35:49,506 - easytorch-training - INFO - Start validation.
2026-01-25 15:36:08,564 - easytorch-training - INFO - Result <val>: [val_time: 19.06 (s), val_MAE: 13.5104, val_RMSE: 22.8600, val_MAPE: 9.9632]
2026-01-25 15:36:26,663 - easytorch-training - INFO - Evaluate best model on test data for horizon 1, Test MAE: 11.6969, Test RMSE: 19.1458, Test MAPE: 7.6058
2026-01-25 15:36:26,678 - easytorch-training - INFO - Evaluate best model on test data for horizon 2, Test MAE: 12.2280, Test RMSE: 20.3647, Test MAPE: 8.0421
2026-01-25 15:36:26,693 - easytorch-training - INFO - Evaluate best model on test data for horizon 3, Test MAE: 12.6508, Test RMSE: 21.3711, Test MAPE: 8.1915
2026-01-25 15:36:26,711 - easytorch-training - INFO - Evaluate best model on test data for horizon 4, Test MAE: 13.0196, Test RMSE: 22.2200, Test MAPE: 8.3793
2026-01-25 15:36:26,723 - easytorch-training - INFO - Evaluate best model on test data for horizon 5, Test MAE: 13.3141, Test RMSE: 22.9312, Test MAPE: 8.6151
2026-01-25 15:36:26,733 - easytorch-training - INFO - Evaluate best model on test data for horizon 6, Test MAE: 13.5958, Test RMSE: 23.5249, Test MAPE: 8.7949
2026-01-25 15:36:26,750 - easytorch-training - INFO - Evaluate best model on test data for horizon 7, Test MAE: 13.8249, Test RMSE: 24.0477, Test MAPE: 8.9105
2026-01-25 15:36:26,770 - easytorch-training - INFO - Evaluate best model on test data for horizon 8, Test MAE: 14.0535, Test RMSE: 24.4827, Test MAPE: 9.0845
2026-01-25 15:36:26,791 - easytorch-training - INFO - Evaluate best model on test data for horizon 9, Test MAE: 14.2699, Test RMSE: 24.9004, Test MAPE: 9.2146
2026-01-25 15:36:26,811 - easytorch-training - INFO - Evaluate best model on test data for horizon 10, Test MAE: 14.4284, Test RMSE: 25.1890, Test MAPE: 9.3172
2026-01-25 15:36:26,832 - easytorch-training - INFO - Evaluate best model on test data for horizon 11, Test MAE: 14.5957, Test RMSE: 25.4567, Test MAPE: 9.5108
2026-01-25 15:36:26,853 - easytorch-training - INFO - Evaluate best model on test data for horizon 12, Test MAE: 14.7961, Test RMSE: 25.7344, Test MAPE: 9.6012
2026-01-25 15:36:26,871 - easytorch-training - INFO - Result <test>: [test_time: 18.31 (s), test_MAE: 13.5395, test_RMSE: 23.3693, test_MAPE: 8.7723]
2026-01-25 15:36:27,209 - easytorch-training - INFO - Checkpoint checkpoints/STMAFNet_300/21afeca3ffc10cdf4e90589d029b0e70/STMAFNet_091.pt saved
2026-01-25 15:36:27,210 - easytorch-training - INFO - The estimated training finish time is 2026-01-25 23:57:48
2026-01-25 15:36:27,210 - easytorch-training - INFO - Epoch 92 / 300
2026-01-25 15:38:49,852 - easytorch-training - INFO - Result <train>: [train_time: 142.64 (s), lr: 6.25e-05, train_MAE: 12.6938, train_RMSE: 21.4484, train_MAPE: 8.4792]
2026-01-25 15:38:49,853 - easytorch-training - INFO - Start validation.
2026-01-25 15:39:09,283 - easytorch-training - INFO - Result <val>: [val_time: 19.43 (s), val_MAE: 13.4900, val_RMSE: 22.8128, val_MAPE: 9.9492]
2026-01-25 15:39:27,370 - easytorch-training - INFO - Evaluate best model on test data for horizon 1, Test MAE: 11.6797, Test RMSE: 19.1402, Test MAPE: 7.6752
2026-01-25 15:39:27,387 - easytorch-training - INFO - Evaluate best model on test data for horizon 2, Test MAE: 12.2328, Test RMSE: 20.3820, Test MAPE: 7.9066
2026-01-25 15:39:27,401 - easytorch-training - INFO - Evaluate best model on test data for horizon 3, Test MAE: 12.6575, Test RMSE: 21.3794, Test MAPE: 8.1526
2026-01-25 15:39:27,420 - easytorch-training - INFO - Evaluate best model on test data for horizon 4, Test MAE: 13.0177, Test RMSE: 22.1870, Test MAPE: 8.4143
2026-01-25 15:39:27,436 - easytorch-training - INFO - Evaluate best model on test data for horizon 5, Test MAE: 13.3031, Test RMSE: 22.8816, Test MAPE: 8.6123
2026-01-25 15:39:27,450 - easytorch-training - INFO - Evaluate best model on test data for horizon 6, Test MAE: 13.5677, Test RMSE: 23.4408, Test MAPE: 8.7932
2026-01-25 15:39:27,467 - easytorch-training - INFO - Evaluate best model on test data for horizon 7, Test MAE: 13.8191, Test RMSE: 23.9652, Test MAPE: 8.9373
2026-01-25 15:39:27,488 - easytorch-training - INFO - Evaluate best model on test data for horizon 8, Test MAE: 14.0433, Test RMSE: 24.4164, Test MAPE: 9.0824
2026-01-25 15:39:27,508 - easytorch-training - INFO - Evaluate best model on test data for horizon 9, Test MAE: 14.2465, Test RMSE: 24.8104, Test MAPE: 9.2137
2026-01-25 15:39:27,529 - easytorch-training - INFO - Evaluate best model on test data for horizon 10, Test MAE: 14.4160, Test RMSE: 25.1191, Test MAPE: 9.3413
2026-01-25 15:39:27,549 - easytorch-training - INFO - Evaluate best model on test data for horizon 11, Test MAE: 14.5873, Test RMSE: 25.3891, Test MAPE: 9.4588
2026-01-25 15:39:27,566 - easytorch-training - INFO - Evaluate best model on test data for horizon 12, Test MAE: 14.7755, Test RMSE: 25.6760, Test MAPE: 9.5984
2026-01-25 15:39:27,584 - easytorch-training - INFO - Result <test>: [test_time: 18.30 (s), test_MAE: 13.5288, test_RMSE: 23.3185, test_MAPE: 8.7655]
2026-01-25 15:39:27,941 - easytorch-training - INFO - Checkpoint checkpoints/STMAFNet_300/21afeca3ffc10cdf4e90589d029b0e70/STMAFNet_092.pt saved
2026-01-25 15:39:27,942 - easytorch-training - INFO - The estimated training finish time is 2026-01-25 23:59:48
2026-01-25 15:39:27,942 - easytorch-training - INFO - Epoch 93 / 300
2026-01-25 15:41:51,094 - easytorch-training - INFO - Result <train>: [train_time: 143.15 (s), lr: 6.25e-05, train_MAE: 12.6882, train_RMSE: 21.4449, train_MAPE: 8.4771]
2026-01-25 15:41:51,096 - easytorch-training - INFO - Start validation.
2026-01-25 15:42:10,486 - easytorch-training - INFO - Result <val>: [val_time: 19.39 (s), val_MAE: 13.4865, val_RMSE: 22.8049, val_MAPE: 10.1372]
2026-01-25 15:42:28,571 - easytorch-training - INFO - Evaluate best model on test data for horizon 1, Test MAE: 11.6758, Test RMSE: 19.1320, Test MAPE: 7.9116
2026-01-25 15:42:28,583 - easytorch-training - INFO - Evaluate best model on test data for horizon 2, Test MAE: 12.2028, Test RMSE: 20.3448, Test MAPE: 8.0764
2026-01-25 15:42:28,597 - easytorch-training - INFO - Evaluate best model on test data for horizon 3, Test MAE: 12.6249, Test RMSE: 21.3179, Test MAPE: 8.3402
2026-01-25 15:42:28,613 - easytorch-training - INFO - Evaluate best model on test data for horizon 4, Test MAE: 12.9934, Test RMSE: 22.1498, Test MAPE: 8.5854
2026-01-25 15:42:28,628 - easytorch-training - INFO - Evaluate best model on test data for horizon 5, Test MAE: 13.3013, Test RMSE: 22.8390, Test MAPE: 8.8471
2026-01-25 15:42:28,646 - easytorch-training - INFO - Evaluate best model on test data for horizon 6, Test MAE: 13.5197, Test RMSE: 23.3841, Test MAPE: 8.7651
2026-01-25 15:42:28,667 - easytorch-training - INFO - Evaluate best model on test data for horizon 7, Test MAE: 13.7967, Test RMSE: 23.9018, Test MAPE: 9.0268
2026-01-25 15:42:28,688 - easytorch-training - INFO - Evaluate best model on test data for horizon 8, Test MAE: 14.0111, Test RMSE: 24.3528, Test MAPE: 9.1348
2026-01-25 15:42:28,706 - easytorch-training - INFO - Evaluate best model on test data for horizon 9, Test MAE: 14.2330, Test RMSE: 24.7691, Test MAPE: 9.3344
2026-01-25 15:42:28,721 - easytorch-training - INFO - Evaluate best model on test data for horizon 10, Test MAE: 14.3866, Test RMSE: 25.0717, Test MAPE: 9.3569
2026-01-25 15:42:28,737 - easytorch-training - INFO - Evaluate best model on test data for horizon 11, Test MAE: 14.5737, Test RMSE: 25.3694, Test MAPE: 9.4866
2026-01-25 15:42:28,758 - easytorch-training - INFO - Evaluate best model on test data for horizon 12, Test MAE: 14.7489, Test RMSE: 25.6255, Test MAPE: 9.6130
2026-01-25 15:42:28,779 - easytorch-training - INFO - Result <test>: [test_time: 18.29 (s), test_MAE: 13.5057, test_RMSE: 23.2740, test_MAPE: 8.8732]
2026-01-25 15:42:29,116 - easytorch-training - INFO - Checkpoint checkpoints/STMAFNet_300/21afeca3ffc10cdf4e90589d029b0e70/STMAFNet_093.pt saved
2026-01-25 15:42:29,117 - easytorch-training - INFO - The estimated training finish time is 2026-01-26 00:01:47
2026-01-25 15:42:29,117 - easytorch-training - INFO - Epoch 94 / 300
2026-01-25 15:44:52,619 - easytorch-training - INFO - Result <train>: [train_time: 143.50 (s), lr: 6.25e-05, train_MAE: 12.6793, train_RMSE: 21.4284, train_MAPE: 8.4641]
2026-01-25 15:44:52,621 - easytorch-training - INFO - Start validation.
2026-01-25 15:45:11,522 - easytorch-training - INFO - Result <val>: [val_time: 18.90 (s), val_MAE: 13.5118, val_RMSE: 22.8813, val_MAPE: 10.1128]
2026-01-25 15:45:29,591 - easytorch-training - INFO - Evaluate best model on test data for horizon 1, Test MAE: 11.6807, Test RMSE: 19.1603, Test MAPE: 7.6078
2026-01-25 15:45:29,606 - easytorch-training - INFO - Evaluate best model on test data for horizon 2, Test MAE: 12.1997, Test RMSE: 20.3854, Test MAPE: 7.9739
2026-01-25 15:45:29,624 - easytorch-training - INFO - Evaluate best model on test data for horizon 3, Test MAE: 12.6403, Test RMSE: 21.4251, Test MAPE: 8.1869
2026-01-25 15:45:29,645 - easytorch-training - INFO - Evaluate best model on test data for horizon 4, Test MAE: 12.9982, Test RMSE: 22.2442, Test MAPE: 8.4478
2026-01-25 15:45:29,658 - easytorch-training - INFO - Evaluate best model on test data for horizon 5, Test MAE: 13.3001, Test RMSE: 22.9324, Test MAPE: 8.6113
2026-01-25 15:45:29,668 - easytorch-training - INFO - Evaluate best model on test data for horizon 6, Test MAE: 13.5561, Test RMSE: 23.4938, Test MAPE: 8.8304
2026-01-25 15:45:29,689 - easytorch-training - INFO - Evaluate best model on test data for horizon 7, Test MAE: 13.8310, Test RMSE: 24.0305, Test MAPE: 9.0343
2026-01-25 15:45:29,710 - easytorch-training - INFO - Evaluate best model on test data for horizon 8, Test MAE: 14.0349, Test RMSE: 24.4707, Test MAPE: 9.0721
2026-01-25 15:45:29,730 - easytorch-training - INFO - Evaluate best model on test data for horizon 9, Test MAE: 14.2407, Test RMSE: 24.8653, Test MAPE: 9.2888
2026-01-25 15:45:29,751 - easytorch-training - INFO - Evaluate best model on test data for horizon 10, Test MAE: 14.4188, Test RMSE: 25.1780, Test MAPE: 9.4046
2026-01-25 15:45:29,771 - easytorch-training - INFO - Evaluate best model on test data for horizon 11, Test MAE: 14.5935, Test RMSE: 25.4733, Test MAPE: 9.5498
2026-01-25 15:45:29,787 - easytorch-training - INFO - Evaluate best model on test data for horizon 12, Test MAE: 14.7801, Test RMSE: 25.7125, Test MAPE: 9.7111
2026-01-25 15:45:29,806 - easytorch-training - INFO - Result <test>: [test_time: 18.28 (s), test_MAE: 13.5228, test_RMSE: 23.3682, test_MAPE: 8.8099]
2026-01-25 15:45:30,143 - easytorch-training - INFO - Checkpoint checkpoints/STMAFNet_300/21afeca3ffc10cdf4e90589d029b0e70/STMAFNet_094.pt saved
2026-01-25 15:45:30,144 - easytorch-training - INFO - The estimated training finish time is 2026-01-26 00:03:43
2026-01-25 15:45:30,144 - easytorch-training - INFO - Epoch 95 / 300
2026-01-25 15:47:54,572 - easytorch-training - INFO - Result <train>: [train_time: 144.43 (s), lr: 6.25e-05, train_MAE: 12.6715, train_RMSE: 21.4213, train_MAPE: 8.4535]
2026-01-25 15:47:54,574 - easytorch-training - INFO - Start validation.
2026-01-25 15:48:13,347 - easytorch-training - INFO - Result <val>: [val_time: 18.77 (s), val_MAE: 13.4961, val_RMSE: 22.8751, val_MAPE: 10.0374]
2026-01-25 15:48:30,649 - easytorch-training - INFO - Evaluate best model on test data for horizon 1, Test MAE: 11.6676, Test RMSE: 19.1464, Test MAPE: 7.7466
2026-01-25 15:48:30,670 - easytorch-training - INFO - Evaluate best model on test data for horizon 2, Test MAE: 12.2013, Test RMSE: 20.3672, Test MAPE: 7.9031
2026-01-25 15:48:30,688 - easytorch-training - INFO - Evaluate best model on test data for horizon 3, Test MAE: 12.6254, Test RMSE: 21.3464, Test MAPE: 8.1885
2026-01-25 15:48:30,703 - easytorch-training - INFO - Evaluate best model on test data for horizon 4, Test MAE: 12.9880, Test RMSE: 22.1667, Test MAPE: 8.4007
2026-01-25 15:48:30,719 - easytorch-training - INFO - Evaluate best model on test data for horizon 5, Test MAE: 13.2971, Test RMSE: 22.8926, Test MAPE: 8.6660
2026-01-25 15:48:30,733 - easytorch-training - INFO - Evaluate best model on test data for horizon 6, Test MAE: 13.5617, Test RMSE: 23.4689, Test MAPE: 8.8257
2026-01-25 15:48:30,754 - easytorch-training - INFO - Evaluate best model on test data for horizon 7, Test MAE: 13.8336, Test RMSE: 24.0100, Test MAPE: 8.9048
2026-01-25 15:48:30,774 - easytorch-training - INFO - Evaluate best model on test data for horizon 8, Test MAE: 14.0478, Test RMSE: 24.4372, Test MAPE: 9.1070
2026-01-25 15:48:30,795 - easytorch-training - INFO - Evaluate best model on test data for horizon 9, Test MAE: 14.2480, Test RMSE: 24.8436, Test MAPE: 9.2319
2026-01-25 15:48:30,815 - easytorch-training - INFO - Evaluate best model on test data for horizon 10, Test MAE: 14.4197, Test RMSE: 25.1266, Test MAPE: 9.3325
2026-01-25 15:48:30,829 - easytorch-training - INFO - Evaluate best model on test data for horizon 11, Test MAE: 14.5957, Test RMSE: 25.3886, Test MAPE: 9.4366
2026-01-25 15:48:30,843 - easytorch-training - INFO - Evaluate best model on test data for horizon 12, Test MAE: 14.7520, Test RMSE: 25.5941, Test MAPE: 9.5390
2026-01-25 15:48:30,867 - easytorch-training - INFO - Result <test>: [test_time: 17.52 (s), test_MAE: 13.5198, test_RMSE: 23.3187, test_MAPE: 8.7735]
2026-01-25 15:48:31,205 - easytorch-training - INFO - Checkpoint checkpoints/STMAFNet_300/21afeca3ffc10cdf4e90589d029b0e70/STMAFNet_095.pt saved
2026-01-25 15:48:31,206 - easytorch-training - INFO - The estimated training finish time is 2026-01-26 00:05:36
2026-01-25 15:48:31,206 - easytorch-training - INFO - Epoch 96 / 300
2026-01-25 15:50:55,629 - easytorch-training - INFO - Result <train>: [train_time: 144.42 (s), lr: 6.25e-05, train_MAE: 12.6645, train_RMSE: 21.4106, train_MAPE: 8.4545]
2026-01-25 15:50:55,630 - easytorch-training - INFO - Start validation.
2026-01-25 15:51:14,506 - easytorch-training - INFO - Result <val>: [val_time: 18.88 (s), val_MAE: 13.4926, val_RMSE: 22.8567, val_MAPE: 10.1351]
2026-01-25 15:51:32,410 - easytorch-training - INFO - Evaluate best model on test data for horizon 1, Test MAE: 11.6914, Test RMSE: 19.1408, Test MAPE: 7.8427
2026-01-25 15:51:32,425 - easytorch-training - INFO - Evaluate best model on test data for horizon 2, Test MAE: 12.2084, Test RMSE: 20.3445, Test MAPE: 8.2058
2026-01-25 15:51:32,446 - easytorch-training - INFO - Evaluate best model on test data for horizon 3, Test MAE: 12.6170, Test RMSE: 21.2846, Test MAPE: 8.2935
2026-01-25 15:51:32,467 - easytorch-training - INFO - Evaluate best model on test data for horizon 4, Test MAE: 12.9778, Test RMSE: 22.0720, Test MAPE: 8.5409
2026-01-25 15:51:32,487 - easytorch-training - INFO - Evaluate best model on test data for horizon 5, Test MAE: 13.2741, Test RMSE: 22.7717, Test MAPE: 8.7549
2026-01-25 15:51:32,503 - easytorch-training - INFO - Evaluate best model on test data for horizon 6, Test MAE: 13.5423, Test RMSE: 23.3481, Test MAPE: 8.9668
2026-01-25 15:51:32,514 - easytorch-training - INFO - Evaluate best model on test data for horizon 7, Test MAE: 13.7922, Test RMSE: 23.9246, Test MAPE: 8.9499
2026-01-25 15:51:32,529 - easytorch-training - INFO - Evaluate best model on test data for horizon 8, Test MAE: 14.0195, Test RMSE: 24.3731, Test MAPE: 9.1560
2026-01-25 15:51:32,543 - easytorch-training - INFO - Evaluate best model on test data for horizon 9, Test MAE: 14.2385, Test RMSE: 24.7714, Test MAPE: 9.3333
2026-01-25 15:51:32,558 - easytorch-training - INFO - Evaluate best model on test data for horizon 10, Test MAE: 14.4129, Test RMSE: 25.1248, Test MAPE: 9.3672
2026-01-25 15:51:32,576 - easytorch-training - INFO - Evaluate best model on test data for horizon 11, Test MAE: 14.5919, Test RMSE: 25.4059, Test MAPE: 9.4705
2026-01-25 15:51:32,597 - easytorch-training - INFO - Evaluate best model on test data for horizon 12, Test MAE: 14.7855, Test RMSE: 25.6859, Test MAPE: 9.8272
2026-01-25 15:51:32,621 - easytorch-training - INFO - Result <test>: [test_time: 18.11 (s), test_MAE: 13.5126, test_RMSE: 23.2750, test_MAPE: 8.8924]
2026-01-25 15:51:32,958 - easytorch-training - INFO - Checkpoint checkpoints/STMAFNet_300/21afeca3ffc10cdf4e90589d029b0e70/STMAFNet_096.pt saved
2026-01-25 15:51:32,959 - easytorch-training - INFO - The estimated training finish time is 2026-01-26 00:07:29
2026-01-25 15:51:32,959 - easytorch-training - INFO - Epoch 97 / 300
2026-01-25 15:53:57,019 - easytorch-training - INFO - Result <train>: [train_time: 144.06 (s), lr: 6.25e-05, train_MAE: 12.6610, train_RMSE: 21.4087, train_MAPE: 8.4525]
2026-01-25 15:53:57,021 - easytorch-training - INFO - Start validation.
2026-01-25 15:54:15,817 - easytorch-training - INFO - Result <val>: [val_time: 18.80 (s), val_MAE: 13.5004, val_RMSE: 22.8466, val_MAPE: 10.0295]
2026-01-25 15:54:33,501 - easytorch-training - INFO - Evaluate best model on test data for horizon 1, Test MAE: 11.6704, Test RMSE: 19.1330, Test MAPE: 7.6965
2026-01-25 15:54:33,521 - easytorch-training - INFO - Evaluate best model on test data for horizon 2, Test MAE: 12.2062, Test RMSE: 20.3533, Test MAPE: 8.0133
2026-01-25 15:54:33,542 - easytorch-training - INFO - Evaluate best model on test data for horizon 3, Test MAE: 12.6513, Test RMSE: 21.3752, Test MAPE: 8.1635
2026-01-25 15:54:33,560 - easytorch-training - INFO - Evaluate best model on test data for horizon 4, Test MAE: 13.0185, Test RMSE: 22.2067, Test MAPE: 8.4895
2026-01-25 15:54:33,575 - easytorch-training - INFO - Evaluate best model on test data for horizon 5, Test MAE: 13.3216, Test RMSE: 22.9371, Test MAPE: 8.6532
2026-01-25 15:54:33,590 - easytorch-training - INFO - Evaluate best model on test data for horizon 6, Test MAE: 13.5963, Test RMSE: 23.5218, Test MAPE: 8.8855
2026-01-25 15:54:33,605 - easytorch-training - INFO - Evaluate best model on test data for horizon 7, Test MAE: 13.8444, Test RMSE: 24.0220, Test MAPE: 9.0356
2026-01-25 15:54:33,622 - easytorch-training - INFO - Evaluate best model on test data for horizon 8, Test MAE: 14.0799, Test RMSE: 24.5108, Test MAPE: 9.1325
2026-01-25 15:54:33,638 - easytorch-training - INFO - Evaluate best model on test data for horizon 9, Test MAE: 14.2982, Test RMSE: 24.9085, Test MAPE: 9.2740
2026-01-25 15:54:33,659 - easytorch-training - INFO - Evaluate best model on test data for horizon 10, Test MAE: 14.4527, Test RMSE: 25.1824, Test MAPE: 9.3816
2026-01-25 15:54:33,679 - easytorch-training - INFO - Evaluate best model on test data for horizon 11, Test MAE: 14.6384, Test RMSE: 25.4638, Test MAPE: 9.5173
2026-01-25 15:54:33,700 - easytorch-training - INFO - Evaluate best model on test data for horizon 12, Test MAE: 14.8413, Test RMSE: 25.7120, Test MAPE: 9.6653
2026-01-25 15:54:33,724 - easytorch-training - INFO - Result <test>: [test_time: 17.90 (s), test_MAE: 13.5516, test_RMSE: 23.3661, test_MAPE: 8.8257]
2026-01-25 15:54:34,060 - easytorch-training - INFO - Checkpoint checkpoints/STMAFNet_300/21afeca3ffc10cdf4e90589d029b0e70/STMAFNet_097.pt saved
2026-01-25 15:54:34,061 - easytorch-training - INFO - The estimated training finish time is 2026-01-26 00:09:18
2026-01-25 15:54:34,061 - easytorch-training - INFO - Epoch 98 / 300
2026-01-25 15:56:58,428 - easytorch-training - INFO - Result <train>: [train_time: 144.37 (s), lr: 6.25e-05, train_MAE: 12.6495, train_RMSE: 21.3839, train_MAPE: 8.4457]
2026-01-25 15:56:58,429 - easytorch-training - INFO - Start validation.
2026-01-25 15:57:17,185 - easytorch-training - INFO - Result <val>: [val_time: 18.76 (s), val_MAE: 13.4862, val_RMSE: 22.8459, val_MAPE: 10.0722]
2026-01-25 15:57:34,614 - easytorch-training - INFO - Evaluate best model on test data for horizon 1, Test MAE: 11.6588, Test RMSE: 19.1529, Test MAPE: 7.5716
2026-01-25 15:57:34,634 - easytorch-training - INFO - Evaluate best model on test data for horizon 2, Test MAE: 12.2199, Test RMSE: 20.4047, Test MAPE: 7.8864
2026-01-25 15:57:34,655 - easytorch-training - INFO - Evaluate best model on test data for horizon 3, Test MAE: 12.6376, Test RMSE: 21.4145, Test MAPE: 8.1790
2026-01-25 15:57:34,675 - easytorch-training - INFO - Evaluate best model on test data for horizon 4, Test MAE: 12.9989, Test RMSE: 22.2470, Test MAPE: 8.3633
2026-01-25 15:57:34,689 - easytorch-training - INFO - Evaluate best model on test data for horizon 5, Test MAE: 13.3082, Test RMSE: 22.9655, Test MAPE: 8.5955
2026-01-25 15:57:34,702 - easytorch-training - INFO - Evaluate best model on test data for horizon 6, Test MAE: 13.5588, Test RMSE: 23.5370, Test MAPE: 8.9474
2026-01-25 15:57:34,710 - easytorch-training - INFO - Evaluate best model on test data for horizon 7, Test MAE: 13.8096, Test RMSE: 24.0598, Test MAPE: 8.9900
2026-01-25 15:57:34,728 - easytorch-training - INFO - Evaluate best model on test data for horizon 8, Test MAE: 14.0354, Test RMSE: 24.5066, Test MAPE: 9.0718
2026-01-25 15:57:34,749 - easytorch-training - INFO - Evaluate best model on test data for horizon 9, Test MAE: 14.2586, Test RMSE: 24.9081, Test MAPE: 9.2030
2026-01-25 15:57:34,770 - easytorch-training - INFO - Evaluate best model on test data for horizon 10, Test MAE: 14.4163, Test RMSE: 25.1846, Test MAPE: 9.3503
2026-01-25 15:57:34,790 - easytorch-training - INFO - Evaluate best model on test data for horizon 11, Test MAE: 14.5888, Test RMSE: 25.4481, Test MAPE: 9.5071
2026-01-25 15:57:34,811 - easytorch-training - INFO - Evaluate best model on test data for horizon 12, Test MAE: 14.7715, Test RMSE: 25.6985, Test MAPE: 9.8556
2026-01-25 15:57:34,824 - easytorch-training - INFO - Result <test>: [test_time: 17.64 (s), test_MAE: 13.5219, test_RMSE: 23.3813, test_MAPE: 8.7934]
2026-01-25 15:57:35,161 - easytorch-training - INFO - Checkpoint checkpoints/STMAFNet_300/21afeca3ffc10cdf4e90589d029b0e70/STMAFNet_098.pt saved
2026-01-25 15:57:35,162 - easytorch-training - INFO - The estimated training finish time is 2026-01-26 00:11:05
2026-01-25 15:57:35,162 - easytorch-training - INFO - Epoch 99 / 300
2026-01-25 15:59:59,172 - easytorch-training - INFO - Result <train>: [train_time: 144.01 (s), lr: 6.25e-05, train_MAE: 12.6485, train_RMSE: 21.3890, train_MAPE: 8.4445]
2026-01-25 15:59:59,174 - easytorch-training - INFO - Start validation.
2026-01-25 16:00:18,504 - easytorch-training - INFO - Result <val>: [val_time: 19.33 (s), val_MAE: 13.4843, val_RMSE: 22.8388, val_MAPE: 10.1043]
2026-01-25 16:00:35,127 - easytorch-training - INFO - Evaluate best model on test data for horizon 1, Test MAE: 11.6579, Test RMSE: 19.1601, Test MAPE: 7.6343
2026-01-25 16:00:35,141 - easytorch-training - INFO - Evaluate best model on test data for horizon 2, Test MAE: 12.1976, Test RMSE: 20.3857, Test MAPE: 7.9978
2026-01-25 16:00:35,156 - easytorch-training - INFO - Evaluate best model on test data for horizon 3, Test MAE: 12.6267, Test RMSE: 21.3710, Test MAPE: 8.1695
2026-01-25 16:00:35,174 - easytorch-training - INFO - Evaluate best model on test data for horizon 4, Test MAE: 12.9877, Test RMSE: 22.1552, Test MAPE: 8.5679
2026-01-25 16:00:35,195 - easytorch-training - INFO - Evaluate best model on test data for horizon 5, Test MAE: 13.2881, Test RMSE: 22.8634, Test MAPE: 8.6128
2026-01-25 16:00:35,214 - easytorch-training - INFO - Evaluate best model on test data for horizon 6, Test MAE: 13.5487, Test RMSE: 23.4804, Test MAPE: 8.8089
2026-01-25 16:00:35,228 - easytorch-training - INFO - Evaluate best model on test data for horizon 7, Test MAE: 13.8030, Test RMSE: 24.0367, Test MAPE: 8.9320
2026-01-25 16:00:35,242 - easytorch-training - INFO - Evaluate best model on test data for horizon 8, Test MAE: 14.0317, Test RMSE: 24.5063, Test MAPE: 9.0618
2026-01-25 16:00:35,256 - easytorch-training - INFO - Evaluate best model on test data for horizon 9, Test MAE: 14.2463, Test RMSE: 24.9240, Test MAPE: 9.2210
2026-01-25 16:00:35,268 - easytorch-training - INFO - Evaluate best model on test data for horizon 10, Test MAE: 14.4120, Test RMSE: 25.2399, Test MAPE: 9.3387
2026-01-25 16:00:35,285 - easytorch-training - INFO - Evaluate best model on test data for horizon 11, Test MAE: 14.5926, Test RMSE: 25.5244, Test MAPE: 9.4792
2026-01-25 16:00:35,305 - easytorch-training - INFO - Evaluate best model on test data for horizon 12, Test MAE: 14.7708, Test RMSE: 25.7520, Test MAPE: 9.6194
2026-01-25 16:00:35,329 - easytorch-training - INFO - Result <test>: [test_time: 16.82 (s), test_MAE: 13.5136, test_RMSE: 23.3730, test_MAPE: 8.7869]
2026-01-25 16:00:35,771 - easytorch-training - INFO - Checkpoint checkpoints/STMAFNet_300/21afeca3ffc10cdf4e90589d029b0e70/STMAFNet_099.pt saved
2026-01-25 16:00:35,772 - easytorch-training - INFO - The estimated training finish time is 2026-01-26 00:12:48
2026-01-25 16:00:35,772 - easytorch-training - INFO - Epoch 100 / 300
2026-01-25 16:03:00,168 - easytorch-training - INFO - Result <train>: [train_time: 144.40 (s), lr: 6.25e-05, train_MAE: 12.6341, train_RMSE: 21.3681, train_MAPE: 8.4336]
2026-01-25 16:03:00,170 - easytorch-training - INFO - Start validation.
2026-01-25 16:03:18,937 - easytorch-training - INFO - Result <val>: [val_time: 18.77 (s), val_MAE: 13.5108, val_RMSE: 22.8905, val_MAPE: 10.0329]
2026-01-25 16:03:36,219 - easytorch-training - INFO - Evaluate best model on test data for horizon 1, Test MAE: 11.6792, Test RMSE: 19.1794, Test MAPE: 7.5741
2026-01-25 16:03:36,236 - easytorch-training - INFO - Evaluate best model on test data for horizon 2, Test MAE: 12.2284, Test RMSE: 20.4172, Test MAPE: 7.9012
2026-01-25 16:03:36,250 - easytorch-training - INFO - Evaluate best model on test data for horizon 3, Test MAE: 12.6610, Test RMSE: 21.3993, Test MAPE: 8.1762
2026-01-25 16:03:36,266 - easytorch-training - INFO - Evaluate best model on test data for horizon 4, Test MAE: 13.0220, Test RMSE: 22.2290, Test MAPE: 8.3910
2026-01-25 16:03:36,281 - easytorch-training - INFO - Evaluate best model on test data for horizon 5, Test MAE: 13.3206, Test RMSE: 22.9405, Test MAPE: 8.5687
2026-01-25 16:03:36,289 - easytorch-training - INFO - Evaluate best model on test data for horizon 6, Test MAE: 13.5856, Test RMSE: 23.5455, Test MAPE: 8.7366
2026-01-25 16:03:36,303 - easytorch-training - INFO - Evaluate best model on test data for horizon 7, Test MAE: 13.8367, Test RMSE: 24.0491, Test MAPE: 8.8892
2026-01-25 16:03:36,324 - easytorch-training - INFO - Evaluate best model on test data for horizon 8, Test MAE: 14.0679, Test RMSE: 24.5166, Test MAPE: 9.0815
2026-01-25 16:03:36,345 - easytorch-training - INFO - Evaluate best model on test data for horizon 9, Test MAE: 14.2815, Test RMSE: 24.9054, Test MAPE: 9.2044
2026-01-25 16:03:36,364 - easytorch-training - INFO - Evaluate best model on test data for horizon 10, Test MAE: 14.4358, Test RMSE: 25.1714, Test MAPE: 9.3415
2026-01-25 16:03:36,378 - easytorch-training - INFO - Evaluate best model on test data for horizon 11, Test MAE: 14.6173, Test RMSE: 25.4508, Test MAPE: 9.4679
2026-01-25 16:03:36,388 - easytorch-training - INFO - Evaluate best model on test data for horizon 12, Test MAE: 14.7910, Test RMSE: 25.6992, Test MAPE: 9.5982
2026-01-25 16:03:36,406 - easytorch-training - INFO - Result <test>: [test_time: 17.47 (s), test_MAE: 13.5439, test_RMSE: 23.3790, test_MAPE: 8.7442]
2026-01-25 16:03:36,743 - easytorch-training - INFO - Checkpoint checkpoints/STMAFNet_300/21afeca3ffc10cdf4e90589d029b0e70/STMAFNet_100.pt saved
2026-01-25 16:03:36,777 - easytorch-training - INFO - The estimated training finish time is 2026-01-26 00:14:30
2026-01-25 16:03:36,777 - easytorch-training - INFO - Epoch 101 / 300
2026-01-25 16:06:01,004 - easytorch-training - INFO - Result <train>: [train_time: 144.23 (s), lr: 6.25e-05, train_MAE: 12.6256, train_RMSE: 21.3455, train_MAPE: 8.4275]
2026-01-25 16:06:01,006 - easytorch-training - INFO - Start validation.
2026-01-25 16:06:19,018 - easytorch-training - INFO - Result <val>: [val_time: 18.01 (s), val_MAE: 13.5147, val_RMSE: 22.8901, val_MAPE: 10.1987]
2026-01-25 16:06:36,600 - easytorch-training - INFO - Evaluate best model on test data for horizon 1, Test MAE: 11.6678, Test RMSE: 19.1591, Test MAPE: 7.6244
2026-01-25 16:06:36,620 - easytorch-training - INFO - Evaluate best model on test data for horizon 2, Test MAE: 12.2265, Test RMSE: 20.4221, Test MAPE: 7.9209
2026-01-25 16:06:36,641 - easytorch-training - INFO - Evaluate best model on test data for horizon 3, Test MAE: 12.6735, Test RMSE: 21.4570, Test MAPE: 8.2847
2026-01-25 16:06:36,661 - easytorch-training - INFO - Evaluate best model on test data for horizon 4, Test MAE: 13.0441, Test RMSE: 22.3065, Test MAPE: 8.4856
2026-01-25 16:06:36,682 - easytorch-training - INFO - Evaluate best model on test data for horizon 5, Test MAE: 13.3325, Test RMSE: 23.0269, Test MAPE: 8.5759
2026-01-25 16:06:36,698 - easytorch-training - INFO - Evaluate best model on test data for horizon 6, Test MAE: 13.5778, Test RMSE: 23.6132, Test MAPE: 8.7777
2026-01-25 16:06:36,713 - easytorch-training - INFO - Evaluate best model on test data for horizon 7, Test MAE: 13.8335, Test RMSE: 24.1533, Test MAPE: 8.9142
2026-01-25 16:06:36,731 - easytorch-training - INFO - Evaluate best model on test data for horizon 8, Test MAE: 14.0640, Test RMSE: 24.5995, Test MAPE: 9.0796
2026-01-25 16:06:36,752 - easytorch-training - INFO - Evaluate best model on test data for horizon 9, Test MAE: 14.2715, Test RMSE: 24.9815, Test MAPE: 9.2420
2026-01-25 16:06:36,769 - easytorch-training - INFO - Evaluate best model on test data for horizon 10, Test MAE: 14.4798, Test RMSE: 25.2870, Test MAPE: 9.3777
2026-01-25 16:06:36,787 - easytorch-training - INFO - Evaluate best model on test data for horizon 11, Test MAE: 14.6320, Test RMSE: 25.5405, Test MAPE: 9.4831
2026-01-25 16:06:36,803 - easytorch-training - INFO - Evaluate best model on test data for horizon 12, Test MAE: 14.8064, Test RMSE: 25.8032, Test MAPE: 9.6467
2026-01-25 16:06:36,827 - easytorch-training - INFO - Result <test>: [test_time: 17.81 (s), test_MAE: 13.5508, test_RMSE: 23.4522, test_MAPE: 8.7844]
2026-01-25 16:06:37,248 - easytorch-training - INFO - Checkpoint checkpoints/STMAFNet_300/21afeca3ffc10cdf4e90589d029b0e70/STMAFNet_101.pt saved
2026-01-25 16:06:37,248 - easytorch-training - INFO - The estimated training finish time is 2026-01-26 00:16:09
2026-01-25 16:06:37,249 - easytorch-training - INFO - Epoch 102 / 300
2026-01-25 16:09:02,149 - easytorch-training - INFO - Result <train>: [train_time: 144.90 (s), lr: 6.25e-05, train_MAE: 12.6229, train_RMSE: 21.3458, train_MAPE: 8.4283]
2026-01-25 16:09:02,151 - easytorch-training - INFO - Start validation.
2026-01-25 16:09:20,371 - easytorch-training - INFO - Result <val>: [val_time: 18.22 (s), val_MAE: 13.4838, val_RMSE: 22.8591, val_MAPE: 9.9417]
2026-01-25 16:09:37,699 - easytorch-training - INFO - Evaluate best model on test data for horizon 1, Test MAE: 11.6542, Test RMSE: 19.1665, Test MAPE: 7.7383
2026-01-25 16:09:37,702 - easytorch-training - INFO - Evaluate best model on test data for horizon 2, Test MAE: 12.2213, Test RMSE: 20.4289, Test MAPE: 8.1801
2026-01-25 16:09:37,714 - easytorch-training - INFO - Evaluate best model on test data for horizon 3, Test MAE: 12.6656, Test RMSE: 21.4835, Test MAPE: 8.4590
2026-01-25 16:09:37,735 - easytorch-training - INFO - Evaluate best model on test data for horizon 4, Test MAE: 13.0259, Test RMSE: 22.3297, Test MAPE: 8.4137
2026-01-25 16:09:37,756 - easytorch-training - INFO - Evaluate best model on test data for horizon 5, Test MAE: 13.3170, Test RMSE: 23.0299, Test MAPE: 8.7377
2026-01-25 16:09:37,776 - easytorch-training - INFO - Evaluate best model on test data for horizon 6, Test MAE: 13.5906, Test RMSE: 23.6412, Test MAPE: 8.8054
2026-01-25 16:09:37,797 - easytorch-training - INFO - Evaluate best model on test data for horizon 7, Test MAE: 13.8378, Test RMSE: 24.1266, Test MAPE: 8.9920
2026-01-25 16:09:37,815 - easytorch-training - INFO - Evaluate best model on test data for horizon 8, Test MAE: 14.0651, Test RMSE: 24.5688, Test MAPE: 9.0818
2026-01-25 16:09:37,829 - easytorch-training - INFO - Evaluate best model on test data for horizon 9, Test MAE: 14.2710, Test RMSE: 24.9535, Test MAPE: 9.2503
2026-01-25 16:09:37,844 - easytorch-training - INFO - Evaluate best model on test data for horizon 10, Test MAE: 14.4325, Test RMSE: 25.2451, Test MAPE: 9.3354
2026-01-25 16:09:37,858 - easytorch-training - INFO - Evaluate best model on test data for horizon 11, Test MAE: 14.5910, Test RMSE: 25.5045, Test MAPE: 9.5207
2026-01-25 16:09:37,879 - easytorch-training - INFO - Evaluate best model on test data for horizon 12, Test MAE: 14.7944, Test RMSE: 25.7906, Test MAPE: 9.5696
2026-01-25 16:09:37,903 - easytorch-training - INFO - Result <test>: [test_time: 17.53 (s), test_MAE: 13.5389, test_RMSE: 23.4440, test_MAPE: 8.8403]
2026-01-25 16:09:38,237 - easytorch-training - INFO - Checkpoint checkpoints/STMAFNet_300/21afeca3ffc10cdf4e90589d029b0e70/STMAFNet_102.pt saved
2026-01-25 16:09:38,238 - easytorch-training - INFO - The estimated training finish time is 2026-01-26 00:17:47
2026-01-25 16:09:38,238 - easytorch-training - INFO - Epoch 103 / 300
2026-01-25 16:12:02,523 - easytorch-training - INFO - Result <train>: [train_time: 144.29 (s), lr: 6.25e-05, train_MAE: 12.6203, train_RMSE: 21.3416, train_MAPE: 8.4237]
2026-01-25 16:12:02,524 - easytorch-training - INFO - Start validation.
2026-01-25 16:12:21,936 - easytorch-training - INFO - Result <val>: [val_time: 19.41 (s), val_MAE: 13.4923, val_RMSE: 22.8964, val_MAPE: 10.0005]
2026-01-25 16:12:39,930 - easytorch-training - INFO - Evaluate best model on test data for horizon 1, Test MAE: 11.6526, Test RMSE: 19.1578, Test MAPE: 7.5731
2026-01-25 16:12:39,950 - easytorch-training - INFO - Evaluate best model on test data for horizon 2, Test MAE: 12.2031, Test RMSE: 20.4038, Test MAPE: 7.9046
2026-01-25 16:12:39,971 - easytorch-training - INFO - Evaluate best model on test data for horizon 3, Test MAE: 12.6360, Test RMSE: 21.4264, Test MAPE: 8.1818
2026-01-25 16:12:39,992 - easytorch-training - INFO - Evaluate best model on test data for horizon 4, Test MAE: 13.0181, Test RMSE: 22.2883, Test MAPE: 8.3696
2026-01-25 16:12:40,004 - easytorch-training - INFO - Evaluate best model on test data for horizon 5, Test MAE: 13.3089, Test RMSE: 23.0029, Test MAPE: 8.5913
2026-01-25 16:12:40,010 - easytorch-training - INFO - Evaluate best model on test data for horizon 6, Test MAE: 13.5713, Test RMSE: 23.5940, Test MAPE: 8.7678
2026-01-25 16:12:40,014 - easytorch-training - INFO - Evaluate best model on test data for horizon 7, Test MAE: 13.8416, Test RMSE: 24.1379, Test MAPE: 8.9411
2026-01-25 16:12:40,033 - easytorch-training - INFO - Evaluate best model on test data for horizon 8, Test MAE: 14.0776, Test RMSE: 24.5918, Test MAPE: 9.0843
2026-01-25 16:12:40,053 - easytorch-training - INFO - Evaluate best model on test data for horizon 9, Test MAE: 14.2831, Test RMSE: 24.9862, Test MAPE: 9.2305
2026-01-25 16:12:40,074 - easytorch-training - INFO - Evaluate best model on test data for horizon 10, Test MAE: 14.4641, Test RMSE: 25.2828, Test MAPE: 9.4225
2026-01-25 16:12:40,094 - easytorch-training - INFO - Evaluate best model on test data for horizon 11, Test MAE: 14.6319, Test RMSE: 25.5404, Test MAPE: 9.5156
2026-01-25 16:12:40,115 - easytorch-training - INFO - Evaluate best model on test data for horizon 12, Test MAE: 14.8114, Test RMSE: 25.7978, Test MAPE: 9.6439
2026-01-25 16:12:40,139 - easytorch-training - INFO - Result <test>: [test_time: 18.20 (s), test_MAE: 13.5416, test_RMSE: 23.4410, test_MAPE: 8.7688]
2026-01-25 16:12:40,481 - easytorch-training - INFO - Checkpoint checkpoints/STMAFNet_300/21afeca3ffc10cdf4e90589d029b0e70/STMAFNet_103.pt saved
2026-01-25 16:12:40,482 - easytorch-training - INFO - The estimated training finish time is 2026-01-26 00:19:27
2026-01-25 16:12:40,482 - easytorch-training - INFO - Epoch 104 / 300
2026-01-25 16:15:03,917 - easytorch-training - INFO - Result <train>: [train_time: 143.44 (s), lr: 6.25e-05, train_MAE: 12.6077, train_RMSE: 21.3278, train_MAPE: 8.4195]
2026-01-25 16:15:03,918 - easytorch-training - INFO - Start validation.
2026-01-25 16:15:23,297 - easytorch-training - INFO - Result <val>: [val_time: 19.38 (s), val_MAE: 13.4581, val_RMSE: 22.8499, val_MAPE: 9.9292]
2026-01-25 16:15:24,086 - easytorch-training - INFO - Checkpoint checkpoints/STMAFNet_300/21afeca3ffc10cdf4e90589d029b0e70/STMAFNet_best_val_MAE.pt saved
2026-01-25 16:15:42,139 - easytorch-training - INFO - Evaluate best model on test data for horizon 1, Test MAE: 11.6586, Test RMSE: 19.1654, Test MAPE: 7.7385
2026-01-25 16:15:42,155 - easytorch-training - INFO - Evaluate best model on test data for horizon 2, Test MAE: 12.2065, Test RMSE: 20.4284, Test MAPE: 8.0324
2026-01-25 16:15:42,170 - easytorch-training - INFO - Evaluate best model on test data for horizon 3, Test MAE: 12.6246, Test RMSE: 21.4138, Test MAPE: 8.1547
2026-01-25 16:15:42,190 - easytorch-training - INFO - Evaluate best model on test data for horizon 4, Test MAE: 12.9752, Test RMSE: 22.2229, Test MAPE: 8.3651
2026-01-25 16:15:42,211 - easytorch-training - INFO - Evaluate best model on test data for horizon 5, Test MAE: 13.2855, Test RMSE: 22.9634, Test MAPE: 8.6440
2026-01-25 16:15:42,232 - easytorch-training - INFO - Evaluate best model on test data for horizon 6, Test MAE: 13.5552, Test RMSE: 23.5723, Test MAPE: 8.7560
2026-01-25 16:15:42,247 - easytorch-training - INFO - Evaluate best model on test data for horizon 7, Test MAE: 13.8075, Test RMSE: 24.0939, Test MAPE: 8.8683
2026-01-25 16:15:42,261 - easytorch-training - INFO - Evaluate best model on test data for horizon 8, Test MAE: 14.0550, Test RMSE: 24.5758, Test MAPE: 9.0498
2026-01-25 16:15:42,282 - easytorch-training - INFO - Evaluate best model on test data for horizon 9, Test MAE: 14.2569, Test RMSE: 24.9535, Test MAPE: 9.1813
2026-01-25 16:15:42,303 - easytorch-training - INFO - Evaluate best model on test data for horizon 10, Test MAE: 14.4227, Test RMSE: 25.2682, Test MAPE: 9.3127
2026-01-25 16:15:42,318 - easytorch-training - INFO - Evaluate best model on test data for horizon 11, Test MAE: 14.5867, Test RMSE: 25.5130, Test MAPE: 9.4379
2026-01-25 16:15:42,338 - easytorch-training - INFO - Evaluate best model on test data for horizon 12, Test MAE: 14.7532, Test RMSE: 25.7418, Test MAPE: 9.5422
2026-01-25 16:15:42,362 - easytorch-training - INFO - Result <test>: [test_time: 18.27 (s), test_MAE: 13.5156, test_RMSE: 23.4151, test_MAPE: 8.7569]
2026-01-25 16:15:42,706 - easytorch-training - INFO - Checkpoint checkpoints/STMAFNet_300/21afeca3ffc10cdf4e90589d029b0e70/STMAFNet_104.pt saved
2026-01-25 16:15:42,707 - easytorch-training - INFO - The estimated training finish time is 2026-01-26 00:21:05
2026-01-25 16:15:42,707 - easytorch-training - INFO - Epoch 105 / 300
2026-01-25 16:18:05,893 - easytorch-training - INFO - Result <train>: [train_time: 143.19 (s), lr: 6.25e-05, train_MAE: 12.6015, train_RMSE: 21.3197, train_MAPE: 8.4152]
2026-01-25 16:18:05,895 - easytorch-training - INFO - Start validation.
2026-01-25 16:18:25,276 - easytorch-training - INFO - Result <val>: [val_time: 19.38 (s), val_MAE: 13.4706, val_RMSE: 22.8686, val_MAPE: 10.1908]
2026-01-25 16:18:43,356 - easytorch-training - INFO - Evaluate best model on test data for horizon 1, Test MAE: 11.6449, Test RMSE: 19.1530, Test MAPE: 7.6321
2026-01-25 16:18:43,370 - easytorch-training - INFO - Evaluate best model on test data for horizon 2, Test MAE: 12.1868, Test RMSE: 20.3911, Test MAPE: 7.9442
2026-01-25 16:18:43,387 - easytorch-training - INFO - Evaluate best model on test data for horizon 3, Test MAE: 12.6076, Test RMSE: 21.3805, Test MAPE: 8.2098
2026-01-25 16:18:43,407 - easytorch-training - INFO - Evaluate best model on test data for horizon 4, Test MAE: 12.9716, Test RMSE: 22.2049, Test MAPE: 8.4325
2026-01-25 16:18:43,428 - easytorch-training - INFO - Evaluate best model on test data for horizon 5, Test MAE: 13.2660, Test RMSE: 22.9296, Test MAPE: 8.6337
2026-01-25 16:18:43,449 - easytorch-training - INFO - Evaluate best model on test data for horizon 6, Test MAE: 13.5321, Test RMSE: 23.5153, Test MAPE: 8.8168
2026-01-25 16:18:43,463 - easytorch-training - INFO - Evaluate best model on test data for horizon 7, Test MAE: 13.8043, Test RMSE: 24.0482, Test MAPE: 9.1175
2026-01-25 16:18:43,478 - easytorch-training - INFO - Evaluate best model on test data for horizon 8, Test MAE: 14.0267, Test RMSE: 24.5174, Test MAPE: 9.1517
2026-01-25 16:18:43,493 - easytorch-training - INFO - Evaluate best model on test data for horizon 9, Test MAE: 14.2522, Test RMSE: 24.9289, Test MAPE: 9.2972
2026-01-25 16:18:43,513 - easytorch-training - INFO - Evaluate best model on test data for horizon 10, Test MAE: 14.4182, Test RMSE: 25.2103, Test MAPE: 9.4424
2026-01-25 16:18:43,534 - easytorch-training - INFO - Evaluate best model on test data for horizon 11, Test MAE: 14.5917, Test RMSE: 25.4908, Test MAPE: 9.6413
2026-01-25 16:18:43,554 - easytorch-training - INFO - Evaluate best model on test data for horizon 12, Test MAE: 14.7724, Test RMSE: 25.7282, Test MAPE: 9.8865
2026-01-25 16:18:43,574 - easytorch-training - INFO - Result <test>: [test_time: 18.30 (s), test_MAE: 13.5062, test_RMSE: 23.3804, test_MAPE: 8.8505]
2026-01-25 16:18:44,001 - easytorch-training - INFO - Checkpoint checkpoints/STMAFNet_300/21afeca3ffc10cdf4e90589d029b0e70/STMAFNet_105.pt saved
2026-01-25 16:18:44,002 - easytorch-training - INFO - The estimated training finish time is 2026-01-26 00:22:39
2026-01-25 16:18:44,002 - easytorch-training - INFO - Epoch 106 / 300
2026-01-25 16:21:06,703 - easytorch-training - INFO - Result <train>: [train_time: 142.70 (s), lr: 6.25e-05, train_MAE: 12.5964, train_RMSE: 21.3042, train_MAPE: 8.4140]
2026-01-25 16:21:06,705 - easytorch-training - INFO - Start validation.
2026-01-25 16:21:26,132 - easytorch-training - INFO - Result <val>: [val_time: 19.43 (s), val_MAE: 13.4836, val_RMSE: 22.8710, val_MAPE: 10.1454]
2026-01-25 16:21:44,215 - easytorch-training - INFO - Evaluate best model on test data for horizon 1, Test MAE: 11.6616, Test RMSE: 19.1636, Test MAPE: 7.8215
2026-01-25 16:21:44,236 - easytorch-training - INFO - Evaluate best model on test data for horizon 2, Test MAE: 12.2032, Test RMSE: 20.4037, Test MAPE: 8.0705
2026-01-25 16:21:44,253 - easytorch-training - INFO - Evaluate best model on test data for horizon 3, Test MAE: 12.6147, Test RMSE: 21.4068, Test MAPE: 8.2395
2026-01-25 16:21:44,262 - easytorch-training - INFO - Evaluate best model on test data for horizon 4, Test MAE: 12.9775, Test RMSE: 22.2527, Test MAPE: 8.5140
2026-01-25 16:21:44,272 - easytorch-training - INFO - Evaluate best model on test data for horizon 5, Test MAE: 13.2823, Test RMSE: 22.9852, Test MAPE: 8.6170
2026-01-25 16:21:44,292 - easytorch-training - INFO - Evaluate best model on test data for horizon 6, Test MAE: 13.5470, Test RMSE: 23.5751, Test MAPE: 8.7797
2026-01-25 16:21:44,313 - easytorch-training - INFO - Evaluate best model on test data for horizon 7, Test MAE: 13.7986, Test RMSE: 24.1051, Test MAPE: 8.9092
2026-01-25 16:21:44,334 - easytorch-training - INFO - Evaluate best model on test data for horizon 8, Test MAE: 14.0470, Test RMSE: 24.5466, Test MAPE: 9.1186
2026-01-25 16:21:44,354 - easytorch-training - INFO - Evaluate best model on test data for horizon 9, Test MAE: 14.2599, Test RMSE: 24.9356, Test MAPE: 9.3456
2026-01-25 16:21:44,375 - easytorch-training - INFO - Evaluate best model on test data for horizon 10, Test MAE: 14.4417, Test RMSE: 25.2445, Test MAPE: 9.4639
2026-01-25 16:21:44,390 - easytorch-training - INFO - Evaluate best model on test data for horizon 11, Test MAE: 14.6024, Test RMSE: 25.5145, Test MAPE: 9.5386
2026-01-25 16:21:44,410 - easytorch-training - INFO - Evaluate best model on test data for horizon 12, Test MAE: 14.8111, Test RMSE: 25.8180, Test MAPE: 9.7514
2026-01-25 16:21:44,434 - easytorch-training - INFO - Result <test>: [test_time: 18.30 (s), test_MAE: 13.5206, test_RMSE: 23.4188, test_MAPE: 8.8475]
2026-01-25 16:21:44,777 - easytorch-training - INFO - Checkpoint checkpoints/STMAFNet_300/21afeca3ffc10cdf4e90589d029b0e70/STMAFNet_106.pt saved
2026-01-25 16:21:44,777 - easytorch-training - INFO - The estimated training finish time is 2026-01-26 00:24:09
2026-01-25 16:21:44,777 - easytorch-training - INFO - Epoch 107 / 300
2026-01-25 16:24:07,772 - easytorch-training - INFO - Result <train>: [train_time: 142.99 (s), lr: 6.25e-05, train_MAE: 12.5863, train_RMSE: 21.2849, train_MAPE: 8.3967]
2026-01-25 16:24:07,774 - easytorch-training - INFO - Start validation.
2026-01-25 16:24:27,181 - easytorch-training - INFO - Result <val>: [val_time: 19.41 (s), val_MAE: 13.4963, val_RMSE: 22.9013, val_MAPE: 10.0453]
2026-01-25 16:24:45,264 - easytorch-training - INFO - Evaluate best model on test data for horizon 1, Test MAE: 11.6713, Test RMSE: 19.1862, Test MAPE: 7.6353
2026-01-25 16:24:45,278 - easytorch-training - INFO - Evaluate best model on test data for horizon 2, Test MAE: 12.2229, Test RMSE: 20.4317, Test MAPE: 7.8999
2026-01-25 16:24:45,295 - easytorch-training - INFO - Evaluate best model on test data for horizon 3, Test MAE: 12.6375, Test RMSE: 21.4184, Test MAPE: 8.1465
2026-01-25 16:24:45,315 - easytorch-training - INFO - Evaluate best model on test data for horizon 4, Test MAE: 12.9940, Test RMSE: 22.2352, Test MAPE: 8.3602
2026-01-25 16:24:45,336 - easytorch-training - INFO - Evaluate best model on test data for horizon 5, Test MAE: 13.2936, Test RMSE: 22.9226, Test MAPE: 8.5690
2026-01-25 16:24:45,356 - easytorch-training - INFO - Evaluate best model on test data for horizon 6, Test MAE: 13.5584, Test RMSE: 23.5230, Test MAPE: 8.7632
2026-01-25 16:24:45,370 - easytorch-training - INFO - Evaluate best model on test data for horizon 7, Test MAE: 13.8336, Test RMSE: 24.0765, Test MAPE: 8.9397
2026-01-25 16:24:45,380 - easytorch-training - INFO - Evaluate best model on test data for horizon 8, Test MAE: 14.0730, Test RMSE: 24.5540, Test MAPE: 9.1025
2026-01-25 16:24:45,400 - easytorch-training - INFO - Evaluate best model on test data for horizon 9, Test MAE: 14.2933, Test RMSE: 24.9964, Test MAPE: 9.2688
2026-01-25 16:24:45,421 - easytorch-training - INFO - Evaluate best model on test data for horizon 10, Test MAE: 14.4639, Test RMSE: 25.3285, Test MAPE: 9.3676
2026-01-25 16:24:45,442 - easytorch-training - INFO - Evaluate best model on test data for horizon 11, Test MAE: 14.6434, Test RMSE: 25.6301, Test MAPE: 9.5288
2026-01-25 16:24:45,461 - easytorch-training - INFO - Evaluate best model on test data for horizon 12, Test MAE: 14.8266, Test RMSE: 25.8719, Test MAPE: 9.6560
2026-01-25 16:24:45,481 - easytorch-training - INFO - Result <test>: [test_time: 18.30 (s), test_MAE: 13.5426, test_RMSE: 23.4391, test_MAPE: 8.7698]
2026-01-25 16:24:45,844 - easytorch-training - INFO - Checkpoint checkpoints/STMAFNet_300/21afeca3ffc10cdf4e90589d029b0e70/STMAFNet_107.pt saved
2026-01-25 16:24:45,845 - easytorch-training - INFO - The estimated training finish time is 2026-01-26 00:25:38
2026-01-25 16:24:45,845 - easytorch-training - INFO - Epoch 108 / 300
2026-01-25 16:27:09,399 - easytorch-training - INFO - Result <train>: [train_time: 143.55 (s), lr: 6.25e-05, train_MAE: 12.5803, train_RMSE: 21.2780, train_MAPE: 8.3994]
2026-01-25 16:27:09,401 - easytorch-training - INFO - Start validation.
2026-01-25 16:27:27,831 - easytorch-training - INFO - Result <val>: [val_time: 18.43 (s), val_MAE: 13.4732, val_RMSE: 22.8555, val_MAPE: 10.2024]
2026-01-25 16:27:45,931 - easytorch-training - INFO - Evaluate best model on test data for horizon 1, Test MAE: 11.6508, Test RMSE: 19.1547, Test MAPE: 7.7626
2026-01-25 16:27:45,951 - easytorch-training - INFO - Evaluate best model on test data for horizon 2, Test MAE: 12.1893, Test RMSE: 20.4039, Test MAPE: 8.1446
2026-01-25 16:27:45,972 - easytorch-training - INFO - Evaluate best model on test data for horizon 3, Test MAE: 12.6065, Test RMSE: 21.3987, Test MAPE: 8.2441
2026-01-25 16:27:45,989 - easytorch-training - INFO - Evaluate best model on test data for horizon 4, Test MAE: 12.9747, Test RMSE: 22.2250, Test MAPE: 8.4567
2026-01-25 16:27:46,007 - easytorch-training - INFO - Evaluate best model on test data for horizon 5, Test MAE: 13.2678, Test RMSE: 22.9029, Test MAPE: 8.6721
2026-01-25 16:27:46,028 - easytorch-training - INFO - Evaluate best model on test data for horizon 6, Test MAE: 13.5229, Test RMSE: 23.4553, Test MAPE: 8.8786
2026-01-25 16:27:46,049 - easytorch-training - INFO - Evaluate best model on test data for horizon 7, Test MAE: 13.7832, Test RMSE: 23.9691, Test MAPE: 9.0192
2026-01-25 16:27:46,064 - easytorch-training - INFO - Evaluate best model on test data for horizon 8, Test MAE: 14.0287, Test RMSE: 24.4294, Test MAPE: 9.1510
2026-01-25 16:27:46,085 - easytorch-training - INFO - Evaluate best model on test data for horizon 9, Test MAE: 14.2567, Test RMSE: 24.8608, Test MAPE: 9.3162
2026-01-25 16:27:46,105 - easytorch-training - INFO - Evaluate best model on test data for horizon 10, Test MAE: 14.4318, Test RMSE: 25.1882, Test MAPE: 9.3332
2026-01-25 16:27:46,120 - easytorch-training - INFO - Evaluate best model on test data for horizon 11, Test MAE: 14.6076, Test RMSE: 25.4740, Test MAPE: 9.5258
2026-01-25 16:27:46,139 - easytorch-training - INFO - Evaluate best model on test data for horizon 12, Test MAE: 14.8010, Test RMSE: 25.7523, Test MAPE: 9.6045
2026-01-25 16:27:46,156 - easytorch-training - INFO - Result <test>: [test_time: 18.32 (s), test_MAE: 13.5101, test_RMSE: 23.3554, test_MAPE: 8.8424]
2026-01-25 16:27:46,502 - easytorch-training - INFO - Checkpoint checkpoints/STMAFNet_300/21afeca3ffc10cdf4e90589d029b0e70/STMAFNet_108.pt saved
2026-01-25 16:27:46,502 - easytorch-training - INFO - The estimated training finish time is 2026-01-26 00:27:05
2026-01-25 16:27:46,503 - easytorch-training - INFO - Epoch 109 / 300
2026-01-25 16:30:11,929 - easytorch-training - INFO - Result <train>: [train_time: 145.43 (s), lr: 6.25e-05, train_MAE: 12.5772, train_RMSE: 21.2777, train_MAPE: 8.3977]
2026-01-25 16:30:11,930 - easytorch-training - INFO - Start validation.
2026-01-25 16:30:30,297 - easytorch-training - INFO - Result <val>: [val_time: 18.37 (s), val_MAE: 13.4815, val_RMSE: 22.8788, val_MAPE: 10.0139]
2026-01-25 16:30:47,559 - easytorch-training - INFO - Evaluate best model on test data for horizon 1, Test MAE: 11.6608, Test RMSE: 19.1534, Test MAPE: 7.6393
2026-01-25 16:30:47,579 - easytorch-training - INFO - Evaluate best model on test data for horizon 2, Test MAE: 12.2131, Test RMSE: 20.4135, Test MAPE: 7.9153
2026-01-25 16:30:47,594 - easytorch-training - INFO - Evaluate best model on test data for horizon 3, Test MAE: 12.6475, Test RMSE: 21.4091, Test MAPE: 8.2222
2026-01-25 16:30:47,610 - easytorch-training - INFO - Evaluate best model on test data for horizon 4, Test MAE: 13.0092, Test RMSE: 22.2510, Test MAPE: 8.3850
2026-01-25 16:30:47,623 - easytorch-training - INFO - Evaluate best model on test data for horizon 5, Test MAE: 13.3108, Test RMSE: 22.9664, Test MAPE: 8.5974
2026-01-25 16:30:47,635 - easytorch-training - INFO - Evaluate best model on test data for horizon 6, Test MAE: 13.5817, Test RMSE: 23.5734, Test MAPE: 8.7717
2026-01-25 16:30:47,656 - easytorch-training - INFO - Evaluate best model on test data for horizon 7, Test MAE: 13.8239, Test RMSE: 24.1124, Test MAPE: 8.9293
2026-01-25 16:30:47,677 - easytorch-training - INFO - Evaluate best model on test data for horizon 8, Test MAE: 14.0905, Test RMSE: 24.5853, Test MAPE: 9.1342
2026-01-25 16:30:47,697 - easytorch-training - INFO - Evaluate best model on test data for horizon 9, Test MAE: 14.3112, Test RMSE: 25.0160, Test MAPE: 9.2595
2026-01-25 16:30:47,718 - easytorch-training - INFO - Evaluate best model on test data for horizon 10, Test MAE: 14.4541, Test RMSE: 25.2920, Test MAPE: 9.3717
2026-01-25 16:30:47,738 - easytorch-training - INFO - Evaluate best model on test data for horizon 11, Test MAE: 14.6409, Test RMSE: 25.5763, Test MAPE: 9.5983
2026-01-25 16:30:47,759 - easytorch-training - INFO - Evaluate best model on test data for horizon 12, Test MAE: 14.8198, Test RMSE: 25.8536, Test MAPE: 9.7006
2026-01-25 16:30:47,774 - easytorch-training - INFO - Result <test>: [test_time: 17.47 (s), test_MAE: 13.5470, test_RMSE: 23.4415, test_MAPE: 8.7937]
2026-01-25 16:30:48,116 - easytorch-training - INFO - Checkpoint checkpoints/STMAFNet_300/21afeca3ffc10cdf4e90589d029b0e70/STMAFNet_109.pt saved
2026-01-25 16:30:48,117 - easytorch-training - INFO - The estimated training finish time is 2026-01-26 00:28:32
2026-01-25 16:30:48,117 - easytorch-training - INFO - Epoch 110 / 300
2026-01-25 16:33:13,691 - easytorch-training - INFO - Result <train>: [train_time: 145.57 (s), lr: 6.25e-05, train_MAE: 12.5676, train_RMSE: 21.2657, train_MAPE: 8.3937]
2026-01-25 16:33:13,692 - easytorch-training - INFO - Start validation.
2026-01-25 16:33:32,353 - easytorch-training - INFO - Result <val>: [val_time: 18.66 (s), val_MAE: 13.4768, val_RMSE: 22.8278, val_MAPE: 10.0047]
2026-01-25 16:33:49,485 - easytorch-training - INFO - Evaluate best model on test data for horizon 1, Test MAE: 11.6603, Test RMSE: 19.1379, Test MAPE: 7.6009
2026-01-25 16:33:49,497 - easytorch-training - INFO - Evaluate best model on test data for horizon 2, Test MAE: 12.2140, Test RMSE: 20.3887, Test MAPE: 7.8958
2026-01-25 16:33:49,505 - easytorch-training - INFO - Evaluate best model on test data for horizon 3, Test MAE: 12.6301, Test RMSE: 21.3941, Test MAPE: 8.2027
2026-01-25 16:33:49,521 - easytorch-training - INFO - Evaluate best model on test data for horizon 4, Test MAE: 12.9815, Test RMSE: 22.2091, Test MAPE: 8.4013
2026-01-25 16:33:49,536 - easytorch-training - INFO - Evaluate best model on test data for horizon 5, Test MAE: 13.2994, Test RMSE: 22.9316, Test MAPE: 8.5981
2026-01-25 16:33:49,550 - easytorch-training - INFO - Evaluate best model on test data for horizon 6, Test MAE: 13.5686, Test RMSE: 23.5176, Test MAPE: 8.8252
2026-01-25 16:33:49,571 - easytorch-training - INFO - Evaluate best model on test data for horizon 7, Test MAE: 13.8287, Test RMSE: 24.0535, Test MAPE: 8.9681
2026-01-25 16:33:49,591 - easytorch-training - INFO - Evaluate best model on test data for horizon 8, Test MAE: 14.0535, Test RMSE: 24.5260, Test MAPE: 9.1120
2026-01-25 16:33:49,608 - easytorch-training - INFO - Evaluate best model on test data for horizon 9, Test MAE: 14.2766, Test RMSE: 24.9547, Test MAPE: 9.2550
2026-01-25 16:33:49,617 - easytorch-training - INFO - Evaluate best model on test data for horizon 10, Test MAE: 14.4418, Test RMSE: 25.2458, Test MAPE: 9.4033
2026-01-25 16:33:49,629 - easytorch-training - INFO - Evaluate best model on test data for horizon 11, Test MAE: 14.6269, Test RMSE: 25.5408, Test MAPE: 9.5527
2026-01-25 16:33:49,650 - easytorch-training - INFO - Evaluate best model on test data for horizon 12, Test MAE: 14.7962, Test RMSE: 25.7893, Test MAPE: 9.6451
2026-01-25 16:33:49,672 - easytorch-training - INFO - Result <test>: [test_time: 17.32 (s), test_MAE: 13.5315, test_RMSE: 23.3977, test_MAPE: 8.7883]
2026-01-25 16:33:50,037 - easytorch-training - INFO - Checkpoint checkpoints/STMAFNet_300/21afeca3ffc10cdf4e90589d029b0e70/STMAFNet_110.pt saved
2026-01-25 16:33:50,067 - easytorch-training - INFO - The estimated training finish time is 2026-01-26 00:29:59
2026-01-25 16:33:50,067 - easytorch-training - INFO - Epoch 111 / 300
2026-01-25 16:36:14,981 - easytorch-training - INFO - Result <train>: [train_time: 144.91 (s), lr: 6.25e-05, train_MAE: 12.5590, train_RMSE: 21.2473, train_MAPE: 8.3904]
2026-01-25 16:36:14,983 - easytorch-training - INFO - Start validation.
2026-01-25 16:36:33,845 - easytorch-training - INFO - Result <val>: [val_time: 18.86 (s), val_MAE: 13.4785, val_RMSE: 22.8570, val_MAPE: 10.1343]
2026-01-25 16:36:50,473 - easytorch-training - INFO - Evaluate best model on test data for horizon 1, Test MAE: 11.6716, Test RMSE: 19.1572, Test MAPE: 7.8453
2026-01-25 16:36:50,487 - easytorch-training - INFO - Evaluate best model on test data for horizon 2, Test MAE: 12.2085, Test RMSE: 20.4067, Test MAPE: 8.0856
2026-01-25 16:36:50,508 - easytorch-training - INFO - Evaluate best model on test data for horizon 3, Test MAE: 12.6358, Test RMSE: 21.4126, Test MAPE: 8.3137
2026-01-25 16:36:50,529 - easytorch-training - INFO - Evaluate best model on test data for horizon 4, Test MAE: 13.0179, Test RMSE: 22.2303, Test MAPE: 8.6965
2026-01-25 16:36:50,548 - easytorch-training - INFO - Evaluate best model on test data for horizon 5, Test MAE: 13.3063, Test RMSE: 22.9260, Test MAPE: 8.7203
2026-01-25 16:36:50,561 - easytorch-training - INFO - Evaluate best model on test data for horizon 6, Test MAE: 13.5578, Test RMSE: 23.5164, Test MAPE: 8.9399
2026-01-25 16:36:50,575 - easytorch-training - INFO - Evaluate best model on test data for horizon 7, Test MAE: 13.7884, Test RMSE: 24.0403, Test MAPE: 8.9152
2026-01-25 16:36:50,590 - easytorch-training - INFO - Evaluate best model on test data for horizon 8, Test MAE: 14.0197, Test RMSE: 24.5007, Test MAPE: 9.0555
2026-01-25 16:36:50,606 - easytorch-training - INFO - Evaluate best model on test data for horizon 9, Test MAE: 14.2429, Test RMSE: 24.9228, Test MAPE: 9.1807
2026-01-25 16:36:50,627 - easytorch-training - INFO - Evaluate best model on test data for horizon 10, Test MAE: 14.4124, Test RMSE: 25.2349, Test MAPE: 9.3078
2026-01-25 16:36:50,647 - easytorch-training - INFO - Evaluate best model on test data for horizon 11, Test MAE: 14.5978, Test RMSE: 25.5115, Test MAPE: 9.4231
2026-01-25 16:36:50,668 - easytorch-training - INFO - Evaluate best model on test data for horizon 12, Test MAE: 14.7725, Test RMSE: 25.7582, Test MAPE: 9.5897
2026-01-25 16:36:50,692 - easytorch-training - INFO - Result <test>: [test_time: 16.84 (s), test_MAE: 13.5193, test_RMSE: 23.3902, test_MAPE: 8.8394]
2026-01-25 16:36:51,033 - easytorch-training - INFO - Checkpoint checkpoints/STMAFNet_300/21afeca3ffc10cdf4e90589d029b0e70/STMAFNet_111.pt saved
2026-01-25 16:36:51,034 - easytorch-training - INFO - The estimated training finish time is 2026-01-26 00:31:22
2026-01-25 16:36:51,034 - easytorch-training - INFO - Epoch 112 / 300
2026-01-25 16:39:16,133 - easytorch-training - INFO - Result <train>: [train_time: 145.10 (s), lr: 6.25e-05, train_MAE: 12.5576, train_RMSE: 21.2429, train_MAPE: 8.3785]
2026-01-25 16:39:16,135 - easytorch-training - INFO - Start validation.
2026-01-25 16:39:34,607 - easytorch-training - INFO - Result <val>: [val_time: 18.47 (s), val_MAE: 13.4678, val_RMSE: 22.8373, val_MAPE: 10.1059]
2026-01-25 16:39:51,698 - easytorch-training - INFO - Evaluate best model on test data for horizon 1, Test MAE: 11.6523, Test RMSE: 19.1688, Test MAPE: 7.8441
2026-01-25 16:39:51,713 - easytorch-training - INFO - Evaluate best model on test data for horizon 2, Test MAE: 12.2081, Test RMSE: 20.4239, Test MAPE: 8.2088
2026-01-25 16:39:51,727 - easytorch-training - INFO - Evaluate best model on test data for horizon 3, Test MAE: 12.6209, Test RMSE: 21.4294, Test MAPE: 8.3350
2026-01-25 16:39:51,741 - easytorch-training - INFO - Evaluate best model on test data for horizon 4, Test MAE: 13.0022, Test RMSE: 22.2355, Test MAPE: 8.5442
2026-01-25 16:39:51,761 - easytorch-training - INFO - Evaluate best model on test data for horizon 5, Test MAE: 13.2684, Test RMSE: 22.9179, Test MAPE: 8.6878
2026-01-25 16:39:51,782 - easytorch-training - INFO - Evaluate best model on test data for horizon 6, Test MAE: 13.5241, Test RMSE: 23.4864, Test MAPE: 8.7579
2026-01-25 16:39:51,803 - easytorch-training - INFO - Evaluate best model on test data for horizon 7, Test MAE: 13.7926, Test RMSE: 24.0144, Test MAPE: 9.0486
2026-01-25 16:39:51,823 - easytorch-training - INFO - Evaluate best model on test data for horizon 8, Test MAE: 14.0404, Test RMSE: 24.4603, Test MAPE: 9.1687
2026-01-25 16:39:51,844 - easytorch-training - INFO - Evaluate best model on test data for horizon 9, Test MAE: 14.2298, Test RMSE: 24.8466, Test MAPE: 9.2894
2026-01-25 16:39:51,855 - easytorch-training - INFO - Evaluate best model on test data for horizon 10, Test MAE: 14.4175, Test RMSE: 25.1971, Test MAPE: 9.4457
2026-01-25 16:39:51,870 - easytorch-training - INFO - Evaluate best model on test data for horizon 11, Test MAE: 14.5934, Test RMSE: 25.4423, Test MAPE: 9.5657
2026-01-25 16:39:51,880 - easytorch-training - INFO - Evaluate best model on test data for horizon 12, Test MAE: 14.7762, Test RMSE: 25.6899, Test MAPE: 9.8042
2026-01-25 16:39:51,899 - easytorch-training - INFO - Result <test>: [test_time: 17.29 (s), test_MAE: 13.5105, test_RMSE: 23.3623, test_MAPE: 8.8917]
2026-01-25 16:39:52,264 - easytorch-training - INFO - Checkpoint checkpoints/STMAFNet_300/21afeca3ffc10cdf4e90589d029b0e70/STMAFNet_112.pt saved
2026-01-25 16:39:52,265 - easytorch-training - INFO - The estimated training finish time is 2026-01-26 00:32:44
2026-01-25 16:39:52,265 - easytorch-training - INFO - Epoch 113 / 300
2026-01-25 16:42:16,770 - easytorch-training - INFO - Result <train>: [train_time: 144.51 (s), lr: 6.25e-05, train_MAE: 12.5496, train_RMSE: 21.2415, train_MAPE: 8.3822]
2026-01-25 16:42:16,772 - easytorch-training - INFO - Start validation.
2026-01-25 16:42:35,519 - easytorch-training - INFO - Result <val>: [val_time: 18.75 (s), val_MAE: 13.4532, val_RMSE: 22.8626, val_MAPE: 10.0352]
2026-01-25 16:42:36,126 - easytorch-training - INFO - Checkpoint checkpoints/STMAFNet_300/21afeca3ffc10cdf4e90589d029b0e70/STMAFNet_best_val_MAE.pt saved
2026-01-25 16:42:53,989 - easytorch-training - INFO - Evaluate best model on test data for horizon 1, Test MAE: 11.6447, Test RMSE: 19.1803, Test MAPE: 7.6569
2026-01-25 16:42:54,005 - easytorch-training - INFO - Evaluate best model on test data for horizon 2, Test MAE: 12.1824, Test RMSE: 20.4245, Test MAPE: 7.9312
2026-01-25 16:42:54,026 - easytorch-training - INFO - Evaluate best model on test data for horizon 3, Test MAE: 12.6212, Test RMSE: 21.4365, Test MAPE: 8.1584
2026-01-25 16:42:54,046 - easytorch-training - INFO - Evaluate best model on test data for horizon 4, Test MAE: 12.9775, Test RMSE: 22.2409, Test MAPE: 8.3876
2026-01-25 16:42:54,067 - easytorch-training - INFO - Evaluate best model on test data for horizon 5, Test MAE: 13.2648, Test RMSE: 22.9211, Test MAPE: 8.5754
2026-01-25 16:42:54,087 - easytorch-training - INFO - Evaluate best model on test data for horizon 6, Test MAE: 13.5309, Test RMSE: 23.5217, Test MAPE: 8.7545
2026-01-25 16:42:54,108 - easytorch-training - INFO - Evaluate best model on test data for horizon 7, Test MAE: 13.7849, Test RMSE: 24.0791, Test MAPE: 8.9001
2026-01-25 16:42:54,125 - easytorch-training - INFO - Evaluate best model on test data for horizon 8, Test MAE: 14.0236, Test RMSE: 24.5469, Test MAPE: 9.0605
2026-01-25 16:42:54,136 - easytorch-training - INFO - Evaluate best model on test data for horizon 9, Test MAE: 14.2282, Test RMSE: 24.9568, Test MAPE: 9.2289
2026-01-25 16:42:54,153 - easytorch-training - INFO - Evaluate best model on test data for horizon 10, Test MAE: 14.4314, Test RMSE: 25.3109, Test MAPE: 9.3304
2026-01-25 16:42:54,170 - easytorch-training - INFO - Evaluate best model on test data for horizon 11, Test MAE: 14.5896, Test RMSE: 25.5863, Test MAPE: 9.4376
2026-01-25 16:42:54,188 - easytorch-training - INFO - Evaluate best model on test data for horizon 12, Test MAE: 14.7691, Test RMSE: 25.8320, Test MAPE: 9.5535
2026-01-25 16:42:54,212 - easytorch-training - INFO - Result <test>: [test_time: 18.08 (s), test_MAE: 13.5040, test_RMSE: 23.4266, test_MAPE: 8.7479]
2026-01-25 16:42:54,558 - easytorch-training - INFO - Checkpoint checkpoints/STMAFNet_300/21afeca3ffc10cdf4e90589d029b0e70/STMAFNet_113.pt saved
2026-01-25 16:42:54,559 - easytorch-training - INFO - The estimated training finish time is 2026-01-26 00:34:07
2026-01-25 16:42:54,559 - easytorch-training - INFO - Epoch 114 / 300
2026-01-25 16:45:17,865 - easytorch-training - INFO - Result <train>: [train_time: 143.31 (s), lr: 6.25e-05, train_MAE: 12.5469, train_RMSE: 21.2281, train_MAPE: 8.3723]
2026-01-25 16:45:17,867 - easytorch-training - INFO - Start validation.
2026-01-25 16:45:36,921 - easytorch-training - INFO - Result <val>: [val_time: 19.05 (s), val_MAE: 13.4470, val_RMSE: 22.8300, val_MAPE: 9.9109]
2026-01-25 16:45:37,583 - easytorch-training - INFO - Checkpoint checkpoints/STMAFNet_300/21afeca3ffc10cdf4e90589d029b0e70/STMAFNet_best_val_MAE.pt saved
2026-01-25 16:45:55,675 - easytorch-training - INFO - Evaluate best model on test data for horizon 1, Test MAE: 11.6362, Test RMSE: 19.1503, Test MAPE: 7.5778
2026-01-25 16:45:55,695 - easytorch-training - INFO - Evaluate best model on test data for horizon 2, Test MAE: 12.1824, Test RMSE: 20.3960, Test MAPE: 7.9761
2026-01-25 16:45:55,716 - easytorch-training - INFO - Evaluate best model on test data for horizon 3, Test MAE: 12.6152, Test RMSE: 21.3912, Test MAPE: 8.3177
2026-01-25 16:45:55,735 - easytorch-training - INFO - Evaluate best model on test data for horizon 4, Test MAE: 12.9599, Test RMSE: 22.2047, Test MAPE: 8.3692
2026-01-25 16:45:55,751 - easytorch-training - INFO - Evaluate best model on test data for horizon 5, Test MAE: 13.2674, Test RMSE: 22.9130, Test MAPE: 8.6001
2026-01-25 16:45:55,767 - easytorch-training - INFO - Evaluate best model on test data for horizon 6, Test MAE: 13.5207, Test RMSE: 23.5022, Test MAPE: 8.7396
2026-01-25 16:45:55,788 - easytorch-training - INFO - Evaluate best model on test data for horizon 7, Test MAE: 13.7770, Test RMSE: 24.0342, Test MAPE: 8.9129
2026-01-25 16:45:55,806 - easytorch-training - INFO - Evaluate best model on test data for horizon 8, Test MAE: 14.0061, Test RMSE: 24.4843, Test MAPE: 9.0296
2026-01-25 16:45:55,821 - easytorch-training - INFO - Evaluate best model on test data for horizon 9, Test MAE: 14.2161, Test RMSE: 24.8998, Test MAPE: 9.1577
2026-01-25 16:45:55,839 - easytorch-training - INFO - Evaluate best model on test data for horizon 10, Test MAE: 14.4113, Test RMSE: 25.2086, Test MAPE: 9.3559
2026-01-25 16:45:55,855 - easytorch-training - INFO - Evaluate best model on test data for horizon 11, Test MAE: 14.5869, Test RMSE: 25.4698, Test MAPE: 9.4775
2026-01-25 16:45:55,869 - easytorch-training - INFO - Evaluate best model on test data for horizon 12, Test MAE: 14.7596, Test RMSE: 25.7665, Test MAPE: 9.5872
2026-01-25 16:45:55,893 - easytorch-training - INFO - Result <test>: [test_time: 18.30 (s), test_MAE: 13.4949, test_RMSE: 23.3737, test_MAPE: 8.7584]
2026-01-25 16:45:56,340 - easytorch-training - INFO - Checkpoint checkpoints/STMAFNet_300/21afeca3ffc10cdf4e90589d029b0e70/STMAFNet_114.pt saved
2026-01-25 16:45:56,341 - easytorch-training - INFO - The estimated training finish time is 2026-01-26 00:35:28
2026-01-25 16:45:56,341 - easytorch-training - INFO - Epoch 115 / 300
2026-01-25 16:48:20,067 - easytorch-training - INFO - Result <train>: [train_time: 143.73 (s), lr: 6.25e-05, train_MAE: 12.5339, train_RMSE: 21.2093, train_MAPE: 8.3731]
2026-01-25 16:48:20,069 - easytorch-training - INFO - Start validation.
2026-01-25 16:48:38,984 - easytorch-training - INFO - Result <val>: [val_time: 18.91 (s), val_MAE: 13.4599, val_RMSE: 22.8401, val_MAPE: 9.9069]
2026-01-25 16:48:57,012 - easytorch-training - INFO - Evaluate best model on test data for horizon 1, Test MAE: 11.6357, Test RMSE: 19.1458, Test MAPE: 7.6337
2026-01-25 16:48:57,033 - easytorch-training - INFO - Evaluate best model on test data for horizon 2, Test MAE: 12.1893, Test RMSE: 20.3905, Test MAPE: 7.9891
2026-01-25 16:48:57,054 - easytorch-training - INFO - Evaluate best model on test data for horizon 3, Test MAE: 12.6337, Test RMSE: 21.4133, Test MAPE: 8.2986
2026-01-25 16:48:57,074 - easytorch-training - INFO - Evaluate best model on test data for horizon 4, Test MAE: 12.9853, Test RMSE: 22.2139, Test MAPE: 8.3779
2026-01-25 16:48:57,093 - easytorch-training - INFO - Evaluate best model on test data for horizon 5, Test MAE: 13.2930, Test RMSE: 22.9236, Test MAPE: 8.5691
2026-01-25 16:48:57,107 - easytorch-training - INFO - Evaluate best model on test data for horizon 6, Test MAE: 13.5550, Test RMSE: 23.5051, Test MAPE: 8.7528
2026-01-25 16:48:57,124 - easytorch-training - INFO - Evaluate best model on test data for horizon 7, Test MAE: 13.8058, Test RMSE: 24.0632, Test MAPE: 8.8713
2026-01-25 16:48:57,139 - easytorch-training - INFO - Evaluate best model on test data for horizon 8, Test MAE: 14.0295, Test RMSE: 24.4916, Test MAPE: 9.0386
2026-01-25 16:48:57,157 - easytorch-training - INFO - Evaluate best model on test data for horizon 9, Test MAE: 14.2714, Test RMSE: 24.9181, Test MAPE: 9.2148
2026-01-25 16:48:57,176 - easytorch-training - INFO - Evaluate best model on test data for horizon 10, Test MAE: 14.4409, Test RMSE: 25.2384, Test MAPE: 9.3643
2026-01-25 16:48:57,196 - easytorch-training - INFO - Evaluate best model on test data for horizon 11, Test MAE: 14.6130, Test RMSE: 25.5100, Test MAPE: 9.4561
2026-01-25 16:48:57,217 - easytorch-training - INFO - Evaluate best model on test data for horizon 12, Test MAE: 14.7908, Test RMSE: 25.7616, Test MAPE: 9.5949
2026-01-25 16:48:57,241 - easytorch-training - INFO - Result <test>: [test_time: 18.25 (s), test_MAE: 13.5203, test_RMSE: 23.3871, test_MAPE: 8.7634]
2026-01-25 16:48:57,584 - easytorch-training - INFO - Checkpoint checkpoints/STMAFNet_300/21afeca3ffc10cdf4e90589d029b0e70/STMAFNet_115.pt saved
2026-01-25 16:48:57,585 - easytorch-training - INFO - The estimated training finish time is 2026-01-26 00:36:45
2026-01-25 16:48:57,585 - easytorch-training - INFO - Epoch 116 / 300
2026-01-25 16:51:21,974 - easytorch-training - INFO - Result <train>: [train_time: 144.39 (s), lr: 6.25e-05, train_MAE: 12.5252, train_RMSE: 21.1983, train_MAPE: 8.3695]
2026-01-25 16:51:21,976 - easytorch-training - INFO - Start validation.
2026-01-25 16:51:40,686 - easytorch-training - INFO - Result <val>: [val_time: 18.71 (s), val_MAE: 13.4475, val_RMSE: 22.8813, val_MAPE: 10.1749]
2026-01-25 16:51:58,355 - easytorch-training - INFO - Evaluate best model on test data for horizon 1, Test MAE: 11.6519, Test RMSE: 19.1755, Test MAPE: 7.7391
2026-01-25 16:51:58,369 - easytorch-training - INFO - Evaluate best model on test data for horizon 2, Test MAE: 12.1840, Test RMSE: 20.4090, Test MAPE: 8.0466
2026-01-25 16:51:58,390 - easytorch-training - INFO - Evaluate best model on test data for horizon 3, Test MAE: 12.6159, Test RMSE: 21.4440, Test MAPE: 8.2088
2026-01-25 16:51:58,410 - easytorch-training - INFO - Evaluate best model on test data for horizon 4, Test MAE: 12.9705, Test RMSE: 22.2479, Test MAPE: 8.5058
2026-01-25 16:51:58,431 - easytorch-training - INFO - Evaluate best model on test data for horizon 5, Test MAE: 13.2703, Test RMSE: 22.9699, Test MAPE: 8.6925
2026-01-25 16:51:58,446 - easytorch-training - INFO - Evaluate best model on test data for horizon 6, Test MAE: 13.5198, Test RMSE: 23.5344, Test MAPE: 8.8296
2026-01-25 16:51:58,460 - easytorch-training - INFO - Evaluate best model on test data for horizon 7, Test MAE: 13.7589, Test RMSE: 24.0655, Test MAPE: 8.9597
2026-01-25 16:51:58,477 - easytorch-training - INFO - Evaluate best model on test data for horizon 8, Test MAE: 14.0010, Test RMSE: 24.5610, Test MAPE: 9.1499
2026-01-25 16:51:58,495 - easytorch-training - INFO - Evaluate best model on test data for horizon 9, Test MAE: 14.2243, Test RMSE: 24.9894, Test MAPE: 9.2575
2026-01-25 16:51:58,509 - easytorch-training - INFO - Evaluate best model on test data for horizon 10, Test MAE: 14.3857, Test RMSE: 25.2525, Test MAPE: 9.4146
2026-01-25 16:51:58,530 - easytorch-training - INFO - Evaluate best model on test data for horizon 11, Test MAE: 14.5477, Test RMSE: 25.5112, Test MAPE: 9.5171
2026-01-25 16:51:58,551 - easytorch-training - INFO - Evaluate best model on test data for horizon 12, Test MAE: 14.7206, Test RMSE: 25.7546, Test MAPE: 9.6797
2026-01-25 16:51:58,573 - easytorch-training - INFO - Result <test>: [test_time: 17.88 (s), test_MAE: 13.4875, test_RMSE: 23.4151, test_MAPE: 8.8334]
2026-01-25 16:51:58,913 - easytorch-training - INFO - Checkpoint checkpoints/STMAFNet_300/21afeca3ffc10cdf4e90589d029b0e70/STMAFNet_116.pt saved
2026-01-25 16:51:58,914 - easytorch-training - INFO - The estimated training finish time is 2026-01-26 00:38:02
2026-01-25 16:51:58,914 - easytorch-training - INFO - Epoch 117 / 300
2026-01-25 16:54:23,142 - easytorch-training - INFO - Result <train>: [train_time: 144.23 (s), lr: 6.25e-05, train_MAE: 12.5189, train_RMSE: 21.1977, train_MAPE: 8.3668]
2026-01-25 16:54:23,143 - easytorch-training - INFO - Start validation.
2026-01-25 16:54:42,555 - easytorch-training - INFO - Result <val>: [val_time: 19.41 (s), val_MAE: 13.4726, val_RMSE: 22.8704, val_MAPE: 10.1601]
2026-01-25 16:55:00,382 - easytorch-training - INFO - Evaluate best model on test data for horizon 1, Test MAE: 11.6576, Test RMSE: 19.1860, Test MAPE: 7.7906
2026-01-25 16:55:00,403 - easytorch-training - INFO - Evaluate best model on test data for horizon 2, Test MAE: 12.1921, Test RMSE: 20.4431, Test MAPE: 8.0509
2026-01-25 16:55:00,423 - easytorch-training - INFO - Evaluate best model on test data for horizon 3, Test MAE: 12.6434, Test RMSE: 21.4829, Test MAPE: 8.4035
2026-01-25 16:55:00,443 - easytorch-training - INFO - Evaluate best model on test data for horizon 4, Test MAE: 12.9878, Test RMSE: 22.3025, Test MAPE: 8.5014
2026-01-25 16:55:00,457 - easytorch-training - INFO - Evaluate best model on test data for horizon 5, Test MAE: 13.3071, Test RMSE: 23.0323, Test MAPE: 8.7664
2026-01-25 16:55:00,469 - easytorch-training - INFO - Evaluate best model on test data for horizon 6, Test MAE: 13.5475, Test RMSE: 23.6098, Test MAPE: 8.8498
2026-01-25 16:55:00,477 - easytorch-training - INFO - Evaluate best model on test data for horizon 7, Test MAE: 13.8082, Test RMSE: 24.1321, Test MAPE: 9.1934
2026-01-25 16:55:00,488 - easytorch-training - INFO - Evaluate best model on test data for horizon 8, Test MAE: 14.0240, Test RMSE: 24.5858, Test MAPE: 9.3206
2026-01-25 16:55:00,508 - easytorch-training - INFO - Evaluate best model on test data for horizon 9, Test MAE: 14.2495, Test RMSE: 25.0031, Test MAPE: 9.2946
2026-01-25 16:55:00,529 - easytorch-training - INFO - Evaluate best model on test data for horizon 10, Test MAE: 14.4279, Test RMSE: 25.3028, Test MAPE: 9.5226
2026-01-25 16:55:00,549 - easytorch-training - INFO - Evaluate best model on test data for horizon 11, Test MAE: 14.6174, Test RMSE: 25.5644, Test MAPE: 9.5469
2026-01-25 16:55:00,570 - easytorch-training - INFO - Evaluate best model on test data for horizon 12, Test MAE: 14.7713, Test RMSE: 25.8262, Test MAPE: 9.6766
2026-01-25 16:55:00,594 - easytorch-training - INFO - Result <test>: [test_time: 18.04 (s), test_MAE: 13.5195, test_RMSE: 23.4620, test_MAPE: 8.9098]
2026-01-25 16:55:00,938 - easytorch-training - INFO - Checkpoint checkpoints/STMAFNet_300/21afeca3ffc10cdf4e90589d029b0e70/STMAFNet_117.pt saved
2026-01-25 16:55:00,938 - easytorch-training - INFO - The estimated training finish time is 2026-01-26 00:39:19
2026-01-25 16:55:00,938 - easytorch-training - INFO - Epoch 118 / 300
2026-01-25 16:57:24,380 - easytorch-training - INFO - Result <train>: [train_time: 143.44 (s), lr: 6.25e-05, train_MAE: 12.5200, train_RMSE: 21.1912, train_MAPE: 8.3613]
2026-01-25 16:57:24,381 - easytorch-training - INFO - Start validation.
2026-01-25 16:57:43,788 - easytorch-training - INFO - Result <val>: [val_time: 19.41 (s), val_MAE: 13.4952, val_RMSE: 22.8935, val_MAPE: 10.1330]
2026-01-25 16:58:01,871 - easytorch-training - INFO - Evaluate best model on test data for horizon 1, Test MAE: 11.6649, Test RMSE: 19.1770, Test MAPE: 7.6329
2026-01-25 16:58:01,892 - easytorch-training - INFO - Evaluate best model on test data for horizon 2, Test MAE: 12.2315, Test RMSE: 20.4538, Test MAPE: 8.0237
2026-01-25 16:58:01,912 - easytorch-training - INFO - Evaluate best model on test data for horizon 3, Test MAE: 12.6677, Test RMSE: 21.5024, Test MAPE: 8.2941
2026-01-25 16:58:01,932 - easytorch-training - INFO - Evaluate best model on test data for horizon 4, Test MAE: 13.0416, Test RMSE: 22.3176, Test MAPE: 8.5013
2026-01-25 16:58:01,947 - easytorch-training - INFO - Evaluate best model on test data for horizon 5, Test MAE: 13.3845, Test RMSE: 23.0524, Test MAPE: 8.7496
2026-01-25 16:58:01,954 - easytorch-training - INFO - Evaluate best model on test data for horizon 6, Test MAE: 13.5718, Test RMSE: 23.6264, Test MAPE: 8.8033
2026-01-25 16:58:01,960 - easytorch-training - INFO - Evaluate best model on test data for horizon 7, Test MAE: 13.8349, Test RMSE: 24.1309, Test MAPE: 8.9690
2026-01-25 16:58:01,976 - easytorch-training - INFO - Evaluate best model on test data for horizon 8, Test MAE: 14.0655, Test RMSE: 24.5895, Test MAPE: 9.1690
2026-01-25 16:58:01,997 - easytorch-training - INFO - Evaluate best model on test data for horizon 9, Test MAE: 14.2963, Test RMSE: 25.0202, Test MAPE: 9.2807
2026-01-25 16:58:02,017 - easytorch-training - INFO - Evaluate best model on test data for horizon 10, Test MAE: 14.4486, Test RMSE: 25.2866, Test MAPE: 9.4043
2026-01-25 16:58:02,038 - easytorch-training - INFO - Evaluate best model on test data for horizon 11, Test MAE: 14.6101, Test RMSE: 25.5615, Test MAPE: 9.4872
2026-01-25 16:58:02,059 - easytorch-training - INFO - Evaluate best model on test data for horizon 12, Test MAE: 14.7966, Test RMSE: 25.8323, Test MAPE: 9.6424
2026-01-25 16:58:02,083 - easytorch-training - INFO - Result <test>: [test_time: 18.29 (s), test_MAE: 13.5512, test_RMSE: 23.4685, test_MAPE: 8.8298]
2026-01-25 16:58:02,425 - easytorch-training - INFO - Checkpoint checkpoints/STMAFNet_300/21afeca3ffc10cdf4e90589d029b0e70/STMAFNet_118.pt saved
2026-01-25 16:58:02,426 - easytorch-training - INFO - The estimated training finish time is 2026-01-26 00:40:33
2026-01-25 16:58:02,426 - easytorch-training - INFO - Epoch 119 / 300
2026-01-25 17:00:25,601 - easytorch-training - INFO - Result <train>: [train_time: 143.17 (s), lr: 6.25e-05, train_MAE: 12.5063, train_RMSE: 21.1639, train_MAPE: 8.3529]
2026-01-25 17:00:25,603 - easytorch-training - INFO - Start validation.
2026-01-25 17:00:44,989 - easytorch-training - INFO - Result <val>: [val_time: 19.39 (s), val_MAE: 13.4867, val_RMSE: 22.8850, val_MAPE: 10.2991]
2026-01-25 17:01:03,064 - easytorch-training - INFO - Evaluate best model on test data for horizon 1, Test MAE: 11.6731, Test RMSE: 19.1803, Test MAPE: 8.0357
2026-01-25 17:01:03,084 - easytorch-training - INFO - Evaluate best model on test data for horizon 2, Test MAE: 12.2153, Test RMSE: 20.4436, Test MAPE: 8.1817
2026-01-25 17:01:03,105 - easytorch-training - INFO - Evaluate best model on test data for horizon 3, Test MAE: 12.6711, Test RMSE: 21.4445, Test MAPE: 8.7299
2026-01-25 17:01:03,125 - easytorch-training - INFO - Evaluate best model on test data for horizon 4, Test MAE: 13.0267, Test RMSE: 22.2833, Test MAPE: 8.8046
2026-01-25 17:01:03,146 - easytorch-training - INFO - Evaluate best model on test data for horizon 5, Test MAE: 13.3266, Test RMSE: 22.9606, Test MAPE: 9.0392
2026-01-25 17:01:03,162 - easytorch-training - INFO - Evaluate best model on test data for horizon 6, Test MAE: 13.5627, Test RMSE: 23.5437, Test MAPE: 8.9032
2026-01-25 17:01:03,177 - easytorch-training - INFO - Evaluate best model on test data for horizon 7, Test MAE: 13.8109, Test RMSE: 24.0615, Test MAPE: 9.1010
2026-01-25 17:01:03,197 - easytorch-training - INFO - Evaluate best model on test data for horizon 8, Test MAE: 14.0470, Test RMSE: 24.5294, Test MAPE: 9.2007
2026-01-25 17:01:03,214 - easytorch-training - INFO - Evaluate best model on test data for horizon 9, Test MAE: 14.2810, Test RMSE: 24.9840, Test MAPE: 9.3788
2026-01-25 17:01:03,232 - easytorch-training - INFO - Evaluate best model on test data for horizon 10, Test MAE: 14.4479, Test RMSE: 25.2721, Test MAPE: 9.5302
2026-01-25 17:01:03,248 - easytorch-training - INFO - Evaluate best model on test data for horizon 11, Test MAE: 14.6073, Test RMSE: 25.5463, Test MAPE: 9.6231
2026-01-25 17:01:03,269 - easytorch-training - INFO - Evaluate best model on test data for horizon 12, Test MAE: 14.7908, Test RMSE: 25.8122, Test MAPE: 9.8823
2026-01-25 17:01:03,293 - easytorch-training - INFO - Result <test>: [test_time: 18.30 (s), test_MAE: 13.5384, test_RMSE: 23.4274, test_MAPE: 9.0342]
2026-01-25 17:01:03,636 - easytorch-training - INFO - Checkpoint checkpoints/STMAFNet_300/21afeca3ffc10cdf4e90589d029b0e70/STMAFNet_119.pt saved
2026-01-25 17:01:03,637 - easytorch-training - INFO - The estimated training finish time is 2026-01-26 00:41:46
2026-01-25 17:01:03,637 - easytorch-training - INFO - Epoch 120 / 300
2026-01-25 17:03:26,803 - easytorch-training - INFO - Result <train>: [train_time: 143.17 (s), lr: 6.25e-05, train_MAE: 12.5040, train_RMSE: 21.1590, train_MAPE: 8.3586]
2026-01-25 17:03:26,804 - easytorch-training - INFO - Start validation.
2026-01-25 17:03:45,903 - easytorch-training - INFO - Result <val>: [val_time: 19.10 (s), val_MAE: 13.4567, val_RMSE: 22.8456, val_MAPE: 9.9933]
2026-01-25 17:04:03,924 - easytorch-training - INFO - Evaluate best model on test data for horizon 1, Test MAE: 11.6490, Test RMSE: 19.2055, Test MAPE: 7.5985
2026-01-25 17:04:03,942 - easytorch-training - INFO - Evaluate best model on test data for horizon 2, Test MAE: 12.1940, Test RMSE: 20.4310, Test MAPE: 8.0124
2026-01-25 17:04:03,958 - easytorch-training - INFO - Evaluate best model on test data for horizon 3, Test MAE: 12.6260, Test RMSE: 21.4275, Test MAPE: 8.2215
2026-01-25 17:04:03,972 - easytorch-training - INFO - Evaluate best model on test data for horizon 4, Test MAE: 12.9860, Test RMSE: 22.2526, Test MAPE: 8.4212
2026-01-25 17:04:03,991 - easytorch-training - INFO - Evaluate best model on test data for horizon 5, Test MAE: 13.2838, Test RMSE: 22.9293, Test MAPE: 8.6001
2026-01-25 17:04:04,011 - easytorch-training - INFO - Evaluate best model on test data for horizon 6, Test MAE: 13.5372, Test RMSE: 23.5031, Test MAPE: 8.7332
2026-01-25 17:04:04,026 - easytorch-training - INFO - Evaluate best model on test data for horizon 7, Test MAE: 13.7913, Test RMSE: 24.0418, Test MAPE: 8.8903
2026-01-25 17:04:04,047 - easytorch-training - INFO - Evaluate best model on test data for horizon 8, Test MAE: 14.0453, Test RMSE: 24.5124, Test MAPE: 9.0837
2026-01-25 17:04:04,068 - easytorch-training - INFO - Evaluate best model on test data for horizon 9, Test MAE: 14.2682, Test RMSE: 24.9489, Test MAPE: 9.2058
2026-01-25 17:04:04,082 - easytorch-training - INFO - Evaluate best model on test data for horizon 10, Test MAE: 14.4173, Test RMSE: 25.2362, Test MAPE: 9.3180
2026-01-25 17:04:04,097 - easytorch-training - INFO - Evaluate best model on test data for horizon 11, Test MAE: 14.5996, Test RMSE: 25.5190, Test MAPE: 9.4715
2026-01-25 17:04:04,117 - easytorch-training - INFO - Evaluate best model on test data for horizon 12, Test MAE: 14.7810, Test RMSE: 25.7797, Test MAPE: 9.6618
2026-01-25 17:04:04,138 - easytorch-training - INFO - Result <test>: [test_time: 18.23 (s), test_MAE: 13.5149, test_RMSE: 23.4036, test_MAPE: 8.7682]
2026-01-25 17:04:04,481 - easytorch-training - INFO - Checkpoint checkpoints/STMAFNet_300/21afeca3ffc10cdf4e90589d029b0e70/STMAFNet_120.pt saved
2026-01-25 17:04:04,510 - easytorch-training - INFO - The estimated training finish time is 2026-01-26 00:42:56
2026-01-25 17:04:04,510 - easytorch-training - INFO - Epoch 121 / 300
2026-01-25 17:06:27,886 - easytorch-training - INFO - Result <train>: [train_time: 143.38 (s), lr: 6.25e-05, train_MAE: 12.4954, train_RMSE: 21.1546, train_MAPE: 8.3488]
2026-01-25 17:06:27,888 - easytorch-training - INFO - Start validation.
2026-01-25 17:06:46,664 - easytorch-training - INFO - Result <val>: [val_time: 18.78 (s), val_MAE: 13.4675, val_RMSE: 22.8702, val_MAPE: 10.0776]
2026-01-25 17:07:04,496 - easytorch-training - INFO - Evaluate best model on test data for horizon 1, Test MAE: 11.6555, Test RMSE: 19.2016, Test MAPE: 7.6117
2026-01-25 17:07:04,517 - easytorch-training - INFO - Evaluate best model on test data for horizon 2, Test MAE: 12.2029, Test RMSE: 20.4568, Test MAPE: 7.9514
2026-01-25 17:07:04,538 - easytorch-training - INFO - Evaluate best model on test data for horizon 3, Test MAE: 12.6478, Test RMSE: 21.4785, Test MAPE: 8.2248
2026-01-25 17:07:04,554 - easytorch-training - INFO - Evaluate best model on test data for horizon 4, Test MAE: 12.9998, Test RMSE: 22.2688, Test MAPE: 8.4568
2026-01-25 17:07:04,569 - easytorch-training - INFO - Evaluate best model on test data for horizon 5, Test MAE: 13.3037, Test RMSE: 23.0017, Test MAPE: 8.6487
2026-01-25 17:07:04,585 - easytorch-training - INFO - Evaluate best model on test data for horizon 6, Test MAE: 13.5517, Test RMSE: 23.6019, Test MAPE: 8.8529
2026-01-25 17:07:04,600 - easytorch-training - INFO - Evaluate best model on test data for horizon 7, Test MAE: 13.7855, Test RMSE: 24.1282, Test MAPE: 8.9738
2026-01-25 17:07:04,621 - easytorch-training - INFO - Evaluate best model on test data for horizon 8, Test MAE: 14.0542, Test RMSE: 24.6368, Test MAPE: 9.2084
2026-01-25 17:07:04,642 - easytorch-training - INFO - Evaluate best model on test data for horizon 9, Test MAE: 14.2578, Test RMSE: 25.0310, Test MAPE: 9.3811
2026-01-25 17:07:04,662 - easytorch-training - INFO - Evaluate best model on test data for horizon 10, Test MAE: 14.4440, Test RMSE: 25.3747, Test MAPE: 9.4366
2026-01-25 17:07:04,680 - easytorch-training - INFO - Evaluate best model on test data for horizon 11, Test MAE: 14.5963, Test RMSE: 25.6150, Test MAPE: 9.5919
2026-01-25 17:07:04,690 - easytorch-training - INFO - Evaluate best model on test data for horizon 12, Test MAE: 14.7705, Test RMSE: 25.8565, Test MAPE: 9.7166
2026-01-25 17:07:04,707 - easytorch-training - INFO - Result <test>: [test_time: 18.04 (s), test_MAE: 13.5225, test_RMSE: 23.4783, test_MAPE: 8.8379]
2026-01-25 17:07:05,052 - easytorch-training - INFO - Checkpoint checkpoints/STMAFNet_300/21afeca3ffc10cdf4e90589d029b0e70/STMAFNet_121.pt saved
2026-01-25 17:07:05,053 - easytorch-training - INFO - The estimated training finish time is 2026-01-26 00:44:05
2026-01-25 17:07:05,053 - easytorch-training - INFO - Epoch 122 / 300
2026-01-25 17:09:30,022 - easytorch-training - INFO - Result <train>: [train_time: 144.97 (s), lr: 6.25e-05, train_MAE: 12.4913, train_RMSE: 21.1411, train_MAPE: 8.3406]
2026-01-25 17:09:30,023 - easytorch-training - INFO - Start validation.
2026-01-25 17:09:48,108 - easytorch-training - INFO - Result <val>: [val_time: 18.08 (s), val_MAE: 13.4665, val_RMSE: 22.8913, val_MAPE: 10.2284]
2026-01-25 17:10:04,751 - easytorch-training - INFO - Evaluate best model on test data for horizon 1, Test MAE: 11.6401, Test RMSE: 19.1880, Test MAPE: 7.6510
2026-01-25 17:10:04,765 - easytorch-training - INFO - Evaluate best model on test data for horizon 2, Test MAE: 12.1948, Test RMSE: 20.4372, Test MAPE: 8.0442
2026-01-25 17:10:04,779 - easytorch-training - INFO - Evaluate best model on test data for horizon 3, Test MAE: 12.6204, Test RMSE: 21.4222, Test MAPE: 8.1762
2026-01-25 17:10:04,793 - easytorch-training - INFO - Evaluate best model on test data for horizon 4, Test MAE: 12.9860, Test RMSE: 22.2137, Test MAPE: 8.4445
2026-01-25 17:10:04,807 - easytorch-training - INFO - Evaluate best model on test data for horizon 5, Test MAE: 13.2910, Test RMSE: 22.9048, Test MAPE: 8.7414
2026-01-25 17:10:04,823 - easytorch-training - INFO - Evaluate best model on test data for horizon 6, Test MAE: 13.5325, Test RMSE: 23.5020, Test MAPE: 8.8395
2026-01-25 17:10:04,844 - easytorch-training - INFO - Evaluate best model on test data for horizon 7, Test MAE: 13.7907, Test RMSE: 24.0294, Test MAPE: 8.9728
2026-01-25 17:10:04,864 - easytorch-training - INFO - Evaluate best model on test data for horizon 8, Test MAE: 14.0158, Test RMSE: 24.5136, Test MAPE: 9.0864
2026-01-25 17:10:04,885 - easytorch-training - INFO - Evaluate best model on test data for horizon 9, Test MAE: 14.2404, Test RMSE: 24.9180, Test MAPE: 9.2537
2026-01-25 17:10:04,900 - easytorch-training - INFO - Evaluate best model on test data for horizon 10, Test MAE: 14.4058, Test RMSE: 25.2525, Test MAPE: 9.3690
2026-01-25 17:10:04,916 - easytorch-training - INFO - Evaluate best model on test data for horizon 11, Test MAE: 14.5827, Test RMSE: 25.5438, Test MAPE: 9.5723
2026-01-25 17:10:04,937 - easytorch-training - INFO - Evaluate best model on test data for horizon 12, Test MAE: 14.7421, Test RMSE: 25.7886, Test MAPE: 9.5866
2026-01-25 17:10:04,957 - easytorch-training - INFO - Result <test>: [test_time: 16.85 (s), test_MAE: 13.5035, test_RMSE: 23.3981, test_MAPE: 8.8115]
2026-01-25 17:10:05,297 - easytorch-training - INFO - Checkpoint checkpoints/STMAFNet_300/21afeca3ffc10cdf4e90589d029b0e70/STMAFNet_122.pt saved
2026-01-25 17:10:05,298 - easytorch-training - INFO - The estimated training finish time is 2026-01-26 00:45:11
2026-01-25 17:10:05,298 - easytorch-training - INFO - Epoch 123 / 300
2026-01-25 17:12:32,299 - easytorch-training - INFO - Result <train>: [train_time: 147.00 (s), lr: 6.25e-05, train_MAE: 12.4889, train_RMSE: 21.1426, train_MAPE: 8.3430]
2026-01-25 17:12:32,300 - easytorch-training - INFO - Start validation.
2026-01-25 17:12:49,843 - easytorch-training - INFO - Result <val>: [val_time: 17.54 (s), val_MAE: 13.4578, val_RMSE: 22.9028, val_MAPE: 10.0632]
2026-01-25 17:13:05,968 - easytorch-training - INFO - Evaluate best model on test data for horizon 1, Test MAE: 11.6319, Test RMSE: 19.1819, Test MAPE: 7.6647
2026-01-25 17:13:05,982 - easytorch-training - INFO - Evaluate best model on test data for horizon 2, Test MAE: 12.1873, Test RMSE: 20.4461, Test MAPE: 8.0424
2026-01-25 17:13:06,003 - easytorch-training - INFO - Evaluate best model on test data for horizon 3, Test MAE: 12.6207, Test RMSE: 21.4571, Test MAPE: 8.1992
2026-01-25 17:13:06,024 - easytorch-training - INFO - Evaluate best model on test data for horizon 4, Test MAE: 12.9810, Test RMSE: 22.2820, Test MAPE: 8.4589
2026-01-25 17:13:06,041 - easytorch-training - INFO - Evaluate best model on test data for horizon 5, Test MAE: 13.2783, Test RMSE: 22.9877, Test MAPE: 8.6436
2026-01-25 17:13:06,048 - easytorch-training - INFO - Evaluate best model on test data for horizon 6, Test MAE: 13.5492, Test RMSE: 23.5939, Test MAPE: 8.8004
2026-01-25 17:13:06,067 - easytorch-training - INFO - Evaluate best model on test data for horizon 7, Test MAE: 13.7924, Test RMSE: 24.1015, Test MAPE: 8.9232
2026-01-25 17:13:06,088 - easytorch-training - INFO - Evaluate best model on test data for horizon 8, Test MAE: 14.0390, Test RMSE: 24.6031, Test MAPE: 9.0742
2026-01-25 17:13:06,103 - easytorch-training - INFO - Evaluate best model on test data for horizon 9, Test MAE: 14.2537, Test RMSE: 25.0316, Test MAPE: 9.2302
2026-01-25 17:13:06,119 - easytorch-training - INFO - Evaluate best model on test data for horizon 10, Test MAE: 14.4397, Test RMSE: 25.3703, Test MAPE: 9.3278
2026-01-25 17:13:06,140 - easytorch-training - INFO - Evaluate best model on test data for horizon 11, Test MAE: 14.6137, Test RMSE: 25.6543, Test MAPE: 9.5376
2026-01-25 17:13:06,155 - easytorch-training - INFO - Evaluate best model on test data for horizon 12, Test MAE: 14.7819, Test RMSE: 25.9022, Test MAPE: 9.6310
2026-01-25 17:13:06,174 - easytorch-training - INFO - Result <test>: [test_time: 16.33 (s), test_MAE: 13.5141, test_RMSE: 23.4760, test_MAPE: 8.7944]
2026-01-25 17:13:06,544 - easytorch-training - INFO - Checkpoint checkpoints/STMAFNet_300/21afeca3ffc10cdf4e90589d029b0e70/STMAFNet_123.pt saved
2026-01-25 17:13:06,545 - easytorch-training - INFO - The estimated training finish time is 2026-01-26 00:46:19
2026-01-25 17:13:06,545 - easytorch-training - INFO - Epoch 124 / 300
2026-01-25 17:15:32,596 - easytorch-training - INFO - Result <train>: [train_time: 146.05 (s), lr: 6.25e-05, train_MAE: 12.4764, train_RMSE: 21.1182, train_MAPE: 8.3396]
2026-01-25 17:15:32,597 - easytorch-training - INFO - Start validation.
2026-01-25 17:15:51,261 - easytorch-training - INFO - Result <val>: [val_time: 18.66 (s), val_MAE: 13.4610, val_RMSE: 22.8696, val_MAPE: 10.1224]
2026-01-25 17:16:08,212 - easytorch-training - INFO - Evaluate best model on test data for horizon 1, Test MAE: 11.6381, Test RMSE: 19.1648, Test MAPE: 7.6222
2026-01-25 17:16:08,229 - easytorch-training - INFO - Evaluate best model on test data for horizon 2, Test MAE: 12.1983, Test RMSE: 20.4389, Test MAPE: 7.9672
2026-01-25 17:16:08,250 - easytorch-training - INFO - Evaluate best model on test data for horizon 3, Test MAE: 12.6482, Test RMSE: 21.4364, Test MAPE: 8.4139
2026-01-25 17:16:08,270 - easytorch-training - INFO - Evaluate best model on test data for horizon 4, Test MAE: 13.0002, Test RMSE: 22.2531, Test MAPE: 8.5121
2026-01-25 17:16:08,291 - easytorch-training - INFO - Evaluate best model on test data for horizon 5, Test MAE: 13.2950, Test RMSE: 22.9845, Test MAPE: 8.7253
2026-01-25 17:16:08,312 - easytorch-training - INFO - Evaluate best model on test data for horizon 6, Test MAE: 13.5542, Test RMSE: 23.5731, Test MAPE: 8.8805
2026-01-25 17:16:08,326 - easytorch-training - INFO - Evaluate best model on test data for horizon 7, Test MAE: 13.8072, Test RMSE: 24.1112, Test MAPE: 9.0135
2026-01-25 17:16:08,333 - easytorch-training - INFO - Evaluate best model on test data for horizon 8, Test MAE: 14.0537, Test RMSE: 24.5757, Test MAPE: 9.1713
2026-01-25 17:16:08,337 - easytorch-training - INFO - Evaluate best model on test data for horizon 9, Test MAE: 14.2623, Test RMSE: 24.9781, Test MAPE: 9.2414
2026-01-25 17:16:08,349 - easytorch-training - INFO - Evaluate best model on test data for horizon 10, Test MAE: 14.4305, Test RMSE: 25.2730, Test MAPE: 9.4013
2026-01-25 17:16:08,370 - easytorch-training - INFO - Evaluate best model on test data for horizon 11, Test MAE: 14.6007, Test RMSE: 25.5536, Test MAPE: 9.5144
2026-01-25 17:16:08,390 - easytorch-training - INFO - Evaluate best model on test data for horizon 12, Test MAE: 14.7759, Test RMSE: 25.7797, Test MAPE: 9.6555
2026-01-25 17:16:08,414 - easytorch-training - INFO - Result <test>: [test_time: 17.15 (s), test_MAE: 13.5220, test_RMSE: 23.4330, test_MAPE: 8.8432]
2026-01-25 17:16:08,758 - easytorch-training - INFO - Checkpoint checkpoints/STMAFNet_300/21afeca3ffc10cdf4e90589d029b0e70/STMAFNet_124.pt saved
2026-01-25 17:16:08,759 - easytorch-training - INFO - The estimated training finish time is 2026-01-26 00:47:28
2026-01-25 17:16:08,759 - easytorch-training - INFO - Epoch 125 / 300
2026-01-25 17:18:32,931 - easytorch-training - INFO - Result <train>: [train_time: 144.17 (s), lr: 6.25e-05, train_MAE: 12.4729, train_RMSE: 21.1192, train_MAPE: 8.3295]
2026-01-25 17:18:32,932 - easytorch-training - INFO - Start validation.
2026-01-25 17:18:51,782 - easytorch-training - INFO - Result <val>: [val_time: 18.85 (s), val_MAE: 13.4697, val_RMSE: 22.9281, val_MAPE: 10.1988]
2026-01-25 17:19:09,828 - easytorch-training - INFO - Evaluate best model on test data for horizon 1, Test MAE: 11.6169, Test RMSE: 19.1672, Test MAPE: 7.6938
2026-01-25 17:19:09,845 - easytorch-training - INFO - Evaluate best model on test data for horizon 2, Test MAE: 12.1930, Test RMSE: 20.4601, Test MAPE: 8.0902
2026-01-25 17:19:09,860 - easytorch-training - INFO - Evaluate best model on test data for horizon 3, Test MAE: 12.6277, Test RMSE: 21.5116, Test MAPE: 8.2740
2026-01-25 17:19:09,881 - easytorch-training - INFO - Evaluate best model on test data for horizon 4, Test MAE: 13.0041, Test RMSE: 22.3691, Test MAPE: 8.6931
2026-01-25 17:19:09,897 - easytorch-training - INFO - Evaluate best model on test data for horizon 5, Test MAE: 13.3036, Test RMSE: 23.1042, Test MAPE: 8.7661
2026-01-25 17:19:09,917 - easytorch-training - INFO - Evaluate best model on test data for horizon 6, Test MAE: 13.5509, Test RMSE: 23.6696, Test MAPE: 8.9906
2026-01-25 17:19:09,938 - easytorch-training - INFO - Evaluate best model on test data for horizon 7, Test MAE: 13.8107, Test RMSE: 24.1768, Test MAPE: 9.1350
2026-01-25 17:19:09,953 - easytorch-training - INFO - Evaluate best model on test data for horizon 8, Test MAE: 14.0396, Test RMSE: 24.6546, Test MAPE: 9.2004
2026-01-25 17:19:09,967 - easytorch-training - INFO - Evaluate best model on test data for horizon 9, Test MAE: 14.2529, Test RMSE: 25.0154, Test MAPE: 9.4132
2026-01-25 17:19:09,986 - easytorch-training - INFO - Evaluate best model on test data for horizon 10, Test MAE: 14.4129, Test RMSE: 25.2853, Test MAPE: 9.4442
2026-01-25 17:19:10,000 - easytorch-training - INFO - Evaluate best model on test data for horizon 11, Test MAE: 14.5992, Test RMSE: 25.5601, Test MAPE: 9.6225
2026-01-25 17:19:10,019 - easytorch-training - INFO - Evaluate best model on test data for horizon 12, Test MAE: 14.7600, Test RMSE: 25.8058, Test MAPE: 9.7633
2026-01-25 17:19:10,038 - easytorch-training - INFO - Result <test>: [test_time: 18.25 (s), test_MAE: 13.5143, test_RMSE: 23.4874, test_MAPE: 8.9239]
2026-01-25 17:19:10,493 - easytorch-training - INFO - Checkpoint checkpoints/STMAFNet_300/21afeca3ffc10cdf4e90589d029b0e70/STMAFNet_125.pt saved
2026-01-25 17:19:10,494 - easytorch-training - INFO - The estimated training finish time is 2026-01-26 00:48:35
2026-01-25 17:19:10,494 - easytorch-training - INFO - Epoch 126 / 300
2026-01-25 17:21:33,443 - easytorch-training - INFO - Result <train>: [train_time: 142.95 (s), lr: 6.25e-05, train_MAE: 12.4663, train_RMSE: 21.1121, train_MAPE: 8.3256]
2026-01-25 17:21:33,444 - easytorch-training - INFO - Start validation.
2026-01-25 17:21:52,825 - easytorch-training - INFO - Result <val>: [val_time: 19.38 (s), val_MAE: 13.4795, val_RMSE: 22.9608, val_MAPE: 10.2403]
2026-01-25 17:22:10,894 - easytorch-training - INFO - Evaluate best model on test data for horizon 1, Test MAE: 11.6480, Test RMSE: 19.1939, Test MAPE: 7.6322
2026-01-25 17:22:10,915 - easytorch-training - INFO - Evaluate best model on test data for horizon 2, Test MAE: 12.1872, Test RMSE: 20.4706, Test MAPE: 7.9294
2026-01-25 17:22:10,935 - easytorch-training - INFO - Evaluate best model on test data for horizon 3, Test MAE: 12.6219, Test RMSE: 21.4963, Test MAPE: 8.1954
2026-01-25 17:22:10,956 - easytorch-training - INFO - Evaluate best model on test data for horizon 4, Test MAE: 12.9882, Test RMSE: 22.3486, Test MAPE: 8.3853
2026-01-25 17:22:10,974 - easytorch-training - INFO - Evaluate best model on test data for horizon 5, Test MAE: 13.2927, Test RMSE: 23.0864, Test MAPE: 8.5879
2026-01-25 17:22:10,986 - easytorch-training - INFO - Evaluate best model on test data for horizon 6, Test MAE: 13.5673, Test RMSE: 23.7018, Test MAPE: 8.7870
2026-01-25 17:22:11,007 - easytorch-training - INFO - Evaluate best model on test data for horizon 7, Test MAE: 13.8099, Test RMSE: 24.2368, Test MAPE: 8.9089
2026-01-25 17:22:11,028 - easytorch-training - INFO - Evaluate best model on test data for horizon 8, Test MAE: 14.0319, Test RMSE: 24.6854, Test MAPE: 9.0719
2026-01-25 17:22:11,048 - easytorch-training - INFO - Evaluate best model on test data for horizon 9, Test MAE: 14.2527, Test RMSE: 25.1200, Test MAPE: 9.2442
2026-01-25 17:22:11,069 - easytorch-training - INFO - Evaluate best model on test data for horizon 10, Test MAE: 14.4118, Test RMSE: 25.3825, Test MAPE: 9.3619
2026-01-25 17:22:11,090 - easytorch-training - INFO - Evaluate best model on test data for horizon 11, Test MAE: 14.5760, Test RMSE: 25.6545, Test MAPE: 9.4762
2026-01-25 17:22:11,102 - easytorch-training - INFO - Evaluate best model on test data for horizon 12, Test MAE: 14.7744, Test RMSE: 25.9389, Test MAPE: 9.6051
2026-01-25 17:22:11,119 - easytorch-training - INFO - Result <test>: [test_time: 18.29 (s), test_MAE: 13.5135, test_RMSE: 23.5351, test_MAPE: 8.7655]
2026-01-25 17:22:11,465 - easytorch-training - INFO - Checkpoint checkpoints/STMAFNet_300/21afeca3ffc10cdf4e90589d029b0e70/STMAFNet_126.pt saved
2026-01-25 17:22:11,465 - easytorch-training - INFO - The estimated training finish time is 2026-01-26 00:49:39
2026-01-25 17:22:11,465 - easytorch-training - INFO - Epoch 127 / 300
2026-01-25 17:24:34,639 - easytorch-training - INFO - Result <train>: [train_time: 143.17 (s), lr: 6.25e-05, train_MAE: 12.4540, train_RMSE: 21.0873, train_MAPE: 8.3263]
2026-01-25 17:24:34,640 - easytorch-training - INFO - Start validation.
2026-01-25 17:24:54,047 - easytorch-training - INFO - Result <val>: [val_time: 19.41 (s), val_MAE: 13.4453, val_RMSE: 22.9022, val_MAPE: 10.1301]
2026-01-25 17:24:54,779 - easytorch-training - INFO - Checkpoint checkpoints/STMAFNet_300/21afeca3ffc10cdf4e90589d029b0e70/STMAFNet_best_val_MAE.pt saved
2026-01-25 17:25:12,802 - easytorch-training - INFO - Evaluate best model on test data for horizon 1, Test MAE: 11.6284, Test RMSE: 19.1704, Test MAPE: 7.6681
2026-01-25 17:25:12,817 - easytorch-training - INFO - Evaluate best model on test data for horizon 2, Test MAE: 12.1837, Test RMSE: 20.4595, Test MAPE: 8.0377
2026-01-25 17:25:12,851 - easytorch-training - INFO - Evaluate best model on test data for horizon 3, Test MAE: 12.6214, Test RMSE: 21.5057, Test MAPE: 8.2492
2026-01-25 17:25:12,872 - easytorch-training - INFO - Evaluate best model on test data for horizon 4, Test MAE: 12.9790, Test RMSE: 22.3697, Test MAPE: 8.3988
2026-01-25 17:25:12,887 - easytorch-training - INFO - Evaluate best model on test data for horizon 5, Test MAE: 13.2804, Test RMSE: 23.0920, Test MAPE: 8.6589
2026-01-25 17:25:12,904 - easytorch-training - INFO - Evaluate best model on test data for horizon 6, Test MAE: 13.5236, Test RMSE: 23.6512, Test MAPE: 8.7516
2026-01-25 17:25:12,923 - easytorch-training - INFO - Evaluate best model on test data for horizon 7, Test MAE: 13.7624, Test RMSE: 24.1535, Test MAPE: 8.9025
2026-01-25 17:25:12,943 - easytorch-training - INFO - Evaluate best model on test data for horizon 8, Test MAE: 13.9935, Test RMSE: 24.5879, Test MAPE: 9.0740
2026-01-25 17:25:12,962 - easytorch-training - INFO - Evaluate best model on test data for horizon 9, Test MAE: 14.2120, Test RMSE: 24.9719, Test MAPE: 9.2855
2026-01-25 17:25:12,976 - easytorch-training - INFO - Evaluate best model on test data for horizon 10, Test MAE: 14.3897, Test RMSE: 25.2808, Test MAPE: 9.3876
2026-01-25 17:25:12,991 - easytorch-training - INFO - Evaluate best model on test data for horizon 11, Test MAE: 14.5462, Test RMSE: 25.5495, Test MAPE: 9.4629
2026-01-25 17:25:13,006 - easytorch-training - INFO - Evaluate best model on test data for horizon 12, Test MAE: 14.7432, Test RMSE: 25.8540, Test MAPE: 9.6058
2026-01-25 17:25:13,028 - easytorch-training - INFO - Result <test>: [test_time: 18.25 (s), test_MAE: 13.4886, test_RMSE: 23.4760, test_MAPE: 8.7902]
2026-01-25 17:25:13,370 - easytorch-training - INFO - Checkpoint checkpoints/STMAFNet_300/21afeca3ffc10cdf4e90589d029b0e70/STMAFNet_127.pt saved
2026-01-25 17:25:13,371 - easytorch-training - INFO - The estimated training finish time is 2026-01-26 00:50:44
2026-01-25 17:25:13,371 - easytorch-training - INFO - Epoch 128 / 300
2026-01-25 17:27:36,418 - easytorch-training - INFO - Result <train>: [train_time: 143.05 (s), lr: 6.25e-05, train_MAE: 12.4506, train_RMSE: 21.0848, train_MAPE: 8.3258]
2026-01-25 17:27:36,419 - easytorch-training - INFO - Start validation.
2026-01-25 17:27:55,855 - easytorch-training - INFO - Result <val>: [val_time: 19.44 (s), val_MAE: 13.4605, val_RMSE: 22.8906, val_MAPE: 10.0874]
2026-01-25 17:28:13,894 - easytorch-training - INFO - Evaluate best model on test data for horizon 1, Test MAE: 11.6346, Test RMSE: 19.1910, Test MAPE: 7.7414
2026-01-25 17:28:13,909 - easytorch-training - INFO - Evaluate best model on test data for horizon 2, Test MAE: 12.1828, Test RMSE: 20.4508, Test MAPE: 8.0052
2026-01-25 17:28:13,919 - easytorch-training - INFO - Evaluate best model on test data for horizon 3, Test MAE: 12.6409, Test RMSE: 21.4904, Test MAPE: 8.2741
2026-01-25 17:28:13,940 - easytorch-training - INFO - Evaluate best model on test data for horizon 4, Test MAE: 12.9912, Test RMSE: 22.3127, Test MAPE: 8.4211
2026-01-25 17:28:13,960 - easytorch-training - INFO - Evaluate best model on test data for horizon 5, Test MAE: 13.3019, Test RMSE: 23.0129, Test MAPE: 8.6100
2026-01-25 17:28:13,981 - easytorch-training - INFO - Evaluate best model on test data for horizon 6, Test MAE: 13.5519, Test RMSE: 23.5743, Test MAPE: 8.8070
2026-01-25 17:28:14,002 - easytorch-training - INFO - Evaluate best model on test data for horizon 7, Test MAE: 13.7926, Test RMSE: 24.0528, Test MAPE: 8.9381
2026-01-25 17:28:14,017 - easytorch-training - INFO - Evaluate best model on test data for horizon 8, Test MAE: 14.0513, Test RMSE: 24.5378, Test MAPE: 9.0549
2026-01-25 17:28:14,033 - easytorch-training - INFO - Evaluate best model on test data for horizon 9, Test MAE: 14.2528, Test RMSE: 24.9207, Test MAPE: 9.2457
2026-01-25 17:28:14,047 - easytorch-training - INFO - Evaluate best model on test data for horizon 10, Test MAE: 14.4383, Test RMSE: 25.2664, Test MAPE: 9.3528
2026-01-25 17:28:14,068 - easytorch-training - INFO - Evaluate best model on test data for horizon 11, Test MAE: 14.6134, Test RMSE: 25.5330, Test MAPE: 9.4637
2026-01-25 17:28:14,088 - easytorch-training - INFO - Evaluate best model on test data for horizon 12, Test MAE: 14.7905, Test RMSE: 25.8113, Test MAPE: 9.5534
2026-01-25 17:28:14,112 - easytorch-training - INFO - Result <test>: [test_time: 18.26 (s), test_MAE: 13.5202, test_RMSE: 23.4339, test_MAPE: 8.7889]
2026-01-25 17:28:14,456 - easytorch-training - INFO - Checkpoint checkpoints/STMAFNet_300/21afeca3ffc10cdf4e90589d029b0e70/STMAFNet_128.pt saved
2026-01-25 17:28:14,457 - easytorch-training - INFO - The estimated training finish time is 2026-01-26 00:51:47
2026-01-25 17:28:14,457 - easytorch-training - INFO - Epoch 129 / 300
2026-01-25 17:30:38,189 - easytorch-training - INFO - Result <train>: [train_time: 143.73 (s), lr: 6.25e-05, train_MAE: 12.4453, train_RMSE: 21.0758, train_MAPE: 8.3180]
2026-01-25 17:30:38,191 - easytorch-training - INFO - Start validation.
2026-01-25 17:30:57,079 - easytorch-training - INFO - Result <val>: [val_time: 18.89 (s), val_MAE: 13.4683, val_RMSE: 22.9019, val_MAPE: 10.2356]
2026-01-25 17:31:15,137 - easytorch-training - INFO - Evaluate best model on test data for horizon 1, Test MAE: 11.6550, Test RMSE: 19.1857, Test MAPE: 7.5896
2026-01-25 17:31:15,155 - easytorch-training - INFO - Evaluate best model on test data for horizon 2, Test MAE: 12.1943, Test RMSE: 20.4463, Test MAPE: 7.9543
2026-01-25 17:31:15,175 - easytorch-training - INFO - Evaluate best model on test data for horizon 3, Test MAE: 12.6439, Test RMSE: 21.4792, Test MAPE: 8.1678
2026-01-25 17:31:15,189 - easytorch-training - INFO - Evaluate best model on test data for horizon 4, Test MAE: 12.9864, Test RMSE: 22.2732, Test MAPE: 8.3780
2026-01-25 17:31:15,205 - easytorch-training - INFO - Evaluate best model on test data for horizon 5, Test MAE: 13.2907, Test RMSE: 22.9910, Test MAPE: 8.5961
2026-01-25 17:31:15,226 - easytorch-training - INFO - Evaluate best model on test data for horizon 6, Test MAE: 13.5450, Test RMSE: 23.5767, Test MAPE: 8.7546
2026-01-25 17:31:15,247 - easytorch-training - INFO - Evaluate best model on test data for horizon 7, Test MAE: 13.7882, Test RMSE: 24.1176, Test MAPE: 8.9267
2026-01-25 17:31:15,267 - easytorch-training - INFO - Evaluate best model on test data for horizon 8, Test MAE: 14.0487, Test RMSE: 24.6173, Test MAPE: 9.0785
2026-01-25 17:31:15,288 - easytorch-training - INFO - Evaluate best model on test data for horizon 9, Test MAE: 14.2622, Test RMSE: 25.0017, Test MAPE: 9.2493
2026-01-25 17:31:15,309 - easytorch-training - INFO - Evaluate best model on test data for horizon 10, Test MAE: 14.4314, Test RMSE: 25.3570, Test MAPE: 9.3760
2026-01-25 17:31:15,323 - easytorch-training - INFO - Evaluate best model on test data for horizon 11, Test MAE: 14.6028, Test RMSE: 25.6031, Test MAPE: 9.5858
2026-01-25 17:31:15,344 - easytorch-training - INFO - Evaluate best model on test data for horizon 12, Test MAE: 14.8042, Test RMSE: 25.8528, Test MAPE: 9.7787
2026-01-25 17:31:15,364 - easytorch-training - INFO - Result <test>: [test_time: 18.28 (s), test_MAE: 13.5211, test_RMSE: 23.4657, test_MAPE: 8.7863]
2026-01-25 17:31:15,794 - easytorch-training - INFO - Checkpoint checkpoints/STMAFNet_300/21afeca3ffc10cdf4e90589d029b0e70/STMAFNet_129.pt saved
2026-01-25 17:31:15,795 - easytorch-training - INFO - The estimated training finish time is 2026-01-26 00:52:49
2026-01-25 17:31:15,795 - easytorch-training - INFO - Epoch 130 / 300
2026-01-25 17:33:40,493 - easytorch-training - INFO - Result <train>: [train_time: 144.70 (s), lr: 6.25e-05, train_MAE: 12.4395, train_RMSE: 21.0689, train_MAPE: 8.3169]
2026-01-25 17:33:40,496 - easytorch-training - INFO - Start validation.
2026-01-25 17:33:59,327 - easytorch-training - INFO - Result <val>: [val_time: 18.83 (s), val_MAE: 13.4477, val_RMSE: 22.8808, val_MAPE: 10.1180]
2026-01-25 17:34:16,918 - easytorch-training - INFO - Evaluate best model on test data for horizon 1, Test MAE: 11.6368, Test RMSE: 19.1796, Test MAPE: 7.6282
2026-01-25 17:34:16,936 - easytorch-training - INFO - Evaluate best model on test data for horizon 2, Test MAE: 12.1721, Test RMSE: 20.4174, Test MAPE: 7.9625
2026-01-25 17:34:16,957 - easytorch-training - INFO - Evaluate best model on test data for horizon 3, Test MAE: 12.6147, Test RMSE: 21.4469, Test MAPE: 8.1888
2026-01-25 17:34:16,973 - easytorch-training - INFO - Evaluate best model on test data for horizon 4, Test MAE: 12.9727, Test RMSE: 22.2708, Test MAPE: 8.4693
2026-01-25 17:34:16,989 - easytorch-training - INFO - Evaluate best model on test data for horizon 5, Test MAE: 13.2750, Test RMSE: 22.9852, Test MAPE: 8.6140
2026-01-25 17:34:17,005 - easytorch-training - INFO - Evaluate best model on test data for horizon 6, Test MAE: 13.5400, Test RMSE: 23.5807, Test MAPE: 8.8683
2026-01-25 17:34:17,026 - easytorch-training - INFO - Evaluate best model on test data for horizon 7, Test MAE: 13.7856, Test RMSE: 24.0917, Test MAPE: 8.9796
2026-01-25 17:34:17,046 - easytorch-training - INFO - Evaluate best model on test data for horizon 8, Test MAE: 14.0193, Test RMSE: 24.5346, Test MAPE: 9.1805
2026-01-25 17:34:17,067 - easytorch-training - INFO - Evaluate best model on test data for horizon 9, Test MAE: 14.2436, Test RMSE: 24.9560, Test MAPE: 9.2847
2026-01-25 17:34:17,085 - easytorch-training - INFO - Evaluate best model on test data for horizon 10, Test MAE: 14.3916, Test RMSE: 25.2190, Test MAPE: 9.3827
2026-01-25 17:34:17,099 - easytorch-training - INFO - Evaluate best model on test data for horizon 11, Test MAE: 14.5644, Test RMSE: 25.4944, Test MAPE: 9.5103
2026-01-25 17:34:17,120 - easytorch-training - INFO - Evaluate best model on test data for horizon 12, Test MAE: 14.7348, Test RMSE: 25.7480, Test MAPE: 9.6437
2026-01-25 17:34:17,136 - easytorch-training - INFO - Result <test>: [test_time: 17.81 (s), test_MAE: 13.4959, test_RMSE: 23.4150, test_MAPE: 8.8094]
2026-01-25 17:34:17,479 - easytorch-training - INFO - Checkpoint checkpoints/STMAFNet_300/21afeca3ffc10cdf4e90589d029b0e70/STMAFNet_130.pt saved
2026-01-25 17:34:17,509 - easytorch-training - INFO - The estimated training finish time is 2026-01-26 00:53:50
2026-01-25 17:34:17,509 - easytorch-training - INFO - Epoch 131 / 300
2026-01-25 17:36:41,653 - easytorch-training - INFO - Result <train>: [train_time: 144.14 (s), lr: 6.25e-05, train_MAE: 12.4394, train_RMSE: 21.0646, train_MAPE: 8.3116]
2026-01-25 17:36:41,655 - easytorch-training - INFO - Start validation.
2026-01-25 17:37:01,058 - easytorch-training - INFO - Result <val>: [val_time: 19.40 (s), val_MAE: 13.4882, val_RMSE: 22.9364, val_MAPE: 10.2565]
2026-01-25 17:37:18,909 - easytorch-training - INFO - Evaluate best model on test data for horizon 1, Test MAE: 11.6415, Test RMSE: 19.2059, Test MAPE: 7.6027
2026-01-25 17:37:18,930 - easytorch-training - INFO - Evaluate best model on test data for horizon 2, Test MAE: 12.2141, Test RMSE: 20.4740, Test MAPE: 8.0208
2026-01-25 17:37:18,951 - easytorch-training - INFO - Evaluate best model on test data for horizon 3, Test MAE: 12.6466, Test RMSE: 21.5017, Test MAPE: 8.2913
2026-01-25 17:37:18,970 - easytorch-training - INFO - Evaluate best model on test data for horizon 4, Test MAE: 12.9876, Test RMSE: 22.3040, Test MAPE: 8.4549
2026-01-25 17:37:18,987 - easytorch-training - INFO - Evaluate best model on test data for horizon 5, Test MAE: 13.3079, Test RMSE: 23.0076, Test MAPE: 8.7480
2026-01-25 17:37:19,003 - easytorch-training - INFO - Evaluate best model on test data for horizon 6, Test MAE: 13.5803, Test RMSE: 23.6248, Test MAPE: 8.9393
2026-01-25 17:37:19,014 - easytorch-training - INFO - Evaluate best model on test data for horizon 7, Test MAE: 13.8553, Test RMSE: 24.2170, Test MAPE: 9.2162
2026-01-25 17:37:19,031 - easytorch-training - INFO - Evaluate best model on test data for horizon 8, Test MAE: 14.0987, Test RMSE: 24.7217, Test MAPE: 9.1379
2026-01-25 17:37:19,051 - easytorch-training - INFO - Evaluate best model on test data for horizon 9, Test MAE: 14.3320, Test RMSE: 25.1605, Test MAPE: 9.3837
2026-01-25 17:37:19,072 - easytorch-training - INFO - Evaluate best model on test data for horizon 10, Test MAE: 14.5181, Test RMSE: 25.4795, Test MAPE: 9.5520
2026-01-25 17:37:19,087 - easytorch-training - INFO - Evaluate best model on test data for horizon 11, Test MAE: 14.6889, Test RMSE: 25.7752, Test MAPE: 9.6056
2026-01-25 17:37:19,102 - easytorch-training - INFO - Evaluate best model on test data for horizon 12, Test MAE: 14.8816, Test RMSE: 26.0538, Test MAPE: 9.7667
2026-01-25 17:37:19,126 - easytorch-training - INFO - Result <test>: [test_time: 18.07 (s), test_MAE: 13.5627, test_RMSE: 23.5555, test_MAPE: 8.8933]
2026-01-25 17:37:19,469 - easytorch-training - INFO - Checkpoint checkpoints/STMAFNet_300/21afeca3ffc10cdf4e90589d029b0e70/STMAFNet_131.pt saved
2026-01-25 17:37:19,470 - easytorch-training - INFO - The estimated training finish time is 2026-01-26 00:54:52
2026-01-25 17:37:19,470 - easytorch-training - INFO - Epoch 132 / 300
2026-01-25 17:39:42,730 - easytorch-training - INFO - Result <train>: [train_time: 143.26 (s), lr: 6.25e-05, train_MAE: 12.4323, train_RMSE: 21.0567, train_MAPE: 8.3044]
2026-01-25 17:39:42,731 - easytorch-training - INFO - Start validation.
2026-01-25 17:40:02,138 - easytorch-training - INFO - Result <val>: [val_time: 19.41 (s), val_MAE: 13.4746, val_RMSE: 22.9116, val_MAPE: 10.1483]
2026-01-25 17:40:20,173 - easytorch-training - INFO - Evaluate best model on test data for horizon 1, Test MAE: 11.6559, Test RMSE: 19.2007, Test MAPE: 7.9237
2026-01-25 17:40:20,194 - easytorch-training - INFO - Evaluate best model on test data for horizon 2, Test MAE: 12.2048, Test RMSE: 20.4844, Test MAPE: 8.1282
2026-01-25 17:40:20,214 - easytorch-training - INFO - Evaluate best model on test data for horizon 3, Test MAE: 12.6728, Test RMSE: 21.5180, Test MAPE: 8.5313
2026-01-25 17:40:20,230 - easytorch-training - INFO - Evaluate best model on test data for horizon 4, Test MAE: 13.0318, Test RMSE: 22.3410, Test MAPE: 8.7879
2026-01-25 17:40:20,244 - easytorch-training - INFO - Evaluate best model on test data for horizon 5, Test MAE: 13.3319, Test RMSE: 23.0576, Test MAPE: 8.7588
2026-01-25 17:40:20,262 - easytorch-training - INFO - Evaluate best model on test data for horizon 6, Test MAE: 13.5666, Test RMSE: 23.6407, Test MAPE: 8.9851
2026-01-25 17:40:20,280 - easytorch-training - INFO - Evaluate best model on test data for horizon 7, Test MAE: 13.8351, Test RMSE: 24.2021, Test MAPE: 9.1097
2026-01-25 17:40:20,296 - easytorch-training - INFO - Evaluate best model on test data for horizon 8, Test MAE: 14.0645, Test RMSE: 24.6622, Test MAPE: 9.2215
2026-01-25 17:40:20,316 - easytorch-training - INFO - Evaluate best model on test data for horizon 9, Test MAE: 14.2931, Test RMSE: 25.0953, Test MAPE: 9.4576
2026-01-25 17:40:20,337 - easytorch-training - INFO - Evaluate best model on test data for horizon 10, Test MAE: 14.4518, Test RMSE: 25.3962, Test MAPE: 9.4728
2026-01-25 17:40:20,358 - easytorch-training - INFO - Evaluate best model on test data for horizon 11, Test MAE: 14.6295, Test RMSE: 25.6674, Test MAPE: 9.6093
2026-01-25 17:40:20,378 - easytorch-training - INFO - Evaluate best model on test data for horizon 12, Test MAE: 14.7895, Test RMSE: 25.9557, Test MAPE: 9.6385
2026-01-25 17:40:20,402 - easytorch-training - INFO - Result <test>: [test_time: 18.26 (s), test_MAE: 13.5439, test_RMSE: 23.5269, test_MAPE: 8.9687]
2026-01-25 17:40:20,745 - easytorch-training - INFO - Checkpoint checkpoints/STMAFNet_300/21afeca3ffc10cdf4e90589d029b0e70/STMAFNet_132.pt saved
2026-01-25 17:40:20,746 - easytorch-training - INFO - The estimated training finish time is 2026-01-26 00:55:51
2026-01-25 17:40:20,746 - easytorch-training - INFO - Epoch 133 / 300
2026-01-25 17:42:44,428 - easytorch-training - INFO - Result <train>: [train_time: 143.68 (s), lr: 6.25e-05, train_MAE: 12.4256, train_RMSE: 21.0450, train_MAPE: 8.3050]
2026-01-25 17:42:44,429 - easytorch-training - INFO - Start validation.
2026-01-25 17:43:03,340 - easytorch-training - INFO - Result <val>: [val_time: 18.91 (s), val_MAE: 13.4641, val_RMSE: 22.9252, val_MAPE: 10.1565]
2026-01-25 17:43:20,739 - easytorch-training - INFO - Evaluate best model on test data for horizon 1, Test MAE: 11.6372, Test RMSE: 19.1821, Test MAPE: 7.7517
2026-01-25 17:43:20,759 - easytorch-training - INFO - Evaluate best model on test data for horizon 2, Test MAE: 12.1828, Test RMSE: 20.4272, Test MAPE: 8.0185
2026-01-25 17:43:20,771 - easytorch-training - INFO - Evaluate best model on test data for horizon 3, Test MAE: 12.6370, Test RMSE: 21.4538, Test MAPE: 8.2696
2026-01-25 17:43:20,776 - easytorch-training - INFO - Evaluate best model on test data for horizon 4, Test MAE: 12.9912, Test RMSE: 22.2613, Test MAPE: 8.5596
2026-01-25 17:43:20,788 - easytorch-training - INFO - Evaluate best model on test data for horizon 5, Test MAE: 13.2957, Test RMSE: 22.9687, Test MAPE: 8.6986
2026-01-25 17:43:20,807 - easytorch-training - INFO - Evaluate best model on test data for horizon 6, Test MAE: 13.5562, Test RMSE: 23.5767, Test MAPE: 8.8580
2026-01-25 17:43:20,828 - easytorch-training - INFO - Evaluate best model on test data for horizon 7, Test MAE: 13.7968, Test RMSE: 24.0883, Test MAPE: 8.9585
2026-01-25 17:43:20,848 - easytorch-training - INFO - Evaluate best model on test data for horizon 8, Test MAE: 14.0468, Test RMSE: 24.5910, Test MAPE: 9.1039
2026-01-25 17:43:20,869 - easytorch-training - INFO - Evaluate best model on test data for horizon 9, Test MAE: 14.2635, Test RMSE: 25.0249, Test MAPE: 9.2495
2026-01-25 17:43:20,886 - easytorch-training - INFO - Evaluate best model on test data for horizon 10, Test MAE: 14.4369, Test RMSE: 25.3447, Test MAPE: 9.3823
2026-01-25 17:43:20,900 - easytorch-training - INFO - Evaluate best model on test data for horizon 11, Test MAE: 14.6063, Test RMSE: 25.6032, Test MAPE: 9.5037
2026-01-25 17:43:20,910 - easytorch-training - INFO - Evaluate best model on test data for horizon 12, Test MAE: 14.7896, Test RMSE: 25.8806, Test MAPE: 9.6168
2026-01-25 17:43:20,930 - easytorch-training - INFO - Result <test>: [test_time: 17.59 (s), test_MAE: 13.5200, test_RMSE: 23.4580, test_MAPE: 8.8309]
2026-01-25 17:43:21,380 - easytorch-training - INFO - Checkpoint checkpoints/STMAFNet_300/21afeca3ffc10cdf4e90589d029b0e70/STMAFNet_133.pt saved
2026-01-25 17:43:21,381 - easytorch-training - INFO - The estimated training finish time is 2026-01-26 00:56:47
2026-01-25 17:43:21,381 - easytorch-training - INFO - Epoch 134 / 300
2026-01-25 17:45:46,220 - easytorch-training - INFO - Result <train>: [train_time: 144.84 (s), lr: 6.25e-05, train_MAE: 12.4174, train_RMSE: 21.0258, train_MAPE: 8.3004]
2026-01-25 17:45:46,221 - easytorch-training - INFO - Start validation.
2026-01-25 17:46:04,549 - easytorch-training - INFO - Result <val>: [val_time: 18.33 (s), val_MAE: 13.4776, val_RMSE: 22.9215, val_MAPE: 10.1315]
2026-01-25 17:46:21,484 - easytorch-training - INFO - Evaluate best model on test data for horizon 1, Test MAE: 11.6582, Test RMSE: 19.1924, Test MAPE: 7.6479
2026-01-25 17:46:21,499 - easytorch-training - INFO - Evaluate best model on test data for horizon 2, Test MAE: 12.1948, Test RMSE: 20.4190, Test MAPE: 8.0007
2026-01-25 17:46:21,517 - easytorch-training - INFO - Evaluate best model on test data for horizon 3, Test MAE: 12.6443, Test RMSE: 21.4226, Test MAPE: 8.1762
2026-01-25 17:46:21,532 - easytorch-training - INFO - Evaluate best model on test data for horizon 4, Test MAE: 12.9865, Test RMSE: 22.2108, Test MAPE: 8.3741
2026-01-25 17:46:21,548 - easytorch-training - INFO - Evaluate best model on test data for horizon 5, Test MAE: 13.2971, Test RMSE: 22.9103, Test MAPE: 8.5470
2026-01-25 17:46:21,565 - easytorch-training - INFO - Evaluate best model on test data for horizon 6, Test MAE: 13.5513, Test RMSE: 23.4749, Test MAPE: 8.7749
2026-01-25 17:46:21,579 - easytorch-training - INFO - Evaluate best model on test data for horizon 7, Test MAE: 13.7900, Test RMSE: 24.0273, Test MAPE: 8.8907
2026-01-25 17:46:21,598 - easytorch-training - INFO - Evaluate best model on test data for horizon 8, Test MAE: 14.0257, Test RMSE: 24.5303, Test MAPE: 9.0980
2026-01-25 17:46:21,618 - easytorch-training - INFO - Evaluate best model on test data for horizon 9, Test MAE: 14.2385, Test RMSE: 24.9784, Test MAPE: 9.2120
2026-01-25 17:46:21,637 - easytorch-training - INFO - Evaluate best model on test data for horizon 10, Test MAE: 14.4221, Test RMSE: 25.2894, Test MAPE: 9.3667
2026-01-25 17:46:21,651 - easytorch-training - INFO - Evaluate best model on test data for horizon 11, Test MAE: 14.5901, Test RMSE: 25.5552, Test MAPE: 9.4733
2026-01-25 17:46:21,670 - easytorch-training - INFO - Evaluate best model on test data for horizon 12, Test MAE: 14.7946, Test RMSE: 25.8407, Test MAPE: 9.5995
2026-01-25 17:46:21,694 - easytorch-training - INFO - Result <test>: [test_time: 17.14 (s), test_MAE: 13.5161, test_RMSE: 23.4108, test_MAPE: 8.7634]
2026-01-25 17:46:22,034 - easytorch-training - INFO - Checkpoint checkpoints/STMAFNet_300/21afeca3ffc10cdf4e90589d029b0e70/STMAFNet_134.pt saved
2026-01-25 17:46:22,035 - easytorch-training - INFO - The estimated training finish time is 2026-01-26 00:57:43
2026-01-25 17:46:22,035 - easytorch-training - INFO - Epoch 135 / 300
2026-01-25 17:48:47,651 - easytorch-training - INFO - Result <train>: [train_time: 145.62 (s), lr: 6.25e-05, train_MAE: 12.4136, train_RMSE: 21.0210, train_MAPE: 8.3002]
2026-01-25 17:48:47,653 - easytorch-training - INFO - Start validation.
2026-01-25 17:49:05,576 - easytorch-training - INFO - Result <val>: [val_time: 17.92 (s), val_MAE: 13.4737, val_RMSE: 22.9234, val_MAPE: 10.1915]
2026-01-25 17:49:22,677 - easytorch-training - INFO - Evaluate best model on test data for horizon 1, Test MAE: 11.6504, Test RMSE: 19.1952, Test MAPE: 7.6766
2026-01-25 17:49:22,698 - easytorch-training - INFO - Evaluate best model on test data for horizon 2, Test MAE: 12.1999, Test RMSE: 20.4901, Test MAPE: 7.9821
2026-01-25 17:49:22,718 - easytorch-training - INFO - Evaluate best model on test data for horizon 3, Test MAE: 12.6469, Test RMSE: 21.5330, Test MAPE: 8.2819
2026-01-25 17:49:22,736 - easytorch-training - INFO - Evaluate best model on test data for horizon 4, Test MAE: 13.0083, Test RMSE: 22.3218, Test MAPE: 8.5366
2026-01-25 17:49:22,750 - easytorch-training - INFO - Evaluate best model on test data for horizon 5, Test MAE: 13.3176, Test RMSE: 23.0471, Test MAPE: 8.6153
2026-01-25 17:49:22,762 - easytorch-training - INFO - Evaluate best model on test data for horizon 6, Test MAE: 13.5591, Test RMSE: 23.6286, Test MAPE: 8.7783
2026-01-25 17:49:22,775 - easytorch-training - INFO - Evaluate best model on test data for horizon 7, Test MAE: 13.8320, Test RMSE: 24.1784, Test MAPE: 8.9599
2026-01-25 17:49:22,793 - easytorch-training - INFO - Evaluate best model on test data for horizon 8, Test MAE: 14.0673, Test RMSE: 24.6400, Test MAPE: 9.0961
2026-01-25 17:49:22,814 - easytorch-training - INFO - Evaluate best model on test data for horizon 9, Test MAE: 14.2821, Test RMSE: 25.0310, Test MAPE: 9.2941
2026-01-25 17:49:22,833 - easytorch-training - INFO - Evaluate best model on test data for horizon 10, Test MAE: 14.4569, Test RMSE: 25.3706, Test MAPE: 9.4101
2026-01-25 17:49:22,848 - easytorch-training - INFO - Evaluate best model on test data for horizon 11, Test MAE: 14.6483, Test RMSE: 25.6805, Test MAPE: 9.5487
2026-01-25 17:49:22,866 - easytorch-training - INFO - Evaluate best model on test data for horizon 12, Test MAE: 14.8326, Test RMSE: 25.9438, Test MAPE: 9.8123
2026-01-25 17:49:22,890 - easytorch-training - INFO - Result <test>: [test_time: 17.31 (s), test_MAE: 13.5418, test_RMSE: 23.5128, test_MAPE: 8.8327]
2026-01-25 17:49:23,232 - easytorch-training - INFO - Checkpoint checkpoints/STMAFNet_300/21afeca3ffc10cdf4e90589d029b0e70/STMAFNet_135.pt saved
2026-01-25 17:49:23,233 - easytorch-training - INFO - The estimated training finish time is 2026-01-26 00:58:39
2026-01-25 17:49:23,233 - easytorch-training - INFO - Epoch 136 / 300
2026-01-25 17:51:48,193 - easytorch-training - INFO - Result <train>: [train_time: 144.96 (s), lr: 6.25e-05, train_MAE: 12.4060, train_RMSE: 21.0123, train_MAPE: 8.3017]
2026-01-25 17:51:48,195 - easytorch-training - INFO - Start validation.
2026-01-25 17:52:06,163 - easytorch-training - INFO - Result <val>: [val_time: 17.97 (s), val_MAE: 13.4884, val_RMSE: 22.9500, val_MAPE: 10.1668]
2026-01-25 17:52:23,550 - easytorch-training - INFO - Evaluate best model on test data for horizon 1, Test MAE: 11.6365, Test RMSE: 19.1753, Test MAPE: 7.5575
2026-01-25 17:52:23,570 - easytorch-training - INFO - Evaluate best model on test data for horizon 2, Test MAE: 12.1989, Test RMSE: 20.4385, Test MAPE: 7.9436
2026-01-25 17:52:23,591 - easytorch-training - INFO - Evaluate best model on test data for horizon 3, Test MAE: 12.6618, Test RMSE: 21.4553, Test MAPE: 8.1650
2026-01-25 17:52:23,609 - easytorch-training - INFO - Evaluate best model on test data for horizon 4, Test MAE: 12.9952, Test RMSE: 22.2677, Test MAPE: 8.3677
2026-01-25 17:52:23,623 - easytorch-training - INFO - Evaluate best model on test data for horizon 5, Test MAE: 13.3044, Test RMSE: 22.9833, Test MAPE: 8.5636
2026-01-25 17:52:23,636 - easytorch-training - INFO - Evaluate best model on test data for horizon 6, Test MAE: 13.5583, Test RMSE: 23.5807, Test MAPE: 8.7340
2026-01-25 17:52:23,650 - easytorch-training - INFO - Evaluate best model on test data for horizon 7, Test MAE: 13.8314, Test RMSE: 24.1786, Test MAPE: 8.9282
2026-01-25 17:52:23,669 - easytorch-training - INFO - Evaluate best model on test data for horizon 8, Test MAE: 14.0711, Test RMSE: 24.6564, Test MAPE: 9.1071
2026-01-25 17:52:23,690 - easytorch-training - INFO - Evaluate best model on test data for horizon 9, Test MAE: 14.2767, Test RMSE: 25.0589, Test MAPE: 9.2251
2026-01-25 17:52:23,710 - easytorch-training - INFO - Evaluate best model on test data for horizon 10, Test MAE: 14.4534, Test RMSE: 25.3710, Test MAPE: 9.4587
2026-01-25 17:52:23,731 - easytorch-training - INFO - Evaluate best model on test data for horizon 11, Test MAE: 14.6312, Test RMSE: 25.6499, Test MAPE: 9.4938
2026-01-25 17:52:23,751 - easytorch-training - INFO - Evaluate best model on test data for horizon 12, Test MAE: 14.8010, Test RMSE: 25.9035, Test MAPE: 9.6398
2026-01-25 17:52:23,775 - easytorch-training - INFO - Result <test>: [test_time: 17.61 (s), test_MAE: 13.5350, test_RMSE: 23.4858, test_MAPE: 8.7654]
2026-01-25 17:52:24,118 - easytorch-training - INFO - Checkpoint checkpoints/STMAFNet_300/21afeca3ffc10cdf4e90589d029b0e70/STMAFNet_136.pt saved
2026-01-25 17:52:24,119 - easytorch-training - INFO - The estimated training finish time is 2026-01-26 00:59:34
2026-01-25 17:52:24,119 - easytorch-training - INFO - Epoch 137 / 300
2026-01-25 17:54:49,573 - easytorch-training - INFO - Result <train>: [train_time: 145.45 (s), lr: 6.25e-05, train_MAE: 12.3999, train_RMSE: 21.0039, train_MAPE: 8.2956]
2026-01-25 17:54:49,574 - easytorch-training - INFO - Start validation.
2026-01-25 17:55:08,095 - easytorch-training - INFO - Result <val>: [val_time: 18.52 (s), val_MAE: 13.4544, val_RMSE: 22.9183, val_MAPE: 10.1159]
2026-01-25 17:55:25,622 - easytorch-training - INFO - Evaluate best model on test data for horizon 1, Test MAE: 11.6562, Test RMSE: 19.2075, Test MAPE: 7.6951
2026-01-25 17:55:25,638 - easytorch-training - INFO - Evaluate best model on test data for horizon 2, Test MAE: 12.2004, Test RMSE: 20.4888, Test MAPE: 8.1184
2026-01-25 17:55:25,659 - easytorch-training - INFO - Evaluate best model on test data for horizon 3, Test MAE: 12.6317, Test RMSE: 21.5060, Test MAPE: 8.2517
2026-01-25 17:55:25,673 - easytorch-training - INFO - Evaluate best model on test data for horizon 4, Test MAE: 12.9884, Test RMSE: 22.3341, Test MAPE: 8.4080
2026-01-25 17:55:25,692 - easytorch-training - INFO - Evaluate best model on test data for horizon 5, Test MAE: 13.2933, Test RMSE: 23.0421, Test MAPE: 8.6382
2026-01-25 17:55:25,711 - easytorch-training - INFO - Evaluate best model on test data for horizon 6, Test MAE: 13.5492, Test RMSE: 23.6570, Test MAPE: 8.7222
2026-01-25 17:55:25,725 - easytorch-training - INFO - Evaluate best model on test data for horizon 7, Test MAE: 13.8181, Test RMSE: 24.2073, Test MAPE: 8.8780
2026-01-25 17:55:25,740 - easytorch-training - INFO - Evaluate best model on test data for horizon 8, Test MAE: 14.0584, Test RMSE: 24.6879, Test MAPE: 9.0588
2026-01-25 17:55:25,760 - easytorch-training - INFO - Evaluate best model on test data for horizon 9, Test MAE: 14.2692, Test RMSE: 25.1058, Test MAPE: 9.2324
2026-01-25 17:55:25,781 - easytorch-training - INFO - Evaluate best model on test data for horizon 10, Test MAE: 14.4262, Test RMSE: 25.4166, Test MAPE: 9.3912
2026-01-25 17:55:25,801 - easytorch-training - INFO - Evaluate best model on test data for horizon 11, Test MAE: 14.6054, Test RMSE: 25.6751, Test MAPE: 9.6558
2026-01-25 17:55:25,811 - easytorch-training - INFO - Evaluate best model on test data for horizon 12, Test MAE: 14.7894, Test RMSE: 25.9582, Test MAPE: 9.5869
2026-01-25 17:55:25,833 - easytorch-training - INFO - Result <test>: [test_time: 17.74 (s), test_MAE: 13.5238, test_RMSE: 23.5327, test_MAPE: 8.8031]
2026-01-25 17:55:26,262 - easytorch-training - INFO - Checkpoint checkpoints/STMAFNet_300/21afeca3ffc10cdf4e90589d029b0e70/STMAFNet_137.pt saved
2026-01-25 17:55:26,262 - easytorch-training - INFO - The estimated training finish time is 2026-01-26 01:00:31
2026-01-25 17:55:26,263 - easytorch-training - INFO - Epoch 138 / 300
2026-01-25 17:57:50,648 - easytorch-training - INFO - Result <train>: [train_time: 144.38 (s), lr: 6.25e-05, train_MAE: 12.3963, train_RMSE: 20.9999, train_MAPE: 8.2899]
2026-01-25 17:57:50,649 - easytorch-training - INFO - Start validation.
2026-01-25 17:58:10,038 - easytorch-training - INFO - Result <val>: [val_time: 19.39 (s), val_MAE: 13.4548, val_RMSE: 22.8768, val_MAPE: 10.1506]
2026-01-25 17:58:27,937 - easytorch-training - INFO - Evaluate best model on test data for horizon 1, Test MAE: 11.6361, Test RMSE: 19.2098, Test MAPE: 7.8737
2026-01-25 17:58:27,953 - easytorch-training - INFO - Evaluate best model on test data for horizon 2, Test MAE: 12.1875, Test RMSE: 20.4621, Test MAPE: 7.9576
2026-01-25 17:58:27,973 - easytorch-training - INFO - Evaluate best model on test data for horizon 3, Test MAE: 12.6325, Test RMSE: 21.4274, Test MAPE: 8.2452
2026-01-25 17:58:27,988 - easytorch-training - INFO - Evaluate best model on test data for horizon 4, Test MAE: 12.9849, Test RMSE: 22.2051, Test MAPE: 8.4923
2026-01-25 17:58:28,004 - easytorch-training - INFO - Evaluate best model on test data for horizon 5, Test MAE: 13.2896, Test RMSE: 22.8985, Test MAPE: 8.6762
2026-01-25 17:58:28,025 - easytorch-training - INFO - Evaluate best model on test data for horizon 6, Test MAE: 13.5550, Test RMSE: 23.4869, Test MAPE: 8.8530
2026-01-25 17:58:28,043 - easytorch-training - INFO - Evaluate best model on test data for horizon 7, Test MAE: 13.8103, Test RMSE: 23.9925, Test MAPE: 9.0305
2026-01-25 17:58:28,057 - easytorch-training - INFO - Evaluate best model on test data for horizon 8, Test MAE: 14.0371, Test RMSE: 24.4631, Test MAPE: 9.1496
2026-01-25 17:58:28,070 - easytorch-training - INFO - Evaluate best model on test data for horizon 9, Test MAE: 14.2580, Test RMSE: 24.8942, Test MAPE: 9.2249
2026-01-25 17:58:28,084 - easytorch-training - INFO - Evaluate best model on test data for horizon 10, Test MAE: 14.4421, Test RMSE: 25.2296, Test MAPE: 9.4010
2026-01-25 17:58:28,102 - easytorch-training - INFO - Evaluate best model on test data for horizon 11, Test MAE: 14.6160, Test RMSE: 25.4943, Test MAPE: 9.6314
2026-01-25 17:58:28,123 - easytorch-training - INFO - Evaluate best model on test data for horizon 12, Test MAE: 14.7950, Test RMSE: 25.7674, Test MAPE: 9.6544
2026-01-25 17:58:28,147 - easytorch-training - INFO - Result <test>: [test_time: 18.11 (s), test_MAE: 13.5204, test_RMSE: 23.3812, test_MAPE: 8.8491]
2026-01-25 17:58:28,490 - easytorch-training - INFO - Checkpoint checkpoints/STMAFNet_300/21afeca3ffc10cdf4e90589d029b0e70/STMAFNet_138.pt saved
2026-01-25 17:58:28,491 - easytorch-training - INFO - The estimated training finish time is 2026-01-26 01:01:27
2026-01-25 17:58:28,491 - easytorch-training - INFO - Epoch 139 / 300
2026-01-25 18:00:51,880 - easytorch-training - INFO - Result <train>: [train_time: 143.39 (s), lr: 6.25e-05, train_MAE: 12.3910, train_RMSE: 20.9868, train_MAPE: 8.2841]
2026-01-25 18:00:51,882 - easytorch-training - INFO - Start validation.
2026-01-25 18:01:11,286 - easytorch-training - INFO - Result <val>: [val_time: 19.40 (s), val_MAE: 13.4543, val_RMSE: 22.9134, val_MAPE: 10.2174]
2026-01-25 18:01:29,350 - easytorch-training - INFO - Evaluate best model on test data for horizon 1, Test MAE: 11.6369, Test RMSE: 19.2282, Test MAPE: 7.8192
2026-01-25 18:01:29,369 - easytorch-training - INFO - Evaluate best model on test data for horizon 2, Test MAE: 12.1970, Test RMSE: 20.5015, Test MAPE: 8.0881
2026-01-25 18:01:29,383 - easytorch-training - INFO - Evaluate best model on test data for horizon 3, Test MAE: 12.6399, Test RMSE: 21.5047, Test MAPE: 8.4149
2026-01-25 18:01:29,398 - easytorch-training - INFO - Evaluate best model on test data for horizon 4, Test MAE: 12.9904, Test RMSE: 22.3148, Test MAPE: 8.5229
2026-01-25 18:01:29,418 - easytorch-training - INFO - Evaluate best model on test data for horizon 5, Test MAE: 13.3069, Test RMSE: 23.0365, Test MAPE: 8.6154
2026-01-25 18:01:29,439 - easytorch-training - INFO - Evaluate best model on test data for horizon 6, Test MAE: 13.5508, Test RMSE: 23.6085, Test MAPE: 8.8227
2026-01-25 18:01:29,453 - easytorch-training - INFO - Evaluate best model on test data for horizon 7, Test MAE: 13.8081, Test RMSE: 24.1195, Test MAPE: 9.1135
2026-01-25 18:01:29,468 - easytorch-training - INFO - Evaluate best model on test data for horizon 8, Test MAE: 14.0285, Test RMSE: 24.5342, Test MAPE: 9.3135
2026-01-25 18:01:29,484 - easytorch-training - INFO - Evaluate best model on test data for horizon 9, Test MAE: 14.2361, Test RMSE: 24.9355, Test MAPE: 9.3893
2026-01-25 18:01:29,505 - easytorch-training - INFO - Evaluate best model on test data for horizon 10, Test MAE: 14.4067, Test RMSE: 25.2459, Test MAPE: 9.4072
2026-01-25 18:01:29,526 - easytorch-training - INFO - Evaluate best model on test data for horizon 11, Test MAE: 14.5794, Test RMSE: 25.5084, Test MAPE: 9.5623
2026-01-25 18:01:29,546 - easytorch-training - INFO - Evaluate best model on test data for horizon 12, Test MAE: 14.7511, Test RMSE: 25.7600, Test MAPE: 9.7280
2026-01-25 18:01:29,570 - easytorch-training - INFO - Result <test>: [test_time: 18.28 (s), test_MAE: 13.5110, test_RMSE: 23.4442, test_MAPE: 8.8998]
2026-01-25 18:01:30,002 - easytorch-training - INFO - Checkpoint checkpoints/STMAFNet_300/21afeca3ffc10cdf4e90589d029b0e70/STMAFNet_139.pt saved
2026-01-25 18:01:30,002 - easytorch-training - INFO - The estimated training finish time is 2026-01-26 01:02:20
2026-01-25 18:01:30,002 - easytorch-training - INFO - Epoch 140 / 300
2026-01-25 18:03:53,215 - easytorch-training - INFO - Result <train>: [train_time: 143.21 (s), lr: 6.25e-05, train_MAE: 12.3798, train_RMSE: 20.9752, train_MAPE: 8.2807]
2026-01-25 18:03:53,217 - easytorch-training - INFO - Start validation.
2026-01-25 18:04:12,613 - easytorch-training - INFO - Result <val>: [val_time: 19.40 (s), val_MAE: 13.4979, val_RMSE: 22.9853, val_MAPE: 10.1049]
2026-01-25 18:04:30,653 - easytorch-training - INFO - Evaluate best model on test data for horizon 1, Test MAE: 11.6597, Test RMSE: 19.2200, Test MAPE: 7.7246
2026-01-25 18:04:30,667 - easytorch-training - INFO - Evaluate best model on test data for horizon 2, Test MAE: 12.2106, Test RMSE: 20.5234, Test MAPE: 7.9601
2026-01-25 18:04:30,683 - easytorch-training - INFO - Evaluate best model on test data for horizon 3, Test MAE: 12.6734, Test RMSE: 21.5763, Test MAPE: 8.1984
2026-01-25 18:04:30,704 - easytorch-training - INFO - Evaluate best model on test data for horizon 4, Test MAE: 13.0560, Test RMSE: 22.4191, Test MAPE: 8.4429
2026-01-25 18:04:30,721 - easytorch-training - INFO - Evaluate best model on test data for horizon 5, Test MAE: 13.3572, Test RMSE: 23.1658, Test MAPE: 8.6483
2026-01-25 18:04:30,735 - easytorch-training - INFO - Evaluate best model on test data for horizon 6, Test MAE: 13.6212, Test RMSE: 23.7996, Test MAPE: 8.8397
2026-01-25 18:04:30,755 - easytorch-training - INFO - Evaluate best model on test data for horizon 7, Test MAE: 13.8797, Test RMSE: 24.3730, Test MAPE: 8.9655
2026-01-25 18:04:30,776 - easytorch-training - INFO - Evaluate best model on test data for horizon 8, Test MAE: 14.1296, Test RMSE: 24.8922, Test MAPE: 9.0972
2026-01-25 18:04:30,796 - easytorch-training - INFO - Evaluate best model on test data for horizon 9, Test MAE: 14.3566, Test RMSE: 25.3001, Test MAPE: 9.2896
2026-01-25 18:04:30,817 - easytorch-training - INFO - Evaluate best model on test data for horizon 10, Test MAE: 14.5223, Test RMSE: 25.6501, Test MAPE: 9.3870
2026-01-25 18:04:30,838 - easytorch-training - INFO - Evaluate best model on test data for horizon 11, Test MAE: 14.6827, Test RMSE: 25.8802, Test MAPE: 9.5263
2026-01-25 18:04:30,855 - easytorch-training - INFO - Evaluate best model on test data for horizon 12, Test MAE: 14.8594, Test RMSE: 26.1235, Test MAPE: 9.6433
2026-01-25 18:04:30,870 - easytorch-training - INFO - Result <test>: [test_time: 18.26 (s), test_MAE: 13.5840, test_RMSE: 23.6744, test_MAPE: 8.8102]
2026-01-25 18:04:31,219 - easytorch-training - INFO - Checkpoint checkpoints/STMAFNet_300/21afeca3ffc10cdf4e90589d029b0e70/STMAFNet_140.pt saved
2026-01-25 18:04:31,252 - easytorch-training - INFO - The estimated training finish time is 2026-01-26 01:03:13
2026-01-25 18:04:31,252 - easytorch-training - INFO - Epoch 141 / 300
2026-01-25 18:06:54,371 - easytorch-training - INFO - Result <train>: [train_time: 143.12 (s), lr: 6.25e-05, train_MAE: 12.3813, train_RMSE: 20.9672, train_MAPE: 8.2782]
2026-01-25 18:06:54,373 - easytorch-training - INFO - Start validation.
2026-01-25 18:07:13,796 - easytorch-training - INFO - Result <val>: [val_time: 19.42 (s), val_MAE: 13.4945, val_RMSE: 22.9955, val_MAPE: 10.3187]
2026-01-25 18:07:31,855 - easytorch-training - INFO - Evaluate best model on test data for horizon 1, Test MAE: 11.6369, Test RMSE: 19.1904, Test MAPE: 7.6045
2026-01-25 18:07:31,873 - easytorch-training - INFO - Evaluate best model on test data for horizon 2, Test MAE: 12.2043, Test RMSE: 20.4980, Test MAPE: 7.9139
2026-01-25 18:07:31,894 - easytorch-training - INFO - Evaluate best model on test data for horizon 3, Test MAE: 12.6570, Test RMSE: 21.5139, Test MAPE: 8.1838
2026-01-25 18:07:31,914 - easytorch-training - INFO - Evaluate best model on test data for horizon 4, Test MAE: 13.0126, Test RMSE: 22.3495, Test MAPE: 8.3966
2026-01-25 18:07:31,935 - easytorch-training - INFO - Evaluate best model on test data for horizon 5, Test MAE: 13.3279, Test RMSE: 23.0905, Test MAPE: 8.5908
2026-01-25 18:07:31,956 - easytorch-training - INFO - Evaluate best model on test data for horizon 6, Test MAE: 13.5843, Test RMSE: 23.7031, Test MAPE: 8.7937
2026-01-25 18:07:31,975 - easytorch-training - INFO - Evaluate best model on test data for horizon 7, Test MAE: 13.8349, Test RMSE: 24.2384, Test MAPE: 8.9513
2026-01-25 18:07:31,990 - easytorch-training - INFO - Evaluate best model on test data for horizon 8, Test MAE: 14.0740, Test RMSE: 24.7421, Test MAPE: 9.0745
2026-01-25 18:07:31,999 - easytorch-training - INFO - Evaluate best model on test data for horizon 9, Test MAE: 14.2932, Test RMSE: 25.1369, Test MAPE: 9.2306
2026-01-25 18:07:32,011 - easytorch-training - INFO - Evaluate best model on test data for horizon 10, Test MAE: 14.4391, Test RMSE: 25.4234, Test MAPE: 9.3498
2026-01-25 18:07:32,027 - easytorch-training - INFO - Evaluate best model on test data for horizon 11, Test MAE: 14.6199, Test RMSE: 25.7232, Test MAPE: 9.4738
2026-01-25 18:07:32,048 - easytorch-training - INFO - Evaluate best model on test data for horizon 12, Test MAE: 14.7751, Test RMSE: 25.9419, Test MAPE: 9.5761
2026-01-25 18:07:32,072 - easytorch-training - INFO - Result <test>: [test_time: 18.27 (s), test_MAE: 13.5383, test_RMSE: 23.5555, test_MAPE: 8.7616]
2026-01-25 18:07:32,502 - easytorch-training - INFO - Checkpoint checkpoints/STMAFNet_300/21afeca3ffc10cdf4e90589d029b0e70/STMAFNet_141.pt saved
2026-01-25 18:07:32,503 - easytorch-training - INFO - The estimated training finish time is 2026-01-26 01:04:04
2026-01-25 18:07:32,503 - easytorch-training - INFO - Epoch 142 / 300
2026-01-25 18:09:55,225 - easytorch-training - INFO - Result <train>: [train_time: 142.72 (s), lr: 6.25e-05, train_MAE: 12.3752, train_RMSE: 20.9681, train_MAPE: 8.2753]
2026-01-25 18:09:55,226 - easytorch-training - INFO - Start validation.
2026-01-25 18:10:14,614 - easytorch-training - INFO - Result <val>: [val_time: 19.39 (s), val_MAE: 13.4558, val_RMSE: 22.8794, val_MAPE: 10.1423]
2026-01-25 18:10:32,676 - easytorch-training - INFO - Evaluate best model on test data for horizon 1, Test MAE: 11.6463, Test RMSE: 19.1913, Test MAPE: 7.5892
2026-01-25 18:10:32,697 - easytorch-training - INFO - Evaluate best model on test data for horizon 2, Test MAE: 12.2037, Test RMSE: 20.4714, Test MAPE: 7.9353
2026-01-25 18:10:32,712 - easytorch-training - INFO - Evaluate best model on test data for horizon 3, Test MAE: 12.6322, Test RMSE: 21.4766, Test MAPE: 8.1772
2026-01-25 18:10:32,733 - easytorch-training - INFO - Evaluate best model on test data for horizon 4, Test MAE: 12.9935, Test RMSE: 22.2727, Test MAPE: 8.3957
2026-01-25 18:10:32,753 - easytorch-training - INFO - Evaluate best model on test data for horizon 5, Test MAE: 13.2929, Test RMSE: 22.9465, Test MAPE: 8.5768
2026-01-25 18:10:32,774 - easytorch-training - INFO - Evaluate best model on test data for horizon 6, Test MAE: 13.5133, Test RMSE: 23.5261, Test MAPE: 8.7283
2026-01-25 18:10:32,789 - easytorch-training - INFO - Evaluate best model on test data for horizon 7, Test MAE: 13.7770, Test RMSE: 24.0481, Test MAPE: 8.9091
2026-01-25 18:10:32,810 - easytorch-training - INFO - Evaluate best model on test data for horizon 8, Test MAE: 14.0196, Test RMSE: 24.5302, Test MAPE: 9.0537
2026-01-25 18:10:32,825 - easytorch-training - INFO - Evaluate best model on test data for horizon 9, Test MAE: 14.2298, Test RMSE: 24.9590, Test MAPE: 9.2111
2026-01-25 18:10:32,843 - easytorch-training - INFO - Evaluate best model on test data for horizon 10, Test MAE: 14.3798, Test RMSE: 25.2585, Test MAPE: 9.3123
2026-01-25 18:10:32,858 - easytorch-training - INFO - Evaluate best model on test data for horizon 11, Test MAE: 14.5582, Test RMSE: 25.5383, Test MAPE: 9.4540
2026-01-25 18:10:32,876 - easytorch-training - INFO - Evaluate best model on test data for horizon 12, Test MAE: 14.7423, Test RMSE: 25.7942, Test MAPE: 9.5724
2026-01-25 18:10:32,900 - easytorch-training - INFO - Result <test>: [test_time: 18.28 (s), test_MAE: 13.4990, test_RMSE: 23.4223, test_MAPE: 8.7429]
2026-01-25 18:10:33,243 - easytorch-training - INFO - Checkpoint checkpoints/STMAFNet_300/21afeca3ffc10cdf4e90589d029b0e70/STMAFNet_142.pt saved
2026-01-25 18:10:33,243 - easytorch-training - INFO - The estimated training finish time is 2026-01-26 01:04:54
2026-01-25 18:10:33,243 - easytorch-training - INFO - Epoch 143 / 300
2026-01-25 18:12:56,811 - easytorch-training - INFO - Result <train>: [train_time: 143.57 (s), lr: 6.25e-05, train_MAE: 12.3711, train_RMSE: 20.9546, train_MAPE: 8.2716]
2026-01-25 18:12:56,813 - easytorch-training - INFO - Start validation.
2026-01-25 18:13:15,636 - easytorch-training - INFO - Result <val>: [val_time: 18.82 (s), val_MAE: 13.4613, val_RMSE: 22.9418, val_MAPE: 10.2394]
2026-01-25 18:13:33,699 - easytorch-training - INFO - Evaluate best model on test data for horizon 1, Test MAE: 11.6376, Test RMSE: 19.2083, Test MAPE: 7.7263
2026-01-25 18:13:33,715 - easytorch-training - INFO - Evaluate best model on test data for horizon 2, Test MAE: 12.1829, Test RMSE: 20.4834, Test MAPE: 7.9825
2026-01-25 18:13:33,730 - easytorch-training - INFO - Evaluate best model on test data for horizon 3, Test MAE: 12.6254, Test RMSE: 21.4937, Test MAPE: 8.2531
2026-01-25 18:13:33,746 - easytorch-training - INFO - Evaluate best model on test data for horizon 4, Test MAE: 13.0041, Test RMSE: 22.3157, Test MAPE: 8.5776
2026-01-25 18:13:33,767 - easytorch-training - INFO - Evaluate best model on test data for horizon 5, Test MAE: 13.2945, Test RMSE: 23.0282, Test MAPE: 8.6466
2026-01-25 18:13:33,788 - easytorch-training - INFO - Evaluate best model on test data for horizon 6, Test MAE: 13.5269, Test RMSE: 23.5887, Test MAPE: 8.7733
2026-01-25 18:13:33,808 - easytorch-training - INFO - Evaluate best model on test data for horizon 7, Test MAE: 13.7897, Test RMSE: 24.1353, Test MAPE: 8.9899
2026-01-25 18:13:33,824 - easytorch-training - INFO - Evaluate best model on test data for horizon 8, Test MAE: 14.0173, Test RMSE: 24.5895, Test MAPE: 9.0407
2026-01-25 18:13:33,838 - easytorch-training - INFO - Evaluate best model on test data for horizon 9, Test MAE: 14.2259, Test RMSE: 24.9846, Test MAPE: 9.1954
2026-01-25 18:13:33,859 - easytorch-training - INFO - Evaluate best model on test data for horizon 10, Test MAE: 14.3945, Test RMSE: 25.2840, Test MAPE: 9.3563
2026-01-25 18:13:33,875 - easytorch-training - INFO - Evaluate best model on test data for horizon 11, Test MAE: 14.5804, Test RMSE: 25.5671, Test MAPE: 9.4762
2026-01-25 18:13:33,895 - easytorch-training - INFO - Evaluate best model on test data for horizon 12, Test MAE: 14.7414, Test RMSE: 25.7937, Test MAPE: 9.7452
2026-01-25 18:13:33,919 - easytorch-training - INFO - Result <test>: [test_time: 18.28 (s), test_MAE: 13.5017, test_RMSE: 23.4607, test_MAPE: 8.8136]
2026-01-25 18:13:34,263 - easytorch-training - INFO - Checkpoint checkpoints/STMAFNet_300/21afeca3ffc10cdf4e90589d029b0e70/STMAFNet_143.pt saved
2026-01-25 18:13:34,264 - easytorch-training - INFO - The estimated training finish time is 2026-01-26 01:05:44
2026-01-25 18:13:34,264 - easytorch-training - INFO - Epoch 144 / 300
2026-01-25 18:15:58,908 - easytorch-training - INFO - Result <train>: [train_time: 144.64 (s), lr: 6.25e-05, train_MAE: 12.3657, train_RMSE: 20.9360, train_MAPE: 8.2686]
2026-01-25 18:15:58,910 - easytorch-training - INFO - Start validation.
2026-01-25 18:16:17,808 - easytorch-training - INFO - Result <val>: [val_time: 18.90 (s), val_MAE: 13.4253, val_RMSE: 22.8593, val_MAPE: 10.0686]
2026-01-25 18:16:18,473 - easytorch-training - INFO - Checkpoint checkpoints/STMAFNet_300/21afeca3ffc10cdf4e90589d029b0e70/STMAFNet_best_val_MAE.pt saved
2026-01-25 18:16:35,658 - easytorch-training - INFO - Evaluate best model on test data for horizon 1, Test MAE: 11.6395, Test RMSE: 19.2369, Test MAPE: 7.6846
2026-01-25 18:16:35,674 - easytorch-training - INFO - Evaluate best model on test data for horizon 2, Test MAE: 12.1869, Test RMSE: 20.5053, Test MAPE: 7.9431
2026-01-25 18:16:35,689 - easytorch-training - INFO - Evaluate best model on test data for horizon 3, Test MAE: 12.6145, Test RMSE: 21.5115, Test MAPE: 8.2658
2026-01-25 18:16:35,705 - easytorch-training - INFO - Evaluate best model on test data for horizon 4, Test MAE: 12.9706, Test RMSE: 22.3089, Test MAPE: 8.5218
2026-01-25 18:16:35,726 - easytorch-training - INFO - Evaluate best model on test data for horizon 5, Test MAE: 13.2763, Test RMSE: 23.0231, Test MAPE: 8.6156
2026-01-25 18:16:35,746 - easytorch-training - INFO - Evaluate best model on test data for horizon 6, Test MAE: 13.5150, Test RMSE: 23.5894, Test MAPE: 8.8042
2026-01-25 18:16:35,760 - easytorch-training - INFO - Evaluate best model on test data for horizon 7, Test MAE: 13.7658, Test RMSE: 24.0975, Test MAPE: 8.9861
2026-01-25 18:16:35,772 - easytorch-training - INFO - Evaluate best model on test data for horizon 8, Test MAE: 14.0114, Test RMSE: 24.5523, Test MAPE: 9.0718
2026-01-25 18:16:35,791 - easytorch-training - INFO - Evaluate best model on test data for horizon 9, Test MAE: 14.2300, Test RMSE: 24.9597, Test MAPE: 9.2007
2026-01-25 18:16:35,805 - easytorch-training - INFO - Evaluate best model on test data for horizon 10, Test MAE: 14.3867, Test RMSE: 25.2494, Test MAPE: 9.3545
2026-01-25 18:16:35,820 - easytorch-training - INFO - Evaluate best model on test data for horizon 11, Test MAE: 14.5545, Test RMSE: 25.5278, Test MAPE: 9.4385
2026-01-25 18:16:35,840 - easytorch-training - INFO - Evaluate best model on test data for horizon 12, Test MAE: 14.7486, Test RMSE: 25.7844, Test MAPE: 9.5590
2026-01-25 18:16:35,864 - easytorch-training - INFO - Result <test>: [test_time: 17.39 (s), test_MAE: 13.4916, test_RMSE: 23.4485, test_MAPE: 8.7871]
2026-01-25 18:16:36,207 - easytorch-training - INFO - Checkpoint checkpoints/STMAFNet_300/21afeca3ffc10cdf4e90589d029b0e70/STMAFNet_144.pt saved
2026-01-25 18:16:36,208 - easytorch-training - INFO - The estimated training finish time is 2026-01-26 01:06:34
2026-01-25 18:16:36,208 - easytorch-training - INFO - Epoch 145 / 300
2026-01-25 18:19:01,230 - easytorch-training - INFO - Result <train>: [train_time: 145.02 (s), lr: 6.25e-05, train_MAE: 12.3623, train_RMSE: 20.9417, train_MAPE: 8.2710]
2026-01-25 18:19:01,231 - easytorch-training - INFO - Start validation.
2026-01-25 18:19:20,002 - easytorch-training - INFO - Result <val>: [val_time: 18.77 (s), val_MAE: 13.4540, val_RMSE: 22.9125, val_MAPE: 10.1005]
2026-01-25 18:19:37,115 - easytorch-training - INFO - Evaluate best model on test data for horizon 1, Test MAE: 11.6293, Test RMSE: 19.1945, Test MAPE: 7.6586
2026-01-25 18:19:37,135 - easytorch-training - INFO - Evaluate best model on test data for horizon 2, Test MAE: 12.1753, Test RMSE: 20.4655, Test MAPE: 7.9172
2026-01-25 18:19:37,151 - easytorch-training - INFO - Evaluate best model on test data for horizon 3, Test MAE: 12.6097, Test RMSE: 21.4598, Test MAPE: 8.1633
2026-01-25 18:19:37,165 - easytorch-training - INFO - Evaluate best model on test data for horizon 4, Test MAE: 12.9662, Test RMSE: 22.2614, Test MAPE: 8.3928
2026-01-25 18:19:37,177 - easytorch-training - INFO - Evaluate best model on test data for horizon 5, Test MAE: 13.2680, Test RMSE: 22.9401, Test MAPE: 8.6064
2026-01-25 18:19:37,192 - easytorch-training - INFO - Evaluate best model on test data for horizon 6, Test MAE: 13.5112, Test RMSE: 23.5120, Test MAPE: 8.7472
2026-01-25 18:19:37,210 - easytorch-training - INFO - Evaluate best model on test data for horizon 7, Test MAE: 13.7828, Test RMSE: 24.0573, Test MAPE: 8.9095
2026-01-25 18:19:37,231 - easytorch-training - INFO - Evaluate best model on test data for horizon 8, Test MAE: 14.0260, Test RMSE: 24.5421, Test MAPE: 9.0695
2026-01-25 18:19:37,252 - easytorch-training - INFO - Evaluate best model on test data for horizon 9, Test MAE: 14.2450, Test RMSE: 24.9710, Test MAPE: 9.2302
2026-01-25 18:19:37,268 - easytorch-training - INFO - Evaluate best model on test data for horizon 10, Test MAE: 14.4191, Test RMSE: 25.2851, Test MAPE: 9.3786
2026-01-25 18:19:37,276 - easytorch-training - INFO - Evaluate best model on test data for horizon 11, Test MAE: 14.5868, Test RMSE: 25.5527, Test MAPE: 9.5016
2026-01-25 18:19:37,293 - easytorch-training - INFO - Evaluate best model on test data for horizon 12, Test MAE: 14.7575, Test RMSE: 25.7978, Test MAPE: 9.6227
2026-01-25 18:19:37,316 - easytorch-training - INFO - Result <test>: [test_time: 17.31 (s), test_MAE: 13.4981, test_RMSE: 23.4251, test_MAPE: 8.7665]
2026-01-25 18:19:37,659 - easytorch-training - INFO - Checkpoint checkpoints/STMAFNet_300/21afeca3ffc10cdf4e90589d029b0e70/STMAFNet_145.pt saved
2026-01-25 18:19:37,660 - easytorch-training - INFO - The estimated training finish time is 2026-01-26 01:07:24
2026-01-25 18:19:37,660 - easytorch-training - INFO - Epoch 146 / 300
2026-01-25 18:22:02,691 - easytorch-training - INFO - Result <train>: [train_time: 145.03 (s), lr: 6.25e-05, train_MAE: 12.3535, train_RMSE: 20.9299, train_MAPE: 8.2668]
2026-01-25 18:22:02,693 - easytorch-training - INFO - Start validation.
2026-01-25 18:22:20,610 - easytorch-training - INFO - Result <val>: [val_time: 17.92 (s), val_MAE: 13.4463, val_RMSE: 22.8936, val_MAPE: 10.1196]
2026-01-25 18:22:37,637 - easytorch-training - INFO - Evaluate best model on test data for horizon 1, Test MAE: 11.6350, Test RMSE: 19.2124, Test MAPE: 7.5646
2026-01-25 18:22:37,658 - easytorch-training - INFO - Evaluate best model on test data for horizon 2, Test MAE: 12.1839, Test RMSE: 20.4748, Test MAPE: 7.8844
2026-01-25 18:22:37,673 - easytorch-training - INFO - Evaluate best model on test data for horizon 3, Test MAE: 12.6294, Test RMSE: 21.4864, Test MAPE: 8.1362
2026-01-25 18:22:37,694 - easytorch-training - INFO - Evaluate best model on test data for horizon 4, Test MAE: 12.9735, Test RMSE: 22.2653, Test MAPE: 8.3598
2026-01-25 18:22:37,710 - easytorch-training - INFO - Evaluate best model on test data for horizon 5, Test MAE: 13.2709, Test RMSE: 22.9567, Test MAPE: 8.5873
2026-01-25 18:22:37,725 - easytorch-training - INFO - Evaluate best model on test data for horizon 6, Test MAE: 13.5242, Test RMSE: 23.5464, Test MAPE: 8.7261
2026-01-25 18:22:37,743 - easytorch-training - INFO - Evaluate best model on test data for horizon 7, Test MAE: 13.7701, Test RMSE: 24.0704, Test MAPE: 8.8756
2026-01-25 18:22:37,764 - easytorch-training - INFO - Evaluate best model on test data for horizon 8, Test MAE: 13.9990, Test RMSE: 24.5127, Test MAPE: 9.0388
2026-01-25 18:22:37,785 - easytorch-training - INFO - Evaluate best model on test data for horizon 9, Test MAE: 14.2302, Test RMSE: 24.9602, Test MAPE: 9.2255
2026-01-25 18:22:37,803 - easytorch-training - INFO - Evaluate best model on test data for horizon 10, Test MAE: 14.3917, Test RMSE: 25.2652, Test MAPE: 9.3193
2026-01-25 18:22:37,813 - easytorch-training - INFO - Evaluate best model on test data for horizon 11, Test MAE: 14.5570, Test RMSE: 25.5245, Test MAPE: 9.4428
2026-01-25 18:22:37,829 - easytorch-training - INFO - Evaluate best model on test data for horizon 12, Test MAE: 14.7313, Test RMSE: 25.7725, Test MAPE: 9.5598
2026-01-25 18:22:37,853 - easytorch-training - INFO - Result <test>: [test_time: 17.24 (s), test_MAE: 13.4914, test_RMSE: 23.4245, test_MAPE: 8.7267]
2026-01-25 18:22:38,197 - easytorch-training - INFO - Checkpoint checkpoints/STMAFNet_300/21afeca3ffc10cdf4e90589d029b0e70/STMAFNet_146.pt saved
2026-01-25 18:22:38,198 - easytorch-training - INFO - The estimated training finish time is 2026-01-26 01:08:10
2026-01-25 18:22:38,198 - easytorch-training - INFO - Epoch 147 / 300
2026-01-25 18:25:03,469 - easytorch-training - INFO - Result <train>: [train_time: 145.27 (s), lr: 6.25e-05, train_MAE: 12.3486, train_RMSE: 20.9203, train_MAPE: 8.2631]
2026-01-25 18:25:03,470 - easytorch-training - INFO - Start validation.
2026-01-25 18:25:21,469 - easytorch-training - INFO - Result <val>: [val_time: 18.00 (s), val_MAE: 13.4828, val_RMSE: 23.0431, val_MAPE: 10.2706]
2026-01-25 18:25:38,853 - easytorch-training - INFO - Evaluate best model on test data for horizon 1, Test MAE: 11.6357, Test RMSE: 19.2069, Test MAPE: 7.7161
2026-01-25 18:25:38,873 - easytorch-training - INFO - Evaluate best model on test data for horizon 2, Test MAE: 12.1759, Test RMSE: 20.4838, Test MAPE: 8.0699
2026-01-25 18:25:38,894 - easytorch-training - INFO - Evaluate best model on test data for horizon 3, Test MAE: 12.6364, Test RMSE: 21.5112, Test MAPE: 8.3466
2026-01-25 18:25:38,911 - easytorch-training - INFO - Evaluate best model on test data for horizon 4, Test MAE: 13.0130, Test RMSE: 22.3395, Test MAPE: 8.4241
2026-01-25 18:25:38,926 - easytorch-training - INFO - Evaluate best model on test data for horizon 5, Test MAE: 13.3049, Test RMSE: 23.0861, Test MAPE: 8.7013
2026-01-25 18:25:38,940 - easytorch-training - INFO - Evaluate best model on test data for horizon 6, Test MAE: 13.5586, Test RMSE: 23.7064, Test MAPE: 8.7565
2026-01-25 18:25:38,961 - easytorch-training - INFO - Evaluate best model on test data for horizon 7, Test MAE: 13.8221, Test RMSE: 24.2689, Test MAPE: 8.9177
2026-01-25 18:25:38,981 - easytorch-training - INFO - Evaluate best model on test data for horizon 8, Test MAE: 14.0640, Test RMSE: 24.7568, Test MAPE: 9.0859
2026-01-25 18:25:39,002 - easytorch-training - INFO - Evaluate best model on test data for horizon 9, Test MAE: 14.2778, Test RMSE: 25.1647, Test MAPE: 9.2554
2026-01-25 18:25:39,021 - easytorch-training - INFO - Evaluate best model on test data for horizon 10, Test MAE: 14.4481, Test RMSE: 25.5116, Test MAPE: 9.3442
2026-01-25 18:25:39,036 - easytorch-training - INFO - Evaluate best model on test data for horizon 11, Test MAE: 14.6174, Test RMSE: 25.7719, Test MAPE: 9.4695
2026-01-25 18:25:39,051 - easytorch-training - INFO - Evaluate best model on test data for horizon 12, Test MAE: 14.7928, Test RMSE: 26.0438, Test MAPE: 9.5905
2026-01-25 18:25:39,065 - easytorch-training - INFO - Result <test>: [test_time: 17.59 (s), test_MAE: 13.5289, test_RMSE: 23.5826, test_MAPE: 8.8065]
2026-01-25 18:25:39,408 - easytorch-training - INFO - Checkpoint checkpoints/STMAFNet_300/21afeca3ffc10cdf4e90589d029b0e70/STMAFNet_147.pt saved
2026-01-25 18:25:39,409 - easytorch-training - INFO - The estimated training finish time is 2026-01-26 01:08:58
2026-01-25 18:25:39,409 - easytorch-training - INFO - Epoch 148 / 300
2026-01-25 18:28:04,068 - easytorch-training - INFO - Result <train>: [train_time: 144.66 (s), lr: 6.25e-05, train_MAE: 12.3433, train_RMSE: 20.9155, train_MAPE: 8.2638]
2026-01-25 18:28:04,070 - easytorch-training - INFO - Start validation.
2026-01-25 18:28:22,905 - easytorch-training - INFO - Result <val>: [val_time: 18.84 (s), val_MAE: 13.4385, val_RMSE: 22.9121, val_MAPE: 10.1634]
2026-01-25 18:28:40,112 - easytorch-training - INFO - Evaluate best model on test data for horizon 1, Test MAE: 11.6202, Test RMSE: 19.2123, Test MAPE: 7.6142
2026-01-25 18:28:40,126 - easytorch-training - INFO - Evaluate best model on test data for horizon 2, Test MAE: 12.1818, Test RMSE: 20.4742, Test MAPE: 7.9194
2026-01-25 18:28:40,140 - easytorch-training - INFO - Evaluate best model on test data for horizon 3, Test MAE: 12.6105, Test RMSE: 21.4955, Test MAPE: 8.1474
2026-01-25 18:28:40,154 - easytorch-training - INFO - Evaluate best model on test data for horizon 4, Test MAE: 12.9644, Test RMSE: 22.2711, Test MAPE: 8.3665
2026-01-25 18:28:40,168 - easytorch-training - INFO - Evaluate best model on test data for horizon 5, Test MAE: 13.2649, Test RMSE: 22.9501, Test MAPE: 8.5989
2026-01-25 18:28:40,177 - easytorch-training - INFO - Evaluate best model on test data for horizon 6, Test MAE: 13.5036, Test RMSE: 23.5270, Test MAPE: 8.7928
2026-01-25 18:28:40,180 - easytorch-training - INFO - Evaluate best model on test data for horizon 7, Test MAE: 13.7537, Test RMSE: 24.0398, Test MAPE: 8.8866
2026-01-25 18:28:40,190 - easytorch-training - INFO - Evaluate best model on test data for horizon 8, Test MAE: 13.9956, Test RMSE: 24.5120, Test MAPE: 9.0592
2026-01-25 18:28:40,204 - easytorch-training - INFO - Evaluate best model on test data for horizon 9, Test MAE: 14.2271, Test RMSE: 24.9416, Test MAPE: 9.1753
2026-01-25 18:28:40,218 - easytorch-training - INFO - Evaluate best model on test data for horizon 10, Test MAE: 14.3848, Test RMSE: 25.2892, Test MAPE: 9.2734
2026-01-25 18:28:40,231 - easytorch-training - INFO - Evaluate best model on test data for horizon 11, Test MAE: 14.5698, Test RMSE: 25.5873, Test MAPE: 9.4479
2026-01-25 18:28:40,245 - easytorch-training - INFO - Evaluate best model on test data for horizon 12, Test MAE: 14.7335, Test RMSE: 25.8225, Test MAPE: 9.6477
2026-01-25 18:28:40,260 - easytorch-training - INFO - Result <test>: [test_time: 17.35 (s), test_MAE: 13.4842, test_RMSE: 23.4316, test_MAPE: 8.7441]
2026-01-25 18:28:40,626 - easytorch-training - INFO - Checkpoint checkpoints/STMAFNet_300/21afeca3ffc10cdf4e90589d029b0e70/STMAFNet_148.pt saved
2026-01-25 18:28:40,627 - easytorch-training - INFO - The estimated training finish time is 2026-01-26 01:09:44
2026-01-25 18:28:40,627 - easytorch-training - INFO - Epoch 149 / 300
2026-01-25 18:31:04,850 - easytorch-training - INFO - Result <train>: [train_time: 144.22 (s), lr: 6.25e-05, train_MAE: 12.3417, train_RMSE: 20.9058, train_MAPE: 8.2537]
2026-01-25 18:31:04,852 - easytorch-training - INFO - Start validation.
2026-01-25 18:31:24,273 - easytorch-training - INFO - Result <val>: [val_time: 19.42 (s), val_MAE: 13.4594, val_RMSE: 22.9932, val_MAPE: 10.1182]
2026-01-25 18:31:42,135 - easytorch-training - INFO - Evaluate best model on test data for horizon 1, Test MAE: 11.6325, Test RMSE: 19.2185, Test MAPE: 7.5629
2026-01-25 18:31:42,150 - easytorch-training - INFO - Evaluate best model on test data for horizon 2, Test MAE: 12.1991, Test RMSE: 20.5203, Test MAPE: 7.9430
2026-01-25 18:31:42,166 - easytorch-training - INFO - Evaluate best model on test data for horizon 3, Test MAE: 12.6557, Test RMSE: 21.5432, Test MAPE: 8.2584
2026-01-25 18:31:42,187 - easytorch-training - INFO - Evaluate best model on test data for horizon 4, Test MAE: 13.0073, Test RMSE: 22.3561, Test MAPE: 8.3888
2026-01-25 18:31:42,202 - easytorch-training - INFO - Evaluate best model on test data for horizon 5, Test MAE: 13.3105, Test RMSE: 23.0779, Test MAPE: 8.5892
2026-01-25 18:31:42,217 - easytorch-training - INFO - Evaluate best model on test data for horizon 6, Test MAE: 13.5492, Test RMSE: 23.6916, Test MAPE: 8.7424
2026-01-25 18:31:42,231 - easytorch-training - INFO - Evaluate best model on test data for horizon 7, Test MAE: 13.8250, Test RMSE: 24.2180, Test MAPE: 8.9113
2026-01-25 18:31:42,247 - easytorch-training - INFO - Evaluate best model on test data for horizon 8, Test MAE: 14.0613, Test RMSE: 24.7413, Test MAPE: 9.1075
2026-01-25 18:31:42,267 - easytorch-training - INFO - Evaluate best model on test data for horizon 9, Test MAE: 14.2810, Test RMSE: 25.1854, Test MAPE: 9.2273
2026-01-25 18:31:42,281 - easytorch-training - INFO - Evaluate best model on test data for horizon 10, Test MAE: 14.4521, Test RMSE: 25.4913, Test MAPE: 9.3990
2026-01-25 18:31:42,295 - easytorch-training - INFO - Evaluate best model on test data for horizon 11, Test MAE: 14.6305, Test RMSE: 25.7821, Test MAPE: 9.5581
2026-01-25 18:31:42,316 - easytorch-training - INFO - Evaluate best model on test data for horizon 12, Test MAE: 14.8069, Test RMSE: 26.0584, Test MAPE: 9.6356
2026-01-25 18:31:42,340 - easytorch-training - INFO - Result <test>: [test_time: 18.07 (s), test_MAE: 13.5343, test_RMSE: 23.5845, test_MAPE: 8.7770]
2026-01-25 18:31:42,705 - easytorch-training - INFO - Checkpoint checkpoints/STMAFNet_300/21afeca3ffc10cdf4e90589d029b0e70/STMAFNet_149.pt saved
2026-01-25 18:31:42,706 - easytorch-training - INFO - The estimated training finish time is 2026-01-26 01:10:32
2026-01-25 18:31:42,706 - easytorch-training - INFO - Epoch 150 / 300
2026-01-25 18:34:06,810 - easytorch-training - INFO - Result <train>: [train_time: 144.10 (s), lr: 6.25e-05, train_MAE: 12.3363, train_RMSE: 20.9044, train_MAPE: 8.2541]
2026-01-25 18:34:06,820 - easytorch-training - INFO - Start validation.
2026-01-25 18:34:25,918 - easytorch-training - INFO - Result <val>: [val_time: 19.10 (s), val_MAE: 13.4440, val_RMSE: 22.8974, val_MAPE: 10.2028]
2026-01-25 18:34:43,739 - easytorch-training - INFO - Evaluate best model on test data for horizon 1, Test MAE: 11.6286, Test RMSE: 19.2119, Test MAPE: 7.5699
2026-01-25 18:34:43,755 - easytorch-training - INFO - Evaluate best model on test data for horizon 2, Test MAE: 12.1910, Test RMSE: 20.4991, Test MAPE: 7.9867
2026-01-25 18:34:43,764 - easytorch-training - INFO - Evaluate best model on test data for horizon 3, Test MAE: 12.6385, Test RMSE: 21.5626, Test MAPE: 8.1602
2026-01-25 18:34:43,778 - easytorch-training - INFO - Evaluate best model on test data for horizon 4, Test MAE: 13.0004, Test RMSE: 22.4139, Test MAPE: 8.3890
2026-01-25 18:34:43,793 - easytorch-training - INFO - Evaluate best model on test data for horizon 5, Test MAE: 13.2867, Test RMSE: 23.0984, Test MAPE: 8.5906
2026-01-25 18:34:43,813 - easytorch-training - INFO - Evaluate best model on test data for horizon 6, Test MAE: 13.5351, Test RMSE: 23.6681, Test MAPE: 8.7319
2026-01-25 18:34:43,834 - easytorch-training - INFO - Evaluate best model on test data for horizon 7, Test MAE: 13.7862, Test RMSE: 24.1806, Test MAPE: 8.8899
2026-01-25 18:34:43,855 - easytorch-training - INFO - Evaluate best model on test data for horizon 8, Test MAE: 14.0153, Test RMSE: 24.6120, Test MAPE: 9.1283
2026-01-25 18:34:43,872 - easytorch-training - INFO - Evaluate best model on test data for horizon 9, Test MAE: 14.2232, Test RMSE: 25.0233, Test MAPE: 9.1876
2026-01-25 18:34:43,887 - easytorch-training - INFO - Evaluate best model on test data for horizon 10, Test MAE: 14.3908, Test RMSE: 25.3028, Test MAPE: 9.2912
2026-01-25 18:34:43,905 - easytorch-training - INFO - Evaluate best model on test data for horizon 11, Test MAE: 14.5608, Test RMSE: 25.5989, Test MAPE: 9.4153
2026-01-25 18:34:43,926 - easytorch-training - INFO - Evaluate best model on test data for horizon 12, Test MAE: 14.7359, Test RMSE: 25.8423, Test MAPE: 9.5732
2026-01-25 18:34:43,950 - easytorch-training - INFO - Result <test>: [test_time: 18.03 (s), test_MAE: 13.4994, test_RMSE: 23.5059, test_MAPE: 8.7428]
2026-01-25 18:34:44,388 - easytorch-training - INFO - Checkpoint checkpoints/STMAFNet_300/21afeca3ffc10cdf4e90589d029b0e70/STMAFNet_150.pt saved
2026-01-25 18:34:44,412 - easytorch-training - INFO - The estimated training finish time is 2026-01-26 01:11:19
2026-01-25 18:34:44,412 - easytorch-training - INFO - Epoch 151 / 300
2026-01-25 18:37:09,057 - easytorch-training - INFO - Result <train>: [train_time: 144.64 (s), lr: 6.25e-05, train_MAE: 12.3317, train_RMSE: 20.8881, train_MAPE: 8.2483]
2026-01-25 18:37:09,058 - easytorch-training - INFO - Start validation.
2026-01-25 18:37:28,038 - easytorch-training - INFO - Result <val>: [val_time: 18.98 (s), val_MAE: 13.4774, val_RMSE: 22.9531, val_MAPE: 10.1089]
2026-01-25 18:37:45,569 - easytorch-training - INFO - Evaluate best model on test data for horizon 1, Test MAE: 11.6655, Test RMSE: 19.2331, Test MAPE: 7.5713
2026-01-25 18:37:45,590 - easytorch-training - INFO - Evaluate best model on test data for horizon 2, Test MAE: 12.2098, Test RMSE: 20.4712, Test MAPE: 7.8907
2026-01-25 18:37:45,610 - easytorch-training - INFO - Evaluate best model on test data for horizon 3, Test MAE: 12.6485, Test RMSE: 21.4732, Test MAPE: 8.1449
2026-01-25 18:37:45,629 - easytorch-training - INFO - Evaluate best model on test data for horizon 4, Test MAE: 13.0058, Test RMSE: 22.2768, Test MAPE: 8.3917
2026-01-25 18:37:45,643 - easytorch-training - INFO - Evaluate best model on test data for horizon 5, Test MAE: 13.3136, Test RMSE: 22.9698, Test MAPE: 8.5752
2026-01-25 18:37:45,660 - easytorch-training - INFO - Evaluate best model on test data for horizon 6, Test MAE: 13.5727, Test RMSE: 23.5762, Test MAPE: 8.7820
2026-01-25 18:37:45,674 - easytorch-training - INFO - Evaluate best model on test data for horizon 7, Test MAE: 13.8513, Test RMSE: 24.1577, Test MAPE: 8.9834
2026-01-25 18:37:45,691 - easytorch-training - INFO - Evaluate best model on test data for horizon 8, Test MAE: 14.0658, Test RMSE: 24.6357, Test MAPE: 9.0640
2026-01-25 18:37:45,706 - easytorch-training - INFO - Evaluate best model on test data for horizon 9, Test MAE: 14.3004, Test RMSE: 25.0843, Test MAPE: 9.2393
2026-01-25 18:37:45,727 - easytorch-training - INFO - Evaluate best model on test data for horizon 10, Test MAE: 14.4759, Test RMSE: 25.4188, Test MAPE: 9.3735
2026-01-25 18:37:45,748 - easytorch-training - INFO - Evaluate best model on test data for horizon 11, Test MAE: 14.6728, Test RMSE: 25.7293, Test MAPE: 9.5103
2026-01-25 18:37:45,768 - easytorch-training - INFO - Evaluate best model on test data for horizon 12, Test MAE: 14.8296, Test RMSE: 25.9845, Test MAPE: 9.6111
2026-01-25 18:37:45,792 - easytorch-training - INFO - Result <test>: [test_time: 17.75 (s), test_MAE: 13.5510, test_RMSE: 23.5103, test_MAPE: 8.7615]
2026-01-25 18:37:46,138 - easytorch-training - INFO - Checkpoint checkpoints/STMAFNet_300/21afeca3ffc10cdf4e90589d029b0e70/STMAFNet_151.pt saved
2026-01-25 18:37:46,139 - easytorch-training - INFO - The estimated training finish time is 2026-01-26 01:12:05
2026-01-25 18:37:46,139 - easytorch-training - INFO - Epoch 152 / 300
2026-01-25 18:40:10,321 - easytorch-training - INFO - Result <train>: [train_time: 144.18 (s), lr: 6.25e-05, train_MAE: 12.3216, train_RMSE: 20.8774, train_MAPE: 8.2471]
2026-01-25 18:40:10,323 - easytorch-training - INFO - Start validation.
2026-01-25 18:40:29,732 - easytorch-training - INFO - Result <val>: [val_time: 19.41 (s), val_MAE: 13.4571, val_RMSE: 22.9558, val_MAPE: 10.2460]
2026-01-25 18:40:47,842 - easytorch-training - INFO - Evaluate best model on test data for horizon 1, Test MAE: 11.6356, Test RMSE: 19.2129, Test MAPE: 7.6373
2026-01-25 18:40:47,862 - easytorch-training - INFO - Evaluate best model on test data for horizon 2, Test MAE: 12.1898, Test RMSE: 20.4872, Test MAPE: 7.9597
2026-01-25 18:40:47,880 - easytorch-training - INFO - Evaluate best model on test data for horizon 3, Test MAE: 12.6357, Test RMSE: 21.5317, Test MAPE: 8.2111
2026-01-25 18:40:47,894 - easytorch-training - INFO - Evaluate best model on test data for horizon 4, Test MAE: 13.0121, Test RMSE: 22.3667, Test MAPE: 8.5521
2026-01-25 18:40:47,913 - easytorch-training - INFO - Evaluate best model on test data for horizon 5, Test MAE: 13.3313, Test RMSE: 23.0924, Test MAPE: 8.7185
2026-01-25 18:40:47,928 - easytorch-training - INFO - Evaluate best model on test data for horizon 6, Test MAE: 13.5588, Test RMSE: 23.7017, Test MAPE: 8.8430
2026-01-25 18:40:47,942 - easytorch-training - INFO - Evaluate best model on test data for horizon 7, Test MAE: 13.8201, Test RMSE: 24.2828, Test MAPE: 8.9413
2026-01-25 18:40:47,963 - easytorch-training - INFO - Evaluate best model on test data for horizon 8, Test MAE: 14.0631, Test RMSE: 24.7759, Test MAPE: 9.0925
2026-01-25 18:40:47,983 - easytorch-training - INFO - Evaluate best model on test data for horizon 9, Test MAE: 14.2695, Test RMSE: 25.2109, Test MAPE: 9.2616
2026-01-25 18:40:48,004 - easytorch-training - INFO - Evaluate best model on test data for horizon 10, Test MAE: 14.4382, Test RMSE: 25.5034, Test MAPE: 9.3620
2026-01-25 18:40:48,024 - easytorch-training - INFO - Evaluate best model on test data for horizon 11, Test MAE: 14.6399, Test RMSE: 25.7627, Test MAPE: 9.5620
2026-01-25 18:40:48,032 - easytorch-training - INFO - Evaluate best model on test data for horizon 12, Test MAE: 14.8248, Test RMSE: 26.0466, Test MAPE: 9.6655
2026-01-25 18:40:48,049 - easytorch-training - INFO - Result <test>: [test_time: 18.32 (s), test_MAE: 13.5349, test_RMSE: 23.5928, test_MAPE: 8.8172]
2026-01-25 18:40:48,476 - easytorch-training - INFO - Checkpoint checkpoints/STMAFNet_300/21afeca3ffc10cdf4e90589d029b0e70/STMAFNet_152.pt saved
2026-01-25 18:40:48,477 - easytorch-training - INFO - The estimated training finish time is 2026-01-26 01:12:51
2026-01-25 18:40:48,477 - easytorch-training - INFO - Epoch 153 / 300
2026-01-25 18:43:11,822 - easytorch-training - INFO - Result <train>: [train_time: 143.34 (s), lr: 6.25e-05, train_MAE: 12.3195, train_RMSE: 20.8764, train_MAPE: 8.2396]
2026-01-25 18:43:11,824 - easytorch-training - INFO - Start validation.
2026-01-25 18:43:31,200 - easytorch-training - INFO - Result <val>: [val_time: 19.38 (s), val_MAE: 13.4288, val_RMSE: 22.8907, val_MAPE: 10.1812]
2026-01-25 18:43:49,274 - easytorch-training - INFO - Evaluate best model on test data for horizon 1, Test MAE: 11.6328, Test RMSE: 19.2083, Test MAPE: 7.8626
2026-01-25 18:43:49,295 - easytorch-training - INFO - Evaluate best model on test data for horizon 2, Test MAE: 12.1821, Test RMSE: 20.4619, Test MAPE: 8.0756
2026-01-25 18:43:49,309 - easytorch-training - INFO - Evaluate best model on test data for horizon 3, Test MAE: 12.6211, Test RMSE: 21.5209, Test MAPE: 8.2926
2026-01-25 18:43:49,319 - easytorch-training - INFO - Evaluate best model on test data for horizon 4, Test MAE: 12.9836, Test RMSE: 22.2976, Test MAPE: 8.5866
2026-01-25 18:43:49,337 - easytorch-training - INFO - Evaluate best model on test data for horizon 5, Test MAE: 13.2670, Test RMSE: 22.9959, Test MAPE: 8.6338
2026-01-25 18:43:49,353 - easytorch-training - INFO - Evaluate best model on test data for horizon 6, Test MAE: 13.5056, Test RMSE: 23.5467, Test MAPE: 8.8821
2026-01-25 18:43:49,373 - easytorch-training - INFO - Evaluate best model on test data for horizon 7, Test MAE: 13.7487, Test RMSE: 24.0339, Test MAPE: 9.0339
2026-01-25 18:43:49,394 - easytorch-training - INFO - Evaluate best model on test data for horizon 8, Test MAE: 13.9775, Test RMSE: 24.4988, Test MAPE: 9.0832
2026-01-25 18:43:49,415 - easytorch-training - INFO - Evaluate best model on test data for horizon 9, Test MAE: 14.1990, Test RMSE: 24.9085, Test MAPE: 9.2083
2026-01-25 18:43:49,432 - easytorch-training - INFO - Evaluate best model on test data for horizon 10, Test MAE: 14.3656, Test RMSE: 25.2000, Test MAPE: 9.4703
2026-01-25 18:43:49,446 - easytorch-training - INFO - Evaluate best model on test data for horizon 11, Test MAE: 14.5458, Test RMSE: 25.5086, Test MAPE: 9.4800
2026-01-25 18:43:49,465 - easytorch-training - INFO - Evaluate best model on test data for horizon 12, Test MAE: 14.7181, Test RMSE: 25.7708, Test MAPE: 9.6842
2026-01-25 18:43:49,489 - easytorch-training - INFO - Result <test>: [test_time: 18.29 (s), test_MAE: 13.4789, test_RMSE: 23.4154, test_MAPE: 8.8578]
2026-01-25 18:43:49,833 - easytorch-training - INFO - Checkpoint checkpoints/STMAFNet_300/21afeca3ffc10cdf4e90589d029b0e70/STMAFNet_153.pt saved
2026-01-25 18:43:49,833 - easytorch-training - INFO - The estimated training finish time is 2026-01-26 01:13:35
2026-01-25 18:43:49,833 - easytorch-training - INFO - Epoch 154 / 300
2026-01-25 18:46:13,145 - easytorch-training - INFO - Result <train>: [train_time: 143.31 (s), lr: 6.25e-05, train_MAE: 12.3120, train_RMSE: 20.8587, train_MAPE: 8.2387]
2026-01-25 18:46:13,147 - easytorch-training - INFO - Start validation.
2026-01-25 18:46:32,548 - easytorch-training - INFO - Result <val>: [val_time: 19.40 (s), val_MAE: 13.4519, val_RMSE: 22.9378, val_MAPE: 10.1161]
2026-01-25 18:46:50,636 - easytorch-training - INFO - Evaluate best model on test data for horizon 1, Test MAE: 11.6253, Test RMSE: 19.2008, Test MAPE: 7.6500
2026-01-25 18:46:50,657 - easytorch-training - INFO - Evaluate best model on test data for horizon 2, Test MAE: 12.1847, Test RMSE: 20.4907, Test MAPE: 8.0728
2026-01-25 18:46:50,674 - easytorch-training - INFO - Evaluate best model on test data for horizon 3, Test MAE: 12.6394, Test RMSE: 21.5843, Test MAPE: 8.1911
2026-01-25 18:46:50,688 - easytorch-training - INFO - Evaluate best model on test data for horizon 4, Test MAE: 13.0036, Test RMSE: 22.3989, Test MAPE: 8.4418
2026-01-25 18:46:50,709 - easytorch-training - INFO - Evaluate best model on test data for horizon 5, Test MAE: 13.3193, Test RMSE: 23.1137, Test MAPE: 8.5903
2026-01-25 18:46:50,724 - easytorch-training - INFO - Evaluate best model on test data for horizon 6, Test MAE: 13.5607, Test RMSE: 23.6966, Test MAPE: 8.8017
2026-01-25 18:46:50,744 - easytorch-training - INFO - Evaluate best model on test data for horizon 7, Test MAE: 13.8111, Test RMSE: 24.2235, Test MAPE: 8.9541
2026-01-25 18:46:50,765 - easytorch-training - INFO - Evaluate best model on test data for horizon 8, Test MAE: 14.0478, Test RMSE: 24.6726, Test MAPE: 9.1761
2026-01-25 18:46:50,786 - easytorch-training - INFO - Evaluate best model on test data for horizon 9, Test MAE: 14.2523, Test RMSE: 25.0405, Test MAPE: 9.3723
2026-01-25 18:46:50,806 - easytorch-training - INFO - Evaluate best model on test data for horizon 10, Test MAE: 14.4326, Test RMSE: 25.3742, Test MAPE: 9.4671
2026-01-25 18:46:50,822 - easytorch-training - INFO - Evaluate best model on test data for horizon 11, Test MAE: 14.6103, Test RMSE: 25.6484, Test MAPE: 9.6808
2026-01-25 18:46:50,843 - easytorch-training - INFO - Evaluate best model on test data for horizon 12, Test MAE: 14.7859, Test RMSE: 25.9100, Test MAPE: 9.6906
2026-01-25 18:46:50,864 - easytorch-training - INFO - Result <test>: [test_time: 18.31 (s), test_MAE: 13.5228, test_RMSE: 23.5363, test_MAPE: 8.8407]
2026-01-25 18:46:51,212 - easytorch-training - INFO - Checkpoint checkpoints/STMAFNet_300/21afeca3ffc10cdf4e90589d029b0e70/STMAFNet_154.pt saved
2026-01-25 18:46:51,213 - easytorch-training - INFO - The estimated training finish time is 2026-01-26 01:14:18
2026-01-25 18:46:51,213 - easytorch-training - INFO - Epoch 155 / 300
2026-01-25 18:49:14,500 - easytorch-training - INFO - Result <train>: [train_time: 143.29 (s), lr: 6.25e-05, train_MAE: 12.3063, train_RMSE: 20.8442, train_MAPE: 8.2422]
2026-01-25 18:49:14,502 - easytorch-training - INFO - Start validation.
2026-01-25 18:49:33,911 - easytorch-training - INFO - Result <val>: [val_time: 19.41 (s), val_MAE: 13.4186, val_RMSE: 22.8886, val_MAPE: 9.9190]
2026-01-25 18:49:34,628 - easytorch-training - INFO - Checkpoint checkpoints/STMAFNet_300/21afeca3ffc10cdf4e90589d029b0e70/STMAFNet_best_val_MAE.pt saved
2026-01-25 18:49:52,570 - easytorch-training - INFO - Evaluate best model on test data for horizon 1, Test MAE: 11.6107, Test RMSE: 19.2165, Test MAPE: 7.5854
2026-01-25 18:49:52,585 - easytorch-training - INFO - Evaluate best model on test data for horizon 2, Test MAE: 12.1838, Test RMSE: 20.4880, Test MAPE: 7.9230
2026-01-25 18:49:52,598 - easytorch-training - INFO - Evaluate best model on test data for horizon 3, Test MAE: 12.6191, Test RMSE: 21.5172, Test MAPE: 8.2053
2026-01-25 18:49:52,614 - easytorch-training - INFO - Evaluate best model on test data for horizon 4, Test MAE: 12.9720, Test RMSE: 22.3122, Test MAPE: 8.4038
2026-01-25 18:49:52,635 - easytorch-training - INFO - Evaluate best model on test data for horizon 5, Test MAE: 13.2616, Test RMSE: 22.9895, Test MAPE: 8.5600
2026-01-25 18:49:52,652 - easytorch-training - INFO - Evaluate best model on test data for horizon 6, Test MAE: 13.5081, Test RMSE: 23.5609, Test MAPE: 8.7450
2026-01-25 18:49:52,666 - easytorch-training - INFO - Evaluate best model on test data for horizon 7, Test MAE: 13.7532, Test RMSE: 24.0514, Test MAPE: 8.8962
2026-01-25 18:49:52,683 - easytorch-training - INFO - Evaluate best model on test data for horizon 8, Test MAE: 14.0076, Test RMSE: 24.5340, Test MAPE: 9.0481
2026-01-25 18:49:52,703 - easytorch-training - INFO - Evaluate best model on test data for horizon 9, Test MAE: 14.2055, Test RMSE: 24.9352, Test MAPE: 9.1822
2026-01-25 18:49:52,722 - easytorch-training - INFO - Evaluate best model on test data for horizon 10, Test MAE: 14.3926, Test RMSE: 25.2534, Test MAPE: 9.3422
2026-01-25 18:49:52,736 - easytorch-training - INFO - Evaluate best model on test data for horizon 11, Test MAE: 14.5677, Test RMSE: 25.5590, Test MAPE: 9.4687
2026-01-25 18:49:52,753 - easytorch-training - INFO - Evaluate best model on test data for horizon 12, Test MAE: 14.7242, Test RMSE: 25.7995, Test MAPE: 9.5862
2026-01-25 18:49:52,775 - easytorch-training - INFO - Result <test>: [test_time: 18.14 (s), test_MAE: 13.4838, test_RMSE: 23.4383, test_MAPE: 8.7455]
2026-01-25 18:49:53,121 - easytorch-training - INFO - Checkpoint checkpoints/STMAFNet_300/21afeca3ffc10cdf4e90589d029b0e70/STMAFNet_155.pt saved
2026-01-25 18:49:53,122 - easytorch-training - INFO - The estimated training finish time is 2026-01-26 01:15:02
2026-01-25 18:49:53,122 - easytorch-training - INFO - Epoch 156 / 300
2026-01-25 18:52:16,260 - easytorch-training - INFO - Result <train>: [train_time: 143.14 (s), lr: 6.25e-05, train_MAE: 12.3093, train_RMSE: 20.8570, train_MAPE: 8.2315]
2026-01-25 18:52:16,261 - easytorch-training - INFO - Start validation.
2026-01-25 18:52:35,670 - easytorch-training - INFO - Result <val>: [val_time: 19.41 (s), val_MAE: 13.4737, val_RMSE: 22.9682, val_MAPE: 10.1722]
2026-01-25 18:52:52,913 - easytorch-training - INFO - Evaluate best model on test data for horizon 1, Test MAE: 11.6343, Test RMSE: 19.2453, Test MAPE: 7.6152
2026-01-25 18:52:52,932 - easytorch-training - INFO - Evaluate best model on test data for horizon 2, Test MAE: 12.1891, Test RMSE: 20.5151, Test MAPE: 7.8791
2026-01-25 18:52:52,946 - easytorch-training - INFO - Evaluate best model on test data for horizon 3, Test MAE: 12.6321, Test RMSE: 21.5470, Test MAPE: 8.2198
2026-01-25 18:52:52,960 - easytorch-training - INFO - Evaluate best model on test data for horizon 4, Test MAE: 12.9795, Test RMSE: 22.3468, Test MAPE: 8.3825
2026-01-25 18:52:52,981 - easytorch-training - INFO - Evaluate best model on test data for horizon 5, Test MAE: 13.2730, Test RMSE: 23.0285, Test MAPE: 8.5751
2026-01-25 18:52:53,002 - easytorch-training - INFO - Evaluate best model on test data for horizon 6, Test MAE: 13.5308, Test RMSE: 23.6182, Test MAPE: 8.7675
2026-01-25 18:52:53,022 - easytorch-training - INFO - Evaluate best model on test data for horizon 7, Test MAE: 13.8007, Test RMSE: 24.1740, Test MAPE: 8.8943
2026-01-25 18:52:53,043 - easytorch-training - INFO - Evaluate best model on test data for horizon 8, Test MAE: 14.0483, Test RMSE: 24.6396, Test MAPE: 9.0739
2026-01-25 18:52:53,063 - easytorch-training - INFO - Evaluate best model on test data for horizon 9, Test MAE: 14.2707, Test RMSE: 25.0860, Test MAPE: 9.2140
2026-01-25 18:52:53,076 - easytorch-training - INFO - Evaluate best model on test data for horizon 10, Test MAE: 14.4357, Test RMSE: 25.4009, Test MAPE: 9.3396
2026-01-25 18:52:53,082 - easytorch-training - INFO - Evaluate best model on test data for horizon 11, Test MAE: 14.6122, Test RMSE: 25.6710, Test MAPE: 9.4938
2026-01-25 18:52:53,096 - easytorch-training - INFO - Evaluate best model on test data for horizon 12, Test MAE: 14.8056, Test RMSE: 25.9254, Test MAPE: 9.6253
2026-01-25 18:52:53,120 - easytorch-training - INFO - Result <test>: [test_time: 17.45 (s), test_MAE: 13.5176, test_RMSE: 23.5233, test_MAPE: 8.7567]
2026-01-25 18:52:53,546 - easytorch-training - INFO - Checkpoint checkpoints/STMAFNet_300/21afeca3ffc10cdf4e90589d029b0e70/STMAFNet_156.pt saved
2026-01-25 18:52:53,547 - easytorch-training - INFO - The estimated training finish time is 2026-01-26 01:15:43
2026-01-25 18:52:53,547 - easytorch-training - INFO - Epoch 157 / 300
2026-01-25 18:55:18,621 - easytorch-training - INFO - Result <train>: [train_time: 145.07 (s), lr: 6.25e-05, train_MAE: 12.2973, train_RMSE: 20.8390, train_MAPE: 8.2224]
2026-01-25 18:55:18,623 - easytorch-training - INFO - Start validation.
2026-01-25 18:55:36,711 - easytorch-training - INFO - Result <val>: [val_time: 18.09 (s), val_MAE: 13.4395, val_RMSE: 22.9120, val_MAPE: 9.9859]
2026-01-25 18:55:53,896 - easytorch-training - INFO - Evaluate best model on test data for horizon 1, Test MAE: 11.6186, Test RMSE: 19.2124, Test MAPE: 7.5934
2026-01-25 18:55:53,910 - easytorch-training - INFO - Evaluate best model on test data for horizon 2, Test MAE: 12.1791, Test RMSE: 20.4903, Test MAPE: 8.0396
2026-01-25 18:55:53,918 - easytorch-training - INFO - Evaluate best model on test data for horizon 3, Test MAE: 12.6139, Test RMSE: 21.5405, Test MAPE: 8.1812
2026-01-25 18:55:53,930 - easytorch-training - INFO - Evaluate best model on test data for horizon 4, Test MAE: 12.9763, Test RMSE: 22.3423, Test MAPE: 8.4065
2026-01-25 18:55:53,945 - easytorch-training - INFO - Evaluate best model on test data for horizon 5, Test MAE: 13.2801, Test RMSE: 23.0557, Test MAPE: 8.6131
2026-01-25 18:55:53,965 - easytorch-training - INFO - Evaluate best model on test data for horizon 6, Test MAE: 13.5505, Test RMSE: 23.6622, Test MAPE: 8.8014
2026-01-25 18:55:53,986 - easytorch-training - INFO - Evaluate best model on test data for horizon 7, Test MAE: 13.8165, Test RMSE: 24.2058, Test MAPE: 8.9358
2026-01-25 18:55:54,007 - easytorch-training - INFO - Evaluate best model on test data for horizon 8, Test MAE: 14.0529, Test RMSE: 24.6733, Test MAPE: 9.0614
2026-01-25 18:55:54,023 - easytorch-training - INFO - Evaluate best model on test data for horizon 9, Test MAE: 14.2642, Test RMSE: 25.0685, Test MAPE: 9.2338
2026-01-25 18:55:54,038 - easytorch-training - INFO - Evaluate best model on test data for horizon 10, Test MAE: 14.4322, Test RMSE: 25.3820, Test MAPE: 9.3497
2026-01-25 18:55:54,058 - easytorch-training - INFO - Evaluate best model on test data for horizon 11, Test MAE: 14.5972, Test RMSE: 25.6534, Test MAPE: 9.4596
2026-01-25 18:55:54,079 - easytorch-training - INFO - Evaluate best model on test data for horizon 12, Test MAE: 14.7699, Test RMSE: 25.9070, Test MAPE: 9.5816
2026-01-25 18:55:54,103 - easytorch-training - INFO - Result <test>: [test_time: 17.39 (s), test_MAE: 13.5126, test_RMSE: 23.5235, test_MAPE: 8.7714]
2026-01-25 18:55:54,446 - easytorch-training - INFO - Checkpoint checkpoints/STMAFNet_300/21afeca3ffc10cdf4e90589d029b0e70/STMAFNet_157.pt saved
2026-01-25 18:55:54,447 - easytorch-training - INFO - The estimated training finish time is 2026-01-26 01:16:24
2026-01-25 18:55:54,447 - easytorch-training - INFO - Epoch 158 / 300
2026-01-25 18:58:20,747 - easytorch-training - INFO - Result <train>: [train_time: 146.30 (s), lr: 6.25e-05, train_MAE: 12.2960, train_RMSE: 20.8323, train_MAPE: 8.2227]
2026-01-25 18:58:20,749 - easytorch-training - INFO - Start validation.
2026-01-25 18:58:38,367 - easytorch-training - INFO - Result <val>: [val_time: 17.62 (s), val_MAE: 13.4372, val_RMSE: 22.8928, val_MAPE: 10.1627]
2026-01-25 18:58:55,197 - easytorch-training - INFO - Evaluate best model on test data for horizon 1, Test MAE: 11.6106, Test RMSE: 19.1923, Test MAPE: 7.6345
2026-01-25 18:58:55,211 - easytorch-training - INFO - Evaluate best model on test data for horizon 2, Test MAE: 12.1674, Test RMSE: 20.4585, Test MAPE: 7.9156
2026-01-25 18:58:55,225 - easytorch-training - INFO - Evaluate best model on test data for horizon 3, Test MAE: 12.6067, Test RMSE: 21.4608, Test MAPE: 8.1752
2026-01-25 18:58:55,237 - easytorch-training - INFO - Evaluate best model on test data for horizon 4, Test MAE: 12.9600, Test RMSE: 22.2652, Test MAPE: 8.3710
2026-01-25 18:58:55,249 - easytorch-training - INFO - Evaluate best model on test data for horizon 5, Test MAE: 13.2667, Test RMSE: 22.9557, Test MAPE: 8.5760
2026-01-25 18:58:55,268 - easytorch-training - INFO - Evaluate best model on test data for horizon 6, Test MAE: 13.5168, Test RMSE: 23.5100, Test MAPE: 8.8773
2026-01-25 18:58:55,288 - easytorch-training - INFO - Evaluate best model on test data for horizon 7, Test MAE: 13.7729, Test RMSE: 24.0090, Test MAPE: 8.9911
2026-01-25 18:58:55,309 - easytorch-training - INFO - Evaluate best model on test data for horizon 8, Test MAE: 14.0253, Test RMSE: 24.4834, Test MAPE: 9.1768
2026-01-25 18:58:55,330 - easytorch-training - INFO - Evaluate best model on test data for horizon 9, Test MAE: 14.2441, Test RMSE: 24.9156, Test MAPE: 9.4224
2026-01-25 18:58:55,350 - easytorch-training - INFO - Evaluate best model on test data for horizon 10, Test MAE: 14.4170, Test RMSE: 25.2488, Test MAPE: 9.4288
2026-01-25 18:58:55,371 - easytorch-training - INFO - Evaluate best model on test data for horizon 11, Test MAE: 14.5877, Test RMSE: 25.5383, Test MAPE: 9.6290
2026-01-25 18:58:55,391 - easytorch-training - INFO - Evaluate best model on test data for horizon 12, Test MAE: 14.7423, Test RMSE: 25.7902, Test MAPE: 9.6601
2026-01-25 18:58:55,409 - easytorch-training - INFO - Result <test>: [test_time: 17.04 (s), test_MAE: 13.4931, test_RMSE: 23.4065, test_MAPE: 8.8215]
2026-01-25 18:58:55,831 - easytorch-training - INFO - Checkpoint checkpoints/STMAFNet_300/21afeca3ffc10cdf4e90589d029b0e70/STMAFNet_158.pt saved
2026-01-25 18:58:55,831 - easytorch-training - INFO - The estimated training finish time is 2026-01-26 01:17:05
2026-01-25 18:58:55,831 - easytorch-training - INFO - Epoch 159 / 300
2026-01-25 19:01:21,889 - easytorch-training - INFO - Result <train>: [train_time: 146.06 (s), lr: 6.25e-05, train_MAE: 12.2920, train_RMSE: 20.8301, train_MAPE: 8.2319]
2026-01-25 19:01:21,892 - easytorch-training - INFO - Start validation.
2026-01-25 19:01:40,028 - easytorch-training - INFO - Result <val>: [val_time: 18.14 (s), val_MAE: 13.4622, val_RMSE: 22.9681, val_MAPE: 10.0518]
2026-01-25 19:01:57,503 - easytorch-training - INFO - Evaluate best model on test data for horizon 1, Test MAE: 11.6211, Test RMSE: 19.2057, Test MAPE: 7.5620
2026-01-25 19:01:57,518 - easytorch-training - INFO - Evaluate best model on test data for horizon 2, Test MAE: 12.1807, Test RMSE: 20.4792, Test MAPE: 7.8716
2026-01-25 19:01:57,539 - easytorch-training - INFO - Evaluate best model on test data for horizon 3, Test MAE: 12.6210, Test RMSE: 21.4872, Test MAPE: 8.1187
2026-01-25 19:01:57,560 - easytorch-training - INFO - Evaluate best model on test data for horizon 4, Test MAE: 12.9895, Test RMSE: 22.3209, Test MAPE: 8.3436
2026-01-25 19:01:57,580 - easytorch-training - INFO - Evaluate best model on test data for horizon 5, Test MAE: 13.2951, Test RMSE: 23.0196, Test MAPE: 8.5429
2026-01-25 19:01:57,601 - easytorch-training - INFO - Evaluate best model on test data for horizon 6, Test MAE: 13.5507, Test RMSE: 23.6339, Test MAPE: 8.7090
2026-01-25 19:01:57,617 - easytorch-training - INFO - Evaluate best model on test data for horizon 7, Test MAE: 13.8179, Test RMSE: 24.1824, Test MAPE: 8.8799
2026-01-25 19:01:57,632 - easytorch-training - INFO - Evaluate best model on test data for horizon 8, Test MAE: 14.0649, Test RMSE: 24.6859, Test MAPE: 9.0461
2026-01-25 19:01:57,649 - easytorch-training - INFO - Evaluate best model on test data for horizon 9, Test MAE: 14.2747, Test RMSE: 25.1010, Test MAPE: 9.2132
2026-01-25 19:01:57,664 - easytorch-training - INFO - Evaluate best model on test data for horizon 10, Test MAE: 14.4601, Test RMSE: 25.4500, Test MAPE: 9.3160
2026-01-25 19:01:57,680 - easytorch-training - INFO - Evaluate best model on test data for horizon 11, Test MAE: 14.6414, Test RMSE: 25.7387, Test MAPE: 9.4669
2026-01-25 19:01:57,695 - easytorch-training - INFO - Evaluate best model on test data for horizon 12, Test MAE: 14.8032, Test RMSE: 25.9598, Test MAPE: 9.5952
2026-01-25 19:01:57,714 - easytorch-training - INFO - Result <test>: [test_time: 17.68 (s), test_MAE: 13.5267, test_RMSE: 23.5318, test_MAPE: 8.7221]
2026-01-25 19:01:58,072 - easytorch-training - INFO - Checkpoint checkpoints/STMAFNet_300/21afeca3ffc10cdf4e90589d029b0e70/STMAFNet_159.pt saved
2026-01-25 19:01:58,073 - easytorch-training - INFO - The estimated training finish time is 2026-01-26 01:17:47
2026-01-25 19:01:58,073 - easytorch-training - INFO - Epoch 160 / 300
2026-01-25 19:04:22,814 - easytorch-training - INFO - Result <train>: [train_time: 144.74 (s), lr: 6.25e-05, train_MAE: 12.2852, train_RMSE: 20.8203, train_MAPE: 8.2187]
2026-01-25 19:04:22,816 - easytorch-training - INFO - Start validation.
2026-01-25 19:04:41,903 - easytorch-training - INFO - Result <val>: [val_time: 19.09 (s), val_MAE: 13.4281, val_RMSE: 22.9004, val_MAPE: 10.0425]
2026-01-25 19:04:59,364 - easytorch-training - INFO - Evaluate best model on test data for horizon 1, Test MAE: 11.6046, Test RMSE: 19.1992, Test MAPE: 7.5957
2026-01-25 19:04:59,385 - easytorch-training - INFO - Evaluate best model on test data for horizon 2, Test MAE: 12.1762, Test RMSE: 20.4968, Test MAPE: 7.8837
2026-01-25 19:04:59,405 - easytorch-training - INFO - Evaluate best model on test data for horizon 3, Test MAE: 12.6094, Test RMSE: 21.5118, Test MAPE: 8.1478
2026-01-25 19:04:59,425 - easytorch-training - INFO - Evaluate best model on test data for horizon 4, Test MAE: 12.9729, Test RMSE: 22.3480, Test MAPE: 8.3384
2026-01-25 19:04:59,433 - easytorch-training - INFO - Evaluate best model on test data for horizon 5, Test MAE: 13.2691, Test RMSE: 23.0172, Test MAPE: 8.5988
2026-01-25 19:04:59,435 - easytorch-training - INFO - Evaluate best model on test data for horizon 6, Test MAE: 13.5137, Test RMSE: 23.5855, Test MAPE: 8.7222
2026-01-25 19:04:59,443 - easytorch-training - INFO - Evaluate best model on test data for horizon 7, Test MAE: 13.7525, Test RMSE: 24.0490, Test MAPE: 8.8765
2026-01-25 19:04:59,463 - easytorch-training - INFO - Evaluate best model on test data for horizon 8, Test MAE: 13.9948, Test RMSE: 24.5383, Test MAPE: 9.0341
2026-01-25 19:04:59,484 - easytorch-training - INFO - Evaluate best model on test data for horizon 9, Test MAE: 14.2023, Test RMSE: 24.9320, Test MAPE: 9.1943
2026-01-25 19:04:59,505 - easytorch-training - INFO - Evaluate best model on test data for horizon 10, Test MAE: 14.3884, Test RMSE: 25.2856, Test MAPE: 9.3107
2026-01-25 19:04:59,525 - easytorch-training - INFO - Evaluate best model on test data for horizon 11, Test MAE: 14.5628, Test RMSE: 25.5628, Test MAPE: 9.5282
2026-01-25 19:04:59,546 - easytorch-training - INFO - Evaluate best model on test data for horizon 12, Test MAE: 14.7545, Test RMSE: 25.8161, Test MAPE: 9.6717
2026-01-25 19:04:59,566 - easytorch-training - INFO - Result <test>: [test_time: 17.66 (s), test_MAE: 13.4834, test_RMSE: 23.4492, test_MAPE: 8.7418]
2026-01-25 19:04:59,993 - easytorch-training - INFO - Checkpoint checkpoints/STMAFNet_300/21afeca3ffc10cdf4e90589d029b0e70/STMAFNet_160.pt saved
2026-01-25 19:05:00,040 - easytorch-training - INFO - The estimated training finish time is 2026-01-26 01:18:29
2026-01-25 19:05:00,040 - easytorch-training - INFO - Epoch 161 / 300
2026-01-25 19:07:24,350 - easytorch-training - INFO - Result <train>: [train_time: 144.31 (s), lr: 6.25e-05, train_MAE: 12.2835, train_RMSE: 20.8210, train_MAPE: 8.2233]
2026-01-25 19:07:24,352 - easytorch-training - INFO - Start validation.
2026-01-25 19:07:43,734 - easytorch-training - INFO - Result <val>: [val_time: 19.38 (s), val_MAE: 13.4372, val_RMSE: 22.9261, val_MAPE: 10.0646]
2026-01-25 19:08:01,414 - easytorch-training - INFO - Evaluate best model on test data for horizon 1, Test MAE: 11.6126, Test RMSE: 19.2249, Test MAPE: 7.5755
2026-01-25 19:08:01,426 - easytorch-training - INFO - Evaluate best model on test data for horizon 2, Test MAE: 12.1771, Test RMSE: 20.5093, Test MAPE: 7.9647
2026-01-25 19:08:01,441 - easytorch-training - INFO - Evaluate best model on test data for horizon 3, Test MAE: 12.6146, Test RMSE: 21.5546, Test MAPE: 8.1483
2026-01-25 19:08:01,461 - easytorch-training - INFO - Evaluate best model on test data for horizon 4, Test MAE: 12.9720, Test RMSE: 22.3734, Test MAPE: 8.4096
2026-01-25 19:08:01,479 - easytorch-training - INFO - Evaluate best model on test data for horizon 5, Test MAE: 13.2719, Test RMSE: 23.0679, Test MAPE: 8.6112
2026-01-25 19:08:01,497 - easytorch-training - INFO - Evaluate best model on test data for horizon 6, Test MAE: 13.5173, Test RMSE: 23.6433, Test MAPE: 8.7999
2026-01-25 19:08:01,518 - easytorch-training - INFO - Evaluate best model on test data for horizon 7, Test MAE: 13.7753, Test RMSE: 24.1347, Test MAPE: 9.0000
2026-01-25 19:08:01,539 - easytorch-training - INFO - Evaluate best model on test data for horizon 8, Test MAE: 14.0150, Test RMSE: 24.6225, Test MAPE: 9.1689
2026-01-25 19:08:01,557 - easytorch-training - INFO - Evaluate best model on test data for horizon 9, Test MAE: 14.2430, Test RMSE: 25.0510, Test MAPE: 9.2895
2026-01-25 19:08:01,566 - easytorch-training - INFO - Evaluate best model on test data for horizon 10, Test MAE: 14.4403, Test RMSE: 25.3851, Test MAPE: 9.6019
2026-01-25 19:08:01,574 - easytorch-training - INFO - Evaluate best model on test data for horizon 11, Test MAE: 14.5963, Test RMSE: 25.6556, Test MAPE: 9.6052
2026-01-25 19:08:01,586 - easytorch-training - INFO - Evaluate best model on test data for horizon 12, Test MAE: 14.7882, Test RMSE: 25.9197, Test MAPE: 9.7471
2026-01-25 19:08:01,608 - easytorch-training - INFO - Result <test>: [test_time: 17.87 (s), test_MAE: 13.5020, test_RMSE: 23.5182, test_MAPE: 8.8268]
2026-01-25 19:08:01,953 - easytorch-training - INFO - Checkpoint checkpoints/STMAFNet_300/21afeca3ffc10cdf4e90589d029b0e70/STMAFNet_161.pt saved
2026-01-25 19:08:01,954 - easytorch-training - INFO - The estimated training finish time is 2026-01-26 01:19:09
2026-01-25 19:08:01,954 - easytorch-training - INFO - Epoch 162 / 300
2026-01-25 19:10:25,829 - easytorch-training - INFO - Result <train>: [train_time: 143.87 (s), lr: 6.25e-05, train_MAE: 12.2751, train_RMSE: 20.8027, train_MAPE: 8.2182]
2026-01-25 19:10:25,831 - easytorch-training - INFO - Start validation.
2026-01-25 19:10:45,222 - easytorch-training - INFO - Result <val>: [val_time: 19.39 (s), val_MAE: 13.4639, val_RMSE: 22.9669, val_MAPE: 10.1950]
2026-01-25 19:11:03,285 - easytorch-training - INFO - Evaluate best model on test data for horizon 1, Test MAE: 11.6230, Test RMSE: 19.2094, Test MAPE: 7.7163
2026-01-25 19:11:03,299 - easytorch-training - INFO - Evaluate best model on test data for horizon 2, Test MAE: 12.2023, Test RMSE: 20.5204, Test MAPE: 7.9906
2026-01-25 19:11:03,317 - easytorch-training - INFO - Evaluate best model on test data for horizon 3, Test MAE: 12.6583, Test RMSE: 21.5743, Test MAPE: 8.2456
2026-01-25 19:11:03,332 - easytorch-training - INFO - Evaluate best model on test data for horizon 4, Test MAE: 13.0119, Test RMSE: 22.3944, Test MAPE: 8.5215
2026-01-25 19:11:03,346 - easytorch-training - INFO - Evaluate best model on test data for horizon 5, Test MAE: 13.3130, Test RMSE: 23.0916, Test MAPE: 8.6352
2026-01-25 19:11:03,363 - easytorch-training - INFO - Evaluate best model on test data for horizon 6, Test MAE: 13.5745, Test RMSE: 23.6808, Test MAPE: 8.8084
2026-01-25 19:11:03,383 - easytorch-training - INFO - Evaluate best model on test data for horizon 7, Test MAE: 13.8291, Test RMSE: 24.1754, Test MAPE: 8.9556
2026-01-25 19:11:03,404 - easytorch-training - INFO - Evaluate best model on test data for horizon 8, Test MAE: 14.0590, Test RMSE: 24.6693, Test MAPE: 9.0638
2026-01-25 19:11:03,424 - easytorch-training - INFO - Evaluate best model on test data for horizon 9, Test MAE: 14.2862, Test RMSE: 25.0952, Test MAPE: 9.2387
2026-01-25 19:11:03,445 - easytorch-training - INFO - Evaluate best model on test data for horizon 10, Test MAE: 14.4571, Test RMSE: 25.4240, Test MAPE: 9.3274
2026-01-25 19:11:03,466 - easytorch-training - INFO - Evaluate best model on test data for horizon 11, Test MAE: 14.6393, Test RMSE: 25.7696, Test MAPE: 9.4769
2026-01-25 19:11:03,480 - easytorch-training - INFO - Evaluate best model on test data for horizon 12, Test MAE: 14.8156, Test RMSE: 26.0027, Test MAPE: 9.6080
2026-01-25 19:11:03,499 - easytorch-training - INFO - Result <test>: [test_time: 18.28 (s), test_MAE: 13.5391, test_RMSE: 23.5592, test_MAPE: 8.7990]
2026-01-25 19:11:03,924 - easytorch-training - INFO - Checkpoint checkpoints/STMAFNet_300/21afeca3ffc10cdf4e90589d029b0e70/STMAFNet_162.pt saved
2026-01-25 19:11:03,925 - easytorch-training - INFO - The estimated training finish time is 2026-01-26 01:19:50
2026-01-25 19:11:03,925 - easytorch-training - INFO - Epoch 163 / 300
2026-01-25 19:13:27,115 - easytorch-training - INFO - Result <train>: [train_time: 143.19 (s), lr: 6.25e-05, train_MAE: 12.2711, train_RMSE: 20.7982, train_MAPE: 8.2143]
2026-01-25 19:13:27,117 - easytorch-training - INFO - Start validation.
2026-01-25 19:13:46,499 - easytorch-training - INFO - Result <val>: [val_time: 19.38 (s), val_MAE: 13.4437, val_RMSE: 22.9393, val_MAPE: 10.0644]
2026-01-25 19:14:04,579 - easytorch-training - INFO - Evaluate best model on test data for horizon 1, Test MAE: 11.6406, Test RMSE: 19.2395, Test MAPE: 7.6110
2026-01-25 19:14:04,596 - easytorch-training - INFO - Evaluate best model on test data for horizon 2, Test MAE: 12.2142, Test RMSE: 20.5474, Test MAPE: 7.9694
2026-01-25 19:14:04,614 - easytorch-training - INFO - Evaluate best model on test data for horizon 3, Test MAE: 12.6487, Test RMSE: 21.5561, Test MAPE: 8.2086
2026-01-25 19:14:04,635 - easytorch-training - INFO - Evaluate best model on test data for horizon 4, Test MAE: 12.9949, Test RMSE: 22.3703, Test MAPE: 8.3932
2026-01-25 19:14:04,655 - easytorch-training - INFO - Evaluate best model on test data for horizon 5, Test MAE: 13.2982, Test RMSE: 23.0568, Test MAPE: 8.5968
2026-01-25 19:14:04,673 - easytorch-training - INFO - Evaluate best model on test data for horizon 6, Test MAE: 13.5508, Test RMSE: 23.6447, Test MAPE: 8.8550
2026-01-25 19:14:04,689 - easytorch-training - INFO - Evaluate best model on test data for horizon 7, Test MAE: 13.8100, Test RMSE: 24.1802, Test MAPE: 8.9413
2026-01-25 19:14:04,707 - easytorch-training - INFO - Evaluate best model on test data for horizon 8, Test MAE: 14.0514, Test RMSE: 24.6499, Test MAPE: 9.1571
2026-01-25 19:14:04,728 - easytorch-training - INFO - Evaluate best model on test data for horizon 9, Test MAE: 14.2796, Test RMSE: 25.0798, Test MAPE: 9.4986
2026-01-25 19:14:04,746 - easytorch-training - INFO - Evaluate best model on test data for horizon 10, Test MAE: 14.4496, Test RMSE: 25.4047, Test MAPE: 9.5039
2026-01-25 19:14:04,761 - easytorch-training - INFO - Evaluate best model on test data for horizon 11, Test MAE: 14.6178, Test RMSE: 25.6905, Test MAPE: 9.6162
2026-01-25 19:14:04,779 - easytorch-training - INFO - Evaluate best model on test data for horizon 12, Test MAE: 14.8071, Test RMSE: 25.9414, Test MAPE: 9.9121
2026-01-25 19:14:04,802 - easytorch-training - INFO - Result <test>: [test_time: 18.30 (s), test_MAE: 13.5302, test_RMSE: 23.5368, test_MAPE: 8.8553]
2026-01-25 19:14:05,146 - easytorch-training - INFO - Checkpoint checkpoints/STMAFNet_300/21afeca3ffc10cdf4e90589d029b0e70/STMAFNet_163.pt saved
2026-01-25 19:14:05,146 - easytorch-training - INFO - The estimated training finish time is 2026-01-26 01:20:28
2026-01-25 19:14:05,147 - easytorch-training - INFO - Epoch 164 / 300
2026-01-25 19:16:29,087 - easytorch-training - INFO - Result <train>: [train_time: 143.94 (s), lr: 6.25e-05, train_MAE: 12.2663, train_RMSE: 20.7832, train_MAPE: 8.2130]
2026-01-25 19:16:29,089 - easytorch-training - INFO - Start validation.
2026-01-25 19:16:47,866 - easytorch-training - INFO - Result <val>: [val_time: 18.78 (s), val_MAE: 13.4687, val_RMSE: 22.9563, val_MAPE: 10.1749]
2026-01-25 19:17:05,619 - easytorch-training - INFO - Evaluate best model on test data for horizon 1, Test MAE: 11.6548, Test RMSE: 19.2539, Test MAPE: 7.7509
2026-01-25 19:17:05,634 - easytorch-training - INFO - Evaluate best model on test data for horizon 2, Test MAE: 12.2222, Test RMSE: 20.5479, Test MAPE: 8.1553
2026-01-25 19:17:05,654 - easytorch-training - INFO - Evaluate best model on test data for horizon 3, Test MAE: 12.6604, Test RMSE: 21.5708, Test MAPE: 8.2013
2026-01-25 19:17:05,675 - easytorch-training - INFO - Evaluate best model on test data for horizon 4, Test MAE: 13.0183, Test RMSE: 22.3725, Test MAPE: 8.4475
2026-01-25 19:17:05,691 - easytorch-training - INFO - Evaluate best model on test data for horizon 5, Test MAE: 13.3287, Test RMSE: 23.0639, Test MAPE: 8.6797
2026-01-25 19:17:05,706 - easytorch-training - INFO - Evaluate best model on test data for horizon 6, Test MAE: 13.5784, Test RMSE: 23.6614, Test MAPE: 8.8137
2026-01-25 19:17:05,726 - easytorch-training - INFO - Evaluate best model on test data for horizon 7, Test MAE: 13.8458, Test RMSE: 24.1909, Test MAPE: 8.9712
2026-01-25 19:17:05,744 - easytorch-training - INFO - Evaluate best model on test data for horizon 8, Test MAE: 14.0889, Test RMSE: 24.6572, Test MAPE: 9.1933
2026-01-25 19:17:05,763 - easytorch-training - INFO - Evaluate best model on test data for horizon 9, Test MAE: 14.3089, Test RMSE: 25.0874, Test MAPE: 9.3233
2026-01-25 19:17:05,783 - easytorch-training - INFO - Evaluate best model on test data for horizon 10, Test MAE: 14.4868, Test RMSE: 25.4464, Test MAPE: 9.4453
2026-01-25 19:17:05,804 - easytorch-training - INFO - Evaluate best model on test data for horizon 11, Test MAE: 14.6470, Test RMSE: 25.7412, Test MAPE: 9.5450
2026-01-25 19:17:05,824 - easytorch-training - INFO - Evaluate best model on test data for horizon 12, Test MAE: 14.8191, Test RMSE: 25.9888, Test MAPE: 9.7073
2026-01-25 19:17:05,848 - easytorch-training - INFO - Result <test>: [test_time: 17.98 (s), test_MAE: 13.5549, test_RMSE: 23.5561, test_MAPE: 8.8528]
2026-01-25 19:17:06,276 - easytorch-training - INFO - Checkpoint checkpoints/STMAFNet_300/21afeca3ffc10cdf4e90589d029b0e70/STMAFNet_164.pt saved
2026-01-25 19:17:06,276 - easytorch-training - INFO - The estimated training finish time is 2026-01-26 01:21:06
2026-01-25 19:17:06,277 - easytorch-training - INFO - Epoch 165 / 300
2026-01-25 19:19:30,999 - easytorch-training - INFO - Result <train>: [train_time: 144.72 (s), lr: 6.25e-05, train_MAE: 12.2605, train_RMSE: 20.7795, train_MAPE: 8.2146]
2026-01-25 19:19:31,000 - easytorch-training - INFO - Start validation.
2026-01-25 19:19:50,012 - easytorch-training - INFO - Result <val>: [val_time: 19.01 (s), val_MAE: 13.4377, val_RMSE: 22.9148, val_MAPE: 10.0765]
2026-01-25 19:20:07,244 - easytorch-training - INFO - Evaluate best model on test data for horizon 1, Test MAE: 11.6270, Test RMSE: 19.2307, Test MAPE: 7.7222
2026-01-25 19:20:07,263 - easytorch-training - INFO - Evaluate best model on test data for horizon 2, Test MAE: 12.1957, Test RMSE: 20.5213, Test MAPE: 8.0767
2026-01-25 19:20:07,278 - easytorch-training - INFO - Evaluate best model on test data for horizon 3, Test MAE: 12.6487, Test RMSE: 21.5350, Test MAPE: 8.4188
2026-01-25 19:20:07,287 - easytorch-training - INFO - Evaluate best model on test data for horizon 4, Test MAE: 12.9893, Test RMSE: 22.3401, Test MAPE: 8.5831
2026-01-25 19:20:07,301 - easytorch-training - INFO - Evaluate best model on test data for horizon 5, Test MAE: 13.3107, Test RMSE: 23.0493, Test MAPE: 8.9065
2026-01-25 19:20:07,322 - easytorch-training - INFO - Evaluate best model on test data for horizon 6, Test MAE: 13.5658, Test RMSE: 23.6563, Test MAPE: 9.0093
2026-01-25 19:20:07,343 - easytorch-training - INFO - Evaluate best model on test data for horizon 7, Test MAE: 13.7997, Test RMSE: 24.1925, Test MAPE: 9.0009
2026-01-25 19:20:07,363 - easytorch-training - INFO - Evaluate best model on test data for horizon 8, Test MAE: 14.0595, Test RMSE: 24.6939, Test MAPE: 9.2143
2026-01-25 19:20:07,384 - easytorch-training - INFO - Evaluate best model on test data for horizon 9, Test MAE: 14.2628, Test RMSE: 25.1249, Test MAPE: 9.2963
2026-01-25 19:20:07,400 - easytorch-training - INFO - Evaluate best model on test data for horizon 10, Test MAE: 14.4317, Test RMSE: 25.4498, Test MAPE: 9.4995
2026-01-25 19:20:07,413 - easytorch-training - INFO - Evaluate best model on test data for horizon 11, Test MAE: 14.6120, Test RMSE: 25.7340, Test MAPE: 9.6229
2026-01-25 19:20:07,427 - easytorch-training - INFO - Evaluate best model on test data for horizon 12, Test MAE: 14.7760, Test RMSE: 25.9908, Test MAPE: 9.5783
2026-01-25 19:20:07,449 - easytorch-training - INFO - Result <test>: [test_time: 17.44 (s), test_MAE: 13.5232, test_RMSE: 23.5521, test_MAPE: 8.9107]
2026-01-25 19:20:07,792 - easytorch-training - INFO - Checkpoint checkpoints/STMAFNet_300/21afeca3ffc10cdf4e90589d029b0e70/STMAFNet_165.pt saved
2026-01-25 19:20:07,793 - easytorch-training - INFO - The estimated training finish time is 2026-01-26 01:21:44
2026-01-25 19:20:07,793 - easytorch-training - INFO - Epoch 166 / 300
2026-01-25 19:22:31,929 - easytorch-training - INFO - Result <train>: [train_time: 144.14 (s), lr: 6.25e-05, train_MAE: 12.2554, train_RMSE: 20.7765, train_MAPE: 8.2048]
2026-01-25 19:22:31,931 - easytorch-training - INFO - Start validation.
2026-01-25 19:22:51,358 - easytorch-training - INFO - Result <val>: [val_time: 19.43 (s), val_MAE: 13.4265, val_RMSE: 22.8772, val_MAPE: 10.1571]
2026-01-25 19:23:09,434 - easytorch-training - INFO - Evaluate best model on test data for horizon 1, Test MAE: 11.6323, Test RMSE: 19.2275, Test MAPE: 7.6437
2026-01-25 19:23:09,442 - easytorch-training - INFO - Evaluate best model on test data for horizon 2, Test MAE: 12.1927, Test RMSE: 20.5036, Test MAPE: 8.0290
2026-01-25 19:23:09,456 - easytorch-training - INFO - Evaluate best model on test data for horizon 3, Test MAE: 12.6460, Test RMSE: 21.5431, Test MAPE: 8.3989
2026-01-25 19:23:09,471 - easytorch-training - INFO - Evaluate best model on test data for horizon 4, Test MAE: 12.9915, Test RMSE: 22.3453, Test MAPE: 8.4640
2026-01-25 19:23:09,489 - easytorch-training - INFO - Evaluate best model on test data for horizon 5, Test MAE: 13.2949, Test RMSE: 23.0380, Test MAPE: 8.8092
2026-01-25 19:23:09,510 - easytorch-training - INFO - Evaluate best model on test data for horizon 6, Test MAE: 13.5427, Test RMSE: 23.6248, Test MAPE: 8.8495
2026-01-25 19:23:09,531 - easytorch-training - INFO - Evaluate best model on test data for horizon 7, Test MAE: 13.8045, Test RMSE: 24.1440, Test MAPE: 9.0276
2026-01-25 19:23:09,551 - easytorch-training - INFO - Evaluate best model on test data for horizon 8, Test MAE: 14.0547, Test RMSE: 24.6199, Test MAPE: 9.2123
2026-01-25 19:23:09,572 - easytorch-training - INFO - Evaluate best model on test data for horizon 9, Test MAE: 14.2688, Test RMSE: 25.0320, Test MAPE: 9.4529
2026-01-25 19:23:09,592 - easytorch-training - INFO - Evaluate best model on test data for horizon 10, Test MAE: 14.4460, Test RMSE: 25.3773, Test MAPE: 9.4817
2026-01-25 19:23:09,613 - easytorch-training - INFO - Evaluate best model on test data for horizon 11, Test MAE: 14.6603, Test RMSE: 25.6801, Test MAPE: 9.7907
2026-01-25 19:23:09,631 - easytorch-training - INFO - Evaluate best model on test data for horizon 12, Test MAE: 14.8373, Test RMSE: 25.9475, Test MAPE: 9.8387
2026-01-25 19:23:09,653 - easytorch-training - INFO - Result <test>: [test_time: 18.29 (s), test_MAE: 13.5310, test_RMSE: 23.5138, test_MAPE: 8.9165]
2026-01-25 19:23:10,078 - easytorch-training - INFO - Checkpoint checkpoints/STMAFNet_300/21afeca3ffc10cdf4e90589d029b0e70/STMAFNet_166.pt saved
2026-01-25 19:23:10,079 - easytorch-training - INFO - The estimated training finish time is 2026-01-26 01:22:23
2026-01-25 19:23:10,079 - easytorch-training - INFO - Epoch 167 / 300
2026-01-25 19:25:33,131 - easytorch-training - INFO - Result <train>: [train_time: 143.05 (s), lr: 6.25e-05, train_MAE: 12.2528, train_RMSE: 20.7654, train_MAPE: 8.2055]
2026-01-25 19:25:33,134 - easytorch-training - INFO - Start validation.
2026-01-25 19:25:52,555 - easytorch-training - INFO - Result <val>: [val_time: 19.42 (s), val_MAE: 13.4522, val_RMSE: 22.9308, val_MAPE: 10.1576]
2026-01-25 19:26:10,061 - easytorch-training - INFO - Evaluate best model on test data for horizon 1, Test MAE: 11.6370, Test RMSE: 19.2205, Test MAPE: 7.6242
2026-01-25 19:26:10,078 - easytorch-training - INFO - Evaluate best model on test data for horizon 2, Test MAE: 12.1842, Test RMSE: 20.5062, Test MAPE: 7.9451
2026-01-25 19:26:10,098 - easytorch-training - INFO - Evaluate best model on test data for horizon 3, Test MAE: 12.6337, Test RMSE: 21.5135, Test MAPE: 8.2145
2026-01-25 19:26:10,119 - easytorch-training - INFO - Evaluate best model on test data for horizon 4, Test MAE: 12.9910, Test RMSE: 22.3281, Test MAPE: 8.4457
2026-01-25 19:26:10,140 - easytorch-training - INFO - Evaluate best model on test data for horizon 5, Test MAE: 13.3076, Test RMSE: 23.0257, Test MAPE: 8.6222
2026-01-25 19:26:10,160 - easytorch-training - INFO - Evaluate best model on test data for horizon 6, Test MAE: 13.5453, Test RMSE: 23.6063, Test MAPE: 8.8160
2026-01-25 19:26:10,173 - easytorch-training - INFO - Evaluate best model on test data for horizon 7, Test MAE: 13.8024, Test RMSE: 24.1128, Test MAPE: 8.9699
2026-01-25 19:26:10,186 - easytorch-training - INFO - Evaluate best model on test data for horizon 8, Test MAE: 14.0374, Test RMSE: 24.5862, Test MAPE: 9.0818
2026-01-25 19:26:10,196 - easytorch-training - INFO - Evaluate best model on test data for horizon 9, Test MAE: 14.2662, Test RMSE: 25.0069, Test MAPE: 9.2543
2026-01-25 19:26:10,210 - easytorch-training - INFO - Evaluate best model on test data for horizon 10, Test MAE: 14.4346, Test RMSE: 25.3454, Test MAPE: 9.3844
2026-01-25 19:26:10,231 - easytorch-training - INFO - Evaluate best model on test data for horizon 11, Test MAE: 14.6310, Test RMSE: 25.6667, Test MAPE: 9.5773
2026-01-25 19:26:10,252 - easytorch-training - INFO - Evaluate best model on test data for horizon 12, Test MAE: 14.7958, Test RMSE: 25.8833, Test MAPE: 9.6486
2026-01-25 19:26:10,276 - easytorch-training - INFO - Result <test>: [test_time: 17.72 (s), test_MAE: 13.5222, test_RMSE: 23.4896, test_MAPE: 8.7987]
2026-01-25 19:26:10,619 - easytorch-training - INFO - Checkpoint checkpoints/STMAFNet_300/21afeca3ffc10cdf4e90589d029b0e70/STMAFNet_167.pt saved
2026-01-25 19:26:10,620 - easytorch-training - INFO - The estimated training finish time is 2026-01-26 01:22:58
2026-01-25 19:26:10,620 - easytorch-training - INFO - Epoch 168 / 300
2026-01-25 19:28:34,516 - easytorch-training - INFO - Result <train>: [train_time: 143.90 (s), lr: 6.25e-05, train_MAE: 12.2445, train_RMSE: 20.7486, train_MAPE: 8.1978]
2026-01-25 19:28:34,518 - easytorch-training - INFO - Start validation.
2026-01-25 19:28:53,537 - easytorch-training - INFO - Result <val>: [val_time: 19.02 (s), val_MAE: 13.4260, val_RMSE: 22.9298, val_MAPE: 9.9648]
2026-01-25 19:29:10,866 - easytorch-training - INFO - Evaluate best model on test data for horizon 1, Test MAE: 11.6173, Test RMSE: 19.2173, Test MAPE: 7.7394
2026-01-25 19:29:10,886 - easytorch-training - INFO - Evaluate best model on test data for horizon 2, Test MAE: 12.1847, Test RMSE: 20.5280, Test MAPE: 7.9640
2026-01-25 19:29:10,897 - easytorch-training - INFO - Evaluate best model on test data for horizon 3, Test MAE: 12.6422, Test RMSE: 21.5926, Test MAPE: 8.1643
2026-01-25 19:29:10,912 - easytorch-training - INFO - Evaluate best model on test data for horizon 4, Test MAE: 12.9878, Test RMSE: 22.4232, Test MAPE: 8.4531
2026-01-25 19:29:10,932 - easytorch-training - INFO - Evaluate best model on test data for horizon 5, Test MAE: 13.3048, Test RMSE: 23.1794, Test MAPE: 8.5966
2026-01-25 19:29:10,953 - easytorch-training - INFO - Evaluate best model on test data for horizon 6, Test MAE: 13.5525, Test RMSE: 23.7582, Test MAPE: 8.8223
2026-01-25 19:29:10,969 - easytorch-training - INFO - Evaluate best model on test data for horizon 7, Test MAE: 13.8104, Test RMSE: 24.2625, Test MAPE: 8.9693
2026-01-25 19:29:10,984 - easytorch-training - INFO - Evaluate best model on test data for horizon 8, Test MAE: 14.0239, Test RMSE: 24.6753, Test MAPE: 9.0739
2026-01-25 19:29:11,004 - easytorch-training - INFO - Evaluate best model on test data for horizon 9, Test MAE: 14.2664, Test RMSE: 25.1294, Test MAPE: 9.2446
2026-01-25 19:29:11,017 - easytorch-training - INFO - Evaluate best model on test data for horizon 10, Test MAE: 14.4315, Test RMSE: 25.4524, Test MAPE: 9.3621
2026-01-25 19:29:11,027 - easytorch-training - INFO - Evaluate best model on test data for horizon 11, Test MAE: 14.6030, Test RMSE: 25.7239, Test MAPE: 9.5058
2026-01-25 19:29:11,043 - easytorch-training - INFO - Evaluate best model on test data for horizon 12, Test MAE: 14.7785, Test RMSE: 25.9476, Test MAPE: 9.6651
2026-01-25 19:29:11,067 - easytorch-training - INFO - Result <test>: [test_time: 17.53 (s), test_MAE: 13.5169, test_RMSE: 23.5820, test_MAPE: 8.7967]
2026-01-25 19:29:11,494 - easytorch-training - INFO - Checkpoint checkpoints/STMAFNet_300/21afeca3ffc10cdf4e90589d029b0e70/STMAFNet_168.pt saved
2026-01-25 19:29:11,495 - easytorch-training - INFO - The estimated training finish time is 2026-01-26 01:23:34
2026-01-25 19:29:11,495 - easytorch-training - INFO - Epoch 169 / 300
2026-01-25 19:31:35,606 - easytorch-training - INFO - Result <train>: [train_time: 144.11 (s), lr: 6.25e-05, train_MAE: 12.2417, train_RMSE: 20.7558, train_MAPE: 8.2019]
2026-01-25 19:31:35,607 - easytorch-training - INFO - Start validation.
2026-01-25 19:31:54,030 - easytorch-training - INFO - Result <val>: [val_time: 18.42 (s), val_MAE: 13.4445, val_RMSE: 22.9207, val_MAPE: 9.9000]
2026-01-25 19:32:11,528 - easytorch-training - INFO - Evaluate best model on test data for horizon 1, Test MAE: 11.6366, Test RMSE: 19.2428, Test MAPE: 7.5703
2026-01-25 19:32:11,548 - easytorch-training - INFO - Evaluate best model on test data for horizon 2, Test MAE: 12.2027, Test RMSE: 20.5208, Test MAPE: 7.8896
2026-01-25 19:32:11,565 - easytorch-training - INFO - Evaluate best model on test data for horizon 3, Test MAE: 12.6615, Test RMSE: 21.5406, Test MAPE: 8.1379
2026-01-25 19:32:11,585 - easytorch-training - INFO - Evaluate best model on test data for horizon 4, Test MAE: 12.9886, Test RMSE: 22.3257, Test MAPE: 8.3822
2026-01-25 19:32:11,604 - easytorch-training - INFO - Evaluate best model on test data for horizon 5, Test MAE: 13.3005, Test RMSE: 23.0213, Test MAPE: 8.5439
2026-01-25 19:32:11,617 - easytorch-training - INFO - Evaluate best model on test data for horizon 6, Test MAE: 13.5499, Test RMSE: 23.6051, Test MAPE: 8.7167
2026-01-25 19:32:11,632 - easytorch-training - INFO - Evaluate best model on test data for horizon 7, Test MAE: 13.8145, Test RMSE: 24.1540, Test MAPE: 8.8895
2026-01-25 19:32:11,650 - easytorch-training - INFO - Evaluate best model on test data for horizon 8, Test MAE: 14.0598, Test RMSE: 24.6427, Test MAPE: 9.0430
2026-01-25 19:32:11,671 - easytorch-training - INFO - Evaluate best model on test data for horizon 9, Test MAE: 14.2728, Test RMSE: 25.0834, Test MAPE: 9.1958
2026-01-25 19:32:11,687 - easytorch-training - INFO - Evaluate best model on test data for horizon 10, Test MAE: 14.4443, Test RMSE: 25.3980, Test MAPE: 9.3485
2026-01-25 19:32:11,702 - easytorch-training - INFO - Evaluate best model on test data for horizon 11, Test MAE: 14.6258, Test RMSE: 25.6888, Test MAPE: 9.4733
2026-01-25 19:32:11,722 - easytorch-training - INFO - Evaluate best model on test data for horizon 12, Test MAE: 14.7884, Test RMSE: 25.9388, Test MAPE: 9.6182
2026-01-25 19:32:11,746 - easytorch-training - INFO - Result <test>: [test_time: 17.71 (s), test_MAE: 13.5288, test_RMSE: 23.5207, test_MAPE: 8.7341]
2026-01-25 19:32:12,087 - easytorch-training - INFO - Checkpoint checkpoints/STMAFNet_300/21afeca3ffc10cdf4e90589d029b0e70/STMAFNet_169.pt saved
2026-01-25 19:32:12,088 - easytorch-training - INFO - The estimated training finish time is 2026-01-26 01:24:08
2026-01-25 19:32:12,088 - easytorch-training - INFO - Epoch 170 / 300
2026-01-25 19:34:36,625 - easytorch-training - INFO - Result <train>: [train_time: 144.54 (s), lr: 6.25e-05, train_MAE: 12.2335, train_RMSE: 20.7362, train_MAPE: 8.1983]
2026-01-25 19:34:36,626 - easytorch-training - INFO - Start validation.
2026-01-25 19:34:54,659 - easytorch-training - INFO - Result <val>: [val_time: 18.03 (s), val_MAE: 13.4445, val_RMSE: 22.9786, val_MAPE: 9.9891]
2026-01-25 19:35:12,699 - easytorch-training - INFO - Evaluate best model on test data for horizon 1, Test MAE: 11.6221, Test RMSE: 19.2560, Test MAPE: 7.5707
2026-01-25 19:35:12,720 - easytorch-training - INFO - Evaluate best model on test data for horizon 2, Test MAE: 12.2077, Test RMSE: 20.5762, Test MAPE: 7.9367
2026-01-25 19:35:12,740 - easytorch-training - INFO - Evaluate best model on test data for horizon 3, Test MAE: 12.6734, Test RMSE: 21.6512, Test MAPE: 8.2847
2026-01-25 19:35:12,761 - easytorch-training - INFO - Evaluate best model on test data for horizon 4, Test MAE: 13.0120, Test RMSE: 22.5061, Test MAPE: 8.3713
2026-01-25 19:35:12,782 - easytorch-training - INFO - Evaluate best model on test data for horizon 5, Test MAE: 13.3231, Test RMSE: 23.1968, Test MAPE: 8.6807
2026-01-25 19:35:12,802 - easytorch-training - INFO - Evaluate best model on test data for horizon 6, Test MAE: 13.5572, Test RMSE: 23.7813, Test MAPE: 8.7692
2026-01-25 19:35:12,823 - easytorch-training - INFO - Evaluate best model on test data for horizon 7, Test MAE: 13.8095, Test RMSE: 24.2954, Test MAPE: 8.9531
2026-01-25 19:35:12,836 - easytorch-training - INFO - Evaluate best model on test data for horizon 8, Test MAE: 14.0399, Test RMSE: 24.7554, Test MAPE: 9.0468
2026-01-25 19:35:12,846 - easytorch-training - INFO - Evaluate best model on test data for horizon 9, Test MAE: 14.2683, Test RMSE: 25.1784, Test MAPE: 9.2148
2026-01-25 19:35:12,865 - easytorch-training - INFO - Evaluate best model on test data for horizon 10, Test MAE: 14.4342, Test RMSE: 25.4874, Test MAPE: 9.3314
2026-01-25 19:35:12,882 - easytorch-training - INFO - Evaluate best model on test data for horizon 11, Test MAE: 14.6128, Test RMSE: 25.7656, Test MAPE: 9.5113
2026-01-25 19:35:12,903 - easytorch-training - INFO - Evaluate best model on test data for horizon 12, Test MAE: 14.7877, Test RMSE: 26.0100, Test MAPE: 9.6148
2026-01-25 19:35:12,926 - easytorch-training - INFO - Result <test>: [test_time: 18.27 (s), test_MAE: 13.5290, test_RMSE: 23.6293, test_MAPE: 8.7738]
2026-01-25 19:35:13,283 - easytorch-training - INFO - Checkpoint checkpoints/STMAFNet_300/21afeca3ffc10cdf4e90589d029b0e70/STMAFNet_170.pt saved
2026-01-25 19:35:13,324 - easytorch-training - INFO - The estimated training finish time is 2026-01-26 01:24:44
2026-01-25 19:35:13,324 - easytorch-training - INFO - Epoch 171 / 300
2026-01-25 19:37:38,891 - easytorch-training - INFO - Result <train>: [train_time: 145.57 (s), lr: 6.25e-05, train_MAE: 12.2348, train_RMSE: 20.7326, train_MAPE: 8.1950]
2026-01-25 19:37:38,893 - easytorch-training - INFO - Start validation.
2026-01-25 19:37:56,840 - easytorch-training - INFO - Result <val>: [val_time: 17.95 (s), val_MAE: 13.4347, val_RMSE: 22.9478, val_MAPE: 10.0975]
2026-01-25 19:38:13,989 - easytorch-training - INFO - Evaluate best model on test data for horizon 1, Test MAE: 11.6382, Test RMSE: 19.2547, Test MAPE: 7.6495
2026-01-25 19:38:14,007 - easytorch-training - INFO - Evaluate best model on test data for horizon 2, Test MAE: 12.1953, Test RMSE: 20.5264, Test MAPE: 8.0462
2026-01-25 19:38:14,026 - easytorch-training - INFO - Evaluate best model on test data for horizon 3, Test MAE: 12.6429, Test RMSE: 21.5758, Test MAPE: 8.2039
2026-01-25 19:38:14,046 - easytorch-training - INFO - Evaluate best model on test data for horizon 4, Test MAE: 13.0083, Test RMSE: 22.4115, Test MAPE: 8.4920
2026-01-25 19:38:14,067 - easytorch-training - INFO - Evaluate best model on test data for horizon 5, Test MAE: 13.3082, Test RMSE: 23.1101, Test MAPE: 8.6864
2026-01-25 19:38:14,087 - easytorch-training - INFO - Evaluate best model on test data for horizon 6, Test MAE: 13.5634, Test RMSE: 23.7121, Test MAPE: 8.8892
2026-01-25 19:38:14,103 - easytorch-training - INFO - Evaluate best model on test data for horizon 7, Test MAE: 13.8106, Test RMSE: 24.2242, Test MAPE: 8.9578
2026-01-25 19:38:14,122 - easytorch-training - INFO - Evaluate best model on test data for horizon 8, Test MAE: 14.0594, Test RMSE: 24.7176, Test MAPE: 9.1030
2026-01-25 19:38:14,137 - easytorch-training - INFO - Evaluate best model on test data for horizon 9, Test MAE: 14.2632, Test RMSE: 25.1160, Test MAPE: 9.2306
2026-01-25 19:38:14,153 - easytorch-training - INFO - Evaluate best model on test data for horizon 10, Test MAE: 14.4335, Test RMSE: 25.4350, Test MAPE: 9.3912
2026-01-25 19:38:14,168 - easytorch-training - INFO - Evaluate best model on test data for horizon 11, Test MAE: 14.6315, Test RMSE: 25.7292, Test MAPE: 9.6195
2026-01-25 19:38:14,189 - easytorch-training - INFO - Evaluate best model on test data for horizon 12, Test MAE: 14.8018, Test RMSE: 25.9592, Test MAPE: 9.6808
2026-01-25 19:38:14,213 - easytorch-training - INFO - Result <test>: [test_time: 17.37 (s), test_MAE: 13.5297, test_RMSE: 23.5719, test_MAPE: 8.8292]
2026-01-25 19:38:14,556 - easytorch-training - INFO - Checkpoint checkpoints/STMAFNet_300/21afeca3ffc10cdf4e90589d029b0e70/STMAFNet_171.pt saved
2026-01-25 19:38:14,557 - easytorch-training - INFO - The estimated training finish time is 2026-01-26 01:25:19
2026-01-25 19:38:14,557 - easytorch-training - INFO - Epoch 172 / 300
2026-01-25 19:40:40,882 - easytorch-training - INFO - Result <train>: [train_time: 146.33 (s), lr: 6.25e-05, train_MAE: 12.2294, train_RMSE: 20.7344, train_MAPE: 8.1817]
2026-01-25 19:40:40,884 - easytorch-training - INFO - Start validation.
2026-01-25 19:40:59,591 - easytorch-training - INFO - Result <val>: [val_time: 18.71 (s), val_MAE: 13.4591, val_RMSE: 22.9477, val_MAPE: 10.0577]
2026-01-25 19:41:16,424 - easytorch-training - INFO - Evaluate best model on test data for horizon 1, Test MAE: 11.6436, Test RMSE: 19.2270, Test MAPE: 7.7776
2026-01-25 19:41:16,444 - easytorch-training - INFO - Evaluate best model on test data for horizon 2, Test MAE: 12.1914, Test RMSE: 20.5113, Test MAPE: 8.0632
2026-01-25 19:41:16,465 - easytorch-training - INFO - Evaluate best model on test data for horizon 3, Test MAE: 12.6663, Test RMSE: 21.5382, Test MAPE: 8.3047
2026-01-25 19:41:16,480 - easytorch-training - INFO - Evaluate best model on test data for horizon 4, Test MAE: 13.0208, Test RMSE: 22.3506, Test MAPE: 8.4092
2026-01-25 19:41:16,492 - easytorch-training - INFO - Evaluate best model on test data for horizon 5, Test MAE: 13.2995, Test RMSE: 23.0240, Test MAPE: 8.7158
2026-01-25 19:41:16,503 - easytorch-training - INFO - Evaluate best model on test data for horizon 6, Test MAE: 13.5492, Test RMSE: 23.6088, Test MAPE: 8.7710
2026-01-25 19:41:16,517 - easytorch-training - INFO - Evaluate best model on test data for horizon 7, Test MAE: 13.8232, Test RMSE: 24.1629, Test MAPE: 8.9048
2026-01-25 19:41:16,536 - easytorch-training - INFO - Evaluate best model on test data for horizon 8, Test MAE: 14.0392, Test RMSE: 24.6087, Test MAPE: 9.0404
2026-01-25 19:41:16,557 - easytorch-training - INFO - Evaluate best model on test data for horizon 9, Test MAE: 14.2784, Test RMSE: 25.0477, Test MAPE: 9.2461
2026-01-25 19:41:16,577 - easytorch-training - INFO - Evaluate best model on test data for horizon 10, Test MAE: 14.4255, Test RMSE: 25.3760, Test MAPE: 9.3612
2026-01-25 19:41:16,598 - easytorch-training - INFO - Evaluate best model on test data for horizon 11, Test MAE: 14.5926, Test RMSE: 25.6825, Test MAPE: 9.4602
2026-01-25 19:41:16,619 - easytorch-training - INFO - Evaluate best model on test data for horizon 12, Test MAE: 14.7604, Test RMSE: 25.8805, Test MAPE: 9.5321
2026-01-25 19:41:16,641 - easytorch-training - INFO - Result <test>: [test_time: 17.05 (s), test_MAE: 13.5242, test_RMSE: 23.5079, test_MAPE: 8.7988]
2026-01-25 19:41:17,069 - easytorch-training - INFO - Checkpoint checkpoints/STMAFNet_300/21afeca3ffc10cdf4e90589d029b0e70/STMAFNet_172.pt saved
2026-01-25 19:41:17,070 - easytorch-training - INFO - The estimated training finish time is 2026-01-26 01:25:56
2026-01-25 19:41:17,070 - easytorch-training - INFO - Epoch 173 / 300
2026-01-25 19:43:42,264 - easytorch-training - INFO - Result <train>: [train_time: 145.19 (s), lr: 6.25e-05, train_MAE: 12.2235, train_RMSE: 20.7167, train_MAPE: 8.1826]
2026-01-25 19:43:42,266 - easytorch-training - INFO - Start validation.
2026-01-25 19:44:01,672 - easytorch-training - INFO - Result <val>: [val_time: 19.41 (s), val_MAE: 13.4407, val_RMSE: 22.9572, val_MAPE: 10.0890]
2026-01-25 19:44:19,202 - easytorch-training - INFO - Evaluate best model on test data for horizon 1, Test MAE: 11.6179, Test RMSE: 19.2131, Test MAPE: 7.6183
2026-01-25 19:44:19,223 - easytorch-training - INFO - Evaluate best model on test data for horizon 2, Test MAE: 12.1963, Test RMSE: 20.5131, Test MAPE: 8.0832
2026-01-25 19:44:19,241 - easytorch-training - INFO - Evaluate best model on test data for horizon 3, Test MAE: 12.6517, Test RMSE: 21.5096, Test MAPE: 8.2961
2026-01-25 19:44:19,250 - easytorch-training - INFO - Evaluate best model on test data for horizon 4, Test MAE: 12.9863, Test RMSE: 22.3195, Test MAPE: 8.4371
2026-01-25 19:44:19,258 - easytorch-training - INFO - Evaluate best model on test data for horizon 5, Test MAE: 13.2996, Test RMSE: 23.0261, Test MAPE: 8.6266
2026-01-25 19:44:19,277 - easytorch-training - INFO - Evaluate best model on test data for horizon 6, Test MAE: 13.5543, Test RMSE: 23.6444, Test MAPE: 8.8241
2026-01-25 19:44:19,297 - easytorch-training - INFO - Evaluate best model on test data for horizon 7, Test MAE: 13.8250, Test RMSE: 24.1886, Test MAPE: 9.1334
2026-01-25 19:44:19,318 - easytorch-training - INFO - Evaluate best model on test data for horizon 8, Test MAE: 14.0395, Test RMSE: 24.6361, Test MAPE: 9.1680
2026-01-25 19:44:19,334 - easytorch-training - INFO - Evaluate best model on test data for horizon 9, Test MAE: 14.2559, Test RMSE: 25.0709, Test MAPE: 9.2640
2026-01-25 19:44:19,355 - easytorch-training - INFO - Evaluate best model on test data for horizon 10, Test MAE: 14.4276, Test RMSE: 25.3984, Test MAPE: 9.3584
2026-01-25 19:44:19,375 - easytorch-training - INFO - Evaluate best model on test data for horizon 11, Test MAE: 14.6088, Test RMSE: 25.6944, Test MAPE: 9.7216
2026-01-25 19:44:19,393 - easytorch-training - INFO - Evaluate best model on test data for horizon 12, Test MAE: 14.7885, Test RMSE: 25.9556, Test MAPE: 9.8022
2026-01-25 19:44:19,410 - easytorch-training - INFO - Result <test>: [test_time: 17.74 (s), test_MAE: 13.5210, test_RMSE: 23.5223, test_MAPE: 8.8611]
2026-01-25 19:44:19,753 - easytorch-training - INFO - Checkpoint checkpoints/STMAFNet_300/21afeca3ffc10cdf4e90589d029b0e70/STMAFNet_173.pt saved
2026-01-25 19:44:19,754 - easytorch-training - INFO - The estimated training finish time is 2026-01-26 01:26:32
2026-01-25 19:44:19,754 - easytorch-training - INFO - Epoch 174 / 300
2026-01-25 19:46:43,548 - easytorch-training - INFO - Result <train>: [train_time: 143.79 (s), lr: 6.25e-05, train_MAE: 12.2211, train_RMSE: 20.7104, train_MAPE: 8.1882]
2026-01-25 19:46:43,550 - easytorch-training - INFO - Start validation.
2026-01-25 19:47:02,967 - easytorch-training - INFO - Result <val>: [val_time: 19.42 (s), val_MAE: 13.4486, val_RMSE: 22.9752, val_MAPE: 10.1503]
2026-01-25 19:47:21,044 - easytorch-training - INFO - Evaluate best model on test data for horizon 1, Test MAE: 11.6253, Test RMSE: 19.2394, Test MAPE: 7.6151
2026-01-25 19:47:21,064 - easytorch-training - INFO - Evaluate best model on test data for horizon 2, Test MAE: 12.1972, Test RMSE: 20.5619, Test MAPE: 7.9244
2026-01-25 19:47:21,080 - easytorch-training - INFO - Evaluate best model on test data for horizon 3, Test MAE: 12.6576, Test RMSE: 21.6590, Test MAPE: 8.2381
2026-01-25 19:47:21,100 - easytorch-training - INFO - Evaluate best model on test data for horizon 4, Test MAE: 13.0201, Test RMSE: 22.4979, Test MAPE: 8.6014
2026-01-25 19:47:21,116 - easytorch-training - INFO - Evaluate best model on test data for horizon 5, Test MAE: 13.3258, Test RMSE: 23.2040, Test MAPE: 8.8134
2026-01-25 19:47:21,133 - easytorch-training - INFO - Evaluate best model on test data for horizon 6, Test MAE: 13.5670, Test RMSE: 23.7828, Test MAPE: 8.9127
2026-01-25 19:47:21,147 - easytorch-training - INFO - Evaluate best model on test data for horizon 7, Test MAE: 13.8189, Test RMSE: 24.2822, Test MAPE: 9.0146
2026-01-25 19:47:21,168 - easytorch-training - INFO - Evaluate best model on test data for horizon 8, Test MAE: 14.0449, Test RMSE: 24.7550, Test MAPE: 9.0836
2026-01-25 19:47:21,188 - easytorch-training - INFO - Evaluate best model on test data for horizon 9, Test MAE: 14.2639, Test RMSE: 25.1196, Test MAPE: 9.2145
2026-01-25 19:47:21,207 - easytorch-training - INFO - Evaluate best model on test data for horizon 10, Test MAE: 14.4410, Test RMSE: 25.4642, Test MAPE: 9.3182
2026-01-25 19:47:21,216 - easytorch-training - INFO - Evaluate best model on test data for horizon 11, Test MAE: 14.6322, Test RMSE: 25.7627, Test MAPE: 9.5476
2026-01-25 19:47:21,226 - easytorch-training - INFO - Evaluate best model on test data for horizon 12, Test MAE: 14.7765, Test RMSE: 25.9890, Test MAPE: 9.5697
2026-01-25 19:47:21,250 - easytorch-training - INFO - Result <test>: [test_time: 18.28 (s), test_MAE: 13.5309, test_RMSE: 23.6172, test_MAPE: 8.8211]
2026-01-25 19:47:21,681 - easytorch-training - INFO - Checkpoint checkpoints/STMAFNet_300/21afeca3ffc10cdf4e90589d029b0e70/STMAFNet_174.pt saved
2026-01-25 19:47:21,681 - easytorch-training - INFO - The estimated training finish time is 2026-01-26 01:27:07
2026-01-25 19:47:21,681 - easytorch-training - INFO - Epoch 175 / 300
2026-01-25 19:49:45,007 - easytorch-training - INFO - Result <train>: [train_time: 143.33 (s), lr: 6.25e-05, train_MAE: 12.2196, train_RMSE: 20.7148, train_MAPE: 8.1844]
2026-01-25 19:49:45,009 - easytorch-training - INFO - Start validation.
2026-01-25 19:50:04,411 - easytorch-training - INFO - Result <val>: [val_time: 19.40 (s), val_MAE: 13.4323, val_RMSE: 22.9122, val_MAPE: 10.0420]
2026-01-25 19:50:22,466 - easytorch-training - INFO - Evaluate best model on test data for horizon 1, Test MAE: 11.6242, Test RMSE: 19.2265, Test MAPE: 7.5860
2026-01-25 19:50:22,487 - easytorch-training - INFO - Evaluate best model on test data for horizon 2, Test MAE: 12.1894, Test RMSE: 20.4873, Test MAPE: 7.8849
2026-01-25 19:50:22,507 - easytorch-training - INFO - Evaluate best model on test data for horizon 3, Test MAE: 12.6460, Test RMSE: 21.5294, Test MAPE: 8.1522
2026-01-25 19:50:22,528 - easytorch-training - INFO - Evaluate best model on test data for horizon 4, Test MAE: 12.9931, Test RMSE: 22.3251, Test MAPE: 8.3730
2026-01-25 19:50:22,548 - easytorch-training - INFO - Evaluate best model on test data for horizon 5, Test MAE: 13.2851, Test RMSE: 23.0223, Test MAPE: 8.5652
2026-01-25 19:50:22,569 - easytorch-training - INFO - Evaluate best model on test data for horizon 6, Test MAE: 13.5465, Test RMSE: 23.6409, Test MAPE: 8.7535
2026-01-25 19:50:22,590 - easytorch-training - INFO - Evaluate best model on test data for horizon 7, Test MAE: 13.7912, Test RMSE: 24.1335, Test MAPE: 8.8821
2026-01-25 19:50:22,610 - easytorch-training - INFO - Evaluate best model on test data for horizon 8, Test MAE: 14.0188, Test RMSE: 24.5887, Test MAPE: 9.0336
2026-01-25 19:50:22,626 - easytorch-training - INFO - Evaluate best model on test data for horizon 9, Test MAE: 14.2350, Test RMSE: 25.0238, Test MAPE: 9.1755
2026-01-25 19:50:22,646 - easytorch-training - INFO - Evaluate best model on test data for horizon 10, Test MAE: 14.4191, Test RMSE: 25.3335, Test MAPE: 9.3107
2026-01-25 19:50:22,661 - easytorch-training - INFO - Evaluate best model on test data for horizon 11, Test MAE: 14.5925, Test RMSE: 25.6140, Test MAPE: 9.4539
2026-01-25 19:50:22,676 - easytorch-training - INFO - Evaluate best model on test data for horizon 12, Test MAE: 14.7639, Test RMSE: 25.8529, Test MAPE: 9.5576
2026-01-25 19:50:22,700 - easytorch-training - INFO - Result <test>: [test_time: 18.29 (s), test_MAE: 13.5087, test_RMSE: 23.4870, test_MAPE: 8.7273]
2026-01-25 19:50:23,042 - easytorch-training - INFO - Checkpoint checkpoints/STMAFNet_300/21afeca3ffc10cdf4e90589d029b0e70/STMAFNet_175.pt saved
2026-01-25 19:50:23,043 - easytorch-training - INFO - The estimated training finish time is 2026-01-26 01:27:41
2026-01-25 19:50:23,043 - easytorch-training - INFO - Epoch 176 / 300
2026-01-25 19:52:46,214 - easytorch-training - INFO - Result <train>: [train_time: 143.17 (s), lr: 6.25e-05, train_MAE: 12.2090, train_RMSE: 20.6930, train_MAPE: 8.1685]
2026-01-25 19:52:46,215 - easytorch-training - INFO - Start validation.
2026-01-25 19:53:05,650 - easytorch-training - INFO - Result <val>: [val_time: 19.43 (s), val_MAE: 13.4385, val_RMSE: 22.9779, val_MAPE: 10.0108]
2026-01-25 19:53:23,729 - easytorch-training - INFO - Evaluate best model on test data for horizon 1, Test MAE: 11.6282, Test RMSE: 19.2568, Test MAPE: 7.7016
2026-01-25 19:53:23,750 - easytorch-training - INFO - Evaluate best model on test data for horizon 2, Test MAE: 12.2053, Test RMSE: 20.5683, Test MAPE: 8.0130
2026-01-25 19:53:23,771 - easytorch-training - INFO - Evaluate best model on test data for horizon 3, Test MAE: 12.6583, Test RMSE: 21.6024, Test MAPE: 8.3209
2026-01-25 19:53:23,791 - easytorch-training - INFO - Evaluate best model on test data for horizon 4, Test MAE: 13.0026, Test RMSE: 22.4243, Test MAPE: 8.4404
2026-01-25 19:53:23,812 - easytorch-training - INFO - Evaluate best model on test data for horizon 5, Test MAE: 13.3097, Test RMSE: 23.1477, Test MAPE: 8.6319
2026-01-25 19:53:23,832 - easytorch-training - INFO - Evaluate best model on test data for horizon 6, Test MAE: 13.5703, Test RMSE: 23.7809, Test MAPE: 8.7938
2026-01-25 19:53:23,853 - easytorch-training - INFO - Evaluate best model on test data for horizon 7, Test MAE: 13.8140, Test RMSE: 24.3081, Test MAPE: 8.9095
2026-01-25 19:53:23,874 - easytorch-training - INFO - Evaluate best model on test data for horizon 8, Test MAE: 14.0518, Test RMSE: 24.7887, Test MAPE: 9.1340
2026-01-25 19:53:23,894 - easytorch-training - INFO - Evaluate best model on test data for horizon 9, Test MAE: 14.2602, Test RMSE: 25.2013, Test MAPE: 9.2304
2026-01-25 19:53:23,910 - easytorch-training - INFO - Evaluate best model on test data for horizon 10, Test MAE: 14.4325, Test RMSE: 25.5008, Test MAPE: 9.3569
2026-01-25 19:53:23,930 - easytorch-training - INFO - Evaluate best model on test data for horizon 11, Test MAE: 14.6144, Test RMSE: 25.8098, Test MAPE: 9.4627
2026-01-25 19:53:23,944 - easytorch-training - INFO - Evaluate best model on test data for horizon 12, Test MAE: 14.7801, Test RMSE: 26.0190, Test MAPE: 9.6085
2026-01-25 19:53:23,964 - easytorch-training - INFO - Result <test>: [test_time: 18.31 (s), test_MAE: 13.5273, test_RMSE: 23.6266, test_MAPE: 8.8003]
2026-01-25 19:53:24,389 - easytorch-training - INFO - Checkpoint checkpoints/STMAFNet_300/21afeca3ffc10cdf4e90589d029b0e70/STMAFNet_176.pt saved
2026-01-25 19:53:24,390 - easytorch-training - INFO - The estimated training finish time is 2026-01-26 01:28:14
2026-01-25 19:53:24,390 - easytorch-training - INFO - Epoch 177 / 300
2026-01-25 19:55:47,786 - easytorch-training - INFO - Result <train>: [train_time: 143.40 (s), lr: 6.25e-05, train_MAE: 12.2096, train_RMSE: 20.6974, train_MAPE: 8.1793]
2026-01-25 19:55:47,787 - easytorch-training - INFO - Start validation.
2026-01-25 19:56:07,207 - easytorch-training - INFO - Result <val>: [val_time: 19.42 (s), val_MAE: 13.4337, val_RMSE: 22.9383, val_MAPE: 10.0753]
2026-01-25 19:56:25,273 - easytorch-training - INFO - Evaluate best model on test data for horizon 1, Test MAE: 11.6081, Test RMSE: 19.2349, Test MAPE: 7.5571
2026-01-25 19:56:25,282 - easytorch-training - INFO - Evaluate best model on test data for horizon 2, Test MAE: 12.1773, Test RMSE: 20.5153, Test MAPE: 7.9152
2026-01-25 19:56:25,286 - easytorch-training - INFO - Evaluate best model on test data for horizon 3, Test MAE: 12.6463, Test RMSE: 21.5787, Test MAPE: 8.1951
2026-01-25 19:56:25,289 - easytorch-training - INFO - Evaluate best model on test data for horizon 4, Test MAE: 12.9892, Test RMSE: 22.3830, Test MAPE: 8.3524
2026-01-25 19:56:25,308 - easytorch-training - INFO - Evaluate best model on test data for horizon 5, Test MAE: 13.2750, Test RMSE: 23.0563, Test MAPE: 8.5568
2026-01-25 19:56:25,328 - easytorch-training - INFO - Evaluate best model on test data for horizon 6, Test MAE: 13.5387, Test RMSE: 23.6610, Test MAPE: 8.7270
2026-01-25 19:56:25,349 - easytorch-training - INFO - Evaluate best model on test data for horizon 7, Test MAE: 13.7977, Test RMSE: 24.1806, Test MAPE: 8.8845
2026-01-25 19:56:25,370 - easytorch-training - INFO - Evaluate best model on test data for horizon 8, Test MAE: 14.0280, Test RMSE: 24.6762, Test MAPE: 9.0148
2026-01-25 19:56:25,390 - easytorch-training - INFO - Evaluate best model on test data for horizon 9, Test MAE: 14.2431, Test RMSE: 25.0764, Test MAPE: 9.1782
2026-01-25 19:56:25,411 - easytorch-training - INFO - Evaluate best model on test data for horizon 10, Test MAE: 14.4179, Test RMSE: 25.4125, Test MAPE: 9.3335
2026-01-25 19:56:25,431 - easytorch-training - INFO - Evaluate best model on test data for horizon 11, Test MAE: 14.6011, Test RMSE: 25.6971, Test MAPE: 9.5477
2026-01-25 19:56:25,452 - easytorch-training - INFO - Evaluate best model on test data for horizon 12, Test MAE: 14.7690, Test RMSE: 25.9590, Test MAPE: 9.6276
2026-01-25 19:56:25,476 - easytorch-training - INFO - Result <test>: [test_time: 18.27 (s), test_MAE: 13.5076, test_RMSE: 23.5432, test_MAPE: 8.7408]
2026-01-25 19:56:25,821 - easytorch-training - INFO - Checkpoint checkpoints/STMAFNet_300/21afeca3ffc10cdf4e90589d029b0e70/STMAFNet_177.pt saved
2026-01-25 19:56:25,822 - easytorch-training - INFO - The estimated training finish time is 2026-01-26 01:28:47
2026-01-25 19:56:25,822 - easytorch-training - INFO - Epoch 178 / 300
2026-01-25 19:58:49,945 - easytorch-training - INFO - Result <train>: [train_time: 144.12 (s), lr: 6.25e-05, train_MAE: 12.2006, train_RMSE: 20.6848, train_MAPE: 8.1771]
2026-01-25 19:58:49,946 - easytorch-training - INFO - Start validation.
2026-01-25 19:59:08,855 - easytorch-training - INFO - Result <val>: [val_time: 18.91 (s), val_MAE: 13.4168, val_RMSE: 22.9027, val_MAPE: 10.0307]
2026-01-25 19:59:09,435 - easytorch-training - INFO - Checkpoint checkpoints/STMAFNet_300/21afeca3ffc10cdf4e90589d029b0e70/STMAFNet_best_val_MAE.pt saved
2026-01-25 19:59:26,800 - easytorch-training - INFO - Evaluate best model on test data for horizon 1, Test MAE: 11.6114, Test RMSE: 19.2238, Test MAPE: 7.5266
2026-01-25 19:59:26,821 - easytorch-training - INFO - Evaluate best model on test data for horizon 2, Test MAE: 12.1799, Test RMSE: 20.5042, Test MAPE: 7.8915
2026-01-25 19:59:26,842 - easytorch-training - INFO - Evaluate best model on test data for horizon 3, Test MAE: 12.6265, Test RMSE: 21.5508, Test MAPE: 8.1435
2026-01-25 19:59:26,862 - easytorch-training - INFO - Evaluate best model on test data for horizon 4, Test MAE: 12.9918, Test RMSE: 22.4044, Test MAPE: 8.3517
2026-01-25 19:59:26,877 - easytorch-training - INFO - Evaluate best model on test data for horizon 5, Test MAE: 13.2835, Test RMSE: 23.1219, Test MAPE: 8.5412
2026-01-25 19:59:26,891 - easytorch-training - INFO - Evaluate best model on test data for horizon 6, Test MAE: 13.5319, Test RMSE: 23.7212, Test MAPE: 8.7298
2026-01-25 19:59:26,905 - easytorch-training - INFO - Evaluate best model on test data for horizon 7, Test MAE: 13.7785, Test RMSE: 24.2366, Test MAPE: 8.9056
2026-01-25 19:59:26,925 - easytorch-training - INFO - Evaluate best model on test data for horizon 8, Test MAE: 14.0234, Test RMSE: 24.6973, Test MAPE: 9.0397
2026-01-25 19:59:26,946 - easytorch-training - INFO - Evaluate best model on test data for horizon 9, Test MAE: 14.2360, Test RMSE: 25.1147, Test MAPE: 9.1902
2026-01-25 19:59:26,967 - easytorch-training - INFO - Evaluate best model on test data for horizon 10, Test MAE: 14.4131, Test RMSE: 25.4278, Test MAPE: 9.3440
2026-01-25 19:59:26,987 - easytorch-training - INFO - Evaluate best model on test data for horizon 11, Test MAE: 14.5994, Test RMSE: 25.7299, Test MAPE: 9.4756
2026-01-25 19:59:27,001 - easytorch-training - INFO - Evaluate best model on test data for horizon 12, Test MAE: 14.7678, Test RMSE: 25.9722, Test MAPE: 9.6095
2026-01-25 19:59:27,016 - easytorch-training - INFO - Result <test>: [test_time: 17.58 (s), test_MAE: 13.5036, test_RMSE: 23.5672, test_MAPE: 8.7291]
2026-01-25 19:59:27,359 - easytorch-training - INFO - Checkpoint checkpoints/STMAFNet_300/21afeca3ffc10cdf4e90589d029b0e70/STMAFNet_178.pt saved
2026-01-25 19:59:27,360 - easytorch-training - INFO - The estimated training finish time is 2026-01-26 01:29:19
2026-01-25 19:59:27,360 - easytorch-training - INFO - Epoch 179 / 300
2026-01-25 20:01:52,420 - easytorch-training - INFO - Result <train>: [train_time: 145.06 (s), lr: 6.25e-05, train_MAE: 12.1960, train_RMSE: 20.6672, train_MAPE: 8.1748]
2026-01-25 20:01:52,422 - easytorch-training - INFO - Start validation.
2026-01-25 20:02:11,508 - easytorch-training - INFO - Result <val>: [val_time: 19.09 (s), val_MAE: 13.4383, val_RMSE: 22.9350, val_MAPE: 9.9765]
2026-01-25 20:02:28,048 - easytorch-training - INFO - Evaluate best model on test data for horizon 1, Test MAE: 11.6153, Test RMSE: 19.2234, Test MAPE: 7.6764
2026-01-25 20:02:28,067 - easytorch-training - INFO - Evaluate best model on test data for horizon 2, Test MAE: 12.1758, Test RMSE: 20.4930, Test MAPE: 7.8961
2026-01-25 20:02:28,077 - easytorch-training - INFO - Evaluate best model on test data for horizon 3, Test MAE: 12.6263, Test RMSE: 21.5224, Test MAPE: 8.1690
2026-01-25 20:02:28,089 - easytorch-training - INFO - Evaluate best model on test data for horizon 4, Test MAE: 12.9778, Test RMSE: 22.3453, Test MAPE: 8.4017
2026-01-25 20:02:28,110 - easytorch-training - INFO - Evaluate best model on test data for horizon 5, Test MAE: 13.3062, Test RMSE: 23.0906, Test MAPE: 8.6658
2026-01-25 20:02:28,130 - easytorch-training - INFO - Evaluate best model on test data for horizon 6, Test MAE: 13.5458, Test RMSE: 23.6771, Test MAPE: 8.7885
2026-01-25 20:02:28,151 - easytorch-training - INFO - Evaluate best model on test data for horizon 7, Test MAE: 13.8111, Test RMSE: 24.2073, Test MAPE: 8.9531
2026-01-25 20:02:28,172 - easytorch-training - INFO - Evaluate best model on test data for horizon 8, Test MAE: 14.0431, Test RMSE: 24.6761, Test MAPE: 9.0847
2026-01-25 20:02:28,188 - easytorch-training - INFO - Evaluate best model on test data for horizon 9, Test MAE: 14.2658, Test RMSE: 25.0910, Test MAPE: 9.2290
2026-01-25 20:02:28,202 - easytorch-training - INFO - Evaluate best model on test data for horizon 10, Test MAE: 14.4438, Test RMSE: 25.4261, Test MAPE: 9.3776
2026-01-25 20:02:28,216 - easytorch-training - INFO - Evaluate best model on test data for horizon 11, Test MAE: 14.5995, Test RMSE: 25.6834, Test MAPE: 9.5073
2026-01-25 20:02:28,230 - easytorch-training - INFO - Evaluate best model on test data for horizon 12, Test MAE: 14.7670, Test RMSE: 25.9247, Test MAPE: 9.6015
2026-01-25 20:02:28,252 - easytorch-training - INFO - Result <test>: [test_time: 16.74 (s), test_MAE: 13.5148, test_RMSE: 23.5380, test_MAPE: 8.7792]
2026-01-25 20:02:28,595 - easytorch-training - INFO - Checkpoint checkpoints/STMAFNet_300/21afeca3ffc10cdf4e90589d029b0e70/STMAFNet_179.pt saved
2026-01-25 20:02:28,596 - easytorch-training - INFO - The estimated training finish time is 2026-01-26 01:29:51
2026-01-25 20:02:28,596 - easytorch-training - INFO - Epoch 180 / 300
2026-01-25 20:04:53,778 - easytorch-training - INFO - Result <train>: [train_time: 145.18 (s), lr: 6.25e-05, train_MAE: 12.1969, train_RMSE: 20.6737, train_MAPE: 8.1699]
2026-01-25 20:04:53,780 - easytorch-training - INFO - Start validation.
2026-01-25 20:05:12,413 - easytorch-training - INFO - Result <val>: [val_time: 18.63 (s), val_MAE: 13.4528, val_RMSE: 22.9612, val_MAPE: 10.0865]
2026-01-25 20:05:29,949 - easytorch-training - INFO - Evaluate best model on test data for horizon 1, Test MAE: 11.6339, Test RMSE: 19.2480, Test MAPE: 7.7516
2026-01-25 20:05:29,963 - easytorch-training - INFO - Evaluate best model on test data for horizon 2, Test MAE: 12.2098, Test RMSE: 20.5581, Test MAPE: 8.1495
2026-01-25 20:05:29,971 - easytorch-training - INFO - Evaluate best model on test data for horizon 3, Test MAE: 12.6762, Test RMSE: 21.6162, Test MAPE: 8.4543
2026-01-25 20:05:29,988 - easytorch-training - INFO - Evaluate best model on test data for horizon 4, Test MAE: 13.0234, Test RMSE: 22.4262, Test MAPE: 8.7391
2026-01-25 20:05:30,009 - easytorch-training - INFO - Evaluate best model on test data for horizon 5, Test MAE: 13.3246, Test RMSE: 23.1452, Test MAPE: 8.7488
2026-01-25 20:05:30,028 - easytorch-training - INFO - Evaluate best model on test data for horizon 6, Test MAE: 13.5699, Test RMSE: 23.7369, Test MAPE: 8.8448
2026-01-25 20:05:30,045 - easytorch-training - INFO - Evaluate best model on test data for horizon 7, Test MAE: 13.8174, Test RMSE: 24.2579, Test MAPE: 8.9691
2026-01-25 20:05:30,065 - easytorch-training - INFO - Evaluate best model on test data for horizon 8, Test MAE: 14.0364, Test RMSE: 24.7028, Test MAPE: 9.1524
2026-01-25 20:05:30,080 - easytorch-training - INFO - Evaluate best model on test data for horizon 9, Test MAE: 14.2675, Test RMSE: 25.1137, Test MAPE: 9.2371
2026-01-25 20:05:30,096 - easytorch-training - INFO - Evaluate best model on test data for horizon 10, Test MAE: 14.4657, Test RMSE: 25.4492, Test MAPE: 9.3424
2026-01-25 20:05:30,117 - easytorch-training - INFO - Evaluate best model on test data for horizon 11, Test MAE: 14.6352, Test RMSE: 25.7522, Test MAPE: 9.5612
2026-01-25 20:05:30,138 - easytorch-training - INFO - Evaluate best model on test data for horizon 12, Test MAE: 14.8120, Test RMSE: 25.9817, Test MAPE: 9.7832
2026-01-25 20:05:30,161 - easytorch-training - INFO - Result <test>: [test_time: 17.75 (s), test_MAE: 13.5393, test_RMSE: 23.5897, test_MAPE: 8.8945]
2026-01-25 20:05:30,505 - easytorch-training - INFO - Checkpoint checkpoints/STMAFNet_300/21afeca3ffc10cdf4e90589d029b0e70/STMAFNet_180.pt saved
2026-01-25 20:05:30,541 - easytorch-training - INFO - The estimated training finish time is 2026-01-26 01:30:24
2026-01-25 20:05:30,541 - easytorch-training - INFO - Epoch 181 / 300
2026-01-25 20:07:54,813 - easytorch-training - INFO - Result <train>: [train_time: 144.27 (s), lr: 6.25e-05, train_MAE: 12.1872, train_RMSE: 20.6591, train_MAPE: 8.1593]
2026-01-25 20:07:54,815 - easytorch-training - INFO - Start validation.
2026-01-25 20:08:13,562 - easytorch-training - INFO - Result <val>: [val_time: 18.75 (s), val_MAE: 13.4899, val_RMSE: 23.0315, val_MAPE: 10.1877]
2026-01-25 20:08:31,316 - easytorch-training - INFO - Evaluate best model on test data for horizon 1, Test MAE: 11.6477, Test RMSE: 19.2996, Test MAPE: 7.6310
2026-01-25 20:08:31,337 - easytorch-training - INFO - Evaluate best model on test data for horizon 2, Test MAE: 12.2256, Test RMSE: 20.5987, Test MAPE: 7.9514
2026-01-25 20:08:31,357 - easytorch-training - INFO - Evaluate best model on test data for horizon 3, Test MAE: 12.6571, Test RMSE: 21.6037, Test MAPE: 8.2093
2026-01-25 20:08:31,378 - easytorch-training - INFO - Evaluate best model on test data for horizon 4, Test MAE: 13.0225, Test RMSE: 22.4594, Test MAPE: 8.4186
2026-01-25 20:08:31,399 - easytorch-training - INFO - Evaluate best model on test data for horizon 5, Test MAE: 13.3379, Test RMSE: 23.2079, Test MAPE: 8.6543
2026-01-25 20:08:31,419 - easytorch-training - INFO - Evaluate best model on test data for horizon 6, Test MAE: 13.6077, Test RMSE: 23.8599, Test MAPE: 8.8282
2026-01-25 20:08:31,435 - easytorch-training - INFO - Evaluate best model on test data for horizon 7, Test MAE: 13.8953, Test RMSE: 24.4623, Test MAPE: 9.0060
2026-01-25 20:08:31,448 - easytorch-training - INFO - Evaluate best model on test data for horizon 8, Test MAE: 14.1413, Test RMSE: 24.9434, Test MAPE: 9.1623
2026-01-25 20:08:31,465 - easytorch-training - INFO - Evaluate best model on test data for horizon 9, Test MAE: 14.3394, Test RMSE: 25.3222, Test MAPE: 9.2747
2026-01-25 20:08:31,485 - easytorch-training - INFO - Evaluate best model on test data for horizon 10, Test MAE: 14.5287, Test RMSE: 25.6282, Test MAPE: 9.4521
2026-01-25 20:08:31,506 - easytorch-training - INFO - Evaluate best model on test data for horizon 11, Test MAE: 14.7196, Test RMSE: 25.9272, Test MAPE: 9.6445
2026-01-25 20:08:31,525 - easytorch-training - INFO - Evaluate best model on test data for horizon 12, Test MAE: 14.8773, Test RMSE: 26.1793, Test MAPE: 9.7085
2026-01-25 20:08:31,545 - easytorch-training - INFO - Result <test>: [test_time: 17.98 (s), test_MAE: 13.5833, test_RMSE: 23.7206, test_MAPE: 8.8284]
2026-01-25 20:08:31,886 - easytorch-training - INFO - Checkpoint checkpoints/STMAFNet_300/21afeca3ffc10cdf4e90589d029b0e70/STMAFNet_181.pt saved
2026-01-25 20:08:31,887 - easytorch-training - INFO - The estimated training finish time is 2026-01-26 01:30:55
2026-01-25 20:08:31,887 - easytorch-training - INFO - Epoch 182 / 300
2026-01-25 20:10:56,057 - easytorch-training - INFO - Result <train>: [train_time: 144.17 (s), lr: 6.25e-05, train_MAE: 12.1853, train_RMSE: 20.6536, train_MAPE: 8.1654]
2026-01-25 20:10:56,059 - easytorch-training - INFO - Start validation.
2026-01-25 20:11:14,475 - easytorch-training - INFO - Result <val>: [val_time: 18.42 (s), val_MAE: 13.4377, val_RMSE: 22.9360, val_MAPE: 10.1005]
2026-01-25 20:11:32,563 - easytorch-training - INFO - Evaluate best model on test data for horizon 1, Test MAE: 11.6212, Test RMSE: 19.2600, Test MAPE: 7.6075
2026-01-25 20:11:32,581 - easytorch-training - INFO - Evaluate best model on test data for horizon 2, Test MAE: 12.1960, Test RMSE: 20.5372, Test MAPE: 8.0947
2026-01-25 20:11:32,599 - easytorch-training - INFO - Evaluate best model on test data for horizon 3, Test MAE: 12.6534, Test RMSE: 21.5702, Test MAPE: 8.3030
2026-01-25 20:11:32,618 - easytorch-training - INFO - Evaluate best model on test data for horizon 4, Test MAE: 13.0061, Test RMSE: 22.4285, Test MAPE: 8.4538
2026-01-25 20:11:32,632 - easytorch-training - INFO - Evaluate best model on test data for horizon 5, Test MAE: 13.3072, Test RMSE: 23.1416, Test MAPE: 8.7417
2026-01-25 20:11:32,648 - easytorch-training - INFO - Evaluate best model on test data for horizon 6, Test MAE: 13.5695, Test RMSE: 23.7603, Test MAPE: 8.8161
2026-01-25 20:11:32,663 - easytorch-training - INFO - Evaluate best model on test data for horizon 7, Test MAE: 13.8224, Test RMSE: 24.2752, Test MAPE: 9.1169
2026-01-25 20:11:32,678 - easytorch-training - INFO - Evaluate best model on test data for horizon 8, Test MAE: 14.0534, Test RMSE: 24.7674, Test MAPE: 9.0749
2026-01-25 20:11:32,693 - easytorch-training - INFO - Evaluate best model on test data for horizon 9, Test MAE: 14.2799, Test RMSE: 25.1933, Test MAPE: 9.2954
2026-01-25 20:11:32,709 - easytorch-training - INFO - Evaluate best model on test data for horizon 10, Test MAE: 14.4424, Test RMSE: 25.4861, Test MAPE: 9.3891
2026-01-25 20:11:32,730 - easytorch-training - INFO - Evaluate best model on test data for horizon 11, Test MAE: 14.6370, Test RMSE: 25.7963, Test MAPE: 9.6551
2026-01-25 20:11:32,750 - easytorch-training - INFO - Evaluate best model on test data for horizon 12, Test MAE: 14.7958, Test RMSE: 26.0218, Test MAPE: 9.6386
2026-01-25 20:11:32,774 - easytorch-training - INFO - Result <test>: [test_time: 18.30 (s), test_MAE: 13.5320, test_RMSE: 23.6126, test_MAPE: 8.8489]
2026-01-25 20:11:33,116 - easytorch-training - INFO - Checkpoint checkpoints/STMAFNet_300/21afeca3ffc10cdf4e90589d029b0e70/STMAFNet_182.pt saved
2026-01-25 20:11:33,117 - easytorch-training - INFO - The estimated training finish time is 2026-01-26 01:31:26
2026-01-25 20:11:33,117 - easytorch-training - INFO - Epoch 183 / 300
2026-01-25 20:13:57,113 - easytorch-training - INFO - Result <train>: [train_time: 144.00 (s), lr: 6.25e-05, train_MAE: 12.1814, train_RMSE: 20.6517, train_MAPE: 8.1679]
2026-01-25 20:13:57,115 - easytorch-training - INFO - Start validation.
2026-01-25 20:14:15,920 - easytorch-training - INFO - Result <val>: [val_time: 18.80 (s), val_MAE: 13.4413, val_RMSE: 22.9312, val_MAPE: 10.1777]
2026-01-25 20:14:33,583 - easytorch-training - INFO - Evaluate best model on test data for horizon 1, Test MAE: 11.6334, Test RMSE: 19.2492, Test MAPE: 7.8506
2026-01-25 20:14:33,596 - easytorch-training - INFO - Evaluate best model on test data for horizon 2, Test MAE: 12.1953, Test RMSE: 20.5345, Test MAPE: 8.0288
2026-01-25 20:14:33,608 - easytorch-training - INFO - Evaluate best model on test data for horizon 3, Test MAE: 12.6553, Test RMSE: 21.5888, Test MAPE: 8.4792
2026-01-25 20:14:33,629 - easytorch-training - INFO - Evaluate best model on test data for horizon 4, Test MAE: 13.0107, Test RMSE: 22.4090, Test MAPE: 8.4767
2026-01-25 20:14:33,650 - easytorch-training - INFO - Evaluate best model on test data for horizon 5, Test MAE: 13.3114, Test RMSE: 23.1153, Test MAPE: 8.7280
2026-01-25 20:14:33,670 - easytorch-training - INFO - Evaluate best model on test data for horizon 6, Test MAE: 13.5553, Test RMSE: 23.6918, Test MAPE: 8.9016
2026-01-25 20:14:33,688 - easytorch-training - INFO - Evaluate best model on test data for horizon 7, Test MAE: 13.8208, Test RMSE: 24.2278, Test MAPE: 9.1903
2026-01-25 20:14:33,703 - easytorch-training - INFO - Evaluate best model on test data for horizon 8, Test MAE: 14.0342, Test RMSE: 24.6694, Test MAPE: 9.2801
2026-01-25 20:14:33,716 - easytorch-training - INFO - Evaluate best model on test data for horizon 9, Test MAE: 14.2413, Test RMSE: 25.1004, Test MAPE: 9.3844
2026-01-25 20:14:33,731 - easytorch-training - INFO - Evaluate best model on test data for horizon 10, Test MAE: 14.4087, Test RMSE: 25.4181, Test MAPE: 9.4912
2026-01-25 20:14:33,751 - easytorch-training - INFO - Evaluate best model on test data for horizon 11, Test MAE: 14.5799, Test RMSE: 25.7150, Test MAPE: 9.6667
2026-01-25 20:14:33,772 - easytorch-training - INFO - Evaluate best model on test data for horizon 12, Test MAE: 14.7538, Test RMSE: 25.9540, Test MAPE: 9.6101
2026-01-25 20:14:33,796 - easytorch-training - INFO - Result <test>: [test_time: 17.87 (s), test_MAE: 13.5167, test_RMSE: 23.5630, test_MAPE: 8.9240]
2026-01-25 20:14:34,140 - easytorch-training - INFO - Checkpoint checkpoints/STMAFNet_300/21afeca3ffc10cdf4e90589d029b0e70/STMAFNet_183.pt saved
2026-01-25 20:14:34,140 - easytorch-training - INFO - The estimated training finish time is 2026-01-26 01:31:56
2026-01-25 20:14:34,141 - easytorch-training - INFO - Epoch 184 / 300
2026-01-25 20:16:58,941 - easytorch-training - INFO - Result <train>: [train_time: 144.80 (s), lr: 6.25e-05, train_MAE: 12.1751, train_RMSE: 20.6432, train_MAPE: 8.1581]
2026-01-25 20:16:58,943 - easytorch-training - INFO - Start validation.
2026-01-25 20:17:17,735 - easytorch-training - INFO - Result <val>: [val_time: 18.79 (s), val_MAE: 13.4666, val_RMSE: 22.9923, val_MAPE: 9.9992]
2026-01-25 20:17:35,286 - easytorch-training - INFO - Evaluate best model on test data for horizon 1, Test MAE: 11.6316, Test RMSE: 19.2799, Test MAPE: 7.6003
2026-01-25 20:17:35,307 - easytorch-training - INFO - Evaluate best model on test data for horizon 2, Test MAE: 12.2202, Test RMSE: 20.6070, Test MAPE: 7.8699
2026-01-25 20:17:35,323 - easytorch-training - INFO - Evaluate best model on test data for horizon 3, Test MAE: 12.6827, Test RMSE: 21.6881, Test MAPE: 8.1334
2026-01-25 20:17:35,338 - easytorch-training - INFO - Evaluate best model on test data for horizon 4, Test MAE: 13.0528, Test RMSE: 22.5161, Test MAPE: 8.3491
2026-01-25 20:17:35,355 - easytorch-training - INFO - Evaluate best model on test data for horizon 5, Test MAE: 13.3499, Test RMSE: 23.2363, Test MAPE: 8.5803
2026-01-25 20:17:35,368 - easytorch-training - INFO - Evaluate best model on test data for horizon 6, Test MAE: 13.6095, Test RMSE: 23.8423, Test MAPE: 8.7607
2026-01-25 20:17:35,376 - easytorch-training - INFO - Evaluate best model on test data for horizon 7, Test MAE: 13.8536, Test RMSE: 24.3520, Test MAPE: 8.8761
2026-01-25 20:17:35,394 - easytorch-training - INFO - Evaluate best model on test data for horizon 8, Test MAE: 14.0750, Test RMSE: 24.8052, Test MAPE: 9.0387
2026-01-25 20:17:35,415 - easytorch-training - INFO - Evaluate best model on test data for horizon 9, Test MAE: 14.2796, Test RMSE: 25.2033, Test MAPE: 9.1816
2026-01-25 20:17:35,436 - easytorch-training - INFO - Evaluate best model on test data for horizon 10, Test MAE: 14.4581, Test RMSE: 25.5437, Test MAPE: 9.3721
2026-01-25 20:17:35,456 - easytorch-training - INFO - Evaluate best model on test data for horizon 11, Test MAE: 14.6170, Test RMSE: 25.8121, Test MAPE: 9.4395
2026-01-25 20:17:35,477 - easytorch-training - INFO - Evaluate best model on test data for horizon 12, Test MAE: 14.7908, Test RMSE: 26.0276, Test MAPE: 9.5636
2026-01-25 20:17:35,501 - easytorch-training - INFO - Result <test>: [test_time: 17.76 (s), test_MAE: 13.5517, test_RMSE: 23.6675, test_MAPE: 8.7304]
2026-01-25 20:17:35,846 - easytorch-training - INFO - Checkpoint checkpoints/STMAFNet_300/21afeca3ffc10cdf4e90589d029b0e70/STMAFNet_184.pt saved
2026-01-25 20:17:35,847 - easytorch-training - INFO - The estimated training finish time is 2026-01-26 01:32:27
2026-01-25 20:17:35,847 - easytorch-training - INFO - Epoch 185 / 300
2026-01-25 20:20:01,182 - easytorch-training - INFO - Result <train>: [train_time: 145.33 (s), lr: 6.25e-05, train_MAE: 12.1696, train_RMSE: 20.6212, train_MAPE: 8.1587]
2026-01-25 20:20:01,184 - easytorch-training - INFO - Start validation.
2026-01-25 20:20:20,089 - easytorch-training - INFO - Result <val>: [val_time: 18.90 (s), val_MAE: 13.4393, val_RMSE: 22.9439, val_MAPE: 10.0395]
2026-01-25 20:20:37,063 - easytorch-training - INFO - Evaluate best model on test data for horizon 1, Test MAE: 11.6323, Test RMSE: 19.2704, Test MAPE: 7.6785
2026-01-25 20:20:37,080 - easytorch-training - INFO - Evaluate best model on test data for horizon 2, Test MAE: 12.2068, Test RMSE: 20.5473, Test MAPE: 7.9274
2026-01-25 20:20:37,095 - easytorch-training - INFO - Evaluate best model on test data for horizon 3, Test MAE: 12.6555, Test RMSE: 21.5926, Test MAPE: 8.2848
2026-01-25 20:20:37,106 - easytorch-training - INFO - Evaluate best model on test data for horizon 4, Test MAE: 13.0015, Test RMSE: 22.4024, Test MAPE: 8.4199
2026-01-25 20:20:37,120 - easytorch-training - INFO - Evaluate best model on test data for horizon 5, Test MAE: 13.3033, Test RMSE: 23.1142, Test MAPE: 8.6386
2026-01-25 20:20:37,141 - easytorch-training - INFO - Evaluate best model on test data for horizon 6, Test MAE: 13.5469, Test RMSE: 23.6982, Test MAPE: 8.7489
2026-01-25 20:20:37,162 - easytorch-training - INFO - Evaluate best model on test data for horizon 7, Test MAE: 13.8003, Test RMSE: 24.1720, Test MAPE: 8.9462
2026-01-25 20:20:37,183 - easytorch-training - INFO - Evaluate best model on test data for horizon 8, Test MAE: 14.0331, Test RMSE: 24.6463, Test MAPE: 9.0811
2026-01-25 20:20:37,197 - easytorch-training - INFO - Evaluate best model on test data for horizon 9, Test MAE: 14.2521, Test RMSE: 25.0423, Test MAPE: 9.1877
2026-01-25 20:20:37,212 - easytorch-training - INFO - Evaluate best model on test data for horizon 10, Test MAE: 14.4452, Test RMSE: 25.3958, Test MAPE: 9.3439
2026-01-25 20:20:37,227 - easytorch-training - INFO - Evaluate best model on test data for horizon 11, Test MAE: 14.5981, Test RMSE: 25.6829, Test MAPE: 9.4606
2026-01-25 20:20:37,241 - easytorch-training - INFO - Evaluate best model on test data for horizon 12, Test MAE: 14.7695, Test RMSE: 25.9179, Test MAPE: 9.5906
2026-01-25 20:20:37,265 - easytorch-training - INFO - Result <test>: [test_time: 17.17 (s), test_MAE: 13.5204, test_RMSE: 23.5454, test_MAPE: 8.7757]
2026-01-25 20:20:37,690 - easytorch-training - INFO - Checkpoint checkpoints/STMAFNet_300/21afeca3ffc10cdf4e90589d029b0e70/STMAFNet_185.pt saved
2026-01-25 20:20:37,691 - easytorch-training - INFO - The estimated training finish time is 2026-01-26 01:32:58
2026-01-25 20:20:37,691 - easytorch-training - INFO - Epoch 186 / 300
2026-01-25 20:23:03,148 - easytorch-training - INFO - Result <train>: [train_time: 145.46 (s), lr: 6.25e-05, train_MAE: 12.1689, train_RMSE: 20.6201, train_MAPE: 8.1525]
2026-01-25 20:23:03,150 - easytorch-training - INFO - Start validation.
2026-01-25 20:23:22,414 - easytorch-training - INFO - Result <val>: [val_time: 19.26 (s), val_MAE: 13.4380, val_RMSE: 22.9645, val_MAPE: 10.1163]
2026-01-25 20:23:39,777 - easytorch-training - INFO - Evaluate best model on test data for horizon 1, Test MAE: 11.6348, Test RMSE: 19.2628, Test MAPE: 7.5767
2026-01-25 20:23:39,795 - easytorch-training - INFO - Evaluate best model on test data for horizon 2, Test MAE: 12.2176, Test RMSE: 20.5408, Test MAPE: 7.9393
2026-01-25 20:23:39,810 - easytorch-training - INFO - Evaluate best model on test data for horizon 3, Test MAE: 12.6433, Test RMSE: 21.5972, Test MAPE: 8.1438
2026-01-25 20:23:39,826 - easytorch-training - INFO - Evaluate best model on test data for horizon 4, Test MAE: 13.0038, Test RMSE: 22.3751, Test MAPE: 8.3995
2026-01-25 20:23:39,846 - easytorch-training - INFO - Evaluate best model on test data for horizon 5, Test MAE: 13.2999, Test RMSE: 23.0770, Test MAPE: 8.5912
2026-01-25 20:23:39,863 - easytorch-training - INFO - Evaluate best model on test data for horizon 6, Test MAE: 13.5401, Test RMSE: 23.6413, Test MAPE: 8.7314
2026-01-25 20:23:39,878 - easytorch-training - INFO - Evaluate best model on test data for horizon 7, Test MAE: 13.7868, Test RMSE: 24.1204, Test MAPE: 8.8781
2026-01-25 20:23:39,892 - easytorch-training - INFO - Evaluate best model on test data for horizon 8, Test MAE: 14.0123, Test RMSE: 24.5828, Test MAPE: 9.0272
2026-01-25 20:23:39,911 - easytorch-training - INFO - Evaluate best model on test data for horizon 9, Test MAE: 14.2288, Test RMSE: 24.9720, Test MAPE: 9.1829
2026-01-25 20:23:39,931 - easytorch-training - INFO - Evaluate best model on test data for horizon 10, Test MAE: 14.3885, Test RMSE: 25.3044, Test MAPE: 9.3924
2026-01-25 20:23:39,948 - easytorch-training - INFO - Evaluate best model on test data for horizon 11, Test MAE: 14.5597, Test RMSE: 25.6194, Test MAPE: 9.4788
2026-01-25 20:23:39,958 - easytorch-training - INFO - Evaluate best model on test data for horizon 12, Test MAE: 14.7468, Test RMSE: 25.8719, Test MAPE: 9.5953
2026-01-25 20:23:39,973 - easytorch-training - INFO - Result <test>: [test_time: 17.56 (s), test_MAE: 13.5052, test_RMSE: 23.5004, test_MAPE: 8.7447]
2026-01-25 20:23:40,321 - easytorch-training - INFO - Checkpoint checkpoints/STMAFNet_300/21afeca3ffc10cdf4e90589d029b0e70/STMAFNet_186.pt saved
2026-01-25 20:23:40,322 - easytorch-training - INFO - The estimated training finish time is 2026-01-26 01:33:30
2026-01-25 20:23:40,322 - easytorch-training - INFO - Epoch 187 / 300
2026-01-25 20:26:04,638 - easytorch-training - INFO - Result <train>: [train_time: 144.32 (s), lr: 6.25e-05, train_MAE: 12.1573, train_RMSE: 20.6136, train_MAPE: 8.1574]
2026-01-25 20:26:04,640 - easytorch-training - INFO - Start validation.
2026-01-25 20:26:24,060 - easytorch-training - INFO - Result <val>: [val_time: 19.42 (s), val_MAE: 13.4481, val_RMSE: 22.9536, val_MAPE: 10.0940]
2026-01-25 20:26:42,132 - easytorch-training - INFO - Evaluate best model on test data for horizon 1, Test MAE: 11.6215, Test RMSE: 19.2409, Test MAPE: 7.5766
2026-01-25 20:26:42,152 - easytorch-training - INFO - Evaluate best model on test data for horizon 2, Test MAE: 12.2028, Test RMSE: 20.5641, Test MAPE: 7.9145
2026-01-25 20:26:42,173 - easytorch-training - INFO - Evaluate best model on test data for horizon 3, Test MAE: 12.6583, Test RMSE: 21.6131, Test MAPE: 8.1808
2026-01-25 20:26:42,193 - easytorch-training - INFO - Evaluate best model on test data for horizon 4, Test MAE: 13.0049, Test RMSE: 22.4004, Test MAPE: 8.4122
2026-01-25 20:26:42,209 - easytorch-training - INFO - Evaluate best model on test data for horizon 5, Test MAE: 13.3209, Test RMSE: 23.1059, Test MAPE: 8.6495
2026-01-25 20:26:42,230 - easytorch-training - INFO - Evaluate best model on test data for horizon 6, Test MAE: 13.5705, Test RMSE: 23.7043, Test MAPE: 8.8005
2026-01-25 20:26:42,251 - easytorch-training - INFO - Evaluate best model on test data for horizon 7, Test MAE: 13.8072, Test RMSE: 24.2222, Test MAPE: 8.9387
2026-01-25 20:26:42,266 - easytorch-training - INFO - Evaluate best model on test data for horizon 8, Test MAE: 14.0575, Test RMSE: 24.7095, Test MAPE: 9.0881
2026-01-25 20:26:42,281 - easytorch-training - INFO - Evaluate best model on test data for horizon 9, Test MAE: 14.2608, Test RMSE: 25.0837, Test MAPE: 9.2322
2026-01-25 20:26:42,302 - easytorch-training - INFO - Evaluate best model on test data for horizon 10, Test MAE: 14.4339, Test RMSE: 25.3990, Test MAPE: 9.3690
2026-01-25 20:26:42,323 - easytorch-training - INFO - Evaluate best model on test data for horizon 11, Test MAE: 14.6142, Test RMSE: 25.7066, Test MAPE: 9.5279
2026-01-25 20:26:42,339 - easytorch-training - INFO - Evaluate best model on test data for horizon 12, Test MAE: 14.7979, Test RMSE: 25.9664, Test MAPE: 9.6788
2026-01-25 20:26:42,357 - easytorch-training - INFO - Result <test>: [test_time: 18.29 (s), test_MAE: 13.5292, test_RMSE: 23.5663, test_MAPE: 8.7807]
2026-01-25 20:26:42,786 - easytorch-training - INFO - Checkpoint checkpoints/STMAFNet_300/21afeca3ffc10cdf4e90589d029b0e70/STMAFNet_187.pt saved
2026-01-25 20:26:42,787 - easytorch-training - INFO - The estimated training finish time is 2026-01-26 01:34:01
2026-01-25 20:26:42,787 - easytorch-training - INFO - Epoch 188 / 300
2026-01-25 20:29:06,060 - easytorch-training - INFO - Result <train>: [train_time: 143.27 (s), lr: 6.25e-05, train_MAE: 12.1584, train_RMSE: 20.6101, train_MAPE: 8.1529]
2026-01-25 20:29:06,062 - easytorch-training - INFO - Start validation.
2026-01-25 20:29:25,458 - easytorch-training - INFO - Result <val>: [val_time: 19.40 (s), val_MAE: 13.4437, val_RMSE: 22.9477, val_MAPE: 10.0354]
2026-01-25 20:29:43,510 - easytorch-training - INFO - Evaluate best model on test data for horizon 1, Test MAE: 11.6329, Test RMSE: 19.2547, Test MAPE: 7.6646
2026-01-25 20:29:43,524 - easytorch-training - INFO - Evaluate best model on test data for horizon 2, Test MAE: 12.1978, Test RMSE: 20.5227, Test MAPE: 8.0633
2026-01-25 20:29:43,545 - easytorch-training - INFO - Evaluate best model on test data for horizon 3, Test MAE: 12.6494, Test RMSE: 21.5803, Test MAPE: 8.3197
2026-01-25 20:29:43,566 - easytorch-training - INFO - Evaluate best model on test data for horizon 4, Test MAE: 13.0074, Test RMSE: 22.4100, Test MAPE: 8.4645
2026-01-25 20:29:43,580 - easytorch-training - INFO - Evaluate best model on test data for horizon 5, Test MAE: 13.3028, Test RMSE: 23.0978, Test MAPE: 8.6352
2026-01-25 20:29:43,590 - easytorch-training - INFO - Evaluate best model on test data for horizon 6, Test MAE: 13.5501, Test RMSE: 23.6521, Test MAPE: 8.9600
2026-01-25 20:29:43,608 - easytorch-training - INFO - Evaluate best model on test data for horizon 7, Test MAE: 13.8067, Test RMSE: 24.1894, Test MAPE: 8.9579
2026-01-25 20:29:43,629 - easytorch-training - INFO - Evaluate best model on test data for horizon 8, Test MAE: 14.0393, Test RMSE: 24.6725, Test MAPE: 9.1242
2026-01-25 20:29:43,650 - easytorch-training - INFO - Evaluate best model on test data for horizon 9, Test MAE: 14.2626, Test RMSE: 25.1103, Test MAPE: 9.2297
2026-01-25 20:29:43,670 - easytorch-training - INFO - Evaluate best model on test data for horizon 10, Test MAE: 14.4403, Test RMSE: 25.4535, Test MAPE: 9.3479
2026-01-25 20:29:43,691 - easytorch-training - INFO - Evaluate best model on test data for horizon 11, Test MAE: 14.6372, Test RMSE: 25.7629, Test MAPE: 9.4807
2026-01-25 20:29:43,706 - easytorch-training - INFO - Evaluate best model on test data for horizon 12, Test MAE: 14.7841, Test RMSE: 25.9840, Test MAPE: 9.6192
2026-01-25 20:29:43,726 - easytorch-training - INFO - Result <test>: [test_time: 18.27 (s), test_MAE: 13.5259, test_RMSE: 23.5654, test_MAPE: 8.8222]
2026-01-25 20:29:44,069 - easytorch-training - INFO - Checkpoint checkpoints/STMAFNet_300/21afeca3ffc10cdf4e90589d029b0e70/STMAFNet_188.pt saved
2026-01-25 20:29:44,070 - easytorch-training - INFO - The estimated training finish time is 2026-01-26 01:34:30
2026-01-25 20:29:44,070 - easytorch-training - INFO - Epoch 189 / 300
2026-01-25 20:32:07,385 - easytorch-training - INFO - Result <train>: [train_time: 143.31 (s), lr: 6.25e-05, train_MAE: 12.1546, train_RMSE: 20.6015, train_MAPE: 8.1406]
2026-01-25 20:32:07,387 - easytorch-training - INFO - Start validation.
2026-01-25 20:32:26,789 - easytorch-training - INFO - Result <val>: [val_time: 19.40 (s), val_MAE: 13.4519, val_RMSE: 22.9835, val_MAPE: 10.2135]
2026-01-25 20:32:44,870 - easytorch-training - INFO - Evaluate best model on test data for horizon 1, Test MAE: 11.6381, Test RMSE: 19.2661, Test MAPE: 7.7988
2026-01-25 20:32:44,890 - easytorch-training - INFO - Evaluate best model on test data for horizon 2, Test MAE: 12.2083, Test RMSE: 20.5778, Test MAPE: 8.0309
2026-01-25 20:32:44,911 - easytorch-training - INFO - Evaluate best model on test data for horizon 3, Test MAE: 12.6482, Test RMSE: 21.5986, Test MAPE: 8.2524
2026-01-25 20:32:44,932 - easytorch-training - INFO - Evaluate best model on test data for horizon 4, Test MAE: 13.0102, Test RMSE: 22.4083, Test MAPE: 8.4491
2026-01-25 20:32:44,952 - easytorch-training - INFO - Evaluate best model on test data for horizon 5, Test MAE: 13.3141, Test RMSE: 23.1096, Test MAPE: 8.6443
2026-01-25 20:32:44,968 - easytorch-training - INFO - Evaluate best model on test data for horizon 6, Test MAE: 13.5739, Test RMSE: 23.7100, Test MAPE: 8.9803
2026-01-25 20:32:44,979 - easytorch-training - INFO - Evaluate best model on test data for horizon 7, Test MAE: 13.8423, Test RMSE: 24.2472, Test MAPE: 9.0412
2026-01-25 20:32:44,998 - easytorch-training - INFO - Evaluate best model on test data for horizon 8, Test MAE: 14.0785, Test RMSE: 24.7197, Test MAPE: 9.2271
2026-01-25 20:32:45,018 - easytorch-training - INFO - Evaluate best model on test data for horizon 9, Test MAE: 14.3079, Test RMSE: 25.1489, Test MAPE: 9.2564
2026-01-25 20:32:45,039 - easytorch-training - INFO - Evaluate best model on test data for horizon 10, Test MAE: 14.4889, Test RMSE: 25.4735, Test MAPE: 9.4310
2026-01-25 20:32:45,059 - easytorch-training - INFO - Evaluate best model on test data for horizon 11, Test MAE: 14.6463, Test RMSE: 25.7557, Test MAPE: 9.5995
2026-01-25 20:32:45,080 - easytorch-training - INFO - Evaluate best model on test data for horizon 12, Test MAE: 14.8293, Test RMSE: 26.0009, Test MAPE: 9.6489
2026-01-25 20:32:45,098 - easytorch-training - INFO - Result <test>: [test_time: 18.31 (s), test_MAE: 13.5488, test_RMSE: 23.5924, test_MAPE: 8.8633]
2026-01-25 20:32:45,440 - easytorch-training - INFO - Checkpoint checkpoints/STMAFNet_300/21afeca3ffc10cdf4e90589d029b0e70/STMAFNet_189.pt saved
2026-01-25 20:32:45,441 - easytorch-training - INFO - The estimated training finish time is 2026-01-26 01:34:58
2026-01-25 20:32:45,441 - easytorch-training - INFO - Epoch 190 / 300
2026-01-25 20:35:08,818 - easytorch-training - INFO - Result <train>: [train_time: 143.38 (s), lr: 6.25e-05, train_MAE: 12.1504, train_RMSE: 20.6034, train_MAPE: 8.1440]
2026-01-25 20:35:08,819 - easytorch-training - INFO - Start validation.
2026-01-25 20:35:28,236 - easytorch-training - INFO - Result <val>: [val_time: 19.42 (s), val_MAE: 13.4635, val_RMSE: 22.9926, val_MAPE: 10.1376]
2026-01-25 20:35:45,653 - easytorch-training - INFO - Evaluate best model on test data for horizon 1, Test MAE: 11.6351, Test RMSE: 19.2879, Test MAPE: 7.6610
2026-01-25 20:35:45,667 - easytorch-training - INFO - Evaluate best model on test data for horizon 2, Test MAE: 12.2189, Test RMSE: 20.5882, Test MAPE: 7.9392
2026-01-25 20:35:45,683 - easytorch-training - INFO - Evaluate best model on test data for horizon 3, Test MAE: 12.6837, Test RMSE: 21.6654, Test MAPE: 8.1721
2026-01-25 20:35:45,704 - easytorch-training - INFO - Evaluate best model on test data for horizon 4, Test MAE: 13.0353, Test RMSE: 22.4577, Test MAPE: 8.4848
2026-01-25 20:35:45,725 - easytorch-training - INFO - Evaluate best model on test data for horizon 5, Test MAE: 13.3452, Test RMSE: 23.1248, Test MAPE: 8.7248
2026-01-25 20:35:45,745 - easytorch-training - INFO - Evaluate best model on test data for horizon 6, Test MAE: 13.5707, Test RMSE: 23.6890, Test MAPE: 8.8600
2026-01-25 20:35:45,766 - easytorch-training - INFO - Evaluate best model on test data for horizon 7, Test MAE: 13.8197, Test RMSE: 24.2126, Test MAPE: 8.9805
2026-01-25 20:35:45,785 - easytorch-training - INFO - Evaluate best model on test data for horizon 8, Test MAE: 14.0745, Test RMSE: 24.6785, Test MAPE: 9.1329
2026-01-25 20:35:45,796 - easytorch-training - INFO - Evaluate best model on test data for horizon 9, Test MAE: 14.2944, Test RMSE: 25.1112, Test MAPE: 9.2322
2026-01-25 20:35:45,808 - easytorch-training - INFO - Evaluate best model on test data for horizon 10, Test MAE: 14.4648, Test RMSE: 25.4442, Test MAPE: 9.3954
2026-01-25 20:35:45,829 - easytorch-training - INFO - Evaluate best model on test data for horizon 11, Test MAE: 14.6514, Test RMSE: 25.7627, Test MAPE: 9.5111
2026-01-25 20:35:45,844 - easytorch-training - INFO - Evaluate best model on test data for horizon 12, Test MAE: 14.8121, Test RMSE: 25.9873, Test MAPE: 9.6628
2026-01-25 20:35:45,868 - easytorch-training - INFO - Result <test>: [test_time: 17.63 (s), test_MAE: 13.5505, test_RMSE: 23.5900, test_MAPE: 8.8131]
2026-01-25 20:35:46,211 - easytorch-training - INFO - Checkpoint checkpoints/STMAFNet_300/21afeca3ffc10cdf4e90589d029b0e70/STMAFNet_190.pt saved
2026-01-25 20:35:46,245 - easytorch-training - INFO - The estimated training finish time is 2026-01-26 01:35:26
2026-01-25 20:35:46,245 - easytorch-training - INFO - Epoch 191 / 300
2026-01-25 20:38:10,597 - easytorch-training - INFO - Result <train>: [train_time: 144.35 (s), lr: 6.25e-05, train_MAE: 12.1436, train_RMSE: 20.5779, train_MAPE: 8.1394]
2026-01-25 20:38:10,599 - easytorch-training - INFO - Start validation.
2026-01-25 20:38:29,263 - easytorch-training - INFO - Result <val>: [val_time: 18.66 (s), val_MAE: 13.4569, val_RMSE: 22.9936, val_MAPE: 10.0567]
2026-01-25 20:38:46,643 - easytorch-training - INFO - Evaluate best model on test data for horizon 1, Test MAE: 11.6278, Test RMSE: 19.2616, Test MAPE: 7.5399
2026-01-25 20:38:46,657 - easytorch-training - INFO - Evaluate best model on test data for horizon 2, Test MAE: 12.2100, Test RMSE: 20.5674, Test MAPE: 7.9042
2026-01-25 20:38:46,678 - easytorch-training - INFO - Evaluate best model on test data for horizon 3, Test MAE: 12.6578, Test RMSE: 21.6226, Test MAPE: 8.1635
2026-01-25 20:38:46,698 - easytorch-training - INFO - Evaluate best model on test data for horizon 4, Test MAE: 13.0259, Test RMSE: 22.4474, Test MAPE: 8.4383
2026-01-25 20:38:46,719 - easytorch-training - INFO - Evaluate best model on test data for horizon 5, Test MAE: 13.3137, Test RMSE: 23.1516, Test MAPE: 8.5929
2026-01-25 20:38:46,740 - easytorch-training - INFO - Evaluate best model on test data for horizon 6, Test MAE: 13.5827, Test RMSE: 23.7743, Test MAPE: 8.7485
2026-01-25 20:38:46,759 - easytorch-training - INFO - Evaluate best model on test data for horizon 7, Test MAE: 13.8369, Test RMSE: 24.2932, Test MAPE: 8.9393
2026-01-25 20:38:46,767 - easytorch-training - INFO - Evaluate best model on test data for horizon 8, Test MAE: 14.0863, Test RMSE: 24.7913, Test MAPE: 9.0720
2026-01-25 20:38:46,777 - easytorch-training - INFO - Evaluate best model on test data for horizon 9, Test MAE: 14.2851, Test RMSE: 25.2005, Test MAPE: 9.2368
2026-01-25 20:38:46,798 - easytorch-training - INFO - Evaluate best model on test data for horizon 10, Test MAE: 14.4689, Test RMSE: 25.5277, Test MAPE: 9.3705
2026-01-25 20:38:46,817 - easytorch-training - INFO - Evaluate best model on test data for horizon 11, Test MAE: 14.6287, Test RMSE: 25.7985, Test MAPE: 9.5225
2026-01-25 20:38:46,834 - easytorch-training - INFO - Evaluate best model on test data for horizon 12, Test MAE: 14.8230, Test RMSE: 26.0476, Test MAPE: 9.6209
2026-01-25 20:38:46,858 - easytorch-training - INFO - Result <test>: [test_time: 17.59 (s), test_MAE: 13.5456, test_RMSE: 23.6329, test_MAPE: 8.7624]
2026-01-25 20:38:47,290 - easytorch-training - INFO - Checkpoint checkpoints/STMAFNet_300/21afeca3ffc10cdf4e90589d029b0e70/STMAFNet_191.pt saved
2026-01-25 20:38:47,291 - easytorch-training - INFO - The estimated training finish time is 2026-01-26 01:35:53
2026-01-25 20:38:47,291 - easytorch-training - INFO - Epoch 192 / 300
2026-01-25 20:41:12,570 - easytorch-training - INFO - Result <train>: [train_time: 145.28 (s), lr: 6.25e-05, train_MAE: 12.1386, train_RMSE: 20.5739, train_MAPE: 8.1427]
2026-01-25 20:41:12,572 - easytorch-training - INFO - Start validation.
2026-01-25 20:41:30,590 - easytorch-training - INFO - Result <val>: [val_time: 18.02 (s), val_MAE: 13.4568, val_RMSE: 23.0052, val_MAPE: 9.9701]
2026-01-25 20:41:47,612 - easytorch-training - INFO - Evaluate best model on test data for horizon 1, Test MAE: 11.6265, Test RMSE: 19.2964, Test MAPE: 7.5724
2026-01-25 20:41:47,623 - easytorch-training - INFO - Evaluate best model on test data for horizon 2, Test MAE: 12.2109, Test RMSE: 20.5854, Test MAPE: 7.9445
2026-01-25 20:41:47,643 - easytorch-training - INFO - Evaluate best model on test data for horizon 3, Test MAE: 12.6555, Test RMSE: 21.6306, Test MAPE: 8.2009
2026-01-25 20:41:47,664 - easytorch-training - INFO - Evaluate best model on test data for horizon 4, Test MAE: 13.0264, Test RMSE: 22.4684, Test MAPE: 8.3863
2026-01-25 20:41:47,678 - easytorch-training - INFO - Evaluate best model on test data for horizon 5, Test MAE: 13.3308, Test RMSE: 23.1992, Test MAPE: 8.6358
2026-01-25 20:41:47,693 - easytorch-training - INFO - Evaluate best model on test data for horizon 6, Test MAE: 13.5887, Test RMSE: 23.8056, Test MAPE: 8.7557
2026-01-25 20:41:47,714 - easytorch-training - INFO - Evaluate best model on test data for horizon 7, Test MAE: 13.8360, Test RMSE: 24.3337, Test MAPE: 8.8987
2026-01-25 20:41:47,734 - easytorch-training - INFO - Evaluate best model on test data for horizon 8, Test MAE: 14.0809, Test RMSE: 24.8197, Test MAPE: 9.1098
2026-01-25 20:41:47,750 - easytorch-training - INFO - Evaluate best model on test data for horizon 9, Test MAE: 14.2772, Test RMSE: 25.2183, Test MAPE: 9.3234
2026-01-25 20:41:47,759 - easytorch-training - INFO - Evaluate best model on test data for horizon 10, Test MAE: 14.4697, Test RMSE: 25.5849, Test MAPE: 9.4182
2026-01-25 20:41:47,772 - easytorch-training - INFO - Evaluate best model on test data for horizon 11, Test MAE: 14.6366, Test RMSE: 25.8609, Test MAPE: 9.5133
2026-01-25 20:41:47,792 - easytorch-training - INFO - Evaluate best model on test data for horizon 12, Test MAE: 14.7929, Test RMSE: 26.0824, Test MAPE: 9.5998
2026-01-25 20:41:47,816 - easytorch-training - INFO - Result <test>: [test_time: 17.22 (s), test_MAE: 13.5443, test_RMSE: 23.6670, test_MAPE: 8.7799]
2026-01-25 20:41:48,162 - easytorch-training - INFO - Checkpoint checkpoints/STMAFNet_300/21afeca3ffc10cdf4e90589d029b0e70/STMAFNet_192.pt saved
2026-01-25 20:41:48,163 - easytorch-training - INFO - The estimated training finish time is 2026-01-26 01:36:21
2026-01-25 20:41:48,163 - easytorch-training - INFO - Epoch 193 / 300
2026-01-25 20:44:13,671 - easytorch-training - INFO - Result <train>: [train_time: 145.51 (s), lr: 6.25e-05, train_MAE: 12.1365, train_RMSE: 20.5672, train_MAPE: 8.1399]
2026-01-25 20:44:13,673 - easytorch-training - INFO - Start validation.
2026-01-25 20:44:32,337 - easytorch-training - INFO - Result <val>: [val_time: 18.66 (s), val_MAE: 13.4620, val_RMSE: 22.9659, val_MAPE: 9.9922]
2026-01-25 20:44:49,783 - easytorch-training - INFO - Evaluate best model on test data for horizon 1, Test MAE: 11.6233, Test RMSE: 19.2350, Test MAPE: 7.5994
2026-01-25 20:44:49,804 - easytorch-training - INFO - Evaluate best model on test data for horizon 2, Test MAE: 12.1986, Test RMSE: 20.5317, Test MAPE: 7.9351
2026-01-25 20:44:49,823 - easytorch-training - INFO - Evaluate best model on test data for horizon 3, Test MAE: 12.6265, Test RMSE: 21.5438, Test MAPE: 8.1248
2026-01-25 20:44:49,837 - easytorch-training - INFO - Evaluate best model on test data for horizon 4, Test MAE: 13.0138, Test RMSE: 22.3768, Test MAPE: 8.3491
2026-01-25 20:44:49,852 - easytorch-training - INFO - Evaluate best model on test data for horizon 5, Test MAE: 13.3194, Test RMSE: 23.0986, Test MAPE: 8.5433
2026-01-25 20:44:49,872 - easytorch-training - INFO - Evaluate best model on test data for horizon 6, Test MAE: 13.5740, Test RMSE: 23.6807, Test MAPE: 8.7250
2026-01-25 20:44:49,893 - easytorch-training - INFO - Evaluate best model on test data for horizon 7, Test MAE: 13.8238, Test RMSE: 24.2093, Test MAPE: 8.8849
2026-01-25 20:44:49,914 - easytorch-training - INFO - Evaluate best model on test data for horizon 8, Test MAE: 14.0742, Test RMSE: 24.6994, Test MAPE: 9.0463
2026-01-25 20:44:49,934 - easytorch-training - INFO - Evaluate best model on test data for horizon 9, Test MAE: 14.2818, Test RMSE: 25.1164, Test MAPE: 9.1858
2026-01-25 20:44:49,950 - easytorch-training - INFO - Evaluate best model on test data for horizon 10, Test MAE: 14.4588, Test RMSE: 25.4628, Test MAPE: 9.3144
2026-01-25 20:44:49,971 - easytorch-training - INFO - Evaluate best model on test data for horizon 11, Test MAE: 14.6346, Test RMSE: 25.7352, Test MAPE: 9.4477
2026-01-25 20:44:49,989 - easytorch-training - INFO - Evaluate best model on test data for horizon 12, Test MAE: 14.7961, Test RMSE: 25.9846, Test MAPE: 9.5910
2026-01-25 20:44:50,001 - easytorch-training - INFO - Result <test>: [test_time: 17.66 (s), test_MAE: 13.5354, test_RMSE: 23.5647, test_MAPE: 8.7289]
2026-01-25 20:44:50,345 - easytorch-training - INFO - Checkpoint checkpoints/STMAFNet_300/21afeca3ffc10cdf4e90589d029b0e70/STMAFNet_193.pt saved
2026-01-25 20:44:50,346 - easytorch-training - INFO - The estimated training finish time is 2026-01-26 01:36:49
2026-01-25 20:44:50,346 - easytorch-training - INFO - Epoch 194 / 300
2026-01-25 20:47:15,036 - easytorch-training - INFO - Result <train>: [train_time: 144.69 (s), lr: 6.25e-05, train_MAE: 12.1300, train_RMSE: 20.5635, train_MAPE: 8.1401]
2026-01-25 20:47:15,038 - easytorch-training - INFO - Start validation.
2026-01-25 20:47:33,724 - easytorch-training - INFO - Result <val>: [val_time: 18.69 (s), val_MAE: 13.4578, val_RMSE: 22.9893, val_MAPE: 10.1943]
2026-01-25 20:47:51,798 - easytorch-training - INFO - Evaluate best model on test data for horizon 1, Test MAE: 11.6529, Test RMSE: 19.2751, Test MAPE: 7.7036
2026-01-25 20:47:51,818 - easytorch-training - INFO - Evaluate best model on test data for horizon 2, Test MAE: 12.2074, Test RMSE: 20.5385, Test MAPE: 7.9630
2026-01-25 20:47:51,828 - easytorch-training - INFO - Evaluate best model on test data for horizon 3, Test MAE: 12.6509, Test RMSE: 21.5536, Test MAPE: 8.2798
2026-01-25 20:47:51,844 - easytorch-training - INFO - Evaluate best model on test data for horizon 4, Test MAE: 13.0169, Test RMSE: 22.3767, Test MAPE: 8.4949
2026-01-25 20:47:51,865 - easytorch-training - INFO - Evaluate best model on test data for horizon 5, Test MAE: 13.3246, Test RMSE: 23.1006, Test MAPE: 8.6696
2026-01-25 20:47:51,880 - easytorch-training - INFO - Evaluate best model on test data for horizon 6, Test MAE: 13.5868, Test RMSE: 23.7156, Test MAPE: 8.8474
2026-01-25 20:47:51,896 - easytorch-training - INFO - Evaluate best model on test data for horizon 7, Test MAE: 13.8471, Test RMSE: 24.2666, Test MAPE: 9.0662
2026-01-25 20:47:51,917 - easytorch-training - INFO - Evaluate best model on test data for horizon 8, Test MAE: 14.1140, Test RMSE: 24.8077, Test MAPE: 9.3113
2026-01-25 20:47:51,933 - easytorch-training - INFO - Evaluate best model on test data for horizon 9, Test MAE: 14.3348, Test RMSE: 25.2564, Test MAPE: 9.4458
2026-01-25 20:47:51,947 - easytorch-training - INFO - Evaluate best model on test data for horizon 10, Test MAE: 14.5145, Test RMSE: 25.6118, Test MAPE: 9.5367
2026-01-25 20:47:51,967 - easytorch-training - INFO - Evaluate best model on test data for horizon 11, Test MAE: 14.6901, Test RMSE: 25.8867, Test MAPE: 9.8264
2026-01-25 20:47:51,988 - easytorch-training - INFO - Evaluate best model on test data for horizon 12, Test MAE: 14.8654, Test RMSE: 26.1371, Test MAPE: 9.8943
2026-01-25 20:47:52,012 - easytorch-training - INFO - Result <test>: [test_time: 18.29 (s), test_MAE: 13.5671, test_RMSE: 23.6398, test_MAPE: 8.9199]
2026-01-25 20:47:52,353 - easytorch-training - INFO - Checkpoint checkpoints/STMAFNet_300/21afeca3ffc10cdf4e90589d029b0e70/STMAFNet_194.pt saved
2026-01-25 20:47:52,354 - easytorch-training - INFO - The estimated training finish time is 2026-01-26 01:37:18
2026-01-25 20:47:52,354 - easytorch-training - INFO - Epoch 195 / 300
2026-01-25 20:50:16,473 - easytorch-training - INFO - Result <train>: [train_time: 144.12 (s), lr: 6.25e-05, train_MAE: 12.1306, train_RMSE: 20.5539, train_MAPE: 8.1252]
2026-01-25 20:50:16,475 - easytorch-training - INFO - Start validation.
2026-01-25 20:50:35,341 - easytorch-training - INFO - Result <val>: [val_time: 18.87 (s), val_MAE: 13.4846, val_RMSE: 23.0606, val_MAPE: 10.1833]
2026-01-25 20:50:52,999 - easytorch-training - INFO - Evaluate best model on test data for horizon 1, Test MAE: 11.6581, Test RMSE: 19.3081, Test MAPE: 7.6839
2026-01-25 20:50:53,015 - easytorch-training - INFO - Evaluate best model on test data for horizon 2, Test MAE: 12.2319, Test RMSE: 20.6009, Test MAPE: 8.1611
2026-01-25 20:50:53,036 - easytorch-training - INFO - Evaluate best model on test data for horizon 3, Test MAE: 12.6969, Test RMSE: 21.6514, Test MAPE: 8.4436
2026-01-25 20:50:53,056 - easytorch-training - INFO - Evaluate best model on test data for horizon 4, Test MAE: 13.0729, Test RMSE: 22.5216, Test MAPE: 8.6145
2026-01-25 20:50:53,072 - easytorch-training - INFO - Evaluate best model on test data for horizon 5, Test MAE: 13.3735, Test RMSE: 23.2528, Test MAPE: 8.8255
2026-01-25 20:50:53,091 - easytorch-training - INFO - Evaluate best model on test data for horizon 6, Test MAE: 13.6239, Test RMSE: 23.8856, Test MAPE: 8.8654
2026-01-25 20:50:53,108 - easytorch-training - INFO - Evaluate best model on test data for horizon 7, Test MAE: 13.9002, Test RMSE: 24.4561, Test MAPE: 9.0553
2026-01-25 20:50:53,128 - easytorch-training - INFO - Evaluate best model on test data for horizon 8, Test MAE: 14.1537, Test RMSE: 24.9737, Test MAPE: 9.2415
2026-01-25 20:50:53,149 - easytorch-training - INFO - Evaluate best model on test data for horizon 9, Test MAE: 14.3581, Test RMSE: 25.3463, Test MAPE: 9.4580
2026-01-25 20:50:53,170 - easytorch-training - INFO - Evaluate best model on test data for horizon 10, Test MAE: 14.5556, Test RMSE: 25.7062, Test MAPE: 9.5042
2026-01-25 20:50:53,187 - easytorch-training - INFO - Evaluate best model on test data for horizon 11, Test MAE: 14.7179, Test RMSE: 25.9720, Test MAPE: 9.6388
2026-01-25 20:50:53,202 - easytorch-training - INFO - Evaluate best model on test data for horizon 12, Test MAE: 14.8959, Test RMSE: 26.1668, Test MAPE: 9.8178
2026-01-25 20:50:53,226 - easytorch-training - INFO - Result <test>: [test_time: 17.88 (s), test_MAE: 13.6032, test_RMSE: 23.7499, test_MAPE: 8.9425]
2026-01-25 20:50:53,653 - easytorch-training - INFO - Checkpoint checkpoints/STMAFNet_300/21afeca3ffc10cdf4e90589d029b0e70/STMAFNet_195.pt saved
2026-01-25 20:50:53,654 - easytorch-training - INFO - The estimated training finish time is 2026-01-26 01:37:45
2026-01-25 20:50:53,654 - easytorch-training - INFO - Epoch 196 / 300
2026-01-25 20:53:18,092 - easytorch-training - INFO - Result <train>: [train_time: 144.44 (s), lr: 6.25e-05, train_MAE: 12.1236, train_RMSE: 20.5574, train_MAPE: 8.1369]
2026-01-25 20:53:18,094 - easytorch-training - INFO - Start validation.
2026-01-25 20:53:36,775 - easytorch-training - INFO - Result <val>: [val_time: 18.68 (s), val_MAE: 13.4858, val_RMSE: 23.0148, val_MAPE: 10.1264]
2026-01-25 20:53:54,367 - easytorch-training - INFO - Evaluate best model on test data for horizon 1, Test MAE: 11.6907, Test RMSE: 19.2772, Test MAPE: 7.6947
2026-01-25 20:53:54,384 - easytorch-training - INFO - Evaluate best model on test data for horizon 2, Test MAE: 12.2345, Test RMSE: 20.5873, Test MAPE: 8.0038
2026-01-25 20:53:54,392 - easytorch-training - INFO - Evaluate best model on test data for horizon 3, Test MAE: 12.6832, Test RMSE: 21.6180, Test MAPE: 8.1667
2026-01-25 20:53:54,399 - easytorch-training - INFO - Evaluate best model on test data for horizon 4, Test MAE: 13.0249, Test RMSE: 22.3842, Test MAPE: 8.4232
2026-01-25 20:53:54,405 - easytorch-training - INFO - Evaluate best model on test data for horizon 5, Test MAE: 13.3399, Test RMSE: 23.1070, Test MAPE: 8.6105
2026-01-25 20:53:54,423 - easytorch-training - INFO - Evaluate best model on test data for horizon 6, Test MAE: 13.5944, Test RMSE: 23.7064, Test MAPE: 8.7261
2026-01-25 20:53:54,444 - easytorch-training - INFO - Evaluate best model on test data for horizon 7, Test MAE: 13.8486, Test RMSE: 24.2386, Test MAPE: 8.8826
2026-01-25 20:53:54,464 - easytorch-training - INFO - Evaluate best model on test data for horizon 8, Test MAE: 14.0768, Test RMSE: 24.7183, Test MAPE: 9.0673
2026-01-25 20:53:54,485 - easytorch-training - INFO - Evaluate best model on test data for horizon 9, Test MAE: 14.2974, Test RMSE: 25.1372, Test MAPE: 9.1910
2026-01-25 20:53:54,506 - easytorch-training - INFO - Evaluate best model on test data for horizon 10, Test MAE: 14.4543, Test RMSE: 25.4808, Test MAPE: 9.3337
2026-01-25 20:53:54,526 - easytorch-training - INFO - Evaluate best model on test data for horizon 11, Test MAE: 14.6323, Test RMSE: 25.7791, Test MAPE: 9.4245
2026-01-25 20:53:54,543 - easytorch-training - INFO - Evaluate best model on test data for horizon 12, Test MAE: 14.8084, Test RMSE: 26.0196, Test MAPE: 9.5693
2026-01-25 20:53:54,561 - easytorch-training - INFO - Result <test>: [test_time: 17.78 (s), test_MAE: 13.5571, test_RMSE: 23.5956, test_MAPE: 8.7578]
2026-01-25 20:53:54,903 - easytorch-training - INFO - Checkpoint checkpoints/STMAFNet_300/21afeca3ffc10cdf4e90589d029b0e70/STMAFNet_196.pt saved
2026-01-25 20:53:54,903 - easytorch-training - INFO - The estimated training finish time is 2026-01-26 01:38:11
2026-01-25 20:53:54,903 - easytorch-training - INFO - Epoch 197 / 300
2026-01-25 20:56:19,269 - easytorch-training - INFO - Result <train>: [train_time: 144.37 (s), lr: 6.25e-05, train_MAE: 12.1188, train_RMSE: 20.5398, train_MAPE: 8.1304]
2026-01-25 20:56:19,271 - easytorch-training - INFO - Start validation.
2026-01-25 20:56:38,612 - easytorch-training - INFO - Result <val>: [val_time: 19.34 (s), val_MAE: 13.4283, val_RMSE: 22.9457, val_MAPE: 9.9887]
2026-01-25 20:56:56,023 - easytorch-training - INFO - Evaluate best model on test data for horizon 1, Test MAE: 11.6340, Test RMSE: 19.2815, Test MAPE: 7.7233
2026-01-25 20:56:56,044 - easytorch-training - INFO - Evaluate best model on test data for horizon 2, Test MAE: 12.2005, Test RMSE: 20.5548, Test MAPE: 7.9985
2026-01-25 20:56:56,064 - easytorch-training - INFO - Evaluate best model on test data for horizon 3, Test MAE: 12.6751, Test RMSE: 21.5803, Test MAPE: 8.4512
2026-01-25 20:56:56,080 - easytorch-training - INFO - Evaluate best model on test data for horizon 4, Test MAE: 13.0038, Test RMSE: 22.3747, Test MAPE: 8.4707
2026-01-25 20:56:56,101 - easytorch-training - INFO - Evaluate best model on test data for horizon 5, Test MAE: 13.3265, Test RMSE: 23.0788, Test MAPE: 8.7184
2026-01-25 20:56:56,122 - easytorch-training - INFO - Evaluate best model on test data for horizon 6, Test MAE: 13.5478, Test RMSE: 23.6425, Test MAPE: 8.8345
2026-01-25 20:56:56,137 - easytorch-training - INFO - Evaluate best model on test data for horizon 7, Test MAE: 13.8089, Test RMSE: 24.1684, Test MAPE: 8.9073
2026-01-25 20:56:56,151 - easytorch-training - INFO - Evaluate best model on test data for horizon 8, Test MAE: 14.0521, Test RMSE: 24.6224, Test MAPE: 9.0920
2026-01-25 20:56:56,170 - easytorch-training - INFO - Evaluate best model on test data for horizon 9, Test MAE: 14.2582, Test RMSE: 25.0677, Test MAPE: 9.1718
2026-01-25 20:56:56,185 - easytorch-training - INFO - Evaluate best model on test data for horizon 10, Test MAE: 14.4428, Test RMSE: 25.3733, Test MAPE: 9.3382
2026-01-25 20:56:56,200 - easytorch-training - INFO - Evaluate best model on test data for horizon 11, Test MAE: 14.6000, Test RMSE: 25.6588, Test MAPE: 9.4927
2026-01-25 20:56:56,220 - easytorch-training - INFO - Evaluate best model on test data for horizon 12, Test MAE: 14.7714, Test RMSE: 25.8984, Test MAPE: 9.5809
2026-01-25 20:56:56,239 - easytorch-training - INFO - Result <test>: [test_time: 17.63 (s), test_MAE: 13.5267, test_RMSE: 23.5299, test_MAPE: 8.8150]
2026-01-25 20:56:56,664 - easytorch-training - INFO - Checkpoint checkpoints/STMAFNet_300/21afeca3ffc10cdf4e90589d029b0e70/STMAFNet_197.pt saved
2026-01-25 20:56:56,665 - easytorch-training - INFO - The estimated training finish time is 2026-01-26 01:38:38
2026-01-25 20:56:56,665 - easytorch-training - INFO - Epoch 198 / 300
2026-01-25 20:59:21,234 - easytorch-training - INFO - Result <train>: [train_time: 144.57 (s), lr: 6.25e-05, train_MAE: 12.1192, train_RMSE: 20.5375, train_MAPE: 8.1251]
2026-01-25 20:59:21,236 - easytorch-training - INFO - Start validation.
2026-01-25 20:59:40,314 - easytorch-training - INFO - Result <val>: [val_time: 19.08 (s), val_MAE: 13.4712, val_RMSE: 23.0391, val_MAPE: 10.5213]
2026-01-25 20:59:58,222 - easytorch-training - INFO - Evaluate best model on test data for horizon 1, Test MAE: 11.6464, Test RMSE: 19.2713, Test MAPE: 8.0574
2026-01-25 20:59:58,236 - easytorch-training - INFO - Evaluate best model on test data for horizon 2, Test MAE: 12.2087, Test RMSE: 20.5710, Test MAPE: 8.2915
2026-01-25 20:59:58,250 - easytorch-training - INFO - Evaluate best model on test data for horizon 3, Test MAE: 12.6651, Test RMSE: 21.6070, Test MAPE: 8.7182
2026-01-25 20:59:58,264 - easytorch-training - INFO - Evaluate best model on test data for horizon 4, Test MAE: 13.0153, Test RMSE: 22.4107, Test MAPE: 8.8598
2026-01-25 20:59:58,284 - easytorch-training - INFO - Evaluate best model on test data for horizon 5, Test MAE: 13.3112, Test RMSE: 23.1077, Test MAPE: 8.9627
2026-01-25 20:59:58,305 - easytorch-training - INFO - Evaluate best model on test data for horizon 6, Test MAE: 13.5754, Test RMSE: 23.7214, Test MAPE: 9.0631
2026-01-25 20:59:58,326 - easytorch-training - INFO - Evaluate best model on test data for horizon 7, Test MAE: 13.8259, Test RMSE: 24.2457, Test MAPE: 9.2905
2026-01-25 20:59:58,346 - easytorch-training - INFO - Evaluate best model on test data for horizon 8, Test MAE: 14.0877, Test RMSE: 24.7684, Test MAPE: 9.5201
2026-01-25 20:59:58,367 - easytorch-training - INFO - Evaluate best model on test data for horizon 9, Test MAE: 14.3117, Test RMSE: 25.2389, Test MAPE: 9.5759
2026-01-25 20:59:58,379 - easytorch-training - INFO - Evaluate best model on test data for horizon 10, Test MAE: 14.5074, Test RMSE: 25.5832, Test MAPE: 9.7388
2026-01-25 20:59:58,386 - easytorch-training - INFO - Evaluate best model on test data for horizon 11, Test MAE: 14.6429, Test RMSE: 25.8267, Test MAPE: 9.8637
2026-01-25 20:59:58,394 - easytorch-training - INFO - Evaluate best model on test data for horizon 12, Test MAE: 14.8346, Test RMSE: 26.1295, Test MAPE: 9.9610
2026-01-25 20:59:58,418 - easytorch-training - INFO - Result <test>: [test_time: 18.10 (s), test_MAE: 13.5527, test_RMSE: 23.6342, test_MAPE: 9.1586]
2026-01-25 20:59:58,761 - easytorch-training - INFO - Checkpoint checkpoints/STMAFNet_300/21afeca3ffc10cdf4e90589d029b0e70/STMAFNet_198.pt saved
2026-01-25 20:59:58,762 - easytorch-training - INFO - The estimated training finish time is 2026-01-26 01:39:05
2026-01-25 20:59:58,762 - easytorch-training - INFO - Epoch 199 / 300
2026-01-25 21:02:23,529 - easytorch-training - INFO - Result <train>: [train_time: 144.77 (s), lr: 6.25e-05, train_MAE: 12.1090, train_RMSE: 20.5204, train_MAPE: 8.1277]
2026-01-25 21:02:23,531 - easytorch-training - INFO - Start validation.
2026-01-25 21:02:42,295 - easytorch-training - INFO - Result <val>: [val_time: 18.76 (s), val_MAE: 13.4448, val_RMSE: 22.9812, val_MAPE: 10.0856]
2026-01-25 21:02:59,800 - easytorch-training - INFO - Evaluate best model on test data for horizon 1, Test MAE: 11.6209, Test RMSE: 19.2498, Test MAPE: 7.5847
2026-01-25 21:02:59,821 - easytorch-training - INFO - Evaluate best model on test data for horizon 2, Test MAE: 12.1971, Test RMSE: 20.5508, Test MAPE: 8.0116
2026-01-25 21:02:59,841 - easytorch-training - INFO - Evaluate best model on test data for horizon 3, Test MAE: 12.6517, Test RMSE: 21.5968, Test MAPE: 8.2873
2026-01-25 21:02:59,862 - easytorch-training - INFO - Evaluate best model on test data for horizon 4, Test MAE: 13.0056, Test RMSE: 22.3972, Test MAPE: 8.4362
2026-01-25 21:02:59,882 - easytorch-training - INFO - Evaluate best model on test data for horizon 5, Test MAE: 13.3067, Test RMSE: 23.0771, Test MAPE: 8.6800
2026-01-25 21:02:59,891 - easytorch-training - INFO - Evaluate best model on test data for horizon 6, Test MAE: 13.5538, Test RMSE: 23.6738, Test MAPE: 8.7767
2026-01-25 21:02:59,907 - easytorch-training - INFO - Evaluate best model on test data for horizon 7, Test MAE: 13.8209, Test RMSE: 24.2115, Test MAPE: 8.9178
2026-01-25 21:02:59,924 - easytorch-training - INFO - Evaluate best model on test data for horizon 8, Test MAE: 14.0682, Test RMSE: 24.7136, Test MAPE: 9.1058
2026-01-25 21:02:59,939 - easytorch-training - INFO - Evaluate best model on test data for horizon 9, Test MAE: 14.2807, Test RMSE: 25.1485, Test MAPE: 9.3243
2026-01-25 21:02:59,957 - easytorch-training - INFO - Evaluate best model on test data for horizon 10, Test MAE: 14.4565, Test RMSE: 25.5110, Test MAPE: 9.3733
2026-01-25 21:02:59,978 - easytorch-training - INFO - Evaluate best model on test data for horizon 11, Test MAE: 14.6420, Test RMSE: 25.8256, Test MAPE: 9.4422
2026-01-25 21:02:59,998 - easytorch-training - INFO - Evaluate best model on test data for horizon 12, Test MAE: 14.8036, Test RMSE: 26.0784, Test MAPE: 9.6105
2026-01-25 21:03:00,022 - easytorch-training - INFO - Result <test>: [test_time: 17.73 (s), test_MAE: 13.5340, test_RMSE: 23.5959, test_MAPE: 8.7959]
2026-01-25 21:03:00,378 - easytorch-training - INFO - Checkpoint checkpoints/STMAFNet_300/21afeca3ffc10cdf4e90589d029b0e70/STMAFNet_199.pt saved
2026-01-25 21:03:00,379 - easytorch-training - INFO - The estimated training finish time is 2026-01-26 01:39:32
2026-01-25 21:03:00,379 - easytorch-training - INFO - Epoch 200 / 300
2026-01-25 21:05:25,277 - easytorch-training - INFO - Result <train>: [train_time: 144.90 (s), lr: 6.25e-05, train_MAE: 12.1088, train_RMSE: 20.5271, train_MAPE: 8.1244]
2026-01-25 21:05:25,279 - easytorch-training - INFO - Start validation.
2026-01-25 21:05:44,699 - easytorch-training - INFO - Result <val>: [val_time: 19.42 (s), val_MAE: 13.4560, val_RMSE: 22.9760, val_MAPE: 10.1011]
2026-01-25 21:06:02,238 - easytorch-training - INFO - Evaluate best model on test data for horizon 1, Test MAE: 11.6416, Test RMSE: 19.3054, Test MAPE: 7.6082
2026-01-25 21:06:02,252 - easytorch-training - INFO - Evaluate best model on test data for horizon 2, Test MAE: 12.2272, Test RMSE: 20.6127, Test MAPE: 7.9309
2026-01-25 21:06:02,273 - easytorch-training - INFO - Evaluate best model on test data for horizon 3, Test MAE: 12.6744, Test RMSE: 21.6281, Test MAPE: 8.1870
2026-01-25 21:06:02,288 - easytorch-training - INFO - Evaluate best model on test data for horizon 4, Test MAE: 13.0308, Test RMSE: 22.4094, Test MAPE: 8.3976
2026-01-25 21:06:02,309 - easytorch-training - INFO - Evaluate best model on test data for horizon 5, Test MAE: 13.3415, Test RMSE: 23.1060, Test MAPE: 8.6610
2026-01-25 21:06:02,330 - easytorch-training - INFO - Evaluate best model on test data for horizon 6, Test MAE: 13.5788, Test RMSE: 23.6802, Test MAPE: 8.8597
2026-01-25 21:06:02,350 - easytorch-training - INFO - Evaluate best model on test data for horizon 7, Test MAE: 13.8453, Test RMSE: 24.2201, Test MAPE: 8.9496
2026-01-25 21:06:02,369 - easytorch-training - INFO - Evaluate best model on test data for horizon 8, Test MAE: 14.0942, Test RMSE: 24.6937, Test MAPE: 9.1830
2026-01-25 21:06:02,383 - easytorch-training - INFO - Evaluate best model on test data for horizon 9, Test MAE: 14.3014, Test RMSE: 25.1456, Test MAPE: 9.2991
2026-01-25 21:06:02,399 - easytorch-training - INFO - Evaluate best model on test data for horizon 10, Test MAE: 14.4751, Test RMSE: 25.4851, Test MAPE: 9.4448
2026-01-25 21:06:02,418 - easytorch-training - INFO - Evaluate best model on test data for horizon 11, Test MAE: 14.6544, Test RMSE: 25.8021, Test MAPE: 9.6174
2026-01-25 21:06:02,428 - easytorch-training - INFO - Evaluate best model on test data for horizon 12, Test MAE: 14.8314, Test RMSE: 26.0524, Test MAPE: 9.7846
2026-01-25 21:06:02,449 - easytorch-training - INFO - Result <test>: [test_time: 17.75 (s), test_MAE: 13.5580, test_RMSE: 23.6023, test_MAPE: 8.8269]
2026-01-25 21:06:02,795 - easytorch-training - INFO - Checkpoint checkpoints/STMAFNet_300/21afeca3ffc10cdf4e90589d029b0e70/STMAFNet_200.pt saved
2026-01-25 21:06:02,829 - easytorch-training - INFO - The estimated training finish time is 2026-01-26 01:39:59
2026-01-25 21:06:02,829 - easytorch-training - INFO - Epoch 201 / 300
2026-01-25 21:08:26,824 - easytorch-training - INFO - Result <train>: [train_time: 143.99 (s), lr: 6.25e-05, train_MAE: 12.1047, train_RMSE: 20.5223, train_MAPE: 8.1214]
2026-01-25 21:08:26,826 - easytorch-training - INFO - Start validation.
2026-01-25 21:08:46,219 - easytorch-training - INFO - Result <val>: [val_time: 19.39 (s), val_MAE: 13.4332, val_RMSE: 22.9736, val_MAPE: 10.1245]
2026-01-25 21:09:03,915 - easytorch-training - INFO - Evaluate best model on test data for horizon 1, Test MAE: 11.6391, Test RMSE: 19.3083, Test MAPE: 7.6677
2026-01-25 21:09:03,929 - easytorch-training - INFO - Evaluate best model on test data for horizon 2, Test MAE: 12.1890, Test RMSE: 20.5675, Test MAPE: 8.0312
2026-01-25 21:09:03,944 - easytorch-training - INFO - Evaluate best model on test data for horizon 3, Test MAE: 12.6279, Test RMSE: 21.5827, Test MAPE: 8.2257
2026-01-25 21:09:03,964 - easytorch-training - INFO - Evaluate best model on test data for horizon 4, Test MAE: 12.9942, Test RMSE: 22.4025, Test MAPE: 8.4821
2026-01-25 21:09:03,985 - easytorch-training - INFO - Evaluate best model on test data for horizon 5, Test MAE: 13.2799, Test RMSE: 23.0815, Test MAPE: 8.6938
2026-01-25 21:09:04,006 - easytorch-training - INFO - Evaluate best model on test data for horizon 6, Test MAE: 13.5323, Test RMSE: 23.6990, Test MAPE: 8.7415
2026-01-25 21:09:04,026 - easytorch-training - INFO - Evaluate best model on test data for horizon 7, Test MAE: 13.7846, Test RMSE: 24.2219, Test MAPE: 9.0015
2026-01-25 21:09:04,047 - easytorch-training - INFO - Evaluate best model on test data for horizon 8, Test MAE: 14.0311, Test RMSE: 24.7248, Test MAPE: 9.1406
2026-01-25 21:09:04,060 - easytorch-training - INFO - Evaluate best model on test data for horizon 9, Test MAE: 14.2371, Test RMSE: 25.1180, Test MAPE: 9.2267
2026-01-25 21:09:04,069 - easytorch-training - INFO - Evaluate best model on test data for horizon 10, Test MAE: 14.4414, Test RMSE: 25.4770, Test MAPE: 9.4725
2026-01-25 21:09:04,084 - easytorch-training - INFO - Evaluate best model on test data for horizon 11, Test MAE: 14.6058, Test RMSE: 25.7642, Test MAPE: 9.6421
2026-01-25 21:09:04,104 - easytorch-training - INFO - Evaluate best model on test data for horizon 12, Test MAE: 14.7547, Test RMSE: 25.9878, Test MAPE: 9.6212
2026-01-25 21:09:04,128 - easytorch-training - INFO - Result <test>: [test_time: 17.91 (s), test_MAE: 13.5098, test_RMSE: 23.5851, test_MAPE: 8.8289]
2026-01-25 21:09:04,567 - easytorch-training - INFO - Checkpoint checkpoints/STMAFNet_300/21afeca3ffc10cdf4e90589d029b0e70/STMAFNet_201.pt saved
2026-01-25 21:09:04,568 - easytorch-training - INFO - The estimated training finish time is 2026-01-26 01:40:25
2026-01-25 21:09:04,568 - easytorch-training - INFO - Epoch 202 / 300
2026-01-25 21:11:28,130 - easytorch-training - INFO - Result <train>: [train_time: 143.56 (s), lr: 6.25e-05, train_MAE: 12.0991, train_RMSE: 20.5093, train_MAPE: 8.1155]
2026-01-25 21:11:28,132 - easytorch-training - INFO - Start validation.
2026-01-25 21:11:47,293 - easytorch-training - INFO - Result <val>: [val_time: 19.16 (s), val_MAE: 13.4501, val_RMSE: 23.0060, val_MAPE: 10.1101]
2026-01-25 21:12:04,513 - easytorch-training - INFO - Evaluate best model on test data for horizon 1, Test MAE: 11.6352, Test RMSE: 19.2940, Test MAPE: 7.7999
2026-01-25 21:12:04,534 - easytorch-training - INFO - Evaluate best model on test data for horizon 2, Test MAE: 12.2019, Test RMSE: 20.5779, Test MAPE: 8.1336
2026-01-25 21:12:04,554 - easytorch-training - INFO - Evaluate best model on test data for horizon 3, Test MAE: 12.6402, Test RMSE: 21.6125, Test MAPE: 8.2967
2026-01-25 21:12:04,571 - easytorch-training - INFO - Evaluate best model on test data for horizon 4, Test MAE: 12.9967, Test RMSE: 22.4012, Test MAPE: 8.5267
2026-01-25 21:12:04,581 - easytorch-training - INFO - Evaluate best model on test data for horizon 5, Test MAE: 13.2922, Test RMSE: 23.1126, Test MAPE: 8.6808
2026-01-25 21:12:04,593 - easytorch-training - INFO - Evaluate best model on test data for horizon 6, Test MAE: 13.5564, Test RMSE: 23.7286, Test MAPE: 8.8395
2026-01-25 21:12:04,608 - easytorch-training - INFO - Evaluate best model on test data for horizon 7, Test MAE: 13.8149, Test RMSE: 24.2803, Test MAPE: 8.9575
2026-01-25 21:12:04,624 - easytorch-training - INFO - Evaluate best model on test data for horizon 8, Test MAE: 14.0672, Test RMSE: 24.7663, Test MAPE: 9.0468
2026-01-25 21:12:04,645 - easytorch-training - INFO - Evaluate best model on test data for horizon 9, Test MAE: 14.2679, Test RMSE: 25.1848, Test MAPE: 9.2446
2026-01-25 21:12:04,664 - easytorch-training - INFO - Evaluate best model on test data for horizon 10, Test MAE: 14.4544, Test RMSE: 25.5172, Test MAPE: 9.3165
2026-01-25 21:12:04,678 - easytorch-training - INFO - Evaluate best model on test data for horizon 11, Test MAE: 14.6337, Test RMSE: 25.8400, Test MAPE: 9.4760
2026-01-25 21:12:04,697 - easytorch-training - INFO - Evaluate best model on test data for horizon 12, Test MAE: 14.8122, Test RMSE: 26.0803, Test MAPE: 9.6258
2026-01-25 21:12:04,721 - easytorch-training - INFO - Result <test>: [test_time: 17.43 (s), test_MAE: 13.5311, test_RMSE: 23.6256, test_MAPE: 8.8287]
2026-01-25 21:12:05,069 - easytorch-training - INFO - Checkpoint checkpoints/STMAFNet_300/21afeca3ffc10cdf4e90589d029b0e70/STMAFNet_202.pt saved
2026-01-25 21:12:05,070 - easytorch-training - INFO - The estimated training finish time is 2026-01-26 01:40:49
2026-01-25 21:12:05,070 - easytorch-training - INFO - Epoch 203 / 300
2026-01-25 21:14:29,446 - easytorch-training - INFO - Result <train>: [train_time: 144.38 (s), lr: 6.25e-05, train_MAE: 12.0989, train_RMSE: 20.5182, train_MAPE: 8.1144]
2026-01-25 21:14:29,447 - easytorch-training - INFO - Start validation.
2026-01-25 21:14:47,930 - easytorch-training - INFO - Result <val>: [val_time: 18.48 (s), val_MAE: 13.4696, val_RMSE: 23.0249, val_MAPE: 10.1421]
2026-01-25 21:15:05,317 - easytorch-training - INFO - Evaluate best model on test data for horizon 1, Test MAE: 11.6498, Test RMSE: 19.3282, Test MAPE: 7.6089
2026-01-25 21:15:05,334 - easytorch-training - INFO - Evaluate best model on test data for horizon 2, Test MAE: 12.2144, Test RMSE: 20.6349, Test MAPE: 7.9287
2026-01-25 21:15:05,348 - easytorch-training - INFO - Evaluate best model on test data for horizon 3, Test MAE: 12.6691, Test RMSE: 21.7095, Test MAPE: 8.2613
2026-01-25 21:15:05,366 - easytorch-training - INFO - Evaluate best model on test data for horizon 4, Test MAE: 13.0246, Test RMSE: 22.5276, Test MAPE: 8.4747
2026-01-25 21:15:05,382 - easytorch-training - INFO - Evaluate best model on test data for horizon 5, Test MAE: 13.3381, Test RMSE: 23.2298, Test MAPE: 8.7667
2026-01-25 21:15:05,403 - easytorch-training - INFO - Evaluate best model on test data for horizon 6, Test MAE: 13.6088, Test RMSE: 23.8603, Test MAPE: 8.7817
2026-01-25 21:15:05,424 - easytorch-training - INFO - Evaluate best model on test data for horizon 7, Test MAE: 13.8679, Test RMSE: 24.3648, Test MAPE: 8.9464
2026-01-25 21:15:05,444 - easytorch-training - INFO - Evaluate best model on test data for horizon 8, Test MAE: 14.0992, Test RMSE: 24.8072, Test MAPE: 9.1023
2026-01-25 21:15:05,465 - easytorch-training - INFO - Evaluate best model on test data for horizon 9, Test MAE: 14.3068, Test RMSE: 25.1758, Test MAPE: 9.3104
2026-01-25 21:15:05,486 - easytorch-training - INFO - Evaluate best model on test data for horizon 10, Test MAE: 14.4647, Test RMSE: 25.4919, Test MAPE: 9.4528
2026-01-25 21:15:05,501 - easytorch-training - INFO - Evaluate best model on test data for horizon 11, Test MAE: 14.6498, Test RMSE: 25.8210, Test MAPE: 9.4616
2026-01-25 21:15:05,513 - easytorch-training - INFO - Evaluate best model on test data for horizon 12, Test MAE: 14.8142, Test RMSE: 26.0434, Test MAPE: 9.7251
2026-01-25 21:15:05,537 - easytorch-training - INFO - Result <test>: [test_time: 17.60 (s), test_MAE: 13.5589, test_RMSE: 23.6727, test_MAPE: 8.8184]
2026-01-25 21:15:06,000 - easytorch-training - INFO - Checkpoint checkpoints/STMAFNet_300/21afeca3ffc10cdf4e90589d029b0e70/STMAFNet_203.pt saved
2026-01-25 21:15:06,001 - easytorch-training - INFO - The estimated training finish time is 2026-01-26 01:41:13
2026-01-25 21:15:06,001 - easytorch-training - INFO - Epoch 204 / 300
2026-01-25 21:17:30,315 - easytorch-training - INFO - Result <train>: [train_time: 144.31 (s), lr: 6.25e-05, train_MAE: 12.0928, train_RMSE: 20.4982, train_MAPE: 8.1094]
2026-01-25 21:17:30,316 - easytorch-training - INFO - Start validation.
2026-01-25 21:17:49,032 - easytorch-training - INFO - Result <val>: [val_time: 18.72 (s), val_MAE: 13.4603, val_RMSE: 23.0038, val_MAPE: 10.1232]
2026-01-25 21:18:06,857 - easytorch-training - INFO - Evaluate best model on test data for horizon 1, Test MAE: 11.6342, Test RMSE: 19.3167, Test MAPE: 7.5751
2026-01-25 21:18:06,865 - easytorch-training - INFO - Evaluate best model on test data for horizon 2, Test MAE: 12.2140, Test RMSE: 20.5999, Test MAPE: 7.9257
2026-01-25 21:18:06,880 - easytorch-training - INFO - Evaluate best model on test data for horizon 3, Test MAE: 12.6522, Test RMSE: 21.6047, Test MAPE: 8.1651
2026-01-25 21:18:06,900 - easytorch-training - INFO - Evaluate best model on test data for horizon 4, Test MAE: 13.0355, Test RMSE: 22.4633, Test MAPE: 8.4121
2026-01-25 21:18:06,921 - easytorch-training - INFO - Evaluate best model on test data for horizon 5, Test MAE: 13.3442, Test RMSE: 23.1691, Test MAPE: 8.6325
2026-01-25 21:18:06,937 - easytorch-training - INFO - Evaluate best model on test data for horizon 6, Test MAE: 13.6008, Test RMSE: 23.7763, Test MAPE: 8.8128
2026-01-25 21:18:06,957 - easytorch-training - INFO - Evaluate best model on test data for horizon 7, Test MAE: 13.8596, Test RMSE: 24.3061, Test MAPE: 8.9339
2026-01-25 21:18:06,978 - easytorch-training - INFO - Evaluate best model on test data for horizon 8, Test MAE: 14.0886, Test RMSE: 24.7909, Test MAPE: 9.0926
2026-01-25 21:18:06,998 - easytorch-training - INFO - Evaluate best model on test data for horizon 9, Test MAE: 14.2964, Test RMSE: 25.1771, Test MAPE: 9.2542
2026-01-25 21:18:07,019 - easytorch-training - INFO - Evaluate best model on test data for horizon 10, Test MAE: 14.4772, Test RMSE: 25.5308, Test MAPE: 9.3565
2026-01-25 21:18:07,040 - easytorch-training - INFO - Evaluate best model on test data for horizon 11, Test MAE: 14.6558, Test RMSE: 25.8139, Test MAPE: 9.5133
2026-01-25 21:18:07,057 - easytorch-training - INFO - Evaluate best model on test data for horizon 12, Test MAE: 14.8277, Test RMSE: 26.0842, Test MAPE: 9.6095
2026-01-25 21:18:07,075 - easytorch-training - INFO - Result <test>: [test_time: 18.04 (s), test_MAE: 13.5572, test_RMSE: 23.6446, test_MAPE: 8.7736]
2026-01-25 21:18:07,419 - easytorch-training - INFO - Checkpoint checkpoints/STMAFNet_300/21afeca3ffc10cdf4e90589d029b0e70/STMAFNet_204.pt saved
2026-01-25 21:18:07,420 - easytorch-training - INFO - The estimated training finish time is 2026-01-26 01:41:38
2026-01-25 21:18:07,420 - easytorch-training - INFO - Epoch 205 / 300
2026-01-25 21:20:31,577 - easytorch-training - INFO - Result <train>: [train_time: 144.16 (s), lr: 6.25e-05, train_MAE: 12.0911, train_RMSE: 20.4928, train_MAPE: 8.1024]
2026-01-25 21:20:31,578 - easytorch-training - INFO - Start validation.
2026-01-25 21:20:50,105 - easytorch-training - INFO - Result <val>: [val_time: 18.53 (s), val_MAE: 13.4573, val_RMSE: 23.0337, val_MAPE: 10.1930]
2026-01-25 21:21:08,176 - easytorch-training - INFO - Evaluate best model on test data for horizon 1, Test MAE: 11.6433, Test RMSE: 19.3050, Test MAPE: 7.7391
2026-01-25 21:21:08,192 - easytorch-training - INFO - Evaluate best model on test data for horizon 2, Test MAE: 12.1814, Test RMSE: 20.5713, Test MAPE: 7.9052
2026-01-25 21:21:08,212 - easytorch-training - INFO - Evaluate best model on test data for horizon 3, Test MAE: 12.6497, Test RMSE: 21.6069, Test MAPE: 8.1782
2026-01-25 21:21:08,228 - easytorch-training - INFO - Evaluate best model on test data for horizon 4, Test MAE: 12.9971, Test RMSE: 22.3955, Test MAPE: 8.4848
2026-01-25 21:21:08,249 - easytorch-training - INFO - Evaluate best model on test data for horizon 5, Test MAE: 13.3042, Test RMSE: 23.1122, Test MAPE: 8.6750
2026-01-25 21:21:08,270 - easytorch-training - INFO - Evaluate best model on test data for horizon 6, Test MAE: 13.5433, Test RMSE: 23.6994, Test MAPE: 8.8188
2026-01-25 21:21:08,290 - easytorch-training - INFO - Evaluate best model on test data for horizon 7, Test MAE: 13.8028, Test RMSE: 24.2144, Test MAPE: 9.0169
2026-01-25 21:21:08,301 - easytorch-training - INFO - Evaluate best model on test data for horizon 8, Test MAE: 14.0596, Test RMSE: 24.7345, Test MAPE: 9.0896
2026-01-25 21:21:08,315 - easytorch-training - INFO - Evaluate best model on test data for horizon 9, Test MAE: 14.2893, Test RMSE: 25.2166, Test MAPE: 9.2245
2026-01-25 21:21:08,336 - easytorch-training - INFO - Evaluate best model on test data for horizon 10, Test MAE: 14.4806, Test RMSE: 25.5626, Test MAPE: 9.4298
2026-01-25 21:21:08,357 - easytorch-training - INFO - Evaluate best model on test data for horizon 11, Test MAE: 14.6610, Test RMSE: 25.8744, Test MAPE: 9.7037
2026-01-25 21:21:08,371 - easytorch-training - INFO - Evaluate best model on test data for horizon 12, Test MAE: 14.8378, Test RMSE: 26.1217, Test MAPE: 9.6939
2026-01-25 21:21:08,389 - easytorch-training - INFO - Result <test>: [test_time: 18.28 (s), test_MAE: 13.5375, test_RMSE: 23.6280, test_MAPE: 8.8300]
2026-01-25 21:21:08,818 - easytorch-training - INFO - Checkpoint checkpoints/STMAFNet_300/21afeca3ffc10cdf4e90589d029b0e70/STMAFNet_205.pt saved
2026-01-25 21:21:08,819 - easytorch-training - INFO - The estimated training finish time is 2026-01-26 01:42:02
2026-01-25 21:21:08,819 - easytorch-training - INFO - Epoch 206 / 300
2026-01-25 21:23:34,051 - easytorch-training - INFO - Result <train>: [train_time: 145.23 (s), lr: 6.25e-05, train_MAE: 12.0857, train_RMSE: 20.4905, train_MAPE: 8.1042]
2026-01-25 21:23:34,052 - easytorch-training - INFO - Start validation.
2026-01-25 21:23:52,320 - easytorch-training - INFO - Result <val>: [val_time: 18.27 (s), val_MAE: 13.4503, val_RMSE: 22.9550, val_MAPE: 9.9874]
2026-01-25 21:24:09,974 - easytorch-training - INFO - Evaluate best model on test data for horizon 1, Test MAE: 11.6346, Test RMSE: 19.3021, Test MAPE: 7.5597
2026-01-25 21:24:09,994 - easytorch-training - INFO - Evaluate best model on test data for horizon 2, Test MAE: 12.2215, Test RMSE: 20.5660, Test MAPE: 7.8942
2026-01-25 21:24:10,015 - easytorch-training - INFO - Evaluate best model on test data for horizon 3, Test MAE: 12.6778, Test RMSE: 21.5723, Test MAPE: 8.1608
2026-01-25 21:24:10,036 - easytorch-training - INFO - Evaluate best model on test data for horizon 4, Test MAE: 13.0559, Test RMSE: 22.3764, Test MAPE: 8.3976
2026-01-25 21:24:10,056 - easytorch-training - INFO - Evaluate best model on test data for horizon 5, Test MAE: 13.3760, Test RMSE: 23.0818, Test MAPE: 8.6478
2026-01-25 21:24:10,073 - easytorch-training - INFO - Evaluate best model on test data for horizon 6, Test MAE: 13.6139, Test RMSE: 23.6492, Test MAPE: 8.7839
2026-01-25 21:24:10,085 - easytorch-training - INFO - Evaluate best model on test data for horizon 7, Test MAE: 13.8538, Test RMSE: 24.2036, Test MAPE: 8.9466
2026-01-25 21:24:10,103 - easytorch-training - INFO - Evaluate best model on test data for horizon 8, Test MAE: 14.0798, Test RMSE: 24.6675, Test MAPE: 9.0931
2026-01-25 21:24:10,119 - easytorch-training - INFO - Evaluate best model on test data for horizon 9, Test MAE: 14.2870, Test RMSE: 25.1037, Test MAPE: 9.2206
2026-01-25 21:24:10,140 - easytorch-training - INFO - Evaluate best model on test data for horizon 10, Test MAE: 14.4551, Test RMSE: 25.4304, Test MAPE: 9.3621
2026-01-25 21:24:10,160 - easytorch-training - INFO - Evaluate best model on test data for horizon 11, Test MAE: 14.6332, Test RMSE: 25.7243, Test MAPE: 9.4979
2026-01-25 21:24:10,181 - easytorch-training - INFO - Evaluate best model on test data for horizon 12, Test MAE: 14.8071, Test RMSE: 25.9825, Test MAPE: 9.6232
2026-01-25 21:24:10,205 - easytorch-training - INFO - Result <test>: [test_time: 17.88 (s), test_MAE: 13.5580, test_RMSE: 23.5614, test_MAPE: 8.7656]
2026-01-25 21:24:10,552 - easytorch-training - INFO - Checkpoint checkpoints/STMAFNet_300/21afeca3ffc10cdf4e90589d029b0e70/STMAFNet_206.pt saved
2026-01-25 21:24:10,553 - easytorch-training - INFO - The estimated training finish time is 2026-01-26 01:42:27
2026-01-25 21:24:10,553 - easytorch-training - INFO - Epoch 207 / 300
2026-01-25 21:26:35,864 - easytorch-training - INFO - Result <train>: [train_time: 145.31 (s), lr: 6.25e-05, train_MAE: 12.0785, train_RMSE: 20.4653, train_MAPE: 8.1083]
2026-01-25 21:26:35,866 - easytorch-training - INFO - Start validation.
2026-01-25 21:26:54,721 - easytorch-training - INFO - Result <val>: [val_time: 18.85 (s), val_MAE: 13.4598, val_RMSE: 23.0216, val_MAPE: 10.0853]
2026-01-25 21:27:12,160 - easytorch-training - INFO - Evaluate best model on test data for horizon 1, Test MAE: 11.6287, Test RMSE: 19.2783, Test MAPE: 7.5926
2026-01-25 21:27:12,176 - easytorch-training - INFO - Evaluate best model on test data for horizon 2, Test MAE: 12.2064, Test RMSE: 20.5803, Test MAPE: 7.8917
2026-01-25 21:27:12,196 - easytorch-training - INFO - Evaluate best model on test data for horizon 3, Test MAE: 12.6600, Test RMSE: 21.6385, Test MAPE: 8.1431
2026-01-25 21:27:12,217 - easytorch-training - INFO - Evaluate best model on test data for horizon 4, Test MAE: 13.0084, Test RMSE: 22.4691, Test MAPE: 8.3728
2026-01-25 21:27:12,237 - easytorch-training - INFO - Evaluate best model on test data for horizon 5, Test MAE: 13.3186, Test RMSE: 23.2050, Test MAPE: 8.5968
2026-01-25 21:27:12,258 - easytorch-training - INFO - Evaluate best model on test data for horizon 6, Test MAE: 13.5907, Test RMSE: 23.8421, Test MAPE: 8.7648
2026-01-25 21:27:12,274 - easytorch-training - INFO - Evaluate best model on test data for horizon 7, Test MAE: 13.8442, Test RMSE: 24.3619, Test MAPE: 8.9308
2026-01-25 21:27:12,282 - easytorch-training - INFO - Evaluate best model on test data for horizon 8, Test MAE: 14.0671, Test RMSE: 24.8132, Test MAPE: 9.0755
2026-01-25 21:27:12,288 - easytorch-training - INFO - Evaluate best model on test data for horizon 9, Test MAE: 14.2894, Test RMSE: 25.2446, Test MAPE: 9.2416
2026-01-25 21:27:12,296 - easytorch-training - INFO - Evaluate best model on test data for horizon 10, Test MAE: 14.4492, Test RMSE: 25.5196, Test MAPE: 9.3530
2026-01-25 21:27:12,316 - easytorch-training - INFO - Evaluate best model on test data for horizon 11, Test MAE: 14.6370, Test RMSE: 25.8249, Test MAPE: 9.4845
2026-01-25 21:27:12,337 - easytorch-training - INFO - Evaluate best model on test data for horizon 12, Test MAE: 14.8073, Test RMSE: 26.0571, Test MAPE: 9.6357
2026-01-25 21:27:12,361 - easytorch-training - INFO - Result <test>: [test_time: 17.64 (s), test_MAE: 13.5423, test_RMSE: 23.6623, test_MAPE: 8.7569]
2026-01-25 21:27:12,703 - easytorch-training - INFO - Checkpoint checkpoints/STMAFNet_300/21afeca3ffc10cdf4e90589d029b0e70/STMAFNet_207.pt saved
2026-01-25 21:27:12,704 - easytorch-training - INFO - The estimated training finish time is 2026-01-26 01:42:52
2026-01-25 21:27:12,704 - easytorch-training - INFO - Epoch 208 / 300
2026-01-25 21:29:37,739 - easytorch-training - INFO - Result <train>: [train_time: 145.03 (s), lr: 6.25e-05, train_MAE: 12.0743, train_RMSE: 20.4676, train_MAPE: 8.1030]
2026-01-25 21:29:37,740 - easytorch-training - INFO - Start validation.
2026-01-25 21:29:56,455 - easytorch-training - INFO - Result <val>: [val_time: 18.71 (s), val_MAE: 13.4712, val_RMSE: 23.0303, val_MAPE: 10.2975]
2026-01-25 21:30:14,103 - easytorch-training - INFO - Evaluate best model on test data for horizon 1, Test MAE: 11.6377, Test RMSE: 19.3203, Test MAPE: 7.7690
2026-01-25 21:30:14,111 - easytorch-training - INFO - Evaluate best model on test data for horizon 2, Test MAE: 12.2092, Test RMSE: 20.5956, Test MAPE: 8.0656
2026-01-25 21:30:14,121 - easytorch-training - INFO - Evaluate best model on test data for horizon 3, Test MAE: 12.6743, Test RMSE: 21.6369, Test MAPE: 8.3966
2026-01-25 21:30:14,142 - easytorch-training - INFO - Evaluate best model on test data for horizon 4, Test MAE: 13.0391, Test RMSE: 22.4625, Test MAPE: 8.6455
2026-01-25 21:30:14,162 - easytorch-training - INFO - Evaluate best model on test data for horizon 5, Test MAE: 13.3399, Test RMSE: 23.1847, Test MAPE: 8.7823
2026-01-25 21:30:14,183 - easytorch-training - INFO - Evaluate best model on test data for horizon 6, Test MAE: 13.5983, Test RMSE: 23.7819, Test MAPE: 9.0066
2026-01-25 21:30:14,203 - easytorch-training - INFO - Evaluate best model on test data for horizon 7, Test MAE: 13.8736, Test RMSE: 24.3524, Test MAPE: 9.1745
2026-01-25 21:30:14,224 - easytorch-training - INFO - Evaluate best model on test data for horizon 8, Test MAE: 14.0870, Test RMSE: 24.8013, Test MAPE: 9.1606
2026-01-25 21:30:14,243 - easytorch-training - INFO - Evaluate best model on test data for horizon 9, Test MAE: 14.3130, Test RMSE: 25.2138, Test MAPE: 9.3040
2026-01-25 21:30:14,255 - easytorch-training - INFO - Evaluate best model on test data for horizon 10, Test MAE: 14.4874, Test RMSE: 25.5023, Test MAPE: 9.4275
2026-01-25 21:30:14,268 - easytorch-training - INFO - Evaluate best model on test data for horizon 11, Test MAE: 14.6564, Test RMSE: 25.7737, Test MAPE: 9.6501
2026-01-25 21:30:14,285 - easytorch-training - INFO - Evaluate best model on test data for horizon 12, Test MAE: 14.8398, Test RMSE: 26.0383, Test MAPE: 9.6884
2026-01-25 21:30:14,305 - easytorch-training - INFO - Result <test>: [test_time: 17.85 (s), test_MAE: 13.5630, test_RMSE: 23.6464, test_MAPE: 8.9225]
2026-01-25 21:30:14,649 - easytorch-training - INFO - Checkpoint checkpoints/STMAFNet_300/21afeca3ffc10cdf4e90589d029b0e70/STMAFNet_208.pt saved
2026-01-25 21:30:14,650 - easytorch-training - INFO - The estimated training finish time is 2026-01-26 01:43:16
2026-01-25 21:30:14,650 - easytorch-training - INFO - Epoch 209 / 300
2026-01-25 21:32:39,254 - easytorch-training - INFO - Result <train>: [train_time: 144.60 (s), lr: 6.25e-05, train_MAE: 12.0745, train_RMSE: 20.4647, train_MAPE: 8.0986]
2026-01-25 21:32:39,256 - easytorch-training - INFO - Start validation.
2026-01-25 21:32:58,571 - easytorch-training - INFO - Result <val>: [val_time: 19.31 (s), val_MAE: 13.4946, val_RMSE: 23.0077, val_MAPE: 10.1635]
2026-01-25 21:33:15,974 - easytorch-training - INFO - Evaluate best model on test data for horizon 1, Test MAE: 11.6423, Test RMSE: 19.2767, Test MAPE: 7.7341
2026-01-25 21:33:15,986 - easytorch-training - INFO - Evaluate best model on test data for horizon 2, Test MAE: 12.2331, Test RMSE: 20.5619, Test MAPE: 8.0021
2026-01-25 21:33:16,004 - easytorch-training - INFO - Evaluate best model on test data for horizon 3, Test MAE: 12.6862, Test RMSE: 21.5930, Test MAPE: 8.2561
2026-01-25 21:33:16,020 - easytorch-training - INFO - Evaluate best model on test data for horizon 4, Test MAE: 13.0489, Test RMSE: 22.4240, Test MAPE: 8.5412
2026-01-25 21:33:16,041 - easytorch-training - INFO - Evaluate best model on test data for horizon 5, Test MAE: 13.3732, Test RMSE: 23.1404, Test MAPE: 8.8250
2026-01-25 21:33:16,062 - easytorch-training - INFO - Evaluate best model on test data for horizon 6, Test MAE: 13.6283, Test RMSE: 23.7791, Test MAPE: 8.8686
2026-01-25 21:33:16,082 - easytorch-training - INFO - Evaluate best model on test data for horizon 7, Test MAE: 13.9024, Test RMSE: 24.3461, Test MAPE: 9.0993
2026-01-25 21:33:16,096 - easytorch-training - INFO - Evaluate best model on test data for horizon 8, Test MAE: 14.1361, Test RMSE: 24.8195, Test MAPE: 9.2706
2026-01-25 21:33:16,109 - easytorch-training - INFO - Evaluate best model on test data for horizon 9, Test MAE: 14.3784, Test RMSE: 25.2521, Test MAPE: 9.3769
2026-01-25 21:33:16,123 - easytorch-training - INFO - Evaluate best model on test data for horizon 10, Test MAE: 14.5129, Test RMSE: 25.5458, Test MAPE: 9.3312
2026-01-25 21:33:16,140 - easytorch-training - INFO - Evaluate best model on test data for horizon 11, Test MAE: 14.6964, Test RMSE: 25.8311, Test MAPE: 9.5746
2026-01-25 21:33:16,156 - easytorch-training - INFO - Evaluate best model on test data for horizon 12, Test MAE: 14.8452, Test RMSE: 26.0586, Test MAPE: 9.6023
2026-01-25 21:33:16,174 - easytorch-training - INFO - Result <test>: [test_time: 17.60 (s), test_MAE: 13.5903, test_RMSE: 23.6462, test_MAPE: 8.8735]
2026-01-25 21:33:16,515 - easytorch-training - INFO - Checkpoint checkpoints/STMAFNet_300/21afeca3ffc10cdf4e90589d029b0e70/STMAFNet_209.pt saved
2026-01-25 21:33:16,516 - easytorch-training - INFO - The estimated training finish time is 2026-01-26 01:43:41
2026-01-25 21:33:16,516 - easytorch-training - INFO - Epoch 210 / 300
2026-01-25 21:35:40,687 - easytorch-training - INFO - Result <train>: [train_time: 144.17 (s), lr: 6.25e-05, train_MAE: 12.0672, train_RMSE: 20.4560, train_MAPE: 8.0979]
2026-01-25 21:35:40,688 - easytorch-training - INFO - Start validation.
2026-01-25 21:36:00,113 - easytorch-training - INFO - Result <val>: [val_time: 19.43 (s), val_MAE: 13.4547, val_RMSE: 23.0058, val_MAPE: 10.0279]
2026-01-25 21:36:18,039 - easytorch-training - INFO - Evaluate best model on test data for horizon 1, Test MAE: 11.6319, Test RMSE: 19.3009, Test MAPE: 7.5676
2026-01-25 21:36:18,060 - easytorch-training - INFO - Evaluate best model on test data for horizon 2, Test MAE: 12.2036, Test RMSE: 20.5720, Test MAPE: 7.9246
2026-01-25 21:36:18,081 - easytorch-training - INFO - Evaluate best model on test data for horizon 3, Test MAE: 12.6619, Test RMSE: 21.6211, Test MAPE: 8.1522
2026-01-25 21:36:18,097 - easytorch-training - INFO - Evaluate best model on test data for horizon 4, Test MAE: 13.0218, Test RMSE: 22.4558, Test MAPE: 8.3682
2026-01-25 21:36:18,111 - easytorch-training - INFO - Evaluate best model on test data for horizon 5, Test MAE: 13.3505, Test RMSE: 23.2100, Test MAPE: 8.5883
2026-01-25 21:36:18,127 - easytorch-training - INFO - Evaluate best model on test data for horizon 6, Test MAE: 13.6117, Test RMSE: 23.7922, Test MAPE: 8.7631
2026-01-25 21:36:18,141 - easytorch-training - INFO - Evaluate best model on test data for horizon 7, Test MAE: 13.8466, Test RMSE: 24.3319, Test MAPE: 8.8951
2026-01-25 21:36:18,155 - easytorch-training - INFO - Evaluate best model on test data for horizon 8, Test MAE: 14.0769, Test RMSE: 24.7862, Test MAPE: 9.0856
2026-01-25 21:36:18,175 - easytorch-training - INFO - Evaluate best model on test data for horizon 9, Test MAE: 14.3084, Test RMSE: 25.2105, Test MAPE: 9.2213
2026-01-25 21:36:18,196 - easytorch-training - INFO - Evaluate best model on test data for horizon 10, Test MAE: 14.4638, Test RMSE: 25.4989, Test MAPE: 9.3344
2026-01-25 21:36:18,217 - easytorch-training - INFO - Evaluate best model on test data for horizon 11, Test MAE: 14.6399, Test RMSE: 25.7761, Test MAPE: 9.4748
2026-01-25 21:36:18,238 - easytorch-training - INFO - Evaluate best model on test data for horizon 12, Test MAE: 14.8180, Test RMSE: 26.0368, Test MAPE: 9.5604
2026-01-25 21:36:18,261 - easytorch-training - INFO - Result <test>: [test_time: 18.15 (s), test_MAE: 13.5529, test_RMSE: 23.6409, test_MAPE: 8.7446]
2026-01-25 21:36:18,610 - easytorch-training - INFO - Checkpoint checkpoints/STMAFNet_300/21afeca3ffc10cdf4e90589d029b0e70/STMAFNet_210.pt saved
2026-01-25 21:36:18,647 - easytorch-training - INFO - The estimated training finish time is 2026-01-26 01:44:05
2026-01-25 21:36:18,647 - easytorch-training - INFO - Epoch 211 / 300
2026-01-25 21:38:42,314 - easytorch-training - INFO - Result <train>: [train_time: 143.67 (s), lr: 6.25e-05, train_MAE: 12.0655, train_RMSE: 20.4493, train_MAPE: 8.0964]
2026-01-25 21:38:42,315 - easytorch-training - INFO - Start validation.
2026-01-25 21:39:01,737 - easytorch-training - INFO - Result <val>: [val_time: 19.42 (s), val_MAE: 13.4474, val_RMSE: 22.9878, val_MAPE: 10.0212]
2026-01-25 21:39:19,819 - easytorch-training - INFO - Evaluate best model on test data for horizon 1, Test MAE: 11.6473, Test RMSE: 19.3228, Test MAPE: 7.5708
2026-01-25 21:39:19,839 - easytorch-training - INFO - Evaluate best model on test data for horizon 2, Test MAE: 12.2158, Test RMSE: 20.6079, Test MAPE: 7.9195
2026-01-25 21:39:19,855 - easytorch-training - INFO - Evaluate best model on test data for horizon 3, Test MAE: 12.6770, Test RMSE: 21.6516, Test MAPE: 8.1484
2026-01-25 21:39:19,869 - easytorch-training - INFO - Evaluate best model on test data for horizon 4, Test MAE: 13.0278, Test RMSE: 22.4596, Test MAPE: 8.4001
2026-01-25 21:39:19,890 - easytorch-training - INFO - Evaluate best model on test data for horizon 5, Test MAE: 13.3374, Test RMSE: 23.1603, Test MAPE: 8.6096
2026-01-25 21:39:19,910 - easytorch-training - INFO - Evaluate best model on test data for horizon 6, Test MAE: 13.5773, Test RMSE: 23.7459, Test MAPE: 8.7323
2026-01-25 21:39:19,931 - easytorch-training - INFO - Evaluate best model on test data for horizon 7, Test MAE: 13.8545, Test RMSE: 24.3208, Test MAPE: 8.9879
2026-01-25 21:39:19,950 - easytorch-training - INFO - Evaluate best model on test data for horizon 8, Test MAE: 14.0838, Test RMSE: 24.7721, Test MAPE: 9.1836
2026-01-25 21:39:19,967 - easytorch-training - INFO - Evaluate best model on test data for horizon 9, Test MAE: 14.2955, Test RMSE: 25.1851, Test MAPE: 9.2368
2026-01-25 21:39:19,988 - easytorch-training - INFO - Evaluate best model on test data for horizon 10, Test MAE: 14.4823, Test RMSE: 25.5056, Test MAPE: 9.4074
2026-01-25 21:39:20,008 - easytorch-training - INFO - Evaluate best model on test data for horizon 11, Test MAE: 14.6468, Test RMSE: 25.7810, Test MAPE: 9.4965
2026-01-25 21:39:20,026 - easytorch-training - INFO - Evaluate best model on test data for horizon 12, Test MAE: 14.8202, Test RMSE: 26.0235, Test MAPE: 9.5977
2026-01-25 21:39:20,048 - easytorch-training - INFO - Result <test>: [test_time: 18.31 (s), test_MAE: 13.5555, test_RMSE: 23.6351, test_MAPE: 8.7742]
2026-01-25 21:39:20,392 - easytorch-training - INFO - Checkpoint checkpoints/STMAFNet_300/21afeca3ffc10cdf4e90589d029b0e70/STMAFNet_211.pt saved
2026-01-25 21:39:20,392 - easytorch-training - INFO - The estimated training finish time is 2026-01-26 01:44:28
2026-01-25 21:39:20,393 - easytorch-training - INFO - Epoch 212 / 300
2026-01-25 21:41:44,309 - easytorch-training - INFO - Result <train>: [train_time: 143.92 (s), lr: 6.25e-05, train_MAE: 12.0629, train_RMSE: 20.4354, train_MAPE: 8.0910]
2026-01-25 21:41:44,310 - easytorch-training - INFO - Start validation.
2026-01-25 21:42:03,126 - easytorch-training - INFO - Result <val>: [val_time: 18.82 (s), val_MAE: 13.4608, val_RMSE: 22.9962, val_MAPE: 10.0278]
2026-01-25 21:42:21,100 - easytorch-training - INFO - Evaluate best model on test data for horizon 1, Test MAE: 11.6463, Test RMSE: 19.3138, Test MAPE: 7.6055
2026-01-25 21:42:21,115 - easytorch-training - INFO - Evaluate best model on test data for horizon 2, Test MAE: 12.2359, Test RMSE: 20.6150, Test MAPE: 8.0282
2026-01-25 21:42:21,127 - easytorch-training - INFO - Evaluate best model on test data for horizon 3, Test MAE: 12.6863, Test RMSE: 21.6585, Test MAPE: 8.2190
2026-01-25 21:42:21,142 - easytorch-training - INFO - Evaluate best model on test data for horizon 4, Test MAE: 13.0206, Test RMSE: 22.4247, Test MAPE: 8.4006
2026-01-25 21:42:21,160 - easytorch-training - INFO - Evaluate best model on test data for horizon 5, Test MAE: 13.3425, Test RMSE: 23.1324, Test MAPE: 8.6090
2026-01-25 21:42:21,179 - easytorch-training - INFO - Evaluate best model on test data for horizon 6, Test MAE: 13.5897, Test RMSE: 23.7197, Test MAPE: 8.7721
2026-01-25 21:42:21,193 - easytorch-training - INFO - Evaluate best model on test data for horizon 7, Test MAE: 13.8434, Test RMSE: 24.2416, Test MAPE: 8.9057
2026-01-25 21:42:21,210 - easytorch-training - INFO - Evaluate best model on test data for horizon 8, Test MAE: 14.0803, Test RMSE: 24.7194, Test MAPE: 9.0671
2026-01-25 21:42:21,231 - easytorch-training - INFO - Evaluate best model on test data for horizon 9, Test MAE: 14.2992, Test RMSE: 25.1554, Test MAPE: 9.2267
2026-01-25 21:42:21,247 - easytorch-training - INFO - Evaluate best model on test data for horizon 10, Test MAE: 14.4697, Test RMSE: 25.4799, Test MAPE: 9.3647
2026-01-25 21:42:21,261 - easytorch-training - INFO - Evaluate best model on test data for horizon 11, Test MAE: 14.6618, Test RMSE: 25.7772, Test MAPE: 9.5045
2026-01-25 21:42:21,278 - easytorch-training - INFO - Evaluate best model on test data for horizon 12, Test MAE: 14.8240, Test RMSE: 26.0149, Test MAPE: 9.6734
2026-01-25 21:42:21,302 - easytorch-training - INFO - Result <test>: [test_time: 18.17 (s), test_MAE: 13.5583, test_RMSE: 23.6108, test_MAPE: 8.7814]
2026-01-25 21:42:21,652 - easytorch-training - INFO - Checkpoint checkpoints/STMAFNet_300/21afeca3ffc10cdf4e90589d029b0e70/STMAFNet_212.pt saved
2026-01-25 21:42:21,653 - easytorch-training - INFO - The estimated training finish time is 2026-01-26 01:44:51
2026-01-25 21:42:21,653 - easytorch-training - INFO - Epoch 213 / 300
2026-01-25 21:44:46,672 - easytorch-training - INFO - Result <train>: [train_time: 145.02 (s), lr: 6.25e-05, train_MAE: 12.0564, train_RMSE: 20.4336, train_MAPE: 8.0935]
2026-01-25 21:44:46,673 - easytorch-training - INFO - Start validation.
2026-01-25 21:45:05,502 - easytorch-training - INFO - Result <val>: [val_time: 18.83 (s), val_MAE: 13.4790, val_RMSE: 23.0293, val_MAPE: 10.0925]
2026-01-25 21:45:22,295 - easytorch-training - INFO - Evaluate best model on test data for horizon 1, Test MAE: 11.6642, Test RMSE: 19.3265, Test MAPE: 7.5436
2026-01-25 21:45:22,315 - easytorch-training - INFO - Evaluate best model on test data for horizon 2, Test MAE: 12.2109, Test RMSE: 20.5993, Test MAPE: 7.8674
2026-01-25 21:45:22,336 - easytorch-training - INFO - Evaluate best model on test data for horizon 3, Test MAE: 12.6933, Test RMSE: 21.6516, Test MAPE: 8.1292
2026-01-25 21:45:22,349 - easytorch-training - INFO - Evaluate best model on test data for horizon 4, Test MAE: 13.0266, Test RMSE: 22.4539, Test MAPE: 8.3875
2026-01-25 21:45:22,365 - easytorch-training - INFO - Evaluate best model on test data for horizon 5, Test MAE: 13.3382, Test RMSE: 23.1817, Test MAPE: 8.5662
2026-01-25 21:45:22,382 - easytorch-training - INFO - Evaluate best model on test data for horizon 6, Test MAE: 13.6030, Test RMSE: 23.7765, Test MAPE: 8.7260
2026-01-25 21:45:22,402 - easytorch-training - INFO - Evaluate best model on test data for horizon 7, Test MAE: 13.8634, Test RMSE: 24.3100, Test MAPE: 8.9056
2026-01-25 21:45:22,423 - easytorch-training - INFO - Evaluate best model on test data for horizon 8, Test MAE: 14.1002, Test RMSE: 24.7665, Test MAPE: 9.1043
2026-01-25 21:45:22,443 - easytorch-training - INFO - Evaluate best model on test data for horizon 9, Test MAE: 14.3123, Test RMSE: 25.1626, Test MAPE: 9.2125
2026-01-25 21:45:22,464 - easytorch-training - INFO - Evaluate best model on test data for horizon 10, Test MAE: 14.4847, Test RMSE: 25.4751, Test MAPE: 9.5180
2026-01-25 21:45:22,479 - easytorch-training - INFO - Evaluate best model on test data for horizon 11, Test MAE: 14.6635, Test RMSE: 25.7528, Test MAPE: 9.5955
2026-01-25 21:45:22,481 - easytorch-training - INFO - Evaluate best model on test data for horizon 12, Test MAE: 14.8710, Test RMSE: 26.0465, Test MAPE: 9.7097
2026-01-25 21:45:22,497 - easytorch-training - INFO - Result <test>: [test_time: 16.99 (s), test_MAE: 13.5693, test_RMSE: 23.6320, test_MAPE: 8.7721]
2026-01-25 21:45:22,838 - easytorch-training - INFO - Checkpoint checkpoints/STMAFNet_300/21afeca3ffc10cdf4e90589d029b0e70/STMAFNet_213.pt saved
2026-01-25 21:45:22,839 - easytorch-training - INFO - The estimated training finish time is 2026-01-26 01:45:13
2026-01-25 21:45:22,839 - easytorch-training - INFO - Epoch 214 / 300
2026-01-25 21:47:47,952 - easytorch-training - INFO - Result <train>: [train_time: 145.11 (s), lr: 6.25e-05, train_MAE: 12.0525, train_RMSE: 20.4334, train_MAPE: 8.0834]
2026-01-25 21:47:47,953 - easytorch-training - INFO - Start validation.
2026-01-25 21:48:06,731 - easytorch-training - INFO - Result <val>: [val_time: 18.78 (s), val_MAE: 13.4649, val_RMSE: 23.0460, val_MAPE: 10.0810]
2026-01-25 21:48:24,092 - easytorch-training - INFO - Evaluate best model on test data for horizon 1, Test MAE: 11.6321, Test RMSE: 19.3204, Test MAPE: 7.6429
2026-01-25 21:48:24,102 - easytorch-training - INFO - Evaluate best model on test data for horizon 2, Test MAE: 12.1935, Test RMSE: 20.6034, Test MAPE: 7.9192
2026-01-25 21:48:24,121 - easytorch-training - INFO - Evaluate best model on test data for horizon 3, Test MAE: 12.6422, Test RMSE: 21.6674, Test MAPE: 8.1601
2026-01-25 21:48:24,140 - easytorch-training - INFO - Evaluate best model on test data for horizon 4, Test MAE: 13.0030, Test RMSE: 22.4933, Test MAPE: 8.3798
2026-01-25 21:48:24,154 - easytorch-training - INFO - Evaluate best model on test data for horizon 5, Test MAE: 13.3204, Test RMSE: 23.2352, Test MAPE: 8.5990
2026-01-25 21:48:24,173 - easytorch-training - INFO - Evaluate best model on test data for horizon 6, Test MAE: 13.5587, Test RMSE: 23.7916, Test MAPE: 8.7459
2026-01-25 21:48:24,193 - easytorch-training - INFO - Evaluate best model on test data for horizon 7, Test MAE: 13.8443, Test RMSE: 24.3644, Test MAPE: 8.9303
2026-01-25 21:48:24,214 - easytorch-training - INFO - Evaluate best model on test data for horizon 8, Test MAE: 14.0717, Test RMSE: 24.8536, Test MAPE: 9.0804
2026-01-25 21:48:24,231 - easytorch-training - INFO - Evaluate best model on test data for horizon 9, Test MAE: 14.2763, Test RMSE: 25.2541, Test MAPE: 9.2264
2026-01-25 21:48:24,245 - easytorch-training - INFO - Evaluate best model on test data for horizon 10, Test MAE: 14.4655, Test RMSE: 25.5821, Test MAPE: 9.3746
2026-01-25 21:48:24,258 - easytorch-training - INFO - Evaluate best model on test data for horizon 11, Test MAE: 14.6304, Test RMSE: 25.8545, Test MAPE: 9.4830
2026-01-25 21:48:24,272 - easytorch-training - INFO - Evaluate best model on test data for horizon 12, Test MAE: 14.8248, Test RMSE: 26.0821, Test MAPE: 9.6597
2026-01-25 21:48:24,296 - easytorch-training - INFO - Result <test>: [test_time: 17.56 (s), test_MAE: 13.5386, test_RMSE: 23.6844, test_MAPE: 8.7668]
2026-01-25 21:48:24,639 - easytorch-training - INFO - Checkpoint checkpoints/STMAFNet_300/21afeca3ffc10cdf4e90589d029b0e70/STMAFNet_214.pt saved
2026-01-25 21:48:24,640 - easytorch-training - INFO - The estimated training finish time is 2026-01-26 01:45:36
2026-01-25 21:48:24,640 - easytorch-training - INFO - Epoch 215 / 300
2026-01-25 21:50:48,900 - easytorch-training - INFO - Result <train>: [train_time: 144.26 (s), lr: 6.25e-05, train_MAE: 12.0449, train_RMSE: 20.4112, train_MAPE: 8.0890]
2026-01-25 21:50:48,902 - easytorch-training - INFO - Start validation.
2026-01-25 21:51:07,496 - easytorch-training - INFO - Result <val>: [val_time: 18.59 (s), val_MAE: 13.4550, val_RMSE: 23.0204, val_MAPE: 10.0807]
2026-01-25 21:51:25,122 - easytorch-training - INFO - Evaluate best model on test data for horizon 1, Test MAE: 11.6572, Test RMSE: 19.3356, Test MAPE: 7.8068
2026-01-25 21:51:25,140 - easytorch-training - INFO - Evaluate best model on test data for horizon 2, Test MAE: 12.2534, Test RMSE: 20.6478, Test MAPE: 8.2114
2026-01-25 21:51:25,161 - easytorch-training - INFO - Evaluate best model on test data for horizon 3, Test MAE: 12.6874, Test RMSE: 21.7139, Test MAPE: 8.3219
2026-01-25 21:51:25,182 - easytorch-training - INFO - Evaluate best model on test data for horizon 4, Test MAE: 13.0468, Test RMSE: 22.5364, Test MAPE: 8.5042
2026-01-25 21:51:25,202 - easytorch-training - INFO - Evaluate best model on test data for horizon 5, Test MAE: 13.3488, Test RMSE: 23.2390, Test MAPE: 8.7981
2026-01-25 21:51:25,215 - easytorch-training - INFO - Evaluate best model on test data for horizon 6, Test MAE: 13.6003, Test RMSE: 23.8529, Test MAPE: 8.9479
2026-01-25 21:51:25,223 - easytorch-training - INFO - Evaluate best model on test data for horizon 7, Test MAE: 13.8584, Test RMSE: 24.3859, Test MAPE: 9.0953
2026-01-25 21:51:25,241 - easytorch-training - INFO - Evaluate best model on test data for horizon 8, Test MAE: 14.0930, Test RMSE: 24.8598, Test MAPE: 9.1735
2026-01-25 21:51:25,260 - easytorch-training - INFO - Evaluate best model on test data for horizon 9, Test MAE: 14.2928, Test RMSE: 25.2522, Test MAPE: 9.3228
2026-01-25 21:51:25,274 - easytorch-training - INFO - Evaluate best model on test data for horizon 10, Test MAE: 14.4787, Test RMSE: 25.5870, Test MAPE: 9.4752
2026-01-25 21:51:25,293 - easytorch-training - INFO - Evaluate best model on test data for horizon 11, Test MAE: 14.6341, Test RMSE: 25.8332, Test MAPE: 9.6012
2026-01-25 21:51:25,313 - easytorch-training - INFO - Evaluate best model on test data for horizon 12, Test MAE: 14.8369, Test RMSE: 26.0994, Test MAPE: 9.7430
2026-01-25 21:51:25,337 - easytorch-training - INFO - Result <test>: [test_time: 17.84 (s), test_MAE: 13.5656, test_RMSE: 23.7033, test_MAPE: 8.9168]
2026-01-25 21:51:25,683 - easytorch-training - INFO - Checkpoint checkpoints/STMAFNet_300/21afeca3ffc10cdf4e90589d029b0e70/STMAFNet_215.pt saved
2026-01-25 21:51:25,684 - easytorch-training - INFO - The estimated training finish time is 2026-01-26 01:45:58
2026-01-25 21:51:25,684 - easytorch-training - INFO - Epoch 216 / 300
2026-01-25 21:53:49,283 - easytorch-training - INFO - Result <train>: [train_time: 143.60 (s), lr: 6.25e-05, train_MAE: 12.0455, train_RMSE: 20.4147, train_MAPE: 8.0827]
2026-01-25 21:53:49,285 - easytorch-training - INFO - Start validation.
2026-01-25 21:54:08,084 - easytorch-training - INFO - Result <val>: [val_time: 18.80 (s), val_MAE: 13.4677, val_RMSE: 23.0263, val_MAPE: 10.1484]
2026-01-25 21:54:26,146 - easytorch-training - INFO - Evaluate best model on test data for horizon 1, Test MAE: 11.6510, Test RMSE: 19.3172, Test MAPE: 7.7889
2026-01-25 21:54:26,156 - easytorch-training - INFO - Evaluate best model on test data for horizon 2, Test MAE: 12.2117, Test RMSE: 20.5919, Test MAPE: 7.9792
2026-01-25 21:54:26,171 - easytorch-training - INFO - Evaluate best model on test data for horizon 3, Test MAE: 12.6699, Test RMSE: 21.6117, Test MAPE: 8.3311
2026-01-25 21:54:26,191 - easytorch-training - INFO - Evaluate best model on test data for horizon 4, Test MAE: 13.0245, Test RMSE: 22.4227, Test MAPE: 8.4575
2026-01-25 21:54:26,212 - easytorch-training - INFO - Evaluate best model on test data for horizon 5, Test MAE: 13.3225, Test RMSE: 23.1057, Test MAPE: 8.6914
2026-01-25 21:54:26,233 - easytorch-training - INFO - Evaluate best model on test data for horizon 6, Test MAE: 13.5732, Test RMSE: 23.6960, Test MAPE: 8.8123
2026-01-25 21:54:26,253 - easytorch-training - INFO - Evaluate best model on test data for horizon 7, Test MAE: 13.8374, Test RMSE: 24.2390, Test MAPE: 8.9234
2026-01-25 21:54:26,274 - easytorch-training - INFO - Evaluate best model on test data for horizon 8, Test MAE: 14.0922, Test RMSE: 24.7437, Test MAPE: 9.1531
2026-01-25 21:54:26,294 - easytorch-training - INFO - Evaluate best model on test data for horizon 9, Test MAE: 14.3072, Test RMSE: 25.1739, Test MAPE: 9.3495
2026-01-25 21:54:26,311 - easytorch-training - INFO - Evaluate best model on test data for horizon 10, Test MAE: 14.4822, Test RMSE: 25.5226, Test MAPE: 9.4932
2026-01-25 21:54:26,324 - easytorch-training - INFO - Evaluate best model on test data for horizon 11, Test MAE: 14.6678, Test RMSE: 25.8251, Test MAPE: 9.7132
2026-01-25 21:54:26,337 - easytorch-training - INFO - Evaluate best model on test data for horizon 12, Test MAE: 14.8363, Test RMSE: 26.0649, Test MAPE: 9.7137
2026-01-25 21:54:26,355 - easytorch-training - INFO - Result <test>: [test_time: 18.27 (s), test_MAE: 13.5563, test_RMSE: 23.6178, test_MAPE: 8.8672]
2026-01-25 21:54:26,700 - easytorch-training - INFO - Checkpoint checkpoints/STMAFNet_300/21afeca3ffc10cdf4e90589d029b0e70/STMAFNet_216.pt saved
2026-01-25 21:54:26,701 - easytorch-training - INFO - The estimated training finish time is 2026-01-26 01:46:19
2026-01-25 21:54:26,701 - easytorch-training - INFO - Epoch 217 / 300
2026-01-25 21:56:50,117 - easytorch-training - INFO - Result <train>: [train_time: 143.42 (s), lr: 6.25e-05, train_MAE: 12.0409, train_RMSE: 20.4083, train_MAPE: 8.0836]
2026-01-25 21:56:50,118 - easytorch-training - INFO - Start validation.
2026-01-25 21:57:09,500 - easytorch-training - INFO - Result <val>: [val_time: 19.38 (s), val_MAE: 13.4499, val_RMSE: 22.9780, val_MAPE: 9.9278]
2026-01-25 21:57:27,546 - easytorch-training - INFO - Evaluate best model on test data for horizon 1, Test MAE: 11.6534, Test RMSE: 19.3082, Test MAPE: 7.5944
2026-01-25 21:57:27,560 - easytorch-training - INFO - Evaluate best model on test data for horizon 2, Test MAE: 12.2136, Test RMSE: 20.5915, Test MAPE: 7.8748
2026-01-25 21:57:27,579 - easytorch-training - INFO - Evaluate best model on test data for horizon 3, Test MAE: 12.6467, Test RMSE: 21.6427, Test MAPE: 8.1342
2026-01-25 21:57:27,599 - easytorch-training - INFO - Evaluate best model on test data for horizon 4, Test MAE: 13.0175, Test RMSE: 22.4439, Test MAPE: 8.3773
2026-01-25 21:57:27,620 - easytorch-training - INFO - Evaluate best model on test data for horizon 5, Test MAE: 13.3172, Test RMSE: 23.1454, Test MAPE: 8.5894
2026-01-25 21:57:27,640 - easytorch-training - INFO - Evaluate best model on test data for horizon 6, Test MAE: 13.5697, Test RMSE: 23.7372, Test MAPE: 8.7732
2026-01-25 21:57:27,661 - easytorch-training - INFO - Evaluate best model on test data for horizon 7, Test MAE: 13.8287, Test RMSE: 24.2645, Test MAPE: 8.9153
2026-01-25 21:57:27,676 - easytorch-training - INFO - Evaluate best model on test data for horizon 8, Test MAE: 14.0661, Test RMSE: 24.7483, Test MAPE: 9.0670
2026-01-25 21:57:27,690 - easytorch-training - INFO - Evaluate best model on test data for horizon 9, Test MAE: 14.2974, Test RMSE: 25.2102, Test MAPE: 9.2430
2026-01-25 21:57:27,706 - easytorch-training - INFO - Evaluate best model on test data for horizon 10, Test MAE: 14.4856, Test RMSE: 25.5560, Test MAPE: 9.3676
2026-01-25 21:57:27,726 - easytorch-training - INFO - Evaluate best model on test data for horizon 11, Test MAE: 14.6495, Test RMSE: 25.8545, Test MAPE: 9.4873
2026-01-25 21:57:27,744 - easytorch-training - INFO - Evaluate best model on test data for horizon 12, Test MAE: 14.8301, Test RMSE: 26.1158, Test MAPE: 9.5982
2026-01-25 21:57:27,766 - easytorch-training - INFO - Result <test>: [test_time: 18.26 (s), test_MAE: 13.5480, test_RMSE: 23.6441, test_MAPE: 8.7518]
2026-01-25 21:57:28,135 - easytorch-training - INFO - Checkpoint checkpoints/STMAFNet_300/21afeca3ffc10cdf4e90589d029b0e70/STMAFNet_217.pt saved
2026-01-25 21:57:28,136 - easytorch-training - INFO - The estimated training finish time is 2026-01-26 01:46:41
2026-01-25 21:57:28,136 - easytorch-training - INFO - Epoch 218 / 300
2026-01-25 21:59:51,974 - easytorch-training - INFO - Result <train>: [train_time: 143.84 (s), lr: 6.25e-05, train_MAE: 12.0334, train_RMSE: 20.3963, train_MAPE: 8.0742]
2026-01-25 21:59:51,975 - easytorch-training - INFO - Start validation.
2026-01-25 22:00:10,919 - easytorch-training - INFO - Result <val>: [val_time: 18.94 (s), val_MAE: 13.4804, val_RMSE: 23.0616, val_MAPE: 10.2735]
2026-01-25 22:00:28,990 - easytorch-training - INFO - Evaluate best model on test data for horizon 1, Test MAE: 11.6477, Test RMSE: 19.2771, Test MAPE: 7.7155
2026-01-25 22:00:29,011 - easytorch-training - INFO - Evaluate best model on test data for horizon 2, Test MAE: 12.1984, Test RMSE: 20.5600, Test MAPE: 8.0677
2026-01-25 22:00:29,026 - easytorch-training - INFO - Evaluate best model on test data for horizon 3, Test MAE: 12.6658, Test RMSE: 21.6295, Test MAPE: 8.4475
2026-01-25 22:00:29,046 - easytorch-training - INFO - Evaluate best model on test data for horizon 4, Test MAE: 13.0098, Test RMSE: 22.4009, Test MAPE: 8.5181
2026-01-25 22:00:29,067 - easytorch-training - INFO - Evaluate best model on test data for horizon 5, Test MAE: 13.3384, Test RMSE: 23.1292, Test MAPE: 8.7554
2026-01-25 22:00:29,088 - easytorch-training - INFO - Evaluate best model on test data for horizon 6, Test MAE: 13.5923, Test RMSE: 23.7373, Test MAPE: 9.0332
2026-01-25 22:00:29,107 - easytorch-training - INFO - Evaluate best model on test data for horizon 7, Test MAE: 13.8708, Test RMSE: 24.3038, Test MAPE: 9.1958
2026-01-25 22:00:29,123 - easytorch-training - INFO - Evaluate best model on test data for horizon 8, Test MAE: 14.0913, Test RMSE: 24.7847, Test MAPE: 9.1296
2026-01-25 22:00:29,144 - easytorch-training - INFO - Evaluate best model on test data for horizon 9, Test MAE: 14.3332, Test RMSE: 25.2482, Test MAPE: 9.4740
2026-01-25 22:00:29,162 - easytorch-training - INFO - Evaluate best model on test data for horizon 10, Test MAE: 14.4994, Test RMSE: 25.5631, Test MAPE: 9.5722
2026-01-25 22:00:29,176 - easytorch-training - INFO - Evaluate best model on test data for horizon 11, Test MAE: 14.6701, Test RMSE: 25.8541, Test MAPE: 9.6217
2026-01-25 22:00:29,191 - easytorch-training - INFO - Evaluate best model on test data for horizon 12, Test MAE: 14.8495, Test RMSE: 26.0735, Test MAPE: 9.8923
2026-01-25 22:00:29,212 - easytorch-training - INFO - Result <test>: [test_time: 18.29 (s), test_MAE: 13.5639, test_RMSE: 23.6406, test_MAPE: 8.9519]
2026-01-25 22:00:29,557 - easytorch-training - INFO - Checkpoint checkpoints/STMAFNet_300/21afeca3ffc10cdf4e90589d029b0e70/STMAFNet_218.pt saved
2026-01-25 22:00:29,558 - easytorch-training - INFO - The estimated training finish time is 2026-01-26 01:47:03
2026-01-25 22:00:29,558 - easytorch-training - INFO - Epoch 219 / 300
2026-01-25 22:02:54,499 - easytorch-training - INFO - Result <train>: [train_time: 144.94 (s), lr: 6.25e-05, train_MAE: 12.0360, train_RMSE: 20.3978, train_MAPE: 8.0746]
2026-01-25 22:02:54,501 - easytorch-training - INFO - Start validation.
2026-01-25 22:03:12,943 - easytorch-training - INFO - Result <val>: [val_time: 18.44 (s), val_MAE: 13.4658, val_RMSE: 23.0531, val_MAPE: 9.9864]
2026-01-25 22:03:30,273 - easytorch-training - INFO - Evaluate best model on test data for horizon 1, Test MAE: 11.6248, Test RMSE: 19.2955, Test MAPE: 7.7195
2026-01-25 22:03:30,294 - easytorch-training - INFO - Evaluate best model on test data for horizon 2, Test MAE: 12.2078, Test RMSE: 20.5678, Test MAPE: 8.1444
2026-01-25 22:03:30,315 - easytorch-training - INFO - Evaluate best model on test data for horizon 3, Test MAE: 12.6620, Test RMSE: 21.6482, Test MAPE: 8.1293
2026-01-25 22:03:30,335 - easytorch-training - INFO - Evaluate best model on test data for horizon 4, Test MAE: 13.0256, Test RMSE: 22.4607, Test MAPE: 8.4025
2026-01-25 22:03:30,349 - easytorch-training - INFO - Evaluate best model on test data for horizon 5, Test MAE: 13.3439, Test RMSE: 23.1831, Test MAPE: 8.5700
2026-01-25 22:03:30,365 - easytorch-training - INFO - Evaluate best model on test data for horizon 6, Test MAE: 13.5819, Test RMSE: 23.8011, Test MAPE: 8.7617
2026-01-25 22:03:30,386 - easytorch-training - INFO - Evaluate best model on test data for horizon 7, Test MAE: 13.8517, Test RMSE: 24.3525, Test MAPE: 8.9383
2026-01-25 22:03:30,407 - easytorch-training - INFO - Evaluate best model on test data for horizon 8, Test MAE: 14.0957, Test RMSE: 24.8454, Test MAPE: 9.0994
2026-01-25 22:03:30,427 - easytorch-training - INFO - Evaluate best model on test data for horizon 9, Test MAE: 14.3102, Test RMSE: 25.2383, Test MAPE: 9.3097
2026-01-25 22:03:30,441 - easytorch-training - INFO - Evaluate best model on test data for horizon 10, Test MAE: 14.4643, Test RMSE: 25.5805, Test MAPE: 9.4144
2026-01-25 22:03:30,458 - easytorch-training - INFO - Evaluate best model on test data for horizon 11, Test MAE: 14.6424, Test RMSE: 25.8634, Test MAPE: 9.4720
2026-01-25 22:03:30,478 - easytorch-training - INFO - Evaluate best model on test data for horizon 12, Test MAE: 14.8255, Test RMSE: 26.1150, Test MAPE: 9.6019
2026-01-25 22:03:30,502 - easytorch-training - INFO - Result <test>: [test_time: 17.56 (s), test_MAE: 13.5530, test_RMSE: 23.6731, test_MAPE: 8.7969]
2026-01-25 22:03:30,846 - easytorch-training - INFO - Checkpoint checkpoints/STMAFNet_300/21afeca3ffc10cdf4e90589d029b0e70/STMAFNet_219.pt saved
2026-01-25 22:03:30,847 - easytorch-training - INFO - The estimated training finish time is 2026-01-26 01:47:24
2026-01-25 22:03:30,847 - easytorch-training - INFO - Epoch 220 / 300
2026-01-25 22:05:57,283 - easytorch-training - INFO - Result <train>: [train_time: 146.44 (s), lr: 6.25e-05, train_MAE: 12.0307, train_RMSE: 20.3830, train_MAPE: 8.0805]
2026-01-25 22:05:57,285 - easytorch-training - INFO - Start validation.
2026-01-25 22:06:15,687 - easytorch-training - INFO - Result <val>: [val_time: 18.40 (s), val_MAE: 13.4804, val_RMSE: 23.0689, val_MAPE: 10.1289]
2026-01-25 22:06:32,653 - easytorch-training - INFO - Evaluate best model on test data for horizon 1, Test MAE: 11.6200, Test RMSE: 19.2835, Test MAPE: 7.6580
2026-01-25 22:06:32,673 - easytorch-training - INFO - Evaluate best model on test data for horizon 2, Test MAE: 12.2011, Test RMSE: 20.5717, Test MAPE: 7.9569
2026-01-25 22:06:32,690 - easytorch-training - INFO - Evaluate best model on test data for horizon 3, Test MAE: 12.6663, Test RMSE: 21.6454, Test MAPE: 8.2134
2026-01-25 22:06:32,710 - easytorch-training - INFO - Evaluate best model on test data for horizon 4, Test MAE: 13.0161, Test RMSE: 22.4156, Test MAPE: 8.4616
2026-01-25 22:06:32,731 - easytorch-training - INFO - Evaluate best model on test data for horizon 5, Test MAE: 13.3466, Test RMSE: 23.1359, Test MAPE: 8.6903
2026-01-25 22:06:32,748 - easytorch-training - INFO - Evaluate best model on test data for horizon 6, Test MAE: 13.6036, Test RMSE: 23.7690, Test MAPE: 8.8851
2026-01-25 22:06:32,756 - easytorch-training - INFO - Evaluate best model on test data for horizon 7, Test MAE: 13.8605, Test RMSE: 24.3186, Test MAPE: 8.9259
2026-01-25 22:06:32,772 - easytorch-training - INFO - Evaluate best model on test data for horizon 8, Test MAE: 14.0935, Test RMSE: 24.7958, Test MAPE: 9.0922
2026-01-25 22:06:32,788 - easytorch-training - INFO - Evaluate best model on test data for horizon 9, Test MAE: 14.3250, Test RMSE: 25.2203, Test MAPE: 9.2682
2026-01-25 22:06:32,802 - easytorch-training - INFO - Evaluate best model on test data for horizon 10, Test MAE: 14.5137, Test RMSE: 25.5601, Test MAPE: 9.3653
2026-01-25 22:06:32,823 - easytorch-training - INFO - Evaluate best model on test data for horizon 11, Test MAE: 14.6864, Test RMSE: 25.8359, Test MAPE: 9.5790
2026-01-25 22:06:32,844 - easytorch-training - INFO - Evaluate best model on test data for horizon 12, Test MAE: 14.8547, Test RMSE: 26.0621, Test MAPE: 9.6609
2026-01-25 22:06:32,868 - easytorch-training - INFO - Result <test>: [test_time: 17.18 (s), test_MAE: 13.5656, test_RMSE: 23.6442, test_MAPE: 8.8131]
2026-01-25 22:06:33,296 - easytorch-training - INFO - Checkpoint checkpoints/STMAFNet_300/21afeca3ffc10cdf4e90589d029b0e70/STMAFNet_220.pt saved
2026-01-25 22:06:33,327 - easytorch-training - INFO - The estimated training finish time is 2026-01-26 01:47:47
2026-01-25 22:06:33,327 - easytorch-training - INFO - Epoch 221 / 300
2026-01-25 22:08:58,909 - easytorch-training - INFO - Result <train>: [train_time: 145.58 (s), lr: 6.25e-05, train_MAE: 12.0267, train_RMSE: 20.3811, train_MAPE: 8.0726]
2026-01-25 22:08:58,911 - easytorch-training - INFO - Start validation.
2026-01-25 22:09:18,226 - easytorch-training - INFO - Result <val>: [val_time: 19.31 (s), val_MAE: 13.4782, val_RMSE: 23.0825, val_MAPE: 10.0896]
2026-01-25 22:09:35,599 - easytorch-training - INFO - Evaluate best model on test data for horizon 1, Test MAE: 11.6440, Test RMSE: 19.3320, Test MAPE: 7.6124
2026-01-25 22:09:35,619 - easytorch-training - INFO - Evaluate best model on test data for horizon 2, Test MAE: 12.2341, Test RMSE: 20.6557, Test MAPE: 8.0749
2026-01-25 22:09:35,635 - easytorch-training - INFO - Evaluate best model on test data for horizon 3, Test MAE: 12.7036, Test RMSE: 21.7626, Test MAPE: 8.2679
2026-01-25 22:09:35,646 - easytorch-training - INFO - Evaluate best model on test data for horizon 4, Test MAE: 13.0573, Test RMSE: 22.5673, Test MAPE: 8.4129
2026-01-25 22:09:35,658 - easytorch-training - INFO - Evaluate best model on test data for horizon 5, Test MAE: 13.3627, Test RMSE: 23.2604, Test MAPE: 8.6258
2026-01-25 22:09:35,674 - easytorch-training - INFO - Evaluate best model on test data for horizon 6, Test MAE: 13.6252, Test RMSE: 23.8533, Test MAPE: 8.8319
2026-01-25 22:09:35,692 - easytorch-training - INFO - Evaluate best model on test data for horizon 7, Test MAE: 13.8695, Test RMSE: 24.3545, Test MAPE: 8.9561
2026-01-25 22:09:35,711 - easytorch-training - INFO - Evaluate best model on test data for horizon 8, Test MAE: 14.1103, Test RMSE: 24.8255, Test MAPE: 9.1252
2026-01-25 22:09:35,731 - easytorch-training - INFO - Evaluate best model on test data for horizon 9, Test MAE: 14.3299, Test RMSE: 25.2546, Test MAPE: 9.2405
2026-01-25 22:09:35,752 - easytorch-training - INFO - Evaluate best model on test data for horizon 10, Test MAE: 14.4881, Test RMSE: 25.5536, Test MAPE: 9.3844
2026-01-25 22:09:35,772 - easytorch-training - INFO - Evaluate best model on test data for horizon 11, Test MAE: 14.6739, Test RMSE: 25.8628, Test MAPE: 9.5309
2026-01-25 22:09:35,792 - easytorch-training - INFO - Evaluate best model on test data for horizon 12, Test MAE: 14.8668, Test RMSE: 26.1226, Test MAPE: 9.6722
2026-01-25 22:09:35,809 - easytorch-training - INFO - Result <test>: [test_time: 17.58 (s), test_MAE: 13.5805, test_RMSE: 23.7079, test_MAPE: 8.8112]
2026-01-25 22:09:36,154 - easytorch-training - INFO - Checkpoint checkpoints/STMAFNet_300/21afeca3ffc10cdf4e90589d029b0e70/STMAFNet_221.pt saved
2026-01-25 22:09:36,155 - easytorch-training - INFO - The estimated training finish time is 2026-01-26 01:48:10
2026-01-25 22:09:36,155 - easytorch-training - INFO - Epoch 222 / 300
2026-01-25 22:12:00,309 - easytorch-training - INFO - Result <train>: [train_time: 144.15 (s), lr: 6.25e-05, train_MAE: 12.0236, train_RMSE: 20.3758, train_MAPE: 8.0693]
2026-01-25 22:12:00,310 - easytorch-training - INFO - Start validation.
2026-01-25 22:12:19,702 - easytorch-training - INFO - Result <val>: [val_time: 19.39 (s), val_MAE: 13.4524, val_RMSE: 23.0062, val_MAPE: 10.0551]
2026-01-25 22:12:37,683 - easytorch-training - INFO - Evaluate best model on test data for horizon 1, Test MAE: 11.6378, Test RMSE: 19.3321, Test MAPE: 7.6812
2026-01-25 22:12:37,694 - easytorch-training - INFO - Evaluate best model on test data for horizon 2, Test MAE: 12.2079, Test RMSE: 20.6136, Test MAPE: 7.9233
2026-01-25 22:12:37,709 - easytorch-training - INFO - Evaluate best model on test data for horizon 3, Test MAE: 12.6616, Test RMSE: 21.6507, Test MAPE: 8.1378
2026-01-25 22:12:37,729 - easytorch-training - INFO - Evaluate best model on test data for horizon 4, Test MAE: 13.0195, Test RMSE: 22.4528, Test MAPE: 8.4033
2026-01-25 22:12:37,750 - easytorch-training - INFO - Evaluate best model on test data for horizon 5, Test MAE: 13.3130, Test RMSE: 23.1319, Test MAPE: 8.5792
2026-01-25 22:12:37,767 - easytorch-training - INFO - Evaluate best model on test data for horizon 6, Test MAE: 13.5691, Test RMSE: 23.7390, Test MAPE: 8.7332
2026-01-25 22:12:37,781 - easytorch-training - INFO - Evaluate best model on test data for horizon 7, Test MAE: 13.8229, Test RMSE: 24.2474, Test MAPE: 8.9510
2026-01-25 22:12:37,801 - easytorch-training - INFO - Evaluate best model on test data for horizon 8, Test MAE: 14.0749, Test RMSE: 24.7647, Test MAPE: 9.0927
2026-01-25 22:12:37,814 - easytorch-training - INFO - Evaluate best model on test data for horizon 9, Test MAE: 14.2925, Test RMSE: 25.2024, Test MAPE: 9.2586
2026-01-25 22:12:37,822 - easytorch-training - INFO - Evaluate best model on test data for horizon 10, Test MAE: 14.4831, Test RMSE: 25.5424, Test MAPE: 9.5887
2026-01-25 22:12:37,837 - easytorch-training - INFO - Evaluate best model on test data for horizon 11, Test MAE: 14.6653, Test RMSE: 25.8345, Test MAPE: 9.5961
2026-01-25 22:12:37,857 - easytorch-training - INFO - Evaluate best model on test data for horizon 12, Test MAE: 14.8464, Test RMSE: 26.0992, Test MAPE: 9.6584
2026-01-25 22:12:37,881 - easytorch-training - INFO - Result <test>: [test_time: 18.18 (s), test_MAE: 13.5495, test_RMSE: 23.6424, test_MAPE: 8.8003]
2026-01-25 22:12:38,229 - easytorch-training - INFO - Checkpoint checkpoints/STMAFNet_300/21afeca3ffc10cdf4e90589d029b0e70/STMAFNet_222.pt saved
2026-01-25 22:12:38,230 - easytorch-training - INFO - The estimated training finish time is 2026-01-26 01:48:32
2026-01-25 22:12:38,230 - easytorch-training - INFO - Epoch 223 / 300
2026-01-25 22:15:01,892 - easytorch-training - INFO - Result <train>: [train_time: 143.66 (s), lr: 6.25e-05, train_MAE: 12.0178, train_RMSE: 20.3646, train_MAPE: 8.0675]
2026-01-25 22:15:01,894 - easytorch-training - INFO - Start validation.
2026-01-25 22:15:21,299 - easytorch-training - INFO - Result <val>: [val_time: 19.40 (s), val_MAE: 13.4478, val_RMSE: 23.0056, val_MAPE: 9.9704]
2026-01-25 22:15:39,358 - easytorch-training - INFO - Evaluate best model on test data for horizon 1, Test MAE: 11.6346, Test RMSE: 19.3264, Test MAPE: 7.6038
2026-01-25 22:15:39,378 - easytorch-training - INFO - Evaluate best model on test data for horizon 2, Test MAE: 12.1934, Test RMSE: 20.6057, Test MAPE: 7.8964
2026-01-25 22:15:39,399 - easytorch-training - INFO - Evaluate best model on test data for horizon 3, Test MAE: 12.6432, Test RMSE: 21.6214, Test MAPE: 8.1635
2026-01-25 22:15:39,419 - easytorch-training - INFO - Evaluate best model on test data for horizon 4, Test MAE: 13.0044, Test RMSE: 22.4163, Test MAPE: 8.3885
2026-01-25 22:15:39,435 - easytorch-training - INFO - Evaluate best model on test data for horizon 5, Test MAE: 13.2988, Test RMSE: 23.0984, Test MAPE: 8.5809
2026-01-25 22:15:39,456 - easytorch-training - INFO - Evaluate best model on test data for horizon 6, Test MAE: 13.5677, Test RMSE: 23.6979, Test MAPE: 8.7636
2026-01-25 22:15:39,471 - easytorch-training - INFO - Evaluate best model on test data for horizon 7, Test MAE: 13.8102, Test RMSE: 24.1973, Test MAPE: 8.9050
2026-01-25 22:15:39,487 - easytorch-training - INFO - Evaluate best model on test data for horizon 8, Test MAE: 14.0664, Test RMSE: 24.7272, Test MAPE: 9.0722
2026-01-25 22:15:39,507 - easytorch-training - INFO - Evaluate best model on test data for horizon 9, Test MAE: 14.2695, Test RMSE: 25.1548, Test MAPE: 9.1754
2026-01-25 22:15:39,528 - easytorch-training - INFO - Evaluate best model on test data for horizon 10, Test MAE: 14.4483, Test RMSE: 25.4927, Test MAPE: 9.3428
2026-01-25 22:15:39,549 - easytorch-training - INFO - Evaluate best model on test data for horizon 11, Test MAE: 14.6378, Test RMSE: 25.7980, Test MAPE: 9.4969
2026-01-25 22:15:39,569 - easytorch-training - INFO - Evaluate best model on test data for horizon 12, Test MAE: 14.8178, Test RMSE: 26.0552, Test MAPE: 9.6058
2026-01-25 22:15:39,591 - easytorch-training - INFO - Result <test>: [test_time: 18.29 (s), test_MAE: 13.5327, test_RMSE: 23.6065, test_MAPE: 8.7496]
2026-01-25 22:15:39,937 - easytorch-training - INFO - Checkpoint checkpoints/STMAFNet_300/21afeca3ffc10cdf4e90589d029b0e70/STMAFNet_223.pt saved
2026-01-25 22:15:39,938 - easytorch-training - INFO - The estimated training finish time is 2026-01-26 01:48:53
2026-01-25 22:15:39,938 - easytorch-training - INFO - Epoch 224 / 300
2026-01-25 22:18:03,458 - easytorch-training - INFO - Result <train>: [train_time: 143.52 (s), lr: 6.25e-05, train_MAE: 12.0170, train_RMSE: 20.3630, train_MAPE: 8.0660]
2026-01-25 22:18:03,460 - easytorch-training - INFO - Start validation.
2026-01-25 22:18:22,891 - easytorch-training - INFO - Result <val>: [val_time: 19.43 (s), val_MAE: 13.4413, val_RMSE: 23.0082, val_MAPE: 9.9792]
2026-01-25 22:18:40,403 - easytorch-training - INFO - Evaluate best model on test data for horizon 1, Test MAE: 11.6412, Test RMSE: 19.3090, Test MAPE: 7.5828
2026-01-25 22:18:40,423 - easytorch-training - INFO - Evaluate best model on test data for horizon 2, Test MAE: 12.1988, Test RMSE: 20.6019, Test MAPE: 7.9127
2026-01-25 22:18:40,444 - easytorch-training - INFO - Evaluate best model on test data for horizon 3, Test MAE: 12.6622, Test RMSE: 21.6564, Test MAPE: 8.2457
2026-01-25 22:18:40,463 - easytorch-training - INFO - Evaluate best model on test data for horizon 4, Test MAE: 13.0088, Test RMSE: 22.4577, Test MAPE: 8.3851
2026-01-25 22:18:40,477 - easytorch-training - INFO - Evaluate best model on test data for horizon 5, Test MAE: 13.3094, Test RMSE: 23.1478, Test MAPE: 8.5978
2026-01-25 22:18:40,491 - easytorch-training - INFO - Evaluate best model on test data for horizon 6, Test MAE: 13.5543, Test RMSE: 23.7366, Test MAPE: 8.7211
2026-01-25 22:18:40,512 - easytorch-training - INFO - Evaluate best model on test data for horizon 7, Test MAE: 13.8099, Test RMSE: 24.2646, Test MAPE: 8.9112
2026-01-25 22:18:40,533 - easytorch-training - INFO - Evaluate best model on test data for horizon 8, Test MAE: 14.0414, Test RMSE: 24.7287, Test MAPE: 9.0521
2026-01-25 22:18:40,553 - easytorch-training - INFO - Evaluate best model on test data for horizon 9, Test MAE: 14.2638, Test RMSE: 25.1544, Test MAPE: 9.2133
2026-01-25 22:18:40,574 - easytorch-training - INFO - Evaluate best model on test data for horizon 10, Test MAE: 14.4357, Test RMSE: 25.4899, Test MAPE: 9.3338
2026-01-25 22:18:40,589 - easytorch-training - INFO - Evaluate best model on test data for horizon 11, Test MAE: 14.6001, Test RMSE: 25.7646, Test MAPE: 9.4495
2026-01-25 22:18:40,599 - easytorch-training - INFO - Evaluate best model on test data for horizon 12, Test MAE: 14.7706, Test RMSE: 25.9981, Test MAPE: 9.5739
2026-01-25 22:18:40,616 - easytorch-training - INFO - Result <test>: [test_time: 17.72 (s), test_MAE: 13.5247, test_RMSE: 23.6156, test_MAPE: 8.7482]
2026-01-25 22:18:41,048 - easytorch-training - INFO - Checkpoint checkpoints/STMAFNet_300/21afeca3ffc10cdf4e90589d029b0e70/STMAFNet_224.pt saved
2026-01-25 22:18:41,049 - easytorch-training - INFO - The estimated training finish time is 2026-01-26 01:49:13
2026-01-25 22:18:41,049 - easytorch-training - INFO - Epoch 225 / 300
2026-01-25 22:21:05,019 - easytorch-training - INFO - Result <train>: [train_time: 143.97 (s), lr: 6.25e-05, train_MAE: 12.0159, train_RMSE: 20.3575, train_MAPE: 8.0695]
2026-01-25 22:21:05,021 - easytorch-training - INFO - Start validation.
2026-01-25 22:21:24,021 - easytorch-training - INFO - Result <val>: [val_time: 19.00 (s), val_MAE: 13.4790, val_RMSE: 23.0639, val_MAPE: 10.0937]
2026-01-25 22:21:41,306 - easytorch-training - INFO - Evaluate best model on test data for horizon 1, Test MAE: 11.6411, Test RMSE: 19.3244, Test MAPE: 7.7270
2026-01-25 22:21:41,319 - easytorch-training - INFO - Evaluate best model on test data for horizon 2, Test MAE: 12.2163, Test RMSE: 20.6067, Test MAPE: 8.1304
2026-01-25 22:21:41,337 - easytorch-training - INFO - Evaluate best model on test data for horizon 3, Test MAE: 12.6649, Test RMSE: 21.6528, Test MAPE: 8.3301
2026-01-25 22:21:41,353 - easytorch-training - INFO - Evaluate best model on test data for horizon 4, Test MAE: 13.0394, Test RMSE: 22.4970, Test MAPE: 8.5602
2026-01-25 22:21:41,373 - easytorch-training - INFO - Evaluate best model on test data for horizon 5, Test MAE: 13.3489, Test RMSE: 23.2079, Test MAPE: 8.7987
2026-01-25 22:21:41,394 - easytorch-training - INFO - Evaluate best model on test data for horizon 6, Test MAE: 13.6077, Test RMSE: 23.8227, Test MAPE: 8.8416
2026-01-25 22:21:41,412 - easytorch-training - INFO - Evaluate best model on test data for horizon 7, Test MAE: 13.8814, Test RMSE: 24.3642, Test MAPE: 8.9668
2026-01-25 22:21:41,426 - easytorch-training - INFO - Evaluate best model on test data for horizon 8, Test MAE: 14.1289, Test RMSE: 24.8520, Test MAPE: 9.1723
2026-01-25 22:21:41,447 - easytorch-training - INFO - Evaluate best model on test data for horizon 9, Test MAE: 14.3446, Test RMSE: 25.2432, Test MAPE: 9.3444
2026-01-25 22:21:41,465 - easytorch-training - INFO - Evaluate best model on test data for horizon 10, Test MAE: 14.5289, Test RMSE: 25.5775, Test MAPE: 9.5185
2026-01-25 22:21:41,477 - easytorch-training - INFO - Evaluate best model on test data for horizon 11, Test MAE: 14.7374, Test RMSE: 25.9021, Test MAPE: 9.6712
2026-01-25 22:21:41,487 - easytorch-training - INFO - Evaluate best model on test data for horizon 12, Test MAE: 14.9162, Test RMSE: 26.1394, Test MAPE: 9.8518
2026-01-25 22:21:41,509 - easytorch-training - INFO - Result <test>: [test_time: 17.49 (s), test_MAE: 13.5880, test_RMSE: 23.6925, test_MAPE: 8.9094]
2026-01-25 22:21:41,859 - easytorch-training - INFO - Checkpoint checkpoints/STMAFNet_300/21afeca3ffc10cdf4e90589d029b0e70/STMAFNet_225.pt saved
2026-01-25 22:21:41,860 - easytorch-training - INFO - The estimated training finish time is 2026-01-26 01:49:32
2026-01-25 22:21:41,860 - easytorch-training - INFO - Epoch 226 / 300
2026-01-25 22:24:07,226 - easytorch-training - INFO - Result <train>: [train_time: 145.37 (s), lr: 6.25e-05, train_MAE: 12.0068, train_RMSE: 20.3401, train_MAPE: 8.0587]
2026-01-25 22:24:07,228 - easytorch-training - INFO - Start validation.
2026-01-25 22:24:25,258 - easytorch-training - INFO - Result <val>: [val_time: 18.03 (s), val_MAE: 13.4818, val_RMSE: 23.0617, val_MAPE: 10.1337]
2026-01-25 22:24:42,266 - easytorch-training - INFO - Evaluate best model on test data for horizon 1, Test MAE: 11.6576, Test RMSE: 19.3336, Test MAPE: 7.6545
2026-01-25 22:24:42,287 - easytorch-training - INFO - Evaluate best model on test data for horizon 2, Test MAE: 12.2413, Test RMSE: 20.6480, Test MAPE: 8.0765
2026-01-25 22:24:42,308 - easytorch-training - INFO - Evaluate best model on test data for horizon 3, Test MAE: 12.7024, Test RMSE: 21.7267, Test MAPE: 8.2442
2026-01-25 22:24:42,328 - easytorch-training - INFO - Evaluate best model on test data for horizon 4, Test MAE: 13.0522, Test RMSE: 22.5269, Test MAPE: 8.4592
2026-01-25 22:24:42,344 - easytorch-training - INFO - Evaluate best model on test data for horizon 5, Test MAE: 13.3570, Test RMSE: 23.2394, Test MAPE: 8.7123
2026-01-25 22:24:42,365 - easytorch-training - INFO - Evaluate best model on test data for horizon 6, Test MAE: 13.5903, Test RMSE: 23.8219, Test MAPE: 8.7759
2026-01-25 22:24:42,381 - easytorch-training - INFO - Evaluate best model on test data for horizon 7, Test MAE: 13.8622, Test RMSE: 24.3570, Test MAPE: 8.9690
2026-01-25 22:24:42,396 - easytorch-training - INFO - Evaluate best model on test data for horizon 8, Test MAE: 14.0961, Test RMSE: 24.8434, Test MAPE: 9.1051
2026-01-25 22:24:42,414 - easytorch-training - INFO - Evaluate best model on test data for horizon 9, Test MAE: 14.3070, Test RMSE: 25.2249, Test MAPE: 9.2270
2026-01-25 22:24:42,435 - easytorch-training - INFO - Evaluate best model on test data for horizon 10, Test MAE: 14.4926, Test RMSE: 25.5751, Test MAPE: 9.3688
2026-01-25 22:24:42,450 - easytorch-training - INFO - Evaluate best model on test data for horizon 11, Test MAE: 14.6726, Test RMSE: 25.8637, Test MAPE: 9.4925
2026-01-25 22:24:42,465 - easytorch-training - INFO - Evaluate best model on test data for horizon 12, Test MAE: 14.8316, Test RMSE: 26.0784, Test MAPE: 9.6027
2026-01-25 22:24:42,483 - easytorch-training - INFO - Result <test>: [test_time: 17.22 (s), test_MAE: 13.5719, test_RMSE: 23.6943, test_MAPE: 8.8073]
2026-01-25 22:24:42,911 - easytorch-training - INFO - Checkpoint checkpoints/STMAFNet_300/21afeca3ffc10cdf4e90589d029b0e70/STMAFNet_226.pt saved
2026-01-25 22:24:42,912 - easytorch-training - INFO - The estimated training finish time is 2026-01-26 01:49:52
2026-01-25 22:24:42,912 - easytorch-training - INFO - Epoch 227 / 300
2026-01-25 22:27:08,518 - easytorch-training - INFO - Result <train>: [train_time: 145.61 (s), lr: 6.25e-05, train_MAE: 12.0057, train_RMSE: 20.3381, train_MAPE: 8.0532]
2026-01-25 22:27:08,520 - easytorch-training - INFO - Start validation.
2026-01-25 22:27:26,997 - easytorch-training - INFO - Result <val>: [val_time: 18.48 (s), val_MAE: 13.4896, val_RMSE: 23.0609, val_MAPE: 10.2254]
2026-01-25 22:27:44,394 - easytorch-training - INFO - Evaluate best model on test data for horizon 1, Test MAE: 11.6846, Test RMSE: 19.3659, Test MAPE: 7.6933
2026-01-25 22:27:44,415 - easytorch-training - INFO - Evaluate best model on test data for horizon 2, Test MAE: 12.2602, Test RMSE: 20.7006, Test MAPE: 8.0198
2026-01-25 22:27:44,436 - easytorch-training - INFO - Evaluate best model on test data for horizon 3, Test MAE: 12.7091, Test RMSE: 21.7499, Test MAPE: 8.4107
2026-01-25 22:27:44,450 - easytorch-training - INFO - Evaluate best model on test data for horizon 4, Test MAE: 13.0607, Test RMSE: 22.5699, Test MAPE: 8.4805
2026-01-25 22:27:44,462 - easytorch-training - INFO - Evaluate best model on test data for horizon 5, Test MAE: 13.3814, Test RMSE: 23.2842, Test MAPE: 8.8174
2026-01-25 22:27:44,474 - easytorch-training - INFO - Evaluate best model on test data for horizon 6, Test MAE: 13.6056, Test RMSE: 23.8418, Test MAPE: 8.9042
2026-01-25 22:27:44,492 - easytorch-training - INFO - Evaluate best model on test data for horizon 7, Test MAE: 13.8676, Test RMSE: 24.3620, Test MAPE: 9.0308
2026-01-25 22:27:44,510 - easytorch-training - INFO - Evaluate best model on test data for horizon 8, Test MAE: 14.1220, Test RMSE: 24.8419, Test MAPE: 9.3243
2026-01-25 22:27:44,529 - easytorch-training - INFO - Evaluate best model on test data for horizon 9, Test MAE: 14.3266, Test RMSE: 25.2569, Test MAPE: 9.3172
2026-01-25 22:27:44,549 - easytorch-training - INFO - Evaluate best model on test data for horizon 10, Test MAE: 14.5189, Test RMSE: 25.5996, Test MAPE: 9.5152
2026-01-25 22:27:44,570 - easytorch-training - INFO - Evaluate best model on test data for horizon 11, Test MAE: 14.6860, Test RMSE: 25.8773, Test MAPE: 9.6870
2026-01-25 22:27:44,591 - easytorch-training - INFO - Evaluate best model on test data for horizon 12, Test MAE: 14.8592, Test RMSE: 26.1109, Test MAPE: 9.8249
2026-01-25 22:27:44,608 - easytorch-training - INFO - Result <test>: [test_time: 17.61 (s), test_MAE: 13.5902, test_RMSE: 23.7204, test_MAPE: 8.9188]
2026-01-25 22:27:44,950 - easytorch-training - INFO - Checkpoint checkpoints/STMAFNet_300/21afeca3ffc10cdf4e90589d029b0e70/STMAFNet_227.pt saved
2026-01-25 22:27:44,950 - easytorch-training - INFO - The estimated training finish time is 2026-01-26 01:50:12
2026-01-25 22:27:44,951 - easytorch-training - INFO - Epoch 228 / 300
2026-01-25 22:30:09,479 - easytorch-training - INFO - Result <train>: [train_time: 144.53 (s), lr: 6.25e-05, train_MAE: 11.9952, train_RMSE: 20.3295, train_MAPE: 8.0518]
2026-01-25 22:30:09,480 - easytorch-training - INFO - Start validation.
2026-01-25 22:30:28,592 - easytorch-training - INFO - Result <val>: [val_time: 19.11 (s), val_MAE: 13.4441, val_RMSE: 23.0050, val_MAPE: 9.9636]
2026-01-25 22:30:46,669 - easytorch-training - INFO - Evaluate best model on test data for horizon 1, Test MAE: 11.6319, Test RMSE: 19.3138, Test MAPE: 7.5696
2026-01-25 22:30:46,684 - easytorch-training - INFO - Evaluate best model on test data for horizon 2, Test MAE: 12.2118, Test RMSE: 20.5831, Test MAPE: 7.9452
2026-01-25 22:30:46,700 - easytorch-training - INFO - Evaluate best model on test data for horizon 3, Test MAE: 12.6439, Test RMSE: 21.6251, Test MAPE: 8.1890
2026-01-25 22:30:46,721 - easytorch-training - INFO - Evaluate best model on test data for horizon 4, Test MAE: 13.0181, Test RMSE: 22.4503, Test MAPE: 8.3944
2026-01-25 22:30:46,742 - easytorch-training - INFO - Evaluate best model on test data for horizon 5, Test MAE: 13.3213, Test RMSE: 23.1211, Test MAPE: 8.6437
2026-01-25 22:30:46,762 - easytorch-training - INFO - Evaluate best model on test data for horizon 6, Test MAE: 13.5598, Test RMSE: 23.7101, Test MAPE: 8.7900
2026-01-25 22:30:46,783 - easytorch-training - INFO - Evaluate best model on test data for horizon 7, Test MAE: 13.8243, Test RMSE: 24.2743, Test MAPE: 8.9365
2026-01-25 22:30:46,804 - easytorch-training - INFO - Evaluate best model on test data for horizon 8, Test MAE: 14.0634, Test RMSE: 24.7665, Test MAPE: 9.0708
2026-01-25 22:30:46,820 - easytorch-training - INFO - Evaluate best model on test data for horizon 9, Test MAE: 14.2834, Test RMSE: 25.1994, Test MAPE: 9.2392
2026-01-25 22:30:46,835 - easytorch-training - INFO - Evaluate best model on test data for horizon 10, Test MAE: 14.4578, Test RMSE: 25.5378, Test MAPE: 9.3565
2026-01-25 22:30:46,855 - easytorch-training - INFO - Evaluate best model on test data for horizon 11, Test MAE: 14.6397, Test RMSE: 25.8374, Test MAPE: 9.4768
2026-01-25 22:30:46,876 - easytorch-training - INFO - Evaluate best model on test data for horizon 12, Test MAE: 14.8299, Test RMSE: 26.0881, Test MAPE: 9.6229
2026-01-25 22:30:46,900 - easytorch-training - INFO - Result <test>: [test_time: 18.31 (s), test_MAE: 13.5404, test_RMSE: 23.6345, test_MAPE: 8.7695]
2026-01-25 22:30:47,325 - easytorch-training - INFO - Checkpoint checkpoints/STMAFNet_300/21afeca3ffc10cdf4e90589d029b0e70/STMAFNet_228.pt saved
2026-01-25 22:30:47,326 - easytorch-training - INFO - The estimated training finish time is 2026-01-26 01:50:33
2026-01-25 22:30:47,326 - easytorch-training - INFO - Epoch 229 / 300
2026-01-25 22:33:10,790 - easytorch-training - INFO - Result <train>: [train_time: 143.46 (s), lr: 6.25e-05, train_MAE: 11.9974, train_RMSE: 20.3358, train_MAPE: 8.0553]
2026-01-25 22:33:10,792 - easytorch-training - INFO - Start validation.
2026-01-25 22:33:30,193 - easytorch-training - INFO - Result <val>: [val_time: 19.40 (s), val_MAE: 13.5155, val_RMSE: 23.1121, val_MAPE: 10.1145]
2026-01-25 22:33:48,236 - easytorch-training - INFO - Evaluate best model on test data for horizon 1, Test MAE: 11.6684, Test RMSE: 19.3304, Test MAPE: 7.5656
2026-01-25 22:33:48,252 - easytorch-training - INFO - Evaluate best model on test data for horizon 2, Test MAE: 12.2431, Test RMSE: 20.6525, Test MAPE: 7.8762
2026-01-25 22:33:48,266 - easytorch-training - INFO - Evaluate best model on test data for horizon 3, Test MAE: 12.6972, Test RMSE: 21.7184, Test MAPE: 8.1552
2026-01-25 22:33:48,287 - easytorch-training - INFO - Evaluate best model on test data for horizon 4, Test MAE: 13.0842, Test RMSE: 22.5603, Test MAPE: 8.4379
2026-01-25 22:33:48,307 - easytorch-training - INFO - Evaluate best model on test data for horizon 5, Test MAE: 13.4056, Test RMSE: 23.3210, Test MAPE: 8.6224
2026-01-25 22:33:48,324 - easytorch-training - INFO - Evaluate best model on test data for horizon 6, Test MAE: 13.6405, Test RMSE: 23.8812, Test MAPE: 8.7790
2026-01-25 22:33:48,338 - easytorch-training - INFO - Evaluate best model on test data for horizon 7, Test MAE: 13.9185, Test RMSE: 24.4122, Test MAPE: 8.9353
2026-01-25 22:33:48,357 - easytorch-training - INFO - Evaluate best model on test data for horizon 8, Test MAE: 14.1505, Test RMSE: 24.8817, Test MAPE: 9.0765
2026-01-25 22:33:48,377 - easytorch-training - INFO - Evaluate best model on test data for horizon 9, Test MAE: 14.3680, Test RMSE: 25.3118, Test MAPE: 9.2437
2026-01-25 22:33:48,394 - easytorch-training - INFO - Evaluate best model on test data for horizon 10, Test MAE: 14.5493, Test RMSE: 25.6395, Test MAPE: 9.3791
2026-01-25 22:33:48,413 - easytorch-training - INFO - Evaluate best model on test data for horizon 11, Test MAE: 14.7161, Test RMSE: 25.9412, Test MAPE: 9.4962
2026-01-25 22:33:48,433 - easytorch-training - INFO - Evaluate best model on test data for horizon 12, Test MAE: 14.8955, Test RMSE: 26.1588, Test MAPE: 9.6265
2026-01-25 22:33:48,452 - easytorch-training - INFO - Result <test>: [test_time: 18.26 (s), test_MAE: 13.6114, test_RMSE: 23.7441, test_MAPE: 8.7661]
2026-01-25 22:33:48,792 - easytorch-training - INFO - Checkpoint checkpoints/STMAFNet_300/21afeca3ffc10cdf4e90589d029b0e70/STMAFNet_229.pt saved
2026-01-25 22:33:48,793 - easytorch-training - INFO - The estimated training finish time is 2026-01-26 01:50:53
2026-01-25 22:33:48,793 - easytorch-training - INFO - Epoch 230 / 300
2026-01-25 22:36:12,382 - easytorch-training - INFO - Result <train>: [train_time: 143.59 (s), lr: 6.25e-05, train_MAE: 11.9919, train_RMSE: 20.3153, train_MAPE: 8.0550]
2026-01-25 22:36:12,384 - easytorch-training - INFO - Start validation.
2026-01-25 22:36:31,320 - easytorch-training - INFO - Result <val>: [val_time: 18.94 (s), val_MAE: 13.4425, val_RMSE: 23.0171, val_MAPE: 9.8437]
2026-01-25 22:36:49,383 - easytorch-training - INFO - Evaluate best model on test data for horizon 1, Test MAE: 11.6308, Test RMSE: 19.3233, Test MAPE: 7.5567
2026-01-25 22:36:49,398 - easytorch-training - INFO - Evaluate best model on test data for horizon 2, Test MAE: 12.1976, Test RMSE: 20.5784, Test MAPE: 7.8578
2026-01-25 22:36:49,418 - easytorch-training - INFO - Evaluate best model on test data for horizon 3, Test MAE: 12.6347, Test RMSE: 21.5889, Test MAPE: 8.1129
2026-01-25 22:36:49,439 - easytorch-training - INFO - Evaluate best model on test data for horizon 4, Test MAE: 13.0023, Test RMSE: 22.3861, Test MAPE: 8.3398
2026-01-25 22:36:49,460 - easytorch-training - INFO - Evaluate best model on test data for horizon 5, Test MAE: 13.3235, Test RMSE: 23.1072, Test MAPE: 8.5628
2026-01-25 22:36:49,480 - easytorch-training - INFO - Evaluate best model on test data for horizon 6, Test MAE: 13.5695, Test RMSE: 23.7220, Test MAPE: 8.7273
2026-01-25 22:36:49,496 - easytorch-training - INFO - Evaluate best model on test data for horizon 7, Test MAE: 13.8010, Test RMSE: 24.2342, Test MAPE: 8.8748
2026-01-25 22:36:49,513 - easytorch-training - INFO - Evaluate best model on test data for horizon 8, Test MAE: 14.0633, Test RMSE: 24.7522, Test MAPE: 9.0377
2026-01-25 22:36:49,533 - easytorch-training - INFO - Evaluate best model on test data for horizon 9, Test MAE: 14.2739, Test RMSE: 25.1627, Test MAPE: 9.1903
2026-01-25 22:36:49,550 - easytorch-training - INFO - Evaluate best model on test data for horizon 10, Test MAE: 14.4462, Test RMSE: 25.5000, Test MAPE: 9.3232
2026-01-25 22:36:49,564 - easytorch-training - INFO - Evaluate best model on test data for horizon 11, Test MAE: 14.6282, Test RMSE: 25.8046, Test MAPE: 9.4451
2026-01-25 22:36:49,583 - easytorch-training - INFO - Evaluate best model on test data for horizon 12, Test MAE: 14.7908, Test RMSE: 26.0421, Test MAPE: 9.5700
2026-01-25 22:36:49,607 - easytorch-training - INFO - Result <test>: [test_time: 18.29 (s), test_MAE: 13.5302, test_RMSE: 23.6083, test_MAPE: 8.7165]
2026-01-25 22:36:50,033 - easytorch-training - INFO - Checkpoint checkpoints/STMAFNet_300/21afeca3ffc10cdf4e90589d029b0e70/STMAFNet_230.pt saved
2026-01-25 22:36:50,069 - easytorch-training - INFO - The estimated training finish time is 2026-01-26 01:51:12
2026-01-25 22:36:50,069 - easytorch-training - INFO - Epoch 231 / 300
2026-01-25 22:39:14,356 - easytorch-training - INFO - Result <train>: [train_time: 144.29 (s), lr: 6.25e-05, train_MAE: 11.9913, train_RMSE: 20.3213, train_MAPE: 8.0505]
2026-01-25 22:39:14,358 - easytorch-training - INFO - Start validation.
2026-01-25 22:39:33,187 - easytorch-training - INFO - Result <val>: [val_time: 18.83 (s), val_MAE: 13.4875, val_RMSE: 23.1010, val_MAPE: 9.9385]
2026-01-25 22:39:50,835 - easytorch-training - INFO - Evaluate best model on test data for horizon 1, Test MAE: 11.6638, Test RMSE: 19.3478, Test MAPE: 7.6045
2026-01-25 22:39:50,850 - easytorch-training - INFO - Evaluate best model on test data for horizon 2, Test MAE: 12.2271, Test RMSE: 20.6655, Test MAPE: 7.9058
2026-01-25 22:39:50,869 - easytorch-training - INFO - Evaluate best model on test data for horizon 3, Test MAE: 12.6982, Test RMSE: 21.7231, Test MAPE: 8.2194
2026-01-25 22:39:50,883 - easytorch-training - INFO - Evaluate best model on test data for horizon 4, Test MAE: 13.0617, Test RMSE: 22.5438, Test MAPE: 8.4040
2026-01-25 22:39:50,897 - easytorch-training - INFO - Evaluate best model on test data for horizon 5, Test MAE: 13.3876, Test RMSE: 23.2694, Test MAPE: 8.7162
2026-01-25 22:39:50,918 - easytorch-training - INFO - Evaluate best model on test data for horizon 6, Test MAE: 13.6367, Test RMSE: 23.8883, Test MAPE: 8.8019
2026-01-25 22:39:50,939 - easytorch-training - INFO - Evaluate best model on test data for horizon 7, Test MAE: 13.9025, Test RMSE: 24.4044, Test MAPE: 8.9716
2026-01-25 22:39:50,959 - easytorch-training - INFO - Evaluate best model on test data for horizon 8, Test MAE: 14.1454, Test RMSE: 24.9053, Test MAPE: 9.1515
2026-01-25 22:39:50,980 - easytorch-training - INFO - Evaluate best model on test data for horizon 9, Test MAE: 14.3641, Test RMSE: 25.3479, Test MAPE: 9.2767
2026-01-25 22:39:50,999 - easytorch-training - INFO - Evaluate best model on test data for horizon 10, Test MAE: 14.5617, Test RMSE: 25.6588, Test MAPE: 9.4552
2026-01-25 22:39:51,010 - easytorch-training - INFO - Evaluate best model on test data for horizon 11, Test MAE: 14.7389, Test RMSE: 25.9872, Test MAPE: 9.5916
2026-01-25 22:39:51,024 - easytorch-training - INFO - Evaluate best model on test data for horizon 12, Test MAE: 14.9015, Test RMSE: 26.2123, Test MAPE: 9.6935
2026-01-25 22:39:51,048 - easytorch-training - INFO - Result <test>: [test_time: 17.86 (s), test_MAE: 13.6074, test_RMSE: 23.7571, test_MAPE: 8.8160]
2026-01-25 22:39:51,390 - easytorch-training - INFO - Checkpoint checkpoints/STMAFNet_300/21afeca3ffc10cdf4e90589d029b0e70/STMAFNet_231.pt saved
2026-01-25 22:39:51,391 - easytorch-training - INFO - The estimated training finish time is 2026-01-26 01:51:31
2026-01-25 22:39:51,391 - easytorch-training - INFO - Epoch 232 / 300
2026-01-25 22:42:16,583 - easytorch-training - INFO - Result <train>: [train_time: 145.19 (s), lr: 6.25e-05, train_MAE: 11.9868, train_RMSE: 20.3065, train_MAPE: 8.0507]
2026-01-25 22:42:16,585 - easytorch-training - INFO - Start validation.
2026-01-25 22:42:34,956 - easytorch-training - INFO - Result <val>: [val_time: 18.37 (s), val_MAE: 13.4557, val_RMSE: 23.0292, val_MAPE: 9.9910]
2026-01-25 22:42:52,548 - easytorch-training - INFO - Evaluate best model on test data for horizon 1, Test MAE: 11.6364, Test RMSE: 19.3190, Test MAPE: 7.6380
2026-01-25 22:42:52,568 - easytorch-training - INFO - Evaluate best model on test data for horizon 2, Test MAE: 12.2288, Test RMSE: 20.6231, Test MAPE: 7.9809
2026-01-25 22:42:52,585 - easytorch-training - INFO - Evaluate best model on test data for horizon 3, Test MAE: 12.7018, Test RMSE: 21.6872, Test MAPE: 8.3208
2026-01-25 22:42:52,600 - easytorch-training - INFO - Evaluate best model on test data for horizon 4, Test MAE: 13.0593, Test RMSE: 22.5231, Test MAPE: 8.4104
2026-01-25 22:42:52,618 - easytorch-training - INFO - Evaluate best model on test data for horizon 5, Test MAE: 13.3633, Test RMSE: 23.2167, Test MAPE: 8.6234
2026-01-25 22:42:52,636 - easytorch-training - INFO - Evaluate best model on test data for horizon 6, Test MAE: 13.6137, Test RMSE: 23.8060, Test MAPE: 8.9019
2026-01-25 22:42:52,657 - easytorch-training - INFO - Evaluate best model on test data for horizon 7, Test MAE: 13.8616, Test RMSE: 24.3383, Test MAPE: 8.9295
2026-01-25 22:42:52,677 - easytorch-training - INFO - Evaluate best model on test data for horizon 8, Test MAE: 14.1056, Test RMSE: 24.8171, Test MAPE: 9.1012
2026-01-25 22:42:52,698 - easytorch-training - INFO - Evaluate best model on test data for horizon 9, Test MAE: 14.3144, Test RMSE: 25.2472, Test MAPE: 9.2630
2026-01-25 22:42:52,719 - easytorch-training - INFO - Evaluate best model on test data for horizon 10, Test MAE: 14.4716, Test RMSE: 25.5572, Test MAPE: 9.4506
2026-01-25 22:42:52,730 - easytorch-training - INFO - Evaluate best model on test data for horizon 11, Test MAE: 14.6666, Test RMSE: 25.8788, Test MAPE: 9.4968
2026-01-25 22:42:52,743 - easytorch-training - INFO - Evaluate best model on test data for horizon 12, Test MAE: 14.8375, Test RMSE: 26.0906, Test MAPE: 9.6231
2026-01-25 22:42:52,766 - easytorch-training - INFO - Result <test>: [test_time: 17.81 (s), test_MAE: 13.5717, test_RMSE: 23.6840, test_MAPE: 8.8116]
2026-01-25 22:42:53,105 - easytorch-training - INFO - Checkpoint checkpoints/STMAFNet_300/21afeca3ffc10cdf4e90589d029b0e70/STMAFNet_232.pt saved
2026-01-25 22:42:53,106 - easytorch-training - INFO - The estimated training finish time is 2026-01-26 01:51:51
2026-01-25 22:42:53,106 - easytorch-training - INFO - Epoch 233 / 300
2026-01-25 22:45:18,740 - easytorch-training - INFO - Result <train>: [train_time: 145.63 (s), lr: 6.25e-05, train_MAE: 11.9815, train_RMSE: 20.3042, train_MAPE: 8.0505]
2026-01-25 22:45:18,742 - easytorch-training - INFO - Start validation.
2026-01-25 22:45:37,445 - easytorch-training - INFO - Result <val>: [val_time: 18.70 (s), val_MAE: 13.4754, val_RMSE: 23.0560, val_MAPE: 9.9861]
2026-01-25 22:45:54,247 - easytorch-training - INFO - Evaluate best model on test data for horizon 1, Test MAE: 11.6574, Test RMSE: 19.3584, Test MAPE: 7.5838
2026-01-25 22:45:54,264 - easytorch-training - INFO - Evaluate best model on test data for horizon 2, Test MAE: 12.2195, Test RMSE: 20.6428, Test MAPE: 7.8980
2026-01-25 22:45:54,283 - easytorch-training - INFO - Evaluate best model on test data for horizon 3, Test MAE: 12.6828, Test RMSE: 21.6885, Test MAPE: 8.2297
2026-01-25 22:45:54,303 - easytorch-training - INFO - Evaluate best model on test data for horizon 4, Test MAE: 13.0438, Test RMSE: 22.4970, Test MAPE: 8.3953
2026-01-25 22:45:54,319 - easytorch-training - INFO - Evaluate best model on test data for horizon 5, Test MAE: 13.3481, Test RMSE: 23.1972, Test MAPE: 8.6259
2026-01-25 22:45:54,336 - easytorch-training - INFO - Evaluate best model on test data for horizon 6, Test MAE: 13.6186, Test RMSE: 23.8062, Test MAPE: 8.8089
2026-01-25 22:45:54,351 - easytorch-training - INFO - Evaluate best model on test data for horizon 7, Test MAE: 13.8918, Test RMSE: 24.3986, Test MAPE: 8.9373
2026-01-25 22:45:54,367 - easytorch-training - INFO - Evaluate best model on test data for horizon 8, Test MAE: 14.1625, Test RMSE: 24.9452, Test MAPE: 9.1519
2026-01-25 22:45:54,388 - easytorch-training - INFO - Evaluate best model on test data for horizon 9, Test MAE: 14.3602, Test RMSE: 25.3533, Test MAPE: 9.2568
2026-01-25 22:45:54,407 - easytorch-training - INFO - Evaluate best model on test data for horizon 10, Test MAE: 14.5461, Test RMSE: 25.7122, Test MAPE: 9.4062
2026-01-25 22:45:54,416 - easytorch-training - INFO - Evaluate best model on test data for horizon 11, Test MAE: 14.7210, Test RMSE: 25.9971, Test MAPE: 9.5611
2026-01-25 22:45:54,424 - easytorch-training - INFO - Evaluate best model on test data for horizon 12, Test MAE: 14.8940, Test RMSE: 26.2387, Test MAPE: 9.7282
2026-01-25 22:45:54,448 - easytorch-training - INFO - Result <test>: [test_time: 17.00 (s), test_MAE: 13.5955, test_RMSE: 23.7487, test_MAPE: 8.7986]
2026-01-25 22:45:54,786 - easytorch-training - INFO - Checkpoint checkpoints/STMAFNet_300/21afeca3ffc10cdf4e90589d029b0e70/STMAFNet_233.pt saved
2026-01-25 22:45:54,787 - easytorch-training - INFO - The estimated training finish time is 2026-01-26 01:52:10
2026-01-25 22:45:54,787 - easytorch-training - INFO - Epoch 234 / 300
2026-01-25 22:48:20,359 - easytorch-training - INFO - Result <train>: [train_time: 145.57 (s), lr: 6.25e-05, train_MAE: 11.9813, train_RMSE: 20.2993, train_MAPE: 8.0583]
2026-01-25 22:48:20,360 - easytorch-training - INFO - Start validation.
2026-01-25 22:48:39,748 - easytorch-training - INFO - Result <val>: [val_time: 19.39 (s), val_MAE: 13.4548, val_RMSE: 23.0302, val_MAPE: 9.9687]
2026-01-25 22:48:57,223 - easytorch-training - INFO - Evaluate best model on test data for horizon 1, Test MAE: 11.6552, Test RMSE: 19.3409, Test MAPE: 7.5761
2026-01-25 22:48:57,244 - easytorch-training - INFO - Evaluate best model on test data for horizon 2, Test MAE: 12.2172, Test RMSE: 20.6099, Test MAPE: 7.9536
2026-01-25 22:48:57,264 - easytorch-training - INFO - Evaluate best model on test data for horizon 3, Test MAE: 12.6717, Test RMSE: 21.6708, Test MAPE: 8.1229
2026-01-25 22:48:57,285 - easytorch-training - INFO - Evaluate best model on test data for horizon 4, Test MAE: 13.0169, Test RMSE: 22.4766, Test MAPE: 8.3861
2026-01-25 22:48:57,305 - easytorch-training - INFO - Evaluate best model on test data for horizon 5, Test MAE: 13.3373, Test RMSE: 23.1953, Test MAPE: 8.5720
2026-01-25 22:48:57,320 - easytorch-training - INFO - Evaluate best model on test data for horizon 6, Test MAE: 13.5905, Test RMSE: 23.8010, Test MAPE: 8.7190
2026-01-25 22:48:57,330 - easytorch-training - INFO - Evaluate best model on test data for horizon 7, Test MAE: 13.8397, Test RMSE: 24.3500, Test MAPE: 8.9524
2026-01-25 22:48:57,342 - easytorch-training - INFO - Evaluate best model on test data for horizon 8, Test MAE: 14.0849, Test RMSE: 24.8098, Test MAPE: 9.0772
2026-01-25 22:48:57,355 - easytorch-training - INFO - Evaluate best model on test data for horizon 9, Test MAE: 14.2773, Test RMSE: 25.2036, Test MAPE: 9.2237
2026-01-25 22:48:57,376 - easytorch-training - INFO - Evaluate best model on test data for horizon 10, Test MAE: 14.4696, Test RMSE: 25.5369, Test MAPE: 9.4205
2026-01-25 22:48:57,397 - easytorch-training - INFO - Evaluate best model on test data for horizon 11, Test MAE: 14.6418, Test RMSE: 25.8453, Test MAPE: 9.4417
2026-01-25 22:48:57,417 - easytorch-training - INFO - Evaluate best model on test data for horizon 12, Test MAE: 14.8209, Test RMSE: 26.0932, Test MAPE: 9.6412
2026-01-25 22:48:57,441 - easytorch-training - INFO - Result <test>: [test_time: 17.69 (s), test_MAE: 13.5519, test_RMSE: 23.6692, test_MAPE: 8.7572]
2026-01-25 22:48:57,865 - easytorch-training - INFO - Checkpoint checkpoints/STMAFNet_300/21afeca3ffc10cdf4e90589d029b0e70/STMAFNet_234.pt saved
2026-01-25 22:48:57,866 - easytorch-training - INFO - The estimated training finish time is 2026-01-26 01:52:31
2026-01-25 22:48:57,866 - easytorch-training - INFO - Epoch 235 / 300
2026-01-25 22:51:21,870 - easytorch-training - INFO - Result <train>: [train_time: 144.00 (s), lr: 6.25e-05, train_MAE: 11.9791, train_RMSE: 20.2922, train_MAPE: 8.0363]
2026-01-25 22:51:21,871 - easytorch-training - INFO - Start validation.
2026-01-25 22:51:41,280 - easytorch-training - INFO - Result <val>: [val_time: 19.41 (s), val_MAE: 13.4786, val_RMSE: 23.0969, val_MAPE: 10.1056]
2026-01-25 22:51:59,074 - easytorch-training - INFO - Evaluate best model on test data for horizon 1, Test MAE: 11.6547, Test RMSE: 19.3737, Test MAPE: 7.5904
2026-01-25 22:51:59,094 - easytorch-training - INFO - Evaluate best model on test data for horizon 2, Test MAE: 12.2278, Test RMSE: 20.6814, Test MAPE: 7.9351
2026-01-25 22:51:59,115 - easytorch-training - INFO - Evaluate best model on test data for horizon 3, Test MAE: 12.6915, Test RMSE: 21.7531, Test MAPE: 8.2000
2026-01-25 22:51:59,136 - easytorch-training - INFO - Evaluate best model on test data for horizon 4, Test MAE: 13.0637, Test RMSE: 22.5643, Test MAPE: 8.4403
2026-01-25 22:51:59,153 - easytorch-training - INFO - Evaluate best model on test data for horizon 5, Test MAE: 13.3544, Test RMSE: 23.2503, Test MAPE: 8.6611
2026-01-25 22:51:59,167 - easytorch-training - INFO - Evaluate best model on test data for horizon 6, Test MAE: 13.6136, Test RMSE: 23.8584, Test MAPE: 8.8050
2026-01-25 22:51:59,183 - easytorch-training - INFO - Evaluate best model on test data for horizon 7, Test MAE: 13.8595, Test RMSE: 24.3788, Test MAPE: 8.9521
2026-01-25 22:51:59,204 - easytorch-training - INFO - Evaluate best model on test data for horizon 8, Test MAE: 14.1111, Test RMSE: 24.8813, Test MAPE: 9.1227
2026-01-25 22:51:59,225 - easytorch-training - INFO - Evaluate best model on test data for horizon 9, Test MAE: 14.3254, Test RMSE: 25.2952, Test MAPE: 9.3053
2026-01-25 22:51:59,245 - easytorch-training - INFO - Evaluate best model on test data for horizon 10, Test MAE: 14.5050, Test RMSE: 25.6530, Test MAPE: 9.4210
2026-01-25 22:51:59,266 - easytorch-training - INFO - Evaluate best model on test data for horizon 11, Test MAE: 14.6643, Test RMSE: 25.9173, Test MAPE: 9.5342
2026-01-25 22:51:59,282 - easytorch-training - INFO - Evaluate best model on test data for horizon 12, Test MAE: 14.8507, Test RMSE: 26.1548, Test MAPE: 9.6962
2026-01-25 22:51:59,295 - easytorch-training - INFO - Result <test>: [test_time: 18.01 (s), test_MAE: 13.5768, test_RMSE: 23.7387, test_MAPE: 8.8053]
2026-01-25 22:51:59,656 - easytorch-training - INFO - Checkpoint checkpoints/STMAFNet_300/21afeca3ffc10cdf4e90589d029b0e70/STMAFNet_235.pt saved
2026-01-25 22:51:59,657 - easytorch-training - INFO - The estimated training finish time is 2026-01-26 01:52:50
2026-01-25 22:51:59,657 - easytorch-training - INFO - Epoch 236 / 300
2026-01-25 22:54:23,444 - easytorch-training - INFO - Result <train>: [train_time: 143.79 (s), lr: 6.25e-05, train_MAE: 11.9698, train_RMSE: 20.2715, train_MAPE: 8.0450]
2026-01-25 22:54:23,446 - easytorch-training - INFO - Start validation.
2026-01-25 22:54:42,698 - easytorch-training - INFO - Result <val>: [val_time: 19.25 (s), val_MAE: 13.4481, val_RMSE: 23.0186, val_MAPE: 9.8549]
2026-01-25 22:54:59,923 - easytorch-training - INFO - Evaluate best model on test data for horizon 1, Test MAE: 11.6559, Test RMSE: 19.3518, Test MAPE: 7.5629
2026-01-25 22:54:59,944 - easytorch-training - INFO - Evaluate best model on test data for horizon 2, Test MAE: 12.2119, Test RMSE: 20.6377, Test MAPE: 7.8760
2026-01-25 22:54:59,954 - easytorch-training - INFO - Evaluate best model on test data for horizon 3, Test MAE: 12.6592, Test RMSE: 21.6628, Test MAPE: 8.1187
2026-01-25 22:54:59,967 - easytorch-training - INFO - Evaluate best model on test data for horizon 4, Test MAE: 13.0232, Test RMSE: 22.4801, Test MAPE: 8.3420
2026-01-25 22:54:59,983 - easytorch-training - INFO - Evaluate best model on test data for horizon 5, Test MAE: 13.3295, Test RMSE: 23.1772, Test MAPE: 8.5641
2026-01-25 22:55:00,004 - easytorch-training - INFO - Evaluate best model on test data for horizon 6, Test MAE: 13.5865, Test RMSE: 23.7770, Test MAPE: 8.7333
2026-01-25 22:55:00,024 - easytorch-training - INFO - Evaluate best model on test data for horizon 7, Test MAE: 13.8511, Test RMSE: 24.3412, Test MAPE: 8.9338
2026-01-25 22:55:00,045 - easytorch-training - INFO - Evaluate best model on test data for horizon 8, Test MAE: 14.0869, Test RMSE: 24.8093, Test MAPE: 9.0317
2026-01-25 22:55:00,062 - easytorch-training - INFO - Evaluate best model on test data for horizon 9, Test MAE: 14.2799, Test RMSE: 25.1881, Test MAPE: 9.1766
2026-01-25 22:55:00,076 - easytorch-training - INFO - Evaluate best model on test data for horizon 10, Test MAE: 14.4649, Test RMSE: 25.5208, Test MAPE: 9.3500
2026-01-25 22:55:00,092 - easytorch-training - INFO - Evaluate best model on test data for horizon 11, Test MAE: 14.6278, Test RMSE: 25.8082, Test MAPE: 9.4286
2026-01-25 22:55:00,107 - easytorch-training - INFO - Evaluate best model on test data for horizon 12, Test MAE: 14.8307, Test RMSE: 26.0795, Test MAPE: 9.5774
2026-01-25 22:55:00,131 - easytorch-training - INFO - Result <test>: [test_time: 17.43 (s), test_MAE: 13.5506, test_RMSE: 23.6599, test_MAPE: 8.7246]
2026-01-25 22:55:00,560 - easytorch-training - INFO - Checkpoint checkpoints/STMAFNet_300/21afeca3ffc10cdf4e90589d029b0e70/STMAFNet_236.pt saved
2026-01-25 22:55:00,560 - easytorch-training - INFO - The estimated training finish time is 2026-01-26 01:53:08
2026-01-25 22:55:00,560 - easytorch-training - INFO - Epoch 237 / 300
2026-01-25 22:57:24,978 - easytorch-training - INFO - Result <train>: [train_time: 144.42 (s), lr: 6.25e-05, train_MAE: 11.9659, train_RMSE: 20.2768, train_MAPE: 8.0412]
2026-01-25 22:57:24,980 - easytorch-training - INFO - Start validation.
2026-01-25 22:57:43,554 - easytorch-training - INFO - Result <val>: [val_time: 18.57 (s), val_MAE: 13.5064, val_RMSE: 23.1342, val_MAPE: 10.1910]
2026-01-25 22:58:01,066 - easytorch-training - INFO - Evaluate best model on test data for horizon 1, Test MAE: 11.6622, Test RMSE: 19.3387, Test MAPE: 7.5931
2026-01-25 22:58:01,087 - easytorch-training - INFO - Evaluate best model on test data for horizon 2, Test MAE: 12.2419, Test RMSE: 20.6731, Test MAPE: 7.9460
2026-01-25 22:58:01,101 - easytorch-training - INFO - Evaluate best model on test data for horizon 3, Test MAE: 12.6994, Test RMSE: 21.7618, Test MAPE: 8.2169
2026-01-25 22:58:01,118 - easytorch-training - INFO - Evaluate best model on test data for horizon 4, Test MAE: 13.0514, Test RMSE: 22.5684, Test MAPE: 8.4080
2026-01-25 22:58:01,134 - easytorch-training - INFO - Evaluate best model on test data for horizon 5, Test MAE: 13.3691, Test RMSE: 23.2960, Test MAPE: 8.6601
2026-01-25 22:58:01,149 - easytorch-training - INFO - Evaluate best model on test data for horizon 6, Test MAE: 13.6186, Test RMSE: 23.8592, Test MAPE: 8.7938
2026-01-25 22:58:01,165 - easytorch-training - INFO - Evaluate best model on test data for horizon 7, Test MAE: 13.8795, Test RMSE: 24.3649, Test MAPE: 8.9672
2026-01-25 22:58:01,186 - easytorch-training - INFO - Evaluate best model on test data for horizon 8, Test MAE: 14.1057, Test RMSE: 24.8139, Test MAPE: 9.1325
2026-01-25 22:58:01,206 - easytorch-training - INFO - Evaluate best model on test data for horizon 9, Test MAE: 14.3161, Test RMSE: 25.2192, Test MAPE: 9.2729
2026-01-25 22:58:01,227 - easytorch-training - INFO - Evaluate best model on test data for horizon 10, Test MAE: 14.5072, Test RMSE: 25.5737, Test MAPE: 9.4407
2026-01-25 22:58:01,244 - easytorch-training - INFO - Evaluate best model on test data for horizon 11, Test MAE: 14.6841, Test RMSE: 25.8634, Test MAPE: 9.5688
2026-01-25 22:58:01,260 - easytorch-training - INFO - Evaluate best model on test data for horizon 12, Test MAE: 14.8615, Test RMSE: 26.1328, Test MAPE: 9.7195
2026-01-25 22:58:01,271 - easytorch-training - INFO - Result <test>: [test_time: 17.72 (s), test_MAE: 13.5831, test_RMSE: 23.7126, test_MAPE: 8.8100]
2026-01-25 22:58:01,613 - easytorch-training - INFO - Checkpoint checkpoints/STMAFNet_300/21afeca3ffc10cdf4e90589d029b0e70/STMAFNet_237.pt saved
2026-01-25 22:58:01,614 - easytorch-training - INFO - The estimated training finish time is 2026-01-26 01:53:26
2026-01-25 22:58:01,614 - easytorch-training - INFO - Epoch 238 / 300
2026-01-25 23:00:25,859 - easytorch-training - INFO - Result <train>: [train_time: 144.24 (s), lr: 6.25e-05, train_MAE: 11.9620, train_RMSE: 20.2631, train_MAPE: 8.0387]
2026-01-25 23:00:25,860 - easytorch-training - INFO - Start validation.
2026-01-25 23:00:44,535 - easytorch-training - INFO - Result <val>: [val_time: 18.67 (s), val_MAE: 13.5132, val_RMSE: 23.1439, val_MAPE: 10.2158]
2026-01-25 23:01:02,278 - easytorch-training - INFO - Evaluate best model on test data for horizon 1, Test MAE: 11.6656, Test RMSE: 19.3608, Test MAPE: 7.7827
2026-01-25 23:01:02,299 - easytorch-training - INFO - Evaluate best model on test data for horizon 2, Test MAE: 12.2661, Test RMSE: 20.6947, Test MAPE: 8.2347
2026-01-25 23:01:02,313 - easytorch-training - INFO - Evaluate best model on test data for horizon 3, Test MAE: 12.7358, Test RMSE: 21.7997, Test MAPE: 8.2611
2026-01-25 23:01:02,328 - easytorch-training - INFO - Evaluate best model on test data for horizon 4, Test MAE: 13.1069, Test RMSE: 22.6323, Test MAPE: 8.5853
2026-01-25 23:01:02,349 - easytorch-training - INFO - Evaluate best model on test data for horizon 5, Test MAE: 13.4179, Test RMSE: 23.3719, Test MAPE: 8.7837
2026-01-25 23:01:02,369 - easytorch-training - INFO - Evaluate best model on test data for horizon 6, Test MAE: 13.6816, Test RMSE: 23.9876, Test MAPE: 8.9248
2026-01-25 23:01:02,385 - easytorch-training - INFO - Evaluate best model on test data for horizon 7, Test MAE: 13.9371, Test RMSE: 24.5034, Test MAPE: 9.0731
2026-01-25 23:01:02,405 - easytorch-training - INFO - Evaluate best model on test data for horizon 8, Test MAE: 14.1801, Test RMSE: 24.9944, Test MAPE: 9.2503
2026-01-25 23:01:02,426 - easytorch-training - INFO - Evaluate best model on test data for horizon 9, Test MAE: 14.4054, Test RMSE: 25.4186, Test MAPE: 9.4144
2026-01-25 23:01:02,442 - easytorch-training - INFO - Evaluate best model on test data for horizon 10, Test MAE: 14.5936, Test RMSE: 25.7635, Test MAPE: 9.4642
2026-01-25 23:01:02,463 - easytorch-training - INFO - Evaluate best model on test data for horizon 11, Test MAE: 14.7374, Test RMSE: 26.0221, Test MAPE: 9.5815
2026-01-25 23:01:02,483 - easytorch-training - INFO - Evaluate best model on test data for horizon 12, Test MAE: 14.9183, Test RMSE: 26.2837, Test MAPE: 9.7125
2026-01-25 23:01:02,507 - easytorch-training - INFO - Result <test>: [test_time: 17.97 (s), test_MAE: 13.6371, test_RMSE: 23.8313, test_MAPE: 8.9224]
2026-01-25 23:01:02,889 - easytorch-training - INFO - Checkpoint checkpoints/STMAFNet_300/21afeca3ffc10cdf4e90589d029b0e70/STMAFNet_238.pt saved
2026-01-25 23:01:02,890 - easytorch-training - INFO - The estimated training finish time is 2026-01-26 01:53:43
2026-01-25 23:01:02,890 - easytorch-training - INFO - Epoch 239 / 300
2026-01-25 23:03:27,030 - easytorch-training - INFO - Result <train>: [train_time: 144.14 (s), lr: 6.25e-05, train_MAE: 11.9599, train_RMSE: 20.2489, train_MAPE: 8.0376]
2026-01-25 23:03:27,031 - easytorch-training - INFO - Start validation.
2026-01-25 23:03:45,488 - easytorch-training - INFO - Result <val>: [val_time: 18.46 (s), val_MAE: 13.4754, val_RMSE: 23.0589, val_MAPE: 10.0990]
2026-01-25 23:04:03,549 - easytorch-training - INFO - Evaluate best model on test data for horizon 1, Test MAE: 11.6561, Test RMSE: 19.3443, Test MAPE: 7.8577
2026-01-25 23:04:03,567 - easytorch-training - INFO - Evaluate best model on test data for horizon 2, Test MAE: 12.2330, Test RMSE: 20.6224, Test MAPE: 8.2152
2026-01-25 23:04:03,585 - easytorch-training - INFO - Evaluate best model on test data for horizon 3, Test MAE: 12.7042, Test RMSE: 21.6684, Test MAPE: 8.5336
2026-01-25 23:04:03,606 - easytorch-training - INFO - Evaluate best model on test data for horizon 4, Test MAE: 13.0445, Test RMSE: 22.5144, Test MAPE: 8.4742
2026-01-25 23:04:03,626 - easytorch-training - INFO - Evaluate best model on test data for horizon 5, Test MAE: 13.3691, Test RMSE: 23.2388, Test MAPE: 8.6984
2026-01-25 23:04:03,647 - easytorch-training - INFO - Evaluate best model on test data for horizon 6, Test MAE: 13.6275, Test RMSE: 23.8293, Test MAPE: 8.7935
2026-01-25 23:04:03,668 - easytorch-training - INFO - Evaluate best model on test data for horizon 7, Test MAE: 13.8812, Test RMSE: 24.3694, Test MAPE: 9.0237
2026-01-25 23:04:03,685 - easytorch-training - INFO - Evaluate best model on test data for horizon 8, Test MAE: 14.1083, Test RMSE: 24.8624, Test MAPE: 9.1779
2026-01-25 23:04:03,704 - easytorch-training - INFO - Evaluate best model on test data for horizon 9, Test MAE: 14.3218, Test RMSE: 25.2671, Test MAPE: 9.3108
2026-01-25 23:04:03,723 - easytorch-training - INFO - Evaluate best model on test data for horizon 10, Test MAE: 14.5041, Test RMSE: 25.5980, Test MAPE: 9.4156
2026-01-25 23:04:03,734 - easytorch-training - INFO - Evaluate best model on test data for horizon 11, Test MAE: 14.6807, Test RMSE: 25.9012, Test MAPE: 9.5780
2026-01-25 23:04:03,748 - easytorch-training - INFO - Evaluate best model on test data for horizon 12, Test MAE: 14.8567, Test RMSE: 26.1418, Test MAPE: 9.6542
2026-01-25 23:04:03,772 - easytorch-training - INFO - Result <test>: [test_time: 18.28 (s), test_MAE: 13.5823, test_RMSE: 23.7061, test_MAPE: 8.8944]
2026-01-25 23:04:04,109 - easytorch-training - INFO - Checkpoint checkpoints/STMAFNet_300/21afeca3ffc10cdf4e90589d029b0e70/STMAFNet_239.pt saved
2026-01-25 23:04:04,109 - easytorch-training - INFO - The estimated training finish time is 2026-01-26 01:54:01
2026-01-25 23:04:04,110 - easytorch-training - INFO - Epoch 240 / 300
2026-01-25 23:06:28,999 - easytorch-training - INFO - Result <train>: [train_time: 144.89 (s), lr: 6.25e-05, train_MAE: 11.9574, train_RMSE: 20.2549, train_MAPE: 8.0317]
2026-01-25 23:06:29,001 - easytorch-training - INFO - Start validation.
2026-01-25 23:06:47,670 - easytorch-training - INFO - Result <val>: [val_time: 18.67 (s), val_MAE: 13.4637, val_RMSE: 23.0913, val_MAPE: 10.0069]
2026-01-25 23:07:05,355 - easytorch-training - INFO - Evaluate best model on test data for horizon 1, Test MAE: 11.6512, Test RMSE: 19.3843, Test MAPE: 7.5961
2026-01-25 23:07:05,369 - easytorch-training - INFO - Evaluate best model on test data for horizon 2, Test MAE: 12.2216, Test RMSE: 20.6648, Test MAPE: 7.9453
2026-01-25 23:07:05,385 - easytorch-training - INFO - Evaluate best model on test data for horizon 3, Test MAE: 12.6747, Test RMSE: 21.6966, Test MAPE: 8.2229
2026-01-25 23:07:05,403 - easytorch-training - INFO - Evaluate best model on test data for horizon 4, Test MAE: 13.0336, Test RMSE: 22.4940, Test MAPE: 8.4222
2026-01-25 23:07:05,422 - easytorch-training - INFO - Evaluate best model on test data for horizon 5, Test MAE: 13.3366, Test RMSE: 23.2005, Test MAPE: 8.6320
2026-01-25 23:07:05,436 - easytorch-training - INFO - Evaluate best model on test data for horizon 6, Test MAE: 13.5943, Test RMSE: 23.7755, Test MAPE: 8.8014
2026-01-25 23:07:05,455 - easytorch-training - INFO - Evaluate best model on test data for horizon 7, Test MAE: 13.8560, Test RMSE: 24.3157, Test MAPE: 9.0147
2026-01-25 23:07:05,475 - easytorch-training - INFO - Evaluate best model on test data for horizon 8, Test MAE: 14.0961, Test RMSE: 24.7938, Test MAPE: 9.2111
2026-01-25 23:07:05,496 - easytorch-training - INFO - Evaluate best model on test data for horizon 9, Test MAE: 14.3085, Test RMSE: 25.2577, Test MAPE: 9.3080
2026-01-25 23:07:05,517 - easytorch-training - INFO - Evaluate best model on test data for horizon 10, Test MAE: 14.5056, Test RMSE: 25.6000, Test MAPE: 9.4317
2026-01-25 23:07:05,531 - easytorch-training - INFO - Evaluate best model on test data for horizon 11, Test MAE: 14.6622, Test RMSE: 25.8655, Test MAPE: 9.5859
2026-01-25 23:07:05,543 - easytorch-training - INFO - Evaluate best model on test data for horizon 12, Test MAE: 14.8406, Test RMSE: 26.1063, Test MAPE: 9.7278
2026-01-25 23:07:05,562 - easytorch-training - INFO - Result <test>: [test_time: 17.89 (s), test_MAE: 13.5651, test_RMSE: 23.6870, test_MAPE: 8.8249]
2026-01-25 23:07:05,988 - easytorch-training - INFO - Checkpoint checkpoints/STMAFNet_300/21afeca3ffc10cdf4e90589d029b0e70/STMAFNet_240.pt saved
2026-01-25 23:07:06,024 - easytorch-training - INFO - The estimated training finish time is 2026-01-26 01:54:20
2026-01-25 23:07:06,024 - easytorch-training - INFO - Epoch 241 / 300
2026-01-25 23:09:30,475 - easytorch-training - INFO - Result <train>: [train_time: 144.45 (s), lr: 6.25e-05, train_MAE: 11.9571, train_RMSE: 20.2506, train_MAPE: 8.0328]
2026-01-25 23:09:30,476 - easytorch-training - INFO - Start validation.
2026-01-25 23:09:49,879 - easytorch-training - INFO - Result <val>: [val_time: 19.40 (s), val_MAE: 13.4696, val_RMSE: 23.0562, val_MAPE: 9.9263]
2026-01-25 23:10:07,624 - easytorch-training - INFO - Evaluate best model on test data for horizon 1, Test MAE: 11.6762, Test RMSE: 19.3800, Test MAPE: 7.6985
2026-01-25 23:10:07,638 - easytorch-training - INFO - Evaluate best model on test data for horizon 2, Test MAE: 12.2371, Test RMSE: 20.6455, Test MAPE: 8.0325
2026-01-25 23:10:07,655 - easytorch-training - INFO - Evaluate best model on test data for horizon 3, Test MAE: 12.6744, Test RMSE: 21.6602, Test MAPE: 8.2514
2026-01-25 23:10:07,675 - easytorch-training - INFO - Evaluate best model on test data for horizon 4, Test MAE: 13.0444, Test RMSE: 22.4771, Test MAPE: 8.4094
2026-01-25 23:10:07,696 - easytorch-training - INFO - Evaluate best model on test data for horizon 5, Test MAE: 13.3521, Test RMSE: 23.1706, Test MAPE: 8.6966
2026-01-25 23:10:07,714 - easytorch-training - INFO - Evaluate best model on test data for horizon 6, Test MAE: 13.5984, Test RMSE: 23.7775, Test MAPE: 8.7657
2026-01-25 23:10:07,726 - easytorch-training - INFO - Evaluate best model on test data for horizon 7, Test MAE: 13.8435, Test RMSE: 24.2857, Test MAPE: 8.9315
2026-01-25 23:10:07,736 - easytorch-training - INFO - Evaluate best model on test data for horizon 8, Test MAE: 14.1005, Test RMSE: 24.8368, Test MAPE: 9.0965
2026-01-25 23:10:07,750 - easytorch-training - INFO - Evaluate best model on test data for horizon 9, Test MAE: 14.3223, Test RMSE: 25.2646, Test MAPE: 9.2654
2026-01-25 23:10:07,771 - easytorch-training - INFO - Evaluate best model on test data for horizon 10, Test MAE: 14.4896, Test RMSE: 25.6099, Test MAPE: 9.3561
2026-01-25 23:10:07,792 - easytorch-training - INFO - Evaluate best model on test data for horizon 11, Test MAE: 14.6838, Test RMSE: 25.9245, Test MAPE: 9.5045
2026-01-25 23:10:07,812 - easytorch-training - INFO - Evaluate best model on test data for horizon 12, Test MAE: 14.8534, Test RMSE: 26.1528, Test MAPE: 9.6872
2026-01-25 23:10:07,836 - easytorch-training - INFO - Result <test>: [test_time: 17.96 (s), test_MAE: 13.5730, test_RMSE: 23.6913, test_MAPE: 8.8079]
2026-01-25 23:10:08,204 - easytorch-training - INFO - Checkpoint checkpoints/STMAFNet_300/21afeca3ffc10cdf4e90589d029b0e70/STMAFNet_241.pt saved
2026-01-25 23:10:08,205 - easytorch-training - INFO - The estimated training finish time is 2026-01-26 01:54:38
2026-01-25 23:10:08,205 - easytorch-training - INFO - Epoch 242 / 300
2026-01-25 23:12:32,350 - easytorch-training - INFO - Result <train>: [train_time: 144.14 (s), lr: 6.25e-05, train_MAE: 11.9490, train_RMSE: 20.2348, train_MAPE: 8.0365]
2026-01-25 23:12:32,352 - easytorch-training - INFO - Start validation.
2026-01-25 23:12:51,303 - easytorch-training - INFO - Result <val>: [val_time: 18.95 (s), val_MAE: 13.4610, val_RMSE: 23.0548, val_MAPE: 10.0351]
2026-01-25 23:13:09,349 - easytorch-training - INFO - Evaluate best model on test data for horizon 1, Test MAE: 11.6562, Test RMSE: 19.3553, Test MAPE: 7.8007
2026-01-25 23:13:09,370 - easytorch-training - INFO - Evaluate best model on test data for horizon 2, Test MAE: 12.2263, Test RMSE: 20.6488, Test MAPE: 8.1367
2026-01-25 23:13:09,390 - easytorch-training - INFO - Evaluate best model on test data for horizon 3, Test MAE: 12.6744, Test RMSE: 21.6886, Test MAPE: 8.2689
2026-01-25 23:13:09,407 - easytorch-training - INFO - Evaluate best model on test data for horizon 4, Test MAE: 13.0331, Test RMSE: 22.4987, Test MAPE: 8.5801
2026-01-25 23:13:09,421 - easytorch-training - INFO - Evaluate best model on test data for horizon 5, Test MAE: 13.3302, Test RMSE: 23.1867, Test MAPE: 8.6525
2026-01-25 23:13:09,440 - easytorch-training - INFO - Evaluate best model on test data for horizon 6, Test MAE: 13.5780, Test RMSE: 23.8058, Test MAPE: 8.9030
2026-01-25 23:13:09,461 - easytorch-training - INFO - Evaluate best model on test data for horizon 7, Test MAE: 13.8374, Test RMSE: 24.3253, Test MAPE: 9.0920
2026-01-25 23:13:09,481 - easytorch-training - INFO - Evaluate best model on test data for horizon 8, Test MAE: 14.0730, Test RMSE: 24.8264, Test MAPE: 9.1731
2026-01-25 23:13:09,493 - easytorch-training - INFO - Evaluate best model on test data for horizon 9, Test MAE: 14.2952, Test RMSE: 25.2334, Test MAPE: 9.3382
2026-01-25 23:13:09,507 - easytorch-training - INFO - Evaluate best model on test data for horizon 10, Test MAE: 14.4556, Test RMSE: 25.5378, Test MAPE: 9.4152
2026-01-25 23:13:09,527 - easytorch-training - INFO - Evaluate best model on test data for horizon 11, Test MAE: 14.6429, Test RMSE: 25.8560, Test MAPE: 9.4561
2026-01-25 23:13:09,548 - easytorch-training - INFO - Evaluate best model on test data for horizon 12, Test MAE: 14.8168, Test RMSE: 26.0989, Test MAPE: 9.6046
2026-01-25 23:13:09,572 - easytorch-training - INFO - Result <test>: [test_time: 18.27 (s), test_MAE: 13.5516, test_RMSE: 23.6794, test_MAPE: 8.8684]
2026-01-25 23:13:09,908 - easytorch-training - INFO - Checkpoint checkpoints/STMAFNet_300/21afeca3ffc10cdf4e90589d029b0e70/STMAFNet_242.pt saved
2026-01-25 23:13:09,909 - easytorch-training - INFO - The estimated training finish time is 2026-01-26 01:54:56
2026-01-25 23:13:09,909 - easytorch-training - INFO - Epoch 243 / 300
2026-01-25 23:15:34,154 - easytorch-training - INFO - Result <train>: [train_time: 144.24 (s), lr: 6.25e-05, train_MAE: 11.9487, train_RMSE: 20.2397, train_MAPE: 8.0279]
2026-01-25 23:15:34,155 - easytorch-training - INFO - Start validation.
2026-01-25 23:15:52,999 - easytorch-training - INFO - Result <val>: [val_time: 18.84 (s), val_MAE: 13.4804, val_RMSE: 23.0825, val_MAPE: 10.0294]
2026-01-25 23:16:10,629 - easytorch-training - INFO - Evaluate best model on test data for horizon 1, Test MAE: 11.6459, Test RMSE: 19.3270, Test MAPE: 7.5486
2026-01-25 23:16:10,645 - easytorch-training - INFO - Evaluate best model on test data for horizon 2, Test MAE: 12.2358, Test RMSE: 20.6619, Test MAPE: 7.9016
2026-01-25 23:16:10,660 - easytorch-training - INFO - Evaluate best model on test data for horizon 3, Test MAE: 12.6952, Test RMSE: 21.6989, Test MAPE: 8.1621
2026-01-25 23:16:10,674 - easytorch-training - INFO - Evaluate best model on test data for horizon 4, Test MAE: 13.0430, Test RMSE: 22.5173, Test MAPE: 8.3875
2026-01-25 23:16:10,695 - easytorch-training - INFO - Evaluate best model on test data for horizon 5, Test MAE: 13.3459, Test RMSE: 23.2173, Test MAPE: 8.6104
2026-01-25 23:16:10,715 - easytorch-training - INFO - Evaluate best model on test data for horizon 6, Test MAE: 13.6047, Test RMSE: 23.8420, Test MAPE: 8.7945
2026-01-25 23:16:10,736 - easytorch-training - INFO - Evaluate best model on test data for horizon 7, Test MAE: 13.8543, Test RMSE: 24.3398, Test MAPE: 8.9524
2026-01-25 23:16:10,751 - easytorch-training - INFO - Evaluate best model on test data for horizon 8, Test MAE: 14.0866, Test RMSE: 24.8183, Test MAPE: 9.1264
2026-01-25 23:16:10,772 - easytorch-training - INFO - Evaluate best model on test data for horizon 9, Test MAE: 14.3091, Test RMSE: 25.2089, Test MAPE: 9.2598
2026-01-25 23:16:10,793 - easytorch-training - INFO - Evaluate best model on test data for horizon 10, Test MAE: 14.4762, Test RMSE: 25.5196, Test MAPE: 9.3932
2026-01-25 23:16:10,813 - easytorch-training - INFO - Evaluate best model on test data for horizon 11, Test MAE: 14.6602, Test RMSE: 25.8189, Test MAPE: 9.5248
2026-01-25 23:16:10,834 - easytorch-training - INFO - Evaluate best model on test data for horizon 12, Test MAE: 14.8286, Test RMSE: 26.0509, Test MAPE: 9.6391
2026-01-25 23:16:10,857 - easytorch-training - INFO - Result <test>: [test_time: 17.85 (s), test_MAE: 13.5655, test_RMSE: 23.6752, test_MAPE: 8.7750]
2026-01-25 23:16:11,196 - easytorch-training - INFO - Checkpoint checkpoints/STMAFNet_300/21afeca3ffc10cdf4e90589d029b0e70/STMAFNet_243.pt saved
2026-01-25 23:16:11,197 - easytorch-training - INFO - The estimated training finish time is 2026-01-26 01:55:13
2026-01-25 23:16:11,197 - easytorch-training - INFO - Epoch 244 / 300
2026-01-25 23:18:36,023 - easytorch-training - INFO - Result <train>: [train_time: 144.83 (s), lr: 6.25e-05, train_MAE: 11.9415, train_RMSE: 20.2239, train_MAPE: 8.0266]
2026-01-25 23:18:36,025 - easytorch-training - INFO - Start validation.
2026-01-25 23:18:54,767 - easytorch-training - INFO - Result <val>: [val_time: 18.74 (s), val_MAE: 13.4857, val_RMSE: 23.0871, val_MAPE: 10.1896]
2026-01-25 23:19:12,375 - easytorch-training - INFO - Evaluate best model on test data for horizon 1, Test MAE: 11.6458, Test RMSE: 19.3209, Test MAPE: 7.7763
2026-01-25 23:19:12,386 - easytorch-training - INFO - Evaluate best model on test data for horizon 2, Test MAE: 12.2215, Test RMSE: 20.6196, Test MAPE: 8.2803
2026-01-25 23:19:12,402 - easytorch-training - INFO - Evaluate best model on test data for horizon 3, Test MAE: 12.6628, Test RMSE: 21.6742, Test MAPE: 8.3550
2026-01-25 23:19:12,418 - easytorch-training - INFO - Evaluate best model on test data for horizon 4, Test MAE: 13.0462, Test RMSE: 22.5442, Test MAPE: 8.6087
2026-01-25 23:19:12,439 - easytorch-training - INFO - Evaluate best model on test data for horizon 5, Test MAE: 13.3546, Test RMSE: 23.2333, Test MAPE: 8.8816
2026-01-25 23:19:12,460 - easytorch-training - INFO - Evaluate best model on test data for horizon 6, Test MAE: 13.6003, Test RMSE: 23.8179, Test MAPE: 8.9864
2026-01-25 23:19:12,481 - easytorch-training - INFO - Evaluate best model on test data for horizon 7, Test MAE: 13.8678, Test RMSE: 24.3645, Test MAPE: 9.0794
2026-01-25 23:19:12,501 - easytorch-training - INFO - Evaluate best model on test data for horizon 8, Test MAE: 14.1210, Test RMSE: 24.8680, Test MAPE: 9.2277
2026-01-25 23:19:12,518 - easytorch-training - INFO - Evaluate best model on test data for horizon 9, Test MAE: 14.3366, Test RMSE: 25.2592, Test MAPE: 9.4075
2026-01-25 23:19:12,526 - easytorch-training - INFO - Evaluate best model on test data for horizon 10, Test MAE: 14.5330, Test RMSE: 25.5869, Test MAPE: 9.5277
2026-01-25 23:19:12,534 - easytorch-training - INFO - Evaluate best model on test data for horizon 11, Test MAE: 14.6959, Test RMSE: 25.8751, Test MAPE: 9.6831
2026-01-25 23:19:12,549 - easytorch-training - INFO - Evaluate best model on test data for horizon 12, Test MAE: 14.8703, Test RMSE: 26.1131, Test MAPE: 9.7543
2026-01-25 23:19:12,572 - easytorch-training - INFO - Result <test>: [test_time: 17.80 (s), test_MAE: 13.5796, test_RMSE: 23.6990, test_MAPE: 8.9640]
2026-01-25 23:19:13,000 - easytorch-training - INFO - Checkpoint checkpoints/STMAFNet_300/21afeca3ffc10cdf4e90589d029b0e70/STMAFNet_244.pt saved
2026-01-25 23:19:13,001 - easytorch-training - INFO - The estimated training finish time is 2026-01-26 01:55:31
2026-01-25 23:19:13,001 - easytorch-training - INFO - Epoch 245 / 300
2026-01-25 23:21:37,517 - easytorch-training - INFO - Result <train>: [train_time: 144.52 (s), lr: 6.25e-05, train_MAE: 11.9425, train_RMSE: 20.2276, train_MAPE: 8.0215]
2026-01-25 23:21:37,518 - easytorch-training - INFO - Start validation.
2026-01-25 23:21:56,898 - easytorch-training - INFO - Result <val>: [val_time: 19.38 (s), val_MAE: 13.4904, val_RMSE: 23.0633, val_MAPE: 10.0253]
2026-01-25 23:22:14,282 - easytorch-training - INFO - Evaluate best model on test data for horizon 1, Test MAE: 11.6574, Test RMSE: 19.3438, Test MAPE: 7.5907
2026-01-25 23:22:14,301 - easytorch-training - INFO - Evaluate best model on test data for horizon 2, Test MAE: 12.2305, Test RMSE: 20.6626, Test MAPE: 7.9112
2026-01-25 23:22:14,320 - easytorch-training - INFO - Evaluate best model on test data for horizon 3, Test MAE: 12.7030, Test RMSE: 21.7219, Test MAPE: 8.2075
2026-01-25 23:22:14,334 - easytorch-training - INFO - Evaluate best model on test data for horizon 4, Test MAE: 13.0921, Test RMSE: 22.5681, Test MAPE: 8.4739
2026-01-25 23:22:14,349 - easytorch-training - INFO - Evaluate best model on test data for horizon 5, Test MAE: 13.3580, Test RMSE: 23.2832, Test MAPE: 8.6595
2026-01-25 23:22:14,369 - easytorch-training - INFO - Evaluate best model on test data for horizon 6, Test MAE: 13.6135, Test RMSE: 23.8470, Test MAPE: 8.8346
2026-01-25 23:22:14,390 - easytorch-training - INFO - Evaluate best model on test data for horizon 7, Test MAE: 13.9053, Test RMSE: 24.3683, Test MAPE: 9.1091
2026-01-25 23:22:14,410 - easytorch-training - INFO - Evaluate best model on test data for horizon 8, Test MAE: 14.1190, Test RMSE: 24.8725, Test MAPE: 9.1416
2026-01-25 23:22:14,424 - easytorch-training - INFO - Evaluate best model on test data for horizon 9, Test MAE: 14.3261, Test RMSE: 25.2774, Test MAPE: 9.2958
2026-01-25 23:22:14,438 - easytorch-training - INFO - Evaluate best model on test data for horizon 10, Test MAE: 14.5232, Test RMSE: 25.6185, Test MAPE: 9.4205
2026-01-25 23:22:14,457 - easytorch-training - INFO - Evaluate best model on test data for horizon 11, Test MAE: 14.7049, Test RMSE: 25.9028, Test MAPE: 9.5804
2026-01-25 23:22:14,471 - easytorch-training - INFO - Evaluate best model on test data for horizon 12, Test MAE: 14.8599, Test RMSE: 26.1088, Test MAPE: 9.7016
2026-01-25 23:22:14,489 - easytorch-training - INFO - Result <test>: [test_time: 17.59 (s), test_MAE: 13.5911, test_RMSE: 23.7231, test_MAPE: 8.8272]
2026-01-25 23:22:14,829 - easytorch-training - INFO - Checkpoint checkpoints/STMAFNet_300/21afeca3ffc10cdf4e90589d029b0e70/STMAFNet_245.pt saved
2026-01-25 23:22:14,830 - easytorch-training - INFO - The estimated training finish time is 2026-01-26 01:55:49
2026-01-25 23:22:14,830 - easytorch-training - INFO - Epoch 246 / 300
2026-01-25 23:24:39,225 - easytorch-training - INFO - Result <train>: [train_time: 144.39 (s), lr: 6.25e-05, train_MAE: 11.9378, train_RMSE: 20.2232, train_MAPE: 8.0238]
2026-01-25 23:24:39,227 - easytorch-training - INFO - Start validation.
2026-01-25 23:24:58,039 - easytorch-training - INFO - Result <val>: [val_time: 18.81 (s), val_MAE: 13.5039, val_RMSE: 23.1495, val_MAPE: 10.1033]
2026-01-25 23:25:16,066 - easytorch-training - INFO - Evaluate best model on test data for horizon 1, Test MAE: 11.6552, Test RMSE: 19.3503, Test MAPE: 7.5847
2026-01-25 23:25:16,084 - easytorch-training - INFO - Evaluate best model on test data for horizon 2, Test MAE: 12.2257, Test RMSE: 20.6520, Test MAPE: 7.9449
2026-01-25 23:25:16,105 - easytorch-training - INFO - Evaluate best model on test data for horizon 3, Test MAE: 12.7075, Test RMSE: 21.7119, Test MAPE: 8.1984
2026-01-25 23:25:16,121 - easytorch-training - INFO - Evaluate best model on test data for horizon 4, Test MAE: 13.0458, Test RMSE: 22.5116, Test MAPE: 8.4207
2026-01-25 23:25:16,141 - easytorch-training - INFO - Evaluate best model on test data for horizon 5, Test MAE: 13.3559, Test RMSE: 23.2284, Test MAPE: 8.6633
2026-01-25 23:25:16,162 - easytorch-training - INFO - Evaluate best model on test data for horizon 6, Test MAE: 13.6115, Test RMSE: 23.8389, Test MAPE: 8.7994
2026-01-25 23:25:16,180 - easytorch-training - INFO - Evaluate best model on test data for horizon 7, Test MAE: 13.8567, Test RMSE: 24.3282, Test MAPE: 8.9583
2026-01-25 23:25:16,190 - easytorch-training - INFO - Evaluate best model on test data for horizon 8, Test MAE: 14.1331, Test RMSE: 24.8623, Test MAPE: 9.1325
2026-01-25 23:25:16,201 - easytorch-training - INFO - Evaluate best model on test data for horizon 9, Test MAE: 14.3483, Test RMSE: 25.3156, Test MAPE: 9.2725
2026-01-25 23:25:16,217 - easytorch-training - INFO - Evaluate best model on test data for horizon 10, Test MAE: 14.5227, Test RMSE: 25.6716, Test MAPE: 9.4130
2026-01-25 23:25:16,238 - easytorch-training - INFO - Evaluate best model on test data for horizon 11, Test MAE: 14.6869, Test RMSE: 25.9858, Test MAPE: 9.5264
2026-01-25 23:25:16,258 - easytorch-training - INFO - Evaluate best model on test data for horizon 12, Test MAE: 14.8860, Test RMSE: 26.2417, Test MAPE: 9.7003
2026-01-25 23:25:16,281 - easytorch-training - INFO - Result <test>: [test_time: 18.24 (s), test_MAE: 13.5863, test_RMSE: 23.7360, test_MAPE: 8.8012]
2026-01-25 23:25:16,710 - easytorch-training - INFO - Checkpoint checkpoints/STMAFNet_300/21afeca3ffc10cdf4e90589d029b0e70/STMAFNet_246.pt saved
2026-01-25 23:25:16,711 - easytorch-training - INFO - The estimated training finish time is 2026-01-26 01:56:06
2026-01-25 23:25:16,711 - easytorch-training - INFO - Epoch 247 / 300
2026-01-25 23:27:41,583 - easytorch-training - INFO - Result <train>: [train_time: 144.87 (s), lr: 6.25e-05, train_MAE: 11.9287, train_RMSE: 20.1945, train_MAPE: 8.0171]
2026-01-25 23:27:41,585 - easytorch-training - INFO - Start validation.
2026-01-25 23:28:00,451 - easytorch-training - INFO - Result <val>: [val_time: 18.87 (s), val_MAE: 13.5218, val_RMSE: 23.1614, val_MAPE: 10.1147]
2026-01-25 23:28:17,262 - easytorch-training - INFO - Evaluate best model on test data for horizon 1, Test MAE: 11.6627, Test RMSE: 19.3791, Test MAPE: 7.5717
2026-01-25 23:28:17,282 - easytorch-training - INFO - Evaluate best model on test data for horizon 2, Test MAE: 12.2479, Test RMSE: 20.7073, Test MAPE: 7.9022
2026-01-25 23:28:17,303 - easytorch-training - INFO - Evaluate best model on test data for horizon 3, Test MAE: 12.7047, Test RMSE: 21.7563, Test MAPE: 8.1877
2026-01-25 23:28:17,324 - easytorch-training - INFO - Evaluate best model on test data for horizon 4, Test MAE: 13.0793, Test RMSE: 22.5930, Test MAPE: 8.3894
2026-01-25 23:28:17,343 - easytorch-training - INFO - Evaluate best model on test data for horizon 5, Test MAE: 13.3851, Test RMSE: 23.2815, Test MAPE: 8.6005
2026-01-25 23:28:17,349 - easytorch-training - INFO - Evaluate best model on test data for horizon 6, Test MAE: 13.6594, Test RMSE: 23.8909, Test MAPE: 8.7903
2026-01-25 23:28:17,350 - easytorch-training - INFO - Evaluate best model on test data for horizon 7, Test MAE: 13.9164, Test RMSE: 24.4376, Test MAPE: 8.9325
2026-01-25 23:28:17,360 - easytorch-training - INFO - Evaluate best model on test data for horizon 8, Test MAE: 14.1567, Test RMSE: 24.9107, Test MAPE: 9.1236
2026-01-25 23:28:17,381 - easytorch-training - INFO - Evaluate best model on test data for horizon 9, Test MAE: 14.3608, Test RMSE: 25.2943, Test MAPE: 9.2575
2026-01-25 23:28:17,402 - easytorch-training - INFO - Evaluate best model on test data for horizon 10, Test MAE: 14.5462, Test RMSE: 25.6485, Test MAPE: 9.3848
2026-01-25 23:28:17,422 - easytorch-training - INFO - Evaluate best model on test data for horizon 11, Test MAE: 14.7231, Test RMSE: 25.9520, Test MAPE: 9.5288
2026-01-25 23:28:17,443 - easytorch-training - INFO - Evaluate best model on test data for horizon 12, Test MAE: 14.9008, Test RMSE: 26.2252, Test MAPE: 9.6611
2026-01-25 23:28:17,465 - easytorch-training - INFO - Result <test>: [test_time: 17.01 (s), test_MAE: 13.6119, test_RMSE: 23.7655, test_MAPE: 8.7775]
2026-01-25 23:28:17,805 - easytorch-training - INFO - Checkpoint checkpoints/STMAFNet_300/21afeca3ffc10cdf4e90589d029b0e70/STMAFNet_247.pt saved
2026-01-25 23:28:17,806 - easytorch-training - INFO - The estimated training finish time is 2026-01-26 01:56:22
2026-01-25 23:28:17,806 - easytorch-training - INFO - Epoch 248 / 300
2026-01-25 23:30:42,657 - easytorch-training - INFO - Result <train>: [train_time: 144.85 (s), lr: 6.25e-05, train_MAE: 11.9280, train_RMSE: 20.2069, train_MAPE: 8.0179]
2026-01-25 23:30:42,658 - easytorch-training - INFO - Start validation.
2026-01-25 23:31:01,519 - easytorch-training - INFO - Result <val>: [val_time: 18.86 (s), val_MAE: 13.4932, val_RMSE: 23.1124, val_MAPE: 9.9985]
2026-01-25 23:31:18,836 - easytorch-training - INFO - Evaluate best model on test data for horizon 1, Test MAE: 11.6735, Test RMSE: 19.3993, Test MAPE: 7.5704
2026-01-25 23:31:18,847 - easytorch-training - INFO - Evaluate best model on test data for horizon 2, Test MAE: 12.2593, Test RMSE: 20.7293, Test MAPE: 7.9363
2026-01-25 23:31:18,859 - easytorch-training - INFO - Evaluate best model on test data for horizon 3, Test MAE: 12.7024, Test RMSE: 21.7846, Test MAPE: 8.1606
2026-01-25 23:31:18,880 - easytorch-training - INFO - Evaluate best model on test data for horizon 4, Test MAE: 13.0757, Test RMSE: 22.6165, Test MAPE: 8.4015
2026-01-25 23:31:18,900 - easytorch-training - INFO - Evaluate best model on test data for horizon 5, Test MAE: 13.3621, Test RMSE: 23.2917, Test MAPE: 8.6182
2026-01-25 23:31:18,921 - easytorch-training - INFO - Evaluate best model on test data for horizon 6, Test MAE: 13.6142, Test RMSE: 23.8613, Test MAPE: 8.7796
2026-01-25 23:31:18,941 - easytorch-training - INFO - Evaluate best model on test data for horizon 7, Test MAE: 13.8767, Test RMSE: 24.4168, Test MAPE: 8.9527
2026-01-25 23:31:18,962 - easytorch-training - INFO - Evaluate best model on test data for horizon 8, Test MAE: 14.1310, Test RMSE: 24.9401, Test MAPE: 9.1616
2026-01-25 23:31:18,977 - easytorch-training - INFO - Evaluate best model on test data for horizon 9, Test MAE: 14.3533, Test RMSE: 25.3554, Test MAPE: 9.3084
2026-01-25 23:31:18,987 - easytorch-training - INFO - Evaluate best model on test data for horizon 10, Test MAE: 14.5361, Test RMSE: 25.6897, Test MAPE: 9.4265
2026-01-25 23:31:18,998 - easytorch-training - INFO - Evaluate best model on test data for horizon 11, Test MAE: 14.6929, Test RMSE: 25.9462, Test MAPE: 9.5413
2026-01-25 23:31:19,015 - easytorch-training - INFO - Evaluate best model on test data for horizon 12, Test MAE: 14.8958, Test RMSE: 26.2255, Test MAPE: 9.6724
2026-01-25 23:31:19,038 - easytorch-training - INFO - Result <test>: [test_time: 17.52 (s), test_MAE: 13.5978, test_RMSE: 23.7802, test_MAPE: 8.7941]
2026-01-25 23:31:19,386 - easytorch-training - INFO - Checkpoint checkpoints/STMAFNet_300/21afeca3ffc10cdf4e90589d029b0e70/STMAFNet_248.pt saved
2026-01-25 23:31:19,387 - easytorch-training - INFO - The estimated training finish time is 2026-01-26 01:56:39
2026-01-25 23:31:19,387 - easytorch-training - INFO - Epoch 249 / 300
2026-01-25 23:33:43,741 - easytorch-training - INFO - Result <train>: [train_time: 144.35 (s), lr: 6.25e-05, train_MAE: 11.9209, train_RMSE: 20.1836, train_MAPE: 8.0126]
2026-01-25 23:33:43,742 - easytorch-training - INFO - Start validation.
2026-01-25 23:34:02,311 - easytorch-training - INFO - Result <val>: [val_time: 18.57 (s), val_MAE: 13.4605, val_RMSE: 23.0749, val_MAPE: 9.9376]
2026-01-25 23:34:19,899 - easytorch-training - INFO - Evaluate best model on test data for horizon 1, Test MAE: 11.6320, Test RMSE: 19.3384, Test MAPE: 7.6804
2026-01-25 23:34:19,920 - easytorch-training - INFO - Evaluate best model on test data for horizon 2, Test MAE: 12.2066, Test RMSE: 20.6430, Test MAPE: 7.9691
2026-01-25 23:34:19,940 - easytorch-training - INFO - Evaluate best model on test data for horizon 3, Test MAE: 12.6643, Test RMSE: 21.6595, Test MAPE: 8.1158
2026-01-25 23:34:19,961 - easytorch-training - INFO - Evaluate best model on test data for horizon 4, Test MAE: 13.0207, Test RMSE: 22.4745, Test MAPE: 8.3503
2026-01-25 23:34:19,973 - easytorch-training - INFO - Evaluate best model on test data for horizon 5, Test MAE: 13.3381, Test RMSE: 23.1991, Test MAPE: 8.5919
2026-01-25 23:34:19,981 - easytorch-training - INFO - Evaluate best model on test data for horizon 6, Test MAE: 13.6005, Test RMSE: 23.8200, Test MAPE: 8.7173
2026-01-25 23:34:19,997 - easytorch-training - INFO - Evaluate best model on test data for horizon 7, Test MAE: 13.8665, Test RMSE: 24.3554, Test MAPE: 8.8646
2026-01-25 23:34:20,018 - easytorch-training - INFO - Evaluate best model on test data for horizon 8, Test MAE: 14.1138, Test RMSE: 24.8719, Test MAPE: 9.0526
2026-01-25 23:34:20,039 - easytorch-training - INFO - Evaluate best model on test data for horizon 9, Test MAE: 14.3337, Test RMSE: 25.3355, Test MAPE: 9.1717
2026-01-25 23:34:20,059 - easytorch-training - INFO - Evaluate best model on test data for horizon 10, Test MAE: 14.5112, Test RMSE: 25.6669, Test MAPE: 9.3297
2026-01-25 23:34:20,080 - easytorch-training - INFO - Evaluate best model on test data for horizon 11, Test MAE: 14.7098, Test RMSE: 25.9622, Test MAPE: 9.5870
2026-01-25 23:34:20,101 - easytorch-training - INFO - Evaluate best model on test data for horizon 12, Test MAE: 14.8783, Test RMSE: 26.2189, Test MAPE: 9.6146
2026-01-25 23:34:20,125 - easytorch-training - INFO - Result <test>: [test_time: 17.81 (s), test_MAE: 13.5730, test_RMSE: 23.7239, test_MAPE: 8.7538]
2026-01-25 23:34:20,465 - easytorch-training - INFO - Checkpoint checkpoints/STMAFNet_300/21afeca3ffc10cdf4e90589d029b0e70/STMAFNet_249.pt saved
2026-01-25 23:34:20,466 - easytorch-training - INFO - The estimated training finish time is 2026-01-26 01:56:55
2026-01-25 23:34:20,466 - easytorch-training - INFO - Epoch 250 / 300
2026-01-25 23:36:44,479 - easytorch-training - INFO - Result <train>: [train_time: 144.01 (s), lr: 6.25e-05, train_MAE: 11.9213, train_RMSE: 20.1868, train_MAPE: 8.0146]
2026-01-25 23:36:44,479 - easytorch-training - INFO - Start validation.
2026-01-25 23:37:03,230 - easytorch-training - INFO - Result <val>: [val_time: 18.75 (s), val_MAE: 13.4981, val_RMSE: 23.0947, val_MAPE: 10.0485]
2026-01-25 23:37:21,264 - easytorch-training - INFO - Evaluate best model on test data for horizon 1, Test MAE: 11.6590, Test RMSE: 19.3620, Test MAPE: 7.6009
2026-01-25 23:37:21,281 - easytorch-training - INFO - Evaluate best model on test data for horizon 2, Test MAE: 12.2375, Test RMSE: 20.6830, Test MAPE: 7.9177
2026-01-25 23:37:21,299 - easytorch-training - INFO - Evaluate best model on test data for horizon 3, Test MAE: 12.7052, Test RMSE: 21.7673, Test MAPE: 8.2285
2026-01-25 23:37:21,320 - easytorch-training - INFO - Evaluate best model on test data for horizon 4, Test MAE: 13.0781, Test RMSE: 22.5944, Test MAPE: 8.4545
2026-01-25 23:37:21,340 - easytorch-training - INFO - Evaluate best model on test data for horizon 5, Test MAE: 13.3855, Test RMSE: 23.2633, Test MAPE: 8.6894
2026-01-25 23:37:21,361 - easytorch-training - INFO - Evaluate best model on test data for horizon 6, Test MAE: 13.6545, Test RMSE: 23.8835, Test MAPE: 8.8440
2026-01-25 23:37:21,382 - easytorch-training - INFO - Evaluate best model on test data for horizon 7, Test MAE: 13.8974, Test RMSE: 24.3837, Test MAPE: 8.9630
2026-01-25 23:37:21,402 - easytorch-training - INFO - Evaluate best model on test data for horizon 8, Test MAE: 14.1500, Test RMSE: 24.9171, Test MAPE: 9.1451
2026-01-25 23:37:21,419 - easytorch-training - INFO - Evaluate best model on test data for horizon 9, Test MAE: 14.3703, Test RMSE: 25.3516, Test MAPE: 9.3145
2026-01-25 23:37:21,438 - easytorch-training - INFO - Evaluate best model on test data for horizon 10, Test MAE: 14.5550, Test RMSE: 25.7028, Test MAPE: 9.4403
2026-01-25 23:37:21,450 - easytorch-training - INFO - Evaluate best model on test data for horizon 11, Test MAE: 14.7332, Test RMSE: 25.9959, Test MAPE: 9.5649
2026-01-25 23:37:21,464 - easytorch-training - INFO - Evaluate best model on test data for horizon 12, Test MAE: 14.9026, Test RMSE: 26.2138, Test MAPE: 9.6754
2026-01-25 23:37:21,488 - easytorch-training - INFO - Result <test>: [test_time: 18.26 (s), test_MAE: 13.6107, test_RMSE: 23.7703, test_MAPE: 8.8198]
2026-01-25 23:37:21,924 - easytorch-training - INFO - Checkpoint checkpoints/STMAFNet_300/21afeca3ffc10cdf4e90589d029b0e70/STMAFNet_250.pt saved
2026-01-25 23:37:21,954 - easytorch-training - INFO - The estimated training finish time is 2026-01-26 01:57:12
2026-01-25 23:37:21,954 - easytorch-training - INFO - Epoch 251 / 300
2026-01-25 23:39:45,586 - easytorch-training - INFO - Result <train>: [train_time: 143.63 (s), lr: 6.25e-05, train_MAE: 11.9169, train_RMSE: 20.1793, train_MAPE: 8.0118]
2026-01-25 23:39:45,587 - easytorch-training - INFO - Start validation.
2026-01-25 23:40:04,802 - easytorch-training - INFO - Result <val>: [val_time: 19.21 (s), val_MAE: 13.4870, val_RMSE: 23.1205, val_MAPE: 10.1044]
2026-01-25 23:40:22,882 - easytorch-training - INFO - Evaluate best model on test data for horizon 1, Test MAE: 11.6472, Test RMSE: 19.3793, Test MAPE: 7.6038
2026-01-25 23:40:22,897 - easytorch-training - INFO - Evaluate best model on test data for horizon 2, Test MAE: 12.2296, Test RMSE: 20.6853, Test MAPE: 8.0114
2026-01-25 23:40:22,917 - easytorch-training - INFO - Evaluate best model on test data for horizon 3, Test MAE: 12.6779, Test RMSE: 21.7335, Test MAPE: 8.2220
2026-01-25 23:40:22,938 - easytorch-training - INFO - Evaluate best model on test data for horizon 4, Test MAE: 13.0511, Test RMSE: 22.5500, Test MAPE: 8.4482
2026-01-25 23:40:22,959 - easytorch-training - INFO - Evaluate best model on test data for horizon 5, Test MAE: 13.3500, Test RMSE: 23.2336, Test MAPE: 8.7024
2026-01-25 23:40:22,979 - easytorch-training - INFO - Evaluate best model on test data for horizon 6, Test MAE: 13.6164, Test RMSE: 23.8206, Test MAPE: 8.8897
2026-01-25 23:40:23,000 - easytorch-training - INFO - Evaluate best model on test data for horizon 7, Test MAE: 13.8714, Test RMSE: 24.3297, Test MAPE: 9.0275
2026-01-25 23:40:23,015 - easytorch-training - INFO - Evaluate best model on test data for horizon 8, Test MAE: 14.1142, Test RMSE: 24.8494, Test MAPE: 9.1556
2026-01-25 23:40:23,029 - easytorch-training - INFO - Evaluate best model on test data for horizon 9, Test MAE: 14.3500, Test RMSE: 25.2708, Test MAPE: 9.3906
2026-01-25 23:40:23,049 - easytorch-training - INFO - Evaluate best model on test data for horizon 10, Test MAE: 14.5346, Test RMSE: 25.6607, Test MAPE: 9.6666
2026-01-25 23:40:23,070 - easytorch-training - INFO - Evaluate best model on test data for horizon 11, Test MAE: 14.7231, Test RMSE: 25.9872, Test MAPE: 9.7229
2026-01-25 23:40:23,080 - easytorch-training - INFO - Evaluate best model on test data for horizon 12, Test MAE: 14.9123, Test RMSE: 26.2477, Test MAPE: 9.9042
2026-01-25 23:40:23,104 - easytorch-training - INFO - Result <test>: [test_time: 18.30 (s), test_MAE: 13.5898, test_RMSE: 23.7387, test_MAPE: 8.8954]
2026-01-25 23:40:23,444 - easytorch-training - INFO - Checkpoint checkpoints/STMAFNet_300/21afeca3ffc10cdf4e90589d029b0e70/STMAFNet_251.pt saved
2026-01-25 23:40:23,445 - easytorch-training - INFO - The estimated training finish time is 2026-01-26 01:57:28
2026-01-25 23:40:23,445 - easytorch-training - INFO - Epoch 252 / 300
2026-01-25 23:42:46,900 - easytorch-training - INFO - Result <train>: [train_time: 143.45 (s), lr: 6.25e-05, train_MAE: 11.9128, train_RMSE: 20.1648, train_MAPE: 8.0104]
2026-01-25 23:42:46,902 - easytorch-training - INFO - Start validation.
2026-01-25 23:43:06,333 - easytorch-training - INFO - Result <val>: [val_time: 19.43 (s), val_MAE: 13.4796, val_RMSE: 23.0909, val_MAPE: 10.1107]
2026-01-25 23:43:24,383 - easytorch-training - INFO - Evaluate best model on test data for horizon 1, Test MAE: 11.6563, Test RMSE: 19.3557, Test MAPE: 7.6115
2026-01-25 23:43:24,397 - easytorch-training - INFO - Evaluate best model on test data for horizon 2, Test MAE: 12.2520, Test RMSE: 20.6827, Test MAPE: 8.1233
2026-01-25 23:43:24,416 - easytorch-training - INFO - Evaluate best model on test data for horizon 3, Test MAE: 12.6988, Test RMSE: 21.7052, Test MAPE: 8.3275
2026-01-25 23:43:24,436 - easytorch-training - INFO - Evaluate best model on test data for horizon 4, Test MAE: 13.0648, Test RMSE: 22.5270, Test MAPE: 8.5828
2026-01-25 23:43:24,453 - easytorch-training - INFO - Evaluate best model on test data for horizon 5, Test MAE: 13.3783, Test RMSE: 23.2356, Test MAPE: 8.6866
2026-01-25 23:43:24,467 - easytorch-training - INFO - Evaluate best model on test data for horizon 6, Test MAE: 13.6319, Test RMSE: 23.8362, Test MAPE: 8.8902
2026-01-25 23:43:24,486 - easytorch-training - INFO - Evaluate best model on test data for horizon 7, Test MAE: 13.8958, Test RMSE: 24.3634, Test MAPE: 9.0820
2026-01-25 23:43:24,507 - easytorch-training - INFO - Evaluate best model on test data for horizon 8, Test MAE: 14.1146, Test RMSE: 24.8313, Test MAPE: 9.2014
2026-01-25 23:43:24,527 - easytorch-training - INFO - Evaluate best model on test data for horizon 9, Test MAE: 14.3172, Test RMSE: 25.2355, Test MAPE: 9.2333
2026-01-25 23:43:24,548 - easytorch-training - INFO - Evaluate best model on test data for horizon 10, Test MAE: 14.5086, Test RMSE: 25.5852, Test MAPE: 9.5272
2026-01-25 23:43:24,563 - easytorch-training - INFO - Evaluate best model on test data for horizon 11, Test MAE: 14.6862, Test RMSE: 25.8834, Test MAPE: 9.6762
2026-01-25 23:43:24,580 - easytorch-training - INFO - Evaluate best model on test data for horizon 12, Test MAE: 14.8861, Test RMSE: 26.1415, Test MAPE: 9.9740
2026-01-25 23:43:24,602 - easytorch-training - INFO - Result <test>: [test_time: 18.27 (s), test_MAE: 13.5909, test_RMSE: 23.7065, test_MAPE: 8.9097]
2026-01-25 23:43:25,037 - easytorch-training - INFO - Checkpoint checkpoints/STMAFNet_300/21afeca3ffc10cdf4e90589d029b0e70/STMAFNet_252.pt saved
2026-01-25 23:43:25,038 - easytorch-training - INFO - The estimated training finish time is 2026-01-26 01:57:45
2026-01-25 23:43:25,038 - easytorch-training - INFO - Epoch 253 / 300
2026-01-25 23:45:49,109 - easytorch-training - INFO - Result <train>: [train_time: 144.07 (s), lr: 6.25e-05, train_MAE: 11.9078, train_RMSE: 20.1572, train_MAPE: 8.0130]
2026-01-25 23:45:49,111 - easytorch-training - INFO - Start validation.
2026-01-25 23:46:08,046 - easytorch-training - INFO - Result <val>: [val_time: 18.93 (s), val_MAE: 13.4742, val_RMSE: 23.0831, val_MAPE: 10.1870]
2026-01-25 23:46:25,748 - easytorch-training - INFO - Evaluate best model on test data for horizon 1, Test MAE: 11.6393, Test RMSE: 19.3377, Test MAPE: 7.7105
2026-01-25 23:46:25,767 - easytorch-training - INFO - Evaluate best model on test data for horizon 2, Test MAE: 12.2296, Test RMSE: 20.6416, Test MAPE: 8.0635
2026-01-25 23:46:25,782 - easytorch-training - INFO - Evaluate best model on test data for horizon 3, Test MAE: 12.6873, Test RMSE: 21.6987, Test MAPE: 8.2527
2026-01-25 23:46:25,798 - easytorch-training - INFO - Evaluate best model on test data for horizon 4, Test MAE: 13.0330, Test RMSE: 22.4949, Test MAPE: 8.5902
2026-01-25 23:46:25,812 - easytorch-training - INFO - Evaluate best model on test data for horizon 5, Test MAE: 13.3382, Test RMSE: 23.1790, Test MAPE: 8.8157
2026-01-25 23:46:25,827 - easytorch-training - INFO - Evaluate best model on test data for horizon 6, Test MAE: 13.6057, Test RMSE: 23.7790, Test MAPE: 8.8997
2026-01-25 23:46:25,847 - easytorch-training - INFO - Evaluate best model on test data for horizon 7, Test MAE: 13.8629, Test RMSE: 24.2935, Test MAPE: 9.0680
2026-01-25 23:46:25,868 - easytorch-training - INFO - Evaluate best model on test data for horizon 8, Test MAE: 14.0915, Test RMSE: 24.7746, Test MAPE: 9.2031
2026-01-25 23:46:25,888 - easytorch-training - INFO - Evaluate best model on test data for horizon 9, Test MAE: 14.3196, Test RMSE: 25.2122, Test MAPE: 9.2573
2026-01-25 23:46:25,904 - easytorch-training - INFO - Evaluate best model on test data for horizon 10, Test MAE: 14.4974, Test RMSE: 25.5484, Test MAPE: 9.4375
2026-01-25 23:46:25,924 - easytorch-training - INFO - Evaluate best model on test data for horizon 11, Test MAE: 14.6768, Test RMSE: 25.8778, Test MAPE: 9.5882
2026-01-25 23:46:25,945 - easytorch-training - INFO - Evaluate best model on test data for horizon 12, Test MAE: 14.8660, Test RMSE: 26.1070, Test MAPE: 9.7369
2026-01-25 23:46:25,969 - easytorch-training - INFO - Result <test>: [test_time: 17.92 (s), test_MAE: 13.5706, test_RMSE: 23.6698, test_MAPE: 8.8853]
2026-01-25 23:46:26,311 - easytorch-training - INFO - Checkpoint checkpoints/STMAFNet_300/21afeca3ffc10cdf4e90589d029b0e70/STMAFNet_253.pt saved
2026-01-25 23:46:26,312 - easytorch-training - INFO - The estimated training finish time is 2026-01-26 01:58:00
2026-01-25 23:46:26,312 - easytorch-training - INFO - Epoch 254 / 300
2026-01-25 23:48:51,580 - easytorch-training - INFO - Result <train>: [train_time: 145.27 (s), lr: 6.25e-05, train_MAE: 11.9057, train_RMSE: 20.1522, train_MAPE: 8.0051]
2026-01-25 23:48:51,581 - easytorch-training - INFO - Start validation.
2026-01-25 23:49:10,186 - easytorch-training - INFO - Result <val>: [val_time: 18.60 (s), val_MAE: 13.5015, val_RMSE: 23.1522, val_MAPE: 10.1363]
2026-01-25 23:49:27,591 - easytorch-training - INFO - Evaluate best model on test data for horizon 1, Test MAE: 11.6528, Test RMSE: 19.3726, Test MAPE: 7.6535
2026-01-25 23:49:27,611 - easytorch-training - INFO - Evaluate best model on test data for horizon 2, Test MAE: 12.2354, Test RMSE: 20.6691, Test MAPE: 7.9857
2026-01-25 23:49:27,625 - easytorch-training - INFO - Evaluate best model on test data for horizon 3, Test MAE: 12.7098, Test RMSE: 21.7603, Test MAPE: 8.2206
2026-01-25 23:49:27,642 - easytorch-training - INFO - Evaluate best model on test data for horizon 4, Test MAE: 13.1095, Test RMSE: 22.6392, Test MAPE: 8.6290
2026-01-25 23:49:27,662 - easytorch-training - INFO - Evaluate best model on test data for horizon 5, Test MAE: 13.4047, Test RMSE: 23.3611, Test MAPE: 8.6577
2026-01-25 23:49:27,683 - easytorch-training - INFO - Evaluate best model on test data for horizon 6, Test MAE: 13.6590, Test RMSE: 23.9200, Test MAPE: 8.8878
2026-01-25 23:49:27,702 - easytorch-training - INFO - Evaluate best model on test data for horizon 7, Test MAE: 13.9120, Test RMSE: 24.4404, Test MAPE: 8.9901
2026-01-25 23:49:27,716 - easytorch-training - INFO - Evaluate best model on test data for horizon 8, Test MAE: 14.1447, Test RMSE: 24.9099, Test MAPE: 9.1820
2026-01-25 23:49:27,735 - easytorch-training - INFO - Evaluate best model on test data for horizon 9, Test MAE: 14.3748, Test RMSE: 25.3401, Test MAPE: 9.3449
2026-01-25 23:49:27,756 - easytorch-training - INFO - Evaluate best model on test data for horizon 10, Test MAE: 14.5403, Test RMSE: 25.7015, Test MAPE: 9.4456
2026-01-25 23:49:27,776 - easytorch-training - INFO - Evaluate best model on test data for horizon 11, Test MAE: 14.7231, Test RMSE: 26.0255, Test MAPE: 9.5233
2026-01-25 23:49:27,797 - easytorch-training - INFO - Evaluate best model on test data for horizon 12, Test MAE: 14.8939, Test RMSE: 26.2434, Test MAPE: 9.6176
2026-01-25 23:49:27,815 - easytorch-training - INFO - Result <test>: [test_time: 17.63 (s), test_MAE: 13.6133, test_RMSE: 23.7925, test_MAPE: 8.8448]
2026-01-25 23:49:28,236 - easytorch-training - INFO - Checkpoint checkpoints/STMAFNet_300/21afeca3ffc10cdf4e90589d029b0e70/STMAFNet_254.pt saved
2026-01-25 23:49:28,237 - easytorch-training - INFO - The estimated training finish time is 2026-01-26 01:58:17
2026-01-25 23:49:28,237 - easytorch-training - INFO - Epoch 255 / 300
2026-01-25 23:51:53,528 - easytorch-training - INFO - Result <train>: [train_time: 145.29 (s), lr: 6.25e-05, train_MAE: 11.9051, train_RMSE: 20.1437, train_MAPE: 8.0105]
2026-01-25 23:51:53,529 - easytorch-training - INFO - Start validation.
2026-01-25 23:52:12,347 - easytorch-training - INFO - Result <val>: [val_time: 18.82 (s), val_MAE: 13.5229, val_RMSE: 23.1741, val_MAPE: 9.9921]
2026-01-25 23:52:29,910 - easytorch-training - INFO - Evaluate best model on test data for horizon 1, Test MAE: 11.6914, Test RMSE: 19.4003, Test MAPE: 7.5817
2026-01-25 23:52:29,931 - easytorch-training - INFO - Evaluate best model on test data for horizon 2, Test MAE: 12.2647, Test RMSE: 20.7289, Test MAPE: 7.9193
2026-01-25 23:52:29,950 - easytorch-training - INFO - Evaluate best model on test data for horizon 3, Test MAE: 12.7255, Test RMSE: 21.8127, Test MAPE: 8.1769
2026-01-25 23:52:29,965 - easytorch-training - INFO - Evaluate best model on test data for horizon 4, Test MAE: 13.1019, Test RMSE: 22.6479, Test MAPE: 8.4070
2026-01-25 23:52:29,978 - easytorch-training - INFO - Evaluate best model on test data for horizon 5, Test MAE: 13.4160, Test RMSE: 23.3749, Test MAPE: 8.6340
2026-01-25 23:52:29,996 - easytorch-training - INFO - Evaluate best model on test data for horizon 6, Test MAE: 13.6726, Test RMSE: 23.9689, Test MAPE: 8.7780
2026-01-25 23:52:30,017 - easytorch-training - INFO - Evaluate best model on test data for horizon 7, Test MAE: 13.9267, Test RMSE: 24.4814, Test MAPE: 8.9647
2026-01-25 23:52:30,038 - easytorch-training - INFO - Evaluate best model on test data for horizon 8, Test MAE: 14.1440, Test RMSE: 24.9463, Test MAPE: 9.1118
2026-01-25 23:52:30,058 - easytorch-training - INFO - Evaluate best model on test data for horizon 9, Test MAE: 14.3728, Test RMSE: 25.3605, Test MAPE: 9.2532
2026-01-25 23:52:30,079 - easytorch-training - INFO - Evaluate best model on test data for horizon 10, Test MAE: 14.5588, Test RMSE: 25.7093, Test MAPE: 9.4220
2026-01-25 23:52:30,094 - easytorch-training - INFO - Evaluate best model on test data for horizon 11, Test MAE: 14.7575, Test RMSE: 26.0612, Test MAPE: 9.5748
2026-01-25 23:52:30,101 - easytorch-training - INFO - Evaluate best model on test data for horizon 12, Test MAE: 14.9346, Test RMSE: 26.3293, Test MAPE: 9.7133
2026-01-25 23:52:30,112 - easytorch-training - INFO - Result <test>: [test_time: 17.76 (s), test_MAE: 13.6305, test_RMSE: 23.8290, test_MAPE: 8.7947]
2026-01-25 23:52:30,465 - easytorch-training - INFO - Checkpoint checkpoints/STMAFNet_300/21afeca3ffc10cdf4e90589d029b0e70/STMAFNet_255.pt saved
2026-01-25 23:52:30,466 - easytorch-training - INFO - The estimated training finish time is 2026-01-26 01:58:34
2026-01-25 23:52:30,466 - easytorch-training - INFO - Epoch 256 / 300
2026-01-25 23:54:55,123 - easytorch-training - INFO - Result <train>: [train_time: 144.66 (s), lr: 6.25e-05, train_MAE: 11.8967, train_RMSE: 20.1402, train_MAPE: 8.0050]
2026-01-25 23:54:55,125 - easytorch-training - INFO - Start validation.
2026-01-25 23:55:13,885 - easytorch-training - INFO - Result <val>: [val_time: 18.76 (s), val_MAE: 13.5004, val_RMSE: 23.1368, val_MAPE: 9.9339]
2026-01-25 23:55:31,377 - easytorch-training - INFO - Evaluate best model on test data for horizon 1, Test MAE: 11.6418, Test RMSE: 19.3343, Test MAPE: 7.5643
2026-01-25 23:55:31,397 - easytorch-training - INFO - Evaluate best model on test data for horizon 2, Test MAE: 12.2273, Test RMSE: 20.6261, Test MAPE: 7.8615
2026-01-25 23:55:31,418 - easytorch-training - INFO - Evaluate best model on test data for horizon 3, Test MAE: 12.6815, Test RMSE: 21.6721, Test MAPE: 8.1489
2026-01-25 23:55:31,433 - easytorch-training - INFO - Evaluate best model on test data for horizon 4, Test MAE: 13.0646, Test RMSE: 22.5086, Test MAPE: 8.4064
2026-01-25 23:55:31,450 - easytorch-training - INFO - Evaluate best model on test data for horizon 5, Test MAE: 13.3708, Test RMSE: 23.2262, Test MAPE: 8.5844
2026-01-25 23:55:31,465 - easytorch-training - INFO - Evaluate best model on test data for horizon 6, Test MAE: 13.6220, Test RMSE: 23.8298, Test MAPE: 8.7699
2026-01-25 23:55:31,485 - easytorch-training - INFO - Evaluate best model on test data for horizon 7, Test MAE: 13.8847, Test RMSE: 24.3817, Test MAPE: 8.9177
2026-01-25 23:55:31,506 - easytorch-training - INFO - Evaluate best model on test data for horizon 8, Test MAE: 14.1262, Test RMSE: 24.8701, Test MAPE: 9.0884
2026-01-25 23:55:31,527 - easytorch-training - INFO - Evaluate best model on test data for horizon 9, Test MAE: 14.3372, Test RMSE: 25.3414, Test MAPE: 9.2191
2026-01-25 23:55:31,544 - easytorch-training - INFO - Evaluate best model on test data for horizon 10, Test MAE: 14.5302, Test RMSE: 25.6879, Test MAPE: 9.3527
2026-01-25 23:55:31,559 - easytorch-training - INFO - Evaluate best model on test data for horizon 11, Test MAE: 14.6950, Test RMSE: 25.9612, Test MAPE: 9.4662
2026-01-25 23:55:31,577 - easytorch-training - INFO - Evaluate best model on test data for horizon 12, Test MAE: 14.8663, Test RMSE: 26.2113, Test MAPE: 9.6040
2026-01-25 23:55:31,592 - easytorch-training - INFO - Result <test>: [test_time: 17.71 (s), test_MAE: 13.5873, test_RMSE: 23.7328, test_MAPE: 8.7486]
2026-01-25 23:55:31,930 - easytorch-training - INFO - Checkpoint checkpoints/STMAFNet_300/21afeca3ffc10cdf4e90589d029b0e70/STMAFNet_256.pt saved
2026-01-25 23:55:31,931 - easytorch-training - INFO - The estimated training finish time is 2026-01-26 01:58:49
2026-01-25 23:55:31,931 - easytorch-training - INFO - Epoch 257 / 300
2026-01-25 23:57:56,071 - easytorch-training - INFO - Result <train>: [train_time: 144.14 (s), lr: 6.25e-05, train_MAE: 11.8941, train_RMSE: 20.1307, train_MAPE: 7.9926]
2026-01-25 23:57:56,072 - easytorch-training - INFO - Start validation.
2026-01-25 23:58:15,423 - easytorch-training - INFO - Result <val>: [val_time: 19.35 (s), val_MAE: 13.5138, val_RMSE: 23.1201, val_MAPE: 9.9853]
2026-01-25 23:58:32,830 - easytorch-training - INFO - Evaluate best model on test data for horizon 1, Test MAE: 11.6832, Test RMSE: 19.3734, Test MAPE: 7.5855
2026-01-25 23:58:32,848 - easytorch-training - INFO - Evaluate best model on test data for horizon 2, Test MAE: 12.2727, Test RMSE: 20.6791, Test MAPE: 7.8882
2026-01-25 23:58:32,860 - easytorch-training - INFO - Evaluate best model on test data for horizon 3, Test MAE: 12.7193, Test RMSE: 21.7128, Test MAPE: 8.2042
2026-01-25 23:58:32,877 - easytorch-training - INFO - Evaluate best model on test data for horizon 4, Test MAE: 13.0914, Test RMSE: 22.5661, Test MAPE: 8.4266
2026-01-25 23:58:32,891 - easytorch-training - INFO - Evaluate best model on test data for horizon 5, Test MAE: 13.4171, Test RMSE: 23.2915, Test MAPE: 8.6233
2026-01-25 23:58:32,906 - easytorch-training - INFO - Evaluate best model on test data for horizon 6, Test MAE: 13.6981, Test RMSE: 23.9005, Test MAPE: 8.7768
2026-01-25 23:58:32,924 - easytorch-training - INFO - Evaluate best model on test data for horizon 7, Test MAE: 13.9527, Test RMSE: 24.4604, Test MAPE: 8.9554
2026-01-25 23:58:32,944 - easytorch-training - INFO - Evaluate best model on test data for horizon 8, Test MAE: 14.1867, Test RMSE: 24.9779, Test MAPE: 9.1365
2026-01-25 23:58:32,958 - easytorch-training - INFO - Evaluate best model on test data for horizon 9, Test MAE: 14.3918, Test RMSE: 25.3881, Test MAPE: 9.2677
2026-01-25 23:58:32,977 - easytorch-training - INFO - Evaluate best model on test data for horizon 10, Test MAE: 14.5763, Test RMSE: 25.7351, Test MAPE: 9.4206
2026-01-25 23:58:32,997 - easytorch-training - INFO - Evaluate best model on test data for horizon 11, Test MAE: 14.7441, Test RMSE: 25.9923, Test MAPE: 9.5426
2026-01-25 23:58:33,018 - easytorch-training - INFO - Evaluate best model on test data for horizon 12, Test MAE: 14.9345, Test RMSE: 26.2531, Test MAPE: 9.7037
2026-01-25 23:58:33,038 - easytorch-training - INFO - Result <test>: [test_time: 17.61 (s), test_MAE: 13.6390, test_RMSE: 23.7894, test_MAPE: 8.7942]
2026-01-25 23:58:33,379 - easytorch-training - INFO - Checkpoint checkpoints/STMAFNet_300/21afeca3ffc10cdf4e90589d029b0e70/STMAFNet_257.pt saved
2026-01-25 23:58:33,380 - easytorch-training - INFO - The estimated training finish time is 2026-01-26 01:59:05
2026-01-25 23:58:33,380 - easytorch-training - INFO - Epoch 258 / 300
2026-01-26 00:00:56,829 - easytorch-training - INFO - Result <train>: [train_time: 143.45 (s), lr: 6.25e-05, train_MAE: 11.8868, train_RMSE: 20.1197, train_MAPE: 7.9988]
2026-01-26 00:00:56,830 - easytorch-training - INFO - Start validation.
2026-01-26 00:01:16,203 - easytorch-training - INFO - Result <val>: [val_time: 19.37 (s), val_MAE: 13.4823, val_RMSE: 23.1189, val_MAPE: 9.9773]
2026-01-26 00:01:33,909 - easytorch-training - INFO - Evaluate best model on test data for horizon 1, Test MAE: 11.6699, Test RMSE: 19.3579, Test MAPE: 7.5779
2026-01-26 00:01:33,929 - easytorch-training - INFO - Evaluate best model on test data for horizon 2, Test MAE: 12.2222, Test RMSE: 20.6469, Test MAPE: 7.8791
2026-01-26 00:01:33,950 - easytorch-training - INFO - Evaluate best model on test data for horizon 3, Test MAE: 12.6783, Test RMSE: 21.6828, Test MAPE: 8.1715
2026-01-26 00:01:33,964 - easytorch-training - INFO - Evaluate best model on test data for horizon 4, Test MAE: 13.0347, Test RMSE: 22.4875, Test MAPE: 8.3854
2026-01-26 00:01:33,978 - easytorch-training - INFO - Evaluate best model on test data for horizon 5, Test MAE: 13.3701, Test RMSE: 23.2242, Test MAPE: 8.6322
2026-01-26 00:01:33,995 - easytorch-training - INFO - Evaluate best model on test data for horizon 6, Test MAE: 13.6306, Test RMSE: 23.8483, Test MAPE: 8.7926
2026-01-26 00:01:34,009 - easytorch-training - INFO - Evaluate best model on test data for horizon 7, Test MAE: 13.8765, Test RMSE: 24.3906, Test MAPE: 8.9618
2026-01-26 00:01:34,028 - easytorch-training - INFO - Evaluate best model on test data for horizon 8, Test MAE: 14.1390, Test RMSE: 24.8829, Test MAPE: 9.1338
2026-01-26 00:01:34,048 - easytorch-training - INFO - Evaluate best model on test data for horizon 9, Test MAE: 14.3391, Test RMSE: 25.2970, Test MAPE: 9.2685
2026-01-26 00:01:34,069 - easytorch-training - INFO - Evaluate best model on test data for horizon 10, Test MAE: 14.5238, Test RMSE: 25.6666, Test MAPE: 9.4245
2026-01-26 00:01:34,086 - easytorch-training - INFO - Evaluate best model on test data for horizon 11, Test MAE: 14.7008, Test RMSE: 25.9470, Test MAPE: 9.5648
2026-01-26 00:01:34,097 - easytorch-training - INFO - Evaluate best model on test data for horizon 12, Test MAE: 14.8921, Test RMSE: 26.2341, Test MAPE: 9.7244
2026-01-26 00:01:34,115 - easytorch-training - INFO - Result <test>: [test_time: 17.91 (s), test_MAE: 13.5897, test_RMSE: 23.7332, test_MAPE: 8.7930]
2026-01-26 00:01:34,457 - easytorch-training - INFO - Checkpoint checkpoints/STMAFNet_300/21afeca3ffc10cdf4e90589d029b0e70/STMAFNet_258.pt saved
2026-01-26 00:01:34,458 - easytorch-training - INFO - The estimated training finish time is 2026-01-26 01:59:20
2026-01-26 00:01:34,458 - easytorch-training - INFO - Epoch 259 / 300
2026-01-26 00:03:58,070 - easytorch-training - INFO - Result <train>: [train_time: 143.61 (s), lr: 6.25e-05, train_MAE: 11.8892, train_RMSE: 20.1138, train_MAPE: 7.9918]
2026-01-26 00:03:58,071 - easytorch-training - INFO - Start validation.
2026-01-26 00:04:17,208 - easytorch-training - INFO - Result <val>: [val_time: 19.14 (s), val_MAE: 13.4840, val_RMSE: 23.1228, val_MAPE: 9.9875]
2026-01-26 00:04:34,446 - easytorch-training - INFO - Evaluate best model on test data for horizon 1, Test MAE: 11.6482, Test RMSE: 19.3757, Test MAPE: 7.5631
2026-01-26 00:04:34,466 - easytorch-training - INFO - Evaluate best model on test data for horizon 2, Test MAE: 12.2388, Test RMSE: 20.7213, Test MAPE: 7.9138
2026-01-26 00:04:34,487 - easytorch-training - INFO - Evaluate best model on test data for horizon 3, Test MAE: 12.6898, Test RMSE: 21.7922, Test MAPE: 8.1502
2026-01-26 00:04:34,508 - easytorch-training - INFO - Evaluate best model on test data for horizon 4, Test MAE: 13.0550, Test RMSE: 22.6206, Test MAPE: 8.3919
2026-01-26 00:04:34,526 - easytorch-training - INFO - Evaluate best model on test data for horizon 5, Test MAE: 13.3772, Test RMSE: 23.3399, Test MAPE: 8.6128
2026-01-26 00:04:34,540 - easytorch-training - INFO - Evaluate best model on test data for horizon 6, Test MAE: 13.6244, Test RMSE: 23.9016, Test MAPE: 8.7823
2026-01-26 00:04:34,554 - easytorch-training - INFO - Evaluate best model on test data for horizon 7, Test MAE: 13.8754, Test RMSE: 24.4012, Test MAPE: 8.9393
2026-01-26 00:04:34,568 - easytorch-training - INFO - Evaluate best model on test data for horizon 8, Test MAE: 14.1069, Test RMSE: 24.9042, Test MAPE: 9.1037
2026-01-26 00:04:34,584 - easytorch-training - INFO - Evaluate best model on test data for horizon 9, Test MAE: 14.3309, Test RMSE: 25.3184, Test MAPE: 9.2326
2026-01-26 00:04:34,605 - easytorch-training - INFO - Evaluate best model on test data for horizon 10, Test MAE: 14.5065, Test RMSE: 25.6426, Test MAPE: 9.3565
2026-01-26 00:04:34,626 - easytorch-training - INFO - Evaluate best model on test data for horizon 11, Test MAE: 14.6923, Test RMSE: 25.9611, Test MAPE: 9.4808
2026-01-26 00:04:34,642 - easytorch-training - INFO - Evaluate best model on test data for horizon 12, Test MAE: 14.8683, Test RMSE: 26.1821, Test MAPE: 9.6022
2026-01-26 00:04:34,662 - easytorch-training - INFO - Result <test>: [test_time: 17.45 (s), test_MAE: 13.5845, test_RMSE: 23.7717, test_MAPE: 8.7608]
2026-01-26 00:04:34,999 - easytorch-training - INFO - Checkpoint checkpoints/STMAFNet_300/21afeca3ffc10cdf4e90589d029b0e70/STMAFNet_259.pt saved
2026-01-26 00:04:35,000 - easytorch-training - INFO - The estimated training finish time is 2026-01-26 01:59:34
2026-01-26 00:04:35,000 - easytorch-training - INFO - Epoch 260 / 300
2026-01-26 00:06:59,880 - easytorch-training - INFO - Result <train>: [train_time: 144.88 (s), lr: 6.25e-05, train_MAE: 11.8852, train_RMSE: 20.1184, train_MAPE: 7.9944]
2026-01-26 00:06:59,881 - easytorch-training - INFO - Start validation.
2026-01-26 00:07:17,873 - easytorch-training - INFO - Result <val>: [val_time: 17.99 (s), val_MAE: 13.5046, val_RMSE: 23.1311, val_MAPE: 10.0426]
2026-01-26 00:07:34,878 - easytorch-training - INFO - Evaluate best model on test data for horizon 1, Test MAE: 11.6594, Test RMSE: 19.3504, Test MAPE: 7.5853
2026-01-26 00:07:34,893 - easytorch-training - INFO - Evaluate best model on test data for horizon 2, Test MAE: 12.2277, Test RMSE: 20.6479, Test MAPE: 7.8604
2026-01-26 00:07:34,911 - easytorch-training - INFO - Evaluate best model on test data for horizon 3, Test MAE: 12.6941, Test RMSE: 21.6884, Test MAPE: 8.1177
2026-01-26 00:07:34,928 - easytorch-training - INFO - Evaluate best model on test data for horizon 4, Test MAE: 13.0628, Test RMSE: 22.5234, Test MAPE: 8.3663
2026-01-26 00:07:34,946 - easytorch-training - INFO - Evaluate best model on test data for horizon 5, Test MAE: 13.3726, Test RMSE: 23.2367, Test MAPE: 8.5722
2026-01-26 00:07:34,967 - easytorch-training - INFO - Evaluate best model on test data for horizon 6, Test MAE: 13.6539, Test RMSE: 23.8612, Test MAPE: 8.7739
2026-01-26 00:07:34,987 - easytorch-training - INFO - Evaluate best model on test data for horizon 7, Test MAE: 13.9123, Test RMSE: 24.4070, Test MAPE: 8.9553
2026-01-26 00:07:35,004 - easytorch-training - INFO - Evaluate best model on test data for horizon 8, Test MAE: 14.1508, Test RMSE: 24.8972, Test MAPE: 9.0955
2026-01-26 00:07:35,018 - easytorch-training - INFO - Evaluate best model on test data for horizon 9, Test MAE: 14.3578, Test RMSE: 25.3143, Test MAPE: 9.2330
2026-01-26 00:07:35,039 - easytorch-training - INFO - Evaluate best model on test data for horizon 10, Test MAE: 14.5473, Test RMSE: 25.6529, Test MAPE: 9.3800
2026-01-26 00:07:35,059 - easytorch-training - INFO - Evaluate best model on test data for horizon 11, Test MAE: 14.7444, Test RMSE: 25.9740, Test MAPE: 9.5172
2026-01-26 00:07:35,074 - easytorch-training - INFO - Evaluate best model on test data for horizon 12, Test MAE: 14.9293, Test RMSE: 26.2430, Test MAPE: 9.6452
2026-01-26 00:07:35,090 - easytorch-training - INFO - Result <test>: [test_time: 17.22 (s), test_MAE: 13.6094, test_RMSE: 23.7444, test_MAPE: 8.7585]
2026-01-26 00:07:35,431 - easytorch-training - INFO - Checkpoint checkpoints/STMAFNet_300/21afeca3ffc10cdf4e90589d029b0e70/STMAFNet_260.pt saved
2026-01-26 00:07:35,461 - easytorch-training - INFO - The estimated training finish time is 2026-01-26 01:59:48
2026-01-26 00:07:35,461 - easytorch-training - INFO - Epoch 261 / 300
2026-01-26 00:10:00,831 - easytorch-training - INFO - Result <train>: [train_time: 145.37 (s), lr: 6.25e-05, train_MAE: 11.8826, train_RMSE: 20.1144, train_MAPE: 7.9931]
2026-01-26 00:10:00,832 - easytorch-training - INFO - Start validation.
2026-01-26 00:10:19,253 - easytorch-training - INFO - Result <val>: [val_time: 18.42 (s), val_MAE: 13.4968, val_RMSE: 23.1253, val_MAPE: 10.2607]
2026-01-26 00:10:36,453 - easytorch-training - INFO - Evaluate best model on test data for horizon 1, Test MAE: 11.6587, Test RMSE: 19.3757, Test MAPE: 7.7002
2026-01-26 00:10:36,474 - easytorch-training - INFO - Evaluate best model on test data for horizon 2, Test MAE: 12.2287, Test RMSE: 20.6398, Test MAPE: 8.0338
2026-01-26 00:10:36,492 - easytorch-training - INFO - Evaluate best model on test data for horizon 3, Test MAE: 12.6959, Test RMSE: 21.6903, Test MAPE: 8.2781
2026-01-26 00:10:36,510 - easytorch-training - INFO - Evaluate best model on test data for horizon 4, Test MAE: 13.0635, Test RMSE: 22.5090, Test MAPE: 8.6214
2026-01-26 00:10:36,531 - easytorch-training - INFO - Evaluate best model on test data for horizon 5, Test MAE: 13.3684, Test RMSE: 23.2018, Test MAPE: 8.7148
2026-01-26 00:10:36,550 - easytorch-training - INFO - Evaluate best model on test data for horizon 6, Test MAE: 13.6460, Test RMSE: 23.8317, Test MAPE: 8.9344
2026-01-26 00:10:36,564 - easytorch-training - INFO - Evaluate best model on test data for horizon 7, Test MAE: 13.8998, Test RMSE: 24.3482, Test MAPE: 9.0390
2026-01-26 00:10:36,572 - easytorch-training - INFO - Evaluate best model on test data for horizon 8, Test MAE: 14.1298, Test RMSE: 24.8179, Test MAPE: 9.1672
2026-01-26 00:10:36,590 - easytorch-training - INFO - Evaluate best model on test data for horizon 9, Test MAE: 14.3417, Test RMSE: 25.2293, Test MAPE: 9.3487
2026-01-26 00:10:36,604 - easytorch-training - INFO - Evaluate best model on test data for horizon 10, Test MAE: 14.5241, Test RMSE: 25.5686, Test MAPE: 9.4818
2026-01-26 00:10:36,621 - easytorch-training - INFO - Evaluate best model on test data for horizon 11, Test MAE: 14.7100, Test RMSE: 25.8695, Test MAPE: 9.7100
2026-01-26 00:10:36,641 - easytorch-training - INFO - Evaluate best model on test data for horizon 12, Test MAE: 14.8919, Test RMSE: 26.1318, Test MAPE: 9.7447
2026-01-26 00:10:36,665 - easytorch-training - INFO - Result <test>: [test_time: 17.41 (s), test_MAE: 13.5965, test_RMSE: 23.6924, test_MAPE: 8.8978]
2026-01-26 00:10:37,003 - easytorch-training - INFO - Checkpoint checkpoints/STMAFNet_300/21afeca3ffc10cdf4e90589d029b0e70/STMAFNet_261.pt saved
2026-01-26 00:10:37,004 - easytorch-training - INFO - The estimated training finish time is 2026-01-26 02:00:03
2026-01-26 00:10:37,004 - easytorch-training - INFO - Epoch 262 / 300
2026-01-26 00:13:01,497 - easytorch-training - INFO - Result <train>: [train_time: 144.49 (s), lr: 6.25e-05, train_MAE: 11.8789, train_RMSE: 20.1044, train_MAPE: 7.9883]
2026-01-26 00:13:01,499 - easytorch-training - INFO - Start validation.
2026-01-26 00:13:20,480 - easytorch-training - INFO - Result <val>: [val_time: 18.98 (s), val_MAE: 13.5126, val_RMSE: 23.1368, val_MAPE: 10.1630]
2026-01-26 00:13:38,534 - easytorch-training - INFO - Evaluate best model on test data for horizon 1, Test MAE: 11.6577, Test RMSE: 19.3797, Test MAPE: 7.5607
2026-01-26 00:13:38,555 - easytorch-training - INFO - Evaluate best model on test data for horizon 2, Test MAE: 12.2481, Test RMSE: 20.6966, Test MAPE: 7.8727
2026-01-26 00:13:38,576 - easytorch-training - INFO - Evaluate best model on test data for horizon 3, Test MAE: 12.7066, Test RMSE: 21.7464, Test MAPE: 8.2179
2026-01-26 00:13:38,596 - easytorch-training - INFO - Evaluate best model on test data for horizon 4, Test MAE: 13.0827, Test RMSE: 22.6053, Test MAPE: 8.4305
2026-01-26 00:13:38,617 - easytorch-training - INFO - Evaluate best model on test data for horizon 5, Test MAE: 13.3805, Test RMSE: 23.2838, Test MAPE: 8.6039
2026-01-26 00:13:38,638 - easytorch-training - INFO - Evaluate best model on test data for horizon 6, Test MAE: 13.6447, Test RMSE: 23.8846, Test MAPE: 8.8236
2026-01-26 00:13:38,658 - easytorch-training - INFO - Evaluate best model on test data for horizon 7, Test MAE: 13.8996, Test RMSE: 24.4088, Test MAPE: 8.9262
2026-01-26 00:13:38,679 - easytorch-training - INFO - Evaluate best model on test data for horizon 8, Test MAE: 14.1344, Test RMSE: 24.8741, Test MAPE: 9.1290
2026-01-26 00:13:38,694 - easytorch-training - INFO - Evaluate best model on test data for horizon 9, Test MAE: 14.3449, Test RMSE: 25.2708, Test MAPE: 9.2969
2026-01-26 00:13:38,715 - easytorch-training - INFO - Evaluate best model on test data for horizon 10, Test MAE: 14.5281, Test RMSE: 25.6157, Test MAPE: 9.4010
2026-01-26 00:13:38,728 - easytorch-training - INFO - Evaluate best model on test data for horizon 11, Test MAE: 14.7249, Test RMSE: 25.9592, Test MAPE: 9.5413
2026-01-26 00:13:38,745 - easytorch-training - INFO - Evaluate best model on test data for horizon 12, Test MAE: 14.9086, Test RMSE: 26.2156, Test MAPE: 9.6745
2026-01-26 00:13:38,769 - easytorch-training - INFO - Result <test>: [test_time: 18.29 (s), test_MAE: 13.6051, test_RMSE: 23.7537, test_MAPE: 8.7898]
2026-01-26 00:13:39,105 - easytorch-training - INFO - Checkpoint checkpoints/STMAFNet_300/21afeca3ffc10cdf4e90589d029b0e70/STMAFNet_262.pt saved
2026-01-26 00:13:39,106 - easytorch-training - INFO - The estimated training finish time is 2026-01-26 02:00:19
2026-01-26 00:13:39,106 - easytorch-training - INFO - Epoch 263 / 300
2026-01-26 00:16:02,334 - easytorch-training - INFO - Result <train>: [train_time: 143.23 (s), lr: 6.25e-05, train_MAE: 11.8741, train_RMSE: 20.0974, train_MAPE: 7.9922]
2026-01-26 00:16:02,335 - easytorch-training - INFO - Start validation.
2026-01-26 00:16:21,725 - easytorch-training - INFO - Result <val>: [val_time: 19.39 (s), val_MAE: 13.4816, val_RMSE: 23.1175, val_MAPE: 10.1473]
2026-01-26 00:16:39,740 - easytorch-training - INFO - Evaluate best model on test data for horizon 1, Test MAE: 11.6712, Test RMSE: 19.3750, Test MAPE: 7.9056
2026-01-26 00:16:39,760 - easytorch-training - INFO - Evaluate best model on test data for horizon 2, Test MAE: 12.2313, Test RMSE: 20.6604, Test MAPE: 8.1401
2026-01-26 00:16:39,781 - easytorch-training - INFO - Evaluate best model on test data for horizon 3, Test MAE: 12.7074, Test RMSE: 21.7386, Test MAPE: 8.3605
2026-01-26 00:16:39,801 - easytorch-training - INFO - Evaluate best model on test data for horizon 4, Test MAE: 13.0521, Test RMSE: 22.5678, Test MAPE: 8.5594
2026-01-26 00:16:39,822 - easytorch-training - INFO - Evaluate best model on test data for horizon 5, Test MAE: 13.3541, Test RMSE: 23.2566, Test MAPE: 8.7956
2026-01-26 00:16:39,832 - easytorch-training - INFO - Evaluate best model on test data for horizon 6, Test MAE: 13.6054, Test RMSE: 23.8333, Test MAPE: 8.8643
2026-01-26 00:16:39,847 - easytorch-training - INFO - Evaluate best model on test data for horizon 7, Test MAE: 13.8500, Test RMSE: 24.3325, Test MAPE: 9.0299
2026-01-26 00:16:39,867 - easytorch-training - INFO - Evaluate best model on test data for horizon 8, Test MAE: 14.0917, Test RMSE: 24.8173, Test MAPE: 9.2415
2026-01-26 00:16:39,883 - easytorch-training - INFO - Evaluate best model on test data for horizon 9, Test MAE: 14.3207, Test RMSE: 25.2496, Test MAPE: 9.3691
2026-01-26 00:16:39,903 - easytorch-training - INFO - Evaluate best model on test data for horizon 10, Test MAE: 14.5049, Test RMSE: 25.6027, Test MAPE: 9.4692
2026-01-26 00:16:39,924 - easytorch-training - INFO - Evaluate best model on test data for horizon 11, Test MAE: 14.6955, Test RMSE: 25.9241, Test MAPE: 9.5488
2026-01-26 00:16:39,945 - easytorch-training - INFO - Evaluate best model on test data for horizon 12, Test MAE: 14.8876, Test RMSE: 26.1925, Test MAPE: 9.6686
2026-01-26 00:16:39,969 - easytorch-training - INFO - Result <test>: [test_time: 18.24 (s), test_MAE: 13.5810, test_RMSE: 23.7208, test_MAPE: 8.9127]
2026-01-26 00:16:40,304 - easytorch-training - INFO - Checkpoint checkpoints/STMAFNet_300/21afeca3ffc10cdf4e90589d029b0e70/STMAFNet_263.pt saved
2026-01-26 00:16:40,305 - easytorch-training - INFO - The estimated training finish time is 2026-01-26 02:00:34
2026-01-26 00:16:40,305 - easytorch-training - INFO - Epoch 264 / 300
2026-01-26 00:19:03,462 - easytorch-training - INFO - Result <train>: [train_time: 143.16 (s), lr: 6.25e-05, train_MAE: 11.8731, train_RMSE: 20.0918, train_MAPE: 7.9898]
2026-01-26 00:19:03,464 - easytorch-training - INFO - Start validation.
2026-01-26 00:19:22,818 - easytorch-training - INFO - Result <val>: [val_time: 19.35 (s), val_MAE: 13.4940, val_RMSE: 23.1194, val_MAPE: 10.3056]
2026-01-26 00:19:40,832 - easytorch-training - INFO - Evaluate best model on test data for horizon 1, Test MAE: 11.6786, Test RMSE: 19.4056, Test MAPE: 8.0213
2026-01-26 00:19:40,846 - easytorch-training - INFO - Evaluate best model on test data for horizon 2, Test MAE: 12.2424, Test RMSE: 20.6755, Test MAPE: 8.1579
2026-01-26 00:19:40,865 - easytorch-training - INFO - Evaluate best model on test data for horizon 3, Test MAE: 12.6942, Test RMSE: 21.7132, Test MAPE: 8.3524
2026-01-26 00:19:40,885 - easytorch-training - INFO - Evaluate best model on test data for horizon 4, Test MAE: 13.0487, Test RMSE: 22.5230, Test MAPE: 8.5381
2026-01-26 00:19:40,902 - easytorch-training - INFO - Evaluate best model on test data for horizon 5, Test MAE: 13.3690, Test RMSE: 23.2325, Test MAPE: 8.7796
2026-01-26 00:19:40,921 - easytorch-training - INFO - Evaluate best model on test data for horizon 6, Test MAE: 13.6304, Test RMSE: 23.8444, Test MAPE: 8.9189
2026-01-26 00:19:40,941 - easytorch-training - INFO - Evaluate best model on test data for horizon 7, Test MAE: 13.8886, Test RMSE: 24.4009, Test MAPE: 9.0974
2026-01-26 00:19:40,962 - easytorch-training - INFO - Evaluate best model on test data for horizon 8, Test MAE: 14.1189, Test RMSE: 24.8652, Test MAPE: 9.2848
2026-01-26 00:19:40,983 - easytorch-training - INFO - Evaluate best model on test data for horizon 9, Test MAE: 14.3331, Test RMSE: 25.2716, Test MAPE: 9.4477
2026-01-26 00:19:41,003 - easytorch-training - INFO - Evaluate best model on test data for horizon 10, Test MAE: 14.5151, Test RMSE: 25.6069, Test MAPE: 9.6943
2026-01-26 00:19:41,024 - easytorch-training - INFO - Evaluate best model on test data for horizon 11, Test MAE: 14.6857, Test RMSE: 25.9090, Test MAPE: 9.5877
2026-01-26 00:19:41,041 - easytorch-training - INFO - Evaluate best model on test data for horizon 12, Test MAE: 14.8611, Test RMSE: 26.1264, Test MAPE: 9.8819
2026-01-26 00:19:41,051 - easytorch-training - INFO - Result <test>: [test_time: 18.23 (s), test_MAE: 13.5888, test_RMSE: 23.7224, test_MAPE: 8.9802]
2026-01-26 00:19:41,390 - easytorch-training - INFO - Checkpoint checkpoints/STMAFNet_300/21afeca3ffc10cdf4e90589d029b0e70/STMAFNet_264.pt saved
2026-01-26 00:19:41,391 - easytorch-training - INFO - The estimated training finish time is 2026-01-26 02:00:48
2026-01-26 00:19:41,391 - easytorch-training - INFO - Epoch 265 / 300
2026-01-26 00:22:04,472 - easytorch-training - INFO - Result <train>: [train_time: 143.08 (s), lr: 6.25e-05, train_MAE: 11.8655, train_RMSE: 20.0831, train_MAPE: 7.9838]
2026-01-26 00:22:04,474 - easytorch-training - INFO - Start validation.
2026-01-26 00:22:23,881 - easytorch-training - INFO - Result <val>: [val_time: 19.41 (s), val_MAE: 13.5322, val_RMSE: 23.1733, val_MAPE: 10.1490]
2026-01-26 00:22:41,949 - easytorch-training - INFO - Evaluate best model on test data for horizon 1, Test MAE: 11.6721, Test RMSE: 19.3779, Test MAPE: 7.6098
2026-01-26 00:22:41,957 - easytorch-training - INFO - Evaluate best model on test data for horizon 2, Test MAE: 12.2375, Test RMSE: 20.6352, Test MAPE: 7.8961
2026-01-26 00:22:41,969 - easytorch-training - INFO - Evaluate best model on test data for horizon 3, Test MAE: 12.7028, Test RMSE: 21.6648, Test MAPE: 8.1660
2026-01-26 00:22:41,990 - easytorch-training - INFO - Evaluate best model on test data for horizon 4, Test MAE: 13.0469, Test RMSE: 22.4665, Test MAPE: 8.3870
2026-01-26 00:22:42,010 - easytorch-training - INFO - Evaluate best model on test data for horizon 5, Test MAE: 13.3559, Test RMSE: 23.1781, Test MAPE: 8.6187
2026-01-26 00:22:42,031 - easytorch-training - INFO - Evaluate best model on test data for horizon 6, Test MAE: 13.6246, Test RMSE: 23.7807, Test MAPE: 8.7948
2026-01-26 00:22:42,052 - easytorch-training - INFO - Evaluate best model on test data for horizon 7, Test MAE: 13.9039, Test RMSE: 24.3417, Test MAPE: 8.9566
2026-01-26 00:22:42,070 - easytorch-training - INFO - Evaluate best model on test data for horizon 8, Test MAE: 14.1343, Test RMSE: 24.8648, Test MAPE: 9.1553
2026-01-26 00:22:42,084 - easytorch-training - INFO - Evaluate best model on test data for horizon 9, Test MAE: 14.3489, Test RMSE: 25.2542, Test MAPE: 9.2476
2026-01-26 00:22:42,103 - easytorch-training - INFO - Evaluate best model on test data for horizon 10, Test MAE: 14.5340, Test RMSE: 25.6208, Test MAPE: 9.3819
2026-01-26 00:22:42,124 - easytorch-training - INFO - Evaluate best model on test data for horizon 11, Test MAE: 14.7097, Test RMSE: 25.9328, Test MAPE: 9.5093
2026-01-26 00:22:42,143 - easytorch-training - INFO - Evaluate best model on test data for horizon 12, Test MAE: 14.8850, Test RMSE: 26.1681, Test MAPE: 9.6473
2026-01-26 00:22:42,163 - easytorch-training - INFO - Result <test>: [test_time: 18.28 (s), test_MAE: 13.5963, test_RMSE: 23.7002, test_MAPE: 8.7809]
2026-01-26 00:22:42,631 - easytorch-training - INFO - Checkpoint checkpoints/STMAFNet_300/21afeca3ffc10cdf4e90589d029b0e70/STMAFNet_265.pt saved
2026-01-26 00:22:42,632 - easytorch-training - INFO - The estimated training finish time is 2026-01-26 02:01:02
2026-01-26 00:22:42,632 - easytorch-training - INFO - Epoch 266 / 300
2026-01-26 00:25:06,297 - easytorch-training - INFO - Result <train>: [train_time: 143.66 (s), lr: 6.25e-05, train_MAE: 11.8647, train_RMSE: 20.0796, train_MAPE: 7.9851]
2026-01-26 00:25:06,299 - easytorch-training - INFO - Start validation.
2026-01-26 00:25:25,170 - easytorch-training - INFO - Result <val>: [val_time: 18.87 (s), val_MAE: 13.4764, val_RMSE: 23.0604, val_MAPE: 10.0844]
2026-01-26 00:25:43,168 - easytorch-training - INFO - Evaluate best model on test data for horizon 1, Test MAE: 11.6677, Test RMSE: 19.3622, Test MAPE: 7.5769
2026-01-26 00:25:43,189 - easytorch-training - INFO - Evaluate best model on test data for horizon 2, Test MAE: 12.2518, Test RMSE: 20.6716, Test MAPE: 7.9548
2026-01-26 00:25:43,208 - easytorch-training - INFO - Evaluate best model on test data for horizon 3, Test MAE: 12.7137, Test RMSE: 21.7335, Test MAPE: 8.1843
2026-01-26 00:25:43,225 - easytorch-training - INFO - Evaluate best model on test data for horizon 4, Test MAE: 13.0586, Test RMSE: 22.5717, Test MAPE: 8.4691
2026-01-26 00:25:43,240 - easytorch-training - INFO - Evaluate best model on test data for horizon 5, Test MAE: 13.3744, Test RMSE: 23.2820, Test MAPE: 8.6425
2026-01-26 00:25:43,256 - easytorch-training - INFO - Evaluate best model on test data for horizon 6, Test MAE: 13.6250, Test RMSE: 23.8791, Test MAPE: 8.7993
2026-01-26 00:25:43,271 - easytorch-training - INFO - Evaluate best model on test data for horizon 7, Test MAE: 13.8889, Test RMSE: 24.4077, Test MAPE: 8.9697
2026-01-26 00:25:43,292 - easytorch-training - INFO - Evaluate best model on test data for horizon 8, Test MAE: 14.1378, Test RMSE: 24.8735, Test MAPE: 9.1333
2026-01-26 00:25:43,312 - easytorch-training - INFO - Evaluate best model on test data for horizon 9, Test MAE: 14.3531, Test RMSE: 25.2773, Test MAPE: 9.2647
2026-01-26 00:25:43,333 - easytorch-training - INFO - Evaluate best model on test data for horizon 10, Test MAE: 14.5196, Test RMSE: 25.6275, Test MAPE: 9.4313
2026-01-26 00:25:43,347 - easytorch-training - INFO - Evaluate best model on test data for horizon 11, Test MAE: 14.7158, Test RMSE: 25.9656, Test MAPE: 9.5824
2026-01-26 00:25:43,355 - easytorch-training - INFO - Evaluate best model on test data for horizon 12, Test MAE: 14.8983, Test RMSE: 26.1983, Test MAPE: 9.7913
2026-01-26 00:25:43,375 - easytorch-training - INFO - Result <test>: [test_time: 18.20 (s), test_MAE: 13.6004, test_RMSE: 23.7469, test_MAPE: 8.8166]
2026-01-26 00:25:43,712 - easytorch-training - INFO - Checkpoint checkpoints/STMAFNet_300/21afeca3ffc10cdf4e90589d029b0e70/STMAFNet_266.pt saved
2026-01-26 00:25:43,713 - easytorch-training - INFO - The estimated training finish time is 2026-01-26 02:01:16
2026-01-26 00:25:43,713 - easytorch-training - INFO - Epoch 267 / 300
2026-01-26 00:28:08,521 - easytorch-training - INFO - Result <train>: [train_time: 144.81 (s), lr: 6.25e-05, train_MAE: 11.8638, train_RMSE: 20.0643, train_MAPE: 7.9848]
2026-01-26 00:28:08,522 - easytorch-training - INFO - Start validation.
2026-01-26 00:28:26,910 - easytorch-training - INFO - Result <val>: [val_time: 18.39 (s), val_MAE: 13.4868, val_RMSE: 23.0879, val_MAPE: 10.0097]
2026-01-26 00:28:44,201 - easytorch-training - INFO - Evaluate best model on test data for horizon 1, Test MAE: 11.6646, Test RMSE: 19.4000, Test MAPE: 7.5993
2026-01-26 00:28:44,222 - easytorch-training - INFO - Evaluate best model on test data for horizon 2, Test MAE: 12.2415, Test RMSE: 20.6838, Test MAPE: 8.0583
2026-01-26 00:28:44,242 - easytorch-training - INFO - Evaluate best model on test data for horizon 3, Test MAE: 12.7011, Test RMSE: 21.7345, Test MAPE: 8.2828
2026-01-26 00:28:44,263 - easytorch-training - INFO - Evaluate best model on test data for horizon 4, Test MAE: 13.0626, Test RMSE: 22.5595, Test MAPE: 8.4281
2026-01-26 00:28:44,274 - easytorch-training - INFO - Evaluate best model on test data for horizon 5, Test MAE: 13.3683, Test RMSE: 23.2466, Test MAPE: 8.6339
2026-01-26 00:28:44,293 - easytorch-training - INFO - Evaluate best model on test data for horizon 6, Test MAE: 13.6285, Test RMSE: 23.8282, Test MAPE: 8.7886
2026-01-26 00:28:44,314 - easytorch-training - INFO - Evaluate best model on test data for horizon 7, Test MAE: 13.8754, Test RMSE: 24.3379, Test MAPE: 8.9738
2026-01-26 00:28:44,334 - easytorch-training - INFO - Evaluate best model on test data for horizon 8, Test MAE: 14.1321, Test RMSE: 24.8463, Test MAPE: 9.0808
2026-01-26 00:28:44,355 - easytorch-training - INFO - Evaluate best model on test data for horizon 9, Test MAE: 14.3417, Test RMSE: 25.2587, Test MAPE: 9.2351
2026-01-26 00:28:44,370 - easytorch-training - INFO - Evaluate best model on test data for horizon 10, Test MAE: 14.5207, Test RMSE: 25.6044, Test MAPE: 9.3371
2026-01-26 00:28:44,388 - easytorch-training - INFO - Evaluate best model on test data for horizon 11, Test MAE: 14.6916, Test RMSE: 25.9026, Test MAPE: 9.5617
2026-01-26 00:28:44,402 - easytorch-training - INFO - Evaluate best model on test data for horizon 12, Test MAE: 14.8685, Test RMSE: 26.1221, Test MAPE: 9.6889
2026-01-26 00:28:44,422 - easytorch-training - INFO - Result <test>: [test_time: 17.51 (s), test_MAE: 13.5914, test_RMSE: 23.7175, test_MAPE: 8.8057]
2026-01-26 00:28:44,844 - easytorch-training - INFO - Checkpoint checkpoints/STMAFNet_300/21afeca3ffc10cdf4e90589d029b0e70/STMAFNet_267.pt saved
2026-01-26 00:28:44,845 - easytorch-training - INFO - The estimated training finish time is 2026-01-26 02:01:30
2026-01-26 00:28:44,845 - easytorch-training - INFO - Epoch 268 / 300
2026-01-26 00:31:10,972 - easytorch-training - INFO - Result <train>: [train_time: 146.13 (s), lr: 6.25e-05, train_MAE: 11.8582, train_RMSE: 20.0555, train_MAPE: 7.9807]
2026-01-26 00:31:10,974 - easytorch-training - INFO - Start validation.
2026-01-26 00:31:29,316 - easytorch-training - INFO - Result <val>: [val_time: 18.34 (s), val_MAE: 13.5001, val_RMSE: 23.0990, val_MAPE: 9.8518]
2026-01-26 00:31:46,293 - easytorch-training - INFO - Evaluate best model on test data for horizon 1, Test MAE: 11.6743, Test RMSE: 19.3834, Test MAPE: 7.5747
2026-01-26 00:31:46,307 - easytorch-training - INFO - Evaluate best model on test data for horizon 2, Test MAE: 12.2576, Test RMSE: 20.6758, Test MAPE: 7.9007
2026-01-26 00:31:46,327 - easytorch-training - INFO - Evaluate best model on test data for horizon 3, Test MAE: 12.7172, Test RMSE: 21.7132, Test MAPE: 8.1241
2026-01-26 00:31:46,348 - easytorch-training - INFO - Evaluate best model on test data for horizon 4, Test MAE: 13.1088, Test RMSE: 22.5298, Test MAPE: 8.3675
2026-01-26 00:31:46,366 - easytorch-training - INFO - Evaluate best model on test data for horizon 5, Test MAE: 13.3838, Test RMSE: 23.2246, Test MAPE: 8.5722
2026-01-26 00:31:46,383 - easytorch-training - INFO - Evaluate best model on test data for horizon 6, Test MAE: 13.6466, Test RMSE: 23.8270, Test MAPE: 8.7465
2026-01-26 00:31:46,397 - easytorch-training - INFO - Evaluate best model on test data for horizon 7, Test MAE: 13.8860, Test RMSE: 24.3609, Test MAPE: 8.8626
2026-01-26 00:31:46,416 - easytorch-training - INFO - Evaluate best model on test data for horizon 8, Test MAE: 14.1187, Test RMSE: 24.8423, Test MAPE: 9.0513
2026-01-26 00:31:46,434 - easytorch-training - INFO - Evaluate best model on test data for horizon 9, Test MAE: 14.3360, Test RMSE: 25.2687, Test MAPE: 9.1975
2026-01-26 00:31:46,448 - easytorch-training - INFO - Evaluate best model on test data for horizon 10, Test MAE: 14.5195, Test RMSE: 25.6166, Test MAPE: 9.3119
2026-01-26 00:31:46,468 - easytorch-training - INFO - Evaluate best model on test data for horizon 11, Test MAE: 14.6780, Test RMSE: 25.8946, Test MAPE: 9.4154
2026-01-26 00:31:46,482 - easytorch-training - INFO - Evaluate best model on test data for horizon 12, Test MAE: 14.8589, Test RMSE: 26.1388, Test MAPE: 9.5584
2026-01-26 00:31:46,504 - easytorch-training - INFO - Result <test>: [test_time: 17.19 (s), test_MAE: 13.5988, test_RMSE: 23.7143, test_MAPE: 8.7235]
2026-01-26 00:31:46,851 - easytorch-training - INFO - Checkpoint checkpoints/STMAFNet_300/21afeca3ffc10cdf4e90589d029b0e70/STMAFNet_268.pt saved
2026-01-26 00:31:46,852 - easytorch-training - INFO - The estimated training finish time is 2026-01-26 02:01:45
2026-01-26 00:31:46,853 - easytorch-training - INFO - Epoch 269 / 300
2026-01-26 00:34:12,079 - easytorch-training - INFO - Result <train>: [train_time: 145.23 (s), lr: 6.25e-05, train_MAE: 11.8551, train_RMSE: 20.0554, train_MAPE: 7.9790]
2026-01-26 00:34:12,080 - easytorch-training - INFO - Start validation.
2026-01-26 00:34:31,409 - easytorch-training - INFO - Result <val>: [val_time: 19.33 (s), val_MAE: 13.5054, val_RMSE: 23.1220, val_MAPE: 9.9720]
2026-01-26 00:34:48,689 - easytorch-training - INFO - Evaluate best model on test data for horizon 1, Test MAE: 11.6660, Test RMSE: 19.3874, Test MAPE: 7.5838
2026-01-26 00:34:48,705 - easytorch-training - INFO - Evaluate best model on test data for horizon 2, Test MAE: 12.2458, Test RMSE: 20.6798, Test MAPE: 7.9251
2026-01-26 00:34:48,726 - easytorch-training - INFO - Evaluate best model on test data for horizon 3, Test MAE: 12.7007, Test RMSE: 21.6993, Test MAPE: 8.1805
2026-01-26 00:34:48,745 - easytorch-training - INFO - Evaluate best model on test data for horizon 4, Test MAE: 13.0693, Test RMSE: 22.5214, Test MAPE: 8.3965
2026-01-26 00:34:48,761 - easytorch-training - INFO - Evaluate best model on test data for horizon 5, Test MAE: 13.3775, Test RMSE: 23.2195, Test MAPE: 8.6247
2026-01-26 00:34:48,782 - easytorch-training - INFO - Evaluate best model on test data for horizon 6, Test MAE: 13.6379, Test RMSE: 23.8455, Test MAPE: 8.7801
2026-01-26 00:34:48,795 - easytorch-training - INFO - Evaluate best model on test data for horizon 7, Test MAE: 13.9067, Test RMSE: 24.3946, Test MAPE: 9.0220
2026-01-26 00:34:48,803 - easytorch-training - INFO - Evaluate best model on test data for horizon 8, Test MAE: 14.1537, Test RMSE: 24.9109, Test MAPE: 9.1340
2026-01-26 00:34:48,815 - easytorch-training - INFO - Evaluate best model on test data for horizon 9, Test MAE: 14.3522, Test RMSE: 25.3554, Test MAPE: 9.2694
2026-01-26 00:34:48,836 - easytorch-training - INFO - Evaluate best model on test data for horizon 10, Test MAE: 14.5303, Test RMSE: 25.6818, Test MAPE: 9.3947
2026-01-26 00:34:48,856 - easytorch-training - INFO - Evaluate best model on test data for horizon 11, Test MAE: 14.7119, Test RMSE: 25.9918, Test MAPE: 9.5149
2026-01-26 00:34:48,877 - easytorch-training - INFO - Evaluate best model on test data for horizon 12, Test MAE: 14.8835, Test RMSE: 26.2229, Test MAPE: 9.6686
2026-01-26 00:34:48,895 - easytorch-training - INFO - Result <test>: [test_time: 17.48 (s), test_MAE: 13.6030, test_RMSE: 23.7533, test_MAPE: 8.7912]
2026-01-26 00:34:49,236 - easytorch-training - INFO - Checkpoint checkpoints/STMAFNet_300/21afeca3ffc10cdf4e90589d029b0e70/STMAFNet_269.pt saved
2026-01-26 00:34:49,237 - easytorch-training - INFO - The estimated training finish time is 2026-01-26 02:02:01
2026-01-26 00:34:49,237 - easytorch-training - INFO - Epoch 270 / 300
2026-01-26 00:37:13,366 - easytorch-training - INFO - Result <train>: [train_time: 144.13 (s), lr: 6.25e-05, train_MAE: 11.8510, train_RMSE: 20.0497, train_MAPE: 7.9756]
2026-01-26 00:37:13,368 - easytorch-training - INFO - Start validation.
2026-01-26 00:37:32,766 - easytorch-training - INFO - Result <val>: [val_time: 19.40 (s), val_MAE: 13.5048, val_RMSE: 23.1403, val_MAPE: 9.9805]
2026-01-26 00:37:49,927 - easytorch-training - INFO - Evaluate best model on test data for horizon 1, Test MAE: 11.6563, Test RMSE: 19.4080, Test MAPE: 7.5953
2026-01-26 00:37:49,944 - easytorch-training - INFO - Evaluate best model on test data for horizon 2, Test MAE: 12.2384, Test RMSE: 20.7048, Test MAPE: 7.9397
2026-01-26 00:37:49,953 - easytorch-training - INFO - Evaluate best model on test data for horizon 3, Test MAE: 12.7028, Test RMSE: 21.7826, Test MAPE: 8.1436
2026-01-26 00:37:49,963 - easytorch-training - INFO - Evaluate best model on test data for horizon 4, Test MAE: 13.0639, Test RMSE: 22.5807, Test MAPE: 8.4183
2026-01-26 00:37:49,976 - easytorch-training - INFO - Evaluate best model on test data for horizon 5, Test MAE: 13.3910, Test RMSE: 23.3106, Test MAPE: 8.5968
2026-01-26 00:37:49,997 - easytorch-training - INFO - Evaluate best model on test data for horizon 6, Test MAE: 13.6419, Test RMSE: 23.8949, Test MAPE: 8.7850
2026-01-26 00:37:50,017 - easytorch-training - INFO - Evaluate best model on test data for horizon 7, Test MAE: 13.9058, Test RMSE: 24.4334, Test MAPE: 8.9293
2026-01-26 00:37:50,038 - easytorch-training - INFO - Evaluate best model on test data for horizon 8, Test MAE: 14.1585, Test RMSE: 24.9542, Test MAPE: 9.1189
2026-01-26 00:37:50,059 - easytorch-training - INFO - Evaluate best model on test data for horizon 9, Test MAE: 14.3544, Test RMSE: 25.3537, Test MAPE: 9.2089
2026-01-26 00:37:50,073 - easytorch-training - INFO - Evaluate best model on test data for horizon 10, Test MAE: 14.5417, Test RMSE: 25.7062, Test MAPE: 9.3763
2026-01-26 00:37:50,081 - easytorch-training - INFO - Evaluate best model on test data for horizon 11, Test MAE: 14.7192, Test RMSE: 25.9963, Test MAPE: 9.5033
2026-01-26 00:37:50,092 - easytorch-training - INFO - Evaluate best model on test data for horizon 12, Test MAE: 14.8916, Test RMSE: 26.2102, Test MAPE: 9.6344
2026-01-26 00:37:50,111 - easytorch-training - INFO - Result <test>: [test_time: 17.34 (s), test_MAE: 13.6054, test_RMSE: 23.7876, test_MAPE: 8.7708]
2026-01-26 00:37:50,449 - easytorch-training - INFO - Checkpoint checkpoints/STMAFNet_300/21afeca3ffc10cdf4e90589d029b0e70/STMAFNet_270.pt saved
2026-01-26 00:37:50,480 - easytorch-training - INFO - The estimated training finish time is 2026-01-26 02:02:15
2026-01-26 00:37:50,480 - easytorch-training - INFO - Epoch 271 / 300
2026-01-26 00:40:14,241 - easytorch-training - INFO - Result <train>: [train_time: 143.76 (s), lr: 6.25e-05, train_MAE: 11.8488, train_RMSE: 20.0466, train_MAPE: 7.9638]
2026-01-26 00:40:14,243 - easytorch-training - INFO - Start validation.
2026-01-26 00:40:32,959 - easytorch-training - INFO - Result <val>: [val_time: 18.72 (s), val_MAE: 13.5132, val_RMSE: 23.1189, val_MAPE: 10.0955]
2026-01-26 00:40:50,348 - easytorch-training - INFO - Evaluate best model on test data for horizon 1, Test MAE: 11.6698, Test RMSE: 19.3878, Test MAPE: 7.7629
2026-01-26 00:40:50,368 - easytorch-training - INFO - Evaluate best model on test data for horizon 2, Test MAE: 12.2711, Test RMSE: 20.7024, Test MAPE: 8.0748
2026-01-26 00:40:50,386 - easytorch-training - INFO - Evaluate best model on test data for horizon 3, Test MAE: 12.7035, Test RMSE: 21.7092, Test MAPE: 8.3118
2026-01-26 00:40:50,396 - easytorch-training - INFO - Evaluate best model on test data for horizon 4, Test MAE: 13.0872, Test RMSE: 22.5478, Test MAPE: 8.6652
2026-01-26 00:40:50,414 - easytorch-training - INFO - Evaluate best model on test data for horizon 5, Test MAE: 13.4035, Test RMSE: 23.2207, Test MAPE: 8.8235
2026-01-26 00:40:50,429 - easytorch-training - INFO - Evaluate best model on test data for horizon 6, Test MAE: 13.6528, Test RMSE: 23.8432, Test MAPE: 8.9232
2026-01-26 00:40:50,445 - easytorch-training - INFO - Evaluate best model on test data for horizon 7, Test MAE: 13.9062, Test RMSE: 24.3704, Test MAPE: 9.0025
2026-01-26 00:40:50,466 - easytorch-training - INFO - Evaluate best model on test data for horizon 8, Test MAE: 14.1516, Test RMSE: 24.8883, Test MAPE: 9.2424
2026-01-26 00:40:50,486 - easytorch-training - INFO - Evaluate best model on test data for horizon 9, Test MAE: 14.3537, Test RMSE: 25.2901, Test MAPE: 9.3305
2026-01-26 00:40:50,507 - easytorch-training - INFO - Evaluate best model on test data for horizon 10, Test MAE: 14.5355, Test RMSE: 25.6441, Test MAPE: 9.4855
2026-01-26 00:40:50,523 - easytorch-training - INFO - Evaluate best model on test data for horizon 11, Test MAE: 14.7173, Test RMSE: 25.9489, Test MAPE: 9.6080
2026-01-26 00:40:50,536 - easytorch-training - INFO - Evaluate best model on test data for horizon 12, Test MAE: 14.8796, Test RMSE: 26.1761, Test MAPE: 9.6927
2026-01-26 00:40:50,549 - easytorch-training - INFO - Result <test>: [test_time: 17.59 (s), test_MAE: 13.6110, test_RMSE: 23.7363, test_MAPE: 8.9103]
2026-01-26 00:40:50,974 - easytorch-training - INFO - Checkpoint checkpoints/STMAFNet_300/21afeca3ffc10cdf4e90589d029b0e70/STMAFNet_271.pt saved
2026-01-26 00:40:50,975 - easytorch-training - INFO - The estimated training finish time is 2026-01-26 02:02:27
2026-01-26 00:40:50,975 - easytorch-training - INFO - Epoch 272 / 300
2026-01-26 00:43:15,123 - easytorch-training - INFO - Result <train>: [train_time: 144.15 (s), lr: 6.25e-05, train_MAE: 11.8444, train_RMSE: 20.0332, train_MAPE: 7.9710]
2026-01-26 00:43:15,125 - easytorch-training - INFO - Start validation.
2026-01-26 00:43:33,729 - easytorch-training - INFO - Result <val>: [val_time: 18.60 (s), val_MAE: 13.4676, val_RMSE: 23.0643, val_MAPE: 10.1547]
2026-01-26 00:43:51,360 - easytorch-training - INFO - Evaluate best model on test data for horizon 1, Test MAE: 11.6903, Test RMSE: 19.4279, Test MAPE: 7.6393
2026-01-26 00:43:51,378 - easytorch-training - INFO - Evaluate best model on test data for horizon 2, Test MAE: 12.2604, Test RMSE: 20.6766, Test MAPE: 8.0902
2026-01-26 00:43:51,393 - easytorch-training - INFO - Evaluate best model on test data for horizon 3, Test MAE: 12.6770, Test RMSE: 21.6678, Test MAPE: 8.2998
2026-01-26 00:43:51,408 - easytorch-training - INFO - Evaluate best model on test data for horizon 4, Test MAE: 13.0608, Test RMSE: 22.4886, Test MAPE: 8.5174
2026-01-26 00:43:51,427 - easytorch-training - INFO - Evaluate best model on test data for horizon 5, Test MAE: 13.3562, Test RMSE: 23.1500, Test MAPE: 8.8148
2026-01-26 00:43:51,447 - easytorch-training - INFO - Evaluate best model on test data for horizon 6, Test MAE: 13.6096, Test RMSE: 23.7653, Test MAPE: 8.8670
2026-01-26 00:43:51,462 - easytorch-training - INFO - Evaluate best model on test data for horizon 7, Test MAE: 13.8660, Test RMSE: 24.2901, Test MAPE: 9.0064
2026-01-26 00:43:51,478 - easytorch-training - INFO - Evaluate best model on test data for horizon 8, Test MAE: 14.0957, Test RMSE: 24.7830, Test MAPE: 9.2881
2026-01-26 00:43:51,499 - easytorch-training - INFO - Evaluate best model on test data for horizon 9, Test MAE: 14.3311, Test RMSE: 25.2107, Test MAPE: 9.3663
2026-01-26 00:43:51,519 - easytorch-training - INFO - Evaluate best model on test data for horizon 10, Test MAE: 14.5041, Test RMSE: 25.5581, Test MAPE: 9.7107
2026-01-26 00:43:51,533 - easytorch-training - INFO - Evaluate best model on test data for horizon 11, Test MAE: 14.6664, Test RMSE: 25.8577, Test MAPE: 9.5898
2026-01-26 00:43:51,550 - easytorch-training - INFO - Evaluate best model on test data for horizon 12, Test MAE: 14.8428, Test RMSE: 26.0858, Test MAPE: 9.7656
2026-01-26 00:43:51,574 - easytorch-training - INFO - Result <test>: [test_time: 17.84 (s), test_MAE: 13.5800, test_RMSE: 23.6696, test_MAPE: 8.9130]
2026-01-26 00:43:51,921 - easytorch-training - INFO - Checkpoint checkpoints/STMAFNet_300/21afeca3ffc10cdf4e90589d029b0e70/STMAFNet_272.pt saved
2026-01-26 00:43:51,922 - easytorch-training - INFO - The estimated training finish time is 2026-01-26 02:02:41
2026-01-26 00:43:51,922 - easytorch-training - INFO - Epoch 273 / 300
2026-01-26 00:46:15,717 - easytorch-training - INFO - Result <train>: [train_time: 143.79 (s), lr: 6.25e-05, train_MAE: 11.8378, train_RMSE: 20.0265, train_MAPE: 7.9747]
2026-01-26 00:46:15,719 - easytorch-training - INFO - Start validation.
2026-01-26 00:46:34,524 - easytorch-training - INFO - Result <val>: [val_time: 18.80 (s), val_MAE: 13.5178, val_RMSE: 23.1282, val_MAPE: 9.9927]
2026-01-26 00:46:52,563 - easytorch-training - INFO - Evaluate best model on test data for horizon 1, Test MAE: 11.6754, Test RMSE: 19.4181, Test MAPE: 7.5322
2026-01-26 00:46:52,584 - easytorch-training - INFO - Evaluate best model on test data for horizon 2, Test MAE: 12.2508, Test RMSE: 20.7350, Test MAPE: 7.8515
2026-01-26 00:46:52,600 - easytorch-training - INFO - Evaluate best model on test data for horizon 3, Test MAE: 12.7091, Test RMSE: 21.7788, Test MAPE: 8.1045
2026-01-26 00:46:52,614 - easytorch-training - INFO - Evaluate best model on test data for horizon 4, Test MAE: 13.0740, Test RMSE: 22.5913, Test MAPE: 8.3666
2026-01-26 00:46:52,635 - easytorch-training - INFO - Evaluate best model on test data for horizon 5, Test MAE: 13.3833, Test RMSE: 23.2739, Test MAPE: 8.5926
2026-01-26 00:46:52,655 - easytorch-training - INFO - Evaluate best model on test data for horizon 6, Test MAE: 13.6397, Test RMSE: 23.8302, Test MAPE: 8.7504
2026-01-26 00:46:52,676 - easytorch-training - INFO - Evaluate best model on test data for horizon 7, Test MAE: 13.8756, Test RMSE: 24.3345, Test MAPE: 8.8758
2026-01-26 00:46:52,692 - easytorch-training - INFO - Evaluate best model on test data for horizon 8, Test MAE: 14.1318, Test RMSE: 24.8400, Test MAPE: 9.0739
2026-01-26 00:46:52,706 - easytorch-training - INFO - Evaluate best model on test data for horizon 9, Test MAE: 14.3614, Test RMSE: 25.2732, Test MAPE: 9.2124
2026-01-26 00:46:52,727 - easytorch-training - INFO - Evaluate best model on test data for horizon 10, Test MAE: 14.5381, Test RMSE: 25.6208, Test MAPE: 9.3435
2026-01-26 00:46:52,747 - easytorch-training - INFO - Evaluate best model on test data for horizon 11, Test MAE: 14.7201, Test RMSE: 25.9268, Test MAPE: 9.4597
2026-01-26 00:46:52,765 - easytorch-training - INFO - Evaluate best model on test data for horizon 12, Test MAE: 14.9024, Test RMSE: 26.1910, Test MAPE: 9.6282
2026-01-26 00:46:52,786 - easytorch-training - INFO - Result <test>: [test_time: 18.26 (s), test_MAE: 13.6051, test_RMSE: 23.7413, test_MAPE: 8.7326]
2026-01-26 00:46:53,208 - easytorch-training - INFO - Checkpoint checkpoints/STMAFNet_300/21afeca3ffc10cdf4e90589d029b0e70/STMAFNet_273.pt saved
2026-01-26 00:46:53,209 - easytorch-training - INFO - The estimated training finish time is 2026-01-26 02:02:54
2026-01-26 00:46:53,209 - easytorch-training - INFO - Epoch 274 / 300
2026-01-26 00:49:17,199 - easytorch-training - INFO - Result <train>: [train_time: 143.99 (s), lr: 6.25e-05, train_MAE: 11.8362, train_RMSE: 20.0199, train_MAPE: 7.9663]
2026-01-26 00:49:17,200 - easytorch-training - INFO - Start validation.
2026-01-26 00:49:36,162 - easytorch-training - INFO - Result <val>: [val_time: 18.96 (s), val_MAE: 13.5396, val_RMSE: 23.1932, val_MAPE: 10.1906]
2026-01-26 00:49:53,889 - easytorch-training - INFO - Evaluate best model on test data for horizon 1, Test MAE: 11.6848, Test RMSE: 19.4380, Test MAPE: 7.5953
2026-01-26 00:49:53,905 - easytorch-training - INFO - Evaluate best model on test data for horizon 2, Test MAE: 12.2703, Test RMSE: 20.7919, Test MAPE: 7.9508
2026-01-26 00:49:53,926 - easytorch-training - INFO - Evaluate best model on test data for horizon 3, Test MAE: 12.7455, Test RMSE: 21.8682, Test MAPE: 8.2048
2026-01-26 00:49:53,943 - easytorch-training - INFO - Evaluate best model on test data for horizon 4, Test MAE: 13.1015, Test RMSE: 22.6601, Test MAPE: 8.4139
2026-01-26 00:49:53,960 - easytorch-training - INFO - Evaluate best model on test data for horizon 5, Test MAE: 13.4293, Test RMSE: 23.3529, Test MAPE: 8.6386
2026-01-26 00:49:53,976 - easytorch-training - INFO - Evaluate best model on test data for horizon 6, Test MAE: 13.6830, Test RMSE: 23.9392, Test MAPE: 8.8027
2026-01-26 00:49:53,997 - easytorch-training - INFO - Evaluate best model on test data for horizon 7, Test MAE: 13.9166, Test RMSE: 24.4221, Test MAPE: 8.9649
2026-01-26 00:49:54,012 - easytorch-training - INFO - Evaluate best model on test data for horizon 8, Test MAE: 14.1541, Test RMSE: 24.8745, Test MAPE: 9.1247
2026-01-26 00:49:54,026 - easytorch-training - INFO - Evaluate best model on test data for horizon 9, Test MAE: 14.3526, Test RMSE: 25.2646, Test MAPE: 9.2643
2026-01-26 00:49:54,046 - easytorch-training - INFO - Evaluate best model on test data for horizon 10, Test MAE: 14.5271, Test RMSE: 25.6235, Test MAPE: 9.3942
2026-01-26 00:49:54,067 - easytorch-training - INFO - Evaluate best model on test data for horizon 11, Test MAE: 14.7060, Test RMSE: 25.9246, Test MAPE: 9.5427
2026-01-26 00:49:54,081 - easytorch-training - INFO - Evaluate best model on test data for horizon 12, Test MAE: 14.8935, Test RMSE: 26.1905, Test MAPE: 9.6671
2026-01-26 00:49:54,100 - easytorch-training - INFO - Result <test>: [test_time: 17.94 (s), test_MAE: 13.6220, test_RMSE: 23.7844, test_MAPE: 8.7970]
2026-01-26 00:49:54,446 - easytorch-training - INFO - Checkpoint checkpoints/STMAFNet_300/21afeca3ffc10cdf4e90589d029b0e70/STMAFNet_274.pt saved
2026-01-26 00:49:54,447 - easytorch-training - INFO - The estimated training finish time is 2026-01-26 02:03:08
2026-01-26 00:49:54,447 - easytorch-training - INFO - Epoch 275 / 300
2026-01-26 00:52:19,111 - easytorch-training - INFO - Result <train>: [train_time: 144.66 (s), lr: 6.25e-05, train_MAE: 11.8375, train_RMSE: 20.0201, train_MAPE: 7.9669]
2026-01-26 00:52:19,113 - easytorch-training - INFO - Start validation.
2026-01-26 00:52:38,171 - easytorch-training - INFO - Result <val>: [val_time: 19.06 (s), val_MAE: 13.5277, val_RMSE: 23.1700, val_MAPE: 10.0059]
2026-01-26 00:52:55,660 - easytorch-training - INFO - Evaluate best model on test data for horizon 1, Test MAE: 11.6848, Test RMSE: 19.4262, Test MAPE: 7.7110
2026-01-26 00:52:55,679 - easytorch-training - INFO - Evaluate best model on test data for horizon 2, Test MAE: 12.2788, Test RMSE: 20.7709, Test MAPE: 7.9455
2026-01-26 00:52:55,698 - easytorch-training - INFO - Evaluate best model on test data for horizon 3, Test MAE: 12.7562, Test RMSE: 21.8501, Test MAPE: 8.2074
2026-01-26 00:52:55,714 - easytorch-training - INFO - Evaluate best model on test data for horizon 4, Test MAE: 13.1071, Test RMSE: 22.6838, Test MAPE: 8.4555
2026-01-26 00:52:55,735 - easytorch-training - INFO - Evaluate best model on test data for horizon 5, Test MAE: 13.4216, Test RMSE: 23.4098, Test MAPE: 8.6452
2026-01-26 00:52:55,750 - easytorch-training - INFO - Evaluate best model on test data for horizon 6, Test MAE: 13.6770, Test RMSE: 23.9934, Test MAPE: 8.8922
2026-01-26 00:52:55,771 - easytorch-training - INFO - Evaluate best model on test data for horizon 7, Test MAE: 13.9462, Test RMSE: 24.5435, Test MAPE: 9.0411
2026-01-26 00:52:55,791 - easytorch-training - INFO - Evaluate best model on test data for horizon 8, Test MAE: 14.1759, Test RMSE: 25.0239, Test MAPE: 9.1070
2026-01-26 00:52:55,805 - easytorch-training - INFO - Evaluate best model on test data for horizon 9, Test MAE: 14.3816, Test RMSE: 25.4270, Test MAPE: 9.2402
2026-01-26 00:52:55,819 - easytorch-training - INFO - Evaluate best model on test data for horizon 10, Test MAE: 14.5694, Test RMSE: 25.7775, Test MAPE: 9.3985
2026-01-26 00:52:55,833 - easytorch-training - INFO - Evaluate best model on test data for horizon 11, Test MAE: 14.7175, Test RMSE: 26.0433, Test MAPE: 9.5367
2026-01-26 00:52:55,854 - easytorch-training - INFO - Evaluate best model on test data for horizon 12, Test MAE: 14.8978, Test RMSE: 26.2674, Test MAPE: 9.6512
2026-01-26 00:52:55,876 - easytorch-training - INFO - Result <test>: [test_time: 17.70 (s), test_MAE: 13.6345, test_RMSE: 23.8612, test_MAPE: 8.8193]
2026-01-26 00:52:56,295 - easytorch-training - INFO - Checkpoint checkpoints/STMAFNet_300/21afeca3ffc10cdf4e90589d029b0e70/STMAFNet_275.pt saved
2026-01-26 00:52:56,296 - easytorch-training - INFO - The estimated training finish time is 2026-01-26 02:03:22
2026-01-26 00:52:56,296 - easytorch-training - INFO - Epoch 276 / 300
2026-01-26 00:55:12,671 - easytorch-training - INFO - Result <train>: [train_time: 136.38 (s), lr: 6.25e-05, train_MAE: 11.8301, train_RMSE: 20.0060, train_MAPE: 7.9653]
2026-01-26 00:55:12,673 - easytorch-training - INFO - Start validation.
2026-01-26 00:55:26,918 - easytorch-training - INFO - Result <val>: [val_time: 14.24 (s), val_MAE: 13.5050, val_RMSE: 23.1492, val_MAPE: 10.0359]
2026-01-26 00:55:40,282 - easytorch-training - INFO - Evaluate best model on test data for horizon 1, Test MAE: 11.6596, Test RMSE: 19.4013, Test MAPE: 7.6064
2026-01-26 00:55:40,296 - easytorch-training - INFO - Evaluate best model on test data for horizon 2, Test MAE: 12.2445, Test RMSE: 20.7181, Test MAPE: 7.9327
2026-01-26 00:55:40,310 - easytorch-training - INFO - Evaluate best model on test data for horizon 3, Test MAE: 12.6995, Test RMSE: 21.7849, Test MAPE: 8.2105
2026-01-26 00:55:40,324 - easytorch-training - INFO - Evaluate best model on test data for horizon 4, Test MAE: 13.0719, Test RMSE: 22.5966, Test MAPE: 8.4501
2026-01-26 00:55:40,338 - easytorch-training - INFO - Evaluate best model on test data for horizon 5, Test MAE: 13.3958, Test RMSE: 23.3265, Test MAPE: 8.6127
2026-01-26 00:55:40,352 - easytorch-training - INFO - Evaluate best model on test data for horizon 6, Test MAE: 13.6589, Test RMSE: 23.9313, Test MAPE: 8.8083
2026-01-26 00:55:40,354 - easytorch-training - INFO - Evaluate best model on test data for horizon 7, Test MAE: 13.8961, Test RMSE: 24.4243, Test MAPE: 8.9421
2026-01-26 00:55:40,362 - easytorch-training - INFO - Evaluate best model on test data for horizon 8, Test MAE: 14.1481, Test RMSE: 24.9042, Test MAPE: 9.1346
2026-01-26 00:55:40,376 - easytorch-training - INFO - Evaluate best model on test data for horizon 9, Test MAE: 14.3726, Test RMSE: 25.3461, Test MAPE: 9.2807
2026-01-26 00:55:40,390 - easytorch-training - INFO - Evaluate best model on test data for horizon 10, Test MAE: 14.5797, Test RMSE: 25.7258, Test MAPE: 9.4465
2026-01-26 00:55:40,404 - easytorch-training - INFO - Evaluate best model on test data for horizon 11, Test MAE: 14.7447, Test RMSE: 26.0002, Test MAPE: 9.5607
2026-01-26 00:55:40,418 - easytorch-training - INFO - Evaluate best model on test data for horizon 12, Test MAE: 14.9279, Test RMSE: 26.2125, Test MAPE: 9.7034
2026-01-26 00:55:40,435 - easytorch-training - INFO - Result <test>: [test_time: 13.52 (s), test_MAE: 13.6166, test_RMSE: 23.7904, test_MAPE: 8.8074]
2026-01-26 00:55:40,773 - easytorch-training - INFO - Checkpoint checkpoints/STMAFNet_300/21afeca3ffc10cdf4e90589d029b0e70/STMAFNet_276.pt saved
2026-01-26 00:55:40,774 - easytorch-training - INFO - The estimated training finish time is 2026-01-26 02:03:17
2026-01-26 00:55:40,774 - easytorch-training - INFO - Epoch 277 / 300
2026-01-26 00:57:29,222 - easytorch-training - INFO - Result <train>: [train_time: 108.45 (s), lr: 6.25e-05, train_MAE: 11.8299, train_RMSE: 20.0141, train_MAPE: 7.9658]
2026-01-26 00:57:29,224 - easytorch-training - INFO - Start validation.
2026-01-26 00:57:43,461 - easytorch-training - INFO - Result <val>: [val_time: 14.24 (s), val_MAE: 13.4909, val_RMSE: 23.1364, val_MAPE: 9.9960]
2026-01-26 00:57:56,842 - easytorch-training - INFO - Evaluate best model on test data for horizon 1, Test MAE: 11.6563, Test RMSE: 19.3934, Test MAPE: 7.6111
2026-01-26 00:57:56,856 - easytorch-training - INFO - Evaluate best model on test data for horizon 2, Test MAE: 12.2591, Test RMSE: 20.7127, Test MAPE: 8.0398
2026-01-26 00:57:56,870 - easytorch-training - INFO - Evaluate best model on test data for horizon 3, Test MAE: 12.7197, Test RMSE: 21.7688, Test MAPE: 8.2792
2026-01-26 00:57:56,884 - easytorch-training - INFO - Evaluate best model on test data for horizon 4, Test MAE: 13.1060, Test RMSE: 22.6199, Test MAPE: 8.5078
2026-01-26 00:57:56,898 - easytorch-training - INFO - Evaluate best model on test data for horizon 5, Test MAE: 13.4115, Test RMSE: 23.3208, Test MAPE: 8.7766
2026-01-26 00:57:56,908 - easytorch-training - INFO - Evaluate best model on test data for horizon 6, Test MAE: 13.6686, Test RMSE: 23.9313, Test MAPE: 8.9074
2026-01-26 00:57:56,915 - easytorch-training - INFO - Evaluate best model on test data for horizon 7, Test MAE: 13.9262, Test RMSE: 24.4643, Test MAPE: 9.0418
2026-01-26 00:57:56,927 - easytorch-training - INFO - Evaluate best model on test data for horizon 8, Test MAE: 14.1503, Test RMSE: 24.9767, Test MAPE: 9.1231
2026-01-26 00:57:56,941 - easytorch-training - INFO - Evaluate best model on test data for horizon 9, Test MAE: 14.3647, Test RMSE: 25.3695, Test MAPE: 9.3228
2026-01-26 00:57:56,955 - easytorch-training - INFO - Evaluate best model on test data for horizon 10, Test MAE: 14.5376, Test RMSE: 25.6971, Test MAPE: 9.4186
2026-01-26 00:57:56,969 - easytorch-training - INFO - Evaluate best model on test data for horizon 11, Test MAE: 14.6999, Test RMSE: 25.9874, Test MAPE: 9.5301
2026-01-26 00:57:56,979 - easytorch-training - INFO - Evaluate best model on test data for horizon 12, Test MAE: 14.8874, Test RMSE: 26.2204, Test MAPE: 9.6681
2026-01-26 00:57:56,994 - easytorch-training - INFO - Result <test>: [test_time: 13.53 (s), test_MAE: 13.6156, test_RMSE: 23.7984, test_MAPE: 8.8522]
2026-01-26 00:57:57,419 - easytorch-training - INFO - Checkpoint checkpoints/STMAFNet_300/21afeca3ffc10cdf4e90589d029b0e70/STMAFNet_277.pt saved
2026-01-26 00:57:57,420 - easytorch-training - INFO - The estimated training finish time is 2026-01-26 02:02:42
2026-01-26 00:57:57,420 - easytorch-training - INFO - Epoch 278 / 300
2026-01-26 00:59:46,562 - easytorch-training - INFO - Result <train>: [train_time: 109.14 (s), lr: 6.25e-05, train_MAE: 11.8263, train_RMSE: 19.9938, train_MAPE: 7.9637]
2026-01-26 00:59:46,563 - easytorch-training - INFO - Start validation.
2026-01-26 01:00:00,349 - easytorch-training - INFO - Result <val>: [val_time: 13.79 (s), val_MAE: 13.4662, val_RMSE: 23.0795, val_MAPE: 9.9500]
2026-01-26 01:00:13,726 - easytorch-training - INFO - Evaluate best model on test data for horizon 1, Test MAE: 11.6490, Test RMSE: 19.3657, Test MAPE: 7.6424
2026-01-26 01:00:13,740 - easytorch-training - INFO - Evaluate best model on test data for horizon 2, Test MAE: 12.2322, Test RMSE: 20.6647, Test MAPE: 8.0472
2026-01-26 01:00:13,754 - easytorch-training - INFO - Evaluate best model on test data for horizon 3, Test MAE: 12.6818, Test RMSE: 21.6887, Test MAPE: 8.3172
2026-01-26 01:00:13,765 - easytorch-training - INFO - Evaluate best model on test data for horizon 4, Test MAE: 13.0353, Test RMSE: 22.5203, Test MAPE: 8.4390
2026-01-26 01:00:13,777 - easytorch-training - INFO - Evaluate best model on test data for horizon 5, Test MAE: 13.3472, Test RMSE: 23.2318, Test MAPE: 8.6492
2026-01-26 01:00:13,791 - easytorch-training - INFO - Evaluate best model on test data for horizon 6, Test MAE: 13.6266, Test RMSE: 23.8939, Test MAPE: 8.8511
2026-01-26 01:00:13,799 - easytorch-training - INFO - Evaluate best model on test data for horizon 7, Test MAE: 13.9035, Test RMSE: 24.4700, Test MAPE: 9.0723
2026-01-26 01:00:13,813 - easytorch-training - INFO - Evaluate best model on test data for horizon 8, Test MAE: 14.1135, Test RMSE: 24.9091, Test MAPE: 9.2231
2026-01-26 01:00:13,827 - easytorch-training - INFO - Evaluate best model on test data for horizon 9, Test MAE: 14.3392, Test RMSE: 25.3464, Test MAPE: 9.2845
2026-01-26 01:00:13,841 - easytorch-training - INFO - Evaluate best model on test data for horizon 10, Test MAE: 14.5137, Test RMSE: 25.6744, Test MAPE: 9.4151
2026-01-26 01:00:13,855 - easytorch-training - INFO - Evaluate best model on test data for horizon 11, Test MAE: 14.6792, Test RMSE: 25.9449, Test MAPE: 9.5558
2026-01-26 01:00:13,867 - easytorch-training - INFO - Evaluate best model on test data for horizon 12, Test MAE: 14.8432, Test RMSE: 26.1366, Test MAPE: 9.6671
2026-01-26 01:00:13,878 - easytorch-training - INFO - Result <test>: [test_time: 13.53 (s), test_MAE: 13.5804, test_RMSE: 23.7476, test_MAPE: 8.8470]
2026-01-26 01:00:14,215 - easytorch-training - INFO - Checkpoint checkpoints/STMAFNet_300/21afeca3ffc10cdf4e90589d029b0e70/STMAFNet_278.pt saved
2026-01-26 01:00:14,216 - easytorch-training - INFO - The estimated training finish time is 2026-01-26 02:02:07
2026-01-26 01:00:14,216 - easytorch-training - INFO - Epoch 279 / 300
2026-01-26 01:02:03,585 - easytorch-training - INFO - Result <train>: [train_time: 109.37 (s), lr: 6.25e-05, train_MAE: 11.8220, train_RMSE: 19.9898, train_MAPE: 7.9588]
2026-01-26 01:02:03,587 - easytorch-training - INFO - Start validation.
2026-01-26 01:02:17,316 - easytorch-training - INFO - Result <val>: [val_time: 13.73 (s), val_MAE: 13.5361, val_RMSE: 23.2089, val_MAPE: 10.1323]
2026-01-26 01:02:30,266 - easytorch-training - INFO - Evaluate best model on test data for horizon 1, Test MAE: 11.6763, Test RMSE: 19.4037, Test MAPE: 7.6770
2026-01-26 01:02:30,275 - easytorch-training - INFO - Evaluate best model on test data for horizon 2, Test MAE: 12.2487, Test RMSE: 20.7364, Test MAPE: 7.9774
2026-01-26 01:02:30,289 - easytorch-training - INFO - Evaluate best model on test data for horizon 3, Test MAE: 12.7136, Test RMSE: 21.7974, Test MAPE: 8.2635
2026-01-26 01:02:30,303 - easytorch-training - INFO - Evaluate best model on test data for horizon 4, Test MAE: 13.0884, Test RMSE: 22.6619, Test MAPE: 8.4207
2026-01-26 01:02:30,317 - easytorch-training - INFO - Evaluate best model on test data for horizon 5, Test MAE: 13.4062, Test RMSE: 23.4134, Test MAPE: 8.6408
2026-01-26 01:02:30,331 - easytorch-training - INFO - Evaluate best model on test data for horizon 6, Test MAE: 13.6877, Test RMSE: 24.0655, Test MAPE: 8.8201
2026-01-26 01:02:30,340 - easytorch-training - INFO - Evaluate best model on test data for horizon 7, Test MAE: 13.9637, Test RMSE: 24.6063, Test MAPE: 8.9778
2026-01-26 01:02:30,354 - easytorch-training - INFO - Evaluate best model on test data for horizon 8, Test MAE: 14.2026, Test RMSE: 25.0906, Test MAPE: 9.1385
2026-01-26 01:02:30,368 - easytorch-training - INFO - Evaluate best model on test data for horizon 9, Test MAE: 14.4093, Test RMSE: 25.4666, Test MAPE: 9.2940
2026-01-26 01:02:30,382 - easytorch-training - INFO - Evaluate best model on test data for horizon 10, Test MAE: 14.6173, Test RMSE: 25.8319, Test MAPE: 9.4505
2026-01-26 01:02:30,395 - easytorch-training - INFO - Evaluate best model on test data for horizon 11, Test MAE: 14.7881, Test RMSE: 26.1146, Test MAPE: 9.5701
2026-01-26 01:02:30,409 - easytorch-training - INFO - Evaluate best model on test data for horizon 12, Test MAE: 14.9479, Test RMSE: 26.3441, Test MAPE: 9.6720
2026-01-26 01:02:30,426 - easytorch-training - INFO - Result <test>: [test_time: 13.11 (s), test_MAE: 13.6458, test_RMSE: 23.8910, test_MAPE: 8.8252]
2026-01-26 01:02:30,764 - easytorch-training - INFO - Checkpoint checkpoints/STMAFNet_300/21afeca3ffc10cdf4e90589d029b0e70/STMAFNet_279.pt saved
2026-01-26 01:02:30,765 - easytorch-training - INFO - The estimated training finish time is 2026-01-26 02:01:32
2026-01-26 01:02:30,765 - easytorch-training - INFO - Epoch 280 / 300
2026-01-26 01:04:20,506 - easytorch-training - INFO - Result <train>: [train_time: 109.74 (s), lr: 6.25e-05, train_MAE: 11.8178, train_RMSE: 19.9816, train_MAPE: 7.9559]
2026-01-26 01:04:20,507 - easytorch-training - INFO - Start validation.
2026-01-26 01:04:34,077 - easytorch-training - INFO - Result <val>: [val_time: 13.57 (s), val_MAE: 13.4937, val_RMSE: 23.1258, val_MAPE: 10.0048]
2026-01-26 01:04:47,088 - easytorch-training - INFO - Evaluate best model on test data for horizon 1, Test MAE: 11.6514, Test RMSE: 19.3873, Test MAPE: 7.5974
2026-01-26 01:04:47,102 - easytorch-training - INFO - Evaluate best model on test data for horizon 2, Test MAE: 12.2437, Test RMSE: 20.7325, Test MAPE: 7.8690
2026-01-26 01:04:47,110 - easytorch-training - INFO - Evaluate best model on test data for horizon 3, Test MAE: 12.7012, Test RMSE: 21.7836, Test MAPE: 8.1781
2026-01-26 01:04:47,117 - easytorch-training - INFO - Evaluate best model on test data for horizon 4, Test MAE: 13.0659, Test RMSE: 22.6026, Test MAPE: 8.4014
2026-01-26 01:04:47,131 - easytorch-training - INFO - Evaluate best model on test data for horizon 5, Test MAE: 13.3679, Test RMSE: 23.3073, Test MAPE: 8.5821
2026-01-26 01:04:47,145 - easytorch-training - INFO - Evaluate best model on test data for horizon 6, Test MAE: 13.6353, Test RMSE: 23.9006, Test MAPE: 8.7876
2026-01-26 01:04:47,159 - easytorch-training - INFO - Evaluate best model on test data for horizon 7, Test MAE: 13.8967, Test RMSE: 24.4006, Test MAPE: 8.9728
2026-01-26 01:04:47,167 - easytorch-training - INFO - Evaluate best model on test data for horizon 8, Test MAE: 14.1277, Test RMSE: 24.9043, Test MAPE: 9.0637
2026-01-26 01:04:47,177 - easytorch-training - INFO - Evaluate best model on test data for horizon 9, Test MAE: 14.3582, Test RMSE: 25.3359, Test MAPE: 9.2511
2026-01-26 01:04:47,191 - easytorch-training - INFO - Evaluate best model on test data for horizon 10, Test MAE: 14.5394, Test RMSE: 25.6802, Test MAPE: 9.4867
2026-01-26 01:04:47,205 - easytorch-training - INFO - Evaluate best model on test data for horizon 11, Test MAE: 14.7317, Test RMSE: 25.9767, Test MAPE: 9.6553
2026-01-26 01:04:47,219 - easytorch-training - INFO - Evaluate best model on test data for horizon 12, Test MAE: 14.9181, Test RMSE: 26.2361, Test MAPE: 9.7529
2026-01-26 01:04:47,236 - easytorch-training - INFO - Result <test>: [test_time: 13.16 (s), test_MAE: 13.6031, test_RMSE: 23.7797, test_MAPE: 8.7998]
2026-01-26 01:04:47,579 - easytorch-training - INFO - Checkpoint checkpoints/STMAFNet_300/21afeca3ffc10cdf4e90589d029b0e70/STMAFNet_280.pt saved
2026-01-26 01:04:47,610 - easytorch-training - INFO - The estimated training finish time is 2026-01-26 02:00:58
2026-01-26 01:04:47,610 - easytorch-training - INFO - Epoch 281 / 300
2026-01-26 01:06:38,057 - easytorch-training - INFO - Result <train>: [train_time: 110.45 (s), lr: 6.25e-05, train_MAE: 11.8148, train_RMSE: 19.9809, train_MAPE: 7.9566]
2026-01-26 01:06:38,059 - easytorch-training - INFO - Start validation.
2026-01-26 01:06:51,777 - easytorch-training - INFO - Result <val>: [val_time: 13.72 (s), val_MAE: 13.5136, val_RMSE: 23.1316, val_MAPE: 10.0709]
2026-01-26 01:07:04,098 - easytorch-training - INFO - Evaluate best model on test data for horizon 1, Test MAE: 11.6755, Test RMSE: 19.3765, Test MAPE: 7.6496
2026-01-26 01:07:04,107 - easytorch-training - INFO - Evaluate best model on test data for horizon 2, Test MAE: 12.2386, Test RMSE: 20.6810, Test MAPE: 7.9621
2026-01-26 01:07:04,121 - easytorch-training - INFO - Evaluate best model on test data for horizon 3, Test MAE: 12.7209, Test RMSE: 21.7737, Test MAPE: 8.2720
2026-01-26 01:07:04,131 - easytorch-training - INFO - Evaluate best model on test data for horizon 4, Test MAE: 13.0728, Test RMSE: 22.6108, Test MAPE: 8.4642
2026-01-26 01:07:04,138 - easytorch-training - INFO - Evaluate best model on test data for horizon 5, Test MAE: 13.3965, Test RMSE: 23.3261, Test MAPE: 8.6814
2026-01-26 01:07:04,150 - easytorch-training - INFO - Evaluate best model on test data for horizon 6, Test MAE: 13.6482, Test RMSE: 23.9333, Test MAPE: 8.8039
2026-01-26 01:07:04,164 - easytorch-training - INFO - Evaluate best model on test data for horizon 7, Test MAE: 13.9275, Test RMSE: 24.4568, Test MAPE: 8.9791
2026-01-26 01:07:04,177 - easytorch-training - INFO - Evaluate best model on test data for horizon 8, Test MAE: 14.1591, Test RMSE: 24.9386, Test MAPE: 9.1612
2026-01-26 01:07:04,184 - easytorch-training - INFO - Evaluate best model on test data for horizon 9, Test MAE: 14.3581, Test RMSE: 25.2984, Test MAPE: 9.2233
2026-01-26 01:07:04,196 - easytorch-training - INFO - Evaluate best model on test data for horizon 10, Test MAE: 14.5365, Test RMSE: 25.6688, Test MAPE: 9.3923
2026-01-26 01:07:04,210 - easytorch-training - INFO - Evaluate best model on test data for horizon 11, Test MAE: 14.7382, Test RMSE: 25.9775, Test MAPE: 9.5483
2026-01-26 01:07:04,224 - easytorch-training - INFO - Evaluate best model on test data for horizon 12, Test MAE: 14.9074, Test RMSE: 26.2201, Test MAPE: 9.7072
2026-01-26 01:07:04,241 - easytorch-training - INFO - Result <test>: [test_time: 12.46 (s), test_MAE: 13.6149, test_RMSE: 23.7815, test_MAPE: 8.8204]
2026-01-26 01:07:04,665 - easytorch-training - INFO - Checkpoint checkpoints/STMAFNet_300/21afeca3ffc10cdf4e90589d029b0e70/STMAFNet_281.pt saved
2026-01-26 01:07:04,666 - easytorch-training - INFO - The estimated training finish time is 2026-01-26 02:00:25
2026-01-26 01:07:04,666 - easytorch-training - INFO - Epoch 282 / 300
2026-01-26 01:08:55,451 - easytorch-training - INFO - Result <train>: [train_time: 110.78 (s), lr: 6.25e-05, train_MAE: 11.8105, train_RMSE: 19.9655, train_MAPE: 7.9506]
2026-01-26 01:08:55,452 - easytorch-training - INFO - Start validation.
2026-01-26 01:09:09,456 - easytorch-training - INFO - Result <val>: [val_time: 14.00 (s), val_MAE: 13.5030, val_RMSE: 23.1452, val_MAPE: 9.9988]
2026-01-26 01:09:22,015 - easytorch-training - INFO - Evaluate best model on test data for horizon 1, Test MAE: 11.6670, Test RMSE: 19.4288, Test MAPE: 7.5787
2026-01-26 01:09:22,025 - easytorch-training - INFO - Evaluate best model on test data for horizon 2, Test MAE: 12.2450, Test RMSE: 20.7196, Test MAPE: 7.9619
2026-01-26 01:09:22,033 - easytorch-training - INFO - Evaluate best model on test data for horizon 3, Test MAE: 12.7070, Test RMSE: 21.7844, Test MAPE: 8.2796
2026-01-26 01:09:22,040 - easytorch-training - INFO - Evaluate best model on test data for horizon 4, Test MAE: 13.0767, Test RMSE: 22.6180, Test MAPE: 8.4625
2026-01-26 01:09:22,048 - easytorch-training - INFO - Evaluate best model on test data for horizon 5, Test MAE: 13.3960, Test RMSE: 23.3516, Test MAPE: 8.6307
2026-01-26 01:09:22,062 - easytorch-training - INFO - Evaluate best model on test data for horizon 6, Test MAE: 13.6563, Test RMSE: 23.9468, Test MAPE: 8.7995
2026-01-26 01:09:22,076 - easytorch-training - INFO - Evaluate best model on test data for horizon 7, Test MAE: 13.9215, Test RMSE: 24.4764, Test MAPE: 8.9404
2026-01-26 01:09:22,090 - easytorch-training - INFO - Evaluate best model on test data for horizon 8, Test MAE: 14.1621, Test RMSE: 24.9444, Test MAPE: 9.2757
2026-01-26 01:09:22,104 - easytorch-training - INFO - Evaluate best model on test data for horizon 9, Test MAE: 14.3637, Test RMSE: 25.3190, Test MAPE: 9.3292
2026-01-26 01:09:22,114 - easytorch-training - INFO - Evaluate best model on test data for horizon 10, Test MAE: 14.5429, Test RMSE: 25.6680, Test MAPE: 9.4223
2026-01-26 01:09:22,122 - easytorch-training - INFO - Evaluate best model on test data for horizon 11, Test MAE: 14.7142, Test RMSE: 25.9405, Test MAPE: 9.6172
2026-01-26 01:09:22,130 - easytorch-training - INFO - Evaluate best model on test data for horizon 12, Test MAE: 14.8731, Test RMSE: 26.1523, Test MAPE: 9.7190
2026-01-26 01:09:22,141 - easytorch-training - INFO - Result <test>: [test_time: 12.68 (s), test_MAE: 13.6105, test_RMSE: 23.7868, test_MAPE: 8.8347]
2026-01-26 01:09:22,478 - easytorch-training - INFO - Checkpoint checkpoints/STMAFNet_300/21afeca3ffc10cdf4e90589d029b0e70/STMAFNet_282.pt saved
2026-01-26 01:09:22,479 - easytorch-training - INFO - The estimated training finish time is 2026-01-26 01:59:52
2026-01-26 01:09:22,479 - easytorch-training - INFO - Epoch 283 / 300
2026-01-26 01:11:12,231 - easytorch-training - INFO - Result <train>: [train_time: 109.75 (s), lr: 6.25e-05, train_MAE: 11.8079, train_RMSE: 19.9695, train_MAPE: 7.9498]
2026-01-26 01:11:12,232 - easytorch-training - INFO - Start validation.
2026-01-26 01:11:26,490 - easytorch-training - INFO - Result <val>: [val_time: 14.26 (s), val_MAE: 13.5187, val_RMSE: 23.2093, val_MAPE: 10.0801]
2026-01-26 01:11:39,853 - easytorch-training - INFO - Evaluate best model on test data for horizon 1, Test MAE: 11.6625, Test RMSE: 19.4191, Test MAPE: 7.6065
2026-01-26 01:11:39,867 - easytorch-training - INFO - Evaluate best model on test data for horizon 2, Test MAE: 12.2360, Test RMSE: 20.7129, Test MAPE: 7.9422
2026-01-26 01:11:39,881 - easytorch-training - INFO - Evaluate best model on test data for horizon 3, Test MAE: 12.7014, Test RMSE: 21.8011, Test MAPE: 8.2146
2026-01-26 01:11:39,894 - easytorch-training - INFO - Evaluate best model on test data for horizon 4, Test MAE: 13.0722, Test RMSE: 22.6535, Test MAPE: 8.4042
2026-01-26 01:11:39,908 - easytorch-training - INFO - Evaluate best model on test data for horizon 5, Test MAE: 13.3790, Test RMSE: 23.3515, Test MAPE: 8.6384
2026-01-26 01:11:39,920 - easytorch-training - INFO - Evaluate best model on test data for horizon 6, Test MAE: 13.6344, Test RMSE: 23.9797, Test MAPE: 8.8120
2026-01-26 01:11:39,924 - easytorch-training - INFO - Evaluate best model on test data for horizon 7, Test MAE: 13.8928, Test RMSE: 24.5113, Test MAPE: 8.9487
2026-01-26 01:11:39,932 - easytorch-training - INFO - Evaluate best model on test data for horizon 8, Test MAE: 14.1361, Test RMSE: 25.0047, Test MAPE: 9.1736
2026-01-26 01:11:39,943 - easytorch-training - INFO - Evaluate best model on test data for horizon 9, Test MAE: 14.3416, Test RMSE: 25.4069, Test MAPE: 9.2447
2026-01-26 01:11:39,957 - easytorch-training - INFO - Evaluate best model on test data for horizon 10, Test MAE: 14.5571, Test RMSE: 25.7762, Test MAPE: 9.4516
2026-01-26 01:11:39,971 - easytorch-training - INFO - Evaluate best model on test data for horizon 11, Test MAE: 14.7318, Test RMSE: 26.0873, Test MAPE: 9.5221
2026-01-26 01:11:39,985 - easytorch-training - INFO - Evaluate best model on test data for horizon 12, Test MAE: 14.9002, Test RMSE: 26.3140, Test MAPE: 9.6714
2026-01-26 01:11:40,002 - easytorch-training - INFO - Result <test>: [test_time: 13.51 (s), test_MAE: 13.6038, test_RMSE: 23.8465, test_MAPE: 8.8025]
2026-01-26 01:11:40,430 - easytorch-training - INFO - Checkpoint checkpoints/STMAFNet_300/21afeca3ffc10cdf4e90589d029b0e70/STMAFNet_283.pt saved
2026-01-26 01:11:40,431 - easytorch-training - INFO - The estimated training finish time is 2026-01-26 01:59:20
2026-01-26 01:11:40,431 - easytorch-training - INFO - Epoch 284 / 300
2026-01-26 01:13:28,932 - easytorch-training - INFO - Result <train>: [train_time: 108.50 (s), lr: 6.25e-05, train_MAE: 11.8070, train_RMSE: 19.9598, train_MAPE: 7.9542]
2026-01-26 01:13:28,934 - easytorch-training - INFO - Start validation.
2026-01-26 01:13:43,223 - easytorch-training - INFO - Result <val>: [val_time: 14.29 (s), val_MAE: 13.5238, val_RMSE: 23.1986, val_MAPE: 10.0823]
2026-01-26 01:13:56,608 - easytorch-training - INFO - Evaluate best model on test data for horizon 1, Test MAE: 11.6628, Test RMSE: 19.4015, Test MAPE: 7.5916
2026-01-26 01:13:56,622 - easytorch-training - INFO - Evaluate best model on test data for horizon 2, Test MAE: 12.2650, Test RMSE: 20.7802, Test MAPE: 8.1133
2026-01-26 01:13:56,636 - easytorch-training - INFO - Evaluate best model on test data for horizon 3, Test MAE: 12.7303, Test RMSE: 21.9086, Test MAPE: 8.3636
2026-01-26 01:13:56,647 - easytorch-training - INFO - Evaluate best model on test data for horizon 4, Test MAE: 13.0790, Test RMSE: 22.7265, Test MAPE: 8.4653
2026-01-26 01:13:56,659 - easytorch-training - INFO - Evaluate best model on test data for horizon 5, Test MAE: 13.3926, Test RMSE: 23.4444, Test MAPE: 8.6562
2026-01-26 01:13:56,673 - easytorch-training - INFO - Evaluate best model on test data for horizon 6, Test MAE: 13.6575, Test RMSE: 24.0244, Test MAPE: 8.8465
2026-01-26 01:13:56,681 - easytorch-training - INFO - Evaluate best model on test data for horizon 7, Test MAE: 13.9151, Test RMSE: 24.5475, Test MAPE: 8.9422
2026-01-26 01:13:56,695 - easytorch-training - INFO - Evaluate best model on test data for horizon 8, Test MAE: 14.1584, Test RMSE: 25.0236, Test MAPE: 9.1322
2026-01-26 01:13:56,709 - easytorch-training - INFO - Evaluate best model on test data for horizon 9, Test MAE: 14.3783, Test RMSE: 25.4276, Test MAPE: 9.2266
2026-01-26 01:13:56,723 - easytorch-training - INFO - Evaluate best model on test data for horizon 10, Test MAE: 14.5401, Test RMSE: 25.7289, Test MAPE: 9.3407
2026-01-26 01:13:56,737 - easytorch-training - INFO - Evaluate best model on test data for horizon 11, Test MAE: 14.7334, Test RMSE: 26.0508, Test MAPE: 9.4756
2026-01-26 01:13:56,748 - easytorch-training - INFO - Evaluate best model on test data for horizon 12, Test MAE: 14.9299, Test RMSE: 26.2878, Test MAPE: 9.5952
2026-01-26 01:13:56,759 - easytorch-training - INFO - Result <test>: [test_time: 13.53 (s), test_MAE: 13.6202, test_RMSE: 23.8721, test_MAPE: 8.8124]
2026-01-26 01:13:57,096 - easytorch-training - INFO - Checkpoint checkpoints/STMAFNet_300/21afeca3ffc10cdf4e90589d029b0e70/STMAFNet_284.pt saved
2026-01-26 01:13:57,097 - easytorch-training - INFO - The estimated training finish time is 2026-01-26 01:58:47
2026-01-26 01:13:57,098 - easytorch-training - INFO - Epoch 285 / 300
2026-01-26 01:15:45,691 - easytorch-training - INFO - Result <train>: [train_time: 108.59 (s), lr: 6.25e-05, train_MAE: 11.8042, train_RMSE: 19.9546, train_MAPE: 7.9493]
2026-01-26 01:15:45,692 - easytorch-training - INFO - Start validation.
2026-01-26 01:15:59,992 - easytorch-training - INFO - Result <val>: [val_time: 14.30 (s), val_MAE: 13.5098, val_RMSE: 23.1583, val_MAPE: 10.2861]
2026-01-26 01:16:13,402 - easytorch-training - INFO - Evaluate best model on test data for horizon 1, Test MAE: 11.6709, Test RMSE: 19.4070, Test MAPE: 7.8810
2026-01-26 01:16:13,416 - easytorch-training - INFO - Evaluate best model on test data for horizon 2, Test MAE: 12.2625, Test RMSE: 20.7195, Test MAPE: 8.2617
2026-01-26 01:16:13,430 - easytorch-training - INFO - Evaluate best model on test data for horizon 3, Test MAE: 12.7168, Test RMSE: 21.7564, Test MAPE: 8.4347
2026-01-26 01:16:13,444 - easytorch-training - INFO - Evaluate best model on test data for horizon 4, Test MAE: 13.0889, Test RMSE: 22.6055, Test MAPE: 8.7778
2026-01-26 01:16:13,458 - easytorch-training - INFO - Evaluate best model on test data for horizon 5, Test MAE: 13.4125, Test RMSE: 23.3280, Test MAPE: 8.9093
2026-01-26 01:16:13,472 - easytorch-training - INFO - Evaluate best model on test data for horizon 6, Test MAE: 13.6672, Test RMSE: 23.9370, Test MAPE: 8.9474
2026-01-26 01:16:13,486 - easytorch-training - INFO - Evaluate best model on test data for horizon 7, Test MAE: 13.9163, Test RMSE: 24.4339, Test MAPE: 9.1015
2026-01-26 01:16:13,500 - easytorch-training - INFO - Evaluate best model on test data for horizon 8, Test MAE: 14.1494, Test RMSE: 24.8932, Test MAPE: 9.3233
2026-01-26 01:16:13,514 - easytorch-training - INFO - Evaluate best model on test data for horizon 9, Test MAE: 14.3621, Test RMSE: 25.2983, Test MAPE: 9.4114
2026-01-26 01:16:13,528 - easytorch-training - INFO - Evaluate best model on test data for horizon 10, Test MAE: 14.5418, Test RMSE: 25.6221, Test MAPE: 9.6030
2026-01-26 01:16:13,540 - easytorch-training - INFO - Evaluate best model on test data for horizon 11, Test MAE: 14.7272, Test RMSE: 25.9670, Test MAPE: 9.5541
2026-01-26 01:16:13,541 - easytorch-training - INFO - Evaluate best model on test data for horizon 12, Test MAE: 14.9166, Test RMSE: 26.2107, Test MAPE: 9.8137
2026-01-26 01:16:13,558 - easytorch-training - INFO - Result <test>: [test_time: 13.57 (s), test_MAE: 13.6193, test_RMSE: 23.7731, test_MAPE: 9.0016]
2026-01-26 01:16:13,896 - easytorch-training - INFO - Checkpoint checkpoints/STMAFNet_300/21afeca3ffc10cdf4e90589d029b0e70/STMAFNet_285.pt saved
2026-01-26 01:16:13,897 - easytorch-training - INFO - The estimated training finish time is 2026-01-26 01:58:14
2026-01-26 01:16:13,897 - easytorch-training - INFO - Epoch 286 / 300
2026-01-26 01:18:02,459 - easytorch-training - INFO - Result <train>: [train_time: 108.56 (s), lr: 6.25e-05, train_MAE: 11.7983, train_RMSE: 19.9508, train_MAPE: 7.9460]
2026-01-26 01:18:02,460 - easytorch-training - INFO - Start validation.
2026-01-26 01:18:16,792 - easytorch-training - INFO - Result <val>: [val_time: 14.33 (s), val_MAE: 13.5061, val_RMSE: 23.1132, val_MAPE: 9.9058]
2026-01-26 01:18:30,185 - easytorch-training - INFO - Evaluate best model on test data for horizon 1, Test MAE: 11.6742, Test RMSE: 19.3922, Test MAPE: 7.5574
2026-01-26 01:18:30,199 - easytorch-training - INFO - Evaluate best model on test data for horizon 2, Test MAE: 12.2371, Test RMSE: 20.6563, Test MAPE: 7.8780
2026-01-26 01:18:30,213 - easytorch-training - INFO - Evaluate best model on test data for horizon 3, Test MAE: 12.6903, Test RMSE: 21.6918, Test MAPE: 8.1223
2026-01-26 01:18:30,227 - easytorch-training - INFO - Evaluate best model on test data for horizon 4, Test MAE: 13.0606, Test RMSE: 22.5036, Test MAPE: 8.3622
2026-01-26 01:18:30,241 - easytorch-training - INFO - Evaluate best model on test data for horizon 5, Test MAE: 13.3644, Test RMSE: 23.2169, Test MAPE: 8.5828
2026-01-26 01:18:30,251 - easytorch-training - INFO - Evaluate best model on test data for horizon 6, Test MAE: 13.6123, Test RMSE: 23.7952, Test MAPE: 8.7513
2026-01-26 01:18:30,258 - easytorch-training - INFO - Evaluate best model on test data for horizon 7, Test MAE: 13.8841, Test RMSE: 24.3353, Test MAPE: 8.9112
2026-01-26 01:18:30,270 - easytorch-training - INFO - Evaluate best model on test data for horizon 8, Test MAE: 14.1219, Test RMSE: 24.8202, Test MAPE: 9.0701
2026-01-26 01:18:30,284 - easytorch-training - INFO - Evaluate best model on test data for horizon 9, Test MAE: 14.3180, Test RMSE: 25.2367, Test MAPE: 9.1843
2026-01-26 01:18:30,298 - easytorch-training - INFO - Evaluate best model on test data for horizon 10, Test MAE: 14.5145, Test RMSE: 25.6260, Test MAPE: 9.3088
2026-01-26 01:18:30,312 - easytorch-training - INFO - Evaluate best model on test data for horizon 11, Test MAE: 14.6840, Test RMSE: 25.9141, Test MAPE: 9.4327
2026-01-26 01:18:30,323 - easytorch-training - INFO - Evaluate best model on test data for horizon 12, Test MAE: 14.8522, Test RMSE: 26.1432, Test MAPE: 9.6325
2026-01-26 01:18:30,338 - easytorch-training - INFO - Result <test>: [test_time: 13.54 (s), test_MAE: 13.5845, test_RMSE: 23.7026, test_MAPE: 8.7328]
2026-01-26 01:18:30,674 - easytorch-training - INFO - Checkpoint checkpoints/STMAFNet_300/21afeca3ffc10cdf4e90589d029b0e70/STMAFNet_286.pt saved
2026-01-26 01:18:30,675 - easytorch-training - INFO - The estimated training finish time is 2026-01-26 01:57:41
2026-01-26 01:18:30,675 - easytorch-training - INFO - Epoch 287 / 300
2026-01-26 01:20:19,209 - easytorch-training - INFO - Result <train>: [train_time: 108.53 (s), lr: 6.25e-05, train_MAE: 11.7955, train_RMSE: 19.9481, train_MAPE: 7.9433]
2026-01-26 01:20:19,210 - easytorch-training - INFO - Start validation.
2026-01-26 01:20:33,517 - easytorch-training - INFO - Result <val>: [val_time: 14.31 (s), val_MAE: 13.5144, val_RMSE: 23.1562, val_MAPE: 10.0805]
2026-01-26 01:20:46,867 - easytorch-training - INFO - Evaluate best model on test data for horizon 1, Test MAE: 11.6538, Test RMSE: 19.3905, Test MAPE: 7.5950
2026-01-26 01:20:46,879 - easytorch-training - INFO - Evaluate best model on test data for horizon 2, Test MAE: 12.2521, Test RMSE: 20.7057, Test MAPE: 7.9759
2026-01-26 01:20:46,893 - easytorch-training - INFO - Evaluate best model on test data for horizon 3, Test MAE: 12.6935, Test RMSE: 21.7388, Test MAPE: 8.1910
2026-01-26 01:20:46,907 - easytorch-training - INFO - Evaluate best model on test data for horizon 4, Test MAE: 13.0733, Test RMSE: 22.5729, Test MAPE: 8.4840
2026-01-26 01:20:46,918 - easytorch-training - INFO - Evaluate best model on test data for horizon 5, Test MAE: 13.3932, Test RMSE: 23.2896, Test MAPE: 8.7219
2026-01-26 01:20:46,926 - easytorch-training - INFO - Evaluate best model on test data for horizon 6, Test MAE: 13.6454, Test RMSE: 23.8923, Test MAPE: 8.8517
2026-01-26 01:20:46,935 - easytorch-training - INFO - Evaluate best model on test data for horizon 7, Test MAE: 13.9119, Test RMSE: 24.4500, Test MAPE: 8.9773
2026-01-26 01:20:46,949 - easytorch-training - INFO - Evaluate best model on test data for horizon 8, Test MAE: 14.1521, Test RMSE: 24.9223, Test MAPE: 9.1471
2026-01-26 01:20:46,963 - easytorch-training - INFO - Evaluate best model on test data for horizon 9, Test MAE: 14.3743, Test RMSE: 25.3265, Test MAPE: 9.2245
2026-01-26 01:20:46,977 - easytorch-training - INFO - Evaluate best model on test data for horizon 10, Test MAE: 14.5527, Test RMSE: 25.6857, Test MAPE: 9.4023
2026-01-26 01:20:46,991 - easytorch-training - INFO - Evaluate best model on test data for horizon 11, Test MAE: 14.7320, Test RMSE: 25.9876, Test MAPE: 9.5442
2026-01-26 01:20:47,005 - easytorch-training - INFO - Evaluate best model on test data for horizon 12, Test MAE: 14.9091, Test RMSE: 26.2208, Test MAPE: 9.6719
2026-01-26 01:20:47,019 - easytorch-training - INFO - Result <test>: [test_time: 13.50 (s), test_MAE: 13.6119, test_RMSE: 23.7751, test_MAPE: 8.8156]
2026-01-26 01:20:47,439 - easytorch-training - INFO - Checkpoint checkpoints/STMAFNet_300/21afeca3ffc10cdf4e90589d029b0e70/STMAFNet_287.pt saved
2026-01-26 01:20:47,439 - easytorch-training - INFO - The estimated training finish time is 2026-01-26 01:57:08
2026-01-26 01:20:47,439 - easytorch-training - INFO - Epoch 288 / 300
2026-01-26 01:22:36,676 - easytorch-training - INFO - Result <train>: [train_time: 109.24 (s), lr: 6.25e-05, train_MAE: 11.7918, train_RMSE: 19.9437, train_MAPE: 7.9432]
2026-01-26 01:22:36,678 - easytorch-training - INFO - Start validation.
2026-01-26 01:22:50,572 - easytorch-training - INFO - Result <val>: [val_time: 13.89 (s), val_MAE: 13.4954, val_RMSE: 23.1155, val_MAPE: 10.0296]
2026-01-26 01:23:03,497 - easytorch-training - INFO - Evaluate best model on test data for horizon 1, Test MAE: 11.6765, Test RMSE: 19.4347, Test MAPE: 7.7751
2026-01-26 01:23:03,511 - easytorch-training - INFO - Evaluate best model on test data for horizon 2, Test MAE: 12.2420, Test RMSE: 20.7235, Test MAPE: 7.9295
2026-01-26 01:23:03,525 - easytorch-training - INFO - Evaluate best model on test data for horizon 3, Test MAE: 12.7115, Test RMSE: 21.7668, Test MAPE: 8.3236
2026-01-26 01:23:03,538 - easytorch-training - INFO - Evaluate best model on test data for horizon 4, Test MAE: 13.0540, Test RMSE: 22.5867, Test MAPE: 8.3919
2026-01-26 01:23:03,548 - easytorch-training - INFO - Evaluate best model on test data for horizon 5, Test MAE: 13.3716, Test RMSE: 23.2800, Test MAPE: 8.7503
2026-01-26 01:23:03,561 - easytorch-training - INFO - Evaluate best model on test data for horizon 6, Test MAE: 13.6401, Test RMSE: 23.9089, Test MAPE: 8.8186
2026-01-26 01:23:03,571 - easytorch-training - INFO - Evaluate best model on test data for horizon 7, Test MAE: 13.8818, Test RMSE: 24.4260, Test MAPE: 8.9098
2026-01-26 01:23:03,579 - easytorch-training - INFO - Evaluate best model on test data for horizon 8, Test MAE: 14.1371, Test RMSE: 24.9164, Test MAPE: 9.0952
2026-01-26 01:23:03,589 - easytorch-training - INFO - Evaluate best model on test data for horizon 9, Test MAE: 14.3453, Test RMSE: 25.3152, Test MAPE: 9.2724
2026-01-26 01:23:03,603 - easytorch-training - INFO - Evaluate best model on test data for horizon 10, Test MAE: 14.5261, Test RMSE: 25.6453, Test MAPE: 9.3442
2026-01-26 01:23:03,617 - easytorch-training - INFO - Evaluate best model on test data for horizon 11, Test MAE: 14.7082, Test RMSE: 25.9498, Test MAPE: 9.4943
2026-01-26 01:23:03,631 - easytorch-training - INFO - Evaluate best model on test data for horizon 12, Test MAE: 14.9047, Test RMSE: 26.1986, Test MAPE: 9.6292
2026-01-26 01:23:03,641 - easytorch-training - INFO - Result <test>: [test_time: 13.07 (s), test_MAE: 13.5999, test_RMSE: 23.7706, test_MAPE: 8.8112]
2026-01-26 01:23:03,977 - easytorch-training - INFO - Checkpoint checkpoints/STMAFNet_300/21afeca3ffc10cdf4e90589d029b0e70/STMAFNet_288.pt saved
2026-01-26 01:23:03,978 - easytorch-training - INFO - The estimated training finish time is 2026-01-26 01:56:36
2026-01-26 01:23:03,978 - easytorch-training - INFO - Epoch 289 / 300
2026-01-26 01:24:54,073 - easytorch-training - INFO - Result <train>: [train_time: 110.09 (s), lr: 6.25e-05, train_MAE: 11.7876, train_RMSE: 19.9257, train_MAPE: 7.9395]
2026-01-26 01:24:54,074 - easytorch-training - INFO - Start validation.
2026-01-26 01:25:08,038 - easytorch-training - INFO - Result <val>: [val_time: 13.96 (s), val_MAE: 13.5097, val_RMSE: 23.1199, val_MAPE: 10.0033]
2026-01-26 01:25:20,851 - easytorch-training - INFO - Evaluate best model on test data for horizon 1, Test MAE: 11.6869, Test RMSE: 19.4132, Test MAPE: 7.5894
2026-01-26 01:25:20,858 - easytorch-training - INFO - Evaluate best model on test data for horizon 2, Test MAE: 12.2514, Test RMSE: 20.6986, Test MAPE: 7.9023
2026-01-26 01:25:20,872 - easytorch-training - INFO - Evaluate best model on test data for horizon 3, Test MAE: 12.7048, Test RMSE: 21.7432, Test MAPE: 8.1509
2026-01-26 01:25:20,886 - easytorch-training - INFO - Evaluate best model on test data for horizon 4, Test MAE: 13.0763, Test RMSE: 22.5864, Test MAPE: 8.3975
2026-01-26 01:25:20,900 - easytorch-training - INFO - Evaluate best model on test data for horizon 5, Test MAE: 13.3898, Test RMSE: 23.2976, Test MAPE: 8.6315
2026-01-26 01:25:20,914 - easytorch-training - INFO - Evaluate best model on test data for horizon 6, Test MAE: 13.6509, Test RMSE: 23.8968, Test MAPE: 8.7932
2026-01-26 01:25:20,924 - easytorch-training - INFO - Evaluate best model on test data for horizon 7, Test MAE: 13.9187, Test RMSE: 24.4377, Test MAPE: 8.9563
2026-01-26 01:25:20,932 - easytorch-training - INFO - Evaluate best model on test data for horizon 8, Test MAE: 14.1429, Test RMSE: 24.9221, Test MAPE: 9.1244
2026-01-26 01:25:20,939 - easytorch-training - INFO - Evaluate best model on test data for horizon 9, Test MAE: 14.3590, Test RMSE: 25.3527, Test MAPE: 9.2637
2026-01-26 01:25:20,946 - easytorch-training - INFO - Evaluate best model on test data for horizon 10, Test MAE: 14.5407, Test RMSE: 25.6738, Test MAPE: 9.4157
2026-01-26 01:25:20,960 - easytorch-training - INFO - Evaluate best model on test data for horizon 11, Test MAE: 14.7283, Test RMSE: 25.9886, Test MAPE: 9.5153
2026-01-26 01:25:20,974 - easytorch-training - INFO - Evaluate best model on test data for horizon 12, Test MAE: 14.9178, Test RMSE: 26.2329, Test MAPE: 9.7077
2026-01-26 01:25:20,992 - easytorch-training - INFO - Result <test>: [test_time: 12.95 (s), test_MAE: 13.6140, test_RMSE: 23.7800, test_MAPE: 8.7873]
2026-01-26 01:25:21,445 - easytorch-training - INFO - Checkpoint checkpoints/STMAFNet_300/21afeca3ffc10cdf4e90589d029b0e70/STMAFNet_289.pt saved
2026-01-26 01:25:21,446 - easytorch-training - INFO - The estimated training finish time is 2026-01-26 01:56:04
2026-01-26 01:25:21,446 - easytorch-training - INFO - Epoch 290 / 300
2026-01-26 01:27:11,240 - easytorch-training - INFO - Result <train>: [train_time: 109.79 (s), lr: 6.25e-05, train_MAE: 11.7874, train_RMSE: 19.9292, train_MAPE: 7.9368]
2026-01-26 01:27:11,242 - easytorch-training - INFO - Start validation.
2026-01-26 01:27:25,200 - easytorch-training - INFO - Result <val>: [val_time: 13.96 (s), val_MAE: 13.4896, val_RMSE: 23.1276, val_MAPE: 10.0116]
2026-01-26 01:27:38,593 - easytorch-training - INFO - Evaluate best model on test data for horizon 1, Test MAE: 11.6656, Test RMSE: 19.3780, Test MAPE: 7.9553
2026-01-26 01:27:38,607 - easytorch-training - INFO - Evaluate best model on test data for horizon 2, Test MAE: 12.2559, Test RMSE: 20.6780, Test MAPE: 8.3107
2026-01-26 01:27:38,614 - easytorch-training - INFO - Evaluate best model on test data for horizon 3, Test MAE: 12.7044, Test RMSE: 21.7163, Test MAPE: 8.3374
2026-01-26 01:27:38,622 - easytorch-training - INFO - Evaluate best model on test data for horizon 4, Test MAE: 13.0800, Test RMSE: 22.5454, Test MAPE: 8.5223
2026-01-26 01:27:38,636 - easytorch-training - INFO - Evaluate best model on test data for horizon 5, Test MAE: 13.4093, Test RMSE: 23.2721, Test MAPE: 8.7080
2026-01-26 01:27:38,650 - easytorch-training - INFO - Evaluate best model on test data for horizon 6, Test MAE: 13.6528, Test RMSE: 23.8744, Test MAPE: 8.8980
2026-01-26 01:27:38,664 - easytorch-training - INFO - Evaluate best model on test data for horizon 7, Test MAE: 13.9140, Test RMSE: 24.4435, Test MAPE: 8.9652
2026-01-26 01:27:38,678 - easytorch-training - INFO - Evaluate best model on test data for horizon 8, Test MAE: 14.1528, Test RMSE: 24.9644, Test MAPE: 9.0903
2026-01-26 01:27:38,692 - easytorch-training - INFO - Evaluate best model on test data for horizon 9, Test MAE: 14.3440, Test RMSE: 25.3230, Test MAPE: 9.2903
2026-01-26 01:27:38,706 - easytorch-training - INFO - Evaluate best model on test data for horizon 10, Test MAE: 14.5384, Test RMSE: 25.6554, Test MAPE: 9.3535
2026-01-26 01:27:38,719 - easytorch-training - INFO - Evaluate best model on test data for horizon 11, Test MAE: 14.7108, Test RMSE: 25.9409, Test MAPE: 9.5024
2026-01-26 01:27:38,728 - easytorch-training - INFO - Evaluate best model on test data for horizon 12, Test MAE: 14.8922, Test RMSE: 26.1736, Test MAPE: 9.6044
2026-01-26 01:27:38,745 - easytorch-training - INFO - Result <test>: [test_time: 13.54 (s), test_MAE: 13.6100, test_RMSE: 23.7569, test_MAPE: 8.8781]
2026-01-26 01:27:39,083 - easytorch-training - INFO - Checkpoint checkpoints/STMAFNet_300/21afeca3ffc10cdf4e90589d029b0e70/STMAFNet_290.pt saved
2026-01-26 01:27:39,113 - easytorch-training - INFO - The estimated training finish time is 2026-01-26 01:55:33
2026-01-26 01:27:39,113 - easytorch-training - INFO - Epoch 291 / 300
2026-01-26 01:29:28,219 - easytorch-training - INFO - Result <train>: [train_time: 109.11 (s), lr: 6.25e-05, train_MAE: 11.7830, train_RMSE: 19.9225, train_MAPE: 7.9385]
2026-01-26 01:29:28,221 - easytorch-training - INFO - Start validation.
2026-01-26 01:29:41,793 - easytorch-training - INFO - Result <val>: [val_time: 13.57 (s), val_MAE: 13.5193, val_RMSE: 23.1666, val_MAPE: 9.9950]
2026-01-26 01:29:55,144 - easytorch-training - INFO - Evaluate best model on test data for horizon 1, Test MAE: 11.6783, Test RMSE: 19.4290, Test MAPE: 7.7843
2026-01-26 01:29:55,157 - easytorch-training - INFO - Evaluate best model on test data for horizon 2, Test MAE: 12.2562, Test RMSE: 20.7467, Test MAPE: 8.0338
2026-01-26 01:29:55,167 - easytorch-training - INFO - Evaluate best model on test data for horizon 3, Test MAE: 12.7228, Test RMSE: 21.7870, Test MAPE: 8.2127
2026-01-26 01:29:55,181 - easytorch-training - INFO - Evaluate best model on test data for horizon 4, Test MAE: 13.0958, Test RMSE: 22.5909, Test MAPE: 8.4604
2026-01-26 01:29:55,195 - easytorch-training - INFO - Evaluate best model on test data for horizon 5, Test MAE: 13.4082, Test RMSE: 23.3356, Test MAPE: 8.5941
2026-01-26 01:29:55,209 - easytorch-training - INFO - Evaluate best model on test data for horizon 6, Test MAE: 13.6776, Test RMSE: 23.9369, Test MAPE: 8.8232
2026-01-26 01:29:55,219 - easytorch-training - INFO - Evaluate best model on test data for horizon 7, Test MAE: 13.9339, Test RMSE: 24.4912, Test MAPE: 9.0306
2026-01-26 01:29:55,226 - easytorch-training - INFO - Evaluate best model on test data for horizon 8, Test MAE: 14.1675, Test RMSE: 25.0052, Test MAPE: 9.1139
2026-01-26 01:29:55,236 - easytorch-training - INFO - Evaluate best model on test data for horizon 9, Test MAE: 14.3822, Test RMSE: 25.4422, Test MAPE: 9.2794
2026-01-26 01:29:55,250 - easytorch-training - INFO - Evaluate best model on test data for horizon 10, Test MAE: 14.5480, Test RMSE: 25.7584, Test MAPE: 9.4598
2026-01-26 01:29:55,257 - easytorch-training - INFO - Evaluate best model on test data for horizon 11, Test MAE: 14.7343, Test RMSE: 26.0707, Test MAPE: 9.5738
2026-01-26 01:29:55,265 - easytorch-training - INFO - Evaluate best model on test data for horizon 12, Test MAE: 14.8961, Test RMSE: 26.2681, Test MAPE: 9.6744
2026-01-26 01:29:55,282 - easytorch-training - INFO - Result <test>: [test_time: 13.49 (s), test_MAE: 13.6251, test_RMSE: 23.8328, test_MAPE: 8.8367]
2026-01-26 01:29:55,705 - easytorch-training - INFO - Checkpoint checkpoints/STMAFNet_300/21afeca3ffc10cdf4e90589d029b0e70/STMAFNet_291.pt saved
2026-01-26 01:29:55,706 - easytorch-training - INFO - The estimated training finish time is 2026-01-26 01:55:02
2026-01-26 01:29:55,706 - easytorch-training - INFO - Epoch 292 / 300
2026-01-26 01:31:45,543 - easytorch-training - INFO - Result <train>: [train_time: 109.84 (s), lr: 6.25e-05, train_MAE: 11.7799, train_RMSE: 19.9040, train_MAPE: 7.9306]
2026-01-26 01:31:45,545 - easytorch-training - INFO - Start validation.
2026-01-26 01:31:59,103 - easytorch-training - INFO - Result <val>: [val_time: 13.56 (s), val_MAE: 13.5095, val_RMSE: 23.1608, val_MAPE: 10.0265]
2026-01-26 01:32:11,916 - easytorch-training - INFO - Evaluate best model on test data for horizon 1, Test MAE: 11.6726, Test RMSE: 19.4240, Test MAPE: 7.6638
2026-01-26 01:32:11,930 - easytorch-training - INFO - Evaluate best model on test data for horizon 2, Test MAE: 12.2518, Test RMSE: 20.7413, Test MAPE: 8.0113
2026-01-26 01:32:11,944 - easytorch-training - INFO - Evaluate best model on test data for horizon 3, Test MAE: 12.7033, Test RMSE: 21.7769, Test MAPE: 8.1758
2026-01-26 01:32:11,958 - easytorch-training - INFO - Evaluate best model on test data for horizon 4, Test MAE: 13.0780, Test RMSE: 22.6068, Test MAPE: 8.4102
2026-01-26 01:32:11,966 - easytorch-training - INFO - Evaluate best model on test data for horizon 5, Test MAE: 13.3943, Test RMSE: 23.3159, Test MAPE: 8.6885
2026-01-26 01:32:11,980 - easytorch-training - INFO - Evaluate best model on test data for horizon 6, Test MAE: 13.6479, Test RMSE: 23.8927, Test MAPE: 8.8966
2026-01-26 01:32:11,988 - easytorch-training - INFO - Evaluate best model on test data for horizon 7, Test MAE: 13.9137, Test RMSE: 24.4120, Test MAPE: 8.9769
2026-01-26 01:32:11,995 - easytorch-training - INFO - Evaluate best model on test data for horizon 8, Test MAE: 14.1317, Test RMSE: 24.8527, Test MAPE: 9.1570
2026-01-26 01:32:12,009 - easytorch-training - INFO - Evaluate best model on test data for horizon 9, Test MAE: 14.3363, Test RMSE: 25.2485, Test MAPE: 9.2594
2026-01-26 01:32:12,023 - easytorch-training - INFO - Evaluate best model on test data for horizon 10, Test MAE: 14.5286, Test RMSE: 25.6148, Test MAPE: 9.3984
2026-01-26 01:32:12,037 - easytorch-training - INFO - Evaluate best model on test data for horizon 11, Test MAE: 14.7017, Test RMSE: 25.8951, Test MAPE: 9.5729
2026-01-26 01:32:12,051 - easytorch-training - INFO - Evaluate best model on test data for horizon 12, Test MAE: 14.8575, Test RMSE: 26.0877, Test MAPE: 9.7302
2026-01-26 01:32:12,064 - easytorch-training - INFO - Result <test>: [test_time: 12.96 (s), test_MAE: 13.6014, test_RMSE: 23.7445, test_MAPE: 8.8284]
2026-01-26 01:32:12,405 - easytorch-training - INFO - Checkpoint checkpoints/STMAFNet_300/21afeca3ffc10cdf4e90589d029b0e70/STMAFNet_292.pt saved
2026-01-26 01:32:12,406 - easytorch-training - INFO - The estimated training finish time is 2026-01-26 01:54:30
2026-01-26 01:32:12,406 - easytorch-training - INFO - Epoch 293 / 300
2026-01-26 01:34:02,451 - easytorch-training - INFO - Result <train>: [train_time: 110.04 (s), lr: 6.25e-05, train_MAE: 11.7739, train_RMSE: 19.8968, train_MAPE: 7.9326]
2026-01-26 01:34:02,452 - easytorch-training - INFO - Start validation.
2026-01-26 01:34:16,313 - easytorch-training - INFO - Result <val>: [val_time: 13.86 (s), val_MAE: 13.4738, val_RMSE: 23.0775, val_MAPE: 9.9519]
2026-01-26 01:34:29,166 - easytorch-training - INFO - Evaluate best model on test data for horizon 1, Test MAE: 11.6519, Test RMSE: 19.3731, Test MAPE: 7.6422
2026-01-26 01:34:29,176 - easytorch-training - INFO - Evaluate best model on test data for horizon 2, Test MAE: 12.2250, Test RMSE: 20.6601, Test MAPE: 7.9338
2026-01-26 01:34:29,181 - easytorch-training - INFO - Evaluate best model on test data for horizon 3, Test MAE: 12.6773, Test RMSE: 21.6828, Test MAPE: 8.2191
2026-01-26 01:34:29,195 - easytorch-training - INFO - Evaluate best model on test data for horizon 4, Test MAE: 13.0306, Test RMSE: 22.4941, Test MAPE: 8.3518
2026-01-26 01:34:29,209 - easytorch-training - INFO - Evaluate best model on test data for horizon 5, Test MAE: 13.3258, Test RMSE: 23.1700, Test MAPE: 8.5764
2026-01-26 01:34:29,223 - easytorch-training - INFO - Evaluate best model on test data for horizon 6, Test MAE: 13.6011, Test RMSE: 23.7386, Test MAPE: 8.7414
2026-01-26 01:34:29,237 - easytorch-training - INFO - Evaluate best model on test data for horizon 7, Test MAE: 13.8418, Test RMSE: 24.2756, Test MAPE: 8.9123
2026-01-26 01:34:29,251 - easytorch-training - INFO - Evaluate best model on test data for horizon 8, Test MAE: 14.0750, Test RMSE: 24.7675, Test MAPE: 9.0676
2026-01-26 01:34:29,265 - easytorch-training - INFO - Evaluate best model on test data for horizon 9, Test MAE: 14.2758, Test RMSE: 25.1412, Test MAPE: 9.2277
2026-01-26 01:34:29,273 - easytorch-training - INFO - Evaluate best model on test data for horizon 10, Test MAE: 14.4791, Test RMSE: 25.5028, Test MAPE: 9.3763
2026-01-26 01:34:29,276 - easytorch-training - INFO - Evaluate best model on test data for horizon 11, Test MAE: 14.6609, Test RMSE: 25.8249, Test MAPE: 9.4873
2026-01-26 01:34:29,284 - easytorch-training - INFO - Evaluate best model on test data for horizon 12, Test MAE: 14.8351, Test RMSE: 26.0778, Test MAPE: 9.6336
2026-01-26 01:34:29,296 - easytorch-training - INFO - Result <test>: [test_time: 12.98 (s), test_MAE: 13.5566, test_RMSE: 23.6482, test_MAPE: 8.7641]
2026-01-26 01:34:29,720 - easytorch-training - INFO - Checkpoint checkpoints/STMAFNet_300/21afeca3ffc10cdf4e90589d029b0e70/STMAFNet_293.pt saved
2026-01-26 01:34:29,721 - easytorch-training - INFO - The estimated training finish time is 2026-01-26 01:53:59
2026-01-26 01:34:29,721 - easytorch-training - INFO - Epoch 294 / 300
2026-01-26 01:36:19,251 - easytorch-training - INFO - Result <train>: [train_time: 109.53 (s), lr: 6.25e-05, train_MAE: 11.7720, train_RMSE: 19.8963, train_MAPE: 7.9336]
2026-01-26 01:36:19,253 - easytorch-training - INFO - Start validation.
2026-01-26 01:36:33,550 - easytorch-training - INFO - Result <val>: [val_time: 14.30 (s), val_MAE: 13.5349, val_RMSE: 23.1824, val_MAPE: 10.2778]
2026-01-26 01:36:46,461 - easytorch-training - INFO - Evaluate best model on test data for horizon 1, Test MAE: 11.6832, Test RMSE: 19.4124, Test MAPE: 7.7458
2026-01-26 01:36:46,475 - easytorch-training - INFO - Evaluate best model on test data for horizon 2, Test MAE: 12.2666, Test RMSE: 20.7302, Test MAPE: 8.1470
2026-01-26 01:36:46,489 - easytorch-training - INFO - Evaluate best model on test data for horizon 3, Test MAE: 12.7228, Test RMSE: 21.7767, Test MAPE: 8.4035
2026-01-26 01:36:46,497 - easytorch-training - INFO - Evaluate best model on test data for horizon 4, Test MAE: 13.0982, Test RMSE: 22.6166, Test MAPE: 8.6102
2026-01-26 01:36:46,505 - easytorch-training - INFO - Evaluate best model on test data for horizon 5, Test MAE: 13.4035, Test RMSE: 23.3377, Test MAPE: 8.7312
2026-01-26 01:36:46,507 - easytorch-training - INFO - Evaluate best model on test data for horizon 6, Test MAE: 13.6769, Test RMSE: 23.9520, Test MAPE: 9.0131
2026-01-26 01:36:46,508 - easytorch-training - INFO - Evaluate best model on test data for horizon 7, Test MAE: 13.9195, Test RMSE: 24.4941, Test MAPE: 9.0422
2026-01-26 01:36:46,510 - easytorch-training - INFO - Evaluate best model on test data for horizon 8, Test MAE: 14.1634, Test RMSE: 25.0052, Test MAPE: 9.1888
2026-01-26 01:36:46,522 - easytorch-training - INFO - Evaluate best model on test data for horizon 9, Test MAE: 14.3950, Test RMSE: 25.4127, Test MAPE: 9.4753
2026-01-26 01:36:46,536 - easytorch-training - INFO - Evaluate best model on test data for horizon 10, Test MAE: 14.5852, Test RMSE: 25.7676, Test MAPE: 9.5524
2026-01-26 01:36:46,550 - easytorch-training - INFO - Evaluate best model on test data for horizon 11, Test MAE: 14.7532, Test RMSE: 26.0384, Test MAPE: 9.6639
2026-01-26 01:36:46,564 - easytorch-training - INFO - Evaluate best model on test data for horizon 12, Test MAE: 14.9505, Test RMSE: 26.2750, Test MAPE: 9.9855
2026-01-26 01:36:46,581 - easytorch-training - INFO - Result <test>: [test_time: 13.03 (s), test_MAE: 13.6348, test_RMSE: 23.8293, test_MAPE: 8.9632]
2026-01-26 01:36:46,934 - easytorch-training - INFO - Checkpoint checkpoints/STMAFNet_300/21afeca3ffc10cdf4e90589d029b0e70/STMAFNet_294.pt saved
2026-01-26 01:36:46,935 - easytorch-training - INFO - The estimated training finish time is 2026-01-26 01:53:29
2026-01-26 01:36:46,935 - easytorch-training - INFO - Epoch 295 / 300
2026-01-26 01:38:36,853 - easytorch-training - INFO - Result <train>: [train_time: 109.92 (s), lr: 6.25e-05, train_MAE: 11.7707, train_RMSE: 19.8847, train_MAPE: 7.9318]
2026-01-26 01:38:36,855 - easytorch-training - INFO - Start validation.
2026-01-26 01:38:50,793 - easytorch-training - INFO - Result <val>: [val_time: 13.94 (s), val_MAE: 13.5079, val_RMSE: 23.1623, val_MAPE: 9.9666]
2026-01-26 01:39:03,741 - easytorch-training - INFO - Evaluate best model on test data for horizon 1, Test MAE: 11.6728, Test RMSE: 19.4328, Test MAPE: 7.6111
2026-01-26 01:39:03,755 - easytorch-training - INFO - Evaluate best model on test data for horizon 2, Test MAE: 12.2367, Test RMSE: 20.7078, Test MAPE: 7.9175
2026-01-26 01:39:03,765 - easytorch-training - INFO - Evaluate best model on test data for horizon 3, Test MAE: 12.6816, Test RMSE: 21.6990, Test MAPE: 8.1711
2026-01-26 01:39:03,773 - easytorch-training - INFO - Evaluate best model on test data for horizon 4, Test MAE: 13.0625, Test RMSE: 22.5404, Test MAPE: 8.4353
2026-01-26 01:39:03,784 - easytorch-training - INFO - Evaluate best model on test data for horizon 5, Test MAE: 13.3700, Test RMSE: 23.2576, Test MAPE: 8.6488
2026-01-26 01:39:03,798 - easytorch-training - INFO - Evaluate best model on test data for horizon 6, Test MAE: 13.6275, Test RMSE: 23.8564, Test MAPE: 8.8033
2026-01-26 01:39:03,808 - easytorch-training - INFO - Evaluate best model on test data for horizon 7, Test MAE: 13.9071, Test RMSE: 24.4329, Test MAPE: 8.9841
2026-01-26 01:39:03,816 - easytorch-training - INFO - Evaluate best model on test data for horizon 8, Test MAE: 14.1468, Test RMSE: 24.9375, Test MAPE: 9.1530
2026-01-26 01:39:03,825 - easytorch-training - INFO - Evaluate best model on test data for horizon 9, Test MAE: 14.3535, Test RMSE: 25.3265, Test MAPE: 9.2722
2026-01-26 01:39:03,839 - easytorch-training - INFO - Evaluate best model on test data for horizon 10, Test MAE: 14.5327, Test RMSE: 25.6809, Test MAPE: 9.4176
2026-01-26 01:39:03,853 - easytorch-training - INFO - Evaluate best model on test data for horizon 11, Test MAE: 14.7104, Test RMSE: 25.9985, Test MAPE: 9.5513
2026-01-26 01:39:03,867 - easytorch-training - INFO - Evaluate best model on test data for horizon 12, Test MAE: 14.9101, Test RMSE: 26.2500, Test MAPE: 9.7408
2026-01-26 01:39:03,884 - easytorch-training - INFO - Result <test>: [test_time: 13.09 (s), test_MAE: 13.6010, test_RMSE: 23.7700, test_MAPE: 8.8088]
2026-01-26 01:39:04,310 - easytorch-training - INFO - Checkpoint checkpoints/STMAFNet_300/21afeca3ffc10cdf4e90589d029b0e70/STMAFNet_295.pt saved
2026-01-26 01:39:04,311 - easytorch-training - INFO - The estimated training finish time is 2026-01-26 01:52:59
2026-01-26 01:39:04,311 - easytorch-training - INFO - Epoch 296 / 300
2026-01-26 01:40:54,279 - easytorch-training - INFO - Result <train>: [train_time: 109.97 (s), lr: 6.25e-05, train_MAE: 11.7613, train_RMSE: 19.8685, train_MAPE: 7.9276]
2026-01-26 01:40:54,280 - easytorch-training - INFO - Start validation.
2026-01-26 01:41:08,249 - easytorch-training - INFO - Result <val>: [val_time: 13.97 (s), val_MAE: 13.5016, val_RMSE: 23.1170, val_MAPE: 9.9924]
2026-01-26 01:41:21,056 - easytorch-training - INFO - Evaluate best model on test data for horizon 1, Test MAE: 11.6811, Test RMSE: 19.4135, Test MAPE: 7.5723
2026-01-26 01:41:21,070 - easytorch-training - INFO - Evaluate best model on test data for horizon 2, Test MAE: 12.2518, Test RMSE: 20.7053, Test MAPE: 7.8928
2026-01-26 01:41:21,084 - easytorch-training - INFO - Evaluate best model on test data for horizon 3, Test MAE: 12.7041, Test RMSE: 21.7211, Test MAPE: 8.2496
2026-01-26 01:41:21,098 - easytorch-training - INFO - Evaluate best model on test data for horizon 4, Test MAE: 13.0755, Test RMSE: 22.5659, Test MAPE: 8.3880
2026-01-26 01:41:21,112 - easytorch-training - INFO - Evaluate best model on test data for horizon 5, Test MAE: 13.3836, Test RMSE: 23.2720, Test MAPE: 8.6067
2026-01-26 01:41:21,124 - easytorch-training - INFO - Evaluate best model on test data for horizon 6, Test MAE: 13.6487, Test RMSE: 23.8705, Test MAPE: 8.7856
2026-01-26 01:41:21,126 - easytorch-training - INFO - Evaluate best model on test data for horizon 7, Test MAE: 13.9012, Test RMSE: 24.3761, Test MAPE: 8.9186
2026-01-26 01:41:21,130 - easytorch-training - INFO - Evaluate best model on test data for horizon 8, Test MAE: 14.1276, Test RMSE: 24.8716, Test MAPE: 9.0905
2026-01-26 01:41:21,140 - easytorch-training - INFO - Evaluate best model on test data for horizon 9, Test MAE: 14.3459, Test RMSE: 25.2811, Test MAPE: 9.2402
2026-01-26 01:41:21,154 - easytorch-training - INFO - Evaluate best model on test data for horizon 10, Test MAE: 14.5262, Test RMSE: 25.6234, Test MAPE: 9.3775
2026-01-26 01:41:21,168 - easytorch-training - INFO - Evaluate best model on test data for horizon 11, Test MAE: 14.6922, Test RMSE: 25.9372, Test MAPE: 9.4857
2026-01-26 01:41:21,182 - easytorch-training - INFO - Evaluate best model on test data for horizon 12, Test MAE: 14.8806, Test RMSE: 26.1847, Test MAPE: 9.6377
2026-01-26 01:41:21,199 - easytorch-training - INFO - Result <test>: [test_time: 12.95 (s), test_MAE: 13.6015, test_RMSE: 23.7432, test_MAPE: 8.7704]
2026-01-26 01:41:21,538 - easytorch-training - INFO - Checkpoint checkpoints/STMAFNet_300/21afeca3ffc10cdf4e90589d029b0e70/STMAFNet_296.pt saved
2026-01-26 01:41:21,539 - easytorch-training - INFO - The estimated training finish time is 2026-01-26 01:52:28
2026-01-26 01:41:21,539 - easytorch-training - INFO - Epoch 297 / 300
2026-01-26 01:43:10,931 - easytorch-training - INFO - Result <train>: [train_time: 109.39 (s), lr: 6.25e-05, train_MAE: 11.7629, train_RMSE: 19.8791, train_MAPE: 7.9243]
2026-01-26 01:43:10,933 - easytorch-training - INFO - Start validation.
2026-01-26 01:43:25,266 - easytorch-training - INFO - Result <val>: [val_time: 14.33 (s), val_MAE: 13.5157, val_RMSE: 23.1944, val_MAPE: 10.0248]
2026-01-26 01:43:38,635 - easytorch-training - INFO - Evaluate best model on test data for horizon 1, Test MAE: 11.6795, Test RMSE: 19.4476, Test MAPE: 7.6080
2026-01-26 01:43:38,649 - easytorch-training - INFO - Evaluate best model on test data for horizon 2, Test MAE: 12.2709, Test RMSE: 20.7557, Test MAPE: 7.9668
2026-01-26 01:43:38,663 - easytorch-training - INFO - Evaluate best model on test data for horizon 3, Test MAE: 12.7195, Test RMSE: 21.8151, Test MAPE: 8.2151
2026-01-26 01:43:38,677 - easytorch-training - INFO - Evaluate best model on test data for horizon 4, Test MAE: 13.0906, Test RMSE: 22.6724, Test MAPE: 8.4163
2026-01-26 01:43:38,690 - easytorch-training - INFO - Evaluate best model on test data for horizon 5, Test MAE: 13.3891, Test RMSE: 23.3640, Test MAPE: 8.6469
2026-01-26 01:43:38,698 - easytorch-training - INFO - Evaluate best model on test data for horizon 6, Test MAE: 13.6676, Test RMSE: 23.9862, Test MAPE: 8.8359
2026-01-26 01:43:38,702 - easytorch-training - INFO - Evaluate best model on test data for horizon 7, Test MAE: 13.9228, Test RMSE: 24.4998, Test MAPE: 9.0349
2026-01-26 01:43:38,706 - easytorch-training - INFO - Evaluate best model on test data for horizon 8, Test MAE: 14.1553, Test RMSE: 24.9989, Test MAPE: 9.1514
2026-01-26 01:43:38,720 - easytorch-training - INFO - Evaluate best model on test data for horizon 9, Test MAE: 14.3833, Test RMSE: 25.4281, Test MAPE: 9.3169
2026-01-26 01:43:38,734 - easytorch-training - INFO - Evaluate best model on test data for horizon 10, Test MAE: 14.5752, Test RMSE: 25.8108, Test MAPE: 9.4550
2026-01-26 01:43:38,748 - easytorch-training - INFO - Evaluate best model on test data for horizon 11, Test MAE: 14.7520, Test RMSE: 26.1014, Test MAPE: 9.5881
2026-01-26 01:43:38,762 - easytorch-training - INFO - Evaluate best model on test data for horizon 12, Test MAE: 14.9300, Test RMSE: 26.3042, Test MAPE: 9.7350
2026-01-26 01:43:38,779 - easytorch-training - INFO - Result <test>: [test_time: 13.51 (s), test_MAE: 13.6280, test_RMSE: 23.8595, test_MAPE: 8.8309]
2026-01-26 01:43:39,204 - easytorch-training - INFO - Checkpoint checkpoints/STMAFNet_300/21afeca3ffc10cdf4e90589d029b0e70/STMAFNet_297.pt saved
2026-01-26 01:43:39,205 - easytorch-training - INFO - The estimated training finish time is 2026-01-26 01:51:59
2026-01-26 01:43:39,205 - easytorch-training - INFO - Epoch 298 / 300
2026-01-26 01:45:27,771 - easytorch-training - INFO - Result <train>: [train_time: 108.57 (s), lr: 6.25e-05, train_MAE: 11.7568, train_RMSE: 19.8636, train_MAPE: 7.9229]
2026-01-26 01:45:27,772 - easytorch-training - INFO - Start validation.
2026-01-26 01:45:42,011 - easytorch-training - INFO - Result <val>: [val_time: 14.24 (s), val_MAE: 13.5328, val_RMSE: 23.2089, val_MAPE: 10.0571]
2026-01-26 01:45:55,395 - easytorch-training - INFO - Evaluate best model on test data for horizon 1, Test MAE: 11.6981, Test RMSE: 19.4578, Test MAPE: 7.6516
2026-01-26 01:45:55,401 - easytorch-training - INFO - Evaluate best model on test data for horizon 2, Test MAE: 12.2772, Test RMSE: 20.7565, Test MAPE: 7.9737
2026-01-26 01:45:55,413 - easytorch-training - INFO - Evaluate best model on test data for horizon 3, Test MAE: 12.7350, Test RMSE: 21.8045, Test MAPE: 8.2409
2026-01-26 01:45:55,427 - easytorch-training - INFO - Evaluate best model on test data for horizon 4, Test MAE: 13.0925, Test RMSE: 22.6265, Test MAPE: 8.4641
2026-01-26 01:45:55,441 - easytorch-training - INFO - Evaluate best model on test data for horizon 5, Test MAE: 13.4315, Test RMSE: 23.3789, Test MAPE: 8.6580
2026-01-26 01:45:55,455 - easytorch-training - INFO - Evaluate best model on test data for horizon 6, Test MAE: 13.6827, Test RMSE: 23.9440, Test MAPE: 8.8924
2026-01-26 01:45:55,469 - easytorch-training - INFO - Evaluate best model on test data for horizon 7, Test MAE: 13.9410, Test RMSE: 24.4852, Test MAPE: 9.0134
2026-01-26 01:45:55,483 - easytorch-training - INFO - Evaluate best model on test data for horizon 8, Test MAE: 14.1755, Test RMSE: 24.9779, Test MAPE: 9.2341
2026-01-26 01:45:55,494 - easytorch-training - INFO - Evaluate best model on test data for horizon 9, Test MAE: 14.3862, Test RMSE: 25.3954, Test MAPE: 9.2698
2026-01-26 01:45:55,502 - easytorch-training - INFO - Evaluate best model on test data for horizon 10, Test MAE: 14.5945, Test RMSE: 25.7838, Test MAPE: 9.4160
2026-01-26 01:45:55,512 - easytorch-training - INFO - Evaluate best model on test data for horizon 11, Test MAE: 14.7754, Test RMSE: 26.0691, Test MAPE: 9.5429
2026-01-26 01:45:55,526 - easytorch-training - INFO - Evaluate best model on test data for horizon 12, Test MAE: 14.9428, Test RMSE: 26.3003, Test MAPE: 9.6788
2026-01-26 01:45:55,543 - easytorch-training - INFO - Result <test>: [test_time: 13.53 (s), test_MAE: 13.6444, test_RMSE: 23.8418, test_MAPE: 8.8363]
2026-01-26 01:45:55,881 - easytorch-training - INFO - Checkpoint checkpoints/STMAFNet_300/21afeca3ffc10cdf4e90589d029b0e70/STMAFNet_298.pt saved
2026-01-26 01:45:55,882 - easytorch-training - INFO - The estimated training finish time is 2026-01-26 01:51:29
2026-01-26 01:45:55,882 - easytorch-training - INFO - Epoch 299 / 300
2026-01-26 01:47:44,467 - easytorch-training - INFO - Result <train>: [train_time: 108.59 (s), lr: 6.25e-05, train_MAE: 11.7529, train_RMSE: 19.8534, train_MAPE: 7.9333]
2026-01-26 01:47:44,468 - easytorch-training - INFO - Start validation.
2026-01-26 01:47:58,702 - easytorch-training - INFO - Result <val>: [val_time: 14.23 (s), val_MAE: 13.5644, val_RMSE: 23.2382, val_MAPE: 10.0391]
2026-01-26 01:48:12,079 - easytorch-training - INFO - Evaluate best model on test data for horizon 1, Test MAE: 11.6897, Test RMSE: 19.4368, Test MAPE: 7.6466
2026-01-26 01:48:12,089 - easytorch-training - INFO - Evaluate best model on test data for horizon 2, Test MAE: 12.2806, Test RMSE: 20.7528, Test MAPE: 7.9713
2026-01-26 01:48:12,103 - easytorch-training - INFO - Evaluate best model on test data for horizon 3, Test MAE: 12.7337, Test RMSE: 21.7721, Test MAPE: 8.1859
2026-01-26 01:48:12,117 - easytorch-training - INFO - Evaluate best model on test data for horizon 4, Test MAE: 13.1295, Test RMSE: 22.6385, Test MAPE: 8.4155
2026-01-26 01:48:12,131 - easytorch-training - INFO - Evaluate best model on test data for horizon 5, Test MAE: 13.4329, Test RMSE: 23.3553, Test MAPE: 8.6397
2026-01-26 01:48:12,144 - easytorch-training - INFO - Evaluate best model on test data for horizon 6, Test MAE: 13.7178, Test RMSE: 24.0019, Test MAPE: 8.8162
2026-01-26 01:48:12,154 - easytorch-training - INFO - Evaluate best model on test data for horizon 7, Test MAE: 13.9852, Test RMSE: 24.5390, Test MAPE: 8.9718
2026-01-26 01:48:12,167 - easytorch-training - INFO - Evaluate best model on test data for horizon 8, Test MAE: 14.2306, Test RMSE: 25.0352, Test MAPE: 9.1518
2026-01-26 01:48:12,181 - easytorch-training - INFO - Evaluate best model on test data for horizon 9, Test MAE: 14.4563, Test RMSE: 25.4933, Test MAPE: 9.3277
2026-01-26 01:48:12,195 - easytorch-training - INFO - Evaluate best model on test data for horizon 10, Test MAE: 14.6272, Test RMSE: 25.8247, Test MAPE: 9.4439
2026-01-26 01:48:12,209 - easytorch-training - INFO - Evaluate best model on test data for horizon 11, Test MAE: 14.8356, Test RMSE: 26.1727, Test MAPE: 9.6410
2026-01-26 01:48:12,223 - easytorch-training - INFO - Evaluate best model on test data for horizon 12, Test MAE: 15.0210, Test RMSE: 26.4299, Test MAPE: 9.8092
2026-01-26 01:48:12,240 - easytorch-training - INFO - Result <test>: [test_time: 13.54 (s), test_MAE: 13.6783, test_RMSE: 23.8849, test_MAPE: 8.8350]
2026-01-26 01:48:12,667 - easytorch-training - INFO - Checkpoint checkpoints/STMAFNet_300/21afeca3ffc10cdf4e90589d029b0e70/STMAFNet_299.pt saved
2026-01-26 01:48:12,668 - easytorch-training - INFO - The estimated training finish time is 2026-01-26 01:50:59
2026-01-26 01:48:12,668 - easytorch-training - INFO - Epoch 300 / 300
2026-01-26 01:50:01,213 - easytorch-training - INFO - Result <train>: [train_time: 108.54 (s), lr: 6.25e-05, train_MAE: 11.7506, train_RMSE: 19.8442, train_MAPE: 7.9321]
2026-01-26 01:50:01,215 - easytorch-training - INFO - Start validation.
2026-01-26 01:50:15,549 - easytorch-training - INFO - Result <val>: [val_time: 14.33 (s), val_MAE: 13.5247, val_RMSE: 23.1851, val_MAPE: 10.2239]
2026-01-26 01:50:28,915 - easytorch-training - INFO - Evaluate best model on test data for horizon 1, Test MAE: 11.7048, Test RMSE: 19.4476, Test MAPE: 7.7556
2026-01-26 01:50:28,925 - easytorch-training - INFO - Evaluate best model on test data for horizon 2, Test MAE: 12.2740, Test RMSE: 20.7537, Test MAPE: 8.0017
2026-01-26 01:50:28,939 - easytorch-training - INFO - Evaluate best model on test data for horizon 3, Test MAE: 12.7268, Test RMSE: 21.7849, Test MAPE: 8.2835
2026-01-26 01:50:28,952 - easytorch-training - INFO - Evaluate best model on test data for horizon 4, Test MAE: 13.1033, Test RMSE: 22.6360, Test MAPE: 8.4852
2026-01-26 01:50:28,960 - easytorch-training - INFO - Evaluate best model on test data for horizon 5, Test MAE: 13.4165, Test RMSE: 23.3321, Test MAPE: 8.7359
2026-01-26 01:50:28,968 - easytorch-training - INFO - Evaluate best model on test data for horizon 6, Test MAE: 13.6892, Test RMSE: 23.9214, Test MAPE: 8.9670
2026-01-26 01:50:28,981 - easytorch-training - INFO - Evaluate best model on test data for horizon 7, Test MAE: 13.9374, Test RMSE: 24.4549, Test MAPE: 9.0116
2026-01-26 01:50:28,995 - easytorch-training - INFO - Evaluate best model on test data for horizon 8, Test MAE: 14.1768, Test RMSE: 24.9573, Test MAPE: 9.1662
2026-01-26 01:50:29,009 - easytorch-training - INFO - Evaluate best model on test data for horizon 9, Test MAE: 14.3965, Test RMSE: 25.3387, Test MAPE: 9.5697
2026-01-26 01:50:29,023 - easytorch-training - INFO - Evaluate best model on test data for horizon 10, Test MAE: 14.5638, Test RMSE: 25.6756, Test MAPE: 9.5049
2026-01-26 01:50:29,037 - easytorch-training - INFO - Evaluate best model on test data for horizon 11, Test MAE: 14.7326, Test RMSE: 25.9859, Test MAPE: 9.6145
2026-01-26 01:50:29,051 - easytorch-training - INFO - Evaluate best model on test data for horizon 12, Test MAE: 14.9181, Test RMSE: 26.2253, Test MAPE: 9.7771
2026-01-26 01:50:29,068 - easytorch-training - INFO - Result <test>: [test_time: 13.52 (s), test_MAE: 13.6367, test_RMSE: 23.8008, test_MAPE: 8.9061]
2026-01-26 01:50:29,407 - easytorch-training - INFO - Checkpoint checkpoints/STMAFNet_300/21afeca3ffc10cdf4e90589d029b0e70/STMAFNet_300.pt saved
2026-01-26 01:50:29,437 - easytorch-training - INFO - The training finished at 2026-01-26 01:50:29
