2026-01-27 13:40:34,972 - easytorch-training - INFO - Initializing training.
2026-01-27 13:40:34,972 - easytorch-training - INFO - Set clip grad, param: {'max_norm': 3.0}
2026-01-27 13:40:34,972 - easytorch-training - INFO - Building training data loader.
2026-01-27 13:40:35,842 - easytorch-training - INFO - Set optim: Adam (
Parameter Group 0
    amsgrad: False
    betas: (0.9, 0.999)
    capturable: False
    differentiable: False
    eps: 1e-08
    foreach: None
    fused: None
    lr: 0.002
    maximize: False
    weight_decay: 1e-05
)
2026-01-27 13:40:35,842 - easytorch-training - INFO - Set lr_scheduler: <torch.optim.lr_scheduler.MultiStepLR object at 0x7f72d6a92670>
2026-01-27 13:40:35,843 - easytorch-training - INFO - Initializing validation.
2026-01-27 13:40:35,844 - easytorch-training - INFO - Building val data loader.
2026-01-27 13:40:35,910 - easytorch-training - INFO - Epoch 1 / 300
2026-01-27 13:41:15,303 - easytorch-training - INFO - Result <train>: [train_time: 39.39 (s), lr: 2.00e-03, train_MAE: 82.3048, train_RMSE: 103.9068, train_MAPE: 114.0934]
2026-01-27 13:41:15,305 - easytorch-training - INFO - Start validation.
2026-01-27 13:41:17,199 - easytorch-training - INFO - Result <val>: [val_time: 1.89 (s), val_MAE: 21.9318, val_RMSE: 32.2410, val_MAPE: 21.4208]
2026-01-27 13:41:17,346 - easytorch-training - INFO - Checkpoint checkpoints/STMAFNet_300/7a9424dbdf56bedb1aca9acb56518206/STMAFNet_best_val_MAE.pt saved
2026-01-27 13:41:19,088 - easytorch-training - INFO - Evaluate best model on test data for horizon 1, Test MAE: 15.2348, Test RMSE: 22.3524, Test MAPE: 14.6806
2026-01-27 13:41:19,089 - easytorch-training - INFO - Evaluate best model on test data for horizon 2, Test MAE: 17.0865, Test RMSE: 24.6530, Test MAPE: 21.2412
2026-01-27 13:41:19,090 - easytorch-training - INFO - Evaluate best model on test data for horizon 3, Test MAE: 18.4931, Test RMSE: 26.9532, Test MAPE: 22.4074
2026-01-27 13:41:19,092 - easytorch-training - INFO - Evaluate best model on test data for horizon 4, Test MAE: 18.7712, Test RMSE: 28.4282, Test MAPE: 14.8833
2026-01-27 13:41:19,093 - easytorch-training - INFO - Evaluate best model on test data for horizon 5, Test MAE: 19.7714, Test RMSE: 29.4184, Test MAPE: 18.8082
2026-01-27 13:41:19,094 - easytorch-training - INFO - Evaluate best model on test data for horizon 6, Test MAE: 22.6785, Test RMSE: 31.8503, Test MAPE: 32.1296
2026-01-27 13:41:19,095 - easytorch-training - INFO - Evaluate best model on test data for horizon 7, Test MAE: 21.9206, Test RMSE: 32.2185, Test MAPE: 23.2810
2026-01-27 13:41:19,096 - easytorch-training - INFO - Evaluate best model on test data for horizon 8, Test MAE: 22.6996, Test RMSE: 34.2423, Test MAPE: 18.4082
2026-01-27 13:41:19,097 - easytorch-training - INFO - Evaluate best model on test data for horizon 9, Test MAE: 23.1892, Test RMSE: 34.7460, Test MAPE: 18.8979
2026-01-27 13:41:19,098 - easytorch-training - INFO - Evaluate best model on test data for horizon 10, Test MAE: 24.3877, Test RMSE: 36.3631, Test MAPE: 19.9213
2026-01-27 13:41:19,099 - easytorch-training - INFO - Evaluate best model on test data for horizon 11, Test MAE: 25.5607, Test RMSE: 37.5388, Test MAPE: 23.6093
2026-01-27 13:41:19,100 - easytorch-training - INFO - Evaluate best model on test data for horizon 12, Test MAE: 28.7061, Test RMSE: 41.9687, Test MAPE: 23.0392
2026-01-27 13:41:19,104 - easytorch-training - INFO - Result <test>: [test_time: 1.76 (s), test_MAE: 21.5416, test_RMSE: 32.1877, test_MAPE: 20.9423]
2026-01-27 13:41:19,269 - easytorch-training - INFO - Checkpoint checkpoints/STMAFNet_300/7a9424dbdf56bedb1aca9acb56518206/STMAFNet_001.pt saved
2026-01-27 13:41:19,270 - easytorch-training - INFO - The estimated training finish time is 2026-01-27 17:17:23
2026-01-27 13:41:19,270 - easytorch-training - INFO - Epoch 2 / 300
2026-01-27 13:41:57,888 - easytorch-training - INFO - Result <train>: [train_time: 38.62 (s), lr: 1.00e-03, train_MAE: 20.7424, train_RMSE: 31.8300, train_MAPE: 17.5320]
2026-01-27 13:41:57,890 - easytorch-training - INFO - Start validation.
2026-01-27 13:41:59,874 - easytorch-training - INFO - Result <val>: [val_time: 1.98 (s), val_MAE: 19.7693, val_RMSE: 29.6345, val_MAPE: 15.7280]
2026-01-27 13:42:00,072 - easytorch-training - INFO - Checkpoint checkpoints/STMAFNet_300/7a9424dbdf56bedb1aca9acb56518206/STMAFNet_best_val_MAE.pt saved
2026-01-27 13:42:01,879 - easytorch-training - INFO - Evaluate best model on test data for horizon 1, Test MAE: 14.1407, Test RMSE: 21.2678, Test MAPE: 10.7741
2026-01-27 13:42:01,880 - easytorch-training - INFO - Evaluate best model on test data for horizon 2, Test MAE: 15.1238, Test RMSE: 23.1872, Test MAPE: 10.4522
2026-01-27 13:42:01,881 - easytorch-training - INFO - Evaluate best model on test data for horizon 3, Test MAE: 16.2598, Test RMSE: 24.9166, Test MAPE: 11.7235
2026-01-27 13:42:01,883 - easytorch-training - INFO - Evaluate best model on test data for horizon 4, Test MAE: 17.4581, Test RMSE: 26.7680, Test MAPE: 12.3484
2026-01-27 13:42:01,884 - easytorch-training - INFO - Evaluate best model on test data for horizon 5, Test MAE: 18.2316, Test RMSE: 27.7404, Test MAPE: 15.1375
2026-01-27 13:42:01,885 - easytorch-training - INFO - Evaluate best model on test data for horizon 6, Test MAE: 19.1770, Test RMSE: 28.9051, Test MAPE: 16.8508
2026-01-27 13:42:01,886 - easytorch-training - INFO - Evaluate best model on test data for horizon 7, Test MAE: 19.6900, Test RMSE: 30.1464, Test MAPE: 13.5946
2026-01-27 13:42:01,887 - easytorch-training - INFO - Evaluate best model on test data for horizon 8, Test MAE: 20.9287, Test RMSE: 31.5754, Test MAPE: 17.4971
2026-01-27 13:42:01,888 - easytorch-training - INFO - Evaluate best model on test data for horizon 9, Test MAE: 21.6211, Test RMSE: 32.5385, Test MAPE: 18.2060
2026-01-27 13:42:01,889 - easytorch-training - INFO - Evaluate best model on test data for horizon 10, Test MAE: 22.2313, Test RMSE: 33.5854, Test MAPE: 16.2668
2026-01-27 13:42:01,890 - easytorch-training - INFO - Evaluate best model on test data for horizon 11, Test MAE: 23.4169, Test RMSE: 34.5025, Test MAPE: 22.3718
2026-01-27 13:42:01,892 - easytorch-training - INFO - Evaluate best model on test data for horizon 12, Test MAE: 24.1177, Test RMSE: 36.1993, Test MAPE: 17.6053
2026-01-27 13:42:01,895 - easytorch-training - INFO - Result <test>: [test_time: 1.82 (s), test_MAE: 19.3664, test_RMSE: 29.6166, test_MAPE: 15.2357]
2026-01-27 13:42:02,041 - easytorch-training - INFO - Checkpoint checkpoints/STMAFNet_300/7a9424dbdf56bedb1aca9acb56518206/STMAFNet_002.pt saved
2026-01-27 13:42:02,042 - easytorch-training - INFO - The estimated training finish time is 2026-01-27 17:15:55
2026-01-27 13:42:02,042 - easytorch-training - INFO - Epoch 3 / 300
2026-01-27 13:42:41,486 - easytorch-training - INFO - Result <train>: [train_time: 39.44 (s), lr: 1.00e-03, train_MAE: 19.7071, train_RMSE: 30.5651, train_MAPE: 15.7320]
2026-01-27 13:42:41,487 - easytorch-training - INFO - Start validation.
2026-01-27 13:42:43,420 - easytorch-training - INFO - Result <val>: [val_time: 1.93 (s), val_MAE: 18.8318, val_RMSE: 28.2258, val_MAPE: 17.0980]
2026-01-27 13:42:43,568 - easytorch-training - INFO - Checkpoint checkpoints/STMAFNet_300/7a9424dbdf56bedb1aca9acb56518206/STMAFNet_best_val_MAE.pt saved
2026-01-27 13:42:45,391 - easytorch-training - INFO - Evaluate best model on test data for horizon 1, Test MAE: 14.4424, Test RMSE: 21.2080, Test MAPE: 14.7155
2026-01-27 13:42:45,392 - easytorch-training - INFO - Evaluate best model on test data for horizon 2, Test MAE: 15.6235, Test RMSE: 23.1115, Test MAPE: 17.0913
2026-01-27 13:42:45,393 - easytorch-training - INFO - Evaluate best model on test data for horizon 3, Test MAE: 16.7461, Test RMSE: 24.6775, Test MAPE: 18.8261
2026-01-27 13:42:45,394 - easytorch-training - INFO - Evaluate best model on test data for horizon 4, Test MAE: 17.6054, Test RMSE: 25.9633, Test MAPE: 20.4688
2026-01-27 13:42:45,395 - easytorch-training - INFO - Evaluate best model on test data for horizon 5, Test MAE: 17.3527, Test RMSE: 26.5977, Test MAPE: 15.7347
2026-01-27 13:42:45,396 - easytorch-training - INFO - Evaluate best model on test data for horizon 6, Test MAE: 18.1901, Test RMSE: 27.7099, Test MAPE: 16.7523
2026-01-27 13:42:45,397 - easytorch-training - INFO - Evaluate best model on test data for horizon 7, Test MAE: 18.6850, Test RMSE: 28.6547, Test MAPE: 15.9154
2026-01-27 13:42:45,399 - easytorch-training - INFO - Evaluate best model on test data for horizon 8, Test MAE: 19.4325, Test RMSE: 29.8815, Test MAPE: 15.2081
2026-01-27 13:42:45,400 - easytorch-training - INFO - Evaluate best model on test data for horizon 9, Test MAE: 20.1924, Test RMSE: 30.4244, Test MAPE: 18.2272
2026-01-27 13:42:45,401 - easytorch-training - INFO - Evaluate best model on test data for horizon 10, Test MAE: 20.6806, Test RMSE: 31.6128, Test MAPE: 14.0143
2026-01-27 13:42:45,402 - easytorch-training - INFO - Evaluate best model on test data for horizon 11, Test MAE: 21.2990, Test RMSE: 32.2536, Test MAPE: 16.2810
2026-01-27 13:42:45,403 - easytorch-training - INFO - Evaluate best model on test data for horizon 12, Test MAE: 22.1900, Test RMSE: 33.6535, Test MAPE: 16.3874
2026-01-27 13:42:45,407 - easytorch-training - INFO - Result <test>: [test_time: 1.84 (s), test_MAE: 18.5366, test_RMSE: 28.2166, test_MAPE: 16.6352]
2026-01-27 13:42:45,551 - easytorch-training - INFO - Checkpoint checkpoints/STMAFNet_300/7a9424dbdf56bedb1aca9acb56518206/STMAFNet_003.pt saved
2026-01-27 13:42:45,552 - easytorch-training - INFO - The estimated training finish time is 2026-01-27 17:16:40
2026-01-27 13:42:45,552 - easytorch-training - INFO - Epoch 4 / 300
2026-01-27 13:43:25,679 - easytorch-training - INFO - Result <train>: [train_time: 40.13 (s), lr: 1.00e-03, train_MAE: 19.0344, train_RMSE: 29.6903, train_MAPE: 14.7526]
2026-01-27 13:43:25,681 - easytorch-training - INFO - Start validation.
2026-01-27 13:43:27,632 - easytorch-training - INFO - Result <val>: [val_time: 1.95 (s), val_MAE: 18.3837, val_RMSE: 27.9511, val_MAPE: 14.2825]
2026-01-27 13:43:28,039 - easytorch-training - INFO - Checkpoint checkpoints/STMAFNet_300/7a9424dbdf56bedb1aca9acb56518206/STMAFNet_best_val_MAE.pt saved
2026-01-27 13:43:29,830 - easytorch-training - INFO - Evaluate best model on test data for horizon 1, Test MAE: 13.9764, Test RMSE: 21.0580, Test MAPE: 10.3892
2026-01-27 13:43:29,831 - easytorch-training - INFO - Evaluate best model on test data for horizon 2, Test MAE: 14.8176, Test RMSE: 22.6557, Test MAPE: 11.4230
2026-01-27 13:43:29,832 - easytorch-training - INFO - Evaluate best model on test data for horizon 3, Test MAE: 15.7308, Test RMSE: 24.0632, Test MAPE: 12.6574
2026-01-27 13:43:29,833 - easytorch-training - INFO - Evaluate best model on test data for horizon 4, Test MAE: 16.2164, Test RMSE: 25.2066, Test MAPE: 11.3568
2026-01-27 13:43:29,835 - easytorch-training - INFO - Evaluate best model on test data for horizon 5, Test MAE: 17.0373, Test RMSE: 26.4364, Test MAPE: 12.0409
2026-01-27 13:43:29,836 - easytorch-training - INFO - Evaluate best model on test data for horizon 6, Test MAE: 18.0230, Test RMSE: 27.6387, Test MAPE: 14.0267
2026-01-27 13:43:29,837 - easytorch-training - INFO - Evaluate best model on test data for horizon 7, Test MAE: 18.3355, Test RMSE: 28.2875, Test MAPE: 12.9914
2026-01-27 13:43:29,838 - easytorch-training - INFO - Evaluate best model on test data for horizon 8, Test MAE: 19.6570, Test RMSE: 29.6624, Test MAPE: 17.4256
2026-01-27 13:43:29,839 - easytorch-training - INFO - Evaluate best model on test data for horizon 9, Test MAE: 19.9454, Test RMSE: 30.4823, Test MAPE: 14.8121
2026-01-27 13:43:29,840 - easytorch-training - INFO - Evaluate best model on test data for horizon 10, Test MAE: 20.5392, Test RMSE: 31.1990, Test MAPE: 15.6957
2026-01-27 13:43:29,841 - easytorch-training - INFO - Evaluate best model on test data for horizon 11, Test MAE: 21.2801, Test RMSE: 32.2424, Test MAPE: 16.6367
2026-01-27 13:43:29,842 - easytorch-training - INFO - Evaluate best model on test data for horizon 12, Test MAE: 21.9501, Test RMSE: 33.1706, Test MAPE: 17.4697
2026-01-27 13:43:29,846 - easytorch-training - INFO - Result <test>: [test_time: 1.81 (s), test_MAE: 18.1257, test_RMSE: 27.9230, test_MAPE: 13.9104]
2026-01-27 13:43:29,990 - easytorch-training - INFO - Checkpoint checkpoints/STMAFNet_300/7a9424dbdf56bedb1aca9acb56518206/STMAFNet_004.pt saved
2026-01-27 13:43:29,990 - easytorch-training - INFO - The estimated training finish time is 2026-01-27 17:18:11
2026-01-27 13:43:29,990 - easytorch-training - INFO - Epoch 5 / 300
2026-01-27 13:44:09,710 - easytorch-training - INFO - Result <train>: [train_time: 39.72 (s), lr: 1.00e-03, train_MAE: 18.4108, train_RMSE: 28.9011, train_MAPE: 14.0737]
2026-01-27 13:44:09,712 - easytorch-training - INFO - Start validation.
2026-01-27 13:44:11,669 - easytorch-training - INFO - Result <val>: [val_time: 1.96 (s), val_MAE: 17.7158, val_RMSE: 26.9685, val_MAPE: 13.2949]
2026-01-27 13:44:11,966 - easytorch-training - INFO - Checkpoint checkpoints/STMAFNet_300/7a9424dbdf56bedb1aca9acb56518206/STMAFNet_best_val_MAE.pt saved
2026-01-27 13:44:13,829 - easytorch-training - INFO - Evaluate best model on test data for horizon 1, Test MAE: 13.6702, Test RMSE: 20.7638, Test MAPE: 10.4683
2026-01-27 13:44:13,830 - easytorch-training - INFO - Evaluate best model on test data for horizon 2, Test MAE: 14.2157, Test RMSE: 22.1349, Test MAPE: 9.5199
2026-01-27 13:44:13,832 - easytorch-training - INFO - Evaluate best model on test data for horizon 3, Test MAE: 15.4974, Test RMSE: 23.7523, Test MAPE: 13.5067
2026-01-27 13:44:13,833 - easytorch-training - INFO - Evaluate best model on test data for horizon 4, Test MAE: 15.6489, Test RMSE: 24.4844, Test MAPE: 10.5323
2026-01-27 13:44:13,834 - easytorch-training - INFO - Evaluate best model on test data for horizon 5, Test MAE: 16.4058, Test RMSE: 25.6074, Test MAPE: 11.1795
2026-01-27 13:44:13,835 - easytorch-training - INFO - Evaluate best model on test data for horizon 6, Test MAE: 16.9709, Test RMSE: 26.4710, Test MAPE: 11.5463
2026-01-27 13:44:13,836 - easytorch-training - INFO - Evaluate best model on test data for horizon 7, Test MAE: 17.6797, Test RMSE: 27.1811, Test MAPE: 13.0362
2026-01-27 13:44:13,837 - easytorch-training - INFO - Evaluate best model on test data for horizon 8, Test MAE: 18.5115, Test RMSE: 28.1485, Test MAPE: 15.1409
2026-01-27 13:44:13,838 - easytorch-training - INFO - Evaluate best model on test data for horizon 9, Test MAE: 18.7929, Test RMSE: 28.9642, Test MAPE: 12.5805
2026-01-27 13:44:13,839 - easytorch-training - INFO - Evaluate best model on test data for horizon 10, Test MAE: 19.7656, Test RMSE: 29.8857, Test MAPE: 14.8637
2026-01-27 13:44:13,840 - easytorch-training - INFO - Evaluate best model on test data for horizon 11, Test MAE: 20.5203, Test RMSE: 30.9042, Test MAPE: 15.9488
2026-01-27 13:44:13,841 - easytorch-training - INFO - Evaluate best model on test data for horizon 12, Test MAE: 21.0765, Test RMSE: 31.8994, Test MAPE: 14.8173
2026-01-27 13:44:13,845 - easytorch-training - INFO - Result <test>: [test_time: 1.88 (s), test_MAE: 17.3963, test_RMSE: 26.8903, test_MAPE: 12.7617]
2026-01-27 13:44:13,990 - easytorch-training - INFO - Checkpoint checkpoints/STMAFNet_300/7a9424dbdf56bedb1aca9acb56518206/STMAFNet_005.pt saved
2026-01-27 13:44:13,991 - easytorch-training - INFO - The estimated training finish time is 2026-01-27 17:18:40
2026-01-27 13:44:13,991 - easytorch-training - INFO - Epoch 6 / 300
2026-01-27 13:44:53,333 - easytorch-training - INFO - Result <train>: [train_time: 39.34 (s), lr: 1.00e-03, train_MAE: 17.8136, train_RMSE: 28.1571, train_MAPE: 13.4125]
2026-01-27 13:44:53,335 - easytorch-training - INFO - Start validation.
2026-01-27 13:44:55,274 - easytorch-training - INFO - Result <val>: [val_time: 1.94 (s), val_MAE: 16.8023, val_RMSE: 25.9678, val_MAPE: 12.5311]
2026-01-27 13:44:55,440 - easytorch-training - INFO - Checkpoint checkpoints/STMAFNet_300/7a9424dbdf56bedb1aca9acb56518206/STMAFNet_best_val_MAE.pt saved
2026-01-27 13:44:57,273 - easytorch-training - INFO - Evaluate best model on test data for horizon 1, Test MAE: 13.4689, Test RMSE: 20.4698, Test MAPE: 11.5589
2026-01-27 13:44:57,274 - easytorch-training - INFO - Evaluate best model on test data for horizon 2, Test MAE: 13.9466, Test RMSE: 21.8578, Test MAPE: 9.8788
2026-01-27 13:44:57,275 - easytorch-training - INFO - Evaluate best model on test data for horizon 3, Test MAE: 14.7498, Test RMSE: 23.0903, Test MAPE: 11.1784
2026-01-27 13:44:57,276 - easytorch-training - INFO - Evaluate best model on test data for horizon 4, Test MAE: 15.1764, Test RMSE: 23.9868, Test MAPE: 9.9230
2026-01-27 13:44:57,277 - easytorch-training - INFO - Evaluate best model on test data for horizon 5, Test MAE: 16.0819, Test RMSE: 25.0689, Test MAPE: 11.5650
2026-01-27 13:44:57,278 - easytorch-training - INFO - Evaluate best model on test data for horizon 6, Test MAE: 16.2445, Test RMSE: 25.7016, Test MAPE: 11.0116
2026-01-27 13:44:57,279 - easytorch-training - INFO - Evaluate best model on test data for horizon 7, Test MAE: 16.7739, Test RMSE: 26.4411, Test MAPE: 11.3722
2026-01-27 13:44:57,281 - easytorch-training - INFO - Evaluate best model on test data for horizon 8, Test MAE: 17.1795, Test RMSE: 27.0503, Test MAPE: 11.9280
2026-01-27 13:44:57,282 - easytorch-training - INFO - Evaluate best model on test data for horizon 9, Test MAE: 17.6902, Test RMSE: 27.7853, Test MAPE: 11.8653
2026-01-27 13:44:57,283 - easytorch-training - INFO - Evaluate best model on test data for horizon 10, Test MAE: 18.1471, Test RMSE: 28.4031, Test MAPE: 12.7939
2026-01-27 13:44:57,284 - easytorch-training - INFO - Evaluate best model on test data for horizon 11, Test MAE: 18.6330, Test RMSE: 29.0298, Test MAPE: 12.7040
2026-01-27 13:44:57,285 - easytorch-training - INFO - Evaluate best model on test data for horizon 12, Test MAE: 19.2608, Test RMSE: 29.7554, Test MAPE: 16.0023
2026-01-27 13:44:57,289 - easytorch-training - INFO - Result <test>: [test_time: 1.85 (s), test_MAE: 16.4460, test_RMSE: 25.8716, test_MAPE: 11.8151]
2026-01-27 13:44:57,433 - easytorch-training - INFO - Checkpoint checkpoints/STMAFNet_300/7a9424dbdf56bedb1aca9acb56518206/STMAFNet_006.pt saved
2026-01-27 13:44:57,433 - easytorch-training - INFO - The estimated training finish time is 2026-01-27 17:18:32
2026-01-27 13:44:57,433 - easytorch-training - INFO - Epoch 7 / 300
2026-01-27 13:45:37,194 - easytorch-training - INFO - Result <train>: [train_time: 39.76 (s), lr: 1.00e-03, train_MAE: 17.4501, train_RMSE: 27.6995, train_MAPE: 13.0185]
2026-01-27 13:45:37,196 - easytorch-training - INFO - Start validation.
2026-01-27 13:45:39,150 - easytorch-training - INFO - Result <val>: [val_time: 1.95 (s), val_MAE: 16.7761, val_RMSE: 25.8485, val_MAPE: 11.7995]
2026-01-27 13:45:39,455 - easytorch-training - INFO - Checkpoint checkpoints/STMAFNet_300/7a9424dbdf56bedb1aca9acb56518206/STMAFNet_best_val_MAE.pt saved
2026-01-27 13:45:41,305 - easytorch-training - INFO - Evaluate best model on test data for horizon 1, Test MAE: 13.1737, Test RMSE: 20.3315, Test MAPE: 8.9309
2026-01-27 13:45:41,306 - easytorch-training - INFO - Evaluate best model on test data for horizon 2, Test MAE: 14.0206, Test RMSE: 21.8295, Test MAPE: 9.4255
2026-01-27 13:45:41,308 - easytorch-training - INFO - Evaluate best model on test data for horizon 3, Test MAE: 14.6953, Test RMSE: 23.0094, Test MAPE: 9.6307
2026-01-27 13:45:41,309 - easytorch-training - INFO - Evaluate best model on test data for horizon 4, Test MAE: 15.2756, Test RMSE: 24.0077, Test MAPE: 10.1339
2026-01-27 13:45:41,310 - easytorch-training - INFO - Evaluate best model on test data for horizon 5, Test MAE: 15.8520, Test RMSE: 24.8527, Test MAPE: 10.3081
2026-01-27 13:45:41,311 - easytorch-training - INFO - Evaluate best model on test data for horizon 6, Test MAE: 16.3233, Test RMSE: 25.5901, Test MAPE: 11.4964
2026-01-27 13:45:41,312 - easytorch-training - INFO - Evaluate best model on test data for horizon 7, Test MAE: 16.8293, Test RMSE: 26.3537, Test MAPE: 11.0593
2026-01-27 13:45:41,313 - easytorch-training - INFO - Evaluate best model on test data for horizon 8, Test MAE: 17.3743, Test RMSE: 27.1268, Test MAPE: 11.7885
2026-01-27 13:45:41,314 - easytorch-training - INFO - Evaluate best model on test data for horizon 9, Test MAE: 17.7063, Test RMSE: 27.6866, Test MAPE: 12.0184
2026-01-27 13:45:41,315 - easytorch-training - INFO - Evaluate best model on test data for horizon 10, Test MAE: 17.9149, Test RMSE: 28.0755, Test MAPE: 11.9699
2026-01-27 13:45:41,316 - easytorch-training - INFO - Evaluate best model on test data for horizon 11, Test MAE: 18.6712, Test RMSE: 28.9299, Test MAPE: 12.7137
2026-01-27 13:45:41,318 - easytorch-training - INFO - Evaluate best model on test data for horizon 12, Test MAE: 19.1485, Test RMSE: 29.5978, Test MAPE: 14.3575
2026-01-27 13:45:41,321 - easytorch-training - INFO - Result <test>: [test_time: 1.87 (s), test_MAE: 16.4154, test_RMSE: 25.7655, test_MAPE: 11.1527]
2026-01-27 13:45:41,466 - easytorch-training - INFO - Checkpoint checkpoints/STMAFNet_300/7a9424dbdf56bedb1aca9acb56518206/STMAFNet_007.pt saved
2026-01-27 13:45:41,466 - easytorch-training - INFO - The estimated training finish time is 2026-01-27 17:18:51
2026-01-27 13:45:41,467 - easytorch-training - INFO - Epoch 8 / 300
2026-01-27 13:46:21,050 - easytorch-training - INFO - Result <train>: [train_time: 39.58 (s), lr: 1.00e-03, train_MAE: 17.1636, train_RMSE: 27.3432, train_MAPE: 12.6687]
2026-01-27 13:46:21,052 - easytorch-training - INFO - Start validation.
2026-01-27 13:46:22,958 - easytorch-training - INFO - Result <val>: [val_time: 1.91 (s), val_MAE: 16.6576, val_RMSE: 25.7406, val_MAPE: 12.0380]
2026-01-27 13:46:23,233 - easytorch-training - INFO - Checkpoint checkpoints/STMAFNet_300/7a9424dbdf56bedb1aca9acb56518206/STMAFNet_best_val_MAE.pt saved
2026-01-27 13:46:25,051 - easytorch-training - INFO - Evaluate best model on test data for horizon 1, Test MAE: 13.3049, Test RMSE: 20.4519, Test MAPE: 9.4946
2026-01-27 13:46:25,052 - easytorch-training - INFO - Evaluate best model on test data for horizon 2, Test MAE: 13.8912, Test RMSE: 21.7614, Test MAPE: 9.3877
2026-01-27 13:46:25,054 - easytorch-training - INFO - Evaluate best model on test data for horizon 3, Test MAE: 14.7424, Test RMSE: 23.0673, Test MAPE: 10.0077
2026-01-27 13:46:25,055 - easytorch-training - INFO - Evaluate best model on test data for horizon 4, Test MAE: 15.1777, Test RMSE: 23.9128, Test MAPE: 10.4222
2026-01-27 13:46:25,056 - easytorch-training - INFO - Evaluate best model on test data for horizon 5, Test MAE: 15.5916, Test RMSE: 24.6173, Test MAPE: 10.5042
2026-01-27 13:46:25,057 - easytorch-training - INFO - Evaluate best model on test data for horizon 6, Test MAE: 16.1245, Test RMSE: 25.3887, Test MAPE: 11.1784
2026-01-27 13:46:25,059 - easytorch-training - INFO - Evaluate best model on test data for horizon 7, Test MAE: 16.5712, Test RMSE: 26.0387, Test MAPE: 11.3121
2026-01-27 13:46:25,060 - easytorch-training - INFO - Evaluate best model on test data for horizon 8, Test MAE: 17.2527, Test RMSE: 26.9512, Test MAPE: 11.8645
2026-01-27 13:46:25,061 - easytorch-training - INFO - Evaluate best model on test data for horizon 9, Test MAE: 17.4629, Test RMSE: 27.2826, Test MAPE: 12.0138
2026-01-27 13:46:25,062 - easytorch-training - INFO - Evaluate best model on test data for horizon 10, Test MAE: 18.1687, Test RMSE: 28.0312, Test MAPE: 13.4172
2026-01-27 13:46:25,063 - easytorch-training - INFO - Evaluate best model on test data for horizon 11, Test MAE: 18.8291, Test RMSE: 29.0487, Test MAPE: 13.2237
2026-01-27 13:46:25,064 - easytorch-training - INFO - Evaluate best model on test data for horizon 12, Test MAE: 19.3611, Test RMSE: 29.6042, Test MAPE: 14.2989
2026-01-27 13:46:25,068 - easytorch-training - INFO - Result <test>: [test_time: 1.83 (s), test_MAE: 16.3732, test_RMSE: 25.6597, test_MAPE: 11.4271]
2026-01-27 13:46:25,212 - easytorch-training - INFO - Checkpoint checkpoints/STMAFNet_300/7a9424dbdf56bedb1aca9acb56518206/STMAFNet_008.pt saved
2026-01-27 13:46:25,213 - easytorch-training - INFO - The estimated training finish time is 2026-01-27 17:18:54
2026-01-27 13:46:25,213 - easytorch-training - INFO - Epoch 9 / 300
2026-01-27 13:47:04,956 - easytorch-training - INFO - Result <train>: [train_time: 39.74 (s), lr: 1.00e-03, train_MAE: 16.8450, train_RMSE: 26.9534, train_MAPE: 12.3676]
2026-01-27 13:47:04,957 - easytorch-training - INFO - Start validation.
2026-01-27 13:47:06,894 - easytorch-training - INFO - Result <val>: [val_time: 1.94 (s), val_MAE: 17.2797, val_RMSE: 25.9727, val_MAPE: 15.9425]
2026-01-27 13:47:08,745 - easytorch-training - INFO - Evaluate best model on test data for horizon 1, Test MAE: 14.0378, Test RMSE: 20.7832, Test MAPE: 12.2813
2026-01-27 13:47:08,746 - easytorch-training - INFO - Evaluate best model on test data for horizon 2, Test MAE: 14.9798, Test RMSE: 22.2586, Test MAPE: 14.3507
2026-01-27 13:47:08,748 - easytorch-training - INFO - Evaluate best model on test data for horizon 3, Test MAE: 15.2719, Test RMSE: 23.1285, Test MAPE: 12.9208
2026-01-27 13:47:08,749 - easytorch-training - INFO - Evaluate best model on test data for horizon 4, Test MAE: 16.3554, Test RMSE: 24.3445, Test MAPE: 16.2346
2026-01-27 13:47:08,750 - easytorch-training - INFO - Evaluate best model on test data for horizon 5, Test MAE: 15.9076, Test RMSE: 24.6001, Test MAPE: 12.6475
2026-01-27 13:47:08,752 - easytorch-training - INFO - Evaluate best model on test data for horizon 6, Test MAE: 16.9125, Test RMSE: 25.6164, Test MAPE: 15.0026
2026-01-27 13:47:08,753 - easytorch-training - INFO - Evaluate best model on test data for horizon 7, Test MAE: 17.2423, Test RMSE: 26.1603, Test MAPE: 15.0435
2026-01-27 13:47:08,754 - easytorch-training - INFO - Evaluate best model on test data for horizon 8, Test MAE: 17.8330, Test RMSE: 26.9805, Test MAPE: 15.8278
2026-01-27 13:47:08,755 - easytorch-training - INFO - Evaluate best model on test data for horizon 9, Test MAE: 18.0715, Test RMSE: 27.2986, Test MAPE: 16.0409
2026-01-27 13:47:08,757 - easytorch-training - INFO - Evaluate best model on test data for horizon 10, Test MAE: 18.5224, Test RMSE: 27.8144, Test MAPE: 16.3693
2026-01-27 13:47:08,758 - easytorch-training - INFO - Evaluate best model on test data for horizon 11, Test MAE: 18.6291, Test RMSE: 28.1882, Test MAPE: 16.2269
2026-01-27 13:47:08,759 - easytorch-training - INFO - Evaluate best model on test data for horizon 12, Test MAE: 20.1212, Test RMSE: 29.5172, Test MAPE: 20.8817
2026-01-27 13:47:08,763 - easytorch-training - INFO - Result <test>: [test_time: 1.87 (s), test_MAE: 16.9904, test_RMSE: 25.6796, test_MAPE: 15.3190]
2026-01-27 13:47:08,916 - easytorch-training - INFO - Checkpoint checkpoints/STMAFNet_300/7a9424dbdf56bedb1aca9acb56518206/STMAFNet_009.pt saved
2026-01-27 13:47:08,916 - easytorch-training - INFO - The estimated training finish time is 2026-01-27 17:18:56
2026-01-27 13:47:08,916 - easytorch-training - INFO - Epoch 10 / 300
2026-01-27 13:47:48,939 - easytorch-training - INFO - Result <train>: [train_time: 40.02 (s), lr: 1.00e-03, train_MAE: 16.6868, train_RMSE: 26.7140, train_MAPE: 12.2763]
2026-01-27 13:47:48,941 - easytorch-training - INFO - Start validation.
2026-01-27 13:47:50,939 - easytorch-training - INFO - Result <val>: [val_time: 2.00 (s), val_MAE: 16.1270, val_RMSE: 24.9667, val_MAPE: 12.1940]
2026-01-27 13:47:51,224 - easytorch-training - INFO - Checkpoint checkpoints/STMAFNet_300/7a9424dbdf56bedb1aca9acb56518206/STMAFNet_best_val_MAE.pt saved
2026-01-27 13:47:53,017 - easytorch-training - INFO - Evaluate best model on test data for horizon 1, Test MAE: 12.9373, Test RMSE: 20.1141, Test MAPE: 8.4055
2026-01-27 13:47:53,018 - easytorch-training - INFO - Evaluate best model on test data for horizon 2, Test MAE: 13.7047, Test RMSE: 21.5943, Test MAPE: 9.0800
2026-01-27 13:47:53,019 - easytorch-training - INFO - Evaluate best model on test data for horizon 3, Test MAE: 14.3343, Test RMSE: 22.6061, Test MAPE: 9.8612
2026-01-27 13:47:53,020 - easytorch-training - INFO - Evaluate best model on test data for horizon 4, Test MAE: 14.7226, Test RMSE: 23.4064, Test MAPE: 9.7464
2026-01-27 13:47:53,021 - easytorch-training - INFO - Evaluate best model on test data for horizon 5, Test MAE: 15.2023, Test RMSE: 24.1610, Test MAPE: 10.0235
2026-01-27 13:47:53,022 - easytorch-training - INFO - Evaluate best model on test data for horizon 6, Test MAE: 15.7226, Test RMSE: 24.8706, Test MAPE: 10.5207
2026-01-27 13:47:53,024 - easytorch-training - INFO - Evaluate best model on test data for horizon 7, Test MAE: 16.1320, Test RMSE: 25.4762, Test MAPE: 10.8978
2026-01-27 13:47:53,025 - easytorch-training - INFO - Evaluate best model on test data for horizon 8, Test MAE: 16.6163, Test RMSE: 26.0209, Test MAPE: 12.8378
2026-01-27 13:47:53,026 - easytorch-training - INFO - Evaluate best model on test data for horizon 9, Test MAE: 17.2302, Test RMSE: 26.6478, Test MAPE: 14.5142
2026-01-27 13:47:53,027 - easytorch-training - INFO - Evaluate best model on test data for horizon 10, Test MAE: 17.3290, Test RMSE: 27.0058, Test MAPE: 13.5495
2026-01-27 13:47:53,028 - easytorch-training - INFO - Evaluate best model on test data for horizon 11, Test MAE: 17.5303, Test RMSE: 27.4375, Test MAPE: 12.6293
2026-01-27 13:47:53,029 - easytorch-training - INFO - Evaluate best model on test data for horizon 12, Test MAE: 18.2554, Test RMSE: 28.1801, Test MAPE: 14.7415
2026-01-27 13:47:53,033 - easytorch-training - INFO - Result <test>: [test_time: 1.81 (s), test_MAE: 15.8097, test_RMSE: 24.9074, test_MAPE: 11.4006]
2026-01-27 13:47:53,176 - easytorch-training - INFO - Checkpoint checkpoints/STMAFNet_300/7a9424dbdf56bedb1aca9acb56518206/STMAFNet_010.pt saved
2026-01-27 13:47:53,189 - easytorch-training - INFO - The estimated training finish time is 2026-01-27 17:19:14
2026-01-27 13:47:53,189 - easytorch-training - INFO - Epoch 11 / 300
2026-01-27 13:48:32,212 - easytorch-training - INFO - Result <train>: [train_time: 39.02 (s), lr: 1.00e-03, train_MAE: 16.4971, train_RMSE: 26.4835, train_MAPE: 12.0146]
2026-01-27 13:48:32,214 - easytorch-training - INFO - Start validation.
2026-01-27 13:48:34,201 - easytorch-training - INFO - Result <val>: [val_time: 1.99 (s), val_MAE: 16.1247, val_RMSE: 25.0761, val_MAPE: 11.8508]
2026-01-27 13:48:34,565 - easytorch-training - INFO - Checkpoint checkpoints/STMAFNet_300/7a9424dbdf56bedb1aca9acb56518206/STMAFNet_best_val_MAE.pt saved
2026-01-27 13:48:36,402 - easytorch-training - INFO - Evaluate best model on test data for horizon 1, Test MAE: 12.9925, Test RMSE: 20.1328, Test MAPE: 9.2096
2026-01-27 13:48:36,403 - easytorch-training - INFO - Evaluate best model on test data for horizon 2, Test MAE: 14.0195, Test RMSE: 21.7915, Test MAPE: 10.3314
2026-01-27 13:48:36,404 - easytorch-training - INFO - Evaluate best model on test data for horizon 3, Test MAE: 14.4509, Test RMSE: 22.7784, Test MAPE: 9.7163
2026-01-27 13:48:36,405 - easytorch-training - INFO - Evaluate best model on test data for horizon 4, Test MAE: 14.8691, Test RMSE: 23.5524, Test MAPE: 9.8803
2026-01-27 13:48:36,406 - easytorch-training - INFO - Evaluate best model on test data for horizon 5, Test MAE: 15.2980, Test RMSE: 24.2929, Test MAPE: 9.9709
2026-01-27 13:48:36,407 - easytorch-training - INFO - Evaluate best model on test data for horizon 6, Test MAE: 15.7942, Test RMSE: 25.0987, Test MAPE: 10.2319
2026-01-27 13:48:36,408 - easytorch-training - INFO - Evaluate best model on test data for horizon 7, Test MAE: 16.1797, Test RMSE: 25.4495, Test MAPE: 12.1479
2026-01-27 13:48:36,410 - easytorch-training - INFO - Evaluate best model on test data for horizon 8, Test MAE: 16.5119, Test RMSE: 26.1189, Test MAPE: 11.3965
2026-01-27 13:48:36,411 - easytorch-training - INFO - Evaluate best model on test data for horizon 9, Test MAE: 16.9543, Test RMSE: 26.7445, Test MAPE: 11.8115
2026-01-27 13:48:36,412 - easytorch-training - INFO - Evaluate best model on test data for horizon 10, Test MAE: 17.3216, Test RMSE: 27.0591, Test MAPE: 13.4419
2026-01-27 13:48:36,413 - easytorch-training - INFO - Evaluate best model on test data for horizon 11, Test MAE: 17.6162, Test RMSE: 27.6274, Test MAPE: 12.3407
2026-01-27 13:48:36,414 - easytorch-training - INFO - Evaluate best model on test data for horizon 12, Test MAE: 18.2833, Test RMSE: 28.3077, Test MAPE: 14.6658
2026-01-27 13:48:36,418 - easytorch-training - INFO - Result <test>: [test_time: 1.85 (s), test_MAE: 15.8576, test_RMSE: 25.0263, test_MAPE: 11.2621]
2026-01-27 13:48:36,562 - easytorch-training - INFO - Checkpoint checkpoints/STMAFNet_300/7a9424dbdf56bedb1aca9acb56518206/STMAFNet_011.pt saved
2026-01-27 13:48:36,562 - easytorch-training - INFO - The estimated training finish time is 2026-01-27 17:19:04
2026-01-27 13:48:36,562 - easytorch-training - INFO - Epoch 12 / 300
2026-01-27 13:49:15,807 - easytorch-training - INFO - Result <train>: [train_time: 39.24 (s), lr: 1.00e-03, train_MAE: 16.3837, train_RMSE: 26.3240, train_MAPE: 11.9277]
2026-01-27 13:49:15,808 - easytorch-training - INFO - Start validation.
2026-01-27 13:49:17,839 - easytorch-training - INFO - Result <val>: [val_time: 2.03 (s), val_MAE: 16.0061, val_RMSE: 24.9152, val_MAPE: 11.2682]
2026-01-27 13:49:18,181 - easytorch-training - INFO - Checkpoint checkpoints/STMAFNet_300/7a9424dbdf56bedb1aca9acb56518206/STMAFNet_best_val_MAE.pt saved
2026-01-27 13:49:20,003 - easytorch-training - INFO - Evaluate best model on test data for horizon 1, Test MAE: 12.9011, Test RMSE: 20.0179, Test MAPE: 8.4332
2026-01-27 13:49:20,005 - easytorch-training - INFO - Evaluate best model on test data for horizon 2, Test MAE: 13.5798, Test RMSE: 21.3652, Test MAPE: 8.8080
2026-01-27 13:49:20,006 - easytorch-training - INFO - Evaluate best model on test data for horizon 3, Test MAE: 14.3207, Test RMSE: 22.5123, Test MAPE: 9.3568
2026-01-27 13:49:20,007 - easytorch-training - INFO - Evaluate best model on test data for horizon 4, Test MAE: 14.7255, Test RMSE: 23.3275, Test MAPE: 9.4475
2026-01-27 13:49:20,008 - easytorch-training - INFO - Evaluate best model on test data for horizon 5, Test MAE: 15.2090, Test RMSE: 24.0931, Test MAPE: 9.7389
2026-01-27 13:49:20,017 - easytorch-training - INFO - Evaluate best model on test data for horizon 6, Test MAE: 15.5122, Test RMSE: 24.6371, Test MAPE: 10.0208
2026-01-27 13:49:20,018 - easytorch-training - INFO - Evaluate best model on test data for horizon 7, Test MAE: 16.0509, Test RMSE: 25.3749, Test MAPE: 10.3076
2026-01-27 13:49:20,019 - easytorch-training - INFO - Evaluate best model on test data for horizon 8, Test MAE: 16.3630, Test RMSE: 25.8919, Test MAPE: 10.6232
2026-01-27 13:49:20,020 - easytorch-training - INFO - Evaluate best model on test data for horizon 9, Test MAE: 16.6972, Test RMSE: 26.3916, Test MAPE: 10.9297
2026-01-27 13:49:20,021 - easytorch-training - INFO - Evaluate best model on test data for horizon 10, Test MAE: 17.2195, Test RMSE: 26.9588, Test MAPE: 12.4672
2026-01-27 13:49:20,022 - easytorch-training - INFO - Evaluate best model on test data for horizon 11, Test MAE: 17.5631, Test RMSE: 27.4931, Test MAPE: 12.7908
2026-01-27 13:49:20,024 - easytorch-training - INFO - Evaluate best model on test data for horizon 12, Test MAE: 18.2112, Test RMSE: 28.2445, Test MAPE: 14.2468
2026-01-27 13:49:20,027 - easytorch-training - INFO - Result <test>: [test_time: 1.85 (s), test_MAE: 15.6961, test_RMSE: 24.8106, test_MAPE: 10.5975]
2026-01-27 13:49:20,170 - easytorch-training - INFO - Checkpoint checkpoints/STMAFNet_300/7a9424dbdf56bedb1aca9acb56518206/STMAFNet_012.pt saved
2026-01-27 13:49:20,171 - easytorch-training - INFO - The estimated training finish time is 2026-01-27 17:19:02
2026-01-27 13:49:20,171 - easytorch-training - INFO - Epoch 13 / 300
2026-01-27 13:49:59,262 - easytorch-training - INFO - Result <train>: [train_time: 39.09 (s), lr: 1.00e-03, train_MAE: 16.2523, train_RMSE: 26.1475, train_MAPE: 11.8793]
2026-01-27 13:49:59,264 - easytorch-training - INFO - Start validation.
2026-01-27 13:50:01,248 - easytorch-training - INFO - Result <val>: [val_time: 1.98 (s), val_MAE: 16.1528, val_RMSE: 24.8943, val_MAPE: 11.1708]
2026-01-27 13:50:03,087 - easytorch-training - INFO - Evaluate best model on test data for horizon 1, Test MAE: 12.8723, Test RMSE: 20.0124, Test MAPE: 8.8008
2026-01-27 13:50:03,089 - easytorch-training - INFO - Evaluate best model on test data for horizon 2, Test MAE: 13.6806, Test RMSE: 21.3855, Test MAPE: 10.4023
2026-01-27 13:50:03,090 - easytorch-training - INFO - Evaluate best model on test data for horizon 3, Test MAE: 14.1763, Test RMSE: 22.3472, Test MAPE: 9.3682
2026-01-27 13:50:03,091 - easytorch-training - INFO - Evaluate best model on test data for horizon 4, Test MAE: 14.7872, Test RMSE: 23.2669, Test MAPE: 9.4827
2026-01-27 13:50:03,092 - easytorch-training - INFO - Evaluate best model on test data for horizon 5, Test MAE: 15.1749, Test RMSE: 23.9413, Test MAPE: 9.7868
2026-01-27 13:50:03,093 - easytorch-training - INFO - Evaluate best model on test data for horizon 6, Test MAE: 15.7254, Test RMSE: 24.6786, Test MAPE: 10.1319
2026-01-27 13:50:03,094 - easytorch-training - INFO - Evaluate best model on test data for horizon 7, Test MAE: 16.2258, Test RMSE: 25.3790, Test MAPE: 10.2099
2026-01-27 13:50:03,095 - easytorch-training - INFO - Evaluate best model on test data for horizon 8, Test MAE: 16.6280, Test RMSE: 25.9729, Test MAPE: 10.7206
2026-01-27 13:50:03,096 - easytorch-training - INFO - Evaluate best model on test data for horizon 9, Test MAE: 17.2197, Test RMSE: 26.5597, Test MAPE: 11.5189
2026-01-27 13:50:03,098 - easytorch-training - INFO - Evaluate best model on test data for horizon 10, Test MAE: 17.6978, Test RMSE: 27.2160, Test MAPE: 11.1289
2026-01-27 13:50:03,099 - easytorch-training - INFO - Evaluate best model on test data for horizon 11, Test MAE: 17.8214, Test RMSE: 27.5321, Test MAPE: 11.3556
2026-01-27 13:50:03,100 - easytorch-training - INFO - Evaluate best model on test data for horizon 12, Test MAE: 18.4718, Test RMSE: 28.3444, Test MAPE: 11.6949
2026-01-27 13:50:03,104 - easytorch-training - INFO - Result <test>: [test_time: 1.85 (s), test_MAE: 15.8734, test_RMSE: 24.8446, test_MAPE: 10.3835]
2026-01-27 13:50:03,250 - easytorch-training - INFO - Checkpoint checkpoints/STMAFNet_300/7a9424dbdf56bedb1aca9acb56518206/STMAFNet_013.pt saved
2026-01-27 13:50:03,251 - easytorch-training - INFO - The estimated training finish time is 2026-01-27 17:18:48
2026-01-27 13:50:03,251 - easytorch-training - INFO - Epoch 14 / 300
2026-01-27 13:50:42,209 - easytorch-training - INFO - Result <train>: [train_time: 38.96 (s), lr: 1.00e-03, train_MAE: 16.0188, train_RMSE: 25.8833, train_MAPE: 11.4679]
2026-01-27 13:50:42,210 - easytorch-training - INFO - Start validation.
2026-01-27 13:50:44,171 - easytorch-training - INFO - Result <val>: [val_time: 1.96 (s), val_MAE: 15.6893, val_RMSE: 24.4723, val_MAPE: 11.4286]
2026-01-27 13:50:44,341 - easytorch-training - INFO - Checkpoint checkpoints/STMAFNet_300/7a9424dbdf56bedb1aca9acb56518206/STMAFNet_best_val_MAE.pt saved
2026-01-27 13:50:46,130 - easytorch-training - INFO - Evaluate best model on test data for horizon 1, Test MAE: 12.7880, Test RMSE: 19.8929, Test MAPE: 8.6889
2026-01-27 13:50:46,131 - easytorch-training - INFO - Evaluate best model on test data for horizon 2, Test MAE: 13.4864, Test RMSE: 21.2638, Test MAPE: 9.0204
2026-01-27 13:50:46,132 - easytorch-training - INFO - Evaluate best model on test data for horizon 3, Test MAE: 13.9450, Test RMSE: 22.2178, Test MAPE: 9.0086
2026-01-27 13:50:46,133 - easytorch-training - INFO - Evaluate best model on test data for horizon 4, Test MAE: 14.4156, Test RMSE: 23.0488, Test MAPE: 9.3567
2026-01-27 13:50:46,135 - easytorch-training - INFO - Evaluate best model on test data for horizon 5, Test MAE: 15.0663, Test RMSE: 23.8199, Test MAPE: 11.1315
2026-01-27 13:50:46,136 - easytorch-training - INFO - Evaluate best model on test data for horizon 6, Test MAE: 15.3579, Test RMSE: 24.4323, Test MAPE: 10.8506
2026-01-27 13:50:46,137 - easytorch-training - INFO - Evaluate best model on test data for horizon 7, Test MAE: 15.7476, Test RMSE: 25.0154, Test MAPE: 11.3405
2026-01-27 13:50:46,138 - easytorch-training - INFO - Evaluate best model on test data for horizon 8, Test MAE: 16.0758, Test RMSE: 25.5317, Test MAPE: 11.4418
2026-01-27 13:50:46,139 - easytorch-training - INFO - Evaluate best model on test data for horizon 9, Test MAE: 16.4905, Test RMSE: 26.0210, Test MAPE: 12.4640
2026-01-27 13:50:46,140 - easytorch-training - INFO - Evaluate best model on test data for horizon 10, Test MAE: 16.6311, Test RMSE: 26.4076, Test MAPE: 10.7707
2026-01-27 13:50:46,141 - easytorch-training - INFO - Evaluate best model on test data for horizon 11, Test MAE: 17.0781, Test RMSE: 26.8823, Test MAPE: 11.7248
2026-01-27 13:50:46,142 - easytorch-training - INFO - Evaluate best model on test data for horizon 12, Test MAE: 17.4877, Test RMSE: 27.4157, Test MAPE: 13.0038
2026-01-27 13:50:46,146 - easytorch-training - INFO - Result <test>: [test_time: 1.80 (s), test_MAE: 15.3808, test_RMSE: 24.4326, test_MAPE: 10.7335]
2026-01-27 13:50:46,305 - easytorch-training - INFO - Checkpoint checkpoints/STMAFNet_300/7a9424dbdf56bedb1aca9acb56518206/STMAFNet_014.pt saved
2026-01-27 13:50:46,305 - easytorch-training - INFO - The estimated training finish time is 2026-01-27 17:18:35
2026-01-27 13:50:46,305 - easytorch-training - INFO - Epoch 15 / 300
2026-01-27 13:51:25,699 - easytorch-training - INFO - Result <train>: [train_time: 39.39 (s), lr: 1.00e-03, train_MAE: 15.9815, train_RMSE: 25.8229, train_MAPE: 11.4539]
2026-01-27 13:51:25,700 - easytorch-training - INFO - Start validation.
2026-01-27 13:51:27,646 - easytorch-training - INFO - Result <val>: [val_time: 1.95 (s), val_MAE: 15.7284, val_RMSE: 24.4513, val_MAPE: 11.9392]
2026-01-27 13:51:29,481 - easytorch-training - INFO - Evaluate best model on test data for horizon 1, Test MAE: 12.8122, Test RMSE: 19.9601, Test MAPE: 9.2769
2026-01-27 13:51:29,483 - easytorch-training - INFO - Evaluate best model on test data for horizon 2, Test MAE: 13.5139, Test RMSE: 21.2790, Test MAPE: 9.2027
2026-01-27 13:51:29,484 - easytorch-training - INFO - Evaluate best model on test data for horizon 3, Test MAE: 14.0403, Test RMSE: 22.2137, Test MAPE: 9.6957
2026-01-27 13:51:29,486 - easytorch-training - INFO - Evaluate best model on test data for horizon 4, Test MAE: 14.5988, Test RMSE: 23.1201, Test MAPE: 9.7053
2026-01-27 13:51:29,487 - easytorch-training - INFO - Evaluate best model on test data for horizon 5, Test MAE: 15.1881, Test RMSE: 23.9668, Test MAPE: 10.6673
2026-01-27 13:51:29,489 - easytorch-training - INFO - Evaluate best model on test data for horizon 6, Test MAE: 15.4257, Test RMSE: 24.4562, Test MAPE: 10.6382
2026-01-27 13:51:29,490 - easytorch-training - INFO - Evaluate best model on test data for horizon 7, Test MAE: 15.7501, Test RMSE: 25.0290, Test MAPE: 10.6810
2026-01-27 13:51:29,491 - easytorch-training - INFO - Evaluate best model on test data for horizon 8, Test MAE: 16.2796, Test RMSE: 25.6252, Test MAPE: 12.0273
2026-01-27 13:51:29,493 - easytorch-training - INFO - Evaluate best model on test data for horizon 9, Test MAE: 16.5610, Test RMSE: 26.0052, Test MAPE: 13.0814
2026-01-27 13:51:29,494 - easytorch-training - INFO - Evaluate best model on test data for horizon 10, Test MAE: 16.8224, Test RMSE: 26.3805, Test MAPE: 13.3174
2026-01-27 13:51:29,495 - easytorch-training - INFO - Evaluate best model on test data for horizon 11, Test MAE: 17.0742, Test RMSE: 26.8106, Test MAPE: 12.9797
2026-01-27 13:51:29,497 - easytorch-training - INFO - Evaluate best model on test data for horizon 12, Test MAE: 17.3970, Test RMSE: 27.3619, Test MAPE: 12.1953
2026-01-27 13:51:29,501 - easytorch-training - INFO - Result <test>: [test_time: 1.85 (s), test_MAE: 15.4553, test_RMSE: 24.4514, test_MAPE: 11.1223]
2026-01-27 13:51:29,665 - easytorch-training - INFO - Checkpoint checkpoints/STMAFNet_300/7a9424dbdf56bedb1aca9acb56518206/STMAFNet_015.pt saved
2026-01-27 13:51:29,665 - easytorch-training - INFO - The estimated training finish time is 2026-01-27 17:18:31
2026-01-27 13:51:29,665 - easytorch-training - INFO - Epoch 16 / 300
2026-01-27 13:52:09,448 - easytorch-training - INFO - Result <train>: [train_time: 39.78 (s), lr: 1.00e-03, train_MAE: 15.8533, train_RMSE: 25.6351, train_MAPE: 11.4792]
2026-01-27 13:52:09,449 - easytorch-training - INFO - Start validation.
2026-01-27 13:52:11,401 - easytorch-training - INFO - Result <val>: [val_time: 1.95 (s), val_MAE: 15.3369, val_RMSE: 24.1410, val_MAPE: 10.8396]
2026-01-27 13:52:11,575 - easytorch-training - INFO - Checkpoint checkpoints/STMAFNet_300/7a9424dbdf56bedb1aca9acb56518206/STMAFNet_best_val_MAE.pt saved
2026-01-27 13:52:13,487 - easytorch-training - INFO - Evaluate best model on test data for horizon 1, Test MAE: 12.7552, Test RMSE: 19.8730, Test MAPE: 8.4508
2026-01-27 13:52:13,489 - easytorch-training - INFO - Evaluate best model on test data for horizon 2, Test MAE: 13.3386, Test RMSE: 21.1219, Test MAPE: 8.6780
2026-01-27 13:52:13,490 - easytorch-training - INFO - Evaluate best model on test data for horizon 3, Test MAE: 13.9279, Test RMSE: 22.0521, Test MAPE: 9.9311
2026-01-27 13:52:13,491 - easytorch-training - INFO - Evaluate best model on test data for horizon 4, Test MAE: 14.3089, Test RMSE: 22.7953, Test MAPE: 10.0660
2026-01-27 13:52:13,492 - easytorch-training - INFO - Evaluate best model on test data for horizon 5, Test MAE: 14.6940, Test RMSE: 23.4696, Test MAPE: 9.7662
2026-01-27 13:52:13,493 - easytorch-training - INFO - Evaluate best model on test data for horizon 6, Test MAE: 15.0485, Test RMSE: 24.1140, Test MAPE: 9.7616
2026-01-27 13:52:13,494 - easytorch-training - INFO - Evaluate best model on test data for horizon 7, Test MAE: 15.3708, Test RMSE: 24.6317, Test MAPE: 10.5375
2026-01-27 13:52:13,495 - easytorch-training - INFO - Evaluate best model on test data for horizon 8, Test MAE: 15.8703, Test RMSE: 25.3888, Test MAPE: 10.2470
2026-01-27 13:52:13,496 - easytorch-training - INFO - Evaluate best model on test data for horizon 9, Test MAE: 16.1348, Test RMSE: 25.7259, Test MAPE: 10.5645
2026-01-27 13:52:13,498 - easytorch-training - INFO - Evaluate best model on test data for horizon 10, Test MAE: 16.3631, Test RMSE: 26.0296, Test MAPE: 10.7481
2026-01-27 13:52:13,499 - easytorch-training - INFO - Evaluate best model on test data for horizon 11, Test MAE: 16.5530, Test RMSE: 26.3781, Test MAPE: 10.9361
2026-01-27 13:52:13,500 - easytorch-training - INFO - Evaluate best model on test data for horizon 12, Test MAE: 16.9038, Test RMSE: 26.9447, Test MAPE: 11.4151
2026-01-27 13:52:13,504 - easytorch-training - INFO - Result <test>: [test_time: 1.93 (s), test_MAE: 15.1058, test_RMSE: 24.1381, test_MAPE: 10.0918]
2026-01-27 13:52:13,660 - easytorch-training - INFO - Checkpoint checkpoints/STMAFNet_300/7a9424dbdf56bedb1aca9acb56518206/STMAFNet_016.pt saved
2026-01-27 13:52:13,661 - easytorch-training - INFO - The estimated training finish time is 2026-01-27 17:18:38
2026-01-27 13:52:13,661 - easytorch-training - INFO - Epoch 17 / 300
2026-01-27 13:52:53,355 - easytorch-training - INFO - Result <train>: [train_time: 39.69 (s), lr: 1.00e-03, train_MAE: 15.7153, train_RMSE: 25.4758, train_MAPE: 11.2438]
2026-01-27 13:52:53,357 - easytorch-training - INFO - Start validation.
2026-01-27 13:52:55,296 - easytorch-training - INFO - Result <val>: [val_time: 1.94 (s), val_MAE: 15.4231, val_RMSE: 24.1004, val_MAPE: 11.2571]
2026-01-27 13:52:57,145 - easytorch-training - INFO - Evaluate best model on test data for horizon 1, Test MAE: 12.7016, Test RMSE: 19.8103, Test MAPE: 8.5093
2026-01-27 13:52:57,146 - easytorch-training - INFO - Evaluate best model on test data for horizon 2, Test MAE: 13.4133, Test RMSE: 21.0914, Test MAPE: 9.2124
2026-01-27 13:52:57,147 - easytorch-training - INFO - Evaluate best model on test data for horizon 3, Test MAE: 13.9659, Test RMSE: 22.0095, Test MAPE: 9.9122
2026-01-27 13:52:57,148 - easytorch-training - INFO - Evaluate best model on test data for horizon 4, Test MAE: 14.3697, Test RMSE: 22.7882, Test MAPE: 9.6419
2026-01-27 13:52:57,150 - easytorch-training - INFO - Evaluate best model on test data for horizon 5, Test MAE: 14.8096, Test RMSE: 23.4404, Test MAPE: 10.2832
2026-01-27 13:52:57,151 - easytorch-training - INFO - Evaluate best model on test data for horizon 6, Test MAE: 15.2132, Test RMSE: 24.1063, Test MAPE: 10.4853
2026-01-27 13:52:57,152 - easytorch-training - INFO - Evaluate best model on test data for horizon 7, Test MAE: 15.5390, Test RMSE: 24.5642, Test MAPE: 10.8877
2026-01-27 13:52:57,153 - easytorch-training - INFO - Evaluate best model on test data for horizon 8, Test MAE: 15.7671, Test RMSE: 25.0446, Test MAPE: 10.3922
2026-01-27 13:52:57,154 - easytorch-training - INFO - Evaluate best model on test data for horizon 9, Test MAE: 16.0626, Test RMSE: 25.4217, Test MAPE: 10.9155
2026-01-27 13:52:57,155 - easytorch-training - INFO - Evaluate best model on test data for horizon 10, Test MAE: 16.5129, Test RMSE: 25.8926, Test MAPE: 11.5047
2026-01-27 13:52:57,156 - easytorch-training - INFO - Evaluate best model on test data for horizon 11, Test MAE: 17.1208, Test RMSE: 26.5188, Test MAPE: 12.6675
2026-01-27 13:52:57,157 - easytorch-training - INFO - Evaluate best model on test data for horizon 12, Test MAE: 17.1621, Test RMSE: 26.8680, Test MAPE: 11.7450
2026-01-27 13:52:57,161 - easytorch-training - INFO - Result <test>: [test_time: 1.86 (s), test_MAE: 15.2198, test_RMSE: 24.0556, test_MAPE: 10.5131]
2026-01-27 13:52:57,306 - easytorch-training - INFO - Checkpoint checkpoints/STMAFNet_300/7a9424dbdf56bedb1aca9acb56518206/STMAFNet_017.pt saved
2026-01-27 13:52:57,307 - easytorch-training - INFO - The estimated training finish time is 2026-01-27 17:18:39
2026-01-27 13:52:57,307 - easytorch-training - INFO - Epoch 18 / 300
2026-01-27 13:53:36,648 - easytorch-training - INFO - Result <train>: [train_time: 39.34 (s), lr: 1.00e-03, train_MAE: 15.6353, train_RMSE: 25.3767, train_MAPE: 11.0712]
2026-01-27 13:53:36,649 - easytorch-training - INFO - Start validation.
2026-01-27 13:53:38,621 - easytorch-training - INFO - Result <val>: [val_time: 1.97 (s), val_MAE: 15.5526, val_RMSE: 24.2246, val_MAPE: 11.2999]
2026-01-27 13:53:40,476 - easytorch-training - INFO - Evaluate best model on test data for horizon 1, Test MAE: 12.8605, Test RMSE: 19.8774, Test MAPE: 9.2030
2026-01-27 13:53:40,477 - easytorch-training - INFO - Evaluate best model on test data for horizon 2, Test MAE: 13.3756, Test RMSE: 21.0562, Test MAPE: 8.8583
2026-01-27 13:53:40,478 - easytorch-training - INFO - Evaluate best model on test data for horizon 3, Test MAE: 13.9745, Test RMSE: 22.0300, Test MAPE: 9.2243
2026-01-27 13:53:40,479 - easytorch-training - INFO - Evaluate best model on test data for horizon 4, Test MAE: 14.3522, Test RMSE: 22.7827, Test MAPE: 9.6928
2026-01-27 13:53:40,481 - easytorch-training - INFO - Evaluate best model on test data for horizon 5, Test MAE: 14.6973, Test RMSE: 23.3686, Test MAPE: 9.8376
2026-01-27 13:53:40,482 - easytorch-training - INFO - Evaluate best model on test data for horizon 6, Test MAE: 15.1438, Test RMSE: 24.0032, Test MAPE: 10.1830
2026-01-27 13:53:40,483 - easytorch-training - INFO - Evaluate best model on test data for horizon 7, Test MAE: 15.4956, Test RMSE: 24.5609, Test MAPE: 10.2825
2026-01-27 13:53:40,484 - easytorch-training - INFO - Evaluate best model on test data for horizon 8, Test MAE: 15.9242, Test RMSE: 25.1598, Test MAPE: 10.6126
2026-01-27 13:53:40,485 - easytorch-training - INFO - Evaluate best model on test data for horizon 9, Test MAE: 16.3587, Test RMSE: 25.6655, Test MAPE: 11.3620
2026-01-27 13:53:40,486 - easytorch-training - INFO - Evaluate best model on test data for horizon 10, Test MAE: 16.6969, Test RMSE: 26.1501, Test MAPE: 12.0773
2026-01-27 13:53:40,487 - easytorch-training - INFO - Evaluate best model on test data for horizon 11, Test MAE: 17.0499, Test RMSE: 26.5972, Test MAPE: 12.2165
2026-01-27 13:53:40,488 - easytorch-training - INFO - Evaluate best model on test data for horizon 12, Test MAE: 17.2614, Test RMSE: 27.0428, Test MAPE: 11.4047
2026-01-27 13:53:40,492 - easytorch-training - INFO - Result <test>: [test_time: 1.87 (s), test_MAE: 15.2659, test_RMSE: 24.1223, test_MAPE: 10.4129]
2026-01-27 13:53:40,636 - easytorch-training - INFO - Checkpoint checkpoints/STMAFNet_300/7a9424dbdf56bedb1aca9acb56518206/STMAFNet_018.pt saved
2026-01-27 13:53:40,637 - easytorch-training - INFO - The estimated training finish time is 2026-01-27 17:18:34
2026-01-27 13:53:40,637 - easytorch-training - INFO - Epoch 19 / 300
2026-01-27 13:54:20,417 - easytorch-training - INFO - Result <train>: [train_time: 39.78 (s), lr: 5.00e-04, train_MAE: 15.1752, train_RMSE: 24.8616, train_MAPE: 10.3746]
2026-01-27 13:54:20,418 - easytorch-training - INFO - Start validation.
2026-01-27 13:54:22,435 - easytorch-training - INFO - Result <val>: [val_time: 2.02 (s), val_MAE: 14.8219, val_RMSE: 23.6169, val_MAPE: 10.2836]
2026-01-27 13:54:22,702 - easytorch-training - INFO - Checkpoint checkpoints/STMAFNet_300/7a9424dbdf56bedb1aca9acb56518206/STMAFNet_best_val_MAE.pt saved
2026-01-27 13:54:24,535 - easytorch-training - INFO - Evaluate best model on test data for horizon 1, Test MAE: 12.4464, Test RMSE: 19.6273, Test MAPE: 8.2185
2026-01-27 13:54:24,536 - easytorch-training - INFO - Evaluate best model on test data for horizon 2, Test MAE: 13.0250, Test RMSE: 20.8310, Test MAPE: 8.5061
2026-01-27 13:54:24,538 - easytorch-training - INFO - Evaluate best model on test data for horizon 3, Test MAE: 13.6472, Test RMSE: 21.8052, Test MAPE: 9.2049
2026-01-27 13:54:24,539 - easytorch-training - INFO - Evaluate best model on test data for horizon 4, Test MAE: 13.9457, Test RMSE: 22.4759, Test MAPE: 9.1543
2026-01-27 13:54:24,540 - easytorch-training - INFO - Evaluate best model on test data for horizon 5, Test MAE: 14.2741, Test RMSE: 23.1426, Test MAPE: 9.2158
2026-01-27 13:54:24,541 - easytorch-training - INFO - Evaluate best model on test data for horizon 6, Test MAE: 14.5883, Test RMSE: 23.7433, Test MAPE: 9.3673
2026-01-27 13:54:24,542 - easytorch-training - INFO - Evaluate best model on test data for horizon 7, Test MAE: 14.8333, Test RMSE: 24.1610, Test MAPE: 9.4929
2026-01-27 13:54:24,543 - easytorch-training - INFO - Evaluate best model on test data for horizon 8, Test MAE: 15.2066, Test RMSE: 24.6876, Test MAPE: 9.9684
2026-01-27 13:54:24,544 - easytorch-training - INFO - Evaluate best model on test data for horizon 9, Test MAE: 15.4022, Test RMSE: 25.0342, Test MAPE: 9.9389
2026-01-27 13:54:24,545 - easytorch-training - INFO - Evaluate best model on test data for horizon 10, Test MAE: 15.6724, Test RMSE: 25.4006, Test MAPE: 10.7539
2026-01-27 13:54:24,546 - easytorch-training - INFO - Evaluate best model on test data for horizon 11, Test MAE: 15.9054, Test RMSE: 25.8342, Test MAPE: 10.2629
2026-01-27 13:54:24,547 - easytorch-training - INFO - Evaluate best model on test data for horizon 12, Test MAE: 16.2273, Test RMSE: 26.2864, Test MAPE: 10.5656
2026-01-27 13:54:24,551 - easytorch-training - INFO - Result <test>: [test_time: 1.85 (s), test_MAE: 14.5978, test_RMSE: 23.6689, test_MAPE: 9.5541]
2026-01-27 13:54:24,695 - easytorch-training - INFO - Checkpoint checkpoints/STMAFNet_300/7a9424dbdf56bedb1aca9acb56518206/STMAFNet_019.pt saved
2026-01-27 13:54:24,696 - easytorch-training - INFO - The estimated training finish time is 2026-01-27 17:18:42
2026-01-27 13:54:24,696 - easytorch-training - INFO - Epoch 20 / 300
2026-01-27 13:55:04,282 - easytorch-training - INFO - Result <train>: [train_time: 39.59 (s), lr: 5.00e-04, train_MAE: 15.0310, train_RMSE: 24.6636, train_MAPE: 10.3425]
2026-01-27 13:55:04,284 - easytorch-training - INFO - Start validation.
2026-01-27 13:55:06,268 - easytorch-training - INFO - Result <val>: [val_time: 1.98 (s), val_MAE: 14.7954, val_RMSE: 23.5519, val_MAPE: 10.5714]
2026-01-27 13:55:06,621 - easytorch-training - INFO - Checkpoint checkpoints/STMAFNet_300/7a9424dbdf56bedb1aca9acb56518206/STMAFNet_best_val_MAE.pt saved
2026-01-27 13:55:08,464 - easytorch-training - INFO - Evaluate best model on test data for horizon 1, Test MAE: 12.4334, Test RMSE: 19.5927, Test MAPE: 8.0971
2026-01-27 13:55:08,465 - easytorch-training - INFO - Evaluate best model on test data for horizon 2, Test MAE: 13.0260, Test RMSE: 20.7698, Test MAPE: 8.7172
2026-01-27 13:55:08,466 - easytorch-training - INFO - Evaluate best model on test data for horizon 3, Test MAE: 13.4822, Test RMSE: 21.6138, Test MAPE: 8.8381
2026-01-27 13:55:08,467 - easytorch-training - INFO - Evaluate best model on test data for horizon 4, Test MAE: 13.8439, Test RMSE: 22.3414, Test MAPE: 9.0686
2026-01-27 13:55:08,468 - easytorch-training - INFO - Evaluate best model on test data for horizon 5, Test MAE: 14.1748, Test RMSE: 22.9561, Test MAPE: 9.1895
2026-01-27 13:55:08,469 - easytorch-training - INFO - Evaluate best model on test data for horizon 6, Test MAE: 14.4911, Test RMSE: 23.5250, Test MAPE: 9.4208
2026-01-27 13:55:08,471 - easytorch-training - INFO - Evaluate best model on test data for horizon 7, Test MAE: 14.8818, Test RMSE: 24.1093, Test MAPE: 10.0649
2026-01-27 13:55:08,472 - easytorch-training - INFO - Evaluate best model on test data for horizon 8, Test MAE: 15.1914, Test RMSE: 24.5926, Test MAPE: 10.3147
2026-01-27 13:55:08,473 - easytorch-training - INFO - Evaluate best model on test data for horizon 9, Test MAE: 15.3960, Test RMSE: 24.9822, Test MAPE: 10.0647
2026-01-27 13:55:08,474 - easytorch-training - INFO - Evaluate best model on test data for horizon 10, Test MAE: 15.6099, Test RMSE: 25.3360, Test MAPE: 10.3043
2026-01-27 13:55:08,475 - easytorch-training - INFO - Evaluate best model on test data for horizon 11, Test MAE: 15.9535, Test RMSE: 25.7518, Test MAPE: 10.9894
2026-01-27 13:55:08,476 - easytorch-training - INFO - Evaluate best model on test data for horizon 12, Test MAE: 16.4341, Test RMSE: 26.2790, Test MAPE: 12.8419
2026-01-27 13:55:08,480 - easytorch-training - INFO - Result <test>: [test_time: 1.86 (s), test_MAE: 14.5765, test_RMSE: 23.5722, test_MAPE: 9.8259]
2026-01-27 13:55:08,626 - easytorch-training - INFO - Checkpoint checkpoints/STMAFNet_300/7a9424dbdf56bedb1aca9acb56518206/STMAFNet_020.pt saved
2026-01-27 13:55:08,640 - easytorch-training - INFO - The estimated training finish time is 2026-01-27 17:18:46
2026-01-27 13:55:08,640 - easytorch-training - INFO - Epoch 21 / 300
2026-01-27 13:55:47,815 - easytorch-training - INFO - Result <train>: [train_time: 39.17 (s), lr: 5.00e-04, train_MAE: 14.9514, train_RMSE: 24.5628, train_MAPE: 10.2425]
2026-01-27 13:55:47,817 - easytorch-training - INFO - Start validation.
2026-01-27 13:55:49,768 - easytorch-training - INFO - Result <val>: [val_time: 1.95 (s), val_MAE: 14.7480, val_RMSE: 23.5255, val_MAPE: 10.5099]
2026-01-27 13:55:50,086 - easytorch-training - INFO - Checkpoint checkpoints/STMAFNet_300/7a9424dbdf56bedb1aca9acb56518206/STMAFNet_best_val_MAE.pt saved
2026-01-27 13:55:51,935 - easytorch-training - INFO - Evaluate best model on test data for horizon 1, Test MAE: 12.4470, Test RMSE: 19.5958, Test MAPE: 8.8727
2026-01-27 13:55:51,936 - easytorch-training - INFO - Evaluate best model on test data for horizon 2, Test MAE: 12.9735, Test RMSE: 20.7150, Test MAPE: 8.6304
2026-01-27 13:55:51,937 - easytorch-training - INFO - Evaluate best model on test data for horizon 3, Test MAE: 13.3959, Test RMSE: 21.5572, Test MAPE: 8.7331
2026-01-27 13:55:51,938 - easytorch-training - INFO - Evaluate best model on test data for horizon 4, Test MAE: 13.7997, Test RMSE: 22.2976, Test MAPE: 9.0195
2026-01-27 13:55:51,939 - easytorch-training - INFO - Evaluate best model on test data for horizon 5, Test MAE: 14.1582, Test RMSE: 22.9410, Test MAPE: 9.1453
2026-01-27 13:55:51,940 - easytorch-training - INFO - Evaluate best model on test data for horizon 6, Test MAE: 14.4495, Test RMSE: 23.5037, Test MAPE: 9.4877
2026-01-27 13:55:51,941 - easytorch-training - INFO - Evaluate best model on test data for horizon 7, Test MAE: 14.7400, Test RMSE: 23.9996, Test MAPE: 9.6617
2026-01-27 13:55:51,942 - easytorch-training - INFO - Evaluate best model on test data for horizon 8, Test MAE: 15.0391, Test RMSE: 24.4950, Test MAPE: 10.1000
2026-01-27 13:55:51,944 - easytorch-training - INFO - Evaluate best model on test data for horizon 9, Test MAE: 15.3162, Test RMSE: 24.9065, Test MAPE: 10.0179
2026-01-27 13:55:51,945 - easytorch-training - INFO - Evaluate best model on test data for horizon 10, Test MAE: 15.6532, Test RMSE: 25.3573, Test MAPE: 10.5050
2026-01-27 13:55:51,946 - easytorch-training - INFO - Evaluate best model on test data for horizon 11, Test MAE: 15.9307, Test RMSE: 25.7645, Test MAPE: 10.8111
2026-01-27 13:55:51,947 - easytorch-training - INFO - Evaluate best model on test data for horizon 12, Test MAE: 16.3119, Test RMSE: 26.2233, Test MAPE: 11.6562
2026-01-27 13:55:51,951 - easytorch-training - INFO - Result <test>: [test_time: 1.86 (s), test_MAE: 14.5179, test_RMSE: 23.5310, test_MAPE: 9.7200]
2026-01-27 13:55:52,095 - easytorch-training - INFO - Checkpoint checkpoints/STMAFNet_300/7a9424dbdf56bedb1aca9acb56518206/STMAFNet_021.pt saved
2026-01-27 13:55:52,096 - easytorch-training - INFO - The estimated training finish time is 2026-01-27 17:18:44
2026-01-27 13:55:52,096 - easytorch-training - INFO - Epoch 22 / 300
2026-01-27 13:56:31,347 - easytorch-training - INFO - Result <train>: [train_time: 39.25 (s), lr: 5.00e-04, train_MAE: 14.8463, train_RMSE: 24.4211, train_MAPE: 10.2104]
2026-01-27 13:56:31,348 - easytorch-training - INFO - Start validation.
2026-01-27 13:56:33,267 - easytorch-training - INFO - Result <val>: [val_time: 1.92 (s), val_MAE: 14.6575, val_RMSE: 23.3708, val_MAPE: 10.6589]
2026-01-27 13:56:33,437 - easytorch-training - INFO - Checkpoint checkpoints/STMAFNet_300/7a9424dbdf56bedb1aca9acb56518206/STMAFNet_best_val_MAE.pt saved
2026-01-27 13:56:35,279 - easytorch-training - INFO - Evaluate best model on test data for horizon 1, Test MAE: 12.5515, Test RMSE: 19.6494, Test MAPE: 8.7191
2026-01-27 13:56:35,280 - easytorch-training - INFO - Evaluate best model on test data for horizon 2, Test MAE: 12.9850, Test RMSE: 20.7129, Test MAPE: 9.0730
2026-01-27 13:56:35,282 - easytorch-training - INFO - Evaluate best model on test data for horizon 3, Test MAE: 13.4252, Test RMSE: 21.5913, Test MAPE: 8.6351
2026-01-27 13:56:35,283 - easytorch-training - INFO - Evaluate best model on test data for horizon 4, Test MAE: 13.7601, Test RMSE: 22.2636, Test MAPE: 9.3103
2026-01-27 13:56:35,284 - easytorch-training - INFO - Evaluate best model on test data for horizon 5, Test MAE: 14.2414, Test RMSE: 22.9414, Test MAPE: 10.7707
2026-01-27 13:56:35,285 - easytorch-training - INFO - Evaluate best model on test data for horizon 6, Test MAE: 14.3522, Test RMSE: 23.4251, Test MAPE: 9.2058
2026-01-27 13:56:35,286 - easytorch-training - INFO - Evaluate best model on test data for horizon 7, Test MAE: 14.7593, Test RMSE: 24.0169, Test MAPE: 9.9705
2026-01-27 13:56:35,287 - easytorch-training - INFO - Evaluate best model on test data for horizon 8, Test MAE: 15.0588, Test RMSE: 24.4512, Test MAPE: 10.7644
2026-01-27 13:56:35,288 - easytorch-training - INFO - Evaluate best model on test data for horizon 9, Test MAE: 15.1745, Test RMSE: 24.7551, Test MAPE: 10.2774
2026-01-27 13:56:35,289 - easytorch-training - INFO - Evaluate best model on test data for horizon 10, Test MAE: 15.3690, Test RMSE: 25.1111, Test MAPE: 10.0244
2026-01-27 13:56:35,290 - easytorch-training - INFO - Evaluate best model on test data for horizon 11, Test MAE: 15.5803, Test RMSE: 25.4676, Test MAPE: 10.1498
2026-01-27 13:56:35,291 - easytorch-training - INFO - Evaluate best model on test data for horizon 12, Test MAE: 15.8841, Test RMSE: 25.9167, Test MAPE: 10.5067
2026-01-27 13:56:35,295 - easytorch-training - INFO - Result <test>: [test_time: 1.86 (s), test_MAE: 14.4284, test_RMSE: 23.4349, test_MAPE: 9.7839]
2026-01-27 13:56:35,439 - easytorch-training - INFO - Checkpoint checkpoints/STMAFNet_300/7a9424dbdf56bedb1aca9acb56518206/STMAFNet_022.pt saved
2026-01-27 13:56:35,440 - easytorch-training - INFO - The estimated training finish time is 2026-01-27 17:18:40
2026-01-27 13:56:35,440 - easytorch-training - INFO - Epoch 23 / 300
2026-01-27 13:57:14,807 - easytorch-training - INFO - Result <train>: [train_time: 39.37 (s), lr: 5.00e-04, train_MAE: 14.7914, train_RMSE: 24.3473, train_MAPE: 10.2072]
2026-01-27 13:57:14,808 - easytorch-training - INFO - Start validation.
2026-01-27 13:57:16,753 - easytorch-training - INFO - Result <val>: [val_time: 1.94 (s), val_MAE: 14.5517, val_RMSE: 23.3631, val_MAPE: 10.6529]
2026-01-27 13:57:17,006 - easytorch-training - INFO - Checkpoint checkpoints/STMAFNet_300/7a9424dbdf56bedb1aca9acb56518206/STMAFNet_best_val_MAE.pt saved
2026-01-27 13:57:18,822 - easytorch-training - INFO - Evaluate best model on test data for horizon 1, Test MAE: 12.3969, Test RMSE: 19.5040, Test MAPE: 8.7729
2026-01-27 13:57:18,824 - easytorch-training - INFO - Evaluate best model on test data for horizon 2, Test MAE: 12.9040, Test RMSE: 20.6078, Test MAPE: 9.3095
2026-01-27 13:57:18,825 - easytorch-training - INFO - Evaluate best model on test data for horizon 3, Test MAE: 13.2759, Test RMSE: 21.4613, Test MAPE: 8.6729
2026-01-27 13:57:18,826 - easytorch-training - INFO - Evaluate best model on test data for horizon 4, Test MAE: 13.6831, Test RMSE: 22.1941, Test MAPE: 9.1634
2026-01-27 13:57:18,827 - easytorch-training - INFO - Evaluate best model on test data for horizon 5, Test MAE: 14.0244, Test RMSE: 22.8071, Test MAPE: 9.8847
2026-01-27 13:57:18,828 - easytorch-training - INFO - Evaluate best model on test data for horizon 6, Test MAE: 14.3003, Test RMSE: 23.4084, Test MAPE: 9.4294
2026-01-27 13:57:18,829 - easytorch-training - INFO - Evaluate best model on test data for horizon 7, Test MAE: 14.5978, Test RMSE: 23.9457, Test MAPE: 9.8729
2026-01-27 13:57:18,830 - easytorch-training - INFO - Evaluate best model on test data for horizon 8, Test MAE: 14.9216, Test RMSE: 24.4368, Test MAPE: 10.7027
2026-01-27 13:57:18,832 - easytorch-training - INFO - Evaluate best model on test data for horizon 9, Test MAE: 15.0962, Test RMSE: 24.8205, Test MAPE: 10.0126
2026-01-27 13:57:18,833 - easytorch-training - INFO - Evaluate best model on test data for horizon 10, Test MAE: 15.3342, Test RMSE: 25.2231, Test MAPE: 10.0985
2026-01-27 13:57:18,834 - easytorch-training - INFO - Evaluate best model on test data for horizon 11, Test MAE: 15.5788, Test RMSE: 25.6105, Test MAPE: 10.3439
2026-01-27 13:57:18,835 - easytorch-training - INFO - Evaluate best model on test data for horizon 12, Test MAE: 15.8864, Test RMSE: 26.0760, Test MAPE: 10.5243
2026-01-27 13:57:18,839 - easytorch-training - INFO - Result <test>: [test_time: 1.83 (s), test_MAE: 14.3333, test_RMSE: 23.4255, test_MAPE: 9.7323]
2026-01-27 13:57:18,985 - easytorch-training - INFO - Checkpoint checkpoints/STMAFNet_300/7a9424dbdf56bedb1aca9acb56518206/STMAFNet_023.pt saved
2026-01-27 13:57:18,985 - easytorch-training - INFO - The estimated training finish time is 2026-01-27 17:18:39
2026-01-27 13:57:18,986 - easytorch-training - INFO - Epoch 24 / 300
2026-01-27 13:57:58,424 - easytorch-training - INFO - Result <train>: [train_time: 39.44 (s), lr: 5.00e-04, train_MAE: 14.7351, train_RMSE: 24.2602, train_MAPE: 10.1213]
2026-01-27 13:57:58,426 - easytorch-training - INFO - Start validation.
2026-01-27 13:58:00,446 - easytorch-training - INFO - Result <val>: [val_time: 2.02 (s), val_MAE: 14.5497, val_RMSE: 23.2699, val_MAPE: 11.1369]
2026-01-27 13:58:00,613 - easytorch-training - INFO - Checkpoint checkpoints/STMAFNet_300/7a9424dbdf56bedb1aca9acb56518206/STMAFNet_best_val_MAE.pt saved
2026-01-27 13:58:02,489 - easytorch-training - INFO - Evaluate best model on test data for horizon 1, Test MAE: 12.4330, Test RMSE: 19.5549, Test MAPE: 8.1883
2026-01-27 13:58:02,490 - easytorch-training - INFO - Evaluate best model on test data for horizon 2, Test MAE: 12.9406, Test RMSE: 20.6291, Test MAPE: 9.3408
2026-01-27 13:58:02,491 - easytorch-training - INFO - Evaluate best model on test data for horizon 3, Test MAE: 13.3220, Test RMSE: 21.4419, Test MAPE: 9.4311
2026-01-27 13:58:02,492 - easytorch-training - INFO - Evaluate best model on test data for horizon 4, Test MAE: 13.6219, Test RMSE: 22.1202, Test MAPE: 9.3099
2026-01-27 13:58:02,493 - easytorch-training - INFO - Evaluate best model on test data for horizon 5, Test MAE: 14.0800, Test RMSE: 22.7662, Test MAPE: 10.6977
2026-01-27 13:58:02,494 - easytorch-training - INFO - Evaluate best model on test data for horizon 6, Test MAE: 14.4664, Test RMSE: 23.3482, Test MAPE: 11.3996
2026-01-27 13:58:02,495 - easytorch-training - INFO - Evaluate best model on test data for horizon 7, Test MAE: 14.5255, Test RMSE: 23.7638, Test MAPE: 9.9021
2026-01-27 13:58:02,497 - easytorch-training - INFO - Evaluate best model on test data for horizon 8, Test MAE: 14.8845, Test RMSE: 24.2180, Test MAPE: 10.7858
2026-01-27 13:58:02,498 - easytorch-training - INFO - Evaluate best model on test data for horizon 9, Test MAE: 15.0542, Test RMSE: 24.5713, Test MAPE: 10.5349
2026-01-27 13:58:02,499 - easytorch-training - INFO - Evaluate best model on test data for horizon 10, Test MAE: 15.2490, Test RMSE: 24.8962, Test MAPE: 10.4382
2026-01-27 13:58:02,500 - easytorch-training - INFO - Evaluate best model on test data for horizon 11, Test MAE: 15.5878, Test RMSE: 25.2720, Test MAPE: 11.2426
2026-01-27 13:58:02,501 - easytorch-training - INFO - Evaluate best model on test data for horizon 12, Test MAE: 15.7851, Test RMSE: 25.6687, Test MAPE: 10.8816
2026-01-27 13:58:02,505 - easytorch-training - INFO - Result <test>: [test_time: 1.89 (s), test_MAE: 14.3292, test_RMSE: 23.2608, test_MAPE: 10.1794]
2026-01-27 13:58:02,736 - easytorch-training - INFO - Checkpoint checkpoints/STMAFNet_300/7a9424dbdf56bedb1aca9acb56518206/STMAFNet_024.pt saved
2026-01-27 13:58:02,737 - easytorch-training - INFO - The estimated training finish time is 2026-01-27 17:18:41
2026-01-27 13:58:02,737 - easytorch-training - INFO - Epoch 25 / 300
2026-01-27 13:58:42,297 - easytorch-training - INFO - Result <train>: [train_time: 39.56 (s), lr: 5.00e-04, train_MAE: 14.6785, train_RMSE: 24.1858, train_MAPE: 10.0377]
2026-01-27 13:58:42,299 - easytorch-training - INFO - Start validation.
2026-01-27 13:58:44,247 - easytorch-training - INFO - Result <val>: [val_time: 1.95 (s), val_MAE: 14.6359, val_RMSE: 23.3836, val_MAPE: 10.2706]
2026-01-27 13:58:46,075 - easytorch-training - INFO - Evaluate best model on test data for horizon 1, Test MAE: 12.5103, Test RMSE: 19.6234, Test MAPE: 8.1317
2026-01-27 13:58:46,078 - easytorch-training - INFO - Evaluate best model on test data for horizon 2, Test MAE: 12.9990, Test RMSE: 20.7376, Test MAPE: 8.3502
2026-01-27 13:58:46,081 - easytorch-training - INFO - Evaluate best model on test data for horizon 3, Test MAE: 13.4244, Test RMSE: 21.5663, Test MAPE: 8.5496
2026-01-27 13:58:46,084 - easytorch-training - INFO - Evaluate best model on test data for horizon 4, Test MAE: 13.7312, Test RMSE: 22.2120, Test MAPE: 8.7999
2026-01-27 13:58:46,085 - easytorch-training - INFO - Evaluate best model on test data for horizon 5, Test MAE: 14.1081, Test RMSE: 22.8647, Test MAPE: 9.0481
2026-01-27 13:58:46,087 - easytorch-training - INFO - Evaluate best model on test data for horizon 6, Test MAE: 14.3354, Test RMSE: 23.4039, Test MAPE: 9.2896
2026-01-27 13:58:46,088 - easytorch-training - INFO - Evaluate best model on test data for horizon 7, Test MAE: 14.7154, Test RMSE: 23.9802, Test MAPE: 9.4369
2026-01-27 13:58:46,089 - easytorch-training - INFO - Evaluate best model on test data for horizon 8, Test MAE: 15.0505, Test RMSE: 24.4774, Test MAPE: 10.0121
2026-01-27 13:58:46,091 - easytorch-training - INFO - Evaluate best model on test data for horizon 9, Test MAE: 15.2928, Test RMSE: 24.8675, Test MAPE: 10.5286
2026-01-27 13:58:46,092 - easytorch-training - INFO - Evaluate best model on test data for horizon 10, Test MAE: 15.4901, Test RMSE: 25.1694, Test MAPE: 10.5020
2026-01-27 13:58:46,093 - easytorch-training - INFO - Evaluate best model on test data for horizon 11, Test MAE: 15.6979, Test RMSE: 25.5388, Test MAPE: 10.6952
2026-01-27 13:58:46,095 - easytorch-training - INFO - Evaluate best model on test data for horizon 12, Test MAE: 15.9719, Test RMSE: 25.9163, Test MAPE: 10.5574
2026-01-27 13:58:46,098 - easytorch-training - INFO - Result <test>: [test_time: 1.85 (s), test_MAE: 14.4439, test_RMSE: 23.4416, test_MAPE: 9.4918]
2026-01-27 13:58:46,274 - easytorch-training - INFO - Checkpoint checkpoints/STMAFNet_300/7a9424dbdf56bedb1aca9acb56518206/STMAFNet_025.pt saved
2026-01-27 13:58:46,275 - easytorch-training - INFO - The estimated training finish time is 2026-01-27 17:18:40
2026-01-27 13:58:46,275 - easytorch-training - INFO - Epoch 26 / 300
2026-01-27 13:59:25,825 - easytorch-training - INFO - Result <train>: [train_time: 39.55 (s), lr: 5.00e-04, train_MAE: 14.6158, train_RMSE: 24.0973, train_MAPE: 10.0281]
2026-01-27 13:59:25,827 - easytorch-training - INFO - Start validation.
2026-01-27 13:59:27,796 - easytorch-training - INFO - Result <val>: [val_time: 1.97 (s), val_MAE: 14.4893, val_RMSE: 23.2886, val_MAPE: 11.5204]
2026-01-27 13:59:28,112 - easytorch-training - INFO - Checkpoint checkpoints/STMAFNet_300/7a9424dbdf56bedb1aca9acb56518206/STMAFNet_best_val_MAE.pt saved
2026-01-27 13:59:29,954 - easytorch-training - INFO - Evaluate best model on test data for horizon 1, Test MAE: 12.4930, Test RMSE: 19.4981, Test MAPE: 10.7945
2026-01-27 13:59:29,956 - easytorch-training - INFO - Evaluate best model on test data for horizon 2, Test MAE: 12.9294, Test RMSE: 20.5967, Test MAPE: 10.2796
2026-01-27 13:59:29,957 - easytorch-training - INFO - Evaluate best model on test data for horizon 3, Test MAE: 13.4184, Test RMSE: 21.5147, Test MAPE: 11.0848
2026-01-27 13:59:29,958 - easytorch-training - INFO - Evaluate best model on test data for horizon 4, Test MAE: 13.8290, Test RMSE: 22.2240, Test MAPE: 11.7327
2026-01-27 13:59:29,959 - easytorch-training - INFO - Evaluate best model on test data for horizon 5, Test MAE: 14.0463, Test RMSE: 22.9047, Test MAPE: 10.7787
2026-01-27 13:59:29,960 - easytorch-training - INFO - Evaluate best model on test data for horizon 6, Test MAE: 14.2360, Test RMSE: 23.4562, Test MAPE: 9.8873
2026-01-27 13:59:29,961 - easytorch-training - INFO - Evaluate best model on test data for horizon 7, Test MAE: 14.5104, Test RMSE: 24.0033, Test MAPE: 9.7722
2026-01-27 13:59:29,962 - easytorch-training - INFO - Evaluate best model on test data for horizon 8, Test MAE: 14.8308, Test RMSE: 24.5552, Test MAPE: 10.5193
2026-01-27 13:59:29,963 - easytorch-training - INFO - Evaluate best model on test data for horizon 9, Test MAE: 14.9906, Test RMSE: 24.8953, Test MAPE: 10.1014
2026-01-27 13:59:29,964 - easytorch-training - INFO - Evaluate best model on test data for horizon 10, Test MAE: 15.2147, Test RMSE: 25.2647, Test MAPE: 10.8386
2026-01-27 13:59:29,965 - easytorch-training - INFO - Evaluate best model on test data for horizon 11, Test MAE: 15.4716, Test RMSE: 25.6724, Test MAPE: 10.9214
2026-01-27 13:59:29,967 - easytorch-training - INFO - Evaluate best model on test data for horizon 12, Test MAE: 15.7411, Test RMSE: 26.1422, Test MAPE: 10.4045
2026-01-27 13:59:29,970 - easytorch-training - INFO - Result <test>: [test_time: 1.86 (s), test_MAE: 14.3093, test_RMSE: 23.4799, test_MAPE: 10.5929]
2026-01-27 13:59:30,116 - easytorch-training - INFO - Checkpoint checkpoints/STMAFNet_300/7a9424dbdf56bedb1aca9acb56518206/STMAFNet_026.pt saved
2026-01-27 13:59:30,116 - easytorch-training - INFO - The estimated training finish time is 2026-01-27 17:18:42
2026-01-27 13:59:30,116 - easytorch-training - INFO - Epoch 27 / 300
2026-01-27 14:00:09,164 - easytorch-training - INFO - Result <train>: [train_time: 39.05 (s), lr: 5.00e-04, train_MAE: 14.5698, train_RMSE: 24.0295, train_MAPE: 10.0533]
2026-01-27 14:00:09,166 - easytorch-training - INFO - Start validation.
2026-01-27 14:00:11,222 - easytorch-training - INFO - Result <val>: [val_time: 2.06 (s), val_MAE: 14.4973, val_RMSE: 23.2467, val_MAPE: 10.4116]
2026-01-27 14:00:13,163 - easytorch-training - INFO - Evaluate best model on test data for horizon 1, Test MAE: 12.3862, Test RMSE: 19.4861, Test MAPE: 8.2030
2026-01-27 14:00:13,166 - easytorch-training - INFO - Evaluate best model on test data for horizon 2, Test MAE: 12.8811, Test RMSE: 20.5895, Test MAPE: 8.6047
2026-01-27 14:00:13,167 - easytorch-training - INFO - Evaluate best model on test data for horizon 3, Test MAE: 13.4019, Test RMSE: 21.4645, Test MAPE: 9.3512
2026-01-27 14:00:13,168 - easytorch-training - INFO - Evaluate best model on test data for horizon 4, Test MAE: 13.7217, Test RMSE: 22.1422, Test MAPE: 9.6911
2026-01-27 14:00:13,169 - easytorch-training - INFO - Evaluate best model on test data for horizon 5, Test MAE: 13.9879, Test RMSE: 22.7242, Test MAPE: 9.5638
2026-01-27 14:00:13,170 - easytorch-training - INFO - Evaluate best model on test data for horizon 6, Test MAE: 14.2074, Test RMSE: 23.2865, Test MAPE: 9.4041
2026-01-27 14:00:13,171 - easytorch-training - INFO - Evaluate best model on test data for horizon 7, Test MAE: 14.5087, Test RMSE: 23.7662, Test MAPE: 9.5490
2026-01-27 14:00:13,172 - easytorch-training - INFO - Evaluate best model on test data for horizon 8, Test MAE: 14.8176, Test RMSE: 24.2883, Test MAPE: 9.6785
2026-01-27 14:00:13,174 - easytorch-training - INFO - Evaluate best model on test data for horizon 9, Test MAE: 15.0497, Test RMSE: 24.6665, Test MAPE: 9.9040
2026-01-27 14:00:13,175 - easytorch-training - INFO - Evaluate best model on test data for horizon 10, Test MAE: 15.2971, Test RMSE: 25.0240, Test MAPE: 10.0770
2026-01-27 14:00:13,176 - easytorch-training - INFO - Evaluate best model on test data for horizon 11, Test MAE: 15.5555, Test RMSE: 25.3930, Test MAPE: 10.4105
2026-01-27 14:00:13,177 - easytorch-training - INFO - Evaluate best model on test data for horizon 12, Test MAE: 15.8593, Test RMSE: 25.8302, Test MAPE: 10.6686
2026-01-27 14:00:13,181 - easytorch-training - INFO - Result <test>: [test_time: 1.96 (s), test_MAE: 14.3062, test_RMSE: 23.3000, test_MAPE: 9.5921]
2026-01-27 14:00:13,326 - easytorch-training - INFO - Checkpoint checkpoints/STMAFNet_300/7a9424dbdf56bedb1aca9acb56518206/STMAFNet_027.pt saved
2026-01-27 14:00:13,326 - easytorch-training - INFO - The estimated training finish time is 2026-01-27 17:18:38
2026-01-27 14:00:13,327 - easytorch-training - INFO - Epoch 28 / 300
2026-01-27 14:00:52,869 - easytorch-training - INFO - Result <train>: [train_time: 39.54 (s), lr: 5.00e-04, train_MAE: 14.4965, train_RMSE: 23.9379, train_MAPE: 10.0091]
2026-01-27 14:00:52,870 - easytorch-training - INFO - Start validation.
2026-01-27 14:00:54,804 - easytorch-training - INFO - Result <val>: [val_time: 1.93 (s), val_MAE: 14.4449, val_RMSE: 23.2463, val_MAPE: 10.2844]
2026-01-27 14:00:55,157 - easytorch-training - INFO - Checkpoint checkpoints/STMAFNet_300/7a9424dbdf56bedb1aca9acb56518206/STMAFNet_best_val_MAE.pt saved
2026-01-27 14:00:57,017 - easytorch-training - INFO - Evaluate best model on test data for horizon 1, Test MAE: 12.3030, Test RMSE: 19.4761, Test MAPE: 8.0320
2026-01-27 14:00:57,018 - easytorch-training - INFO - Evaluate best model on test data for horizon 2, Test MAE: 12.8559, Test RMSE: 20.5911, Test MAPE: 8.4286
2026-01-27 14:00:57,019 - easytorch-training - INFO - Evaluate best model on test data for horizon 3, Test MAE: 13.3203, Test RMSE: 21.4484, Test MAPE: 8.8340
2026-01-27 14:00:57,020 - easytorch-training - INFO - Evaluate best model on test data for horizon 4, Test MAE: 13.5377, Test RMSE: 22.0896, Test MAPE: 8.9156
2026-01-27 14:00:57,021 - easytorch-training - INFO - Evaluate best model on test data for horizon 5, Test MAE: 13.9436, Test RMSE: 22.7372, Test MAPE: 9.5892
2026-01-27 14:00:57,022 - easytorch-training - INFO - Evaluate best model on test data for horizon 6, Test MAE: 14.1643, Test RMSE: 23.2655, Test MAPE: 9.2338
2026-01-27 14:00:57,023 - easytorch-training - INFO - Evaluate best model on test data for horizon 7, Test MAE: 14.5832, Test RMSE: 23.8802, Test MAPE: 10.1619
2026-01-27 14:00:57,025 - easytorch-training - INFO - Evaluate best model on test data for horizon 8, Test MAE: 14.7900, Test RMSE: 24.2643, Test MAPE: 9.5924
2026-01-27 14:00:57,026 - easytorch-training - INFO - Evaluate best model on test data for horizon 9, Test MAE: 15.0227, Test RMSE: 24.6565, Test MAPE: 9.7798
2026-01-27 14:00:57,027 - easytorch-training - INFO - Evaluate best model on test data for horizon 10, Test MAE: 15.1868, Test RMSE: 25.0115, Test MAPE: 10.0144
2026-01-27 14:00:57,028 - easytorch-training - INFO - Evaluate best model on test data for horizon 11, Test MAE: 15.4563, Test RMSE: 25.3637, Test MAPE: 10.0028
2026-01-27 14:00:57,029 - easytorch-training - INFO - Evaluate best model on test data for horizon 12, Test MAE: 15.7658, Test RMSE: 25.8278, Test MAPE: 10.8443
2026-01-27 14:00:57,033 - easytorch-training - INFO - Result <test>: [test_time: 1.88 (s), test_MAE: 14.2441, test_RMSE: 23.2961, test_MAPE: 9.4524]
2026-01-27 14:00:57,176 - easytorch-training - INFO - Checkpoint checkpoints/STMAFNet_300/7a9424dbdf56bedb1aca9acb56518206/STMAFNet_028.pt saved
2026-01-27 14:00:57,176 - easytorch-training - INFO - The estimated training finish time is 2026-01-27 17:18:40
2026-01-27 14:00:57,176 - easytorch-training - INFO - Epoch 29 / 300
2026-01-27 14:01:36,718 - easytorch-training - INFO - Result <train>: [train_time: 39.54 (s), lr: 5.00e-04, train_MAE: 14.4550, train_RMSE: 23.8861, train_MAPE: 9.8942]
2026-01-27 14:01:36,720 - easytorch-training - INFO - Start validation.
2026-01-27 14:01:38,660 - easytorch-training - INFO - Result <val>: [val_time: 1.94 (s), val_MAE: 14.3292, val_RMSE: 23.1900, val_MAPE: 10.2919]
2026-01-27 14:01:39,007 - easytorch-training - INFO - Checkpoint checkpoints/STMAFNet_300/7a9424dbdf56bedb1aca9acb56518206/STMAFNet_best_val_MAE.pt saved
2026-01-27 14:01:40,871 - easytorch-training - INFO - Evaluate best model on test data for horizon 1, Test MAE: 12.2242, Test RMSE: 19.4041, Test MAPE: 8.0697
2026-01-27 14:01:40,872 - easytorch-training - INFO - Evaluate best model on test data for horizon 2, Test MAE: 12.7896, Test RMSE: 20.5613, Test MAPE: 8.3618
2026-01-27 14:01:40,873 - easytorch-training - INFO - Evaluate best model on test data for horizon 3, Test MAE: 13.1713, Test RMSE: 21.3566, Test MAPE: 8.6320
2026-01-27 14:01:40,874 - easytorch-training - INFO - Evaluate best model on test data for horizon 4, Test MAE: 13.5064, Test RMSE: 22.0585, Test MAPE: 8.9252
2026-01-27 14:01:40,875 - easytorch-training - INFO - Evaluate best model on test data for horizon 5, Test MAE: 13.8354, Test RMSE: 22.7011, Test MAPE: 9.0768
2026-01-27 14:01:40,876 - easytorch-training - INFO - Evaluate best model on test data for horizon 6, Test MAE: 14.0875, Test RMSE: 23.2670, Test MAPE: 9.2404
2026-01-27 14:01:40,878 - easytorch-training - INFO - Evaluate best model on test data for horizon 7, Test MAE: 14.3602, Test RMSE: 23.7985, Test MAPE: 9.4207
2026-01-27 14:01:40,879 - easytorch-training - INFO - Evaluate best model on test data for horizon 8, Test MAE: 14.6218, Test RMSE: 24.3027, Test MAPE: 9.6547
2026-01-27 14:01:40,880 - easytorch-training - INFO - Evaluate best model on test data for horizon 9, Test MAE: 14.8889, Test RMSE: 24.7081, Test MAPE: 9.9217
2026-01-27 14:01:40,881 - easytorch-training - INFO - Evaluate best model on test data for horizon 10, Test MAE: 15.0849, Test RMSE: 25.0597, Test MAPE: 10.1143
2026-01-27 14:01:40,882 - easytorch-training - INFO - Evaluate best model on test data for horizon 11, Test MAE: 15.3701, Test RMSE: 25.4296, Test MAPE: 10.4194
2026-01-27 14:01:40,883 - easytorch-training - INFO - Evaluate best model on test data for horizon 12, Test MAE: 15.5508, Test RMSE: 25.7890, Test MAPE: 10.4547
2026-01-27 14:01:40,887 - easytorch-training - INFO - Result <test>: [test_time: 1.88 (s), test_MAE: 14.1242, test_RMSE: 23.2842, test_MAPE: 9.3576]
2026-01-27 14:01:41,033 - easytorch-training - INFO - Checkpoint checkpoints/STMAFNet_300/7a9424dbdf56bedb1aca9acb56518206/STMAFNet_029.pt saved
2026-01-27 14:01:41,033 - easytorch-training - INFO - The estimated training finish time is 2026-01-27 17:18:43
2026-01-27 14:01:41,034 - easytorch-training - INFO - Epoch 30 / 300
2026-01-27 14:02:20,364 - easytorch-training - INFO - Result <train>: [train_time: 39.33 (s), lr: 5.00e-04, train_MAE: 14.3933, train_RMSE: 23.8044, train_MAPE: 9.9163]
2026-01-27 14:02:20,366 - easytorch-training - INFO - Start validation.
2026-01-27 14:02:22,329 - easytorch-training - INFO - Result <val>: [val_time: 1.96 (s), val_MAE: 14.3652, val_RMSE: 23.2070, val_MAPE: 10.4331]
2026-01-27 14:02:24,108 - easytorch-training - INFO - Evaluate best model on test data for horizon 1, Test MAE: 12.2344, Test RMSE: 19.4177, Test MAPE: 8.1318
2026-01-27 14:02:24,109 - easytorch-training - INFO - Evaluate best model on test data for horizon 2, Test MAE: 12.7690, Test RMSE: 20.5562, Test MAPE: 8.6096
2026-01-27 14:02:24,110 - easytorch-training - INFO - Evaluate best model on test data for horizon 3, Test MAE: 13.1949, Test RMSE: 21.3875, Test MAPE: 9.0164
2026-01-27 14:02:24,111 - easytorch-training - INFO - Evaluate best model on test data for horizon 4, Test MAE: 13.5430, Test RMSE: 22.1531, Test MAPE: 8.7355
2026-01-27 14:02:24,112 - easytorch-training - INFO - Evaluate best model on test data for horizon 5, Test MAE: 13.9021, Test RMSE: 22.7698, Test MAPE: 8.9357
2026-01-27 14:02:24,113 - easytorch-training - INFO - Evaluate best model on test data for horizon 6, Test MAE: 14.1796, Test RMSE: 23.3517, Test MAPE: 9.5914
2026-01-27 14:02:24,114 - easytorch-training - INFO - Evaluate best model on test data for horizon 7, Test MAE: 14.4998, Test RMSE: 23.9145, Test MAPE: 10.0285
2026-01-27 14:02:24,115 - easytorch-training - INFO - Evaluate best model on test data for horizon 8, Test MAE: 14.7451, Test RMSE: 24.4274, Test MAPE: 9.7230
2026-01-27 14:02:24,117 - easytorch-training - INFO - Evaluate best model on test data for horizon 9, Test MAE: 14.9875, Test RMSE: 24.7708, Test MAPE: 10.6642
2026-01-27 14:02:24,118 - easytorch-training - INFO - Evaluate best model on test data for horizon 10, Test MAE: 15.2200, Test RMSE: 25.1778, Test MAPE: 10.4828
2026-01-27 14:02:24,119 - easytorch-training - INFO - Evaluate best model on test data for horizon 11, Test MAE: 15.4281, Test RMSE: 25.5131, Test MAPE: 10.4181
2026-01-27 14:02:24,120 - easytorch-training - INFO - Evaluate best model on test data for horizon 12, Test MAE: 15.7954, Test RMSE: 26.0470, Test MAPE: 10.7309
2026-01-27 14:02:24,124 - easytorch-training - INFO - Result <test>: [test_time: 1.79 (s), test_MAE: 14.2082, test_RMSE: 23.3756, test_MAPE: 9.5890]
2026-01-27 14:02:24,268 - easytorch-training - INFO - Checkpoint checkpoints/STMAFNet_300/7a9424dbdf56bedb1aca9acb56518206/STMAFNet_030.pt saved
2026-01-27 14:02:24,282 - easytorch-training - INFO - The estimated training finish time is 2026-01-27 17:18:39
2026-01-27 14:02:24,282 - easytorch-training - INFO - Epoch 31 / 300
2026-01-27 14:03:03,968 - easytorch-training - INFO - Result <train>: [train_time: 39.69 (s), lr: 5.00e-04, train_MAE: 14.3691, train_RMSE: 23.7632, train_MAPE: 9.8499]
2026-01-27 14:03:03,970 - easytorch-training - INFO - Start validation.
2026-01-27 14:03:05,976 - easytorch-training - INFO - Result <val>: [val_time: 2.01 (s), val_MAE: 14.3508, val_RMSE: 23.1918, val_MAPE: 10.1911]
2026-01-27 14:03:07,784 - easytorch-training - INFO - Evaluate best model on test data for horizon 1, Test MAE: 12.2343, Test RMSE: 19.4204, Test MAPE: 8.5120
2026-01-27 14:03:07,786 - easytorch-training - INFO - Evaluate best model on test data for horizon 2, Test MAE: 12.7749, Test RMSE: 20.5828, Test MAPE: 8.4755
2026-01-27 14:03:07,787 - easytorch-training - INFO - Evaluate best model on test data for horizon 3, Test MAE: 13.1688, Test RMSE: 21.3921, Test MAPE: 8.6097
2026-01-27 14:03:07,789 - easytorch-training - INFO - Evaluate best model on test data for horizon 4, Test MAE: 13.5504, Test RMSE: 22.1102, Test MAPE: 8.8750
2026-01-27 14:03:07,790 - easytorch-training - INFO - Evaluate best model on test data for horizon 5, Test MAE: 13.8717, Test RMSE: 22.7262, Test MAPE: 9.3202
2026-01-27 14:03:07,791 - easytorch-training - INFO - Evaluate best model on test data for horizon 6, Test MAE: 14.1483, Test RMSE: 23.3723, Test MAPE: 9.3231
2026-01-27 14:03:07,793 - easytorch-training - INFO - Evaluate best model on test data for horizon 7, Test MAE: 14.4937, Test RMSE: 23.8939, Test MAPE: 9.5471
2026-01-27 14:03:07,794 - easytorch-training - INFO - Evaluate best model on test data for horizon 8, Test MAE: 14.7670, Test RMSE: 24.3621, Test MAPE: 9.6965
2026-01-27 14:03:07,795 - easytorch-training - INFO - Evaluate best model on test data for horizon 9, Test MAE: 14.9931, Test RMSE: 24.7117, Test MAPE: 9.9814
2026-01-27 14:03:07,796 - easytorch-training - INFO - Evaluate best model on test data for horizon 10, Test MAE: 15.1675, Test RMSE: 25.0472, Test MAPE: 10.0641
2026-01-27 14:03:07,798 - easytorch-training - INFO - Evaluate best model on test data for horizon 11, Test MAE: 15.4193, Test RMSE: 25.4391, Test MAPE: 10.1350
2026-01-27 14:03:07,799 - easytorch-training - INFO - Evaluate best model on test data for horizon 12, Test MAE: 15.6921, Test RMSE: 25.8116, Test MAPE: 10.6317
2026-01-27 14:03:07,803 - easytorch-training - INFO - Result <test>: [test_time: 1.82 (s), test_MAE: 14.1901, test_RMSE: 23.3200, test_MAPE: 9.4309]
2026-01-27 14:03:07,974 - easytorch-training - INFO - Checkpoint checkpoints/STMAFNet_300/7a9424dbdf56bedb1aca9acb56518206/STMAFNet_031.pt saved
2026-01-27 14:03:07,974 - easytorch-training - INFO - The estimated training finish time is 2026-01-27 17:18:40
2026-01-27 14:03:07,974 - easytorch-training - INFO - Epoch 32 / 300
2026-01-27 14:03:47,239 - easytorch-training - INFO - Result <train>: [train_time: 39.26 (s), lr: 5.00e-04, train_MAE: 14.3328, train_RMSE: 23.7102, train_MAPE: 9.8077]
2026-01-27 14:03:47,241 - easytorch-training - INFO - Start validation.
2026-01-27 14:03:49,213 - easytorch-training - INFO - Result <val>: [val_time: 1.97 (s), val_MAE: 14.2690, val_RMSE: 23.0998, val_MAPE: 10.1698]
2026-01-27 14:03:49,553 - easytorch-training - INFO - Checkpoint checkpoints/STMAFNet_300/7a9424dbdf56bedb1aca9acb56518206/STMAFNet_best_val_MAE.pt saved
2026-01-27 14:03:51,350 - easytorch-training - INFO - Evaluate best model on test data for horizon 1, Test MAE: 12.2255, Test RMSE: 19.3833, Test MAPE: 8.9126
2026-01-27 14:03:51,351 - easytorch-training - INFO - Evaluate best model on test data for horizon 2, Test MAE: 12.6801, Test RMSE: 20.4518, Test MAPE: 8.5384
2026-01-27 14:03:51,352 - easytorch-training - INFO - Evaluate best model on test data for horizon 3, Test MAE: 13.1467, Test RMSE: 21.2993, Test MAPE: 8.9848
2026-01-27 14:03:51,353 - easytorch-training - INFO - Evaluate best model on test data for horizon 4, Test MAE: 13.4393, Test RMSE: 22.0054, Test MAPE: 8.7459
2026-01-27 14:03:51,354 - easytorch-training - INFO - Evaluate best model on test data for horizon 5, Test MAE: 13.7682, Test RMSE: 22.5683, Test MAPE: 8.8846
2026-01-27 14:03:51,355 - easytorch-training - INFO - Evaluate best model on test data for horizon 6, Test MAE: 14.0755, Test RMSE: 23.1370, Test MAPE: 9.2374
2026-01-27 14:03:51,357 - easytorch-training - INFO - Evaluate best model on test data for horizon 7, Test MAE: 14.3070, Test RMSE: 23.6060, Test MAPE: 9.3497
2026-01-27 14:03:51,358 - easytorch-training - INFO - Evaluate best model on test data for horizon 8, Test MAE: 14.6418, Test RMSE: 24.0936, Test MAPE: 9.6164
2026-01-27 14:03:51,359 - easytorch-training - INFO - Evaluate best model on test data for horizon 9, Test MAE: 14.7894, Test RMSE: 24.5035, Test MAPE: 9.9098
2026-01-27 14:03:51,360 - easytorch-training - INFO - Evaluate best model on test data for horizon 10, Test MAE: 15.0261, Test RMSE: 24.8638, Test MAPE: 9.8978
2026-01-27 14:03:51,361 - easytorch-training - INFO - Evaluate best model on test data for horizon 11, Test MAE: 15.2813, Test RMSE: 25.1529, Test MAPE: 10.0977
2026-01-27 14:03:51,362 - easytorch-training - INFO - Evaluate best model on test data for horizon 12, Test MAE: 15.5639, Test RMSE: 25.6254, Test MAPE: 10.3919
2026-01-27 14:03:51,366 - easytorch-training - INFO - Result <test>: [test_time: 1.81 (s), test_MAE: 14.0787, test_RMSE: 23.1341, test_MAPE: 9.3806]
2026-01-27 14:03:51,510 - easytorch-training - INFO - Checkpoint checkpoints/STMAFNet_300/7a9424dbdf56bedb1aca9acb56518206/STMAFNet_032.pt saved
2026-01-27 14:03:51,511 - easytorch-training - INFO - The estimated training finish time is 2026-01-27 17:18:39
2026-01-27 14:03:51,511 - easytorch-training - INFO - Epoch 33 / 300
2026-01-27 14:04:31,153 - easytorch-training - INFO - Result <train>: [train_time: 39.64 (s), lr: 5.00e-04, train_MAE: 14.2839, train_RMSE: 23.6633, train_MAPE: 9.7675]
2026-01-27 14:04:31,155 - easytorch-training - INFO - Start validation.
2026-01-27 14:04:33,155 - easytorch-training - INFO - Result <val>: [val_time: 2.00 (s), val_MAE: 14.2928, val_RMSE: 23.1608, val_MAPE: 10.9003]
2026-01-27 14:04:34,962 - easytorch-training - INFO - Evaluate best model on test data for horizon 1, Test MAE: 12.1860, Test RMSE: 19.3839, Test MAPE: 8.6652
2026-01-27 14:04:34,964 - easytorch-training - INFO - Evaluate best model on test data for horizon 2, Test MAE: 12.7159, Test RMSE: 20.4559, Test MAPE: 9.5469
2026-01-27 14:04:34,965 - easytorch-training - INFO - Evaluate best model on test data for horizon 3, Test MAE: 13.0835, Test RMSE: 21.2824, Test MAPE: 9.0091
2026-01-27 14:04:34,967 - easytorch-training - INFO - Evaluate best model on test data for horizon 4, Test MAE: 13.4587, Test RMSE: 21.9992, Test MAPE: 9.3195
2026-01-27 14:04:34,968 - easytorch-training - INFO - Evaluate best model on test data for horizon 5, Test MAE: 13.8225, Test RMSE: 22.6330, Test MAPE: 9.5594
2026-01-27 14:04:34,969 - easytorch-training - INFO - Evaluate best model on test data for horizon 6, Test MAE: 14.1409, Test RMSE: 23.2315, Test MAPE: 10.2189
2026-01-27 14:04:34,971 - easytorch-training - INFO - Evaluate best model on test data for horizon 7, Test MAE: 14.3634, Test RMSE: 23.7238, Test MAPE: 10.2128
2026-01-27 14:04:34,972 - easytorch-training - INFO - Evaluate best model on test data for horizon 8, Test MAE: 14.5969, Test RMSE: 24.1710, Test MAPE: 10.1367
2026-01-27 14:04:34,973 - easytorch-training - INFO - Evaluate best model on test data for horizon 9, Test MAE: 14.8432, Test RMSE: 24.6286, Test MAPE: 10.3679
2026-01-27 14:04:34,974 - easytorch-training - INFO - Evaluate best model on test data for horizon 10, Test MAE: 15.0648, Test RMSE: 25.0262, Test MAPE: 10.3931
2026-01-27 14:04:34,975 - easytorch-training - INFO - Evaluate best model on test data for horizon 11, Test MAE: 15.3234, Test RMSE: 25.4272, Test MAPE: 10.7104
2026-01-27 14:04:34,976 - easytorch-training - INFO - Evaluate best model on test data for horizon 12, Test MAE: 15.5404, Test RMSE: 25.7826, Test MAPE: 10.7004
2026-01-27 14:04:34,980 - easytorch-training - INFO - Result <test>: [test_time: 1.82 (s), test_MAE: 14.0950, test_RMSE: 23.2276, test_MAPE: 9.9033]
2026-01-27 14:04:35,125 - easytorch-training - INFO - Checkpoint checkpoints/STMAFNet_300/7a9424dbdf56bedb1aca9acb56518206/STMAFNet_033.pt saved
2026-01-27 14:04:35,125 - easytorch-training - INFO - The estimated training finish time is 2026-01-27 17:18:39
2026-01-27 14:04:35,125 - easytorch-training - INFO - Epoch 34 / 300
2026-01-27 14:05:14,399 - easytorch-training - INFO - Result <train>: [train_time: 39.27 (s), lr: 5.00e-04, train_MAE: 14.2457, train_RMSE: 23.6054, train_MAPE: 9.7355]
2026-01-27 14:05:14,401 - easytorch-training - INFO - Start validation.
2026-01-27 14:05:16,332 - easytorch-training - INFO - Result <val>: [val_time: 1.93 (s), val_MAE: 14.3582, val_RMSE: 23.1658, val_MAPE: 10.6530]
2026-01-27 14:05:18,145 - easytorch-training - INFO - Evaluate best model on test data for horizon 1, Test MAE: 12.1538, Test RMSE: 19.3642, Test MAPE: 7.8705
2026-01-27 14:05:18,147 - easytorch-training - INFO - Evaluate best model on test data for horizon 2, Test MAE: 12.7707, Test RMSE: 20.5165, Test MAPE: 8.6084
2026-01-27 14:05:18,148 - easytorch-training - INFO - Evaluate best model on test data for horizon 3, Test MAE: 13.1680, Test RMSE: 21.3381, Test MAPE: 8.8936
2026-01-27 14:05:18,149 - easytorch-training - INFO - Evaluate best model on test data for horizon 4, Test MAE: 13.4656, Test RMSE: 22.0073, Test MAPE: 8.9494
2026-01-27 14:05:18,150 - easytorch-training - INFO - Evaluate best model on test data for horizon 5, Test MAE: 13.8249, Test RMSE: 22.6094, Test MAPE: 9.2097
2026-01-27 14:05:18,151 - easytorch-training - INFO - Evaluate best model on test data for horizon 6, Test MAE: 14.2635, Test RMSE: 23.2632, Test MAPE: 10.1711
2026-01-27 14:05:18,152 - easytorch-training - INFO - Evaluate best model on test data for horizon 7, Test MAE: 14.4346, Test RMSE: 23.7167, Test MAPE: 10.1864
2026-01-27 14:05:18,153 - easytorch-training - INFO - Evaluate best model on test data for horizon 8, Test MAE: 14.7535, Test RMSE: 24.1992, Test MAPE: 10.5938
2026-01-27 14:05:18,154 - easytorch-training - INFO - Evaluate best model on test data for horizon 9, Test MAE: 14.8871, Test RMSE: 24.5398, Test MAPE: 10.2975
2026-01-27 14:05:18,155 - easytorch-training - INFO - Evaluate best model on test data for horizon 10, Test MAE: 15.1675, Test RMSE: 24.9633, Test MAPE: 10.2158
2026-01-27 14:05:18,157 - easytorch-training - INFO - Evaluate best model on test data for horizon 11, Test MAE: 15.3527, Test RMSE: 25.2911, Test MAPE: 10.5816
2026-01-27 14:05:18,158 - easytorch-training - INFO - Evaluate best model on test data for horizon 12, Test MAE: 15.5998, Test RMSE: 25.6585, Test MAPE: 11.0504
2026-01-27 14:05:18,161 - easytorch-training - INFO - Result <test>: [test_time: 1.83 (s), test_MAE: 14.1535, test_RMSE: 23.2008, test_MAPE: 9.7190]
2026-01-27 14:05:18,304 - easytorch-training - INFO - Checkpoint checkpoints/STMAFNet_300/7a9424dbdf56bedb1aca9acb56518206/STMAFNet_034.pt saved
2026-01-27 14:05:18,305 - easytorch-training - INFO - The estimated training finish time is 2026-01-27 17:18:35
2026-01-27 14:05:18,305 - easytorch-training - INFO - Epoch 35 / 300
2026-01-27 14:05:58,275 - easytorch-training - INFO - Result <train>: [train_time: 39.97 (s), lr: 5.00e-04, train_MAE: 14.2045, train_RMSE: 23.5561, train_MAPE: 9.7434]
2026-01-27 14:05:58,277 - easytorch-training - INFO - Start validation.
2026-01-27 14:06:00,251 - easytorch-training - INFO - Result <val>: [val_time: 1.97 (s), val_MAE: 14.1597, val_RMSE: 23.0083, val_MAPE: 10.5336]
2026-01-27 14:06:00,586 - easytorch-training - INFO - Checkpoint checkpoints/STMAFNet_300/7a9424dbdf56bedb1aca9acb56518206/STMAFNet_best_val_MAE.pt saved
2026-01-27 14:06:02,441 - easytorch-training - INFO - Evaluate best model on test data for horizon 1, Test MAE: 12.1224, Test RMSE: 19.3368, Test MAPE: 8.2843
2026-01-27 14:06:02,444 - easytorch-training - INFO - Evaluate best model on test data for horizon 2, Test MAE: 12.6596, Test RMSE: 20.4374, Test MAPE: 8.3967
2026-01-27 14:06:02,447 - easytorch-training - INFO - Evaluate best model on test data for horizon 3, Test MAE: 13.0380, Test RMSE: 21.2750, Test MAPE: 8.5739
2026-01-27 14:06:02,449 - easytorch-training - INFO - Evaluate best model on test data for horizon 4, Test MAE: 13.4054, Test RMSE: 21.9787, Test MAPE: 8.7271
2026-01-27 14:06:02,450 - easytorch-training - INFO - Evaluate best model on test data for horizon 5, Test MAE: 13.7125, Test RMSE: 22.5609, Test MAPE: 9.8854
2026-01-27 14:06:02,451 - easytorch-training - INFO - Evaluate best model on test data for horizon 6, Test MAE: 14.0212, Test RMSE: 23.1590, Test MAPE: 10.5240
2026-01-27 14:06:02,452 - easytorch-training - INFO - Evaluate best model on test data for horizon 7, Test MAE: 14.2556, Test RMSE: 23.6243, Test MAPE: 10.3756
2026-01-27 14:06:02,453 - easytorch-training - INFO - Evaluate best model on test data for horizon 8, Test MAE: 14.5275, Test RMSE: 24.0836, Test MAPE: 10.4431
2026-01-27 14:06:02,454 - easytorch-training - INFO - Evaluate best model on test data for horizon 9, Test MAE: 14.7035, Test RMSE: 24.4274, Test MAPE: 10.2040
2026-01-27 14:06:02,455 - easytorch-training - INFO - Evaluate best model on test data for horizon 10, Test MAE: 14.8772, Test RMSE: 24.7571, Test MAPE: 10.1176
2026-01-27 14:06:02,456 - easytorch-training - INFO - Evaluate best model on test data for horizon 11, Test MAE: 15.1116, Test RMSE: 25.1365, Test MAPE: 10.1650
2026-01-27 14:06:02,458 - easytorch-training - INFO - Evaluate best model on test data for horizon 12, Test MAE: 15.3505, Test RMSE: 25.5055, Test MAPE: 10.1943
2026-01-27 14:06:02,461 - easytorch-training - INFO - Result <test>: [test_time: 1.87 (s), test_MAE: 13.9821, test_RMSE: 23.0989, test_MAPE: 9.6576]
2026-01-27 14:06:02,605 - easytorch-training - INFO - Checkpoint checkpoints/STMAFNet_300/7a9424dbdf56bedb1aca9acb56518206/STMAFNet_035.pt saved
2026-01-27 14:06:02,606 - easytorch-training - INFO - The estimated training finish time is 2026-01-27 17:18:41
2026-01-27 14:06:02,606 - easytorch-training - INFO - Epoch 36 / 300
2026-01-27 14:06:42,270 - easytorch-training - INFO - Result <train>: [train_time: 39.66 (s), lr: 5.00e-04, train_MAE: 14.1759, train_RMSE: 23.5059, train_MAPE: 9.7181]
2026-01-27 14:06:42,272 - easytorch-training - INFO - Start validation.
2026-01-27 14:06:44,237 - easytorch-training - INFO - Result <val>: [val_time: 1.97 (s), val_MAE: 14.3137, val_RMSE: 23.1947, val_MAPE: 10.4387]
2026-01-27 14:06:46,087 - easytorch-training - INFO - Evaluate best model on test data for horizon 1, Test MAE: 12.2132, Test RMSE: 19.3744, Test MAPE: 8.4113
2026-01-27 14:06:46,089 - easytorch-training - INFO - Evaluate best model on test data for horizon 2, Test MAE: 12.6730, Test RMSE: 20.4225, Test MAPE: 8.6725
2026-01-27 14:06:46,090 - easytorch-training - INFO - Evaluate best model on test data for horizon 3, Test MAE: 13.1129, Test RMSE: 21.2831, Test MAPE: 8.8357
2026-01-27 14:06:46,091 - easytorch-training - INFO - Evaluate best model on test data for horizon 4, Test MAE: 13.4515, Test RMSE: 22.0744, Test MAPE: 8.8922
2026-01-27 14:06:46,092 - easytorch-training - INFO - Evaluate best model on test data for horizon 5, Test MAE: 13.7724, Test RMSE: 22.7542, Test MAPE: 8.9665
2026-01-27 14:06:46,093 - easytorch-training - INFO - Evaluate best model on test data for horizon 6, Test MAE: 14.0719, Test RMSE: 23.3931, Test MAPE: 9.2842
2026-01-27 14:06:46,094 - easytorch-training - INFO - Evaluate best model on test data for horizon 7, Test MAE: 14.4172, Test RMSE: 23.9824, Test MAPE: 9.5848
2026-01-27 14:06:46,095 - easytorch-training - INFO - Evaluate best model on test data for horizon 8, Test MAE: 14.6870, Test RMSE: 24.4439, Test MAPE: 9.7378
2026-01-27 14:06:46,096 - easytorch-training - INFO - Evaluate best model on test data for horizon 9, Test MAE: 15.0506, Test RMSE: 25.0027, Test MAPE: 9.8440
2026-01-27 14:06:46,097 - easytorch-training - INFO - Evaluate best model on test data for horizon 10, Test MAE: 15.2420, Test RMSE: 25.2966, Test MAPE: 9.9929
2026-01-27 14:06:46,099 - easytorch-training - INFO - Evaluate best model on test data for horizon 11, Test MAE: 15.4579, Test RMSE: 25.6386, Test MAPE: 10.3317
2026-01-27 14:06:46,100 - easytorch-training - INFO - Evaluate best model on test data for horizon 12, Test MAE: 15.7162, Test RMSE: 25.9936, Test MAPE: 10.7992
2026-01-27 14:06:46,103 - easytorch-training - INFO - Result <test>: [test_time: 1.86 (s), test_MAE: 14.1555, test_RMSE: 23.3959, test_MAPE: 9.4461]
2026-01-27 14:06:46,252 - easytorch-training - INFO - Checkpoint checkpoints/STMAFNet_300/7a9424dbdf56bedb1aca9acb56518206/STMAFNet_036.pt saved
2026-01-27 14:06:46,252 - easytorch-training - INFO - The estimated training finish time is 2026-01-27 17:18:42
2026-01-27 14:06:46,252 - easytorch-training - INFO - Epoch 37 / 300
2026-01-27 14:07:25,597 - easytorch-training - INFO - Result <train>: [train_time: 39.34 (s), lr: 2.50e-04, train_MAE: 13.9686, train_RMSE: 23.2738, train_MAPE: 9.4267]
2026-01-27 14:07:25,599 - easytorch-training - INFO - Start validation.
2026-01-27 14:07:27,578 - easytorch-training - INFO - Result <val>: [val_time: 1.98 (s), val_MAE: 14.0958, val_RMSE: 23.0493, val_MAPE: 10.3622]
2026-01-27 14:07:27,733 - easytorch-training - INFO - Checkpoint checkpoints/STMAFNet_300/7a9424dbdf56bedb1aca9acb56518206/STMAFNet_best_val_MAE.pt saved
2026-01-27 14:07:29,614 - easytorch-training - INFO - Evaluate best model on test data for horizon 1, Test MAE: 12.0374, Test RMSE: 19.2794, Test MAPE: 8.2329
2026-01-27 14:07:29,615 - easytorch-training - INFO - Evaluate best model on test data for horizon 2, Test MAE: 12.5242, Test RMSE: 20.3484, Test MAPE: 8.1492
2026-01-27 14:07:29,616 - easytorch-training - INFO - Evaluate best model on test data for horizon 3, Test MAE: 12.9398, Test RMSE: 21.1988, Test MAPE: 8.3384
2026-01-27 14:07:29,618 - easytorch-training - INFO - Evaluate best model on test data for horizon 4, Test MAE: 13.2854, Test RMSE: 21.9217, Test MAPE: 8.6401
2026-01-27 14:07:29,619 - easytorch-training - INFO - Evaluate best model on test data for horizon 5, Test MAE: 13.5918, Test RMSE: 22.5693, Test MAPE: 8.8682
2026-01-27 14:07:29,620 - easytorch-training - INFO - Evaluate best model on test data for horizon 6, Test MAE: 13.8986, Test RMSE: 23.1342, Test MAPE: 9.6790
2026-01-27 14:07:29,621 - easytorch-training - INFO - Evaluate best model on test data for horizon 7, Test MAE: 14.2002, Test RMSE: 23.6904, Test MAPE: 9.5685
2026-01-27 14:07:29,622 - easytorch-training - INFO - Evaluate best model on test data for horizon 8, Test MAE: 14.4457, Test RMSE: 24.1329, Test MAPE: 9.7462
2026-01-27 14:07:29,623 - easytorch-training - INFO - Evaluate best model on test data for horizon 9, Test MAE: 14.6550, Test RMSE: 24.4773, Test MAPE: 10.0881
2026-01-27 14:07:29,624 - easytorch-training - INFO - Evaluate best model on test data for horizon 10, Test MAE: 14.8580, Test RMSE: 24.8232, Test MAPE: 9.9898
2026-01-27 14:07:29,625 - easytorch-training - INFO - Evaluate best model on test data for horizon 11, Test MAE: 15.1492, Test RMSE: 25.1952, Test MAPE: 10.8020
2026-01-27 14:07:29,627 - easytorch-training - INFO - Evaluate best model on test data for horizon 12, Test MAE: 15.3855, Test RMSE: 25.5102, Test MAPE: 11.0985
2026-01-27 14:07:29,630 - easytorch-training - INFO - Result <test>: [test_time: 1.90 (s), test_MAE: 13.9142, test_RMSE: 23.1026, test_MAPE: 9.4334]
2026-01-27 14:07:29,804 - easytorch-training - INFO - Checkpoint checkpoints/STMAFNet_300/7a9424dbdf56bedb1aca9acb56518206/STMAFNet_037.pt saved
2026-01-27 14:07:29,805 - easytorch-training - INFO - The estimated training finish time is 2026-01-27 17:18:41
2026-01-27 14:07:29,805 - easytorch-training - INFO - Epoch 38 / 300
2026-01-27 14:08:09,171 - easytorch-training - INFO - Result <train>: [train_time: 39.37 (s), lr: 2.50e-04, train_MAE: 13.9104, train_RMSE: 23.2027, train_MAPE: 9.3646]
2026-01-27 14:08:09,173 - easytorch-training - INFO - Start validation.
2026-01-27 14:08:11,130 - easytorch-training - INFO - Result <val>: [val_time: 1.96 (s), val_MAE: 14.0422, val_RMSE: 23.0282, val_MAPE: 10.2568]
2026-01-27 14:08:11,366 - easytorch-training - INFO - Checkpoint checkpoints/STMAFNet_300/7a9424dbdf56bedb1aca9acb56518206/STMAFNet_best_val_MAE.pt saved
2026-01-27 14:08:13,192 - easytorch-training - INFO - Evaluate best model on test data for horizon 1, Test MAE: 12.0277, Test RMSE: 19.2585, Test MAPE: 7.9894
2026-01-27 14:08:13,193 - easytorch-training - INFO - Evaluate best model on test data for horizon 2, Test MAE: 12.5551, Test RMSE: 20.3505, Test MAPE: 8.4685
2026-01-27 14:08:13,194 - easytorch-training - INFO - Evaluate best model on test data for horizon 3, Test MAE: 12.9594, Test RMSE: 21.1846, Test MAPE: 8.5977
2026-01-27 14:08:13,196 - easytorch-training - INFO - Evaluate best model on test data for horizon 4, Test MAE: 13.2658, Test RMSE: 21.9146, Test MAPE: 8.6844
2026-01-27 14:08:13,197 - easytorch-training - INFO - Evaluate best model on test data for horizon 5, Test MAE: 13.5528, Test RMSE: 22.5556, Test MAPE: 8.7765
2026-01-27 14:08:13,198 - easytorch-training - INFO - Evaluate best model on test data for horizon 6, Test MAE: 13.8281, Test RMSE: 23.1348, Test MAPE: 9.0238
2026-01-27 14:08:13,199 - easytorch-training - INFO - Evaluate best model on test data for horizon 7, Test MAE: 14.1179, Test RMSE: 23.6918, Test MAPE: 9.3586
2026-01-27 14:08:13,200 - easytorch-training - INFO - Evaluate best model on test data for horizon 8, Test MAE: 14.3936, Test RMSE: 24.1935, Test MAPE: 9.6185
2026-01-27 14:08:13,201 - easytorch-training - INFO - Evaluate best model on test data for horizon 9, Test MAE: 14.5786, Test RMSE: 24.5524, Test MAPE: 9.8122
2026-01-27 14:08:13,202 - easytorch-training - INFO - Evaluate best model on test data for horizon 10, Test MAE: 14.7856, Test RMSE: 24.9317, Test MAPE: 9.6040
2026-01-27 14:08:13,203 - easytorch-training - INFO - Evaluate best model on test data for horizon 11, Test MAE: 14.9799, Test RMSE: 25.2280, Test MAPE: 9.9036
2026-01-27 14:08:13,204 - easytorch-training - INFO - Evaluate best model on test data for horizon 12, Test MAE: 15.2261, Test RMSE: 25.6273, Test MAPE: 10.4704
2026-01-27 14:08:13,208 - easytorch-training - INFO - Result <test>: [test_time: 1.84 (s), test_MAE: 13.8559, test_RMSE: 23.1342, test_MAPE: 9.1923]
2026-01-27 14:08:13,352 - easytorch-training - INFO - Checkpoint checkpoints/STMAFNet_300/7a9424dbdf56bedb1aca9acb56518206/STMAFNet_038.pt saved
2026-01-27 14:08:13,353 - easytorch-training - INFO - The estimated training finish time is 2026-01-27 17:18:40
2026-01-27 14:08:13,353 - easytorch-training - INFO - Epoch 39 / 300
2026-01-27 14:08:52,168 - easytorch-training - INFO - Result <train>: [train_time: 38.81 (s), lr: 2.50e-04, train_MAE: 13.8710, train_RMSE: 23.1591, train_MAPE: 9.3428]
2026-01-27 14:08:52,170 - easytorch-training - INFO - Start validation.
2026-01-27 14:08:54,137 - easytorch-training - INFO - Result <val>: [val_time: 1.97 (s), val_MAE: 14.0409, val_RMSE: 22.9629, val_MAPE: 10.3318]
2026-01-27 14:08:54,302 - easytorch-training - INFO - Checkpoint checkpoints/STMAFNet_300/7a9424dbdf56bedb1aca9acb56518206/STMAFNet_best_val_MAE.pt saved
2026-01-27 14:08:56,170 - easytorch-training - INFO - Evaluate best model on test data for horizon 1, Test MAE: 11.9886, Test RMSE: 19.2338, Test MAPE: 8.0168
2026-01-27 14:08:56,171 - easytorch-training - INFO - Evaluate best model on test data for horizon 2, Test MAE: 12.5247, Test RMSE: 20.3135, Test MAPE: 8.4767
2026-01-27 14:08:56,172 - easytorch-training - INFO - Evaluate best model on test data for horizon 3, Test MAE: 12.9376, Test RMSE: 21.1291, Test MAPE: 9.0292
2026-01-27 14:08:56,173 - easytorch-training - INFO - Evaluate best model on test data for horizon 4, Test MAE: 13.2570, Test RMSE: 21.8591, Test MAPE: 8.8701
2026-01-27 14:08:56,174 - easytorch-training - INFO - Evaluate best model on test data for horizon 5, Test MAE: 13.5650, Test RMSE: 22.4947, Test MAPE: 9.2192
2026-01-27 14:08:56,175 - easytorch-training - INFO - Evaluate best model on test data for horizon 6, Test MAE: 13.8319, Test RMSE: 23.0797, Test MAPE: 9.4126
2026-01-27 14:08:56,177 - easytorch-training - INFO - Evaluate best model on test data for horizon 7, Test MAE: 14.1040, Test RMSE: 23.6126, Test MAPE: 9.5709
2026-01-27 14:08:56,178 - easytorch-training - INFO - Evaluate best model on test data for horizon 8, Test MAE: 14.3542, Test RMSE: 24.0415, Test MAPE: 9.4146
2026-01-27 14:08:56,179 - easytorch-training - INFO - Evaluate best model on test data for horizon 9, Test MAE: 14.6030, Test RMSE: 24.4359, Test MAPE: 9.7320
2026-01-27 14:08:56,180 - easytorch-training - INFO - Evaluate best model on test data for horizon 10, Test MAE: 14.7741, Test RMSE: 24.7277, Test MAPE: 9.7782
2026-01-27 14:08:56,181 - easytorch-training - INFO - Evaluate best model on test data for horizon 11, Test MAE: 14.9870, Test RMSE: 25.0707, Test MAPE: 9.8987
2026-01-27 14:08:56,182 - easytorch-training - INFO - Evaluate best model on test data for horizon 12, Test MAE: 15.2093, Test RMSE: 25.4330, Test MAPE: 10.1665
2026-01-27 14:08:56,186 - easytorch-training - INFO - Result <test>: [test_time: 1.88 (s), test_MAE: 13.8447, test_RMSE: 23.0308, test_MAPE: 9.2988]
2026-01-27 14:08:56,330 - easytorch-training - INFO - Checkpoint checkpoints/STMAFNet_300/7a9424dbdf56bedb1aca9acb56518206/STMAFNet_039.pt saved
2026-01-27 14:08:56,331 - easytorch-training - INFO - The estimated training finish time is 2026-01-27 17:18:36
2026-01-27 14:08:56,331 - easytorch-training - INFO - Epoch 40 / 300
2026-01-27 14:09:35,633 - easytorch-training - INFO - Result <train>: [train_time: 39.30 (s), lr: 2.50e-04, train_MAE: 13.8464, train_RMSE: 23.1255, train_MAPE: 9.3289]
2026-01-27 14:09:35,635 - easytorch-training - INFO - Start validation.
2026-01-27 14:09:37,576 - easytorch-training - INFO - Result <val>: [val_time: 1.94 (s), val_MAE: 13.9816, val_RMSE: 22.9511, val_MAPE: 10.1762]
2026-01-27 14:09:37,933 - easytorch-training - INFO - Checkpoint checkpoints/STMAFNet_300/7a9424dbdf56bedb1aca9acb56518206/STMAFNet_best_val_MAE.pt saved
2026-01-27 14:09:39,756 - easytorch-training - INFO - Evaluate best model on test data for horizon 1, Test MAE: 11.9769, Test RMSE: 19.2177, Test MAPE: 8.2097
2026-01-27 14:09:39,757 - easytorch-training - INFO - Evaluate best model on test data for horizon 2, Test MAE: 12.4864, Test RMSE: 20.2901, Test MAPE: 8.5288
2026-01-27 14:09:39,758 - easytorch-training - INFO - Evaluate best model on test data for horizon 3, Test MAE: 12.8851, Test RMSE: 21.1314, Test MAPE: 8.6765
2026-01-27 14:09:39,759 - easytorch-training - INFO - Evaluate best model on test data for horizon 4, Test MAE: 13.2271, Test RMSE: 21.8741, Test MAPE: 8.5654
2026-01-27 14:09:39,760 - easytorch-training - INFO - Evaluate best model on test data for horizon 5, Test MAE: 13.5407, Test RMSE: 22.4991, Test MAPE: 9.2817
2026-01-27 14:09:39,761 - easytorch-training - INFO - Evaluate best model on test data for horizon 6, Test MAE: 13.8093, Test RMSE: 23.1619, Test MAPE: 8.9675
2026-01-27 14:09:39,762 - easytorch-training - INFO - Evaluate best model on test data for horizon 7, Test MAE: 14.0252, Test RMSE: 23.6237, Test MAPE: 9.1970
2026-01-27 14:09:39,764 - easytorch-training - INFO - Evaluate best model on test data for horizon 8, Test MAE: 14.2921, Test RMSE: 24.0757, Test MAPE: 9.2880
2026-01-27 14:09:39,765 - easytorch-training - INFO - Evaluate best model on test data for horizon 9, Test MAE: 14.4872, Test RMSE: 24.4661, Test MAPE: 9.3968
2026-01-27 14:09:39,766 - easytorch-training - INFO - Evaluate best model on test data for horizon 10, Test MAE: 14.6661, Test RMSE: 24.7620, Test MAPE: 9.6319
2026-01-27 14:09:39,767 - easytorch-training - INFO - Evaluate best model on test data for horizon 11, Test MAE: 14.8986, Test RMSE: 25.0847, Test MAPE: 10.0389
2026-01-27 14:09:39,768 - easytorch-training - INFO - Evaluate best model on test data for horizon 12, Test MAE: 15.1498, Test RMSE: 25.4675, Test MAPE: 10.7974
2026-01-27 14:09:39,772 - easytorch-training - INFO - Result <test>: [test_time: 1.84 (s), test_MAE: 13.7870, test_RMSE: 23.0507, test_MAPE: 9.2150]
2026-01-27 14:09:39,916 - easytorch-training - INFO - Checkpoint checkpoints/STMAFNet_300/7a9424dbdf56bedb1aca9acb56518206/STMAFNet_040.pt saved
2026-01-27 14:09:39,930 - easytorch-training - INFO - The estimated training finish time is 2026-01-27 17:18:36
2026-01-27 14:09:39,930 - easytorch-training - INFO - Epoch 41 / 300
2026-01-27 14:10:19,379 - easytorch-training - INFO - Result <train>: [train_time: 39.45 (s), lr: 2.50e-04, train_MAE: 13.8116, train_RMSE: 23.0635, train_MAPE: 9.3056]
2026-01-27 14:10:19,381 - easytorch-training - INFO - Start validation.
2026-01-27 14:10:21,304 - easytorch-training - INFO - Result <val>: [val_time: 1.92 (s), val_MAE: 13.9388, val_RMSE: 22.9030, val_MAPE: 9.9883]
2026-01-27 14:10:21,465 - easytorch-training - INFO - Checkpoint checkpoints/STMAFNet_300/7a9424dbdf56bedb1aca9acb56518206/STMAFNet_best_val_MAE.pt saved
2026-01-27 14:10:23,326 - easytorch-training - INFO - Evaluate best model on test data for horizon 1, Test MAE: 11.9758, Test RMSE: 19.2287, Test MAPE: 7.7570
2026-01-27 14:10:23,328 - easytorch-training - INFO - Evaluate best model on test data for horizon 2, Test MAE: 12.4544, Test RMSE: 20.2979, Test MAPE: 8.0646
2026-01-27 14:10:23,329 - easytorch-training - INFO - Evaluate best model on test data for horizon 3, Test MAE: 12.8456, Test RMSE: 21.1324, Test MAPE: 8.3550
2026-01-27 14:10:23,330 - easytorch-training - INFO - Evaluate best model on test data for horizon 4, Test MAE: 13.1926, Test RMSE: 21.8478, Test MAPE: 8.6337
2026-01-27 14:10:23,331 - easytorch-training - INFO - Evaluate best model on test data for horizon 5, Test MAE: 13.5138, Test RMSE: 22.4676, Test MAPE: 8.9467
2026-01-27 14:10:23,332 - easytorch-training - INFO - Evaluate best model on test data for horizon 6, Test MAE: 13.7692, Test RMSE: 23.0839, Test MAPE: 8.9809
2026-01-27 14:10:23,333 - easytorch-training - INFO - Evaluate best model on test data for horizon 7, Test MAE: 14.0300, Test RMSE: 23.5472, Test MAPE: 9.1113
2026-01-27 14:10:23,334 - easytorch-training - INFO - Evaluate best model on test data for horizon 8, Test MAE: 14.2839, Test RMSE: 24.0038, Test MAPE: 9.3780
2026-01-27 14:10:23,335 - easytorch-training - INFO - Evaluate best model on test data for horizon 9, Test MAE: 14.4820, Test RMSE: 24.3463, Test MAPE: 9.4582
2026-01-27 14:10:23,336 - easytorch-training - INFO - Evaluate best model on test data for horizon 10, Test MAE: 14.6935, Test RMSE: 24.6701, Test MAPE: 9.6388
2026-01-27 14:10:23,337 - easytorch-training - INFO - Evaluate best model on test data for horizon 11, Test MAE: 14.9166, Test RMSE: 24.9808, Test MAPE: 10.0727
2026-01-27 14:10:23,338 - easytorch-training - INFO - Evaluate best model on test data for horizon 12, Test MAE: 15.1535, Test RMSE: 25.3769, Test MAPE: 10.3049
2026-01-27 14:10:23,342 - easytorch-training - INFO - Result <test>: [test_time: 1.88 (s), test_MAE: 13.7759, test_RMSE: 22.9916, test_MAPE: 9.0585]
2026-01-27 14:10:23,487 - easytorch-training - INFO - Checkpoint checkpoints/STMAFNet_300/7a9424dbdf56bedb1aca9acb56518206/STMAFNet_041.pt saved
2026-01-27 14:10:23,488 - easytorch-training - INFO - The estimated training finish time is 2026-01-27 17:18:35
2026-01-27 14:10:23,488 - easytorch-training - INFO - Epoch 42 / 300
2026-01-27 14:11:02,648 - easytorch-training - INFO - Result <train>: [train_time: 39.16 (s), lr: 2.50e-04, train_MAE: 13.7872, train_RMSE: 23.0422, train_MAPE: 9.2904]
2026-01-27 14:11:02,649 - easytorch-training - INFO - Start validation.
2026-01-27 14:11:04,614 - easytorch-training - INFO - Result <val>: [val_time: 1.96 (s), val_MAE: 14.0130, val_RMSE: 22.9701, val_MAPE: 10.0194]
2026-01-27 14:11:06,479 - easytorch-training - INFO - Evaluate best model on test data for horizon 1, Test MAE: 11.9931, Test RMSE: 19.2348, Test MAPE: 7.8264
2026-01-27 14:11:06,481 - easytorch-training - INFO - Evaluate best model on test data for horizon 2, Test MAE: 12.4701, Test RMSE: 20.2804, Test MAPE: 8.2680
2026-01-27 14:11:06,482 - easytorch-training - INFO - Evaluate best model on test data for horizon 3, Test MAE: 12.9303, Test RMSE: 21.1525, Test MAPE: 8.5283
2026-01-27 14:11:06,483 - easytorch-training - INFO - Evaluate best model on test data for horizon 4, Test MAE: 13.3052, Test RMSE: 21.9304, Test MAPE: 8.5981
2026-01-27 14:11:06,484 - easytorch-training - INFO - Evaluate best model on test data for horizon 5, Test MAE: 13.5739, Test RMSE: 22.5643, Test MAPE: 8.9392
2026-01-27 14:11:06,485 - easytorch-training - INFO - Evaluate best model on test data for horizon 6, Test MAE: 13.8687, Test RMSE: 23.1889, Test MAPE: 9.0282
2026-01-27 14:11:06,486 - easytorch-training - INFO - Evaluate best model on test data for horizon 7, Test MAE: 14.1092, Test RMSE: 23.6807, Test MAPE: 9.2217
2026-01-27 14:11:06,487 - easytorch-training - INFO - Evaluate best model on test data for horizon 8, Test MAE: 14.4033, Test RMSE: 24.1689, Test MAPE: 9.4159
2026-01-27 14:11:06,488 - easytorch-training - INFO - Evaluate best model on test data for horizon 9, Test MAE: 14.5967, Test RMSE: 24.5523, Test MAPE: 9.5747
2026-01-27 14:11:06,489 - easytorch-training - INFO - Evaluate best model on test data for horizon 10, Test MAE: 14.8368, Test RMSE: 24.9248, Test MAPE: 9.9028
2026-01-27 14:11:06,490 - easytorch-training - INFO - Evaluate best model on test data for horizon 11, Test MAE: 15.0315, Test RMSE: 25.2482, Test MAPE: 10.0092
2026-01-27 14:11:06,491 - easytorch-training - INFO - Evaluate best model on test data for horizon 12, Test MAE: 15.2390, Test RMSE: 25.5530, Test MAPE: 10.1099
2026-01-27 14:11:06,495 - easytorch-training - INFO - Result <test>: [test_time: 1.88 (s), test_MAE: 13.8632, test_RMSE: 23.1227, test_MAPE: 9.1185]
2026-01-27 14:11:06,643 - easytorch-training - INFO - Checkpoint checkpoints/STMAFNet_300/7a9424dbdf56bedb1aca9acb56518206/STMAFNet_042.pt saved
2026-01-27 14:11:06,643 - easytorch-training - INFO - The estimated training finish time is 2026-01-27 17:18:32
2026-01-27 14:11:06,643 - easytorch-training - INFO - Epoch 43 / 300
2026-01-27 14:11:46,218 - easytorch-training - INFO - Result <train>: [train_time: 39.57 (s), lr: 2.50e-04, train_MAE: 13.7697, train_RMSE: 23.0137, train_MAPE: 9.2738]
2026-01-27 14:11:46,220 - easytorch-training - INFO - Start validation.
2026-01-27 14:11:48,280 - easytorch-training - INFO - Result <val>: [val_time: 2.06 (s), val_MAE: 14.0303, val_RMSE: 23.0319, val_MAPE: 10.3572]
2026-01-27 14:11:50,092 - easytorch-training - INFO - Evaluate best model on test data for horizon 1, Test MAE: 11.9678, Test RMSE: 19.2310, Test MAPE: 7.8227
2026-01-27 14:11:50,093 - easytorch-training - INFO - Evaluate best model on test data for horizon 2, Test MAE: 12.4806, Test RMSE: 20.2923, Test MAPE: 8.1604
2026-01-27 14:11:50,095 - easytorch-training - INFO - Evaluate best model on test data for horizon 3, Test MAE: 12.9248, Test RMSE: 21.1531, Test MAPE: 8.8949
2026-01-27 14:11:50,096 - easytorch-training - INFO - Evaluate best model on test data for horizon 4, Test MAE: 13.2277, Test RMSE: 21.8594, Test MAPE: 9.0840
2026-01-27 14:11:50,097 - easytorch-training - INFO - Evaluate best model on test data for horizon 5, Test MAE: 13.5390, Test RMSE: 22.5022, Test MAPE: 9.2435
2026-01-27 14:11:50,098 - easytorch-training - INFO - Evaluate best model on test data for horizon 6, Test MAE: 13.8293, Test RMSE: 23.1218, Test MAPE: 9.4672
2026-01-27 14:11:50,099 - easytorch-training - INFO - Evaluate best model on test data for horizon 7, Test MAE: 14.0553, Test RMSE: 23.6317, Test MAPE: 9.2502
2026-01-27 14:11:50,100 - easytorch-training - INFO - Evaluate best model on test data for horizon 8, Test MAE: 14.3173, Test RMSE: 24.1239, Test MAPE: 9.3802
2026-01-27 14:11:50,101 - easytorch-training - INFO - Evaluate best model on test data for horizon 9, Test MAE: 14.5581, Test RMSE: 24.5172, Test MAPE: 9.6152
2026-01-27 14:11:50,102 - easytorch-training - INFO - Evaluate best model on test data for horizon 10, Test MAE: 14.7797, Test RMSE: 24.8678, Test MAPE: 9.8884
2026-01-27 14:11:50,103 - easytorch-training - INFO - Evaluate best model on test data for horizon 11, Test MAE: 15.1007, Test RMSE: 25.1759, Test MAPE: 10.9016
2026-01-27 14:11:50,104 - easytorch-training - INFO - Evaluate best model on test data for horizon 12, Test MAE: 15.2654, Test RMSE: 25.5699, Test MAPE: 10.4318
2026-01-27 14:11:50,108 - easytorch-training - INFO - Result <test>: [test_time: 1.83 (s), test_MAE: 13.8371, test_RMSE: 23.0857, test_MAPE: 9.3450]
2026-01-27 14:11:50,253 - easytorch-training - INFO - Checkpoint checkpoints/STMAFNet_300/7a9424dbdf56bedb1aca9acb56518206/STMAFNet_043.pt saved
2026-01-27 14:11:50,254 - easytorch-training - INFO - The estimated training finish time is 2026-01-27 17:18:32
2026-01-27 14:11:50,254 - easytorch-training - INFO - Epoch 44 / 300
2026-01-27 14:12:29,739 - easytorch-training - INFO - Result <train>: [train_time: 39.49 (s), lr: 2.50e-04, train_MAE: 13.7469, train_RMSE: 22.9689, train_MAPE: 9.2735]
2026-01-27 14:12:29,741 - easytorch-training - INFO - Start validation.
2026-01-27 14:12:31,702 - easytorch-training - INFO - Result <val>: [val_time: 1.96 (s), val_MAE: 13.9569, val_RMSE: 23.0173, val_MAPE: 10.0472]
2026-01-27 14:12:33,536 - easytorch-training - INFO - Evaluate best model on test data for horizon 1, Test MAE: 12.0475, Test RMSE: 19.2561, Test MAPE: 8.2844
2026-01-27 14:12:33,538 - easytorch-training - INFO - Evaluate best model on test data for horizon 2, Test MAE: 12.4326, Test RMSE: 20.2878, Test MAPE: 8.1154
2026-01-27 14:12:33,539 - easytorch-training - INFO - Evaluate best model on test data for horizon 3, Test MAE: 12.8706, Test RMSE: 21.1533, Test MAPE: 8.4105
2026-01-27 14:12:33,540 - easytorch-training - INFO - Evaluate best model on test data for horizon 4, Test MAE: 13.1674, Test RMSE: 21.8557, Test MAPE: 8.4835
2026-01-27 14:12:33,541 - easytorch-training - INFO - Evaluate best model on test data for horizon 5, Test MAE: 13.4802, Test RMSE: 22.5659, Test MAPE: 8.7193
2026-01-27 14:12:33,542 - easytorch-training - INFO - Evaluate best model on test data for horizon 6, Test MAE: 13.7216, Test RMSE: 23.2211, Test MAPE: 8.8686
2026-01-27 14:12:33,543 - easytorch-training - INFO - Evaluate best model on test data for horizon 7, Test MAE: 14.0198, Test RMSE: 23.7894, Test MAPE: 9.0881
2026-01-27 14:12:33,544 - easytorch-training - INFO - Evaluate best model on test data for horizon 8, Test MAE: 14.2410, Test RMSE: 24.2287, Test MAPE: 9.2915
2026-01-27 14:12:33,545 - easytorch-training - INFO - Evaluate best model on test data for horizon 9, Test MAE: 14.4555, Test RMSE: 24.6469, Test MAPE: 9.4869
2026-01-27 14:12:33,546 - easytorch-training - INFO - Evaluate best model on test data for horizon 10, Test MAE: 14.6743, Test RMSE: 24.9544, Test MAPE: 9.6211
2026-01-27 14:12:33,547 - easytorch-training - INFO - Evaluate best model on test data for horizon 11, Test MAE: 14.8320, Test RMSE: 25.2436, Test MAPE: 9.7727
2026-01-27 14:12:33,548 - easytorch-training - INFO - Evaluate best model on test data for horizon 12, Test MAE: 15.0594, Test RMSE: 25.5915, Test MAPE: 9.9316
2026-01-27 14:12:33,552 - easytorch-training - INFO - Result <test>: [test_time: 1.85 (s), test_MAE: 13.7501, test_RMSE: 23.1504, test_MAPE: 9.0061]
2026-01-27 14:12:33,696 - easytorch-training - INFO - Checkpoint checkpoints/STMAFNet_300/7a9424dbdf56bedb1aca9acb56518206/STMAFNet_044.pt saved
2026-01-27 14:12:33,697 - easytorch-training - INFO - The estimated training finish time is 2026-01-27 17:18:31
2026-01-27 14:12:33,697 - easytorch-training - INFO - Epoch 45 / 300
2026-01-27 14:13:13,019 - easytorch-training - INFO - Result <train>: [train_time: 39.32 (s), lr: 2.50e-04, train_MAE: 13.7227, train_RMSE: 22.9441, train_MAPE: 9.2409]
2026-01-27 14:13:13,021 - easytorch-training - INFO - Start validation.
2026-01-27 14:13:14,947 - easytorch-training - INFO - Result <val>: [val_time: 1.93 (s), val_MAE: 14.0216, val_RMSE: 23.1018, val_MAPE: 10.3093]
2026-01-27 14:13:16,800 - easytorch-training - INFO - Evaluate best model on test data for horizon 1, Test MAE: 11.9440, Test RMSE: 19.2051, Test MAPE: 7.7698
2026-01-27 14:13:16,802 - easytorch-training - INFO - Evaluate best model on test data for horizon 2, Test MAE: 12.4343, Test RMSE: 20.2758, Test MAPE: 8.1151
2026-01-27 14:13:16,803 - easytorch-training - INFO - Evaluate best model on test data for horizon 3, Test MAE: 12.7898, Test RMSE: 21.1051, Test MAPE: 8.3057
2026-01-27 14:13:16,804 - easytorch-training - INFO - Evaluate best model on test data for horizon 4, Test MAE: 13.1423, Test RMSE: 21.8545, Test MAPE: 8.5807
2026-01-27 14:13:16,805 - easytorch-training - INFO - Evaluate best model on test data for horizon 5, Test MAE: 13.4589, Test RMSE: 22.4882, Test MAPE: 8.8739
2026-01-27 14:13:16,806 - easytorch-training - INFO - Evaluate best model on test data for horizon 6, Test MAE: 13.7821, Test RMSE: 23.0812, Test MAPE: 9.0986
2026-01-27 14:13:16,807 - easytorch-training - INFO - Evaluate best model on test data for horizon 7, Test MAE: 14.0206, Test RMSE: 23.5704, Test MAPE: 9.4266
2026-01-27 14:13:16,808 - easytorch-training - INFO - Evaluate best model on test data for horizon 8, Test MAE: 14.2533, Test RMSE: 24.0096, Test MAPE: 9.4338
2026-01-27 14:13:16,809 - easytorch-training - INFO - Evaluate best model on test data for horizon 9, Test MAE: 14.4616, Test RMSE: 24.3724, Test MAPE: 9.5207
2026-01-27 14:13:16,810 - easytorch-training - INFO - Evaluate best model on test data for horizon 10, Test MAE: 14.6608, Test RMSE: 24.6712, Test MAPE: 9.7178
2026-01-27 14:13:16,812 - easytorch-training - INFO - Evaluate best model on test data for horizon 11, Test MAE: 14.8867, Test RMSE: 24.9864, Test MAPE: 9.8970
2026-01-27 14:13:16,813 - easytorch-training - INFO - Evaluate best model on test data for horizon 12, Test MAE: 15.0834, Test RMSE: 25.3084, Test MAPE: 9.9961
2026-01-27 14:13:16,816 - easytorch-training - INFO - Result <test>: [test_time: 1.87 (s), test_MAE: 13.7431, test_RMSE: 22.9873, test_MAPE: 9.0613]
2026-01-27 14:13:16,975 - easytorch-training - INFO - Checkpoint checkpoints/STMAFNet_300/7a9424dbdf56bedb1aca9acb56518206/STMAFNet_045.pt saved
2026-01-27 14:13:16,975 - easytorch-training - INFO - The estimated training finish time is 2026-01-27 17:18:29
2026-01-27 14:13:16,975 - easytorch-training - INFO - Epoch 46 / 300
2026-01-27 14:13:56,092 - easytorch-training - INFO - Result <train>: [train_time: 39.12 (s), lr: 2.50e-04, train_MAE: 13.7022, train_RMSE: 22.9097, train_MAPE: 9.2478]
2026-01-27 14:13:56,093 - easytorch-training - INFO - Start validation.
2026-01-27 14:13:58,057 - easytorch-training - INFO - Result <val>: [val_time: 1.96 (s), val_MAE: 13.9031, val_RMSE: 22.9228, val_MAPE: 10.4996]
2026-01-27 14:13:58,205 - easytorch-training - INFO - Checkpoint checkpoints/STMAFNet_300/7a9424dbdf56bedb1aca9acb56518206/STMAFNet_best_val_MAE.pt saved
2026-01-27 14:14:00,075 - easytorch-training - INFO - Evaluate best model on test data for horizon 1, Test MAE: 11.9170, Test RMSE: 19.1782, Test MAPE: 8.2354
2026-01-27 14:14:00,077 - easytorch-training - INFO - Evaluate best model on test data for horizon 2, Test MAE: 12.3803, Test RMSE: 20.2355, Test MAPE: 8.4244
2026-01-27 14:14:00,078 - easytorch-training - INFO - Evaluate best model on test data for horizon 3, Test MAE: 12.7903, Test RMSE: 21.0907, Test MAPE: 8.6710
2026-01-27 14:14:00,079 - easytorch-training - INFO - Evaluate best model on test data for horizon 4, Test MAE: 13.1398, Test RMSE: 21.8491, Test MAPE: 8.8962
2026-01-27 14:14:00,080 - easytorch-training - INFO - Evaluate best model on test data for horizon 5, Test MAE: 13.4391, Test RMSE: 22.5276, Test MAPE: 9.2349
2026-01-27 14:14:00,081 - easytorch-training - INFO - Evaluate best model on test data for horizon 6, Test MAE: 13.7136, Test RMSE: 23.2455, Test MAPE: 9.1652
2026-01-27 14:14:00,082 - easytorch-training - INFO - Evaluate best model on test data for horizon 7, Test MAE: 14.0088, Test RMSE: 23.8484, Test MAPE: 9.4460
2026-01-27 14:14:00,083 - easytorch-training - INFO - Evaluate best model on test data for horizon 8, Test MAE: 14.3125, Test RMSE: 24.2929, Test MAPE: 10.1736
2026-01-27 14:14:00,084 - easytorch-training - INFO - Evaluate best model on test data for horizon 9, Test MAE: 14.4863, Test RMSE: 24.6687, Test MAPE: 10.1476
2026-01-27 14:14:00,086 - easytorch-training - INFO - Evaluate best model on test data for horizon 10, Test MAE: 14.6488, Test RMSE: 25.0060, Test MAPE: 9.6693
2026-01-27 14:14:00,087 - easytorch-training - INFO - Evaluate best model on test data for horizon 11, Test MAE: 14.8986, Test RMSE: 25.2928, Test MAPE: 10.3720
2026-01-27 14:14:00,088 - easytorch-training - INFO - Evaluate best model on test data for horizon 12, Test MAE: 15.1319, Test RMSE: 25.6513, Test MAPE: 10.8086
2026-01-27 14:14:00,092 - easytorch-training - INFO - Result <test>: [test_time: 1.89 (s), test_MAE: 13.7389, test_RMSE: 23.1621, test_MAPE: 9.4370]
2026-01-27 14:14:00,236 - easytorch-training - INFO - Checkpoint checkpoints/STMAFNet_300/7a9424dbdf56bedb1aca9acb56518206/STMAFNet_046.pt saved
2026-01-27 14:14:00,236 - easytorch-training - INFO - The estimated training finish time is 2026-01-27 17:18:27
2026-01-27 14:14:00,236 - easytorch-training - INFO - Epoch 47 / 300
2026-01-27 14:14:39,974 - easytorch-training - INFO - Result <train>: [train_time: 39.74 (s), lr: 2.50e-04, train_MAE: 13.6751, train_RMSE: 22.8559, train_MAPE: 9.2291]
2026-01-27 14:14:39,976 - easytorch-training - INFO - Start validation.
2026-01-27 14:14:42,031 - easytorch-training - INFO - Result <val>: [val_time: 2.05 (s), val_MAE: 13.9421, val_RMSE: 22.9586, val_MAPE: 10.2929]
2026-01-27 14:14:43,972 - easytorch-training - INFO - Evaluate best model on test data for horizon 1, Test MAE: 11.9446, Test RMSE: 19.1871, Test MAPE: 7.9773
2026-01-27 14:14:43,973 - easytorch-training - INFO - Evaluate best model on test data for horizon 2, Test MAE: 12.4248, Test RMSE: 20.2549, Test MAPE: 8.3369
2026-01-27 14:14:43,974 - easytorch-training - INFO - Evaluate best model on test data for horizon 3, Test MAE: 12.8013, Test RMSE: 21.0896, Test MAPE: 8.2529
2026-01-27 14:14:43,975 - easytorch-training - INFO - Evaluate best model on test data for horizon 4, Test MAE: 13.1480, Test RMSE: 21.7915, Test MAPE: 8.7041
2026-01-27 14:14:43,976 - easytorch-training - INFO - Evaluate best model on test data for horizon 5, Test MAE: 13.4466, Test RMSE: 22.4458, Test MAPE: 8.6827
2026-01-27 14:14:43,978 - easytorch-training - INFO - Evaluate best model on test data for horizon 6, Test MAE: 13.7401, Test RMSE: 23.0337, Test MAPE: 9.1919
2026-01-27 14:14:43,979 - easytorch-training - INFO - Evaluate best model on test data for horizon 7, Test MAE: 14.0617, Test RMSE: 23.6031, Test MAPE: 9.7337
2026-01-27 14:14:43,980 - easytorch-training - INFO - Evaluate best model on test data for horizon 8, Test MAE: 14.2968, Test RMSE: 24.0794, Test MAPE: 9.7592
2026-01-27 14:14:43,981 - easytorch-training - INFO - Evaluate best model on test data for horizon 9, Test MAE: 14.5174, Test RMSE: 24.4410, Test MAPE: 10.1749
2026-01-27 14:14:43,982 - easytorch-training - INFO - Evaluate best model on test data for horizon 10, Test MAE: 14.6852, Test RMSE: 24.7820, Test MAPE: 9.7293
2026-01-27 14:14:43,983 - easytorch-training - INFO - Evaluate best model on test data for horizon 11, Test MAE: 14.8735, Test RMSE: 25.0625, Test MAPE: 10.0931
2026-01-27 14:14:43,984 - easytorch-training - INFO - Evaluate best model on test data for horizon 12, Test MAE: 15.1268, Test RMSE: 25.4431, Test MAPE: 10.4613
2026-01-27 14:14:43,988 - easytorch-training - INFO - Result <test>: [test_time: 1.96 (s), test_MAE: 13.7556, test_RMSE: 23.0151, test_MAPE: 9.2581]
2026-01-27 14:14:44,216 - easytorch-training - INFO - Checkpoint checkpoints/STMAFNet_300/7a9424dbdf56bedb1aca9acb56518206/STMAFNet_047.pt saved
2026-01-27 14:14:44,217 - easytorch-training - INFO - The estimated training finish time is 2026-01-27 17:18:30
2026-01-27 14:14:44,217 - easytorch-training - INFO - Epoch 48 / 300
2026-01-27 14:15:23,916 - easytorch-training - INFO - Result <train>: [train_time: 39.70 (s), lr: 2.50e-04, train_MAE: 13.6647, train_RMSE: 22.8631, train_MAPE: 9.2091]
2026-01-27 14:15:23,918 - easytorch-training - INFO - Start validation.
2026-01-27 14:15:25,897 - easytorch-training - INFO - Result <val>: [val_time: 1.98 (s), val_MAE: 13.9466, val_RMSE: 22.9730, val_MAPE: 10.2217]
2026-01-27 14:15:27,752 - easytorch-training - INFO - Evaluate best model on test data for horizon 1, Test MAE: 12.0041, Test RMSE: 19.2179, Test MAPE: 8.3665
2026-01-27 14:15:27,754 - easytorch-training - INFO - Evaluate best model on test data for horizon 2, Test MAE: 12.5008, Test RMSE: 20.3035, Test MAPE: 8.1158
2026-01-27 14:15:27,755 - easytorch-training - INFO - Evaluate best model on test data for horizon 3, Test MAE: 12.8941, Test RMSE: 21.1388, Test MAPE: 8.6428
2026-01-27 14:15:27,756 - easytorch-training - INFO - Evaluate best model on test data for horizon 4, Test MAE: 13.2347, Test RMSE: 21.9178, Test MAPE: 8.8099
2026-01-27 14:15:27,757 - easytorch-training - INFO - Evaluate best model on test data for horizon 5, Test MAE: 13.5007, Test RMSE: 22.5617, Test MAPE: 8.8271
2026-01-27 14:15:27,758 - easytorch-training - INFO - Evaluate best model on test data for horizon 6, Test MAE: 13.7801, Test RMSE: 23.2302, Test MAPE: 9.1173
2026-01-27 14:15:27,759 - easytorch-training - INFO - Evaluate best model on test data for horizon 7, Test MAE: 14.0706, Test RMSE: 23.8096, Test MAPE: 9.3714
2026-01-27 14:15:27,760 - easytorch-training - INFO - Evaluate best model on test data for horizon 8, Test MAE: 14.2928, Test RMSE: 24.2015, Test MAPE: 9.3763
2026-01-27 14:15:27,761 - easytorch-training - INFO - Evaluate best model on test data for horizon 9, Test MAE: 14.5013, Test RMSE: 24.5641, Test MAPE: 9.6093
2026-01-27 14:15:27,763 - easytorch-training - INFO - Evaluate best model on test data for horizon 10, Test MAE: 14.6847, Test RMSE: 24.8585, Test MAPE: 9.6811
2026-01-27 14:15:27,764 - easytorch-training - INFO - Evaluate best model on test data for horizon 11, Test MAE: 14.9114, Test RMSE: 25.2075, Test MAPE: 9.8256
2026-01-27 14:15:27,765 - easytorch-training - INFO - Evaluate best model on test data for horizon 12, Test MAE: 15.1394, Test RMSE: 25.5453, Test MAPE: 10.0255
2026-01-27 14:15:27,769 - easytorch-training - INFO - Result <test>: [test_time: 1.87 (s), test_MAE: 13.7929, test_RMSE: 23.1290, test_MAPE: 9.1474]
2026-01-27 14:15:27,913 - easytorch-training - INFO - Checkpoint checkpoints/STMAFNet_300/7a9424dbdf56bedb1aca9acb56518206/STMAFNet_048.pt saved
2026-01-27 14:15:27,914 - easytorch-training - INFO - The estimated training finish time is 2026-01-27 17:18:30
2026-01-27 14:15:27,914 - easytorch-training - INFO - Epoch 49 / 300
2026-01-27 14:16:06,781 - easytorch-training - INFO - Result <train>: [train_time: 38.87 (s), lr: 2.50e-04, train_MAE: 13.6397, train_RMSE: 22.8130, train_MAPE: 9.1862]
2026-01-27 14:16:06,782 - easytorch-training - INFO - Start validation.
2026-01-27 14:16:08,755 - easytorch-training - INFO - Result <val>: [val_time: 1.97 (s), val_MAE: 14.0028, val_RMSE: 23.0860, val_MAPE: 10.4181]
2026-01-27 14:16:10,584 - easytorch-training - INFO - Evaluate best model on test data for horizon 1, Test MAE: 11.9325, Test RMSE: 19.2185, Test MAPE: 7.7807
2026-01-27 14:16:10,585 - easytorch-training - INFO - Evaluate best model on test data for horizon 2, Test MAE: 12.4670, Test RMSE: 20.3171, Test MAPE: 8.0437
2026-01-27 14:16:10,586 - easytorch-training - INFO - Evaluate best model on test data for horizon 3, Test MAE: 12.8677, Test RMSE: 21.1895, Test MAPE: 8.2982
2026-01-27 14:16:10,587 - easytorch-training - INFO - Evaluate best model on test data for horizon 4, Test MAE: 13.1991, Test RMSE: 21.9526, Test MAPE: 8.6721
2026-01-27 14:16:10,588 - easytorch-training - INFO - Evaluate best model on test data for horizon 5, Test MAE: 13.4938, Test RMSE: 22.6349, Test MAPE: 8.7172
2026-01-27 14:16:10,589 - easytorch-training - INFO - Evaluate best model on test data for horizon 6, Test MAE: 13.8113, Test RMSE: 23.3136, Test MAPE: 8.9995
2026-01-27 14:16:10,590 - easytorch-training - INFO - Evaluate best model on test data for horizon 7, Test MAE: 14.0803, Test RMSE: 23.8715, Test MAPE: 9.2859
2026-01-27 14:16:10,592 - easytorch-training - INFO - Evaluate best model on test data for horizon 8, Test MAE: 14.3385, Test RMSE: 24.3279, Test MAPE: 9.3434
2026-01-27 14:16:10,593 - easytorch-training - INFO - Evaluate best model on test data for horizon 9, Test MAE: 14.5440, Test RMSE: 24.7315, Test MAPE: 9.4473
2026-01-27 14:16:10,594 - easytorch-training - INFO - Evaluate best model on test data for horizon 10, Test MAE: 14.7229, Test RMSE: 25.0183, Test MAPE: 9.5843
2026-01-27 14:16:10,595 - easytorch-training - INFO - Evaluate best model on test data for horizon 11, Test MAE: 14.9726, Test RMSE: 25.3683, Test MAPE: 10.2055
2026-01-27 14:16:10,596 - easytorch-training - INFO - Evaluate best model on test data for horizon 12, Test MAE: 15.1981, Test RMSE: 25.6891, Test MAPE: 10.1578
2026-01-27 14:16:10,600 - easytorch-training - INFO - Result <test>: [test_time: 1.84 (s), test_MAE: 13.8023, test_RMSE: 23.2229, test_MAPE: 9.0446]
2026-01-27 14:16:10,743 - easytorch-training - INFO - Checkpoint checkpoints/STMAFNet_300/7a9424dbdf56bedb1aca9acb56518206/STMAFNet_049.pt saved
2026-01-27 14:16:10,743 - easytorch-training - INFO - The estimated training finish time is 2026-01-27 17:18:26
2026-01-27 14:16:10,743 - easytorch-training - INFO - Epoch 50 / 300
2026-01-27 14:16:50,300 - easytorch-training - INFO - Result <train>: [train_time: 39.56 (s), lr: 2.50e-04, train_MAE: 13.6215, train_RMSE: 22.7997, train_MAPE: 9.1621]
2026-01-27 14:16:50,301 - easytorch-training - INFO - Start validation.
2026-01-27 14:16:52,262 - easytorch-training - INFO - Result <val>: [val_time: 1.96 (s), val_MAE: 13.8680, val_RMSE: 22.9560, val_MAPE: 9.9716]
2026-01-27 14:16:52,613 - easytorch-training - INFO - Checkpoint checkpoints/STMAFNet_300/7a9424dbdf56bedb1aca9acb56518206/STMAFNet_best_val_MAE.pt saved
2026-01-27 14:16:54,492 - easytorch-training - INFO - Evaluate best model on test data for horizon 1, Test MAE: 11.8968, Test RMSE: 19.1719, Test MAPE: 7.7314
2026-01-27 14:16:54,493 - easytorch-training - INFO - Evaluate best model on test data for horizon 2, Test MAE: 12.3865, Test RMSE: 20.2671, Test MAPE: 8.0217
2026-01-27 14:16:54,495 - easytorch-training - INFO - Evaluate best model on test data for horizon 3, Test MAE: 12.7900, Test RMSE: 21.1271, Test MAPE: 8.2937
2026-01-27 14:16:54,496 - easytorch-training - INFO - Evaluate best model on test data for horizon 4, Test MAE: 13.1485, Test RMSE: 21.8871, Test MAPE: 8.5483
2026-01-27 14:16:54,497 - easytorch-training - INFO - Evaluate best model on test data for horizon 5, Test MAE: 13.4367, Test RMSE: 22.5671, Test MAPE: 8.7150
2026-01-27 14:16:54,499 - easytorch-training - INFO - Evaluate best model on test data for horizon 6, Test MAE: 13.7211, Test RMSE: 23.2122, Test MAPE: 8.8989
2026-01-27 14:16:54,500 - easytorch-training - INFO - Evaluate best model on test data for horizon 7, Test MAE: 13.9988, Test RMSE: 23.8202, Test MAPE: 9.0953
2026-01-27 14:16:54,501 - easytorch-training - INFO - Evaluate best model on test data for horizon 8, Test MAE: 14.2371, Test RMSE: 24.2365, Test MAPE: 9.2359
2026-01-27 14:16:54,503 - easytorch-training - INFO - Evaluate best model on test data for horizon 9, Test MAE: 14.4403, Test RMSE: 24.6126, Test MAPE: 9.3694
2026-01-27 14:16:54,504 - easytorch-training - INFO - Evaluate best model on test data for horizon 10, Test MAE: 14.6791, Test RMSE: 24.9152, Test MAPE: 9.8164
2026-01-27 14:16:54,505 - easytorch-training - INFO - Evaluate best model on test data for horizon 11, Test MAE: 14.8225, Test RMSE: 25.1797, Test MAPE: 9.6700
2026-01-27 14:16:54,507 - easytorch-training - INFO - Evaluate best model on test data for horizon 12, Test MAE: 15.0514, Test RMSE: 25.5376, Test MAPE: 9.8540
2026-01-27 14:16:54,511 - easytorch-training - INFO - Result <test>: [test_time: 1.90 (s), test_MAE: 13.7174, test_RMSE: 23.1289, test_MAPE: 8.9375]
2026-01-27 14:16:54,685 - easytorch-training - INFO - Checkpoint checkpoints/STMAFNet_300/7a9424dbdf56bedb1aca9acb56518206/STMAFNet_050.pt saved
2026-01-27 14:16:54,701 - easytorch-training - INFO - The estimated training finish time is 2026-01-27 17:18:28
2026-01-27 14:16:54,701 - easytorch-training - INFO - Epoch 51 / 300
2026-01-27 14:17:34,191 - easytorch-training - INFO - Result <train>: [train_time: 39.49 (s), lr: 2.50e-04, train_MAE: 13.5918, train_RMSE: 22.7626, train_MAPE: 9.1582]
2026-01-27 14:17:34,194 - easytorch-training - INFO - Start validation.
2026-01-27 14:17:36,156 - easytorch-training - INFO - Result <val>: [val_time: 1.96 (s), val_MAE: 13.9259, val_RMSE: 23.0095, val_MAPE: 10.5268]
2026-01-27 14:17:37,991 - easytorch-training - INFO - Evaluate best model on test data for horizon 1, Test MAE: 11.9317, Test RMSE: 19.2099, Test MAPE: 8.1016
2026-01-27 14:17:37,992 - easytorch-training - INFO - Evaluate best model on test data for horizon 2, Test MAE: 12.3716, Test RMSE: 20.2880, Test MAPE: 8.1609
2026-01-27 14:17:37,993 - easytorch-training - INFO - Evaluate best model on test data for horizon 3, Test MAE: 12.7835, Test RMSE: 21.1354, Test MAPE: 8.4117
2026-01-27 14:17:37,994 - easytorch-training - INFO - Evaluate best model on test data for horizon 4, Test MAE: 13.1694, Test RMSE: 21.9242, Test MAPE: 8.8144
2026-01-27 14:17:37,996 - easytorch-training - INFO - Evaluate best model on test data for horizon 5, Test MAE: 13.4360, Test RMSE: 22.5014, Test MAPE: 8.7491
2026-01-27 14:17:37,997 - easytorch-training - INFO - Evaluate best model on test data for horizon 6, Test MAE: 13.7046, Test RMSE: 23.1390, Test MAPE: 9.1232
2026-01-27 14:17:37,998 - easytorch-training - INFO - Evaluate best model on test data for horizon 7, Test MAE: 14.0427, Test RMSE: 23.7040, Test MAPE: 9.7241
2026-01-27 14:17:37,999 - easytorch-training - INFO - Evaluate best model on test data for horizon 8, Test MAE: 14.2908, Test RMSE: 24.1842, Test MAPE: 9.8982
2026-01-27 14:17:38,000 - easytorch-training - INFO - Evaluate best model on test data for horizon 9, Test MAE: 14.4750, Test RMSE: 24.5069, Test MAPE: 9.7468
2026-01-27 14:17:38,001 - easytorch-training - INFO - Evaluate best model on test data for horizon 10, Test MAE: 14.6614, Test RMSE: 24.7973, Test MAPE: 9.7095
2026-01-27 14:17:38,002 - easytorch-training - INFO - Evaluate best model on test data for horizon 11, Test MAE: 14.8228, Test RMSE: 25.0370, Test MAPE: 9.9496
2026-01-27 14:17:38,003 - easytorch-training - INFO - Evaluate best model on test data for horizon 12, Test MAE: 15.0448, Test RMSE: 25.3932, Test MAPE: 9.9943
2026-01-27 14:17:38,007 - easytorch-training - INFO - Result <test>: [test_time: 1.85 (s), test_MAE: 13.7278, test_RMSE: 23.0645, test_MAPE: 9.1986]
2026-01-27 14:17:38,150 - easytorch-training - INFO - Checkpoint checkpoints/STMAFNet_300/7a9424dbdf56bedb1aca9acb56518206/STMAFNet_051.pt saved
2026-01-27 14:17:38,150 - easytorch-training - INFO - The estimated training finish time is 2026-01-27 17:18:27
2026-01-27 14:17:38,151 - easytorch-training - INFO - Epoch 52 / 300
2026-01-27 14:18:17,795 - easytorch-training - INFO - Result <train>: [train_time: 39.64 (s), lr: 2.50e-04, train_MAE: 13.5819, train_RMSE: 22.7466, train_MAPE: 9.1471]
2026-01-27 14:18:17,797 - easytorch-training - INFO - Start validation.
2026-01-27 14:18:19,739 - easytorch-training - INFO - Result <val>: [val_time: 1.94 (s), val_MAE: 13.8989, val_RMSE: 23.0362, val_MAPE: 10.1827]
2026-01-27 14:18:21,573 - easytorch-training - INFO - Evaluate best model on test data for horizon 1, Test MAE: 11.9018, Test RMSE: 19.1924, Test MAPE: 7.8070
2026-01-27 14:18:21,574 - easytorch-training - INFO - Evaluate best model on test data for horizon 2, Test MAE: 12.3835, Test RMSE: 20.2948, Test MAPE: 8.1203
2026-01-27 14:18:21,576 - easytorch-training - INFO - Evaluate best model on test data for horizon 3, Test MAE: 12.7761, Test RMSE: 21.1613, Test MAPE: 8.3289
2026-01-27 14:18:21,577 - easytorch-training - INFO - Evaluate best model on test data for horizon 4, Test MAE: 13.1302, Test RMSE: 21.9220, Test MAPE: 8.6917
2026-01-27 14:18:21,578 - easytorch-training - INFO - Evaluate best model on test data for horizon 5, Test MAE: 13.4329, Test RMSE: 22.5953, Test MAPE: 8.7482
2026-01-27 14:18:21,579 - easytorch-training - INFO - Evaluate best model on test data for horizon 6, Test MAE: 13.7148, Test RMSE: 23.2257, Test MAPE: 8.9428
2026-01-27 14:18:21,580 - easytorch-training - INFO - Evaluate best model on test data for horizon 7, Test MAE: 13.9830, Test RMSE: 23.7492, Test MAPE: 9.1519
2026-01-27 14:18:21,581 - easytorch-training - INFO - Evaluate best model on test data for horizon 8, Test MAE: 14.2267, Test RMSE: 24.1659, Test MAPE: 9.2985
2026-01-27 14:18:21,582 - easytorch-training - INFO - Evaluate best model on test data for horizon 9, Test MAE: 14.3907, Test RMSE: 24.4776, Test MAPE: 9.4850
2026-01-27 14:18:21,583 - easytorch-training - INFO - Evaluate best model on test data for horizon 10, Test MAE: 14.6204, Test RMSE: 24.8482, Test MAPE: 9.6413
2026-01-27 14:18:21,585 - easytorch-training - INFO - Evaluate best model on test data for horizon 11, Test MAE: 14.7921, Test RMSE: 25.1083, Test MAPE: 9.7112
2026-01-27 14:18:21,586 - easytorch-training - INFO - Evaluate best model on test data for horizon 12, Test MAE: 15.0493, Test RMSE: 25.5111, Test MAPE: 9.8929
2026-01-27 14:18:21,590 - easytorch-training - INFO - Result <test>: [test_time: 1.85 (s), test_MAE: 13.7001, test_RMSE: 23.1020, test_MAPE: 8.9850]
2026-01-27 14:18:21,735 - easytorch-training - INFO - Checkpoint checkpoints/STMAFNet_300/7a9424dbdf56bedb1aca9acb56518206/STMAFNet_052.pt saved
2026-01-27 14:18:21,736 - easytorch-training - INFO - The estimated training finish time is 2026-01-27 17:18:27
2026-01-27 14:18:21,736 - easytorch-training - INFO - Epoch 53 / 300
2026-01-27 14:19:01,259 - easytorch-training - INFO - Result <train>: [train_time: 39.52 (s), lr: 2.50e-04, train_MAE: 13.5641, train_RMSE: 22.7262, train_MAPE: 9.1172]
2026-01-27 14:19:01,261 - easytorch-training - INFO - Start validation.
2026-01-27 14:19:03,211 - easytorch-training - INFO - Result <val>: [val_time: 1.95 (s), val_MAE: 13.9405, val_RMSE: 23.0628, val_MAPE: 10.2471]
2026-01-27 14:19:05,031 - easytorch-training - INFO - Evaluate best model on test data for horizon 1, Test MAE: 11.8851, Test RMSE: 19.1715, Test MAPE: 7.7213
2026-01-27 14:19:05,032 - easytorch-training - INFO - Evaluate best model on test data for horizon 2, Test MAE: 12.3934, Test RMSE: 20.2799, Test MAPE: 8.1924
2026-01-27 14:19:05,034 - easytorch-training - INFO - Evaluate best model on test data for horizon 3, Test MAE: 12.7865, Test RMSE: 21.1398, Test MAPE: 8.2730
2026-01-27 14:19:05,035 - easytorch-training - INFO - Evaluate best model on test data for horizon 4, Test MAE: 13.1366, Test RMSE: 21.8896, Test MAPE: 8.6024
2026-01-27 14:19:05,036 - easytorch-training - INFO - Evaluate best model on test data for horizon 5, Test MAE: 13.4960, Test RMSE: 22.5856, Test MAPE: 8.6931
2026-01-27 14:19:05,037 - easytorch-training - INFO - Evaluate best model on test data for horizon 6, Test MAE: 13.7761, Test RMSE: 23.1635, Test MAPE: 8.9396
2026-01-27 14:19:05,038 - easytorch-training - INFO - Evaluate best model on test data for horizon 7, Test MAE: 14.0503, Test RMSE: 23.7136, Test MAPE: 9.1205
2026-01-27 14:19:05,039 - easytorch-training - INFO - Evaluate best model on test data for horizon 8, Test MAE: 14.3034, Test RMSE: 24.1680, Test MAPE: 9.4109
2026-01-27 14:19:05,040 - easytorch-training - INFO - Evaluate best model on test data for horizon 9, Test MAE: 14.4423, Test RMSE: 24.5447, Test MAPE: 9.4970
2026-01-27 14:19:05,041 - easytorch-training - INFO - Evaluate best model on test data for horizon 10, Test MAE: 14.6231, Test RMSE: 24.8391, Test MAPE: 9.5251
2026-01-27 14:19:05,042 - easytorch-training - INFO - Evaluate best model on test data for horizon 11, Test MAE: 14.8226, Test RMSE: 25.1630, Test MAPE: 9.7252
2026-01-27 14:19:05,043 - easytorch-training - INFO - Evaluate best model on test data for horizon 12, Test MAE: 15.0436, Test RMSE: 25.5398, Test MAPE: 9.8855
2026-01-27 14:19:05,047 - easytorch-training - INFO - Result <test>: [test_time: 1.84 (s), test_MAE: 13.7299, test_RMSE: 23.0991, test_MAPE: 8.9655]
2026-01-27 14:19:05,192 - easytorch-training - INFO - Checkpoint checkpoints/STMAFNet_300/7a9424dbdf56bedb1aca9acb56518206/STMAFNet_053.pt saved
2026-01-27 14:19:05,192 - easytorch-training - INFO - The estimated training finish time is 2026-01-27 17:18:27
2026-01-27 14:19:05,192 - easytorch-training - INFO - Epoch 54 / 300
2026-01-27 14:19:44,591 - easytorch-training - INFO - Result <train>: [train_time: 39.40 (s), lr: 2.50e-04, train_MAE: 13.5565, train_RMSE: 22.7274, train_MAPE: 9.1094]
2026-01-27 14:19:44,592 - easytorch-training - INFO - Start validation.
2026-01-27 14:19:46,512 - easytorch-training - INFO - Result <val>: [val_time: 1.92 (s), val_MAE: 13.8725, val_RMSE: 22.9458, val_MAPE: 10.0736]
2026-01-27 14:19:48,366 - easytorch-training - INFO - Evaluate best model on test data for horizon 1, Test MAE: 11.9112, Test RMSE: 19.1787, Test MAPE: 7.8962
2026-01-27 14:19:48,367 - easytorch-training - INFO - Evaluate best model on test data for horizon 2, Test MAE: 12.4308, Test RMSE: 20.2763, Test MAPE: 8.2807
2026-01-27 14:19:48,368 - easytorch-training - INFO - Evaluate best model on test data for horizon 3, Test MAE: 12.7650, Test RMSE: 21.1115, Test MAPE: 8.3781
2026-01-27 14:19:48,369 - easytorch-training - INFO - Evaluate best model on test data for horizon 4, Test MAE: 13.1231, Test RMSE: 21.8470, Test MAPE: 8.5220
2026-01-27 14:19:48,370 - easytorch-training - INFO - Evaluate best model on test data for horizon 5, Test MAE: 13.4170, Test RMSE: 22.5318, Test MAPE: 8.7386
2026-01-27 14:19:48,372 - easytorch-training - INFO - Evaluate best model on test data for horizon 6, Test MAE: 13.6938, Test RMSE: 23.1239, Test MAPE: 8.9803
2026-01-27 14:19:48,373 - easytorch-training - INFO - Evaluate best model on test data for horizon 7, Test MAE: 13.9331, Test RMSE: 23.6310, Test MAPE: 9.1400
2026-01-27 14:19:48,374 - easytorch-training - INFO - Evaluate best model on test data for horizon 8, Test MAE: 14.2065, Test RMSE: 24.1115, Test MAPE: 9.3164
2026-01-27 14:19:48,375 - easytorch-training - INFO - Evaluate best model on test data for horizon 9, Test MAE: 14.3653, Test RMSE: 24.4415, Test MAPE: 9.4783
2026-01-27 14:19:48,376 - easytorch-training - INFO - Evaluate best model on test data for horizon 10, Test MAE: 14.5966, Test RMSE: 24.7787, Test MAPE: 9.7759
2026-01-27 14:19:48,377 - easytorch-training - INFO - Evaluate best model on test data for horizon 11, Test MAE: 14.8021, Test RMSE: 25.0611, Test MAPE: 10.0325
2026-01-27 14:19:48,378 - easytorch-training - INFO - Evaluate best model on test data for horizon 12, Test MAE: 15.0319, Test RMSE: 25.3888, Test MAPE: 10.1932
2026-01-27 14:19:48,382 - easytorch-training - INFO - Result <test>: [test_time: 1.87 (s), test_MAE: 13.6897, test_RMSE: 23.0365, test_MAPE: 9.0610]
2026-01-27 14:19:48,527 - easytorch-training - INFO - Checkpoint checkpoints/STMAFNet_300/7a9424dbdf56bedb1aca9acb56518206/STMAFNet_054.pt saved
2026-01-27 14:19:48,528 - easytorch-training - INFO - The estimated training finish time is 2026-01-27 17:18:26
2026-01-27 14:19:48,528 - easytorch-training - INFO - Epoch 55 / 300
2026-01-27 14:20:27,966 - easytorch-training - INFO - Result <train>: [train_time: 39.44 (s), lr: 1.25e-04, train_MAE: 13.4384, train_RMSE: 22.5677, train_MAPE: 8.9829]
2026-01-27 14:20:27,967 - easytorch-training - INFO - Start validation.
2026-01-27 14:20:29,900 - easytorch-training - INFO - Result <val>: [val_time: 1.93 (s), val_MAE: 13.8096, val_RMSE: 22.9794, val_MAPE: 10.3597]
2026-01-27 14:20:30,253 - easytorch-training - INFO - Checkpoint checkpoints/STMAFNet_300/7a9424dbdf56bedb1aca9acb56518206/STMAFNet_best_val_MAE.pt saved
2026-01-27 14:20:32,122 - easytorch-training - INFO - Evaluate best model on test data for horizon 1, Test MAE: 11.8054, Test RMSE: 19.1346, Test MAPE: 7.9344
2026-01-27 14:20:32,123 - easytorch-training - INFO - Evaluate best model on test data for horizon 2, Test MAE: 12.3240, Test RMSE: 20.2222, Test MAPE: 8.5437
2026-01-27 14:20:32,124 - easytorch-training - INFO - Evaluate best model on test data for horizon 3, Test MAE: 12.7121, Test RMSE: 21.0778, Test MAPE: 8.6917
2026-01-27 14:20:32,125 - easytorch-training - INFO - Evaluate best model on test data for horizon 4, Test MAE: 13.0411, Test RMSE: 21.8476, Test MAPE: 8.5233
2026-01-27 14:20:32,127 - easytorch-training - INFO - Evaluate best model on test data for horizon 5, Test MAE: 13.3699, Test RMSE: 22.5240, Test MAPE: 9.0560
2026-01-27 14:20:32,128 - easytorch-training - INFO - Evaluate best model on test data for horizon 6, Test MAE: 13.6230, Test RMSE: 23.1716, Test MAPE: 9.0376
2026-01-27 14:20:32,129 - easytorch-training - INFO - Evaluate best model on test data for horizon 7, Test MAE: 13.8790, Test RMSE: 23.7135, Test MAPE: 9.3178
2026-01-27 14:20:32,130 - easytorch-training - INFO - Evaluate best model on test data for horizon 8, Test MAE: 14.1432, Test RMSE: 24.1953, Test MAPE: 9.1788
2026-01-27 14:20:32,131 - easytorch-training - INFO - Evaluate best model on test data for horizon 9, Test MAE: 14.3306, Test RMSE: 24.5254, Test MAPE: 9.4349
2026-01-27 14:20:32,132 - easytorch-training - INFO - Evaluate best model on test data for horizon 10, Test MAE: 14.5303, Test RMSE: 24.8727, Test MAPE: 9.7871
2026-01-27 14:20:32,133 - easytorch-training - INFO - Evaluate best model on test data for horizon 11, Test MAE: 14.7101, Test RMSE: 25.1546, Test MAPE: 9.9347
2026-01-27 14:20:32,134 - easytorch-training - INFO - Evaluate best model on test data for horizon 12, Test MAE: 14.9697, Test RMSE: 25.4995, Test MAPE: 10.3248
2026-01-27 14:20:32,138 - easytorch-training - INFO - Result <test>: [test_time: 1.88 (s), test_MAE: 13.6199, test_RMSE: 23.0792, test_MAPE: 9.1471]
2026-01-27 14:20:32,282 - easytorch-training - INFO - Checkpoint checkpoints/STMAFNet_300/7a9424dbdf56bedb1aca9acb56518206/STMAFNet_055.pt saved
2026-01-27 14:20:32,283 - easytorch-training - INFO - The estimated training finish time is 2026-01-27 17:18:27
2026-01-27 14:20:32,283 - easytorch-training - INFO - Epoch 56 / 300
2026-01-27 14:21:11,859 - easytorch-training - INFO - Result <train>: [train_time: 39.58 (s), lr: 1.25e-04, train_MAE: 13.4095, train_RMSE: 22.5409, train_MAPE: 8.9616]
2026-01-27 14:21:11,861 - easytorch-training - INFO - Start validation.
2026-01-27 14:21:13,810 - easytorch-training - INFO - Result <val>: [val_time: 1.95 (s), val_MAE: 13.8110, val_RMSE: 23.0385, val_MAPE: 10.5425]
2026-01-27 14:21:15,683 - easytorch-training - INFO - Evaluate best model on test data for horizon 1, Test MAE: 11.7987, Test RMSE: 19.1112, Test MAPE: 7.6770
2026-01-27 14:21:15,684 - easytorch-training - INFO - Evaluate best model on test data for horizon 2, Test MAE: 12.2989, Test RMSE: 20.2357, Test MAPE: 7.9623
2026-01-27 14:21:15,685 - easytorch-training - INFO - Evaluate best model on test data for horizon 3, Test MAE: 12.7004, Test RMSE: 21.1360, Test MAPE: 8.5999
2026-01-27 14:21:15,686 - easytorch-training - INFO - Evaluate best model on test data for horizon 4, Test MAE: 13.0559, Test RMSE: 21.9467, Test MAPE: 8.8438
2026-01-27 14:21:15,688 - easytorch-training - INFO - Evaluate best model on test data for horizon 5, Test MAE: 13.3357, Test RMSE: 22.6733, Test MAPE: 8.7225
2026-01-27 14:21:15,689 - easytorch-training - INFO - Evaluate best model on test data for horizon 6, Test MAE: 13.6281, Test RMSE: 23.3510, Test MAPE: 9.0954
2026-01-27 14:21:15,690 - easytorch-training - INFO - Evaluate best model on test data for horizon 7, Test MAE: 13.9066, Test RMSE: 23.9144, Test MAPE: 9.2520
2026-01-27 14:21:15,691 - easytorch-training - INFO - Evaluate best model on test data for horizon 8, Test MAE: 14.1468, Test RMSE: 24.3277, Test MAPE: 9.3059
2026-01-27 14:21:15,692 - easytorch-training - INFO - Evaluate best model on test data for horizon 9, Test MAE: 14.3273, Test RMSE: 24.6198, Test MAPE: 9.5155
2026-01-27 14:21:15,693 - easytorch-training - INFO - Evaluate best model on test data for horizon 10, Test MAE: 14.5336, Test RMSE: 24.9208, Test MAPE: 9.7663
2026-01-27 14:21:15,694 - easytorch-training - INFO - Evaluate best model on test data for horizon 11, Test MAE: 14.7435, Test RMSE: 25.2817, Test MAPE: 9.8683
2026-01-27 14:21:15,695 - easytorch-training - INFO - Evaluate best model on test data for horizon 12, Test MAE: 14.9770, Test RMSE: 25.6385, Test MAPE: 9.9267
2026-01-27 14:21:15,699 - easytorch-training - INFO - Result <test>: [test_time: 1.89 (s), test_MAE: 13.6210, test_RMSE: 23.1838, test_MAPE: 9.0446]
2026-01-27 14:21:15,844 - easytorch-training - INFO - Checkpoint checkpoints/STMAFNet_300/7a9424dbdf56bedb1aca9acb56518206/STMAFNet_056.pt saved
2026-01-27 14:21:15,845 - easytorch-training - INFO - The estimated training finish time is 2026-01-27 17:18:26
2026-01-27 14:21:15,845 - easytorch-training - INFO - Epoch 57 / 300
2026-01-27 14:21:55,849 - easytorch-training - INFO - Result <train>: [train_time: 40.00 (s), lr: 1.25e-04, train_MAE: 13.3917, train_RMSE: 22.5194, train_MAPE: 8.9542]
2026-01-27 14:21:55,850 - easytorch-training - INFO - Start validation.
2026-01-27 14:21:57,843 - easytorch-training - INFO - Result <val>: [val_time: 1.99 (s), val_MAE: 13.7485, val_RMSE: 22.9046, val_MAPE: 10.0073]
2026-01-27 14:21:58,122 - easytorch-training - INFO - Checkpoint checkpoints/STMAFNet_300/7a9424dbdf56bedb1aca9acb56518206/STMAFNet_best_val_MAE.pt saved
2026-01-27 14:21:59,996 - easytorch-training - INFO - Evaluate best model on test data for horizon 1, Test MAE: 11.8545, Test RMSE: 19.1582, Test MAPE: 7.7225
2026-01-27 14:21:59,998 - easytorch-training - INFO - Evaluate best model on test data for horizon 2, Test MAE: 12.2932, Test RMSE: 20.2111, Test MAPE: 7.9867
2026-01-27 14:21:59,999 - easytorch-training - INFO - Evaluate best model on test data for horizon 3, Test MAE: 12.6702, Test RMSE: 21.0871, Test MAPE: 8.2594
2026-01-27 14:22:00,000 - easytorch-training - INFO - Evaluate best model on test data for horizon 4, Test MAE: 12.9988, Test RMSE: 21.8190, Test MAPE: 8.4462
2026-01-27 14:22:00,001 - easytorch-training - INFO - Evaluate best model on test data for horizon 5, Test MAE: 13.2925, Test RMSE: 22.4761, Test MAPE: 8.6511
2026-01-27 14:22:00,002 - easytorch-training - INFO - Evaluate best model on test data for horizon 6, Test MAE: 13.5658, Test RMSE: 23.1142, Test MAPE: 8.8573
2026-01-27 14:22:00,003 - easytorch-training - INFO - Evaluate best model on test data for horizon 7, Test MAE: 13.8314, Test RMSE: 23.6175, Test MAPE: 9.0100
2026-01-27 14:22:00,004 - easytorch-training - INFO - Evaluate best model on test data for horizon 8, Test MAE: 14.0768, Test RMSE: 24.0426, Test MAPE: 9.1993
2026-01-27 14:22:00,005 - easytorch-training - INFO - Evaluate best model on test data for horizon 9, Test MAE: 14.2897, Test RMSE: 24.4535, Test MAPE: 9.3568
2026-01-27 14:22:00,007 - easytorch-training - INFO - Evaluate best model on test data for horizon 10, Test MAE: 14.4731, Test RMSE: 24.7439, Test MAPE: 9.4891
2026-01-27 14:22:00,008 - easytorch-training - INFO - Evaluate best model on test data for horizon 11, Test MAE: 14.6708, Test RMSE: 25.1104, Test MAPE: 9.6448
2026-01-27 14:22:00,009 - easytorch-training - INFO - Evaluate best model on test data for horizon 12, Test MAE: 14.9088, Test RMSE: 25.4090, Test MAPE: 9.9116
2026-01-27 14:22:00,013 - easytorch-training - INFO - Result <test>: [test_time: 1.89 (s), test_MAE: 13.5771, test_RMSE: 23.0180, test_MAPE: 8.8779]
2026-01-27 14:22:00,158 - easytorch-training - INFO - Checkpoint checkpoints/STMAFNet_300/7a9424dbdf56bedb1aca9acb56518206/STMAFNet_057.pt saved
2026-01-27 14:22:00,159 - easytorch-training - INFO - The estimated training finish time is 2026-01-27 17:18:30
2026-01-27 14:22:00,159 - easytorch-training - INFO - Epoch 58 / 300
2026-01-27 14:22:39,916 - easytorch-training - INFO - Result <train>: [train_time: 39.76 (s), lr: 1.25e-04, train_MAE: 13.3705, train_RMSE: 22.4827, train_MAPE: 8.9505]
2026-01-27 14:22:39,916 - easytorch-training - INFO - Start validation.
2026-01-27 14:22:41,854 - easytorch-training - INFO - Result <val>: [val_time: 1.94 (s), val_MAE: 13.7718, val_RMSE: 22.9069, val_MAPE: 9.9821]
2026-01-27 14:22:43,716 - easytorch-training - INFO - Evaluate best model on test data for horizon 1, Test MAE: 11.8180, Test RMSE: 19.1427, Test MAPE: 7.8010
2026-01-27 14:22:43,717 - easytorch-training - INFO - Evaluate best model on test data for horizon 2, Test MAE: 12.3189, Test RMSE: 20.2345, Test MAPE: 7.9929
2026-01-27 14:22:43,718 - easytorch-training - INFO - Evaluate best model on test data for horizon 3, Test MAE: 12.7010, Test RMSE: 21.0834, Test MAPE: 8.2022
2026-01-27 14:22:43,719 - easytorch-training - INFO - Evaluate best model on test data for horizon 4, Test MAE: 13.0522, Test RMSE: 21.8330, Test MAPE: 8.4242
2026-01-27 14:22:43,720 - easytorch-training - INFO - Evaluate best model on test data for horizon 5, Test MAE: 13.3360, Test RMSE: 22.4562, Test MAPE: 8.7117
2026-01-27 14:22:43,721 - easytorch-training - INFO - Evaluate best model on test data for horizon 6, Test MAE: 13.5960, Test RMSE: 23.0656, Test MAPE: 8.8527
2026-01-27 14:22:43,722 - easytorch-training - INFO - Evaluate best model on test data for horizon 7, Test MAE: 13.8592, Test RMSE: 23.6208, Test MAPE: 9.0018
2026-01-27 14:22:43,723 - easytorch-training - INFO - Evaluate best model on test data for horizon 8, Test MAE: 14.1303, Test RMSE: 24.0998, Test MAPE: 9.2674
2026-01-27 14:22:43,725 - easytorch-training - INFO - Evaluate best model on test data for horizon 9, Test MAE: 14.3488, Test RMSE: 24.4543, Test MAPE: 9.4043
2026-01-27 14:22:43,726 - easytorch-training - INFO - Evaluate best model on test data for horizon 10, Test MAE: 14.5340, Test RMSE: 24.7688, Test MAPE: 9.4931
2026-01-27 14:22:43,727 - easytorch-training - INFO - Evaluate best model on test data for horizon 11, Test MAE: 14.7266, Test RMSE: 25.0761, Test MAPE: 9.6183
2026-01-27 14:22:43,728 - easytorch-training - INFO - Evaluate best model on test data for horizon 12, Test MAE: 14.9280, Test RMSE: 25.3968, Test MAPE: 9.7688
2026-01-27 14:22:43,732 - easytorch-training - INFO - Result <test>: [test_time: 1.88 (s), test_MAE: 13.6124, test_RMSE: 23.0171, test_MAPE: 8.8782]
2026-01-27 14:22:43,876 - easytorch-training - INFO - Checkpoint checkpoints/STMAFNet_300/7a9424dbdf56bedb1aca9acb56518206/STMAFNet_058.pt saved
2026-01-27 14:22:43,876 - easytorch-training - INFO - The estimated training finish time is 2026-01-27 17:18:31
2026-01-27 14:22:43,876 - easytorch-training - INFO - Epoch 59 / 300
2026-01-27 14:23:23,033 - easytorch-training - INFO - Result <train>: [train_time: 39.16 (s), lr: 1.25e-04, train_MAE: 13.3593, train_RMSE: 22.4680, train_MAPE: 8.9313]
2026-01-27 14:23:23,034 - easytorch-training - INFO - Start validation.
2026-01-27 14:23:24,994 - easytorch-training - INFO - Result <val>: [val_time: 1.96 (s), val_MAE: 13.7674, val_RMSE: 22.9953, val_MAPE: 10.1737]
2026-01-27 14:23:26,814 - easytorch-training - INFO - Evaluate best model on test data for horizon 1, Test MAE: 11.7704, Test RMSE: 19.1179, Test MAPE: 7.6676
2026-01-27 14:23:26,817 - easytorch-training - INFO - Evaluate best model on test data for horizon 2, Test MAE: 12.2946, Test RMSE: 20.2125, Test MAPE: 8.3384
2026-01-27 14:23:26,820 - easytorch-training - INFO - Evaluate best model on test data for horizon 3, Test MAE: 12.6653, Test RMSE: 21.0714, Test MAPE: 8.4408
2026-01-27 14:23:26,822 - easytorch-training - INFO - Evaluate best model on test data for horizon 4, Test MAE: 12.9948, Test RMSE: 21.8167, Test MAPE: 8.4329
2026-01-27 14:23:26,823 - easytorch-training - INFO - Evaluate best model on test data for horizon 5, Test MAE: 13.3223, Test RMSE: 22.5061, Test MAPE: 8.7697
2026-01-27 14:23:26,824 - easytorch-training - INFO - Evaluate best model on test data for horizon 6, Test MAE: 13.6032, Test RMSE: 23.1282, Test MAPE: 9.0906
2026-01-27 14:23:26,826 - easytorch-training - INFO - Evaluate best model on test data for horizon 7, Test MAE: 13.8516, Test RMSE: 23.6582, Test MAPE: 9.2217
2026-01-27 14:23:26,827 - easytorch-training - INFO - Evaluate best model on test data for horizon 8, Test MAE: 14.0933, Test RMSE: 24.1440, Test MAPE: 9.2397
2026-01-27 14:23:26,828 - easytorch-training - INFO - Evaluate best model on test data for horizon 9, Test MAE: 14.2974, Test RMSE: 24.4857, Test MAPE: 9.5697
2026-01-27 14:23:26,829 - easytorch-training - INFO - Evaluate best model on test data for horizon 10, Test MAE: 14.4954, Test RMSE: 24.8336, Test MAPE: 9.6094
2026-01-27 14:23:26,831 - easytorch-training - INFO - Evaluate best model on test data for horizon 11, Test MAE: 14.6875, Test RMSE: 25.1390, Test MAPE: 9.6731
2026-01-27 14:23:26,832 - easytorch-training - INFO - Evaluate best model on test data for horizon 12, Test MAE: 14.8940, Test RMSE: 25.4440, Test MAPE: 9.7937
2026-01-27 14:23:26,836 - easytorch-training - INFO - Result <test>: [test_time: 1.84 (s), test_MAE: 13.5808, test_RMSE: 23.0465, test_MAPE: 8.9873]
2026-01-27 14:23:26,999 - easytorch-training - INFO - Checkpoint checkpoints/STMAFNet_300/7a9424dbdf56bedb1aca9acb56518206/STMAFNet_059.pt saved
2026-01-27 14:23:27,000 - easytorch-training - INFO - The estimated training finish time is 2026-01-27 17:18:29
2026-01-27 14:23:27,000 - easytorch-training - INFO - Epoch 60 / 300
2026-01-27 14:24:06,356 - easytorch-training - INFO - Result <train>: [train_time: 39.36 (s), lr: 1.25e-04, train_MAE: 13.3459, train_RMSE: 22.4501, train_MAPE: 8.9259]
2026-01-27 14:24:06,357 - easytorch-training - INFO - Start validation.
2026-01-27 14:24:08,311 - easytorch-training - INFO - Result <val>: [val_time: 1.95 (s), val_MAE: 13.7782, val_RMSE: 22.9948, val_MAPE: 10.1797]
2026-01-27 14:24:10,134 - easytorch-training - INFO - Evaluate best model on test data for horizon 1, Test MAE: 11.7843, Test RMSE: 19.1318, Test MAPE: 7.7412
2026-01-27 14:24:10,135 - easytorch-training - INFO - Evaluate best model on test data for horizon 2, Test MAE: 12.2738, Test RMSE: 20.2424, Test MAPE: 8.0147
2026-01-27 14:24:10,136 - easytorch-training - INFO - Evaluate best model on test data for horizon 3, Test MAE: 12.6686, Test RMSE: 21.1179, Test MAPE: 8.3402
2026-01-27 14:24:10,137 - easytorch-training - INFO - Evaluate best model on test data for horizon 4, Test MAE: 13.0059, Test RMSE: 21.8793, Test MAPE: 8.4806
2026-01-27 14:24:10,139 - easytorch-training - INFO - Evaluate best model on test data for horizon 5, Test MAE: 13.3114, Test RMSE: 22.5209, Test MAPE: 8.9278
2026-01-27 14:24:10,140 - easytorch-training - INFO - Evaluate best model on test data for horizon 6, Test MAE: 13.5750, Test RMSE: 23.1572, Test MAPE: 8.7970
2026-01-27 14:24:10,141 - easytorch-training - INFO - Evaluate best model on test data for horizon 7, Test MAE: 13.8247, Test RMSE: 23.6559, Test MAPE: 9.0440
2026-01-27 14:24:10,142 - easytorch-training - INFO - Evaluate best model on test data for horizon 8, Test MAE: 14.0637, Test RMSE: 24.0554, Test MAPE: 9.2473
2026-01-27 14:24:10,143 - easytorch-training - INFO - Evaluate best model on test data for horizon 9, Test MAE: 14.2755, Test RMSE: 24.3867, Test MAPE: 9.4643
2026-01-27 14:24:10,144 - easytorch-training - INFO - Evaluate best model on test data for horizon 10, Test MAE: 14.4752, Test RMSE: 24.6924, Test MAPE: 9.7517
2026-01-27 14:24:10,145 - easytorch-training - INFO - Evaluate best model on test data for horizon 11, Test MAE: 14.6453, Test RMSE: 24.9847, Test MAPE: 9.7847
2026-01-27 14:24:10,146 - easytorch-training - INFO - Evaluate best model on test data for horizon 12, Test MAE: 14.8698, Test RMSE: 25.2999, Test MAPE: 9.8460
2026-01-27 14:24:10,150 - easytorch-training - INFO - Result <test>: [test_time: 1.84 (s), test_MAE: 13.5644, test_RMSE: 23.0053, test_MAPE: 8.9533]
2026-01-27 14:24:10,295 - easytorch-training - INFO - Checkpoint checkpoints/STMAFNet_300/7a9424dbdf56bedb1aca9acb56518206/STMAFNet_060.pt saved
2026-01-27 14:24:10,308 - easytorch-training - INFO - The estimated training finish time is 2026-01-27 17:18:27
2026-01-27 14:24:10,308 - easytorch-training - INFO - Epoch 61 / 300
2026-01-27 14:24:49,706 - easytorch-training - INFO - Result <train>: [train_time: 39.40 (s), lr: 1.25e-04, train_MAE: 13.3306, train_RMSE: 22.4281, train_MAPE: 8.9158]
2026-01-27 14:24:49,708 - easytorch-training - INFO - Start validation.
2026-01-27 14:24:51,723 - easytorch-training - INFO - Result <val>: [val_time: 2.01 (s), val_MAE: 13.7493, val_RMSE: 22.9506, val_MAPE: 10.1365]
2026-01-27 14:24:53,555 - easytorch-training - INFO - Evaluate best model on test data for horizon 1, Test MAE: 11.7777, Test RMSE: 19.1301, Test MAPE: 7.6403
2026-01-27 14:24:53,556 - easytorch-training - INFO - Evaluate best model on test data for horizon 2, Test MAE: 12.2612, Test RMSE: 20.2124, Test MAPE: 8.0117
2026-01-27 14:24:53,557 - easytorch-training - INFO - Evaluate best model on test data for horizon 3, Test MAE: 12.6510, Test RMSE: 21.0703, Test MAPE: 8.2205
2026-01-27 14:24:53,558 - easytorch-training - INFO - Evaluate best model on test data for horizon 4, Test MAE: 12.9734, Test RMSE: 21.7926, Test MAPE: 8.3861
2026-01-27 14:24:53,559 - easytorch-training - INFO - Evaluate best model on test data for horizon 5, Test MAE: 13.2732, Test RMSE: 22.4664, Test MAPE: 8.7031
2026-01-27 14:24:53,561 - easytorch-training - INFO - Evaluate best model on test data for horizon 6, Test MAE: 13.5469, Test RMSE: 23.0581, Test MAPE: 8.9888
2026-01-27 14:24:53,562 - easytorch-training - INFO - Evaluate best model on test data for horizon 7, Test MAE: 13.8244, Test RMSE: 23.6619, Test MAPE: 9.2315
2026-01-27 14:24:53,563 - easytorch-training - INFO - Evaluate best model on test data for horizon 8, Test MAE: 14.0523, Test RMSE: 24.1157, Test MAPE: 9.3250
2026-01-27 14:24:53,564 - easytorch-training - INFO - Evaluate best model on test data for horizon 9, Test MAE: 14.2715, Test RMSE: 24.5094, Test MAPE: 9.2362
2026-01-27 14:24:53,565 - easytorch-training - INFO - Evaluate best model on test data for horizon 10, Test MAE: 14.4400, Test RMSE: 24.7898, Test MAPE: 9.4119
2026-01-27 14:24:53,566 - easytorch-training - INFO - Evaluate best model on test data for horizon 11, Test MAE: 14.6264, Test RMSE: 25.0847, Test MAPE: 9.6504
2026-01-27 14:24:53,567 - easytorch-training - INFO - Evaluate best model on test data for horizon 12, Test MAE: 14.8599, Test RMSE: 25.4016, Test MAPE: 9.8732
2026-01-27 14:24:53,571 - easytorch-training - INFO - Result <test>: [test_time: 1.85 (s), test_MAE: 13.5465, test_RMSE: 23.0235, test_MAPE: 8.8899]
2026-01-27 14:24:53,714 - easytorch-training - INFO - Checkpoint checkpoints/STMAFNet_300/7a9424dbdf56bedb1aca9acb56518206/STMAFNet_061.pt saved
2026-01-27 14:24:53,715 - easytorch-training - INFO - The estimated training finish time is 2026-01-27 17:18:27
2026-01-27 14:24:53,715 - easytorch-training - INFO - Epoch 62 / 300
2026-01-27 14:25:33,363 - easytorch-training - INFO - Result <train>: [train_time: 39.65 (s), lr: 1.25e-04, train_MAE: 13.3212, train_RMSE: 22.4158, train_MAPE: 8.9023]
2026-01-27 14:25:33,365 - easytorch-training - INFO - Start validation.
2026-01-27 14:25:35,333 - easytorch-training - INFO - Result <val>: [val_time: 1.97 (s), val_MAE: 13.7431, val_RMSE: 22.9778, val_MAPE: 10.3024]
2026-01-27 14:25:35,661 - easytorch-training - INFO - Checkpoint checkpoints/STMAFNet_300/7a9424dbdf56bedb1aca9acb56518206/STMAFNet_best_val_MAE.pt saved
2026-01-27 14:25:37,473 - easytorch-training - INFO - Evaluate best model on test data for horizon 1, Test MAE: 11.7954, Test RMSE: 19.1473, Test MAPE: 7.8614
2026-01-27 14:25:37,475 - easytorch-training - INFO - Evaluate best model on test data for horizon 2, Test MAE: 12.2379, Test RMSE: 20.2034, Test MAPE: 8.0734
2026-01-27 14:25:37,476 - easytorch-training - INFO - Evaluate best model on test data for horizon 3, Test MAE: 12.6356, Test RMSE: 21.0583, Test MAPE: 8.4063
2026-01-27 14:25:37,477 - easytorch-training - INFO - Evaluate best model on test data for horizon 4, Test MAE: 12.9606, Test RMSE: 21.7700, Test MAPE: 8.7206
2026-01-27 14:25:37,478 - easytorch-training - INFO - Evaluate best model on test data for horizon 5, Test MAE: 13.2662, Test RMSE: 22.4587, Test MAPE: 8.7888
2026-01-27 14:25:37,479 - easytorch-training - INFO - Evaluate best model on test data for horizon 6, Test MAE: 13.5565, Test RMSE: 23.0766, Test MAPE: 9.1916
2026-01-27 14:25:37,480 - easytorch-training - INFO - Evaluate best model on test data for horizon 7, Test MAE: 13.8127, Test RMSE: 23.6359, Test MAPE: 9.3935
2026-01-27 14:25:37,481 - easytorch-training - INFO - Evaluate best model on test data for horizon 8, Test MAE: 14.0538, Test RMSE: 24.0996, Test MAPE: 9.2617
2026-01-27 14:25:37,482 - easytorch-training - INFO - Evaluate best model on test data for horizon 9, Test MAE: 14.2843, Test RMSE: 24.5298, Test MAPE: 9.5948
2026-01-27 14:25:37,484 - easytorch-training - INFO - Evaluate best model on test data for horizon 10, Test MAE: 14.4753, Test RMSE: 24.7848, Test MAPE: 9.7973
2026-01-27 14:25:37,485 - easytorch-training - INFO - Evaluate best model on test data for horizon 11, Test MAE: 14.6778, Test RMSE: 25.0979, Test MAPE: 10.0020
2026-01-27 14:25:37,486 - easytorch-training - INFO - Evaluate best model on test data for horizon 12, Test MAE: 14.8749, Test RMSE: 25.4440, Test MAPE: 9.8682
2026-01-27 14:25:37,490 - easytorch-training - INFO - Result <test>: [test_time: 1.83 (s), test_MAE: 13.5526, test_RMSE: 23.0251, test_MAPE: 9.0800]
2026-01-27 14:25:37,633 - easytorch-training - INFO - Checkpoint checkpoints/STMAFNet_300/7a9424dbdf56bedb1aca9acb56518206/STMAFNet_062.pt saved
2026-01-27 14:25:37,634 - easytorch-training - INFO - The estimated training finish time is 2026-01-27 17:18:28
2026-01-27 14:25:37,634 - easytorch-training - INFO - Epoch 63 / 300
2026-01-27 14:26:17,375 - easytorch-training - INFO - Result <train>: [train_time: 39.74 (s), lr: 1.25e-04, train_MAE: 13.3120, train_RMSE: 22.4048, train_MAPE: 8.9096]
2026-01-27 14:26:17,377 - easytorch-training - INFO - Start validation.
2026-01-27 14:26:19,323 - easytorch-training - INFO - Result <val>: [val_time: 1.95 (s), val_MAE: 13.7685, val_RMSE: 22.9966, val_MAPE: 10.3181]
2026-01-27 14:26:21,135 - easytorch-training - INFO - Evaluate best model on test data for horizon 1, Test MAE: 11.8023, Test RMSE: 19.1557, Test MAPE: 7.9388
2026-01-27 14:26:21,137 - easytorch-training - INFO - Evaluate best model on test data for horizon 2, Test MAE: 12.2994, Test RMSE: 20.2606, Test MAPE: 8.3242
2026-01-27 14:26:21,138 - easytorch-training - INFO - Evaluate best model on test data for horizon 3, Test MAE: 12.6745, Test RMSE: 21.1490, Test MAPE: 8.4070
2026-01-27 14:26:21,139 - easytorch-training - INFO - Evaluate best model on test data for horizon 4, Test MAE: 13.0217, Test RMSE: 21.9418, Test MAPE: 8.6780
2026-01-27 14:26:21,141 - easytorch-training - INFO - Evaluate best model on test data for horizon 5, Test MAE: 13.3391, Test RMSE: 22.6650, Test MAPE: 8.8732
2026-01-27 14:26:21,142 - easytorch-training - INFO - Evaluate best model on test data for horizon 6, Test MAE: 13.6002, Test RMSE: 23.2530, Test MAPE: 9.0894
2026-01-27 14:26:21,144 - easytorch-training - INFO - Evaluate best model on test data for horizon 7, Test MAE: 13.8842, Test RMSE: 23.7927, Test MAPE: 9.4066
2026-01-27 14:26:21,146 - easytorch-training - INFO - Evaluate best model on test data for horizon 8, Test MAE: 14.1046, Test RMSE: 24.1743, Test MAPE: 9.3253
2026-01-27 14:26:21,147 - easytorch-training - INFO - Evaluate best model on test data for horizon 9, Test MAE: 14.3450, Test RMSE: 24.5595, Test MAPE: 9.5138
2026-01-27 14:26:21,148 - easytorch-training - INFO - Evaluate best model on test data for horizon 10, Test MAE: 14.5283, Test RMSE: 24.8634, Test MAPE: 9.6034
2026-01-27 14:26:21,149 - easytorch-training - INFO - Evaluate best model on test data for horizon 11, Test MAE: 14.7169, Test RMSE: 25.1673, Test MAPE: 9.7794
2026-01-27 14:26:21,150 - easytorch-training - INFO - Evaluate best model on test data for horizon 12, Test MAE: 14.9410, Test RMSE: 25.4711, Test MAPE: 9.9629
2026-01-27 14:26:21,154 - easytorch-training - INFO - Result <test>: [test_time: 1.83 (s), test_MAE: 13.6048, test_RMSE: 23.1203, test_MAPE: 9.0752]
2026-01-27 14:26:21,300 - easytorch-training - INFO - Checkpoint checkpoints/STMAFNet_300/7a9424dbdf56bedb1aca9acb56518206/STMAFNet_063.pt saved
2026-01-27 14:26:21,300 - easytorch-training - INFO - The estimated training finish time is 2026-01-27 17:18:29
2026-01-27 14:26:21,301 - easytorch-training - INFO - Epoch 64 / 300
2026-01-27 14:27:00,805 - easytorch-training - INFO - Result <train>: [train_time: 39.50 (s), lr: 1.25e-04, train_MAE: 13.2975, train_RMSE: 22.3837, train_MAPE: 8.8905]
2026-01-27 14:27:00,808 - easytorch-training - INFO - Start validation.
2026-01-27 14:27:02,784 - easytorch-training - INFO - Result <val>: [val_time: 1.98 (s), val_MAE: 13.7437, val_RMSE: 22.9041, val_MAPE: 10.2232]
2026-01-27 14:27:04,577 - easytorch-training - INFO - Evaluate best model on test data for horizon 1, Test MAE: 11.7725, Test RMSE: 19.1250, Test MAPE: 7.8887
2026-01-27 14:27:04,578 - easytorch-training - INFO - Evaluate best model on test data for horizon 2, Test MAE: 12.2875, Test RMSE: 20.2338, Test MAPE: 8.2073
2026-01-27 14:27:04,579 - easytorch-training - INFO - Evaluate best model on test data for horizon 3, Test MAE: 12.6617, Test RMSE: 21.0719, Test MAPE: 8.2386
2026-01-27 14:27:04,580 - easytorch-training - INFO - Evaluate best model on test data for horizon 4, Test MAE: 12.9730, Test RMSE: 21.7873, Test MAPE: 8.4540
2026-01-27 14:27:04,581 - easytorch-training - INFO - Evaluate best model on test data for horizon 5, Test MAE: 13.2810, Test RMSE: 22.4399, Test MAPE: 8.9943
2026-01-27 14:27:04,582 - easytorch-training - INFO - Evaluate best model on test data for horizon 6, Test MAE: 13.5703, Test RMSE: 23.0196, Test MAPE: 8.9469
2026-01-27 14:27:04,583 - easytorch-training - INFO - Evaluate best model on test data for horizon 7, Test MAE: 13.8131, Test RMSE: 23.5527, Test MAPE: 9.0532
2026-01-27 14:27:04,585 - easytorch-training - INFO - Evaluate best model on test data for horizon 8, Test MAE: 14.0562, Test RMSE: 23.9806, Test MAPE: 9.2206
2026-01-27 14:27:04,586 - easytorch-training - INFO - Evaluate best model on test data for horizon 9, Test MAE: 14.2977, Test RMSE: 24.3452, Test MAPE: 9.5063
2026-01-27 14:27:04,587 - easytorch-training - INFO - Evaluate best model on test data for horizon 10, Test MAE: 14.4455, Test RMSE: 24.6242, Test MAPE: 9.5912
2026-01-27 14:27:04,588 - easytorch-training - INFO - Evaluate best model on test data for horizon 11, Test MAE: 14.6105, Test RMSE: 24.9516, Test MAPE: 9.5203
2026-01-27 14:27:04,589 - easytorch-training - INFO - Evaluate best model on test data for horizon 12, Test MAE: 14.8816, Test RMSE: 25.3087, Test MAPE: 10.0002
2026-01-27 14:27:04,593 - easytorch-training - INFO - Result <test>: [test_time: 1.81 (s), test_MAE: 13.5542, test_RMSE: 22.9479, test_MAPE: 8.9685]
2026-01-27 14:27:04,737 - easytorch-training - INFO - Checkpoint checkpoints/STMAFNet_300/7a9424dbdf56bedb1aca9acb56518206/STMAFNet_064.pt saved
2026-01-27 14:27:04,737 - easytorch-training - INFO - The estimated training finish time is 2026-01-27 17:18:28
2026-01-27 14:27:04,737 - easytorch-training - INFO - Epoch 65 / 300
2026-01-27 14:27:44,265 - easytorch-training - INFO - Result <train>: [train_time: 39.53 (s), lr: 1.25e-04, train_MAE: 13.2811, train_RMSE: 22.3593, train_MAPE: 8.8948]
2026-01-27 14:27:44,266 - easytorch-training - INFO - Start validation.
2026-01-27 14:27:46,225 - easytorch-training - INFO - Result <val>: [val_time: 1.96 (s), val_MAE: 13.7447, val_RMSE: 23.0339, val_MAPE: 10.2468]
2026-01-27 14:27:48,033 - easytorch-training - INFO - Evaluate best model on test data for horizon 1, Test MAE: 11.7762, Test RMSE: 19.1430, Test MAPE: 8.0144
2026-01-27 14:27:48,034 - easytorch-training - INFO - Evaluate best model on test data for horizon 2, Test MAE: 12.2515, Test RMSE: 20.2380, Test MAPE: 8.3933
2026-01-27 14:27:48,035 - easytorch-training - INFO - Evaluate best model on test data for horizon 3, Test MAE: 12.6475, Test RMSE: 21.1343, Test MAPE: 8.4456
2026-01-27 14:27:48,036 - easytorch-training - INFO - Evaluate best model on test data for horizon 4, Test MAE: 12.9756, Test RMSE: 21.9122, Test MAPE: 8.4134
2026-01-27 14:27:48,037 - easytorch-training - INFO - Evaluate best model on test data for horizon 5, Test MAE: 13.2838, Test RMSE: 22.5955, Test MAPE: 8.6137
2026-01-27 14:27:48,038 - easytorch-training - INFO - Evaluate best model on test data for horizon 6, Test MAE: 13.5396, Test RMSE: 23.2159, Test MAPE: 8.8335
2026-01-27 14:27:48,040 - easytorch-training - INFO - Evaluate best model on test data for horizon 7, Test MAE: 13.8112, Test RMSE: 23.7779, Test MAPE: 8.9742
2026-01-27 14:27:48,041 - easytorch-training - INFO - Evaluate best model on test data for horizon 8, Test MAE: 14.0485, Test RMSE: 24.2070, Test MAPE: 9.1141
2026-01-27 14:27:48,042 - easytorch-training - INFO - Evaluate best model on test data for horizon 9, Test MAE: 14.2861, Test RMSE: 24.6190, Test MAPE: 9.2593
2026-01-27 14:27:48,043 - easytorch-training - INFO - Evaluate best model on test data for horizon 10, Test MAE: 14.4631, Test RMSE: 24.9218, Test MAPE: 9.3323
2026-01-27 14:27:48,044 - easytorch-training - INFO - Evaluate best model on test data for horizon 11, Test MAE: 14.6435, Test RMSE: 25.2034, Test MAPE: 9.4758
2026-01-27 14:27:48,045 - easytorch-training - INFO - Evaluate best model on test data for horizon 12, Test MAE: 14.8641, Test RMSE: 25.5232, Test MAPE: 9.6373
2026-01-27 14:27:48,049 - easytorch-training - INFO - Result <test>: [test_time: 1.82 (s), test_MAE: 13.5492, test_RMSE: 23.1257, test_MAPE: 8.8756]
2026-01-27 14:27:48,193 - easytorch-training - INFO - Checkpoint checkpoints/STMAFNet_300/7a9424dbdf56bedb1aca9acb56518206/STMAFNet_065.pt saved
2026-01-27 14:27:48,193 - easytorch-training - INFO - The estimated training finish time is 2026-01-27 17:18:27
2026-01-27 14:27:48,193 - easytorch-training - INFO - Epoch 66 / 300
2026-01-27 14:28:27,803 - easytorch-training - INFO - Result <train>: [train_time: 39.61 (s), lr: 1.25e-04, train_MAE: 13.2705, train_RMSE: 22.3508, train_MAPE: 8.8788]
2026-01-27 14:28:27,804 - easytorch-training - INFO - Start validation.
2026-01-27 14:28:29,831 - easytorch-training - INFO - Result <val>: [val_time: 2.03 (s), val_MAE: 13.7164, val_RMSE: 22.9734, val_MAPE: 10.1092]
2026-01-27 14:28:30,176 - easytorch-training - INFO - Checkpoint checkpoints/STMAFNet_300/7a9424dbdf56bedb1aca9acb56518206/STMAFNet_best_val_MAE.pt saved
2026-01-27 14:28:32,079 - easytorch-training - INFO - Evaluate best model on test data for horizon 1, Test MAE: 11.7565, Test RMSE: 19.1458, Test MAPE: 7.6744
2026-01-27 14:28:32,081 - easytorch-training - INFO - Evaluate best model on test data for horizon 2, Test MAE: 12.2375, Test RMSE: 20.2464, Test MAPE: 7.9534
2026-01-27 14:28:32,082 - easytorch-training - INFO - Evaluate best model on test data for horizon 3, Test MAE: 12.6411, Test RMSE: 21.1374, Test MAPE: 8.3001
2026-01-27 14:28:32,084 - easytorch-training - INFO - Evaluate best model on test data for horizon 4, Test MAE: 13.0051, Test RMSE: 21.9630, Test MAPE: 8.4825
2026-01-27 14:28:32,085 - easytorch-training - INFO - Evaluate best model on test data for horizon 5, Test MAE: 13.3082, Test RMSE: 22.6893, Test MAPE: 8.6148
2026-01-27 14:28:32,086 - easytorch-training - INFO - Evaluate best model on test data for horizon 6, Test MAE: 13.5790, Test RMSE: 23.2860, Test MAPE: 8.8055
2026-01-27 14:28:32,088 - easytorch-training - INFO - Evaluate best model on test data for horizon 7, Test MAE: 13.8366, Test RMSE: 23.8383, Test MAPE: 9.0007
2026-01-27 14:28:32,089 - easytorch-training - INFO - Evaluate best model on test data for horizon 8, Test MAE: 14.0828, Test RMSE: 24.2535, Test MAPE: 9.1347
2026-01-27 14:28:32,090 - easytorch-training - INFO - Evaluate best model on test data for horizon 9, Test MAE: 14.2675, Test RMSE: 24.5779, Test MAPE: 9.3100
2026-01-27 14:28:32,091 - easytorch-training - INFO - Evaluate best model on test data for horizon 10, Test MAE: 14.4596, Test RMSE: 24.9101, Test MAPE: 9.3983
2026-01-27 14:28:32,093 - easytorch-training - INFO - Evaluate best model on test data for horizon 11, Test MAE: 14.6299, Test RMSE: 25.1907, Test MAPE: 9.5341
2026-01-27 14:28:32,094 - easytorch-training - INFO - Evaluate best model on test data for horizon 12, Test MAE: 14.8507, Test RMSE: 25.5209, Test MAPE: 9.7083
2026-01-27 14:28:32,098 - easytorch-training - INFO - Result <test>: [test_time: 1.92 (s), test_MAE: 13.5546, test_RMSE: 23.1475, test_MAPE: 8.8264]
2026-01-27 14:28:32,252 - easytorch-training - INFO - Checkpoint checkpoints/STMAFNet_300/7a9424dbdf56bedb1aca9acb56518206/STMAFNet_066.pt saved
2026-01-27 14:28:32,252 - easytorch-training - INFO - The estimated training finish time is 2026-01-27 17:18:30
2026-01-27 14:28:32,252 - easytorch-training - INFO - Epoch 67 / 300
2026-01-27 14:29:11,685 - easytorch-training - INFO - Result <train>: [train_time: 39.43 (s), lr: 1.25e-04, train_MAE: 13.2616, train_RMSE: 22.3357, train_MAPE: 8.8679]
2026-01-27 14:29:11,686 - easytorch-training - INFO - Start validation.
2026-01-27 14:29:13,654 - easytorch-training - INFO - Result <val>: [val_time: 1.97 (s), val_MAE: 13.7515, val_RMSE: 23.0599, val_MAPE: 10.3562]
2026-01-27 14:29:15,512 - easytorch-training - INFO - Evaluate best model on test data for horizon 1, Test MAE: 11.7603, Test RMSE: 19.1345, Test MAPE: 7.6998
2026-01-27 14:29:15,513 - easytorch-training - INFO - Evaluate best model on test data for horizon 2, Test MAE: 12.2566, Test RMSE: 20.2422, Test MAPE: 8.1973
2026-01-27 14:29:15,514 - easytorch-training - INFO - Evaluate best model on test data for horizon 3, Test MAE: 12.6374, Test RMSE: 21.1303, Test MAPE: 8.2039
2026-01-27 14:29:15,515 - easytorch-training - INFO - Evaluate best model on test data for horizon 4, Test MAE: 12.9813, Test RMSE: 21.9235, Test MAPE: 8.5553
2026-01-27 14:29:15,517 - easytorch-training - INFO - Evaluate best model on test data for horizon 5, Test MAE: 13.2922, Test RMSE: 22.6402, Test MAPE: 8.7688
2026-01-27 14:29:15,518 - easytorch-training - INFO - Evaluate best model on test data for horizon 6, Test MAE: 13.5440, Test RMSE: 23.2407, Test MAPE: 8.8818
2026-01-27 14:29:15,519 - easytorch-training - INFO - Evaluate best model on test data for horizon 7, Test MAE: 13.8104, Test RMSE: 23.7656, Test MAPE: 9.0490
2026-01-27 14:29:15,520 - easytorch-training - INFO - Evaluate best model on test data for horizon 8, Test MAE: 14.0443, Test RMSE: 24.1825, Test MAPE: 9.2387
2026-01-27 14:29:15,521 - easytorch-training - INFO - Evaluate best model on test data for horizon 9, Test MAE: 14.2817, Test RMSE: 24.6129, Test MAPE: 9.3520
2026-01-27 14:29:15,522 - easytorch-training - INFO - Evaluate best model on test data for horizon 10, Test MAE: 14.4596, Test RMSE: 24.8979, Test MAPE: 9.5242
2026-01-27 14:29:15,523 - easytorch-training - INFO - Evaluate best model on test data for horizon 11, Test MAE: 14.6504, Test RMSE: 25.2201, Test MAPE: 9.6083
2026-01-27 14:29:15,524 - easytorch-training - INFO - Evaluate best model on test data for horizon 12, Test MAE: 14.8906, Test RMSE: 25.5704, Test MAPE: 9.8103
2026-01-27 14:29:15,528 - easytorch-training - INFO - Result <test>: [test_time: 1.87 (s), test_MAE: 13.5507, test_RMSE: 23.1317, test_MAPE: 8.9074]
2026-01-27 14:29:15,673 - easytorch-training - INFO - Checkpoint checkpoints/STMAFNet_300/7a9424dbdf56bedb1aca9acb56518206/STMAFNet_067.pt saved
2026-01-27 14:29:15,674 - easytorch-training - INFO - The estimated training finish time is 2026-01-27 17:18:29
2026-01-27 14:29:15,674 - easytorch-training - INFO - Epoch 68 / 300
2026-01-27 14:29:55,370 - easytorch-training - INFO - Result <train>: [train_time: 39.70 (s), lr: 1.25e-04, train_MAE: 13.2485, train_RMSE: 22.3195, train_MAPE: 8.8681]
2026-01-27 14:29:55,372 - easytorch-training - INFO - Start validation.
2026-01-27 14:29:57,324 - easytorch-training - INFO - Result <val>: [val_time: 1.95 (s), val_MAE: 13.7032, val_RMSE: 22.8917, val_MAPE: 9.9273]
2026-01-27 14:29:57,695 - easytorch-training - INFO - Checkpoint checkpoints/STMAFNet_300/7a9424dbdf56bedb1aca9acb56518206/STMAFNet_best_val_MAE.pt saved
2026-01-27 14:29:59,502 - easytorch-training - INFO - Evaluate best model on test data for horizon 1, Test MAE: 11.7528, Test RMSE: 19.1067, Test MAPE: 7.6405
2026-01-27 14:29:59,503 - easytorch-training - INFO - Evaluate best model on test data for horizon 2, Test MAE: 12.2509, Test RMSE: 20.2073, Test MAPE: 8.0365
2026-01-27 14:29:59,504 - easytorch-training - INFO - Evaluate best model on test data for horizon 3, Test MAE: 12.6573, Test RMSE: 21.0629, Test MAPE: 8.2959
2026-01-27 14:29:59,506 - easytorch-training - INFO - Evaluate best model on test data for horizon 4, Test MAE: 12.9972, Test RMSE: 21.8189, Test MAPE: 8.4839
2026-01-27 14:29:59,507 - easytorch-training - INFO - Evaluate best model on test data for horizon 5, Test MAE: 13.3077, Test RMSE: 22.5092, Test MAPE: 8.7352
2026-01-27 14:29:59,508 - easytorch-training - INFO - Evaluate best model on test data for horizon 6, Test MAE: 13.5490, Test RMSE: 23.0964, Test MAPE: 8.7843
2026-01-27 14:29:59,509 - easytorch-training - INFO - Evaluate best model on test data for horizon 7, Test MAE: 13.8035, Test RMSE: 23.6228, Test MAPE: 8.9901
2026-01-27 14:29:59,510 - easytorch-training - INFO - Evaluate best model on test data for horizon 8, Test MAE: 14.0289, Test RMSE: 24.0440, Test MAPE: 9.0744
2026-01-27 14:29:59,511 - easytorch-training - INFO - Evaluate best model on test data for horizon 9, Test MAE: 14.2334, Test RMSE: 24.4071, Test MAPE: 9.2670
2026-01-27 14:29:59,512 - easytorch-training - INFO - Evaluate best model on test data for horizon 10, Test MAE: 14.3976, Test RMSE: 24.7100, Test MAPE: 9.4025
2026-01-27 14:29:59,513 - easytorch-training - INFO - Evaluate best model on test data for horizon 11, Test MAE: 14.5760, Test RMSE: 24.9916, Test MAPE: 9.5486
2026-01-27 14:29:59,514 - easytorch-training - INFO - Evaluate best model on test data for horizon 12, Test MAE: 14.8010, Test RMSE: 25.3260, Test MAPE: 9.7262
2026-01-27 14:29:59,518 - easytorch-training - INFO - Result <test>: [test_time: 1.82 (s), test_MAE: 13.5296, test_RMSE: 22.9885, test_MAPE: 8.8321]
2026-01-27 14:29:59,662 - easytorch-training - INFO - Checkpoint checkpoints/STMAFNet_300/7a9424dbdf56bedb1aca9acb56518206/STMAFNet_068.pt saved
2026-01-27 14:29:59,663 - easytorch-training - INFO - The estimated training finish time is 2026-01-27 17:18:31
2026-01-27 14:29:59,663 - easytorch-training - INFO - Epoch 69 / 300
2026-01-27 14:30:38,875 - easytorch-training - INFO - Result <train>: [train_time: 39.21 (s), lr: 1.25e-04, train_MAE: 13.2397, train_RMSE: 22.2944, train_MAPE: 8.8573]
2026-01-27 14:30:38,877 - easytorch-training - INFO - Start validation.
2026-01-27 14:30:40,785 - easytorch-training - INFO - Result <val>: [val_time: 1.91 (s), val_MAE: 13.7372, val_RMSE: 22.9746, val_MAPE: 10.2018]
2026-01-27 14:30:42,640 - easytorch-training - INFO - Evaluate best model on test data for horizon 1, Test MAE: 11.7410, Test RMSE: 19.1260, Test MAPE: 7.7373
2026-01-27 14:30:42,641 - easytorch-training - INFO - Evaluate best model on test data for horizon 2, Test MAE: 12.2598, Test RMSE: 20.2627, Test MAPE: 8.1108
2026-01-27 14:30:42,642 - easytorch-training - INFO - Evaluate best model on test data for horizon 3, Test MAE: 12.7119, Test RMSE: 21.2051, Test MAPE: 8.7672
2026-01-27 14:30:42,644 - easytorch-training - INFO - Evaluate best model on test data for horizon 4, Test MAE: 12.9929, Test RMSE: 21.9966, Test MAPE: 8.5724
2026-01-27 14:30:42,645 - easytorch-training - INFO - Evaluate best model on test data for horizon 5, Test MAE: 13.3033, Test RMSE: 22.6822, Test MAPE: 8.8164
2026-01-27 14:30:42,646 - easytorch-training - INFO - Evaluate best model on test data for horizon 6, Test MAE: 13.5844, Test RMSE: 23.2921, Test MAPE: 8.8628
2026-01-27 14:30:42,647 - easytorch-training - INFO - Evaluate best model on test data for horizon 7, Test MAE: 13.8294, Test RMSE: 23.7607, Test MAPE: 8.9914
2026-01-27 14:30:42,648 - easytorch-training - INFO - Evaluate best model on test data for horizon 8, Test MAE: 14.0627, Test RMSE: 24.1937, Test MAPE: 9.0876
2026-01-27 14:30:42,649 - easytorch-training - INFO - Evaluate best model on test data for horizon 9, Test MAE: 14.2669, Test RMSE: 24.4925, Test MAPE: 9.3340
2026-01-27 14:30:42,650 - easytorch-training - INFO - Evaluate best model on test data for horizon 10, Test MAE: 14.4636, Test RMSE: 24.8040, Test MAPE: 9.4381
2026-01-27 14:30:42,651 - easytorch-training - INFO - Evaluate best model on test data for horizon 11, Test MAE: 14.6751, Test RMSE: 25.0866, Test MAPE: 9.7693
2026-01-27 14:30:42,652 - easytorch-training - INFO - Evaluate best model on test data for horizon 12, Test MAE: 14.8452, Test RMSE: 25.4149, Test MAPE: 9.6571
2026-01-27 14:30:42,656 - easytorch-training - INFO - Result <test>: [test_time: 1.87 (s), test_MAE: 13.5614, test_RMSE: 23.1070, test_MAPE: 8.9287]
2026-01-27 14:30:42,800 - easytorch-training - INFO - Checkpoint checkpoints/STMAFNet_300/7a9424dbdf56bedb1aca9acb56518206/STMAFNet_069.pt saved
2026-01-27 14:30:42,800 - easytorch-training - INFO - The estimated training finish time is 2026-01-27 17:18:29
2026-01-27 14:30:42,800 - easytorch-training - INFO - Epoch 70 / 300
2026-01-27 14:31:21,945 - easytorch-training - INFO - Result <train>: [train_time: 39.14 (s), lr: 1.25e-04, train_MAE: 13.2252, train_RMSE: 22.2784, train_MAPE: 8.8489]
2026-01-27 14:31:21,946 - easytorch-training - INFO - Start validation.
2026-01-27 14:31:23,880 - easytorch-training - INFO - Result <val>: [val_time: 1.93 (s), val_MAE: 13.7353, val_RMSE: 23.0246, val_MAPE: 10.1765]
2026-01-27 14:31:25,788 - easytorch-training - INFO - Evaluate best model on test data for horizon 1, Test MAE: 11.7387, Test RMSE: 19.1411, Test MAPE: 7.6304
2026-01-27 14:31:25,790 - easytorch-training - INFO - Evaluate best model on test data for horizon 2, Test MAE: 12.2162, Test RMSE: 20.2364, Test MAPE: 7.9486
2026-01-27 14:31:25,791 - easytorch-training - INFO - Evaluate best model on test data for horizon 3, Test MAE: 12.6363, Test RMSE: 21.1569, Test MAPE: 8.1712
2026-01-27 14:31:25,792 - easytorch-training - INFO - Evaluate best model on test data for horizon 4, Test MAE: 12.9703, Test RMSE: 21.9594, Test MAPE: 8.4096
2026-01-27 14:31:25,794 - easytorch-training - INFO - Evaluate best model on test data for horizon 5, Test MAE: 13.2647, Test RMSE: 22.6240, Test MAPE: 8.6343
2026-01-27 14:31:25,795 - easytorch-training - INFO - Evaluate best model on test data for horizon 6, Test MAE: 13.5558, Test RMSE: 23.2305, Test MAPE: 8.7639
2026-01-27 14:31:25,796 - easytorch-training - INFO - Evaluate best model on test data for horizon 7, Test MAE: 13.8198, Test RMSE: 23.7617, Test MAPE: 8.9925
2026-01-27 14:31:25,797 - easytorch-training - INFO - Evaluate best model on test data for horizon 8, Test MAE: 14.0493, Test RMSE: 24.2101, Test MAPE: 9.1003
2026-01-27 14:31:25,799 - easytorch-training - INFO - Evaluate best model on test data for horizon 9, Test MAE: 14.2545, Test RMSE: 24.5261, Test MAPE: 9.2303
2026-01-27 14:31:25,800 - easytorch-training - INFO - Evaluate best model on test data for horizon 10, Test MAE: 14.4376, Test RMSE: 24.8545, Test MAPE: 9.3723
2026-01-27 14:31:25,801 - easytorch-training - INFO - Evaluate best model on test data for horizon 11, Test MAE: 14.6238, Test RMSE: 25.1534, Test MAPE: 9.5466
2026-01-27 14:31:25,803 - easytorch-training - INFO - Evaluate best model on test data for horizon 12, Test MAE: 14.8483, Test RMSE: 25.4805, Test MAPE: 9.7334
2026-01-27 14:31:25,806 - easytorch-training - INFO - Result <test>: [test_time: 1.92 (s), test_MAE: 13.5346, test_RMSE: 23.1106, test_MAPE: 8.7944]
2026-01-27 14:31:25,958 - easytorch-training - INFO - Checkpoint checkpoints/STMAFNet_300/7a9424dbdf56bedb1aca9acb56518206/STMAFNet_070.pt saved
2026-01-27 14:31:26,003 - easytorch-training - INFO - The estimated training finish time is 2026-01-27 17:18:27
2026-01-27 14:31:26,003 - easytorch-training - INFO - Epoch 71 / 300
2026-01-27 14:32:05,523 - easytorch-training - INFO - Result <train>: [train_time: 39.52 (s), lr: 1.25e-04, train_MAE: 13.2148, train_RMSE: 22.2575, train_MAPE: 8.8256]
2026-01-27 14:32:05,524 - easytorch-training - INFO - Start validation.
2026-01-27 14:32:07,450 - easytorch-training - INFO - Result <val>: [val_time: 1.93 (s), val_MAE: 13.6639, val_RMSE: 22.8870, val_MAPE: 9.9738]
2026-01-27 14:32:07,775 - easytorch-training - INFO - Checkpoint checkpoints/STMAFNet_300/7a9424dbdf56bedb1aca9acb56518206/STMAFNet_best_val_MAE.pt saved
2026-01-27 14:32:09,574 - easytorch-training - INFO - Evaluate best model on test data for horizon 1, Test MAE: 11.7185, Test RMSE: 19.1195, Test MAPE: 7.7210
2026-01-27 14:32:09,575 - easytorch-training - INFO - Evaluate best model on test data for horizon 2, Test MAE: 12.2257, Test RMSE: 20.2549, Test MAPE: 7.9554
2026-01-27 14:32:09,576 - easytorch-training - INFO - Evaluate best model on test data for horizon 3, Test MAE: 12.6309, Test RMSE: 21.1747, Test MAPE: 8.1863
2026-01-27 14:32:09,577 - easytorch-training - INFO - Evaluate best model on test data for horizon 4, Test MAE: 12.9670, Test RMSE: 21.9390, Test MAPE: 8.4126
2026-01-27 14:32:09,578 - easytorch-training - INFO - Evaluate best model on test data for horizon 5, Test MAE: 13.2596, Test RMSE: 22.5992, Test MAPE: 8.7092
2026-01-27 14:32:09,579 - easytorch-training - INFO - Evaluate best model on test data for horizon 6, Test MAE: 13.5513, Test RMSE: 23.2030, Test MAPE: 9.1461
2026-01-27 14:32:09,580 - easytorch-training - INFO - Evaluate best model on test data for horizon 7, Test MAE: 13.7741, Test RMSE: 23.7032, Test MAPE: 8.8889
2026-01-27 14:32:09,581 - easytorch-training - INFO - Evaluate best model on test data for horizon 8, Test MAE: 14.0157, Test RMSE: 24.0932, Test MAPE: 9.0531
2026-01-27 14:32:09,583 - easytorch-training - INFO - Evaluate best model on test data for horizon 9, Test MAE: 14.2013, Test RMSE: 24.3901, Test MAPE: 9.2032
2026-01-27 14:32:09,584 - easytorch-training - INFO - Evaluate best model on test data for horizon 10, Test MAE: 14.3836, Test RMSE: 24.7119, Test MAPE: 9.3134
2026-01-27 14:32:09,585 - easytorch-training - INFO - Evaluate best model on test data for horizon 11, Test MAE: 14.5714, Test RMSE: 25.0070, Test MAPE: 9.4792
2026-01-27 14:32:09,586 - easytorch-training - INFO - Evaluate best model on test data for horizon 12, Test MAE: 14.8070, Test RMSE: 25.3714, Test MAPE: 9.6437
2026-01-27 14:32:09,590 - easytorch-training - INFO - Result <test>: [test_time: 1.81 (s), test_MAE: 13.5088, test_RMSE: 23.0426, test_MAPE: 8.8094]
2026-01-27 14:32:09,734 - easytorch-training - INFO - Checkpoint checkpoints/STMAFNet_300/7a9424dbdf56bedb1aca9acb56518206/STMAFNet_071.pt saved
2026-01-27 14:32:09,734 - easytorch-training - INFO - The estimated training finish time is 2026-01-27 17:18:28
2026-01-27 14:32:09,734 - easytorch-training - INFO - Epoch 72 / 300
2026-01-27 14:32:49,092 - easytorch-training - INFO - Result <train>: [train_time: 39.36 (s), lr: 1.25e-04, train_MAE: 13.2042, train_RMSE: 22.2497, train_MAPE: 8.8321]
2026-01-27 14:32:49,093 - easytorch-training - INFO - Start validation.
2026-01-27 14:32:51,058 - easytorch-training - INFO - Result <val>: [val_time: 1.96 (s), val_MAE: 13.7125, val_RMSE: 22.8633, val_MAPE: 10.0409]
2026-01-27 14:32:52,900 - easytorch-training - INFO - Evaluate best model on test data for horizon 1, Test MAE: 11.7634, Test RMSE: 19.1113, Test MAPE: 7.6083
2026-01-27 14:32:52,902 - easytorch-training - INFO - Evaluate best model on test data for horizon 2, Test MAE: 12.2509, Test RMSE: 20.2076, Test MAPE: 7.9202
2026-01-27 14:32:52,903 - easytorch-training - INFO - Evaluate best model on test data for horizon 3, Test MAE: 12.6760, Test RMSE: 21.1137, Test MAPE: 8.3030
2026-01-27 14:32:52,904 - easytorch-training - INFO - Evaluate best model on test data for horizon 4, Test MAE: 13.0024, Test RMSE: 21.8896, Test MAPE: 8.4011
2026-01-27 14:32:52,905 - easytorch-training - INFO - Evaluate best model on test data for horizon 5, Test MAE: 13.3629, Test RMSE: 22.5662, Test MAPE: 8.7105
2026-01-27 14:32:52,906 - easytorch-training - INFO - Evaluate best model on test data for horizon 6, Test MAE: 13.5685, Test RMSE: 23.1736, Test MAPE: 8.8243
2026-01-27 14:32:52,907 - easytorch-training - INFO - Evaluate best model on test data for horizon 7, Test MAE: 13.7883, Test RMSE: 23.6594, Test MAPE: 8.9313
2026-01-27 14:32:52,908 - easytorch-training - INFO - Evaluate best model on test data for horizon 8, Test MAE: 14.0580, Test RMSE: 24.0703, Test MAPE: 9.1538
2026-01-27 14:32:52,909 - easytorch-training - INFO - Evaluate best model on test data for horizon 9, Test MAE: 14.2760, Test RMSE: 24.3977, Test MAPE: 9.4949
2026-01-27 14:32:52,910 - easytorch-training - INFO - Evaluate best model on test data for horizon 10, Test MAE: 14.4100, Test RMSE: 24.6618, Test MAPE: 9.2790
2026-01-27 14:32:52,911 - easytorch-training - INFO - Evaluate best model on test data for horizon 11, Test MAE: 14.6403, Test RMSE: 24.9764, Test MAPE: 9.4486
2026-01-27 14:32:52,912 - easytorch-training - INFO - Evaluate best model on test data for horizon 12, Test MAE: 14.8202, Test RMSE: 25.2670, Test MAPE: 9.6508
2026-01-27 14:32:52,916 - easytorch-training - INFO - Result <test>: [test_time: 1.86 (s), test_MAE: 13.5514, test_RMSE: 23.0029, test_MAPE: 8.8105]
2026-01-27 14:32:53,137 - easytorch-training - INFO - Checkpoint checkpoints/STMAFNet_300/7a9424dbdf56bedb1aca9acb56518206/STMAFNet_072.pt saved
2026-01-27 14:32:53,138 - easytorch-training - INFO - The estimated training finish time is 2026-01-27 17:18:27
2026-01-27 14:32:53,138 - easytorch-training - INFO - Epoch 73 / 300
2026-01-27 14:33:32,216 - easytorch-training - INFO - Result <train>: [train_time: 39.08 (s), lr: 6.25e-05, train_MAE: 13.1495, train_RMSE: 22.1848, train_MAPE: 8.7658]
2026-01-27 14:33:32,218 - easytorch-training - INFO - Start validation.
2026-01-27 14:33:34,163 - easytorch-training - INFO - Result <val>: [val_time: 1.95 (s), val_MAE: 13.6549, val_RMSE: 22.9604, val_MAPE: 10.0359]
2026-01-27 14:33:34,454 - easytorch-training - INFO - Checkpoint checkpoints/STMAFNet_300/7a9424dbdf56bedb1aca9acb56518206/STMAFNet_best_val_MAE.pt saved
2026-01-27 14:33:36,295 - easytorch-training - INFO - Evaluate best model on test data for horizon 1, Test MAE: 11.7138, Test RMSE: 19.1068, Test MAPE: 7.6001
2026-01-27 14:33:36,297 - easytorch-training - INFO - Evaluate best model on test data for horizon 2, Test MAE: 12.2012, Test RMSE: 20.2294, Test MAPE: 7.9295
2026-01-27 14:33:36,298 - easytorch-training - INFO - Evaluate best model on test data for horizon 3, Test MAE: 12.5870, Test RMSE: 21.1266, Test MAPE: 8.1510
2026-01-27 14:33:36,299 - easytorch-training - INFO - Evaluate best model on test data for horizon 4, Test MAE: 12.9489, Test RMSE: 21.9489, Test MAPE: 8.4189
2026-01-27 14:33:36,300 - easytorch-training - INFO - Evaluate best model on test data for horizon 5, Test MAE: 13.2522, Test RMSE: 22.6624, Test MAPE: 8.5457
2026-01-27 14:33:36,301 - easytorch-training - INFO - Evaluate best model on test data for horizon 6, Test MAE: 13.5132, Test RMSE: 23.2571, Test MAPE: 8.7453
2026-01-27 14:33:36,302 - easytorch-training - INFO - Evaluate best model on test data for horizon 7, Test MAE: 13.7663, Test RMSE: 23.7653, Test MAPE: 8.9433
2026-01-27 14:33:36,303 - easytorch-training - INFO - Evaluate best model on test data for horizon 8, Test MAE: 14.0084, Test RMSE: 24.2213, Test MAPE: 9.1769
2026-01-27 14:33:36,304 - easytorch-training - INFO - Evaluate best model on test data for horizon 9, Test MAE: 14.2162, Test RMSE: 24.5779, Test MAPE: 9.3619
2026-01-27 14:33:36,306 - easytorch-training - INFO - Evaluate best model on test data for horizon 10, Test MAE: 14.3909, Test RMSE: 24.8918, Test MAPE: 9.6017
2026-01-27 14:33:36,307 - easytorch-training - INFO - Evaluate best model on test data for horizon 11, Test MAE: 14.5759, Test RMSE: 25.1723, Test MAPE: 9.6084
2026-01-27 14:33:36,308 - easytorch-training - INFO - Evaluate best model on test data for horizon 12, Test MAE: 14.7958, Test RMSE: 25.5120, Test MAPE: 9.9134
2026-01-27 14:33:36,312 - easytorch-training - INFO - Result <test>: [test_time: 1.86 (s), test_MAE: 13.4975, test_RMSE: 23.1238, test_MAPE: 8.8330]
2026-01-27 14:33:36,456 - easytorch-training - INFO - Checkpoint checkpoints/STMAFNet_300/7a9424dbdf56bedb1aca9acb56518206/STMAFNet_073.pt saved
2026-01-27 14:33:36,456 - easytorch-training - INFO - The estimated training finish time is 2026-01-27 17:18:26
2026-01-27 14:33:36,457 - easytorch-training - INFO - Epoch 74 / 300
2026-01-27 14:34:15,833 - easytorch-training - INFO - Result <train>: [train_time: 39.38 (s), lr: 6.25e-05, train_MAE: 13.1365, train_RMSE: 22.1698, train_MAPE: 8.7550]
2026-01-27 14:34:15,835 - easytorch-training - INFO - Start validation.
2026-01-27 14:34:17,826 - easytorch-training - INFO - Result <val>: [val_time: 1.99 (s), val_MAE: 13.6388, val_RMSE: 22.9302, val_MAPE: 9.9835]
2026-01-27 14:34:18,114 - easytorch-training - INFO - Checkpoint checkpoints/STMAFNet_300/7a9424dbdf56bedb1aca9acb56518206/STMAFNet_best_val_MAE.pt saved
2026-01-27 14:34:19,961 - easytorch-training - INFO - Evaluate best model on test data for horizon 1, Test MAE: 11.7031, Test RMSE: 19.1162, Test MAPE: 7.6001
2026-01-27 14:34:19,962 - easytorch-training - INFO - Evaluate best model on test data for horizon 2, Test MAE: 12.2076, Test RMSE: 20.2445, Test MAPE: 8.0061
2026-01-27 14:34:19,963 - easytorch-training - INFO - Evaluate best model on test data for horizon 3, Test MAE: 12.5872, Test RMSE: 21.1559, Test MAPE: 8.2102
2026-01-27 14:34:19,964 - easytorch-training - INFO - Evaluate best model on test data for horizon 4, Test MAE: 12.9487, Test RMSE: 21.9609, Test MAPE: 8.4476
2026-01-27 14:34:19,965 - easytorch-training - INFO - Evaluate best model on test data for horizon 5, Test MAE: 13.2271, Test RMSE: 22.6325, Test MAPE: 8.6347
2026-01-27 14:34:19,966 - easytorch-training - INFO - Evaluate best model on test data for horizon 6, Test MAE: 13.4988, Test RMSE: 23.2265, Test MAPE: 8.7614
2026-01-27 14:34:19,967 - easytorch-training - INFO - Evaluate best model on test data for horizon 7, Test MAE: 13.7421, Test RMSE: 23.7245, Test MAPE: 8.8900
2026-01-27 14:34:19,969 - easytorch-training - INFO - Evaluate best model on test data for horizon 8, Test MAE: 13.9724, Test RMSE: 24.1399, Test MAPE: 9.0459
2026-01-27 14:34:19,970 - easytorch-training - INFO - Evaluate best model on test data for horizon 9, Test MAE: 14.1909, Test RMSE: 24.5087, Test MAPE: 9.2447
2026-01-27 14:34:19,971 - easytorch-training - INFO - Evaluate best model on test data for horizon 10, Test MAE: 14.3671, Test RMSE: 24.8229, Test MAPE: 9.3459
2026-01-27 14:34:19,972 - easytorch-training - INFO - Evaluate best model on test data for horizon 11, Test MAE: 14.5506, Test RMSE: 25.0864, Test MAPE: 9.5284
2026-01-27 14:34:19,973 - easytorch-training - INFO - Evaluate best model on test data for horizon 12, Test MAE: 14.7674, Test RMSE: 25.4226, Test MAPE: 9.5909
2026-01-27 14:34:19,977 - easytorch-training - INFO - Result <test>: [test_time: 1.86 (s), test_MAE: 13.4803, test_RMSE: 23.0848, test_MAPE: 8.7755]
2026-01-27 14:34:20,122 - easytorch-training - INFO - Checkpoint checkpoints/STMAFNet_300/7a9424dbdf56bedb1aca9acb56518206/STMAFNet_074.pt saved
2026-01-27 14:34:20,123 - easytorch-training - INFO - The estimated training finish time is 2026-01-27 17:18:27
2026-01-27 14:34:20,123 - easytorch-training - INFO - Epoch 75 / 300
2026-01-27 14:34:59,398 - easytorch-training - INFO - Result <train>: [train_time: 39.27 (s), lr: 6.25e-05, train_MAE: 13.1213, train_RMSE: 22.1413, train_MAPE: 8.7522]
2026-01-27 14:34:59,400 - easytorch-training - INFO - Start validation.
2026-01-27 14:35:01,363 - easytorch-training - INFO - Result <val>: [val_time: 1.96 (s), val_MAE: 13.6628, val_RMSE: 22.9939, val_MAPE: 10.2088]
2026-01-27 14:35:03,174 - easytorch-training - INFO - Evaluate best model on test data for horizon 1, Test MAE: 11.6912, Test RMSE: 19.0940, Test MAPE: 7.6232
2026-01-27 14:35:03,175 - easytorch-training - INFO - Evaluate best model on test data for horizon 2, Test MAE: 12.1960, Test RMSE: 20.2053, Test MAPE: 7.9564
2026-01-27 14:35:03,176 - easytorch-training - INFO - Evaluate best model on test data for horizon 3, Test MAE: 12.5760, Test RMSE: 21.1042, Test MAPE: 8.1255
2026-01-27 14:35:03,177 - easytorch-training - INFO - Evaluate best model on test data for horizon 4, Test MAE: 12.9370, Test RMSE: 21.9093, Test MAPE: 8.3792
2026-01-27 14:35:03,178 - easytorch-training - INFO - Evaluate best model on test data for horizon 5, Test MAE: 13.2150, Test RMSE: 22.6086, Test MAPE: 8.6370
2026-01-27 14:35:03,179 - easytorch-training - INFO - Evaluate best model on test data for horizon 6, Test MAE: 13.4901, Test RMSE: 23.2320, Test MAPE: 8.7531
2026-01-27 14:35:03,180 - easytorch-training - INFO - Evaluate best model on test data for horizon 7, Test MAE: 13.7621, Test RMSE: 23.7554, Test MAPE: 8.9632
2026-01-27 14:35:03,181 - easytorch-training - INFO - Evaluate best model on test data for horizon 8, Test MAE: 13.9815, Test RMSE: 24.1727, Test MAPE: 9.0836
2026-01-27 14:35:03,182 - easytorch-training - INFO - Evaluate best model on test data for horizon 9, Test MAE: 14.2047, Test RMSE: 24.5455, Test MAPE: 9.3050
2026-01-27 14:35:03,184 - easytorch-training - INFO - Evaluate best model on test data for horizon 10, Test MAE: 14.3794, Test RMSE: 24.8577, Test MAPE: 9.5493
2026-01-27 14:35:03,185 - easytorch-training - INFO - Evaluate best model on test data for horizon 11, Test MAE: 14.5595, Test RMSE: 25.1551, Test MAPE: 9.4836
2026-01-27 14:35:03,186 - easytorch-training - INFO - Evaluate best model on test data for horizon 12, Test MAE: 14.7849, Test RMSE: 25.4643, Test MAPE: 9.6654
2026-01-27 14:35:03,190 - easytorch-training - INFO - Result <test>: [test_time: 1.83 (s), test_MAE: 13.4815, test_RMSE: 23.0928, test_MAPE: 8.7937]
2026-01-27 14:35:03,334 - easytorch-training - INFO - Checkpoint checkpoints/STMAFNet_300/7a9424dbdf56bedb1aca9acb56518206/STMAFNet_075.pt saved
2026-01-27 14:35:03,335 - easytorch-training - INFO - The estimated training finish time is 2026-01-27 17:18:25
2026-01-27 14:35:03,335 - easytorch-training - INFO - Epoch 76 / 300
2026-01-27 14:35:42,314 - easytorch-training - INFO - Result <train>: [train_time: 38.98 (s), lr: 6.25e-05, train_MAE: 13.1117, train_RMSE: 22.1378, train_MAPE: 8.7406]
2026-01-27 14:35:42,316 - easytorch-training - INFO - Start validation.
2026-01-27 14:35:44,279 - easytorch-training - INFO - Result <val>: [val_time: 1.96 (s), val_MAE: 13.6681, val_RMSE: 22.9466, val_MAPE: 10.1764]
2026-01-27 14:35:46,091 - easytorch-training - INFO - Evaluate best model on test data for horizon 1, Test MAE: 11.7159, Test RMSE: 19.1006, Test MAPE: 7.6512
2026-01-27 14:35:46,092 - easytorch-training - INFO - Evaluate best model on test data for horizon 2, Test MAE: 12.1985, Test RMSE: 20.2169, Test MAPE: 7.9863
2026-01-27 14:35:46,093 - easytorch-training - INFO - Evaluate best model on test data for horizon 3, Test MAE: 12.5826, Test RMSE: 21.1204, Test MAPE: 8.1643
2026-01-27 14:35:46,094 - easytorch-training - INFO - Evaluate best model on test data for horizon 4, Test MAE: 12.9354, Test RMSE: 21.9050, Test MAPE: 8.4317
2026-01-27 14:35:46,095 - easytorch-training - INFO - Evaluate best model on test data for horizon 5, Test MAE: 13.2497, Test RMSE: 22.5823, Test MAPE: 8.5783
2026-01-27 14:35:46,097 - easytorch-training - INFO - Evaluate best model on test data for horizon 6, Test MAE: 13.5271, Test RMSE: 23.2112, Test MAPE: 8.7964
2026-01-27 14:35:46,098 - easytorch-training - INFO - Evaluate best model on test data for horizon 7, Test MAE: 13.7979, Test RMSE: 23.7320, Test MAPE: 9.0042
2026-01-27 14:35:46,099 - easytorch-training - INFO - Evaluate best model on test data for horizon 8, Test MAE: 14.0084, Test RMSE: 24.1554, Test MAPE: 9.1183
2026-01-27 14:35:46,100 - easytorch-training - INFO - Evaluate best model on test data for horizon 9, Test MAE: 14.2157, Test RMSE: 24.5029, Test MAPE: 9.3328
2026-01-27 14:35:46,101 - easytorch-training - INFO - Evaluate best model on test data for horizon 10, Test MAE: 14.3940, Test RMSE: 24.8443, Test MAPE: 9.3944
2026-01-27 14:35:46,102 - easytorch-training - INFO - Evaluate best model on test data for horizon 11, Test MAE: 14.5754, Test RMSE: 25.1276, Test MAPE: 9.5358
2026-01-27 14:35:46,103 - easytorch-training - INFO - Evaluate best model on test data for horizon 12, Test MAE: 14.8014, Test RMSE: 25.4554, Test MAPE: 9.6702
2026-01-27 14:35:46,107 - easytorch-training - INFO - Result <test>: [test_time: 1.83 (s), test_MAE: 13.5002, test_RMSE: 23.0793, test_MAPE: 8.8053]
2026-01-27 14:35:46,252 - easytorch-training - INFO - Checkpoint checkpoints/STMAFNet_300/7a9424dbdf56bedb1aca9acb56518206/STMAFNet_076.pt saved
2026-01-27 14:35:46,252 - easytorch-training - INFO - The estimated training finish time is 2026-01-27 17:18:23
2026-01-27 14:35:46,252 - easytorch-training - INFO - Epoch 77 / 300
2026-01-27 14:36:25,560 - easytorch-training - INFO - Result <train>: [train_time: 39.31 (s), lr: 6.25e-05, train_MAE: 13.1026, train_RMSE: 22.1266, train_MAPE: 8.7366]
2026-01-27 14:36:25,561 - easytorch-training - INFO - Start validation.
2026-01-27 14:36:27,508 - easytorch-training - INFO - Result <val>: [val_time: 1.95 (s), val_MAE: 13.6338, val_RMSE: 22.9030, val_MAPE: 9.9339]
2026-01-27 14:36:27,737 - easytorch-training - INFO - Checkpoint checkpoints/STMAFNet_300/7a9424dbdf56bedb1aca9acb56518206/STMAFNet_best_val_MAE.pt saved
2026-01-27 14:36:29,624 - easytorch-training - INFO - Evaluate best model on test data for horizon 1, Test MAE: 11.6851, Test RMSE: 19.0888, Test MAPE: 7.5957
2026-01-27 14:36:29,627 - easytorch-training - INFO - Evaluate best model on test data for horizon 2, Test MAE: 12.1879, Test RMSE: 20.2146, Test MAPE: 7.8804
2026-01-27 14:36:29,628 - easytorch-training - INFO - Evaluate best model on test data for horizon 3, Test MAE: 12.5638, Test RMSE: 21.0812, Test MAPE: 8.1109
2026-01-27 14:36:29,630 - easytorch-training - INFO - Evaluate best model on test data for horizon 4, Test MAE: 12.9443, Test RMSE: 21.8983, Test MAPE: 8.3440
2026-01-27 14:36:29,631 - easytorch-training - INFO - Evaluate best model on test data for horizon 5, Test MAE: 13.2314, Test RMSE: 22.5910, Test MAPE: 8.5153
2026-01-27 14:36:29,632 - easytorch-training - INFO - Evaluate best model on test data for horizon 6, Test MAE: 13.4950, Test RMSE: 23.1934, Test MAPE: 8.7239
2026-01-27 14:36:29,633 - easytorch-training - INFO - Evaluate best model on test data for horizon 7, Test MAE: 13.7556, Test RMSE: 23.7230, Test MAPE: 8.8819
2026-01-27 14:36:29,635 - easytorch-training - INFO - Evaluate best model on test data for horizon 8, Test MAE: 13.9999, Test RMSE: 24.1661, Test MAPE: 9.0426
2026-01-27 14:36:29,636 - easytorch-training - INFO - Evaluate best model on test data for horizon 9, Test MAE: 14.2010, Test RMSE: 24.5173, Test MAPE: 9.2208
2026-01-27 14:36:29,637 - easytorch-training - INFO - Evaluate best model on test data for horizon 10, Test MAE: 14.3983, Test RMSE: 24.8532, Test MAPE: 9.3209
2026-01-27 14:36:29,639 - easytorch-training - INFO - Evaluate best model on test data for horizon 11, Test MAE: 14.5684, Test RMSE: 25.1244, Test MAPE: 9.4682
2026-01-27 14:36:29,640 - easytorch-training - INFO - Evaluate best model on test data for horizon 12, Test MAE: 14.8105, Test RMSE: 25.4557, Test MAPE: 9.6390
2026-01-27 14:36:29,644 - easytorch-training - INFO - Result <test>: [test_time: 1.91 (s), test_MAE: 13.4868, test_RMSE: 23.0760, test_MAPE: 8.7286]
2026-01-27 14:36:29,805 - easytorch-training - INFO - Checkpoint checkpoints/STMAFNet_300/7a9424dbdf56bedb1aca9acb56518206/STMAFNet_077.pt saved
2026-01-27 14:36:29,806 - easytorch-training - INFO - The estimated training finish time is 2026-01-27 17:18:23
2026-01-27 14:36:29,806 - easytorch-training - INFO - Epoch 78 / 300
2026-01-27 14:37:09,160 - easytorch-training - INFO - Result <train>: [train_time: 39.35 (s), lr: 6.25e-05, train_MAE: 13.0944, train_RMSE: 22.1036, train_MAPE: 8.7230]
2026-01-27 14:37:09,163 - easytorch-training - INFO - Start validation.
2026-01-27 14:37:11,191 - easytorch-training - INFO - Result <val>: [val_time: 2.03 (s), val_MAE: 13.6578, val_RMSE: 22.9626, val_MAPE: 10.1465]
2026-01-27 14:37:13,047 - easytorch-training - INFO - Evaluate best model on test data for horizon 1, Test MAE: 11.7142, Test RMSE: 19.0955, Test MAPE: 7.6006
2026-01-27 14:37:13,049 - easytorch-training - INFO - Evaluate best model on test data for horizon 2, Test MAE: 12.2152, Test RMSE: 20.2123, Test MAPE: 7.9040
2026-01-27 14:37:13,050 - easytorch-training - INFO - Evaluate best model on test data for horizon 3, Test MAE: 12.5843, Test RMSE: 21.0988, Test MAPE: 8.1185
2026-01-27 14:37:13,051 - easytorch-training - INFO - Evaluate best model on test data for horizon 4, Test MAE: 12.9276, Test RMSE: 21.8931, Test MAPE: 8.3383
2026-01-27 14:37:13,052 - easytorch-training - INFO - Evaluate best model on test data for horizon 5, Test MAE: 13.2083, Test RMSE: 22.5800, Test MAPE: 8.5247
2026-01-27 14:37:13,053 - easytorch-training - INFO - Evaluate best model on test data for horizon 6, Test MAE: 13.4841, Test RMSE: 23.2204, Test MAPE: 8.7006
2026-01-27 14:37:13,054 - easytorch-training - INFO - Evaluate best model on test data for horizon 7, Test MAE: 13.7393, Test RMSE: 23.7248, Test MAPE: 8.9169
2026-01-27 14:37:13,055 - easytorch-training - INFO - Evaluate best model on test data for horizon 8, Test MAE: 13.9793, Test RMSE: 24.1517, Test MAPE: 9.0328
2026-01-27 14:37:13,056 - easytorch-training - INFO - Evaluate best model on test data for horizon 9, Test MAE: 14.1784, Test RMSE: 24.5077, Test MAPE: 9.1837
2026-01-27 14:37:13,057 - easytorch-training - INFO - Evaluate best model on test data for horizon 10, Test MAE: 14.3656, Test RMSE: 24.7917, Test MAPE: 9.3270
2026-01-27 14:37:13,058 - easytorch-training - INFO - Evaluate best model on test data for horizon 11, Test MAE: 14.5342, Test RMSE: 25.0799, Test MAPE: 9.4483
2026-01-27 14:37:13,060 - easytorch-training - INFO - Evaluate best model on test data for horizon 12, Test MAE: 14.7605, Test RMSE: 25.3922, Test MAPE: 9.6803
2026-01-27 14:37:13,063 - easytorch-training - INFO - Result <test>: [test_time: 1.87 (s), test_MAE: 13.4742, test_RMSE: 23.0613, test_MAPE: 8.7313]
2026-01-27 14:37:13,208 - easytorch-training - INFO - Checkpoint checkpoints/STMAFNet_300/7a9424dbdf56bedb1aca9acb56518206/STMAFNet_078.pt saved
2026-01-27 14:37:13,209 - easytorch-training - INFO - The estimated training finish time is 2026-01-27 17:18:22
2026-01-27 14:37:13,209 - easytorch-training - INFO - Epoch 79 / 300
2026-01-27 14:37:52,927 - easytorch-training - INFO - Result <train>: [train_time: 39.72 (s), lr: 6.25e-05, train_MAE: 13.0887, train_RMSE: 22.1027, train_MAPE: 8.7265]
2026-01-27 14:37:52,929 - easytorch-training - INFO - Start validation.
2026-01-27 14:37:54,902 - easytorch-training - INFO - Result <val>: [val_time: 1.97 (s), val_MAE: 13.6481, val_RMSE: 22.9490, val_MAPE: 10.0271]
2026-01-27 14:37:56,747 - easytorch-training - INFO - Evaluate best model on test data for horizon 1, Test MAE: 11.6930, Test RMSE: 19.0992, Test MAPE: 7.5905
2026-01-27 14:37:56,748 - easytorch-training - INFO - Evaluate best model on test data for horizon 2, Test MAE: 12.2082, Test RMSE: 20.2193, Test MAPE: 7.9065
2026-01-27 14:37:56,749 - easytorch-training - INFO - Evaluate best model on test data for horizon 3, Test MAE: 12.5912, Test RMSE: 21.1076, Test MAPE: 8.1006
2026-01-27 14:37:56,750 - easytorch-training - INFO - Evaluate best model on test data for horizon 4, Test MAE: 12.9453, Test RMSE: 21.9016, Test MAPE: 8.3361
2026-01-27 14:37:56,752 - easytorch-training - INFO - Evaluate best model on test data for horizon 5, Test MAE: 13.2391, Test RMSE: 22.6037, Test MAPE: 8.5245
2026-01-27 14:37:56,753 - easytorch-training - INFO - Evaluate best model on test data for horizon 6, Test MAE: 13.5084, Test RMSE: 23.2253, Test MAPE: 8.6944
2026-01-27 14:37:56,754 - easytorch-training - INFO - Evaluate best model on test data for horizon 7, Test MAE: 13.7593, Test RMSE: 23.7556, Test MAPE: 8.8641
2026-01-27 14:37:56,755 - easytorch-training - INFO - Evaluate best model on test data for horizon 8, Test MAE: 14.0065, Test RMSE: 24.1936, Test MAPE: 9.0308
2026-01-27 14:37:56,756 - easytorch-training - INFO - Evaluate best model on test data for horizon 9, Test MAE: 14.2067, Test RMSE: 24.5438, Test MAPE: 9.2322
2026-01-27 14:37:56,757 - easytorch-training - INFO - Evaluate best model on test data for horizon 10, Test MAE: 14.3775, Test RMSE: 24.8421, Test MAPE: 9.2986
2026-01-27 14:37:56,758 - easytorch-training - INFO - Evaluate best model on test data for horizon 11, Test MAE: 14.5630, Test RMSE: 25.1217, Test MAPE: 9.4406
2026-01-27 14:37:56,759 - easytorch-training - INFO - Evaluate best model on test data for horizon 12, Test MAE: 14.8001, Test RMSE: 25.4504, Test MAPE: 9.5894
2026-01-27 14:37:56,763 - easytorch-training - INFO - Result <test>: [test_time: 1.86 (s), test_MAE: 13.4915, test_RMSE: 23.0889, test_MAPE: 8.7174]
2026-01-27 14:37:56,909 - easytorch-training - INFO - Checkpoint checkpoints/STMAFNet_300/7a9424dbdf56bedb1aca9acb56518206/STMAFNet_079.pt saved
2026-01-27 14:37:56,909 - easytorch-training - INFO - The estimated training finish time is 2026-01-27 17:18:22
2026-01-27 14:37:56,909 - easytorch-training - INFO - Epoch 80 / 300
2026-01-27 14:38:36,335 - easytorch-training - INFO - Result <train>: [train_time: 39.42 (s), lr: 6.25e-05, train_MAE: 13.0836, train_RMSE: 22.0925, train_MAPE: 8.7213]
2026-01-27 14:38:36,337 - easytorch-training - INFO - Start validation.
2026-01-27 14:38:38,282 - easytorch-training - INFO - Result <val>: [val_time: 1.95 (s), val_MAE: 13.6744, val_RMSE: 22.9635, val_MAPE: 10.1409]
2026-01-27 14:38:40,076 - easytorch-training - INFO - Evaluate best model on test data for horizon 1, Test MAE: 11.7151, Test RMSE: 19.0963, Test MAPE: 7.5800
2026-01-27 14:38:40,078 - easytorch-training - INFO - Evaluate best model on test data for horizon 2, Test MAE: 12.1922, Test RMSE: 20.2052, Test MAPE: 7.8801
2026-01-27 14:38:40,079 - easytorch-training - INFO - Evaluate best model on test data for horizon 3, Test MAE: 12.5865, Test RMSE: 21.0864, Test MAPE: 8.0804
2026-01-27 14:38:40,080 - easytorch-training - INFO - Evaluate best model on test data for horizon 4, Test MAE: 12.9217, Test RMSE: 21.8556, Test MAPE: 8.3074
2026-01-27 14:38:40,081 - easytorch-training - INFO - Evaluate best model on test data for horizon 5, Test MAE: 13.2390, Test RMSE: 22.5313, Test MAPE: 8.5012
2026-01-27 14:38:40,082 - easytorch-training - INFO - Evaluate best model on test data for horizon 6, Test MAE: 13.4899, Test RMSE: 23.1348, Test MAPE: 8.7002
2026-01-27 14:38:40,083 - easytorch-training - INFO - Evaluate best model on test data for horizon 7, Test MAE: 13.7421, Test RMSE: 23.6518, Test MAPE: 8.9272
2026-01-27 14:38:40,085 - easytorch-training - INFO - Evaluate best model on test data for horizon 8, Test MAE: 13.9878, Test RMSE: 24.0970, Test MAPE: 9.0237
2026-01-27 14:38:40,086 - easytorch-training - INFO - Evaluate best model on test data for horizon 9, Test MAE: 14.1758, Test RMSE: 24.4365, Test MAPE: 9.1794
2026-01-27 14:38:40,087 - easytorch-training - INFO - Evaluate best model on test data for horizon 10, Test MAE: 14.3481, Test RMSE: 24.7324, Test MAPE: 9.3762
2026-01-27 14:38:40,088 - easytorch-training - INFO - Evaluate best model on test data for horizon 11, Test MAE: 14.5471, Test RMSE: 25.0302, Test MAPE: 9.5831
2026-01-27 14:38:40,089 - easytorch-training - INFO - Evaluate best model on test data for horizon 12, Test MAE: 14.7778, Test RMSE: 25.3918, Test MAPE: 9.6083
2026-01-27 14:38:40,093 - easytorch-training - INFO - Result <test>: [test_time: 1.81 (s), test_MAE: 13.4769, test_RMSE: 23.0186, test_MAPE: 8.7289]
2026-01-27 14:38:40,237 - easytorch-training - INFO - Checkpoint checkpoints/STMAFNet_300/7a9424dbdf56bedb1aca9acb56518206/STMAFNet_080.pt saved
2026-01-27 14:38:40,250 - easytorch-training - INFO - The estimated training finish time is 2026-01-27 17:18:22
2026-01-27 14:38:40,250 - easytorch-training - INFO - Epoch 81 / 300
2026-01-27 14:39:19,546 - easytorch-training - INFO - Result <train>: [train_time: 39.30 (s), lr: 6.25e-05, train_MAE: 13.0767, train_RMSE: 22.0868, train_MAPE: 8.7202]
2026-01-27 14:39:19,548 - easytorch-training - INFO - Start validation.
2026-01-27 14:39:21,553 - easytorch-training - INFO - Result <val>: [val_time: 2.01 (s), val_MAE: 13.6760, val_RMSE: 23.0420, val_MAPE: 10.3460]
2026-01-27 14:39:23,455 - easytorch-training - INFO - Evaluate best model on test data for horizon 1, Test MAE: 11.6963, Test RMSE: 19.1136, Test MAPE: 7.5967
2026-01-27 14:39:23,456 - easytorch-training - INFO - Evaluate best model on test data for horizon 2, Test MAE: 12.1857, Test RMSE: 20.2307, Test MAPE: 7.9277
2026-01-27 14:39:23,457 - easytorch-training - INFO - Evaluate best model on test data for horizon 3, Test MAE: 12.5820, Test RMSE: 21.1182, Test MAPE: 8.1417
2026-01-27 14:39:23,458 - easytorch-training - INFO - Evaluate best model on test data for horizon 4, Test MAE: 12.9453, Test RMSE: 21.9308, Test MAPE: 8.3629
2026-01-27 14:39:23,460 - easytorch-training - INFO - Evaluate best model on test data for horizon 5, Test MAE: 13.2266, Test RMSE: 22.6263, Test MAPE: 8.5646
2026-01-27 14:39:23,461 - easytorch-training - INFO - Evaluate best model on test data for horizon 6, Test MAE: 13.5041, Test RMSE: 23.2250, Test MAPE: 8.8148
2026-01-27 14:39:23,462 - easytorch-training - INFO - Evaluate best model on test data for horizon 7, Test MAE: 13.7479, Test RMSE: 23.7446, Test MAPE: 8.9301
2026-01-27 14:39:23,463 - easytorch-training - INFO - Evaluate best model on test data for horizon 8, Test MAE: 14.0114, Test RMSE: 24.1911, Test MAPE: 9.1272
2026-01-27 14:39:23,464 - easytorch-training - INFO - Evaluate best model on test data for horizon 9, Test MAE: 14.1793, Test RMSE: 24.5350, Test MAPE: 9.2163
2026-01-27 14:39:23,465 - easytorch-training - INFO - Evaluate best model on test data for horizon 10, Test MAE: 14.3605, Test RMSE: 24.8299, Test MAPE: 9.4220
2026-01-27 14:39:23,466 - easytorch-training - INFO - Evaluate best model on test data for horizon 11, Test MAE: 14.5811, Test RMSE: 25.1135, Test MAPE: 9.6688
2026-01-27 14:39:23,467 - easytorch-training - INFO - Evaluate best model on test data for horizon 12, Test MAE: 14.7719, Test RMSE: 25.4440, Test MAPE: 9.6659
2026-01-27 14:39:23,471 - easytorch-training - INFO - Result <test>: [test_time: 1.92 (s), test_MAE: 13.4827, test_RMSE: 23.0913, test_MAPE: 8.7866]
2026-01-27 14:39:23,615 - easytorch-training - INFO - Checkpoint checkpoints/STMAFNet_300/7a9424dbdf56bedb1aca9acb56518206/STMAFNet_081.pt saved
2026-01-27 14:39:23,616 - easytorch-training - INFO - The estimated training finish time is 2026-01-27 17:18:21
2026-01-27 14:39:23,616 - easytorch-training - INFO - Epoch 82 / 300
2026-01-27 14:40:03,304 - easytorch-training - INFO - Result <train>: [train_time: 39.69 (s), lr: 6.25e-05, train_MAE: 13.0662, train_RMSE: 22.0653, train_MAPE: 8.7077]
2026-01-27 14:40:03,305 - easytorch-training - INFO - Start validation.
2026-01-27 14:40:05,254 - easytorch-training - INFO - Result <val>: [val_time: 1.95 (s), val_MAE: 13.6355, val_RMSE: 22.9351, val_MAPE: 10.2096]
2026-01-27 14:40:07,068 - easytorch-training - INFO - Evaluate best model on test data for horizon 1, Test MAE: 11.6828, Test RMSE: 19.1132, Test MAPE: 7.7195
2026-01-27 14:40:07,069 - easytorch-training - INFO - Evaluate best model on test data for horizon 2, Test MAE: 12.1790, Test RMSE: 20.2357, Test MAPE: 8.0286
2026-01-27 14:40:07,070 - easytorch-training - INFO - Evaluate best model on test data for horizon 3, Test MAE: 12.5585, Test RMSE: 21.1302, Test MAPE: 8.2261
2026-01-27 14:40:07,071 - easytorch-training - INFO - Evaluate best model on test data for horizon 4, Test MAE: 12.9240, Test RMSE: 21.9450, Test MAPE: 8.4192
2026-01-27 14:40:07,072 - easytorch-training - INFO - Evaluate best model on test data for horizon 5, Test MAE: 13.2198, Test RMSE: 22.6041, Test MAPE: 8.5921
2026-01-27 14:40:07,073 - easytorch-training - INFO - Evaluate best model on test data for horizon 6, Test MAE: 13.4828, Test RMSE: 23.1905, Test MAPE: 8.8056
2026-01-27 14:40:07,075 - easytorch-training - INFO - Evaluate best model on test data for horizon 7, Test MAE: 13.7453, Test RMSE: 23.7100, Test MAPE: 8.9170
2026-01-27 14:40:07,076 - easytorch-training - INFO - Evaluate best model on test data for horizon 8, Test MAE: 13.9826, Test RMSE: 24.1214, Test MAPE: 9.1761
2026-01-27 14:40:07,077 - easytorch-training - INFO - Evaluate best model on test data for horizon 9, Test MAE: 14.1896, Test RMSE: 24.4773, Test MAPE: 9.1796
2026-01-27 14:40:07,078 - easytorch-training - INFO - Evaluate best model on test data for horizon 10, Test MAE: 14.3520, Test RMSE: 24.7665, Test MAPE: 9.3225
2026-01-27 14:40:07,079 - easytorch-training - INFO - Evaluate best model on test data for horizon 11, Test MAE: 14.5463, Test RMSE: 25.0624, Test MAPE: 9.4937
2026-01-27 14:40:07,080 - easytorch-training - INFO - Evaluate best model on test data for horizon 12, Test MAE: 14.7643, Test RMSE: 25.3596, Test MAPE: 9.6589
2026-01-27 14:40:07,084 - easytorch-training - INFO - Result <test>: [test_time: 1.83 (s), test_MAE: 13.4689, test_RMSE: 23.0567, test_MAPE: 8.7949]
2026-01-27 14:40:07,228 - easytorch-training - INFO - Checkpoint checkpoints/STMAFNet_300/7a9424dbdf56bedb1aca9acb56518206/STMAFNet_082.pt saved
2026-01-27 14:40:07,229 - easytorch-training - INFO - The estimated training finish time is 2026-01-27 17:18:21
2026-01-27 14:40:07,229 - easytorch-training - INFO - Epoch 83 / 300
2026-01-27 14:40:46,852 - easytorch-training - INFO - Result <train>: [train_time: 39.62 (s), lr: 6.25e-05, train_MAE: 13.0576, train_RMSE: 22.0572, train_MAPE: 8.7131]
2026-01-27 14:40:46,854 - easytorch-training - INFO - Start validation.
2026-01-27 14:40:48,829 - easytorch-training - INFO - Result <val>: [val_time: 1.97 (s), val_MAE: 13.6531, val_RMSE: 22.9385, val_MAPE: 10.1880]
2026-01-27 14:40:50,656 - easytorch-training - INFO - Evaluate best model on test data for horizon 1, Test MAE: 11.7837, Test RMSE: 19.1370, Test MAPE: 7.6484
2026-01-27 14:40:50,657 - easytorch-training - INFO - Evaluate best model on test data for horizon 2, Test MAE: 12.2153, Test RMSE: 20.2284, Test MAPE: 7.9374
2026-01-27 14:40:50,658 - easytorch-training - INFO - Evaluate best model on test data for horizon 3, Test MAE: 12.5955, Test RMSE: 21.1205, Test MAPE: 8.1020
2026-01-27 14:40:50,659 - easytorch-training - INFO - Evaluate best model on test data for horizon 4, Test MAE: 12.9571, Test RMSE: 21.9305, Test MAPE: 8.3709
2026-01-27 14:40:50,660 - easytorch-training - INFO - Evaluate best model on test data for horizon 5, Test MAE: 13.2247, Test RMSE: 22.6126, Test MAPE: 8.5724
2026-01-27 14:40:50,662 - easytorch-training - INFO - Evaluate best model on test data for horizon 6, Test MAE: 13.4716, Test RMSE: 23.2131, Test MAPE: 8.7234
2026-01-27 14:40:50,663 - easytorch-training - INFO - Evaluate best model on test data for horizon 7, Test MAE: 13.7438, Test RMSE: 23.7484, Test MAPE: 8.8983
2026-01-27 14:40:50,664 - easytorch-training - INFO - Evaluate best model on test data for horizon 8, Test MAE: 13.9723, Test RMSE: 24.1686, Test MAPE: 9.0344
2026-01-27 14:40:50,665 - easytorch-training - INFO - Evaluate best model on test data for horizon 9, Test MAE: 14.1629, Test RMSE: 24.5351, Test MAPE: 9.2423
2026-01-27 14:40:50,666 - easytorch-training - INFO - Evaluate best model on test data for horizon 10, Test MAE: 14.3558, Test RMSE: 24.8451, Test MAPE: 9.3648
2026-01-27 14:40:50,667 - easytorch-training - INFO - Evaluate best model on test data for horizon 11, Test MAE: 14.5199, Test RMSE: 25.1068, Test MAPE: 9.4507
2026-01-27 14:40:50,668 - easytorch-training - INFO - Evaluate best model on test data for horizon 12, Test MAE: 14.7433, Test RMSE: 25.4187, Test MAPE: 9.6206
2026-01-27 14:40:50,672 - easytorch-training - INFO - Result <test>: [test_time: 1.84 (s), test_MAE: 13.4788, test_RMSE: 23.0876, test_MAPE: 8.7471]
2026-01-27 14:40:50,815 - easytorch-training - INFO - Checkpoint checkpoints/STMAFNet_300/7a9424dbdf56bedb1aca9acb56518206/STMAFNet_083.pt saved
2026-01-27 14:40:50,816 - easytorch-training - INFO - The estimated training finish time is 2026-01-27 17:18:21
2026-01-27 14:40:50,816 - easytorch-training - INFO - Epoch 84 / 300
2026-01-27 14:41:30,415 - easytorch-training - INFO - Result <train>: [train_time: 39.60 (s), lr: 6.25e-05, train_MAE: 13.0488, train_RMSE: 22.0382, train_MAPE: 8.7035]
2026-01-27 14:41:30,417 - easytorch-training - INFO - Start validation.
2026-01-27 14:41:32,358 - easytorch-training - INFO - Result <val>: [val_time: 1.94 (s), val_MAE: 13.6473, val_RMSE: 22.9503, val_MAPE: 10.1804]
2026-01-27 14:41:34,227 - easytorch-training - INFO - Evaluate best model on test data for horizon 1, Test MAE: 11.6925, Test RMSE: 19.0929, Test MAPE: 7.5618
2026-01-27 14:41:34,230 - easytorch-training - INFO - Evaluate best model on test data for horizon 2, Test MAE: 12.2258, Test RMSE: 20.2164, Test MAPE: 8.0618
2026-01-27 14:41:34,232 - easytorch-training - INFO - Evaluate best model on test data for horizon 3, Test MAE: 12.5792, Test RMSE: 21.1018, Test MAPE: 8.2559
2026-01-27 14:41:34,233 - easytorch-training - INFO - Evaluate best model on test data for horizon 4, Test MAE: 12.9211, Test RMSE: 21.8842, Test MAPE: 8.5615
2026-01-27 14:41:34,234 - easytorch-training - INFO - Evaluate best model on test data for horizon 5, Test MAE: 13.2179, Test RMSE: 22.5442, Test MAPE: 8.6890
2026-01-27 14:41:34,235 - easytorch-training - INFO - Evaluate best model on test data for horizon 6, Test MAE: 13.4906, Test RMSE: 23.1504, Test MAPE: 8.7808
2026-01-27 14:41:34,236 - easytorch-training - INFO - Evaluate best model on test data for horizon 7, Test MAE: 13.7478, Test RMSE: 23.6780, Test MAPE: 8.9808
2026-01-27 14:41:34,237 - easytorch-training - INFO - Evaluate best model on test data for horizon 8, Test MAE: 13.9710, Test RMSE: 24.0941, Test MAPE: 9.0781
2026-01-27 14:41:34,238 - easytorch-training - INFO - Evaluate best model on test data for horizon 9, Test MAE: 14.1709, Test RMSE: 24.4599, Test MAPE: 9.2147
2026-01-27 14:41:34,239 - easytorch-training - INFO - Evaluate best model on test data for horizon 10, Test MAE: 14.3351, Test RMSE: 24.7592, Test MAPE: 9.2845
2026-01-27 14:41:34,240 - easytorch-training - INFO - Evaluate best model on test data for horizon 11, Test MAE: 14.5356, Test RMSE: 25.0182, Test MAPE: 9.5551
2026-01-27 14:41:34,242 - easytorch-training - INFO - Evaluate best model on test data for horizon 12, Test MAE: 14.7500, Test RMSE: 25.3492, Test MAPE: 9.6326
2026-01-27 14:41:34,245 - easytorch-training - INFO - Result <test>: [test_time: 1.89 (s), test_MAE: 13.4698, test_RMSE: 23.0264, test_MAPE: 8.8047]
2026-01-27 14:41:34,391 - easytorch-training - INFO - Checkpoint checkpoints/STMAFNet_300/7a9424dbdf56bedb1aca9acb56518206/STMAFNet_084.pt saved
2026-01-27 14:41:34,392 - easytorch-training - INFO - The estimated training finish time is 2026-01-27 17:18:21
2026-01-27 14:41:34,392 - easytorch-training - INFO - Epoch 85 / 300
2026-01-27 14:42:13,951 - easytorch-training - INFO - Result <train>: [train_time: 39.56 (s), lr: 6.25e-05, train_MAE: 13.0467, train_RMSE: 22.0368, train_MAPE: 8.7039]
2026-01-27 14:42:13,954 - easytorch-training - INFO - Start validation.
2026-01-27 14:42:15,944 - easytorch-training - INFO - Result <val>: [val_time: 1.99 (s), val_MAE: 13.6384, val_RMSE: 22.9764, val_MAPE: 10.2323]
2026-01-27 14:42:17,755 - easytorch-training - INFO - Evaluate best model on test data for horizon 1, Test MAE: 11.6759, Test RMSE: 19.0836, Test MAPE: 7.5809
2026-01-27 14:42:17,756 - easytorch-training - INFO - Evaluate best model on test data for horizon 2, Test MAE: 12.1636, Test RMSE: 20.1985, Test MAPE: 7.8669
2026-01-27 14:42:17,757 - easytorch-training - INFO - Evaluate best model on test data for horizon 3, Test MAE: 12.5459, Test RMSE: 21.0985, Test MAPE: 8.1093
2026-01-27 14:42:17,758 - easytorch-training - INFO - Evaluate best model on test data for horizon 4, Test MAE: 12.9007, Test RMSE: 21.9094, Test MAPE: 8.3279
2026-01-27 14:42:17,759 - easytorch-training - INFO - Evaluate best model on test data for horizon 5, Test MAE: 13.1971, Test RMSE: 22.5814, Test MAPE: 8.5431
2026-01-27 14:42:17,760 - easytorch-training - INFO - Evaluate best model on test data for horizon 6, Test MAE: 13.4680, Test RMSE: 23.1770, Test MAPE: 8.6933
2026-01-27 14:42:17,762 - easytorch-training - INFO - Evaluate best model on test data for horizon 7, Test MAE: 13.7168, Test RMSE: 23.6793, Test MAPE: 8.8557
2026-01-27 14:42:17,763 - easytorch-training - INFO - Evaluate best model on test data for horizon 8, Test MAE: 13.9518, Test RMSE: 24.1138, Test MAPE: 9.0137
2026-01-27 14:42:17,764 - easytorch-training - INFO - Evaluate best model on test data for horizon 9, Test MAE: 14.1710, Test RMSE: 24.4866, Test MAPE: 9.2008
2026-01-27 14:42:17,765 - easytorch-training - INFO - Evaluate best model on test data for horizon 10, Test MAE: 14.3447, Test RMSE: 24.7811, Test MAPE: 9.3388
2026-01-27 14:42:17,766 - easytorch-training - INFO - Evaluate best model on test data for horizon 11, Test MAE: 14.5135, Test RMSE: 25.0635, Test MAPE: 9.4440
2026-01-27 14:42:17,767 - easytorch-training - INFO - Evaluate best model on test data for horizon 12, Test MAE: 14.7331, Test RMSE: 25.3852, Test MAPE: 9.6152
2026-01-27 14:42:17,771 - easytorch-training - INFO - Result <test>: [test_time: 1.83 (s), test_MAE: 13.4485, test_RMSE: 23.0450, test_MAPE: 8.7158]
2026-01-27 14:42:17,916 - easytorch-training - INFO - Checkpoint checkpoints/STMAFNet_300/7a9424dbdf56bedb1aca9acb56518206/STMAFNet_085.pt saved
2026-01-27 14:42:17,916 - easytorch-training - INFO - The estimated training finish time is 2026-01-27 17:18:21
2026-01-27 14:42:17,916 - easytorch-training - INFO - Epoch 86 / 300
2026-01-27 14:42:57,465 - easytorch-training - INFO - Result <train>: [train_time: 39.55 (s), lr: 6.25e-05, train_MAE: 13.0444, train_RMSE: 22.0399, train_MAPE: 8.6855]
2026-01-27 14:42:57,467 - easytorch-training - INFO - Start validation.
2026-01-27 14:42:59,359 - easytorch-training - INFO - Result <val>: [val_time: 1.89 (s), val_MAE: 13.6207, val_RMSE: 22.9315, val_MAPE: 10.1351]
2026-01-27 14:42:59,592 - easytorch-training - INFO - Checkpoint checkpoints/STMAFNet_300/7a9424dbdf56bedb1aca9acb56518206/STMAFNet_best_val_MAE.pt saved
2026-01-27 14:43:01,465 - easytorch-training - INFO - Evaluate best model on test data for horizon 1, Test MAE: 11.6926, Test RMSE: 19.0944, Test MAPE: 7.5804
2026-01-27 14:43:01,466 - easytorch-training - INFO - Evaluate best model on test data for horizon 2, Test MAE: 12.1775, Test RMSE: 20.2269, Test MAPE: 7.8778
2026-01-27 14:43:01,467 - easytorch-training - INFO - Evaluate best model on test data for horizon 3, Test MAE: 12.5639, Test RMSE: 21.1342, Test MAPE: 8.0921
2026-01-27 14:43:01,468 - easytorch-training - INFO - Evaluate best model on test data for horizon 4, Test MAE: 12.9092, Test RMSE: 21.9339, Test MAPE: 8.3277
2026-01-27 14:43:01,469 - easytorch-training - INFO - Evaluate best model on test data for horizon 5, Test MAE: 13.1862, Test RMSE: 22.6244, Test MAPE: 8.5203
2026-01-27 14:43:01,470 - easytorch-training - INFO - Evaluate best model on test data for horizon 6, Test MAE: 13.4547, Test RMSE: 23.2198, Test MAPE: 8.7277
2026-01-27 14:43:01,471 - easytorch-training - INFO - Evaluate best model on test data for horizon 7, Test MAE: 13.7189, Test RMSE: 23.7437, Test MAPE: 8.8662
2026-01-27 14:43:01,473 - easytorch-training - INFO - Evaluate best model on test data for horizon 8, Test MAE: 13.9401, Test RMSE: 24.1569, Test MAPE: 9.0142
2026-01-27 14:43:01,474 - easytorch-training - INFO - Evaluate best model on test data for horizon 9, Test MAE: 14.1597, Test RMSE: 24.5160, Test MAPE: 9.1449
2026-01-27 14:43:01,475 - easytorch-training - INFO - Evaluate best model on test data for horizon 10, Test MAE: 14.3159, Test RMSE: 24.8092, Test MAPE: 9.2557
2026-01-27 14:43:01,476 - easytorch-training - INFO - Evaluate best model on test data for horizon 11, Test MAE: 14.5104, Test RMSE: 25.1241, Test MAPE: 9.4048
2026-01-27 14:43:01,477 - easytorch-training - INFO - Evaluate best model on test data for horizon 12, Test MAE: 14.7339, Test RMSE: 25.4419, Test MAPE: 9.5382
2026-01-27 14:43:01,481 - easytorch-training - INFO - Result <test>: [test_time: 1.89 (s), test_MAE: 13.4469, test_RMSE: 23.0847, test_MAPE: 8.6958]
2026-01-27 14:43:01,647 - easytorch-training - INFO - Checkpoint checkpoints/STMAFNet_300/7a9424dbdf56bedb1aca9acb56518206/STMAFNet_086.pt saved
2026-01-27 14:43:01,647 - easytorch-training - INFO - The estimated training finish time is 2026-01-27 17:18:22
2026-01-27 14:43:01,647 - easytorch-training - INFO - Epoch 87 / 300
2026-01-27 14:43:41,435 - easytorch-training - INFO - Result <train>: [train_time: 39.79 (s), lr: 6.25e-05, train_MAE: 13.0326, train_RMSE: 22.0226, train_MAPE: 8.6808]
2026-01-27 14:43:41,438 - easytorch-training - INFO - Start validation.
2026-01-27 14:43:43,409 - easytorch-training - INFO - Result <val>: [val_time: 1.97 (s), val_MAE: 13.6360, val_RMSE: 22.9909, val_MAPE: 10.1466]
2026-01-27 14:43:45,228 - easytorch-training - INFO - Evaluate best model on test data for horizon 1, Test MAE: 11.6668, Test RMSE: 19.0931, Test MAPE: 7.5978
2026-01-27 14:43:45,229 - easytorch-training - INFO - Evaluate best model on test data for horizon 2, Test MAE: 12.1737, Test RMSE: 20.2195, Test MAPE: 7.8745
2026-01-27 14:43:45,230 - easytorch-training - INFO - Evaluate best model on test data for horizon 3, Test MAE: 12.5510, Test RMSE: 21.1018, Test MAPE: 8.1143
2026-01-27 14:43:45,231 - easytorch-training - INFO - Evaluate best model on test data for horizon 4, Test MAE: 12.9243, Test RMSE: 21.9169, Test MAPE: 8.3806
2026-01-27 14:43:45,233 - easytorch-training - INFO - Evaluate best model on test data for horizon 5, Test MAE: 13.2054, Test RMSE: 22.6077, Test MAPE: 8.5418
2026-01-27 14:43:45,234 - easytorch-training - INFO - Evaluate best model on test data for horizon 6, Test MAE: 13.4843, Test RMSE: 23.2262, Test MAPE: 8.7362
2026-01-27 14:43:45,235 - easytorch-training - INFO - Evaluate best model on test data for horizon 7, Test MAE: 13.7410, Test RMSE: 23.7843, Test MAPE: 8.9134
2026-01-27 14:43:45,236 - easytorch-training - INFO - Evaluate best model on test data for horizon 8, Test MAE: 13.9683, Test RMSE: 24.2197, Test MAPE: 9.0639
2026-01-27 14:43:45,237 - easytorch-training - INFO - Evaluate best model on test data for horizon 9, Test MAE: 14.1916, Test RMSE: 24.6100, Test MAPE: 9.2362
2026-01-27 14:43:45,238 - easytorch-training - INFO - Evaluate best model on test data for horizon 10, Test MAE: 14.3714, Test RMSE: 24.9098, Test MAPE: 9.3429
2026-01-27 14:43:45,239 - easytorch-training - INFO - Evaluate best model on test data for horizon 11, Test MAE: 14.5510, Test RMSE: 25.2018, Test MAPE: 9.4715
2026-01-27 14:43:45,240 - easytorch-training - INFO - Evaluate best model on test data for horizon 12, Test MAE: 14.7735, Test RMSE: 25.5209, Test MAPE: 9.6032
2026-01-27 14:43:45,244 - easytorch-training - INFO - Result <test>: [test_time: 1.83 (s), test_MAE: 13.4669, test_RMSE: 23.1201, test_MAPE: 8.7397]
2026-01-27 14:43:45,390 - easytorch-training - INFO - Checkpoint checkpoints/STMAFNet_300/7a9424dbdf56bedb1aca9acb56518206/STMAFNet_087.pt saved
2026-01-27 14:43:45,391 - easytorch-training - INFO - The estimated training finish time is 2026-01-27 17:18:23
2026-01-27 14:43:45,391 - easytorch-training - INFO - Epoch 88 / 300
2026-01-27 14:44:24,944 - easytorch-training - INFO - Result <train>: [train_time: 39.55 (s), lr: 6.25e-05, train_MAE: 13.0324, train_RMSE: 22.0298, train_MAPE: 8.6887]
2026-01-27 14:44:24,946 - easytorch-training - INFO - Start validation.
2026-01-27 14:44:26,936 - easytorch-training - INFO - Result <val>: [val_time: 1.99 (s), val_MAE: 13.6707, val_RMSE: 23.0512, val_MAPE: 10.4010]
2026-01-27 14:44:28,799 - easytorch-training - INFO - Evaluate best model on test data for horizon 1, Test MAE: 11.6923, Test RMSE: 19.1170, Test MAPE: 7.6638
2026-01-27 14:44:28,800 - easytorch-training - INFO - Evaluate best model on test data for horizon 2, Test MAE: 12.1799, Test RMSE: 20.2499, Test MAPE: 7.9735
2026-01-27 14:44:28,801 - easytorch-training - INFO - Evaluate best model on test data for horizon 3, Test MAE: 12.5704, Test RMSE: 21.1560, Test MAPE: 8.2722
2026-01-27 14:44:28,802 - easytorch-training - INFO - Evaluate best model on test data for horizon 4, Test MAE: 12.9154, Test RMSE: 21.9550, Test MAPE: 8.3734
2026-01-27 14:44:28,803 - easytorch-training - INFO - Evaluate best model on test data for horizon 5, Test MAE: 13.2116, Test RMSE: 22.6424, Test MAPE: 8.5790
2026-01-27 14:44:28,805 - easytorch-training - INFO - Evaluate best model on test data for horizon 6, Test MAE: 13.5045, Test RMSE: 23.2638, Test MAPE: 8.7658
2026-01-27 14:44:28,806 - easytorch-training - INFO - Evaluate best model on test data for horizon 7, Test MAE: 13.7590, Test RMSE: 23.7972, Test MAPE: 8.9520
2026-01-27 14:44:28,807 - easytorch-training - INFO - Evaluate best model on test data for horizon 8, Test MAE: 13.9898, Test RMSE: 24.2308, Test MAPE: 9.1721
2026-01-27 14:44:28,808 - easytorch-training - INFO - Evaluate best model on test data for horizon 9, Test MAE: 14.2261, Test RMSE: 24.6197, Test MAPE: 9.3516
2026-01-27 14:44:28,809 - easytorch-training - INFO - Evaluate best model on test data for horizon 10, Test MAE: 14.4004, Test RMSE: 24.9197, Test MAPE: 9.4399
2026-01-27 14:44:28,810 - easytorch-training - INFO - Evaluate best model on test data for horizon 11, Test MAE: 14.5768, Test RMSE: 25.1872, Test MAPE: 9.6977
2026-01-27 14:44:28,811 - easytorch-training - INFO - Evaluate best model on test data for horizon 12, Test MAE: 14.7926, Test RMSE: 25.4950, Test MAPE: 9.7166
2026-01-27 14:44:28,815 - easytorch-training - INFO - Result <test>: [test_time: 1.88 (s), test_MAE: 13.4849, test_RMSE: 23.1372, test_MAPE: 8.8298]
2026-01-27 14:44:28,960 - easytorch-training - INFO - Checkpoint checkpoints/STMAFNet_300/7a9424dbdf56bedb1aca9acb56518206/STMAFNet_088.pt saved
2026-01-27 14:44:28,961 - easytorch-training - INFO - The estimated training finish time is 2026-01-27 17:18:23
2026-01-27 14:44:28,961 - easytorch-training - INFO - Epoch 89 / 300
2026-01-27 14:45:08,362 - easytorch-training - INFO - Result <train>: [train_time: 39.40 (s), lr: 6.25e-05, train_MAE: 13.0260, train_RMSE: 22.0070, train_MAPE: 8.6839]
2026-01-27 14:45:08,363 - easytorch-training - INFO - Start validation.
2026-01-27 14:45:10,273 - easytorch-training - INFO - Result <val>: [val_time: 1.91 (s), val_MAE: 13.6795, val_RMSE: 23.0590, val_MAPE: 10.2406]
2026-01-27 14:45:12,122 - easytorch-training - INFO - Evaluate best model on test data for horizon 1, Test MAE: 11.6927, Test RMSE: 19.0937, Test MAPE: 7.5694
2026-01-27 14:45:12,123 - easytorch-training - INFO - Evaluate best model on test data for horizon 2, Test MAE: 12.1852, Test RMSE: 20.2261, Test MAPE: 7.9001
2026-01-27 14:45:12,125 - easytorch-training - INFO - Evaluate best model on test data for horizon 3, Test MAE: 12.5826, Test RMSE: 21.1307, Test MAPE: 8.1451
2026-01-27 14:45:12,126 - easytorch-training - INFO - Evaluate best model on test data for horizon 4, Test MAE: 12.9529, Test RMSE: 21.9380, Test MAPE: 8.4232
2026-01-27 14:45:12,128 - easytorch-training - INFO - Evaluate best model on test data for horizon 5, Test MAE: 13.2403, Test RMSE: 22.6272, Test MAPE: 8.5456
2026-01-27 14:45:12,129 - easytorch-training - INFO - Evaluate best model on test data for horizon 6, Test MAE: 13.5177, Test RMSE: 23.2462, Test MAPE: 8.7457
2026-01-27 14:45:12,130 - easytorch-training - INFO - Evaluate best model on test data for horizon 7, Test MAE: 13.7823, Test RMSE: 23.7769, Test MAPE: 8.9366
2026-01-27 14:45:12,132 - easytorch-training - INFO - Evaluate best model on test data for horizon 8, Test MAE: 14.0050, Test RMSE: 24.1972, Test MAPE: 9.0250
2026-01-27 14:45:12,133 - easytorch-training - INFO - Evaluate best model on test data for horizon 9, Test MAE: 14.2226, Test RMSE: 24.5590, Test MAPE: 9.2117
2026-01-27 14:45:12,134 - easytorch-training - INFO - Evaluate best model on test data for horizon 10, Test MAE: 14.3974, Test RMSE: 24.8632, Test MAPE: 9.3148
2026-01-27 14:45:12,136 - easytorch-training - INFO - Evaluate best model on test data for horizon 11, Test MAE: 14.5685, Test RMSE: 25.1298, Test MAPE: 9.4420
2026-01-27 14:45:12,137 - easytorch-training - INFO - Evaluate best model on test data for horizon 12, Test MAE: 14.8086, Test RMSE: 25.4816, Test MAPE: 9.7207
2026-01-27 14:45:12,141 - easytorch-training - INFO - Result <test>: [test_time: 1.87 (s), test_MAE: 13.4963, test_RMSE: 23.1063, test_MAPE: 8.7483]
2026-01-27 14:45:12,296 - easytorch-training - INFO - Checkpoint checkpoints/STMAFNet_300/7a9424dbdf56bedb1aca9acb56518206/STMAFNet_089.pt saved
2026-01-27 14:45:12,296 - easytorch-training - INFO - The estimated training finish time is 2026-01-27 17:18:22
2026-01-27 14:45:12,296 - easytorch-training - INFO - Epoch 90 / 300
2026-01-27 14:45:51,385 - easytorch-training - INFO - Result <train>: [train_time: 39.09 (s), lr: 6.25e-05, train_MAE: 13.0142, train_RMSE: 21.9908, train_MAPE: 8.6779]
2026-01-27 14:45:51,387 - easytorch-training - INFO - Start validation.
2026-01-27 14:45:53,489 - easytorch-training - INFO - Result <val>: [val_time: 2.10 (s), val_MAE: 13.6114, val_RMSE: 22.9310, val_MAPE: 10.2166]
2026-01-27 14:45:53,776 - easytorch-training - INFO - Checkpoint checkpoints/STMAFNet_300/7a9424dbdf56bedb1aca9acb56518206/STMAFNet_best_val_MAE.pt saved
2026-01-27 14:45:55,708 - easytorch-training - INFO - Evaluate best model on test data for horizon 1, Test MAE: 11.6760, Test RMSE: 19.0816, Test MAPE: 7.7140
2026-01-27 14:45:55,710 - easytorch-training - INFO - Evaluate best model on test data for horizon 2, Test MAE: 12.1485, Test RMSE: 20.1984, Test MAPE: 7.9071
2026-01-27 14:45:55,711 - easytorch-training - INFO - Evaluate best model on test data for horizon 3, Test MAE: 12.5385, Test RMSE: 21.0729, Test MAPE: 8.1286
2026-01-27 14:45:55,712 - easytorch-training - INFO - Evaluate best model on test data for horizon 4, Test MAE: 12.8911, Test RMSE: 21.8411, Test MAPE: 8.4422
2026-01-27 14:45:55,714 - easytorch-training - INFO - Evaluate best model on test data for horizon 5, Test MAE: 13.1849, Test RMSE: 22.5239, Test MAPE: 8.5229
2026-01-27 14:45:55,715 - easytorch-training - INFO - Evaluate best model on test data for horizon 6, Test MAE: 13.4581, Test RMSE: 23.1339, Test MAPE: 8.9261
2026-01-27 14:45:55,716 - easytorch-training - INFO - Evaluate best model on test data for horizon 7, Test MAE: 13.7306, Test RMSE: 23.6734, Test MAPE: 9.0309
2026-01-27 14:45:55,717 - easytorch-training - INFO - Evaluate best model on test data for horizon 8, Test MAE: 13.9588, Test RMSE: 24.1172, Test MAPE: 9.1451
2026-01-27 14:45:55,719 - easytorch-training - INFO - Evaluate best model on test data for horizon 9, Test MAE: 14.1736, Test RMSE: 24.4856, Test MAPE: 9.1786
2026-01-27 14:45:55,720 - easytorch-training - INFO - Evaluate best model on test data for horizon 10, Test MAE: 14.3494, Test RMSE: 24.7627, Test MAPE: 9.3719
2026-01-27 14:45:55,721 - easytorch-training - INFO - Evaluate best model on test data for horizon 11, Test MAE: 14.5303, Test RMSE: 25.0693, Test MAPE: 9.4450
2026-01-27 14:45:55,723 - easytorch-training - INFO - Evaluate best model on test data for horizon 12, Test MAE: 14.7617, Test RMSE: 25.4146, Test MAPE: 9.6346
2026-01-27 14:45:55,726 - easytorch-training - INFO - Result <test>: [test_time: 1.95 (s), test_MAE: 13.4501, test_RMSE: 23.0305, test_MAPE: 8.7872]
2026-01-27 14:45:55,880 - easytorch-training - INFO - Checkpoint checkpoints/STMAFNet_300/7a9424dbdf56bedb1aca9acb56518206/STMAFNet_090.pt saved
2026-01-27 14:45:55,894 - easytorch-training - INFO - The estimated training finish time is 2026-01-27 17:18:22
2026-01-27 14:45:55,894 - easytorch-training - INFO - Epoch 91 / 300
2026-01-27 14:46:35,449 - easytorch-training - INFO - Result <train>: [train_time: 39.56 (s), lr: 6.25e-05, train_MAE: 13.0136, train_RMSE: 21.9929, train_MAPE: 8.6704]
2026-01-27 14:46:35,451 - easytorch-training - INFO - Start validation.
2026-01-27 14:46:37,359 - easytorch-training - INFO - Result <val>: [val_time: 1.91 (s), val_MAE: 13.6721, val_RMSE: 23.0360, val_MAPE: 10.3598]
2026-01-27 14:46:39,207 - easytorch-training - INFO - Evaluate best model on test data for horizon 1, Test MAE: 11.6689, Test RMSE: 19.0949, Test MAPE: 7.7004
2026-01-27 14:46:39,208 - easytorch-training - INFO - Evaluate best model on test data for horizon 2, Test MAE: 12.1711, Test RMSE: 20.2322, Test MAPE: 8.0450
2026-01-27 14:46:39,210 - easytorch-training - INFO - Evaluate best model on test data for horizon 3, Test MAE: 12.5770, Test RMSE: 21.1402, Test MAPE: 8.3205
2026-01-27 14:46:39,211 - easytorch-training - INFO - Evaluate best model on test data for horizon 4, Test MAE: 12.9339, Test RMSE: 21.9458, Test MAPE: 8.3996
2026-01-27 14:46:39,213 - easytorch-training - INFO - Evaluate best model on test data for horizon 5, Test MAE: 13.2208, Test RMSE: 22.6299, Test MAPE: 8.5919
2026-01-27 14:46:39,215 - easytorch-training - INFO - Evaluate best model on test data for horizon 6, Test MAE: 13.5195, Test RMSE: 23.2443, Test MAPE: 8.8790
2026-01-27 14:46:39,216 - easytorch-training - INFO - Evaluate best model on test data for horizon 7, Test MAE: 13.7677, Test RMSE: 23.7719, Test MAPE: 9.0493
2026-01-27 14:46:39,218 - easytorch-training - INFO - Evaluate best model on test data for horizon 8, Test MAE: 13.9859, Test RMSE: 24.2025, Test MAPE: 9.1089
2026-01-27 14:46:39,220 - easytorch-training - INFO - Evaluate best model on test data for horizon 9, Test MAE: 14.1937, Test RMSE: 24.5418, Test MAPE: 9.2327
2026-01-27 14:46:39,221 - easytorch-training - INFO - Evaluate best model on test data for horizon 10, Test MAE: 14.3609, Test RMSE: 24.8238, Test MAPE: 9.3352
2026-01-27 14:46:39,223 - easytorch-training - INFO - Evaluate best model on test data for horizon 11, Test MAE: 14.5645, Test RMSE: 25.1088, Test MAPE: 9.5371
2026-01-27 14:46:39,224 - easytorch-training - INFO - Evaluate best model on test data for horizon 12, Test MAE: 14.7864, Test RMSE: 25.4473, Test MAPE: 9.6500
2026-01-27 14:46:39,228 - easytorch-training - INFO - Result <test>: [test_time: 1.87 (s), test_MAE: 13.4792, test_RMSE: 23.0981, test_MAPE: 8.8208]
2026-01-27 14:46:39,377 - easytorch-training - INFO - Checkpoint checkpoints/STMAFNet_300/7a9424dbdf56bedb1aca9acb56518206/STMAFNet_091.pt saved
2026-01-27 14:46:39,377 - easytorch-training - INFO - The estimated training finish time is 2026-01-27 17:18:22
2026-01-27 14:46:39,377 - easytorch-training - INFO - Epoch 92 / 300
2026-01-27 14:47:19,346 - easytorch-training - INFO - Result <train>: [train_time: 39.97 (s), lr: 6.25e-05, train_MAE: 13.0032, train_RMSE: 21.9788, train_MAPE: 8.6753]
2026-01-27 14:47:19,347 - easytorch-training - INFO - Start validation.
2026-01-27 14:47:21,318 - easytorch-training - INFO - Result <val>: [val_time: 1.97 (s), val_MAE: 13.6284, val_RMSE: 22.9891, val_MAPE: 10.3001]
2026-01-27 14:47:23,142 - easytorch-training - INFO - Evaluate best model on test data for horizon 1, Test MAE: 11.6703, Test RMSE: 19.1102, Test MAPE: 7.7064
2026-01-27 14:47:23,144 - easytorch-training - INFO - Evaluate best model on test data for horizon 2, Test MAE: 12.1659, Test RMSE: 20.2505, Test MAPE: 8.0084
2026-01-27 14:47:23,145 - easytorch-training - INFO - Evaluate best model on test data for horizon 3, Test MAE: 12.5628, Test RMSE: 21.1634, Test MAPE: 8.3177
2026-01-27 14:47:23,146 - easytorch-training - INFO - Evaluate best model on test data for horizon 4, Test MAE: 12.9252, Test RMSE: 21.9957, Test MAPE: 8.5498
2026-01-27 14:47:23,147 - easytorch-training - INFO - Evaluate best model on test data for horizon 5, Test MAE: 13.2072, Test RMSE: 22.6648, Test MAPE: 8.6321
2026-01-27 14:47:23,148 - easytorch-training - INFO - Evaluate best model on test data for horizon 6, Test MAE: 13.4743, Test RMSE: 23.2785, Test MAPE: 8.8372
2026-01-27 14:47:23,149 - easytorch-training - INFO - Evaluate best model on test data for horizon 7, Test MAE: 13.7491, Test RMSE: 23.7895, Test MAPE: 9.1321
2026-01-27 14:47:23,150 - easytorch-training - INFO - Evaluate best model on test data for horizon 8, Test MAE: 13.9803, Test RMSE: 24.2305, Test MAPE: 9.2215
2026-01-27 14:47:23,151 - easytorch-training - INFO - Evaluate best model on test data for horizon 9, Test MAE: 14.1948, Test RMSE: 24.5997, Test MAPE: 9.4039
2026-01-27 14:47:23,152 - easytorch-training - INFO - Evaluate best model on test data for horizon 10, Test MAE: 14.3719, Test RMSE: 24.9098, Test MAPE: 9.4544
2026-01-27 14:47:23,153 - easytorch-training - INFO - Evaluate best model on test data for horizon 11, Test MAE: 14.5803, Test RMSE: 25.2146, Test MAPE: 9.6536
2026-01-27 14:47:23,154 - easytorch-training - INFO - Evaluate best model on test data for horizon 12, Test MAE: 14.8208, Test RMSE: 25.5482, Test MAPE: 9.9798
2026-01-27 14:47:23,158 - easytorch-training - INFO - Result <test>: [test_time: 1.84 (s), test_MAE: 13.4752, test_RMSE: 23.1476, test_MAPE: 8.9081]
2026-01-27 14:47:23,312 - easytorch-training - INFO - Checkpoint checkpoints/STMAFNet_300/7a9424dbdf56bedb1aca9acb56518206/STMAFNet_092.pt saved
2026-01-27 14:47:23,313 - easytorch-training - INFO - The estimated training finish time is 2026-01-27 17:18:23
2026-01-27 14:47:23,313 - easytorch-training - INFO - Epoch 93 / 300
2026-01-27 14:48:03,120 - easytorch-training - INFO - Result <train>: [train_time: 39.81 (s), lr: 6.25e-05, train_MAE: 12.9946, train_RMSE: 21.9632, train_MAPE: 8.6593]
2026-01-27 14:48:03,122 - easytorch-training - INFO - Start validation.
2026-01-27 14:48:05,074 - easytorch-training - INFO - Result <val>: [val_time: 1.95 (s), val_MAE: 13.6173, val_RMSE: 22.9626, val_MAPE: 10.1499]
2026-01-27 14:48:06,868 - easytorch-training - INFO - Evaluate best model on test data for horizon 1, Test MAE: 11.6801, Test RMSE: 19.0891, Test MAPE: 7.6775
2026-01-27 14:48:06,870 - easytorch-training - INFO - Evaluate best model on test data for horizon 2, Test MAE: 12.1822, Test RMSE: 20.2288, Test MAPE: 7.9705
2026-01-27 14:48:06,871 - easytorch-training - INFO - Evaluate best model on test data for horizon 3, Test MAE: 12.5734, Test RMSE: 21.1480, Test MAPE: 8.1336
2026-01-27 14:48:06,872 - easytorch-training - INFO - Evaluate best model on test data for horizon 4, Test MAE: 12.9165, Test RMSE: 21.9714, Test MAPE: 8.3830
2026-01-27 14:48:06,873 - easytorch-training - INFO - Evaluate best model on test data for horizon 5, Test MAE: 13.2232, Test RMSE: 22.6302, Test MAPE: 8.5891
2026-01-27 14:48:06,874 - easytorch-training - INFO - Evaluate best model on test data for horizon 6, Test MAE: 13.4668, Test RMSE: 23.2597, Test MAPE: 8.7223
2026-01-27 14:48:06,875 - easytorch-training - INFO - Evaluate best model on test data for horizon 7, Test MAE: 13.7180, Test RMSE: 23.7406, Test MAPE: 8.9330
2026-01-27 14:48:06,876 - easytorch-training - INFO - Evaluate best model on test data for horizon 8, Test MAE: 13.9456, Test RMSE: 24.1653, Test MAPE: 9.0360
2026-01-27 14:48:06,877 - easytorch-training - INFO - Evaluate best model on test data for horizon 9, Test MAE: 14.1602, Test RMSE: 24.5456, Test MAPE: 9.1567
2026-01-27 14:48:06,878 - easytorch-training - INFO - Evaluate best model on test data for horizon 10, Test MAE: 14.3368, Test RMSE: 24.8505, Test MAPE: 9.3100
2026-01-27 14:48:06,880 - easytorch-training - INFO - Evaluate best model on test data for horizon 11, Test MAE: 14.5245, Test RMSE: 25.1185, Test MAPE: 9.4835
2026-01-27 14:48:06,881 - easytorch-training - INFO - Evaluate best model on test data for horizon 12, Test MAE: 14.7505, Test RMSE: 25.4345, Test MAPE: 9.5729
2026-01-27 14:48:06,884 - easytorch-training - INFO - Result <test>: [test_time: 1.81 (s), test_MAE: 13.4565, test_RMSE: 23.0979, test_MAPE: 8.7473]
2026-01-27 14:48:07,043 - easytorch-training - INFO - Checkpoint checkpoints/STMAFNet_300/7a9424dbdf56bedb1aca9acb56518206/STMAFNet_093.pt saved
2026-01-27 14:48:07,043 - easytorch-training - INFO - The estimated training finish time is 2026-01-27 17:18:24
2026-01-27 14:48:07,043 - easytorch-training - INFO - Epoch 94 / 300
2026-01-27 14:48:46,170 - easytorch-training - INFO - Result <train>: [train_time: 39.13 (s), lr: 6.25e-05, train_MAE: 12.9886, train_RMSE: 21.9528, train_MAPE: 8.6638]
2026-01-27 14:48:46,172 - easytorch-training - INFO - Start validation.
2026-01-27 14:48:48,177 - easytorch-training - INFO - Result <val>: [val_time: 2.00 (s), val_MAE: 13.6512, val_RMSE: 23.0172, val_MAPE: 10.2324]
2026-01-27 14:48:49,993 - easytorch-training - INFO - Evaluate best model on test data for horizon 1, Test MAE: 11.6858, Test RMSE: 19.1129, Test MAPE: 7.5580
2026-01-27 14:48:49,994 - easytorch-training - INFO - Evaluate best model on test data for horizon 2, Test MAE: 12.1796, Test RMSE: 20.2583, Test MAPE: 7.8648
2026-01-27 14:48:49,995 - easytorch-training - INFO - Evaluate best model on test data for horizon 3, Test MAE: 12.5852, Test RMSE: 21.1855, Test MAPE: 8.0826
2026-01-27 14:48:49,997 - easytorch-training - INFO - Evaluate best model on test data for horizon 4, Test MAE: 12.9455, Test RMSE: 21.9964, Test MAPE: 8.3271
2026-01-27 14:48:49,998 - easytorch-training - INFO - Evaluate best model on test data for horizon 5, Test MAE: 13.2203, Test RMSE: 22.6669, Test MAPE: 8.5294
2026-01-27 14:48:49,999 - easytorch-training - INFO - Evaluate best model on test data for horizon 6, Test MAE: 13.5127, Test RMSE: 23.2952, Test MAPE: 8.6904
2026-01-27 14:48:50,000 - easytorch-training - INFO - Evaluate best model on test data for horizon 7, Test MAE: 13.7527, Test RMSE: 23.8220, Test MAPE: 8.8635
2026-01-27 14:48:50,001 - easytorch-training - INFO - Evaluate best model on test data for horizon 8, Test MAE: 14.0007, Test RMSE: 24.2710, Test MAPE: 9.0231
2026-01-27 14:48:50,002 - easytorch-training - INFO - Evaluate best model on test data for horizon 9, Test MAE: 14.2072, Test RMSE: 24.6251, Test MAPE: 9.1720
2026-01-27 14:48:50,003 - easytorch-training - INFO - Evaluate best model on test data for horizon 10, Test MAE: 14.3855, Test RMSE: 24.9189, Test MAPE: 9.3038
2026-01-27 14:48:50,004 - easytorch-training - INFO - Evaluate best model on test data for horizon 11, Test MAE: 14.5830, Test RMSE: 25.2266, Test MAPE: 9.4596
2026-01-27 14:48:50,005 - easytorch-training - INFO - Evaluate best model on test data for horizon 12, Test MAE: 14.7945, Test RMSE: 25.5510, Test MAPE: 9.5942
2026-01-27 14:48:50,009 - easytorch-training - INFO - Result <test>: [test_time: 1.83 (s), test_MAE: 13.4877, test_RMSE: 23.1624, test_MAPE: 8.7057]
2026-01-27 14:48:50,153 - easytorch-training - INFO - Checkpoint checkpoints/STMAFNet_300/7a9424dbdf56bedb1aca9acb56518206/STMAFNet_094.pt saved
2026-01-27 14:48:50,153 - easytorch-training - INFO - The estimated training finish time is 2026-01-27 17:18:22
2026-01-27 14:48:50,153 - easytorch-training - INFO - Epoch 95 / 300
2026-01-27 14:49:29,910 - easytorch-training - INFO - Result <train>: [train_time: 39.76 (s), lr: 6.25e-05, train_MAE: 12.9862, train_RMSE: 21.9477, train_MAPE: 8.6596]
2026-01-27 14:49:29,911 - easytorch-training - INFO - Start validation.
2026-01-27 14:49:31,828 - easytorch-training - INFO - Result <val>: [val_time: 1.92 (s), val_MAE: 13.6283, val_RMSE: 22.9829, val_MAPE: 10.2845]
2026-01-27 14:49:33,660 - easytorch-training - INFO - Evaluate best model on test data for horizon 1, Test MAE: 11.6627, Test RMSE: 19.0860, Test MAPE: 7.6692
2026-01-27 14:49:33,661 - easytorch-training - INFO - Evaluate best model on test data for horizon 2, Test MAE: 12.1594, Test RMSE: 20.2190, Test MAPE: 7.9387
2026-01-27 14:49:33,662 - easytorch-training - INFO - Evaluate best model on test data for horizon 3, Test MAE: 12.5390, Test RMSE: 21.1181, Test MAPE: 8.2375
2026-01-27 14:49:33,663 - easytorch-training - INFO - Evaluate best model on test data for horizon 4, Test MAE: 12.8877, Test RMSE: 21.9298, Test MAPE: 8.3606
2026-01-27 14:49:33,664 - easytorch-training - INFO - Evaluate best model on test data for horizon 5, Test MAE: 13.2008, Test RMSE: 22.6079, Test MAPE: 8.7716
2026-01-27 14:49:33,665 - easytorch-training - INFO - Evaluate best model on test data for horizon 6, Test MAE: 13.4765, Test RMSE: 23.2265, Test MAPE: 8.9553
2026-01-27 14:49:33,666 - easytorch-training - INFO - Evaluate best model on test data for horizon 7, Test MAE: 13.7286, Test RMSE: 23.7519, Test MAPE: 9.0002
2026-01-27 14:49:33,667 - easytorch-training - INFO - Evaluate best model on test data for horizon 8, Test MAE: 13.9554, Test RMSE: 24.1742, Test MAPE: 9.1186
2026-01-27 14:49:33,668 - easytorch-training - INFO - Evaluate best model on test data for horizon 9, Test MAE: 14.1637, Test RMSE: 24.5187, Test MAPE: 9.2223
2026-01-27 14:49:33,670 - easytorch-training - INFO - Evaluate best model on test data for horizon 10, Test MAE: 14.3421, Test RMSE: 24.7873, Test MAPE: 9.3762
2026-01-27 14:49:33,671 - easytorch-training - INFO - Evaluate best model on test data for horizon 11, Test MAE: 14.5464, Test RMSE: 25.0843, Test MAPE: 9.5534
2026-01-27 14:49:33,672 - easytorch-training - INFO - Evaluate best model on test data for horizon 12, Test MAE: 14.7512, Test RMSE: 25.4139, Test MAPE: 9.6231
2026-01-27 14:49:33,676 - easytorch-training - INFO - Result <test>: [test_time: 1.85 (s), test_MAE: 13.4511, test_RMSE: 23.0755, test_MAPE: 8.8189]
2026-01-27 14:49:33,820 - easytorch-training - INFO - Checkpoint checkpoints/STMAFNet_300/7a9424dbdf56bedb1aca9acb56518206/STMAFNet_095.pt saved
2026-01-27 14:49:33,820 - easytorch-training - INFO - The estimated training finish time is 2026-01-27 17:18:22
2026-01-27 14:49:33,820 - easytorch-training - INFO - Epoch 96 / 300
2026-01-27 14:50:13,050 - easytorch-training - INFO - Result <train>: [train_time: 39.23 (s), lr: 6.25e-05, train_MAE: 12.9720, train_RMSE: 21.9210, train_MAPE: 8.6455]
2026-01-27 14:50:13,052 - easytorch-training - INFO - Start validation.
2026-01-27 14:50:15,013 - easytorch-training - INFO - Result <val>: [val_time: 1.96 (s), val_MAE: 13.6086, val_RMSE: 22.9783, val_MAPE: 10.0875]
2026-01-27 14:50:15,373 - easytorch-training - INFO - Checkpoint checkpoints/STMAFNet_300/7a9424dbdf56bedb1aca9acb56518206/STMAFNet_best_val_MAE.pt saved
2026-01-27 14:50:17,223 - easytorch-training - INFO - Evaluate best model on test data for horizon 1, Test MAE: 11.6629, Test RMSE: 19.1079, Test MAPE: 7.6002
2026-01-27 14:50:17,225 - easytorch-training - INFO - Evaluate best model on test data for horizon 2, Test MAE: 12.1665, Test RMSE: 20.2533, Test MAPE: 7.9133
2026-01-27 14:50:17,226 - easytorch-training - INFO - Evaluate best model on test data for horizon 3, Test MAE: 12.5593, Test RMSE: 21.1771, Test MAPE: 8.1243
2026-01-27 14:50:17,227 - easytorch-training - INFO - Evaluate best model on test data for horizon 4, Test MAE: 12.8976, Test RMSE: 21.9708, Test MAPE: 8.3478
2026-01-27 14:50:17,228 - easytorch-training - INFO - Evaluate best model on test data for horizon 5, Test MAE: 13.1963, Test RMSE: 22.6265, Test MAPE: 8.5813
2026-01-27 14:50:17,229 - easytorch-training - INFO - Evaluate best model on test data for horizon 6, Test MAE: 13.4539, Test RMSE: 23.2035, Test MAPE: 8.7433
2026-01-27 14:50:17,230 - easytorch-training - INFO - Evaluate best model on test data for horizon 7, Test MAE: 13.7054, Test RMSE: 23.7014, Test MAPE: 8.8998
2026-01-27 14:50:17,231 - easytorch-training - INFO - Evaluate best model on test data for horizon 8, Test MAE: 13.9319, Test RMSE: 24.0918, Test MAPE: 9.0597
2026-01-27 14:50:17,232 - easytorch-training - INFO - Evaluate best model on test data for horizon 9, Test MAE: 14.1453, Test RMSE: 24.4666, Test MAPE: 9.1812
2026-01-27 14:50:17,233 - easytorch-training - INFO - Evaluate best model on test data for horizon 10, Test MAE: 14.3176, Test RMSE: 24.7585, Test MAPE: 9.3232
2026-01-27 14:50:17,235 - easytorch-training - INFO - Evaluate best model on test data for horizon 11, Test MAE: 14.5223, Test RMSE: 25.0752, Test MAPE: 9.5023
2026-01-27 14:50:17,236 - easytorch-training - INFO - Evaluate best model on test data for horizon 12, Test MAE: 14.7314, Test RMSE: 25.3984, Test MAPE: 9.6136
2026-01-27 14:50:17,240 - easytorch-training - INFO - Result <test>: [test_time: 1.87 (s), test_MAE: 13.4409, test_RMSE: 23.0660, test_MAPE: 8.7408]
2026-01-27 14:50:17,388 - easytorch-training - INFO - Checkpoint checkpoints/STMAFNet_300/7a9424dbdf56bedb1aca9acb56518206/STMAFNet_096.pt saved
2026-01-27 14:50:17,388 - easytorch-training - INFO - The estimated training finish time is 2026-01-27 17:18:23
2026-01-27 14:50:17,388 - easytorch-training - INFO - Epoch 97 / 300
2026-01-27 14:50:56,364 - easytorch-training - INFO - Result <train>: [train_time: 38.98 (s), lr: 6.25e-05, train_MAE: 12.9751, train_RMSE: 21.9300, train_MAPE: 8.6592]
2026-01-27 14:50:56,366 - easytorch-training - INFO - Start validation.
2026-01-27 14:50:58,330 - easytorch-training - INFO - Result <val>: [val_time: 1.96 (s), val_MAE: 13.6218, val_RMSE: 22.9685, val_MAPE: 10.3821]
2026-01-27 14:51:00,149 - easytorch-training - INFO - Evaluate best model on test data for horizon 1, Test MAE: 11.6691, Test RMSE: 19.1094, Test MAPE: 7.7082
2026-01-27 14:51:00,150 - easytorch-training - INFO - Evaluate best model on test data for horizon 2, Test MAE: 12.1677, Test RMSE: 20.2494, Test MAPE: 8.0622
2026-01-27 14:51:00,151 - easytorch-training - INFO - Evaluate best model on test data for horizon 3, Test MAE: 12.5702, Test RMSE: 21.1742, Test MAPE: 8.3895
2026-01-27 14:51:00,152 - easytorch-training - INFO - Evaluate best model on test data for horizon 4, Test MAE: 12.9243, Test RMSE: 21.9701, Test MAPE: 8.6390
2026-01-27 14:51:00,154 - easytorch-training - INFO - Evaluate best model on test data for horizon 5, Test MAE: 13.1967, Test RMSE: 22.6294, Test MAPE: 8.6190
2026-01-27 14:51:00,155 - easytorch-training - INFO - Evaluate best model on test data for horizon 6, Test MAE: 13.4741, Test RMSE: 23.2218, Test MAPE: 8.8290
2026-01-27 14:51:00,156 - easytorch-training - INFO - Evaluate best model on test data for horizon 7, Test MAE: 13.7272, Test RMSE: 23.7113, Test MAPE: 9.0720
2026-01-27 14:51:00,157 - easytorch-training - INFO - Evaluate best model on test data for horizon 8, Test MAE: 13.9611, Test RMSE: 24.1303, Test MAPE: 9.2926
2026-01-27 14:51:00,158 - easytorch-training - INFO - Evaluate best model on test data for horizon 9, Test MAE: 14.1688, Test RMSE: 24.4873, Test MAPE: 9.2201
2026-01-27 14:51:00,159 - easytorch-training - INFO - Evaluate best model on test data for horizon 10, Test MAE: 14.3396, Test RMSE: 24.7666, Test MAPE: 9.4922
2026-01-27 14:51:00,160 - easytorch-training - INFO - Evaluate best model on test data for horizon 11, Test MAE: 14.5327, Test RMSE: 25.0637, Test MAPE: 9.6713
2026-01-27 14:51:00,161 - easytorch-training - INFO - Evaluate best model on test data for horizon 12, Test MAE: 14.7479, Test RMSE: 25.4044, Test MAPE: 9.7705
2026-01-27 14:51:00,165 - easytorch-training - INFO - Result <test>: [test_time: 1.83 (s), test_MAE: 13.4566, test_RMSE: 23.0735, test_MAPE: 8.8971]
2026-01-27 14:51:00,311 - easytorch-training - INFO - Checkpoint checkpoints/STMAFNet_300/7a9424dbdf56bedb1aca9acb56518206/STMAFNet_097.pt saved
2026-01-27 14:51:00,311 - easytorch-training - INFO - The estimated training finish time is 2026-01-27 17:18:21
2026-01-27 14:51:00,311 - easytorch-training - INFO - Epoch 98 / 300
2026-01-27 14:51:39,781 - easytorch-training - INFO - Result <train>: [train_time: 39.47 (s), lr: 6.25e-05, train_MAE: 12.9668, train_RMSE: 21.9176, train_MAPE: 8.6499]
2026-01-27 14:51:39,783 - easytorch-training - INFO - Start validation.
2026-01-27 14:51:41,764 - easytorch-training - INFO - Result <val>: [val_time: 1.98 (s), val_MAE: 13.6144, val_RMSE: 23.0080, val_MAPE: 10.2648]
2026-01-27 14:51:43,596 - easytorch-training - INFO - Evaluate best model on test data for horizon 1, Test MAE: 11.6565, Test RMSE: 19.0854, Test MAPE: 7.6448
2026-01-27 14:51:43,597 - easytorch-training - INFO - Evaluate best model on test data for horizon 2, Test MAE: 12.1471, Test RMSE: 20.2374, Test MAPE: 7.9367
2026-01-27 14:51:43,598 - easytorch-training - INFO - Evaluate best model on test data for horizon 3, Test MAE: 12.5597, Test RMSE: 21.1542, Test MAPE: 8.3389
2026-01-27 14:51:43,599 - easytorch-training - INFO - Evaluate best model on test data for horizon 4, Test MAE: 12.8913, Test RMSE: 21.9878, Test MAPE: 8.3958
2026-01-27 14:51:43,600 - easytorch-training - INFO - Evaluate best model on test data for horizon 5, Test MAE: 13.1988, Test RMSE: 22.6604, Test MAPE: 8.6020
2026-01-27 14:51:43,602 - easytorch-training - INFO - Evaluate best model on test data for horizon 6, Test MAE: 13.4689, Test RMSE: 23.2708, Test MAPE: 8.7426
2026-01-27 14:51:43,603 - easytorch-training - INFO - Evaluate best model on test data for horizon 7, Test MAE: 13.7228, Test RMSE: 23.7979, Test MAPE: 8.9119
2026-01-27 14:51:43,604 - easytorch-training - INFO - Evaluate best model on test data for horizon 8, Test MAE: 13.9672, Test RMSE: 24.2097, Test MAPE: 9.1233
2026-01-27 14:51:43,605 - easytorch-training - INFO - Evaluate best model on test data for horizon 9, Test MAE: 14.1509, Test RMSE: 24.5272, Test MAPE: 9.1735
2026-01-27 14:51:43,606 - easytorch-training - INFO - Evaluate best model on test data for horizon 10, Test MAE: 14.3393, Test RMSE: 24.8211, Test MAPE: 9.3618
2026-01-27 14:51:43,607 - easytorch-training - INFO - Evaluate best model on test data for horizon 11, Test MAE: 14.5233, Test RMSE: 25.1168, Test MAPE: 9.4614
2026-01-27 14:51:43,608 - easytorch-training - INFO - Evaluate best model on test data for horizon 12, Test MAE: 14.7410, Test RMSE: 25.4267, Test MAPE: 9.6199
2026-01-27 14:51:43,612 - easytorch-training - INFO - Result <test>: [test_time: 1.85 (s), test_MAE: 13.4472, test_RMSE: 23.1071, test_MAPE: 8.7760]
2026-01-27 14:51:43,756 - easytorch-training - INFO - Checkpoint checkpoints/STMAFNet_300/7a9424dbdf56bedb1aca9acb56518206/STMAFNet_098.pt saved
2026-01-27 14:51:43,757 - easytorch-training - INFO - The estimated training finish time is 2026-01-27 17:18:20
2026-01-27 14:51:43,757 - easytorch-training - INFO - Epoch 99 / 300
2026-01-27 14:52:23,199 - easytorch-training - INFO - Result <train>: [train_time: 39.44 (s), lr: 6.25e-05, train_MAE: 12.9616, train_RMSE: 21.9099, train_MAPE: 8.6403]
2026-01-27 14:52:23,201 - easytorch-training - INFO - Start validation.
2026-01-27 14:52:25,169 - easytorch-training - INFO - Result <val>: [val_time: 1.97 (s), val_MAE: 13.6096, val_RMSE: 22.9910, val_MAPE: 10.1907]
2026-01-27 14:52:27,111 - easytorch-training - INFO - Evaluate best model on test data for horizon 1, Test MAE: 11.6538, Test RMSE: 19.0778, Test MAPE: 7.5370
2026-01-27 14:52:27,112 - easytorch-training - INFO - Evaluate best model on test data for horizon 2, Test MAE: 12.1402, Test RMSE: 20.2124, Test MAPE: 7.8569
2026-01-27 14:52:27,113 - easytorch-training - INFO - Evaluate best model on test data for horizon 3, Test MAE: 12.5212, Test RMSE: 21.1292, Test MAPE: 8.0506
2026-01-27 14:52:27,115 - easytorch-training - INFO - Evaluate best model on test data for horizon 4, Test MAE: 12.8907, Test RMSE: 21.9437, Test MAPE: 8.2844
2026-01-27 14:52:27,116 - easytorch-training - INFO - Evaluate best model on test data for horizon 5, Test MAE: 13.1798, Test RMSE: 22.6134, Test MAPE: 8.4778
2026-01-27 14:52:27,117 - easytorch-training - INFO - Evaluate best model on test data for horizon 6, Test MAE: 13.4636, Test RMSE: 23.2323, Test MAPE: 8.6805
2026-01-27 14:52:27,118 - easytorch-training - INFO - Evaluate best model on test data for horizon 7, Test MAE: 13.6870, Test RMSE: 23.7324, Test MAPE: 8.8083
2026-01-27 14:52:27,119 - easytorch-training - INFO - Evaluate best model on test data for horizon 8, Test MAE: 13.9269, Test RMSE: 24.1540, Test MAPE: 8.9813
2026-01-27 14:52:27,120 - easytorch-training - INFO - Evaluate best model on test data for horizon 9, Test MAE: 14.1262, Test RMSE: 24.5228, Test MAPE: 9.1105
2026-01-27 14:52:27,121 - easytorch-training - INFO - Evaluate best model on test data for horizon 10, Test MAE: 14.2970, Test RMSE: 24.8237, Test MAPE: 9.2359
2026-01-27 14:52:27,122 - easytorch-training - INFO - Evaluate best model on test data for horizon 11, Test MAE: 14.4823, Test RMSE: 25.1091, Test MAPE: 9.3681
2026-01-27 14:52:27,123 - easytorch-training - INFO - Evaluate best model on test data for horizon 12, Test MAE: 14.7028, Test RMSE: 25.4330, Test MAPE: 9.5406
2026-01-27 14:52:27,127 - easytorch-training - INFO - Result <test>: [test_time: 1.96 (s), test_MAE: 13.4226, test_RMSE: 23.0816, test_MAPE: 8.6610]
2026-01-27 14:52:27,271 - easytorch-training - INFO - Checkpoint checkpoints/STMAFNet_300/7a9424dbdf56bedb1aca9acb56518206/STMAFNet_099.pt saved
2026-01-27 14:52:27,272 - easytorch-training - INFO - The estimated training finish time is 2026-01-27 17:18:20
2026-01-27 14:52:27,272 - easytorch-training - INFO - Epoch 100 / 300
2026-01-27 14:53:06,424 - easytorch-training - INFO - Result <train>: [train_time: 39.15 (s), lr: 6.25e-05, train_MAE: 12.9582, train_RMSE: 21.9138, train_MAPE: 8.6427]
2026-01-27 14:53:06,426 - easytorch-training - INFO - Start validation.
2026-01-27 14:53:08,352 - easytorch-training - INFO - Result <val>: [val_time: 1.93 (s), val_MAE: 13.6221, val_RMSE: 22.9909, val_MAPE: 10.1416]
2026-01-27 14:53:10,202 - easytorch-training - INFO - Evaluate best model on test data for horizon 1, Test MAE: 11.6774, Test RMSE: 19.0936, Test MAPE: 7.5759
2026-01-27 14:53:10,203 - easytorch-training - INFO - Evaluate best model on test data for horizon 2, Test MAE: 12.1787, Test RMSE: 20.2379, Test MAPE: 7.9295
2026-01-27 14:53:10,204 - easytorch-training - INFO - Evaluate best model on test data for horizon 3, Test MAE: 12.5640, Test RMSE: 21.1662, Test MAPE: 8.0890
2026-01-27 14:53:10,206 - easytorch-training - INFO - Evaluate best model on test data for horizon 4, Test MAE: 12.9136, Test RMSE: 21.9719, Test MAPE: 8.2944
2026-01-27 14:53:10,207 - easytorch-training - INFO - Evaluate best model on test data for horizon 5, Test MAE: 13.2170, Test RMSE: 22.6460, Test MAPE: 8.5237
2026-01-27 14:53:10,208 - easytorch-training - INFO - Evaluate best model on test data for horizon 6, Test MAE: 13.4770, Test RMSE: 23.2625, Test MAPE: 8.6875
2026-01-27 14:53:10,209 - easytorch-training - INFO - Evaluate best model on test data for horizon 7, Test MAE: 13.7497, Test RMSE: 23.7695, Test MAPE: 8.9799
2026-01-27 14:53:10,210 - easytorch-training - INFO - Evaluate best model on test data for horizon 8, Test MAE: 13.9646, Test RMSE: 24.2211, Test MAPE: 9.0269
2026-01-27 14:53:10,211 - easytorch-training - INFO - Evaluate best model on test data for horizon 9, Test MAE: 14.1835, Test RMSE: 24.5968, Test MAPE: 9.2067
2026-01-27 14:53:10,212 - easytorch-training - INFO - Evaluate best model on test data for horizon 10, Test MAE: 14.3433, Test RMSE: 24.8908, Test MAPE: 9.2839
2026-01-27 14:53:10,213 - easytorch-training - INFO - Evaluate best model on test data for horizon 11, Test MAE: 14.5287, Test RMSE: 25.2149, Test MAPE: 9.3951
2026-01-27 14:53:10,214 - easytorch-training - INFO - Evaluate best model on test data for horizon 12, Test MAE: 14.7627, Test RMSE: 25.5413, Test MAPE: 9.6043
2026-01-27 14:53:10,218 - easytorch-training - INFO - Result <test>: [test_time: 1.86 (s), test_MAE: 13.4634, test_RMSE: 23.1359, test_MAPE: 8.7164]
2026-01-27 14:53:10,365 - easytorch-training - INFO - Checkpoint checkpoints/STMAFNet_300/7a9424dbdf56bedb1aca9acb56518206/STMAFNet_100.pt saved
2026-01-27 14:53:10,379 - easytorch-training - INFO - The estimated training finish time is 2026-01-27 17:18:19
2026-01-27 14:53:10,379 - easytorch-training - INFO - Epoch 101 / 300
2026-01-27 14:53:49,859 - easytorch-training - INFO - Result <train>: [train_time: 39.48 (s), lr: 6.25e-05, train_MAE: 12.9511, train_RMSE: 21.9027, train_MAPE: 8.6298]
2026-01-27 14:53:49,860 - easytorch-training - INFO - Start validation.
2026-01-27 14:53:51,835 - easytorch-training - INFO - Result <val>: [val_time: 1.97 (s), val_MAE: 13.6360, val_RMSE: 22.9742, val_MAPE: 10.2279]
2026-01-27 14:53:53,633 - easytorch-training - INFO - Evaluate best model on test data for horizon 1, Test MAE: 11.6879, Test RMSE: 19.0840, Test MAPE: 7.6719
2026-01-27 14:53:53,635 - easytorch-training - INFO - Evaluate best model on test data for horizon 2, Test MAE: 12.1915, Test RMSE: 20.2288, Test MAPE: 8.0125
2026-01-27 14:53:53,636 - easytorch-training - INFO - Evaluate best model on test data for horizon 3, Test MAE: 12.5539, Test RMSE: 21.1308, Test MAPE: 8.1825
2026-01-27 14:53:53,637 - easytorch-training - INFO - Evaluate best model on test data for horizon 4, Test MAE: 12.9006, Test RMSE: 21.9548, Test MAPE: 8.3662
2026-01-27 14:53:53,638 - easytorch-training - INFO - Evaluate best model on test data for horizon 5, Test MAE: 13.1930, Test RMSE: 22.6354, Test MAPE: 8.5426
2026-01-27 14:53:53,639 - easytorch-training - INFO - Evaluate best model on test data for horizon 6, Test MAE: 13.4928, Test RMSE: 23.2388, Test MAPE: 8.7324
2026-01-27 14:53:53,640 - easytorch-training - INFO - Evaluate best model on test data for horizon 7, Test MAE: 13.7512, Test RMSE: 23.7698, Test MAPE: 8.9094
2026-01-27 14:53:53,641 - easytorch-training - INFO - Evaluate best model on test data for horizon 8, Test MAE: 13.9588, Test RMSE: 24.2044, Test MAPE: 9.0283
2026-01-27 14:53:53,642 - easytorch-training - INFO - Evaluate best model on test data for horizon 9, Test MAE: 14.1665, Test RMSE: 24.5502, Test MAPE: 9.1545
2026-01-27 14:53:53,654 - easytorch-training - INFO - Evaluate best model on test data for horizon 10, Test MAE: 14.3318, Test RMSE: 24.8337, Test MAPE: 9.3863
2026-01-27 14:53:53,655 - easytorch-training - INFO - Evaluate best model on test data for horizon 11, Test MAE: 14.5274, Test RMSE: 25.1303, Test MAPE: 9.4042
2026-01-27 14:53:53,656 - easytorch-training - INFO - Evaluate best model on test data for horizon 12, Test MAE: 14.7491, Test RMSE: 25.4197, Test MAPE: 9.5610
2026-01-27 14:53:53,660 - easytorch-training - INFO - Result <test>: [test_time: 1.82 (s), test_MAE: 13.4587, test_RMSE: 23.0981, test_MAPE: 8.7460]
2026-01-27 14:53:53,804 - easytorch-training - INFO - Checkpoint checkpoints/STMAFNet_300/7a9424dbdf56bedb1aca9acb56518206/STMAFNet_101.pt saved
2026-01-27 14:53:53,804 - easytorch-training - INFO - The estimated training finish time is 2026-01-27 17:18:18
2026-01-27 14:53:53,804 - easytorch-training - INFO - Epoch 102 / 300
2026-01-27 14:54:33,256 - easytorch-training - INFO - Result <train>: [train_time: 39.45 (s), lr: 6.25e-05, train_MAE: 12.9460, train_RMSE: 21.8963, train_MAPE: 8.6344]
2026-01-27 14:54:33,258 - easytorch-training - INFO - Start validation.
2026-01-27 14:54:35,239 - easytorch-training - INFO - Result <val>: [val_time: 1.98 (s), val_MAE: 13.5941, val_RMSE: 22.9399, val_MAPE: 10.0684]
2026-01-27 14:54:35,540 - easytorch-training - INFO - Checkpoint checkpoints/STMAFNet_300/7a9424dbdf56bedb1aca9acb56518206/STMAFNet_best_val_MAE.pt saved
2026-01-27 14:54:37,399 - easytorch-training - INFO - Evaluate best model on test data for horizon 1, Test MAE: 11.6560, Test RMSE: 19.0867, Test MAPE: 7.5669
2026-01-27 14:54:37,400 - easytorch-training - INFO - Evaluate best model on test data for horizon 2, Test MAE: 12.1542, Test RMSE: 20.2196, Test MAPE: 7.8602
2026-01-27 14:54:37,401 - easytorch-training - INFO - Evaluate best model on test data for horizon 3, Test MAE: 12.5301, Test RMSE: 21.1471, Test MAPE: 8.1382
2026-01-27 14:54:37,402 - easytorch-training - INFO - Evaluate best model on test data for horizon 4, Test MAE: 12.8882, Test RMSE: 21.9695, Test MAPE: 8.3161
2026-01-27 14:54:37,403 - easytorch-training - INFO - Evaluate best model on test data for horizon 5, Test MAE: 13.1683, Test RMSE: 22.6432, Test MAPE: 8.4893
2026-01-27 14:54:37,404 - easytorch-training - INFO - Evaluate best model on test data for horizon 6, Test MAE: 13.4574, Test RMSE: 23.2477, Test MAPE: 8.6759
2026-01-27 14:54:37,405 - easytorch-training - INFO - Evaluate best model on test data for horizon 7, Test MAE: 13.7162, Test RMSE: 23.7702, Test MAPE: 8.8634
2026-01-27 14:54:37,406 - easytorch-training - INFO - Evaluate best model on test data for horizon 8, Test MAE: 13.9375, Test RMSE: 24.1791, Test MAPE: 9.0140
2026-01-27 14:54:37,408 - easytorch-training - INFO - Evaluate best model on test data for horizon 9, Test MAE: 14.1447, Test RMSE: 24.5456, Test MAPE: 9.1423
2026-01-27 14:54:37,409 - easytorch-training - INFO - Evaluate best model on test data for horizon 10, Test MAE: 14.2949, Test RMSE: 24.8037, Test MAPE: 9.2660
2026-01-27 14:54:37,410 - easytorch-training - INFO - Evaluate best model on test data for horizon 11, Test MAE: 14.4879, Test RMSE: 25.1031, Test MAPE: 9.4291
2026-01-27 14:54:37,411 - easytorch-training - INFO - Evaluate best model on test data for horizon 12, Test MAE: 14.7122, Test RMSE: 25.4423, Test MAPE: 9.5783
2026-01-27 14:54:37,415 - easytorch-training - INFO - Result <test>: [test_time: 1.87 (s), test_MAE: 13.4290, test_RMSE: 23.0958, test_MAPE: 8.6950]
2026-01-27 14:54:37,559 - easytorch-training - INFO - Checkpoint checkpoints/STMAFNet_300/7a9424dbdf56bedb1aca9acb56518206/STMAFNet_102.pt saved
2026-01-27 14:54:37,560 - easytorch-training - INFO - The estimated training finish time is 2026-01-27 17:18:19
2026-01-27 14:54:37,560 - easytorch-training - INFO - Epoch 103 / 300
2026-01-27 14:55:16,834 - easytorch-training - INFO - Result <train>: [train_time: 39.27 (s), lr: 6.25e-05, train_MAE: 12.9406, train_RMSE: 21.8853, train_MAPE: 8.6323]
2026-01-27 14:55:16,835 - easytorch-training - INFO - Start validation.
2026-01-27 14:55:18,920 - easytorch-training - INFO - Result <val>: [val_time: 2.08 (s), val_MAE: 13.5894, val_RMSE: 22.9543, val_MAPE: 10.0774]
2026-01-27 14:55:19,317 - easytorch-training - INFO - Checkpoint checkpoints/STMAFNet_300/7a9424dbdf56bedb1aca9acb56518206/STMAFNet_best_val_MAE.pt saved
2026-01-27 14:55:21,273 - easytorch-training - INFO - Evaluate best model on test data for horizon 1, Test MAE: 11.6511, Test RMSE: 19.0979, Test MAPE: 7.5753
2026-01-27 14:55:21,275 - easytorch-training - INFO - Evaluate best model on test data for horizon 2, Test MAE: 12.1455, Test RMSE: 20.2372, Test MAPE: 7.8840
2026-01-27 14:55:21,276 - easytorch-training - INFO - Evaluate best model on test data for horizon 3, Test MAE: 12.5283, Test RMSE: 21.1673, Test MAPE: 8.1210
2026-01-27 14:55:21,278 - easytorch-training - INFO - Evaluate best model on test data for horizon 4, Test MAE: 12.8811, Test RMSE: 21.9881, Test MAPE: 8.3266
2026-01-27 14:55:21,279 - easytorch-training - INFO - Evaluate best model on test data for horizon 5, Test MAE: 13.1980, Test RMSE: 22.7043, Test MAPE: 8.5450
2026-01-27 14:55:21,280 - easytorch-training - INFO - Evaluate best model on test data for horizon 6, Test MAE: 13.4604, Test RMSE: 23.2619, Test MAPE: 8.6931
2026-01-27 14:55:21,282 - easytorch-training - INFO - Evaluate best model on test data for horizon 7, Test MAE: 13.7089, Test RMSE: 23.7940, Test MAPE: 8.8592
2026-01-27 14:55:21,283 - easytorch-training - INFO - Evaluate best model on test data for horizon 8, Test MAE: 13.9463, Test RMSE: 24.2511, Test MAPE: 9.0096
2026-01-27 14:55:21,284 - easytorch-training - INFO - Evaluate best model on test data for horizon 9, Test MAE: 14.1432, Test RMSE: 24.5781, Test MAPE: 9.1861
2026-01-27 14:55:21,286 - easytorch-training - INFO - Evaluate best model on test data for horizon 10, Test MAE: 14.3180, Test RMSE: 24.9041, Test MAPE: 9.2863
2026-01-27 14:55:21,287 - easytorch-training - INFO - Evaluate best model on test data for horizon 11, Test MAE: 14.5203, Test RMSE: 25.2149, Test MAPE: 9.4424
2026-01-27 14:55:21,288 - easytorch-training - INFO - Evaluate best model on test data for horizon 12, Test MAE: 14.7245, Test RMSE: 25.5007, Test MAPE: 9.5905
2026-01-27 14:55:21,292 - easytorch-training - INFO - Result <test>: [test_time: 1.97 (s), test_MAE: 13.4355, test_RMSE: 23.1428, test_MAPE: 8.7099]
2026-01-27 14:55:21,457 - easytorch-training - INFO - Checkpoint checkpoints/STMAFNet_300/7a9424dbdf56bedb1aca9acb56518206/STMAFNet_103.pt saved
2026-01-27 14:55:21,458 - easytorch-training - INFO - The estimated training finish time is 2026-01-27 17:18:20
2026-01-27 14:55:21,458 - easytorch-training - INFO - Epoch 104 / 300
2026-01-27 14:56:00,986 - easytorch-training - INFO - Result <train>: [train_time: 39.53 (s), lr: 6.25e-05, train_MAE: 12.9353, train_RMSE: 21.8758, train_MAPE: 8.6300]
2026-01-27 14:56:00,987 - easytorch-training - INFO - Start validation.
2026-01-27 14:56:02,944 - easytorch-training - INFO - Result <val>: [val_time: 1.96 (s), val_MAE: 13.6059, val_RMSE: 23.0174, val_MAPE: 10.0499]
2026-01-27 14:56:04,792 - easytorch-training - INFO - Evaluate best model on test data for horizon 1, Test MAE: 11.6592, Test RMSE: 19.1166, Test MAPE: 7.5686
2026-01-27 14:56:04,793 - easytorch-training - INFO - Evaluate best model on test data for horizon 2, Test MAE: 12.1468, Test RMSE: 20.2663, Test MAPE: 7.8593
2026-01-27 14:56:04,794 - easytorch-training - INFO - Evaluate best model on test data for horizon 3, Test MAE: 12.5712, Test RMSE: 21.2319, Test MAPE: 8.1865
2026-01-27 14:56:04,795 - easytorch-training - INFO - Evaluate best model on test data for horizon 4, Test MAE: 12.9081, Test RMSE: 22.0435, Test MAPE: 8.3392
2026-01-27 14:56:04,796 - easytorch-training - INFO - Evaluate best model on test data for horizon 5, Test MAE: 13.2173, Test RMSE: 22.7201, Test MAPE: 8.5575
2026-01-27 14:56:04,798 - easytorch-training - INFO - Evaluate best model on test data for horizon 6, Test MAE: 13.4892, Test RMSE: 23.3313, Test MAPE: 8.7518
2026-01-27 14:56:04,799 - easytorch-training - INFO - Evaluate best model on test data for horizon 7, Test MAE: 13.7115, Test RMSE: 23.8346, Test MAPE: 8.8838
2026-01-27 14:56:04,800 - easytorch-training - INFO - Evaluate best model on test data for horizon 8, Test MAE: 13.9530, Test RMSE: 24.2713, Test MAPE: 9.0427
2026-01-27 14:56:04,801 - easytorch-training - INFO - Evaluate best model on test data for horizon 9, Test MAE: 14.1504, Test RMSE: 24.6137, Test MAPE: 9.2048
2026-01-27 14:56:04,802 - easytorch-training - INFO - Evaluate best model on test data for horizon 10, Test MAE: 14.3209, Test RMSE: 24.9170, Test MAPE: 9.3294
2026-01-27 14:56:04,803 - easytorch-training - INFO - Evaluate best model on test data for horizon 11, Test MAE: 14.5047, Test RMSE: 25.1949, Test MAPE: 9.5468
2026-01-27 14:56:04,804 - easytorch-training - INFO - Evaluate best model on test data for horizon 12, Test MAE: 14.7243, Test RMSE: 25.5219, Test MAPE: 9.6567
2026-01-27 14:56:04,808 - easytorch-training - INFO - Result <test>: [test_time: 1.86 (s), test_MAE: 13.4464, test_RMSE: 23.1723, test_MAPE: 8.7439]
2026-01-27 14:56:04,954 - easytorch-training - INFO - Checkpoint checkpoints/STMAFNet_300/7a9424dbdf56bedb1aca9acb56518206/STMAFNet_104.pt saved
2026-01-27 14:56:04,954 - easytorch-training - INFO - The estimated training finish time is 2026-01-27 17:18:20
2026-01-27 14:56:04,954 - easytorch-training - INFO - Epoch 105 / 300
2026-01-27 14:56:43,931 - easytorch-training - INFO - Result <train>: [train_time: 38.98 (s), lr: 6.25e-05, train_MAE: 12.9281, train_RMSE: 21.8607, train_MAPE: 8.6186]
2026-01-27 14:56:43,933 - easytorch-training - INFO - Start validation.
2026-01-27 14:56:45,879 - easytorch-training - INFO - Result <val>: [val_time: 1.95 (s), val_MAE: 13.6070, val_RMSE: 23.0270, val_MAPE: 10.0996]
2026-01-27 14:56:47,720 - easytorch-training - INFO - Evaluate best model on test data for horizon 1, Test MAE: 11.6536, Test RMSE: 19.1083, Test MAPE: 7.6670
2026-01-27 14:56:47,721 - easytorch-training - INFO - Evaluate best model on test data for horizon 2, Test MAE: 12.1398, Test RMSE: 20.2685, Test MAPE: 7.8788
2026-01-27 14:56:47,722 - easytorch-training - INFO - Evaluate best model on test data for horizon 3, Test MAE: 12.5501, Test RMSE: 21.2297, Test MAPE: 8.1201
2026-01-27 14:56:47,723 - easytorch-training - INFO - Evaluate best model on test data for horizon 4, Test MAE: 12.8905, Test RMSE: 22.0416, Test MAPE: 8.3467
2026-01-27 14:56:47,724 - easytorch-training - INFO - Evaluate best model on test data for horizon 5, Test MAE: 13.1933, Test RMSE: 22.7175, Test MAPE: 8.5579
2026-01-27 14:56:47,726 - easytorch-training - INFO - Evaluate best model on test data for horizon 6, Test MAE: 13.4639, Test RMSE: 23.3011, Test MAPE: 8.7256
2026-01-27 14:56:47,727 - easytorch-training - INFO - Evaluate best model on test data for horizon 7, Test MAE: 13.7141, Test RMSE: 23.8293, Test MAPE: 8.9093
2026-01-27 14:56:47,728 - easytorch-training - INFO - Evaluate best model on test data for horizon 8, Test MAE: 13.9502, Test RMSE: 24.2831, Test MAPE: 9.0602
2026-01-27 14:56:47,729 - easytorch-training - INFO - Evaluate best model on test data for horizon 9, Test MAE: 14.1569, Test RMSE: 24.6170, Test MAPE: 9.2545
2026-01-27 14:56:47,730 - easytorch-training - INFO - Evaluate best model on test data for horizon 10, Test MAE: 14.3452, Test RMSE: 24.9272, Test MAPE: 9.3482
2026-01-27 14:56:47,731 - easytorch-training - INFO - Evaluate best model on test data for horizon 11, Test MAE: 14.5225, Test RMSE: 25.2161, Test MAPE: 9.4883
2026-01-27 14:56:47,732 - easytorch-training - INFO - Evaluate best model on test data for horizon 12, Test MAE: 14.7520, Test RMSE: 25.5094, Test MAPE: 9.6895
2026-01-27 14:56:47,736 - easytorch-training - INFO - Result <test>: [test_time: 1.86 (s), test_MAE: 13.4443, test_RMSE: 23.1714, test_MAPE: 8.7538]
2026-01-27 14:56:47,896 - easytorch-training - INFO - Checkpoint checkpoints/STMAFNet_300/7a9424dbdf56bedb1aca9acb56518206/STMAFNet_105.pt saved
2026-01-27 14:56:47,897 - easytorch-training - INFO - The estimated training finish time is 2026-01-27 17:18:18
2026-01-27 14:56:47,897 - easytorch-training - INFO - Epoch 106 / 300
2026-01-27 14:57:28,166 - easytorch-training - INFO - Result <train>: [train_time: 40.27 (s), lr: 6.25e-05, train_MAE: 12.9256, train_RMSE: 21.8600, train_MAPE: 8.6121]
2026-01-27 14:57:28,168 - easytorch-training - INFO - Start validation.
2026-01-27 14:57:30,147 - easytorch-training - INFO - Result <val>: [val_time: 1.98 (s), val_MAE: 13.5838, val_RMSE: 22.9885, val_MAPE: 10.1366]
2026-01-27 14:57:30,295 - easytorch-training - INFO - Checkpoint checkpoints/STMAFNet_300/7a9424dbdf56bedb1aca9acb56518206/STMAFNet_best_val_MAE.pt saved
2026-01-27 14:57:32,167 - easytorch-training - INFO - Evaluate best model on test data for horizon 1, Test MAE: 11.6577, Test RMSE: 19.1020, Test MAPE: 7.6078
2026-01-27 14:57:32,170 - easytorch-training - INFO - Evaluate best model on test data for horizon 2, Test MAE: 12.1340, Test RMSE: 20.2435, Test MAPE: 7.9415
2026-01-27 14:57:32,172 - easytorch-training - INFO - Evaluate best model on test data for horizon 3, Test MAE: 12.5325, Test RMSE: 21.1619, Test MAPE: 8.0840
2026-01-27 14:57:32,173 - easytorch-training - INFO - Evaluate best model on test data for horizon 4, Test MAE: 12.8751, Test RMSE: 21.9755, Test MAPE: 8.3576
2026-01-27 14:57:32,174 - easytorch-training - INFO - Evaluate best model on test data for horizon 5, Test MAE: 13.1758, Test RMSE: 22.6492, Test MAPE: 8.5591
2026-01-27 14:57:32,175 - easytorch-training - INFO - Evaluate best model on test data for horizon 6, Test MAE: 13.4468, Test RMSE: 23.2576, Test MAPE: 8.6984
2026-01-27 14:57:32,176 - easytorch-training - INFO - Evaluate best model on test data for horizon 7, Test MAE: 13.7045, Test RMSE: 23.7871, Test MAPE: 8.8521
2026-01-27 14:57:32,177 - easytorch-training - INFO - Evaluate best model on test data for horizon 8, Test MAE: 13.9416, Test RMSE: 24.2377, Test MAPE: 9.0273
2026-01-27 14:57:32,178 - easytorch-training - INFO - Evaluate best model on test data for horizon 9, Test MAE: 14.1366, Test RMSE: 24.5874, Test MAPE: 9.1461
2026-01-27 14:57:32,179 - easytorch-training - INFO - Evaluate best model on test data for horizon 10, Test MAE: 14.3202, Test RMSE: 24.8730, Test MAPE: 9.3412
2026-01-27 14:57:32,180 - easytorch-training - INFO - Evaluate best model on test data for horizon 11, Test MAE: 14.5103, Test RMSE: 25.1570, Test MAPE: 9.4742
2026-01-27 14:57:32,181 - easytorch-training - INFO - Evaluate best model on test data for horizon 12, Test MAE: 14.7329, Test RMSE: 25.4744, Test MAPE: 9.6277
2026-01-27 14:57:32,185 - easytorch-training - INFO - Result <test>: [test_time: 1.89 (s), test_MAE: 13.4307, test_RMSE: 23.1258, test_MAPE: 8.7264]
2026-01-27 14:57:32,330 - easytorch-training - INFO - Checkpoint checkpoints/STMAFNet_300/7a9424dbdf56bedb1aca9acb56518206/STMAFNet_106.pt saved
2026-01-27 14:57:32,330 - easytorch-training - INFO - The estimated training finish time is 2026-01-27 17:18:21
2026-01-27 14:57:32,331 - easytorch-training - INFO - Epoch 107 / 300
2026-01-27 14:58:11,832 - easytorch-training - INFO - Result <train>: [train_time: 39.50 (s), lr: 6.25e-05, train_MAE: 12.9174, train_RMSE: 21.8417, train_MAPE: 8.6077]
2026-01-27 14:58:11,834 - easytorch-training - INFO - Start validation.
2026-01-27 14:58:13,778 - easytorch-training - INFO - Result <val>: [val_time: 1.94 (s), val_MAE: 13.6003, val_RMSE: 23.0280, val_MAPE: 10.3616]
2026-01-27 14:58:15,635 - easytorch-training - INFO - Evaluate best model on test data for horizon 1, Test MAE: 11.6516, Test RMSE: 19.0793, Test MAPE: 7.8132
2026-01-27 14:58:15,636 - easytorch-training - INFO - Evaluate best model on test data for horizon 2, Test MAE: 12.1380, Test RMSE: 20.2163, Test MAPE: 8.0696
2026-01-27 14:58:15,637 - easytorch-training - INFO - Evaluate best model on test data for horizon 3, Test MAE: 12.5236, Test RMSE: 21.1181, Test MAPE: 8.3078
2026-01-27 14:58:15,638 - easytorch-training - INFO - Evaluate best model on test data for horizon 4, Test MAE: 12.8722, Test RMSE: 21.9519, Test MAPE: 8.4742
2026-01-27 14:58:15,639 - easytorch-training - INFO - Evaluate best model on test data for horizon 5, Test MAE: 13.1824, Test RMSE: 22.6554, Test MAPE: 8.6071
2026-01-27 14:58:15,640 - easytorch-training - INFO - Evaluate best model on test data for horizon 6, Test MAE: 13.4534, Test RMSE: 23.2658, Test MAPE: 8.8817
2026-01-27 14:58:15,641 - easytorch-training - INFO - Evaluate best model on test data for horizon 7, Test MAE: 13.7073, Test RMSE: 23.8017, Test MAPE: 8.8791
2026-01-27 14:58:15,642 - easytorch-training - INFO - Evaluate best model on test data for horizon 8, Test MAE: 13.9534, Test RMSE: 24.2813, Test MAPE: 9.1227
2026-01-27 14:58:15,644 - easytorch-training - INFO - Evaluate best model on test data for horizon 9, Test MAE: 14.1601, Test RMSE: 24.6387, Test MAPE: 9.2297
2026-01-27 14:58:15,645 - easytorch-training - INFO - Evaluate best model on test data for horizon 10, Test MAE: 14.3318, Test RMSE: 24.9378, Test MAPE: 9.3349
2026-01-27 14:58:15,646 - easytorch-training - INFO - Evaluate best model on test data for horizon 11, Test MAE: 14.5093, Test RMSE: 25.2041, Test MAPE: 9.5107
2026-01-27 14:58:15,647 - easytorch-training - INFO - Evaluate best model on test data for horizon 12, Test MAE: 14.7347, Test RMSE: 25.5288, Test MAPE: 9.6376
2026-01-27 14:58:15,651 - easytorch-training - INFO - Result <test>: [test_time: 1.87 (s), test_MAE: 13.4348, test_RMSE: 23.1430, test_MAPE: 8.8224]
2026-01-27 14:58:15,794 - easytorch-training - INFO - Checkpoint checkpoints/STMAFNet_300/7a9424dbdf56bedb1aca9acb56518206/STMAFNet_107.pt saved
2026-01-27 14:58:15,794 - easytorch-training - INFO - The estimated training finish time is 2026-01-27 17:18:21
2026-01-27 14:58:15,795 - easytorch-training - INFO - Epoch 108 / 300
2026-01-27 14:58:55,226 - easytorch-training - INFO - Result <train>: [train_time: 39.43 (s), lr: 6.25e-05, train_MAE: 12.9121, train_RMSE: 21.8533, train_MAPE: 8.6138]
2026-01-27 14:58:55,227 - easytorch-training - INFO - Start validation.
2026-01-27 14:58:57,215 - easytorch-training - INFO - Result <val>: [val_time: 1.99 (s), val_MAE: 13.6406, val_RMSE: 23.0451, val_MAPE: 10.3032]
2026-01-27 14:58:59,059 - easytorch-training - INFO - Evaluate best model on test data for horizon 1, Test MAE: 11.6697, Test RMSE: 19.1119, Test MAPE: 7.5589
2026-01-27 14:58:59,061 - easytorch-training - INFO - Evaluate best model on test data for horizon 2, Test MAE: 12.1710, Test RMSE: 20.2615, Test MAPE: 7.8777
2026-01-27 14:58:59,062 - easytorch-training - INFO - Evaluate best model on test data for horizon 3, Test MAE: 12.5717, Test RMSE: 21.1978, Test MAPE: 8.0814
2026-01-27 14:58:59,063 - easytorch-training - INFO - Evaluate best model on test data for horizon 4, Test MAE: 12.9201, Test RMSE: 22.0177, Test MAPE: 8.3266
2026-01-27 14:58:59,064 - easytorch-training - INFO - Evaluate best model on test data for horizon 5, Test MAE: 13.2099, Test RMSE: 22.6832, Test MAPE: 8.5088
2026-01-27 14:58:59,065 - easytorch-training - INFO - Evaluate best model on test data for horizon 6, Test MAE: 13.4855, Test RMSE: 23.3095, Test MAPE: 8.7115
2026-01-27 14:58:59,066 - easytorch-training - INFO - Evaluate best model on test data for horizon 7, Test MAE: 13.7568, Test RMSE: 23.8369, Test MAPE: 8.9321
2026-01-27 14:58:59,067 - easytorch-training - INFO - Evaluate best model on test data for horizon 8, Test MAE: 13.9679, Test RMSE: 24.2928, Test MAPE: 9.0411
2026-01-27 14:58:59,068 - easytorch-training - INFO - Evaluate best model on test data for horizon 9, Test MAE: 14.1761, Test RMSE: 24.6411, Test MAPE: 9.1873
2026-01-27 14:58:59,069 - easytorch-training - INFO - Evaluate best model on test data for horizon 10, Test MAE: 14.3531, Test RMSE: 24.9290, Test MAPE: 9.3057
2026-01-27 14:58:59,070 - easytorch-training - INFO - Evaluate best model on test data for horizon 11, Test MAE: 14.5494, Test RMSE: 25.2459, Test MAPE: 9.4651
2026-01-27 14:58:59,071 - easytorch-training - INFO - Evaluate best model on test data for horizon 12, Test MAE: 14.7613, Test RMSE: 25.5504, Test MAPE: 9.5896
2026-01-27 14:58:59,075 - easytorch-training - INFO - Result <test>: [test_time: 1.86 (s), test_MAE: 13.4660, test_RMSE: 23.1749, test_MAPE: 8.7155]
2026-01-27 14:58:59,221 - easytorch-training - INFO - Checkpoint checkpoints/STMAFNet_300/7a9424dbdf56bedb1aca9acb56518206/STMAFNet_108.pt saved
2026-01-27 14:58:59,222 - easytorch-training - INFO - The estimated training finish time is 2026-01-27 17:18:20
2026-01-27 14:58:59,222 - easytorch-training - INFO - Epoch 109 / 300
2026-01-27 14:59:38,830 - easytorch-training - INFO - Result <train>: [train_time: 39.61 (s), lr: 6.25e-05, train_MAE: 12.9119, train_RMSE: 21.8455, train_MAPE: 8.6036]
2026-01-27 14:59:38,831 - easytorch-training - INFO - Start validation.
2026-01-27 14:59:40,789 - easytorch-training - INFO - Result <val>: [val_time: 1.96 (s), val_MAE: 13.5868, val_RMSE: 22.9944, val_MAPE: 10.2034]
2026-01-27 14:59:42,658 - easytorch-training - INFO - Evaluate best model on test data for horizon 1, Test MAE: 11.6516, Test RMSE: 19.0920, Test MAPE: 7.5470
2026-01-27 14:59:42,660 - easytorch-training - INFO - Evaluate best model on test data for horizon 2, Test MAE: 12.1554, Test RMSE: 20.2341, Test MAPE: 7.8588
2026-01-27 14:59:42,661 - easytorch-training - INFO - Evaluate best model on test data for horizon 3, Test MAE: 12.5289, Test RMSE: 21.1587, Test MAPE: 8.0931
2026-01-27 14:59:42,662 - easytorch-training - INFO - Evaluate best model on test data for horizon 4, Test MAE: 12.8961, Test RMSE: 21.9724, Test MAPE: 8.3454
2026-01-27 14:59:42,663 - easytorch-training - INFO - Evaluate best model on test data for horizon 5, Test MAE: 13.1905, Test RMSE: 22.6790, Test MAPE: 8.5202
2026-01-27 14:59:42,664 - easytorch-training - INFO - Evaluate best model on test data for horizon 6, Test MAE: 13.4706, Test RMSE: 23.2934, Test MAPE: 8.7234
2026-01-27 14:59:42,665 - easytorch-training - INFO - Evaluate best model on test data for horizon 7, Test MAE: 13.7233, Test RMSE: 23.8253, Test MAPE: 8.8806
2026-01-27 14:59:42,666 - easytorch-training - INFO - Evaluate best model on test data for horizon 8, Test MAE: 13.9611, Test RMSE: 24.2693, Test MAPE: 9.0589
2026-01-27 14:59:42,667 - easytorch-training - INFO - Evaluate best model on test data for horizon 9, Test MAE: 14.1579, Test RMSE: 24.6293, Test MAPE: 9.1812
2026-01-27 14:59:42,668 - easytorch-training - INFO - Evaluate best model on test data for horizon 10, Test MAE: 14.3388, Test RMSE: 24.9160, Test MAPE: 9.3218
2026-01-27 14:59:42,669 - easytorch-training - INFO - Evaluate best model on test data for horizon 11, Test MAE: 14.5275, Test RMSE: 25.2045, Test MAPE: 9.4550
2026-01-27 14:59:42,670 - easytorch-training - INFO - Evaluate best model on test data for horizon 12, Test MAE: 14.7501, Test RMSE: 25.5230, Test MAPE: 9.6310
2026-01-27 14:59:42,674 - easytorch-training - INFO - Result <test>: [test_time: 1.88 (s), test_MAE: 13.4460, test_RMSE: 23.1518, test_MAPE: 8.7180]
2026-01-27 14:59:42,819 - easytorch-training - INFO - Checkpoint checkpoints/STMAFNet_300/7a9424dbdf56bedb1aca9acb56518206/STMAFNet_109.pt saved
2026-01-27 14:59:42,819 - easytorch-training - INFO - The estimated training finish time is 2026-01-27 17:18:20
2026-01-27 14:59:42,819 - easytorch-training - INFO - Epoch 110 / 300
2026-01-27 15:00:22,483 - easytorch-training - INFO - Result <train>: [train_time: 39.66 (s), lr: 6.25e-05, train_MAE: 12.9058, train_RMSE: 21.8315, train_MAPE: 8.6098]
2026-01-27 15:00:22,484 - easytorch-training - INFO - Start validation.
2026-01-27 15:00:24,438 - easytorch-training - INFO - Result <val>: [val_time: 1.95 (s), val_MAE: 13.6361, val_RMSE: 23.0325, val_MAPE: 10.2899]
2026-01-27 15:00:26,294 - easytorch-training - INFO - Evaluate best model on test data for horizon 1, Test MAE: 11.6753, Test RMSE: 19.1008, Test MAPE: 7.5585
2026-01-27 15:00:26,296 - easytorch-training - INFO - Evaluate best model on test data for horizon 2, Test MAE: 12.1477, Test RMSE: 20.2392, Test MAPE: 7.8345
2026-01-27 15:00:26,297 - easytorch-training - INFO - Evaluate best model on test data for horizon 3, Test MAE: 12.5365, Test RMSE: 21.1558, Test MAPE: 8.0779
2026-01-27 15:00:26,299 - easytorch-training - INFO - Evaluate best model on test data for horizon 4, Test MAE: 12.8948, Test RMSE: 21.9725, Test MAPE: 8.2673
2026-01-27 15:00:26,300 - easytorch-training - INFO - Evaluate best model on test data for horizon 5, Test MAE: 13.2101, Test RMSE: 22.6505, Test MAPE: 8.5387
2026-01-27 15:00:26,301 - easytorch-training - INFO - Evaluate best model on test data for horizon 6, Test MAE: 13.4669, Test RMSE: 23.2398, Test MAPE: 8.6798
2026-01-27 15:00:26,303 - easytorch-training - INFO - Evaluate best model on test data for horizon 7, Test MAE: 13.7398, Test RMSE: 23.7504, Test MAPE: 8.8233
2026-01-27 15:00:26,304 - easytorch-training - INFO - Evaluate best model on test data for horizon 8, Test MAE: 13.9524, Test RMSE: 24.1932, Test MAPE: 9.0040
2026-01-27 15:00:26,305 - easytorch-training - INFO - Evaluate best model on test data for horizon 9, Test MAE: 14.1803, Test RMSE: 24.5487, Test MAPE: 9.1369
2026-01-27 15:00:26,306 - easytorch-training - INFO - Evaluate best model on test data for horizon 10, Test MAE: 14.3286, Test RMSE: 24.8114, Test MAPE: 9.2581
2026-01-27 15:00:26,308 - easytorch-training - INFO - Evaluate best model on test data for horizon 11, Test MAE: 14.5129, Test RMSE: 25.1063, Test MAPE: 9.3562
2026-01-27 15:00:26,309 - easytorch-training - INFO - Evaluate best model on test data for horizon 12, Test MAE: 14.7248, Test RMSE: 25.3956, Test MAPE: 9.5928
2026-01-27 15:00:26,313 - easytorch-training - INFO - Result <test>: [test_time: 1.87 (s), test_MAE: 13.4475, test_RMSE: 23.0955, test_MAPE: 8.6773]
2026-01-27 15:00:26,471 - easytorch-training - INFO - Checkpoint checkpoints/STMAFNet_300/7a9424dbdf56bedb1aca9acb56518206/STMAFNet_110.pt saved
2026-01-27 15:00:26,485 - easytorch-training - INFO - The estimated training finish time is 2026-01-27 17:18:21
2026-01-27 15:00:26,485 - easytorch-training - INFO - Epoch 111 / 300
2026-01-27 15:01:05,827 - easytorch-training - INFO - Result <train>: [train_time: 39.34 (s), lr: 6.25e-05, train_MAE: 12.8939, train_RMSE: 21.8192, train_MAPE: 8.5985]
2026-01-27 15:01:05,829 - easytorch-training - INFO - Start validation.
2026-01-27 15:01:07,786 - easytorch-training - INFO - Result <val>: [val_time: 1.96 (s), val_MAE: 13.6197, val_RMSE: 23.0329, val_MAPE: 10.3365]
2026-01-27 15:01:09,612 - easytorch-training - INFO - Evaluate best model on test data for horizon 1, Test MAE: 11.6623, Test RMSE: 19.0935, Test MAPE: 7.5475
2026-01-27 15:01:09,613 - easytorch-training - INFO - Evaluate best model on test data for horizon 2, Test MAE: 12.1605, Test RMSE: 20.2434, Test MAPE: 7.9589
2026-01-27 15:01:09,614 - easytorch-training - INFO - Evaluate best model on test data for horizon 3, Test MAE: 12.5356, Test RMSE: 21.1743, Test MAPE: 8.1360
2026-01-27 15:01:09,615 - easytorch-training - INFO - Evaluate best model on test data for horizon 4, Test MAE: 12.8915, Test RMSE: 21.9958, Test MAPE: 8.3067
2026-01-27 15:01:09,616 - easytorch-training - INFO - Evaluate best model on test data for horizon 5, Test MAE: 13.1940, Test RMSE: 22.6884, Test MAPE: 8.5145
2026-01-27 15:01:09,617 - easytorch-training - INFO - Evaluate best model on test data for horizon 6, Test MAE: 13.4627, Test RMSE: 23.2667, Test MAPE: 8.7059
2026-01-27 15:01:09,618 - easytorch-training - INFO - Evaluate best model on test data for horizon 7, Test MAE: 13.7156, Test RMSE: 23.7871, Test MAPE: 8.8940
2026-01-27 15:01:09,619 - easytorch-training - INFO - Evaluate best model on test data for horizon 8, Test MAE: 13.9460, Test RMSE: 24.2206, Test MAPE: 9.2168
2026-01-27 15:01:09,620 - easytorch-training - INFO - Evaluate best model on test data for horizon 9, Test MAE: 14.1499, Test RMSE: 24.5621, Test MAPE: 9.3269
2026-01-27 15:01:09,622 - easytorch-training - INFO - Evaluate best model on test data for horizon 10, Test MAE: 14.3187, Test RMSE: 24.8396, Test MAPE: 9.4526
2026-01-27 15:01:09,623 - easytorch-training - INFO - Evaluate best model on test data for horizon 11, Test MAE: 14.5040, Test RMSE: 25.1176, Test MAPE: 9.5437
2026-01-27 15:01:09,624 - easytorch-training - INFO - Evaluate best model on test data for horizon 12, Test MAE: 14.7042, Test RMSE: 25.4491, Test MAPE: 9.6582
2026-01-27 15:01:09,628 - easytorch-training - INFO - Result <test>: [test_time: 1.84 (s), test_MAE: 13.4371, test_RMSE: 23.1192, test_MAPE: 8.7718]
2026-01-27 15:01:09,773 - easytorch-training - INFO - Checkpoint checkpoints/STMAFNet_300/7a9424dbdf56bedb1aca9acb56518206/STMAFNet_111.pt saved
2026-01-27 15:01:09,773 - easytorch-training - INFO - The estimated training finish time is 2026-01-27 17:18:20
2026-01-27 15:01:09,773 - easytorch-training - INFO - Epoch 112 / 300
2026-01-27 15:01:48,751 - easytorch-training - INFO - Result <train>: [train_time: 38.98 (s), lr: 6.25e-05, train_MAE: 12.8878, train_RMSE: 21.8025, train_MAPE: 8.5884]
2026-01-27 15:01:48,753 - easytorch-training - INFO - Start validation.
2026-01-27 15:01:50,683 - easytorch-training - INFO - Result <val>: [val_time: 1.93 (s), val_MAE: 13.5905, val_RMSE: 22.9946, val_MAPE: 10.2888]
2026-01-27 15:01:52,519 - easytorch-training - INFO - Evaluate best model on test data for horizon 1, Test MAE: 11.6353, Test RMSE: 19.0811, Test MAPE: 7.6839
2026-01-27 15:01:52,521 - easytorch-training - INFO - Evaluate best model on test data for horizon 2, Test MAE: 12.1274, Test RMSE: 20.2252, Test MAPE: 8.0152
2026-01-27 15:01:52,522 - easytorch-training - INFO - Evaluate best model on test data for horizon 3, Test MAE: 12.5131, Test RMSE: 21.1251, Test MAPE: 8.1065
2026-01-27 15:01:52,523 - easytorch-training - INFO - Evaluate best model on test data for horizon 4, Test MAE: 12.8577, Test RMSE: 21.9254, Test MAPE: 8.2882
2026-01-27 15:01:52,524 - easytorch-training - INFO - Evaluate best model on test data for horizon 5, Test MAE: 13.1551, Test RMSE: 22.6021, Test MAPE: 8.5264
2026-01-27 15:01:52,525 - easytorch-training - INFO - Evaluate best model on test data for horizon 6, Test MAE: 13.4383, Test RMSE: 23.1866, Test MAPE: 8.6766
2026-01-27 15:01:52,526 - easytorch-training - INFO - Evaluate best model on test data for horizon 7, Test MAE: 13.6856, Test RMSE: 23.6992, Test MAPE: 8.9317
2026-01-27 15:01:52,527 - easytorch-training - INFO - Evaluate best model on test data for horizon 8, Test MAE: 13.9133, Test RMSE: 24.1454, Test MAPE: 9.0333
2026-01-27 15:01:52,528 - easytorch-training - INFO - Evaluate best model on test data for horizon 9, Test MAE: 14.1429, Test RMSE: 24.5086, Test MAPE: 9.2397
2026-01-27 15:01:52,529 - easytorch-training - INFO - Evaluate best model on test data for horizon 10, Test MAE: 14.2856, Test RMSE: 24.7983, Test MAPE: 9.2306
2026-01-27 15:01:52,530 - easytorch-training - INFO - Evaluate best model on test data for horizon 11, Test MAE: 14.4843, Test RMSE: 25.0783, Test MAPE: 9.4051
2026-01-27 15:01:52,531 - easytorch-training - INFO - Evaluate best model on test data for horizon 12, Test MAE: 14.6932, Test RMSE: 25.3983, Test MAPE: 9.5123
2026-01-27 15:01:52,535 - easytorch-training - INFO - Result <test>: [test_time: 1.85 (s), test_MAE: 13.4110, test_RMSE: 23.0631, test_MAPE: 8.7208]
2026-01-27 15:01:52,678 - easytorch-training - INFO - Checkpoint checkpoints/STMAFNet_300/7a9424dbdf56bedb1aca9acb56518206/STMAFNet_112.pt saved
2026-01-27 15:01:52,679 - easytorch-training - INFO - The estimated training finish time is 2026-01-27 17:18:18
2026-01-27 15:01:52,679 - easytorch-training - INFO - Epoch 113 / 300
2026-01-27 15:02:32,370 - easytorch-training - INFO - Result <train>: [train_time: 39.69 (s), lr: 6.25e-05, train_MAE: 12.8831, train_RMSE: 21.7828, train_MAPE: 8.5947]
2026-01-27 15:02:32,371 - easytorch-training - INFO - Start validation.
2026-01-27 15:02:34,283 - easytorch-training - INFO - Result <val>: [val_time: 1.91 (s), val_MAE: 13.6035, val_RMSE: 23.0390, val_MAPE: 10.4381]
2026-01-27 15:02:36,136 - easytorch-training - INFO - Evaluate best model on test data for horizon 1, Test MAE: 11.6588, Test RMSE: 19.1293, Test MAPE: 7.5829
2026-01-27 15:02:36,137 - easytorch-training - INFO - Evaluate best model on test data for horizon 2, Test MAE: 12.1441, Test RMSE: 20.2860, Test MAPE: 7.8906
2026-01-27 15:02:36,138 - easytorch-training - INFO - Evaluate best model on test data for horizon 3, Test MAE: 12.5431, Test RMSE: 21.2163, Test MAPE: 8.1388
2026-01-27 15:02:36,139 - easytorch-training - INFO - Evaluate best model on test data for horizon 4, Test MAE: 12.9050, Test RMSE: 22.0285, Test MAPE: 8.3861
2026-01-27 15:02:36,140 - easytorch-training - INFO - Evaluate best model on test data for horizon 5, Test MAE: 13.1976, Test RMSE: 22.7257, Test MAPE: 8.5713
2026-01-27 15:02:36,142 - easytorch-training - INFO - Evaluate best model on test data for horizon 6, Test MAE: 13.4583, Test RMSE: 23.3078, Test MAPE: 8.7796
2026-01-27 15:02:36,143 - easytorch-training - INFO - Evaluate best model on test data for horizon 7, Test MAE: 13.7068, Test RMSE: 23.8357, Test MAPE: 8.8768
2026-01-27 15:02:36,144 - easytorch-training - INFO - Evaluate best model on test data for horizon 8, Test MAE: 13.9420, Test RMSE: 24.2566, Test MAPE: 9.0906
2026-01-27 15:02:36,145 - easytorch-training - INFO - Evaluate best model on test data for horizon 9, Test MAE: 14.1625, Test RMSE: 24.6292, Test MAPE: 9.3833
2026-01-27 15:02:36,146 - easytorch-training - INFO - Evaluate best model on test data for horizon 10, Test MAE: 14.3317, Test RMSE: 24.9004, Test MAPE: 9.3812
2026-01-27 15:02:36,147 - easytorch-training - INFO - Evaluate best model on test data for horizon 11, Test MAE: 14.5415, Test RMSE: 25.2461, Test MAPE: 9.4779
2026-01-27 15:02:36,148 - easytorch-training - INFO - Evaluate best model on test data for horizon 12, Test MAE: 14.7506, Test RMSE: 25.5401, Test MAPE: 9.6353
2026-01-27 15:02:36,152 - easytorch-training - INFO - Result <test>: [test_time: 1.87 (s), test_MAE: 13.4452, test_RMSE: 23.1757, test_MAPE: 8.7662]
2026-01-27 15:02:36,296 - easytorch-training - INFO - Checkpoint checkpoints/STMAFNet_300/7a9424dbdf56bedb1aca9acb56518206/STMAFNet_113.pt saved
2026-01-27 15:02:36,297 - easytorch-training - INFO - The estimated training finish time is 2026-01-27 17:18:18
2026-01-27 15:02:36,297 - easytorch-training - INFO - Epoch 114 / 300
2026-01-27 15:03:15,405 - easytorch-training - INFO - Result <train>: [train_time: 39.11 (s), lr: 6.25e-05, train_MAE: 12.8771, train_RMSE: 21.7938, train_MAPE: 8.5892]
2026-01-27 15:03:15,407 - easytorch-training - INFO - Start validation.
2026-01-27 15:03:17,383 - easytorch-training - INFO - Result <val>: [val_time: 1.98 (s), val_MAE: 13.6298, val_RMSE: 23.0287, val_MAPE: 10.5080]
2026-01-27 15:03:19,203 - easytorch-training - INFO - Evaluate best model on test data for horizon 1, Test MAE: 11.7092, Test RMSE: 19.1226, Test MAPE: 7.5739
2026-01-27 15:03:19,205 - easytorch-training - INFO - Evaluate best model on test data for horizon 2, Test MAE: 12.1672, Test RMSE: 20.2658, Test MAPE: 7.9537
2026-01-27 15:03:19,206 - easytorch-training - INFO - Evaluate best model on test data for horizon 3, Test MAE: 12.5711, Test RMSE: 21.2170, Test MAPE: 8.1325
2026-01-27 15:03:19,207 - easytorch-training - INFO - Evaluate best model on test data for horizon 4, Test MAE: 12.9198, Test RMSE: 22.0512, Test MAPE: 8.3758
2026-01-27 15:03:19,208 - easytorch-training - INFO - Evaluate best model on test data for horizon 5, Test MAE: 13.2146, Test RMSE: 22.7306, Test MAPE: 8.5668
2026-01-27 15:03:19,209 - easytorch-training - INFO - Evaluate best model on test data for horizon 6, Test MAE: 13.4904, Test RMSE: 23.3003, Test MAPE: 8.7236
2026-01-27 15:03:19,210 - easytorch-training - INFO - Evaluate best model on test data for horizon 7, Test MAE: 13.7102, Test RMSE: 23.8126, Test MAPE: 8.8689
2026-01-27 15:03:19,211 - easytorch-training - INFO - Evaluate best model on test data for horizon 8, Test MAE: 13.9471, Test RMSE: 24.2429, Test MAPE: 9.0184
2026-01-27 15:03:19,212 - easytorch-training - INFO - Evaluate best model on test data for horizon 9, Test MAE: 14.1451, Test RMSE: 24.6119, Test MAPE: 9.2036
2026-01-27 15:03:19,213 - easytorch-training - INFO - Evaluate best model on test data for horizon 10, Test MAE: 14.3103, Test RMSE: 24.8883, Test MAPE: 9.2753
2026-01-27 15:03:19,214 - easytorch-training - INFO - Evaluate best model on test data for horizon 11, Test MAE: 14.4947, Test RMSE: 25.1420, Test MAPE: 9.4067
2026-01-27 15:03:19,215 - easytorch-training - INFO - Evaluate best model on test data for horizon 12, Test MAE: 14.7006, Test RMSE: 25.4413, Test MAPE: 9.5755
2026-01-27 15:03:19,219 - easytorch-training - INFO - Result <test>: [test_time: 1.83 (s), test_MAE: 13.4484, test_RMSE: 23.1511, test_MAPE: 8.7229]
2026-01-27 15:03:19,364 - easytorch-training - INFO - Checkpoint checkpoints/STMAFNet_300/7a9424dbdf56bedb1aca9acb56518206/STMAFNet_114.pt saved
2026-01-27 15:03:19,365 - easytorch-training - INFO - The estimated training finish time is 2026-01-27 17:18:17
2026-01-27 15:03:19,365 - easytorch-training - INFO - Epoch 115 / 300
2026-01-27 15:03:59,062 - easytorch-training - INFO - Result <train>: [train_time: 39.70 (s), lr: 6.25e-05, train_MAE: 12.8739, train_RMSE: 21.7859, train_MAPE: 8.5898]
2026-01-27 15:03:59,064 - easytorch-training - INFO - Start validation.
2026-01-27 15:04:01,068 - easytorch-training - INFO - Result <val>: [val_time: 2.00 (s), val_MAE: 13.5746, val_RMSE: 22.9606, val_MAPE: 10.2538]
2026-01-27 15:04:01,387 - easytorch-training - INFO - Checkpoint checkpoints/STMAFNet_300/7a9424dbdf56bedb1aca9acb56518206/STMAFNet_best_val_MAE.pt saved
2026-01-27 15:04:03,218 - easytorch-training - INFO - Evaluate best model on test data for horizon 1, Test MAE: 11.6351, Test RMSE: 19.0919, Test MAPE: 7.7101
2026-01-27 15:04:03,219 - easytorch-training - INFO - Evaluate best model on test data for horizon 2, Test MAE: 12.1249, Test RMSE: 20.2406, Test MAPE: 7.9268
2026-01-27 15:04:03,220 - easytorch-training - INFO - Evaluate best model on test data for horizon 3, Test MAE: 12.5189, Test RMSE: 21.1522, Test MAPE: 8.2832
2026-01-27 15:04:03,221 - easytorch-training - INFO - Evaluate best model on test data for horizon 4, Test MAE: 12.8734, Test RMSE: 21.9764, Test MAPE: 8.5448
2026-01-27 15:04:03,222 - easytorch-training - INFO - Evaluate best model on test data for horizon 5, Test MAE: 13.1777, Test RMSE: 22.6874, Test MAPE: 8.6411
2026-01-27 15:04:03,223 - easytorch-training - INFO - Evaluate best model on test data for horizon 6, Test MAE: 13.4470, Test RMSE: 23.2807, Test MAPE: 8.6949
2026-01-27 15:04:03,224 - easytorch-training - INFO - Evaluate best model on test data for horizon 7, Test MAE: 13.7015, Test RMSE: 23.7938, Test MAPE: 8.9497
2026-01-27 15:04:03,226 - easytorch-training - INFO - Evaluate best model on test data for horizon 8, Test MAE: 13.9388, Test RMSE: 24.2410, Test MAPE: 9.0496
2026-01-27 15:04:03,227 - easytorch-training - INFO - Evaluate best model on test data for horizon 9, Test MAE: 14.1513, Test RMSE: 24.6044, Test MAPE: 9.1890
2026-01-27 15:04:03,228 - easytorch-training - INFO - Evaluate best model on test data for horizon 10, Test MAE: 14.3168, Test RMSE: 24.8870, Test MAPE: 9.2899
2026-01-27 15:04:03,229 - easytorch-training - INFO - Evaluate best model on test data for horizon 11, Test MAE: 14.4909, Test RMSE: 25.1705, Test MAPE: 9.4236
2026-01-27 15:04:03,230 - easytorch-training - INFO - Evaluate best model on test data for horizon 12, Test MAE: 14.7235, Test RMSE: 25.4996, Test MAPE: 9.5606
2026-01-27 15:04:03,234 - easytorch-training - INFO - Result <test>: [test_time: 1.85 (s), test_MAE: 13.4250, test_RMSE: 23.1365, test_MAPE: 8.7719]
2026-01-27 15:04:03,377 - easytorch-training - INFO - Checkpoint checkpoints/STMAFNet_300/7a9424dbdf56bedb1aca9acb56518206/STMAFNet_115.pt saved
2026-01-27 15:04:03,377 - easytorch-training - INFO - The estimated training finish time is 2026-01-27 17:18:18
2026-01-27 15:04:03,377 - easytorch-training - INFO - Epoch 116 / 300
2026-01-27 15:04:43,232 - easytorch-training - INFO - Result <train>: [train_time: 39.85 (s), lr: 6.25e-05, train_MAE: 12.8722, train_RMSE: 21.7787, train_MAPE: 8.5910]
2026-01-27 15:04:43,234 - easytorch-training - INFO - Start validation.
2026-01-27 15:04:45,362 - easytorch-training - INFO - Result <val>: [val_time: 2.13 (s), val_MAE: 13.5850, val_RMSE: 23.0494, val_MAPE: 10.4303]
2026-01-27 15:04:47,190 - easytorch-training - INFO - Evaluate best model on test data for horizon 1, Test MAE: 11.6327, Test RMSE: 19.0993, Test MAPE: 7.5962
2026-01-27 15:04:47,191 - easytorch-training - INFO - Evaluate best model on test data for horizon 2, Test MAE: 12.1305, Test RMSE: 20.2560, Test MAPE: 7.9235
2026-01-27 15:04:47,192 - easytorch-training - INFO - Evaluate best model on test data for horizon 3, Test MAE: 12.5149, Test RMSE: 21.1726, Test MAPE: 8.1382
2026-01-27 15:04:47,193 - easytorch-training - INFO - Evaluate best model on test data for horizon 4, Test MAE: 12.8726, Test RMSE: 21.9959, Test MAPE: 8.3848
2026-01-27 15:04:47,194 - easytorch-training - INFO - Evaluate best model on test data for horizon 5, Test MAE: 13.1682, Test RMSE: 22.6951, Test MAPE: 8.5971
2026-01-27 15:04:47,196 - easytorch-training - INFO - Evaluate best model on test data for horizon 6, Test MAE: 13.4329, Test RMSE: 23.2827, Test MAPE: 8.7249
2026-01-27 15:04:47,197 - easytorch-training - INFO - Evaluate best model on test data for horizon 7, Test MAE: 13.6781, Test RMSE: 23.8108, Test MAPE: 8.8795
2026-01-27 15:04:47,198 - easytorch-training - INFO - Evaluate best model on test data for horizon 8, Test MAE: 13.9262, Test RMSE: 24.2641, Test MAPE: 9.0362
2026-01-27 15:04:47,199 - easytorch-training - INFO - Evaluate best model on test data for horizon 9, Test MAE: 14.1273, Test RMSE: 24.6138, Test MAPE: 9.1911
2026-01-27 15:04:47,200 - easytorch-training - INFO - Evaluate best model on test data for horizon 10, Test MAE: 14.3056, Test RMSE: 24.9179, Test MAPE: 9.3139
2026-01-27 15:04:47,201 - easytorch-training - INFO - Evaluate best model on test data for horizon 11, Test MAE: 14.4877, Test RMSE: 25.2388, Test MAPE: 9.4518
2026-01-27 15:04:47,202 - easytorch-training - INFO - Evaluate best model on test data for horizon 12, Test MAE: 14.7091, Test RMSE: 25.5648, Test MAPE: 9.6217
2026-01-27 15:04:47,206 - easytorch-training - INFO - Result <test>: [test_time: 1.84 (s), test_MAE: 13.4155, test_RMSE: 23.1613, test_MAPE: 8.7382]
2026-01-27 15:04:47,361 - easytorch-training - INFO - Checkpoint checkpoints/STMAFNet_300/7a9424dbdf56bedb1aca9acb56518206/STMAFNet_116.pt saved
2026-01-27 15:04:47,362 - easytorch-training - INFO - The estimated training finish time is 2026-01-27 17:18:20
2026-01-27 15:04:47,362 - easytorch-training - INFO - Epoch 117 / 300
2026-01-27 15:05:26,607 - easytorch-training - INFO - Result <train>: [train_time: 39.24 (s), lr: 6.25e-05, train_MAE: 12.8662, train_RMSE: 21.7712, train_MAPE: 8.5802]
2026-01-27 15:05:26,608 - easytorch-training - INFO - Start validation.
2026-01-27 15:05:28,578 - easytorch-training - INFO - Result <val>: [val_time: 1.97 (s), val_MAE: 13.6173, val_RMSE: 23.0622, val_MAPE: 10.5989]
2026-01-27 15:05:30,433 - easytorch-training - INFO - Evaluate best model on test data for horizon 1, Test MAE: 11.6352, Test RMSE: 19.0850, Test MAPE: 7.5379
2026-01-27 15:05:30,435 - easytorch-training - INFO - Evaluate best model on test data for horizon 2, Test MAE: 12.1364, Test RMSE: 20.2594, Test MAPE: 7.8493
2026-01-27 15:05:30,436 - easytorch-training - INFO - Evaluate best model on test data for horizon 3, Test MAE: 12.5249, Test RMSE: 21.1832, Test MAPE: 8.0572
2026-01-27 15:05:30,437 - easytorch-training - INFO - Evaluate best model on test data for horizon 4, Test MAE: 12.9035, Test RMSE: 21.9852, Test MAPE: 8.3005
2026-01-27 15:05:30,439 - easytorch-training - INFO - Evaluate best model on test data for horizon 5, Test MAE: 13.1793, Test RMSE: 22.6644, Test MAPE: 8.4873
2026-01-27 15:05:30,440 - easytorch-training - INFO - Evaluate best model on test data for horizon 6, Test MAE: 13.4511, Test RMSE: 23.2554, Test MAPE: 8.6932
2026-01-27 15:05:30,441 - easytorch-training - INFO - Evaluate best model on test data for horizon 7, Test MAE: 13.6942, Test RMSE: 23.7701, Test MAPE: 8.8537
2026-01-27 15:05:30,443 - easytorch-training - INFO - Evaluate best model on test data for horizon 8, Test MAE: 13.9191, Test RMSE: 24.1996, Test MAPE: 8.9718
2026-01-27 15:05:30,444 - easytorch-training - INFO - Evaluate best model on test data for horizon 9, Test MAE: 14.1434, Test RMSE: 24.5610, Test MAPE: 9.1224
2026-01-27 15:05:30,445 - easytorch-training - INFO - Evaluate best model on test data for horizon 10, Test MAE: 14.2995, Test RMSE: 24.8611, Test MAPE: 9.2410
2026-01-27 15:05:30,447 - easytorch-training - INFO - Evaluate best model on test data for horizon 11, Test MAE: 14.4926, Test RMSE: 25.1625, Test MAPE: 9.3863
2026-01-27 15:05:30,448 - easytorch-training - INFO - Evaluate best model on test data for horizon 12, Test MAE: 14.7098, Test RMSE: 25.4871, Test MAPE: 9.5533
2026-01-27 15:05:30,452 - easytorch-training - INFO - Result <test>: [test_time: 1.87 (s), test_MAE: 13.4241, test_RMSE: 23.1228, test_MAPE: 8.6711]
2026-01-27 15:05:30,626 - easytorch-training - INFO - Checkpoint checkpoints/STMAFNet_300/7a9424dbdf56bedb1aca9acb56518206/STMAFNet_117.pt saved
2026-01-27 15:05:30,626 - easytorch-training - INFO - The estimated training finish time is 2026-01-27 17:18:19
2026-01-27 15:05:30,626 - easytorch-training - INFO - Epoch 118 / 300
2026-01-27 15:06:09,750 - easytorch-training - INFO - Result <train>: [train_time: 39.12 (s), lr: 6.25e-05, train_MAE: 12.8636, train_RMSE: 21.7578, train_MAPE: 8.5780]
2026-01-27 15:06:09,751 - easytorch-training - INFO - Start validation.
2026-01-27 15:06:11,701 - easytorch-training - INFO - Result <val>: [val_time: 1.95 (s), val_MAE: 13.6247, val_RMSE: 23.0215, val_MAPE: 10.3410]
2026-01-27 15:06:13,511 - easytorch-training - INFO - Evaluate best model on test data for horizon 1, Test MAE: 11.6738, Test RMSE: 19.1138, Test MAPE: 7.5755
2026-01-27 15:06:13,512 - easytorch-training - INFO - Evaluate best model on test data for horizon 2, Test MAE: 12.1692, Test RMSE: 20.2689, Test MAPE: 7.8591
2026-01-27 15:06:13,513 - easytorch-training - INFO - Evaluate best model on test data for horizon 3, Test MAE: 12.5581, Test RMSE: 21.1914, Test MAPE: 8.0747
2026-01-27 15:06:13,515 - easytorch-training - INFO - Evaluate best model on test data for horizon 4, Test MAE: 12.9412, Test RMSE: 22.0259, Test MAPE: 8.3159
2026-01-27 15:06:13,516 - easytorch-training - INFO - Evaluate best model on test data for horizon 5, Test MAE: 13.2281, Test RMSE: 22.7269, Test MAPE: 8.5103
2026-01-27 15:06:13,517 - easytorch-training - INFO - Evaluate best model on test data for horizon 6, Test MAE: 13.4908, Test RMSE: 23.3083, Test MAPE: 8.7101
2026-01-27 15:06:13,519 - easytorch-training - INFO - Evaluate best model on test data for horizon 7, Test MAE: 13.7321, Test RMSE: 23.8502, Test MAPE: 8.8671
2026-01-27 15:06:13,520 - easytorch-training - INFO - Evaluate best model on test data for horizon 8, Test MAE: 13.9619, Test RMSE: 24.2872, Test MAPE: 9.0131
2026-01-27 15:06:13,521 - easytorch-training - INFO - Evaluate best model on test data for horizon 9, Test MAE: 14.1730, Test RMSE: 24.6419, Test MAPE: 9.1365
2026-01-27 15:06:13,523 - easytorch-training - INFO - Evaluate best model on test data for horizon 10, Test MAE: 14.3577, Test RMSE: 24.9415, Test MAPE: 9.2777
2026-01-27 15:06:13,524 - easytorch-training - INFO - Evaluate best model on test data for horizon 11, Test MAE: 14.5535, Test RMSE: 25.2527, Test MAPE: 9.4196
2026-01-27 15:06:13,525 - easytorch-training - INFO - Evaluate best model on test data for horizon 12, Test MAE: 14.7550, Test RMSE: 25.5572, Test MAPE: 9.5542
2026-01-27 15:06:13,529 - easytorch-training - INFO - Result <test>: [test_time: 1.83 (s), test_MAE: 13.4662, test_RMSE: 23.1823, test_MAPE: 8.6928]
2026-01-27 15:06:13,682 - easytorch-training - INFO - Checkpoint checkpoints/STMAFNet_300/7a9424dbdf56bedb1aca9acb56518206/STMAFNet_118.pt saved
2026-01-27 15:06:13,683 - easytorch-training - INFO - The estimated training finish time is 2026-01-27 17:18:18
2026-01-27 15:06:13,683 - easytorch-training - INFO - Epoch 119 / 300
2026-01-27 15:06:53,400 - easytorch-training - INFO - Result <train>: [train_time: 39.72 (s), lr: 6.25e-05, train_MAE: 12.8586, train_RMSE: 21.7559, train_MAPE: 8.5742]
2026-01-27 15:06:53,401 - easytorch-training - INFO - Start validation.
2026-01-27 15:06:55,368 - easytorch-training - INFO - Result <val>: [val_time: 1.97 (s), val_MAE: 13.5901, val_RMSE: 22.9958, val_MAPE: 10.3837]
2026-01-27 15:06:57,212 - easytorch-training - INFO - Evaluate best model on test data for horizon 1, Test MAE: 11.6668, Test RMSE: 19.1050, Test MAPE: 7.6504
2026-01-27 15:06:57,214 - easytorch-training - INFO - Evaluate best model on test data for horizon 2, Test MAE: 12.1362, Test RMSE: 20.2522, Test MAPE: 7.9175
2026-01-27 15:06:57,215 - easytorch-training - INFO - Evaluate best model on test data for horizon 3, Test MAE: 12.5490, Test RMSE: 21.1717, Test MAPE: 8.2464
2026-01-27 15:06:57,216 - easytorch-training - INFO - Evaluate best model on test data for horizon 4, Test MAE: 12.8857, Test RMSE: 21.9803, Test MAPE: 8.2796
2026-01-27 15:06:57,217 - easytorch-training - INFO - Evaluate best model on test data for horizon 5, Test MAE: 13.1913, Test RMSE: 22.6683, Test MAPE: 8.5132
2026-01-27 15:06:57,218 - easytorch-training - INFO - Evaluate best model on test data for horizon 6, Test MAE: 13.4439, Test RMSE: 23.2416, Test MAPE: 8.6505
2026-01-27 15:06:57,219 - easytorch-training - INFO - Evaluate best model on test data for horizon 7, Test MAE: 13.7055, Test RMSE: 23.7518, Test MAPE: 8.8066
2026-01-27 15:06:57,221 - easytorch-training - INFO - Evaluate best model on test data for horizon 8, Test MAE: 13.9298, Test RMSE: 24.1908, Test MAPE: 9.0255
2026-01-27 15:06:57,222 - easytorch-training - INFO - Evaluate best model on test data for horizon 9, Test MAE: 14.1332, Test RMSE: 24.5741, Test MAPE: 9.1527
2026-01-27 15:06:57,223 - easytorch-training - INFO - Evaluate best model on test data for horizon 10, Test MAE: 14.3116, Test RMSE: 24.8754, Test MAPE: 9.2710
2026-01-27 15:06:57,224 - easytorch-training - INFO - Evaluate best model on test data for horizon 11, Test MAE: 14.5009, Test RMSE: 25.1966, Test MAPE: 9.3861
2026-01-27 15:06:57,225 - easytorch-training - INFO - Evaluate best model on test data for horizon 12, Test MAE: 14.7064, Test RMSE: 25.4722, Test MAPE: 9.5086
2026-01-27 15:06:57,229 - easytorch-training - INFO - Result <test>: [test_time: 1.86 (s), test_MAE: 13.4300, test_RMSE: 23.1233, test_MAPE: 8.7007]
2026-01-27 15:06:57,380 - easytorch-training - INFO - Checkpoint checkpoints/STMAFNet_300/7a9424dbdf56bedb1aca9acb56518206/STMAFNet_119.pt saved
2026-01-27 15:06:57,380 - easytorch-training - INFO - The estimated training finish time is 2026-01-27 17:18:18
2026-01-27 15:06:57,380 - easytorch-training - INFO - Epoch 120 / 300
2026-01-27 15:07:37,301 - easytorch-training - INFO - Result <train>: [train_time: 39.92 (s), lr: 6.25e-05, train_MAE: 12.8504, train_RMSE: 21.7439, train_MAPE: 8.5775]
2026-01-27 15:07:37,301 - easytorch-training - INFO - Start validation.
2026-01-27 15:07:39,383 - easytorch-training - INFO - Result <val>: [val_time: 2.08 (s), val_MAE: 13.6007, val_RMSE: 23.0445, val_MAPE: 10.4751]
2026-01-27 15:07:41,239 - easytorch-training - INFO - Evaluate best model on test data for horizon 1, Test MAE: 11.6450, Test RMSE: 19.1033, Test MAPE: 7.6328
2026-01-27 15:07:41,241 - easytorch-training - INFO - Evaluate best model on test data for horizon 2, Test MAE: 12.1370, Test RMSE: 20.2676, Test MAPE: 7.9262
2026-01-27 15:07:41,242 - easytorch-training - INFO - Evaluate best model on test data for horizon 3, Test MAE: 12.5396, Test RMSE: 21.2166, Test MAPE: 8.1568
2026-01-27 15:07:41,243 - easytorch-training - INFO - Evaluate best model on test data for horizon 4, Test MAE: 12.8936, Test RMSE: 22.0522, Test MAPE: 8.4098
2026-01-27 15:07:41,244 - easytorch-training - INFO - Evaluate best model on test data for horizon 5, Test MAE: 13.2016, Test RMSE: 22.7626, Test MAPE: 8.5695
2026-01-27 15:07:41,245 - easytorch-training - INFO - Evaluate best model on test data for horizon 6, Test MAE: 13.4606, Test RMSE: 23.3571, Test MAPE: 8.6961
2026-01-27 15:07:41,246 - easytorch-training - INFO - Evaluate best model on test data for horizon 7, Test MAE: 13.7149, Test RMSE: 23.8870, Test MAPE: 8.8868
2026-01-27 15:07:41,247 - easytorch-training - INFO - Evaluate best model on test data for horizon 8, Test MAE: 13.9452, Test RMSE: 24.3198, Test MAPE: 9.0164
2026-01-27 15:07:41,248 - easytorch-training - INFO - Evaluate best model on test data for horizon 9, Test MAE: 14.1604, Test RMSE: 24.6845, Test MAPE: 9.2076
2026-01-27 15:07:41,249 - easytorch-training - INFO - Evaluate best model on test data for horizon 10, Test MAE: 14.3205, Test RMSE: 24.9610, Test MAPE: 9.3704
2026-01-27 15:07:41,250 - easytorch-training - INFO - Evaluate best model on test data for horizon 11, Test MAE: 14.4979, Test RMSE: 25.2473, Test MAPE: 9.4315
2026-01-27 15:07:41,252 - easytorch-training - INFO - Evaluate best model on test data for horizon 12, Test MAE: 14.7192, Test RMSE: 25.5647, Test MAPE: 9.6084
2026-01-27 15:07:41,255 - easytorch-training - INFO - Result <test>: [test_time: 1.87 (s), test_MAE: 13.4363, test_RMSE: 23.2042, test_MAPE: 8.7427]
2026-01-27 15:07:41,409 - easytorch-training - INFO - Checkpoint checkpoints/STMAFNet_300/7a9424dbdf56bedb1aca9acb56518206/STMAFNet_120.pt saved
2026-01-27 15:07:41,422 - easytorch-training - INFO - The estimated training finish time is 2026-01-27 17:18:19
2026-01-27 15:07:41,423 - easytorch-training - INFO - Epoch 121 / 300
2026-01-27 15:08:21,078 - easytorch-training - INFO - Result <train>: [train_time: 39.65 (s), lr: 6.25e-05, train_MAE: 12.8462, train_RMSE: 21.7373, train_MAPE: 8.5639]
2026-01-27 15:08:21,080 - easytorch-training - INFO - Start validation.
2026-01-27 15:08:23,053 - easytorch-training - INFO - Result <val>: [val_time: 1.97 (s), val_MAE: 13.6012, val_RMSE: 23.0466, val_MAPE: 10.4275]
2026-01-27 15:08:24,919 - easytorch-training - INFO - Evaluate best model on test data for horizon 1, Test MAE: 11.6501, Test RMSE: 19.1145, Test MAPE: 7.8757
2026-01-27 15:08:24,920 - easytorch-training - INFO - Evaluate best model on test data for horizon 2, Test MAE: 12.1418, Test RMSE: 20.2787, Test MAPE: 8.0721
2026-01-27 15:08:24,922 - easytorch-training - INFO - Evaluate best model on test data for horizon 3, Test MAE: 12.5469, Test RMSE: 21.2435, Test MAPE: 8.3185
2026-01-27 15:08:24,923 - easytorch-training - INFO - Evaluate best model on test data for horizon 4, Test MAE: 12.8984, Test RMSE: 22.0883, Test MAPE: 8.4828
2026-01-27 15:08:24,924 - easytorch-training - INFO - Evaluate best model on test data for horizon 5, Test MAE: 13.2059, Test RMSE: 22.8025, Test MAPE: 8.5562
2026-01-27 15:08:24,925 - easytorch-training - INFO - Evaluate best model on test data for horizon 6, Test MAE: 13.4773, Test RMSE: 23.3701, Test MAPE: 8.8903
2026-01-27 15:08:24,926 - easytorch-training - INFO - Evaluate best model on test data for horizon 7, Test MAE: 13.7297, Test RMSE: 23.8958, Test MAPE: 8.9304
2026-01-27 15:08:24,927 - easytorch-training - INFO - Evaluate best model on test data for horizon 8, Test MAE: 13.9602, Test RMSE: 24.2973, Test MAPE: 9.1825
2026-01-27 15:08:24,928 - easytorch-training - INFO - Evaluate best model on test data for horizon 9, Test MAE: 14.1589, Test RMSE: 24.6681, Test MAPE: 9.2629
2026-01-27 15:08:24,929 - easytorch-training - INFO - Evaluate best model on test data for horizon 10, Test MAE: 14.3428, Test RMSE: 24.9670, Test MAPE: 9.3702
2026-01-27 15:08:24,930 - easytorch-training - INFO - Evaluate best model on test data for horizon 11, Test MAE: 14.5216, Test RMSE: 25.2653, Test MAPE: 9.4800
2026-01-27 15:08:24,931 - easytorch-training - INFO - Evaluate best model on test data for horizon 12, Test MAE: 14.7484, Test RMSE: 25.6184, Test MAPE: 9.6244
2026-01-27 15:08:24,935 - easytorch-training - INFO - Result <test>: [test_time: 1.88 (s), test_MAE: 13.4485, test_RMSE: 23.2195, test_MAPE: 8.8372]
2026-01-27 15:08:25,079 - easytorch-training - INFO - Checkpoint checkpoints/STMAFNet_300/7a9424dbdf56bedb1aca9acb56518206/STMAFNet_121.pt saved
2026-01-27 15:08:25,079 - easytorch-training - INFO - The estimated training finish time is 2026-01-27 17:18:19
2026-01-27 15:08:25,079 - easytorch-training - INFO - Epoch 122 / 300
2026-01-27 15:09:04,527 - easytorch-training - INFO - Result <train>: [train_time: 39.45 (s), lr: 6.25e-05, train_MAE: 12.8433, train_RMSE: 21.7353, train_MAPE: 8.5622]
2026-01-27 15:09:04,528 - easytorch-training - INFO - Start validation.
2026-01-27 15:09:06,604 - easytorch-training - INFO - Result <val>: [val_time: 2.08 (s), val_MAE: 13.6395, val_RMSE: 23.0396, val_MAPE: 10.3670]
2026-01-27 15:09:08,500 - easytorch-training - INFO - Evaluate best model on test data for horizon 1, Test MAE: 11.7121, Test RMSE: 19.1215, Test MAPE: 7.5735
2026-01-27 15:09:08,501 - easytorch-training - INFO - Evaluate best model on test data for horizon 2, Test MAE: 12.1915, Test RMSE: 20.2972, Test MAPE: 7.8833
2026-01-27 15:09:08,502 - easytorch-training - INFO - Evaluate best model on test data for horizon 3, Test MAE: 12.5554, Test RMSE: 21.2497, Test MAPE: 8.1074
2026-01-27 15:09:08,503 - easytorch-training - INFO - Evaluate best model on test data for horizon 4, Test MAE: 12.9235, Test RMSE: 22.0697, Test MAPE: 8.4036
2026-01-27 15:09:08,504 - easytorch-training - INFO - Evaluate best model on test data for horizon 5, Test MAE: 13.2166, Test RMSE: 22.7431, Test MAPE: 8.5031
2026-01-27 15:09:08,505 - easytorch-training - INFO - Evaluate best model on test data for horizon 6, Test MAE: 13.4799, Test RMSE: 23.3099, Test MAPE: 8.7083
2026-01-27 15:09:08,506 - easytorch-training - INFO - Evaluate best model on test data for horizon 7, Test MAE: 13.7143, Test RMSE: 23.7887, Test MAPE: 8.8310
2026-01-27 15:09:08,507 - easytorch-training - INFO - Evaluate best model on test data for horizon 8, Test MAE: 13.9406, Test RMSE: 24.2140, Test MAPE: 9.0063
2026-01-27 15:09:08,509 - easytorch-training - INFO - Evaluate best model on test data for horizon 9, Test MAE: 14.1587, Test RMSE: 24.5658, Test MAPE: 9.1555
2026-01-27 15:09:08,510 - easytorch-training - INFO - Evaluate best model on test data for horizon 10, Test MAE: 14.3364, Test RMSE: 24.8627, Test MAPE: 9.2754
2026-01-27 15:09:08,511 - easytorch-training - INFO - Evaluate best model on test data for horizon 11, Test MAE: 14.5235, Test RMSE: 25.1417, Test MAPE: 9.4304
2026-01-27 15:09:08,512 - easytorch-training - INFO - Evaluate best model on test data for horizon 12, Test MAE: 14.7350, Test RMSE: 25.4797, Test MAPE: 9.5677
2026-01-27 15:09:08,516 - easytorch-training - INFO - Result <test>: [test_time: 1.91 (s), test_MAE: 13.4573, test_RMSE: 23.1517, test_MAPE: 8.7038]
2026-01-27 15:09:08,660 - easytorch-training - INFO - Checkpoint checkpoints/STMAFNet_300/7a9424dbdf56bedb1aca9acb56518206/STMAFNet_122.pt saved
2026-01-27 15:09:08,661 - easytorch-training - INFO - The estimated training finish time is 2026-01-27 17:18:20
2026-01-27 15:09:08,661 - easytorch-training - INFO - Epoch 123 / 300
2026-01-27 15:09:48,336 - easytorch-training - INFO - Result <train>: [train_time: 39.68 (s), lr: 6.25e-05, train_MAE: 12.8327, train_RMSE: 21.7155, train_MAPE: 8.5600]
2026-01-27 15:09:48,338 - easytorch-training - INFO - Start validation.
2026-01-27 15:09:50,328 - easytorch-training - INFO - Result <val>: [val_time: 1.99 (s), val_MAE: 13.5774, val_RMSE: 22.9807, val_MAPE: 10.1591]
2026-01-27 15:09:52,165 - easytorch-training - INFO - Evaluate best model on test data for horizon 1, Test MAE: 11.6368, Test RMSE: 19.1062, Test MAPE: 7.5754
2026-01-27 15:09:52,166 - easytorch-training - INFO - Evaluate best model on test data for horizon 2, Test MAE: 12.1422, Test RMSE: 20.2758, Test MAPE: 7.8237
2026-01-27 15:09:52,167 - easytorch-training - INFO - Evaluate best model on test data for horizon 3, Test MAE: 12.5315, Test RMSE: 21.2364, Test MAPE: 8.1002
2026-01-27 15:09:52,168 - easytorch-training - INFO - Evaluate best model on test data for horizon 4, Test MAE: 12.9008, Test RMSE: 22.0734, Test MAPE: 8.3041
2026-01-27 15:09:52,169 - easytorch-training - INFO - Evaluate best model on test data for horizon 5, Test MAE: 13.2010, Test RMSE: 22.7497, Test MAPE: 8.4951
2026-01-27 15:09:52,171 - easytorch-training - INFO - Evaluate best model on test data for horizon 6, Test MAE: 13.4541, Test RMSE: 23.2751, Test MAPE: 8.7023
2026-01-27 15:09:52,172 - easytorch-training - INFO - Evaluate best model on test data for horizon 7, Test MAE: 13.6837, Test RMSE: 23.7574, Test MAPE: 8.8385
2026-01-27 15:09:52,173 - easytorch-training - INFO - Evaluate best model on test data for horizon 8, Test MAE: 13.9019, Test RMSE: 24.2045, Test MAPE: 8.9586
2026-01-27 15:09:52,174 - easytorch-training - INFO - Evaluate best model on test data for horizon 9, Test MAE: 14.1103, Test RMSE: 24.5484, Test MAPE: 9.1031
2026-01-27 15:09:52,175 - easytorch-training - INFO - Evaluate best model on test data for horizon 10, Test MAE: 14.2891, Test RMSE: 24.8492, Test MAPE: 9.2238
2026-01-27 15:09:52,176 - easytorch-training - INFO - Evaluate best model on test data for horizon 11, Test MAE: 14.4720, Test RMSE: 25.1528, Test MAPE: 9.3574
2026-01-27 15:09:52,177 - easytorch-training - INFO - Evaluate best model on test data for horizon 12, Test MAE: 14.6810, Test RMSE: 25.4648, Test MAPE: 9.5232
2026-01-27 15:09:52,181 - easytorch-training - INFO - Result <test>: [test_time: 1.85 (s), test_MAE: 13.4170, test_RMSE: 23.1393, test_MAPE: 8.6671]
2026-01-27 15:09:52,326 - easytorch-training - INFO - Checkpoint checkpoints/STMAFNet_300/7a9424dbdf56bedb1aca9acb56518206/STMAFNet_123.pt saved
2026-01-27 15:09:52,326 - easytorch-training - INFO - The estimated training finish time is 2026-01-27 17:18:20
2026-01-27 15:09:52,326 - easytorch-training - INFO - Epoch 124 / 300
2026-01-27 15:10:31,522 - easytorch-training - INFO - Result <train>: [train_time: 39.20 (s), lr: 6.25e-05, train_MAE: 12.8322, train_RMSE: 21.7067, train_MAPE: 8.5660]
2026-01-27 15:10:31,524 - easytorch-training - INFO - Start validation.
2026-01-27 15:10:33,513 - easytorch-training - INFO - Result <val>: [val_time: 1.99 (s), val_MAE: 13.5883, val_RMSE: 22.9963, val_MAPE: 10.2054]
2026-01-27 15:10:35,323 - easytorch-training - INFO - Evaluate best model on test data for horizon 1, Test MAE: 11.6370, Test RMSE: 19.0987, Test MAPE: 7.5718
2026-01-27 15:10:35,324 - easytorch-training - INFO - Evaluate best model on test data for horizon 2, Test MAE: 12.1513, Test RMSE: 20.2714, Test MAPE: 7.8265
2026-01-27 15:10:35,325 - easytorch-training - INFO - Evaluate best model on test data for horizon 3, Test MAE: 12.5482, Test RMSE: 21.1720, Test MAPE: 8.0797
2026-01-27 15:10:35,327 - easytorch-training - INFO - Evaluate best model on test data for horizon 4, Test MAE: 12.8992, Test RMSE: 21.9634, Test MAPE: 8.3248
2026-01-27 15:10:35,328 - easytorch-training - INFO - Evaluate best model on test data for horizon 5, Test MAE: 13.2129, Test RMSE: 22.6578, Test MAPE: 8.5120
2026-01-27 15:10:35,329 - easytorch-training - INFO - Evaluate best model on test data for horizon 6, Test MAE: 13.4579, Test RMSE: 23.2338, Test MAPE: 8.6805
2026-01-27 15:10:35,330 - easytorch-training - INFO - Evaluate best model on test data for horizon 7, Test MAE: 13.7179, Test RMSE: 23.7797, Test MAPE: 8.8147
2026-01-27 15:10:35,331 - easytorch-training - INFO - Evaluate best model on test data for horizon 8, Test MAE: 13.9646, Test RMSE: 24.2479, Test MAPE: 9.0064
2026-01-27 15:10:35,332 - easytorch-training - INFO - Evaluate best model on test data for horizon 9, Test MAE: 14.1664, Test RMSE: 24.6208, Test MAPE: 9.1433
2026-01-27 15:10:35,333 - easytorch-training - INFO - Evaluate best model on test data for horizon 10, Test MAE: 14.3362, Test RMSE: 24.9023, Test MAPE: 9.2797
2026-01-27 15:10:35,334 - easytorch-training - INFO - Evaluate best model on test data for horizon 11, Test MAE: 14.5402, Test RMSE: 25.2308, Test MAPE: 9.4492
2026-01-27 15:10:35,335 - easytorch-training - INFO - Evaluate best model on test data for horizon 12, Test MAE: 14.7375, Test RMSE: 25.5440, Test MAPE: 9.5870
2026-01-27 15:10:35,339 - easytorch-training - INFO - Result <test>: [test_time: 1.82 (s), test_MAE: 13.4475, test_RMSE: 23.1451, test_MAPE: 8.6896]
2026-01-27 15:10:35,483 - easytorch-training - INFO - Checkpoint checkpoints/STMAFNet_300/7a9424dbdf56bedb1aca9acb56518206/STMAFNet_124.pt saved
2026-01-27 15:10:35,484 - easytorch-training - INFO - The estimated training finish time is 2026-01-27 17:18:19
2026-01-27 15:10:35,484 - easytorch-training - INFO - Epoch 125 / 300
2026-01-27 15:11:14,545 - easytorch-training - INFO - Result <train>: [train_time: 39.06 (s), lr: 6.25e-05, train_MAE: 12.8286, train_RMSE: 21.7104, train_MAPE: 8.5547]
2026-01-27 15:11:14,547 - easytorch-training - INFO - Start validation.
2026-01-27 15:11:16,528 - easytorch-training - INFO - Result <val>: [val_time: 1.98 (s), val_MAE: 13.5679, val_RMSE: 23.0257, val_MAPE: 10.3406]
2026-01-27 15:11:16,868 - easytorch-training - INFO - Checkpoint checkpoints/STMAFNet_300/7a9424dbdf56bedb1aca9acb56518206/STMAFNet_best_val_MAE.pt saved
2026-01-27 15:11:18,725 - easytorch-training - INFO - Evaluate best model on test data for horizon 1, Test MAE: 11.6147, Test RMSE: 19.1048, Test MAPE: 7.5951
2026-01-27 15:11:18,727 - easytorch-training - INFO - Evaluate best model on test data for horizon 2, Test MAE: 12.1155, Test RMSE: 20.2818, Test MAPE: 8.0335
2026-01-27 15:11:18,728 - easytorch-training - INFO - Evaluate best model on test data for horizon 3, Test MAE: 12.5185, Test RMSE: 21.2257, Test MAPE: 8.2286
2026-01-27 15:11:18,729 - easytorch-training - INFO - Evaluate best model on test data for horizon 4, Test MAE: 12.8655, Test RMSE: 22.0347, Test MAPE: 8.3666
2026-01-27 15:11:18,730 - easytorch-training - INFO - Evaluate best model on test data for horizon 5, Test MAE: 13.1690, Test RMSE: 22.7002, Test MAPE: 8.5921
2026-01-27 15:11:18,731 - easytorch-training - INFO - Evaluate best model on test data for horizon 6, Test MAE: 13.4349, Test RMSE: 23.2930, Test MAPE: 8.6731
2026-01-27 15:11:18,732 - easytorch-training - INFO - Evaluate best model on test data for horizon 7, Test MAE: 13.7094, Test RMSE: 23.8374, Test MAPE: 8.8498
2026-01-27 15:11:18,733 - easytorch-training - INFO - Evaluate best model on test data for horizon 8, Test MAE: 13.9410, Test RMSE: 24.2727, Test MAPE: 8.9944
2026-01-27 15:11:18,734 - easytorch-training - INFO - Evaluate best model on test data for horizon 9, Test MAE: 14.1457, Test RMSE: 24.6132, Test MAPE: 9.2002
2026-01-27 15:11:18,736 - easytorch-training - INFO - Evaluate best model on test data for horizon 10, Test MAE: 14.3057, Test RMSE: 24.8909, Test MAPE: 9.3188
2026-01-27 15:11:18,737 - easytorch-training - INFO - Evaluate best model on test data for horizon 11, Test MAE: 14.5046, Test RMSE: 25.2189, Test MAPE: 9.4603
2026-01-27 15:11:18,738 - easytorch-training - INFO - Evaluate best model on test data for horizon 12, Test MAE: 14.7171, Test RMSE: 25.5301, Test MAPE: 9.5680
2026-01-27 15:11:18,742 - easytorch-training - INFO - Result <test>: [test_time: 1.87 (s), test_MAE: 13.4201, test_RMSE: 23.1675, test_MAPE: 8.7400]
2026-01-27 15:11:18,885 - easytorch-training - INFO - Checkpoint checkpoints/STMAFNet_300/7a9424dbdf56bedb1aca9acb56518206/STMAFNet_125.pt saved
2026-01-27 15:11:18,885 - easytorch-training - INFO - The estimated training finish time is 2026-01-27 17:18:19
2026-01-27 15:11:18,885 - easytorch-training - INFO - Epoch 126 / 300
2026-01-27 15:11:58,879 - easytorch-training - INFO - Result <train>: [train_time: 39.99 (s), lr: 6.25e-05, train_MAE: 12.8210, train_RMSE: 21.7004, train_MAPE: 8.5480]
2026-01-27 15:11:58,881 - easytorch-training - INFO - Start validation.
2026-01-27 15:12:00,863 - easytorch-training - INFO - Result <val>: [val_time: 1.98 (s), val_MAE: 13.5687, val_RMSE: 22.9989, val_MAPE: 10.3548]
2026-01-27 15:12:02,735 - easytorch-training - INFO - Evaluate best model on test data for horizon 1, Test MAE: 11.6306, Test RMSE: 19.1196, Test MAPE: 7.8087
2026-01-27 15:12:02,737 - easytorch-training - INFO - Evaluate best model on test data for horizon 2, Test MAE: 12.1190, Test RMSE: 20.2684, Test MAPE: 7.9677
2026-01-27 15:12:02,738 - easytorch-training - INFO - Evaluate best model on test data for horizon 3, Test MAE: 12.5240, Test RMSE: 21.1967, Test MAPE: 8.2272
2026-01-27 15:12:02,739 - easytorch-training - INFO - Evaluate best model on test data for horizon 4, Test MAE: 12.8676, Test RMSE: 21.9814, Test MAPE: 8.6053
2026-01-27 15:12:02,740 - easytorch-training - INFO - Evaluate best model on test data for horizon 5, Test MAE: 13.1551, Test RMSE: 22.6561, Test MAPE: 8.7454
2026-01-27 15:12:02,741 - easytorch-training - INFO - Evaluate best model on test data for horizon 6, Test MAE: 13.4367, Test RMSE: 23.2511, Test MAPE: 8.8725
2026-01-27 15:12:02,742 - easytorch-training - INFO - Evaluate best model on test data for horizon 7, Test MAE: 13.6989, Test RMSE: 23.7789, Test MAPE: 9.3259
2026-01-27 15:12:02,743 - easytorch-training - INFO - Evaluate best model on test data for horizon 8, Test MAE: 13.9255, Test RMSE: 24.2102, Test MAPE: 9.2194
2026-01-27 15:12:02,744 - easytorch-training - INFO - Evaluate best model on test data for horizon 9, Test MAE: 14.1254, Test RMSE: 24.5815, Test MAPE: 9.1692
2026-01-27 15:12:02,745 - easytorch-training - INFO - Evaluate best model on test data for horizon 10, Test MAE: 14.2871, Test RMSE: 24.8691, Test MAPE: 9.3799
2026-01-27 15:12:02,746 - easytorch-training - INFO - Evaluate best model on test data for horizon 11, Test MAE: 14.4620, Test RMSE: 25.1494, Test MAPE: 9.5423
2026-01-27 15:12:02,747 - easytorch-training - INFO - Evaluate best model on test data for horizon 12, Test MAE: 14.6797, Test RMSE: 25.4690, Test MAPE: 9.6584
2026-01-27 15:12:02,751 - easytorch-training - INFO - Result <test>: [test_time: 1.89 (s), test_MAE: 13.4093, test_RMSE: 23.1268, test_MAPE: 8.8768]
2026-01-27 15:12:02,895 - easytorch-training - INFO - Checkpoint checkpoints/STMAFNet_300/7a9424dbdf56bedb1aca9acb56518206/STMAFNet_126.pt saved
2026-01-27 15:12:02,895 - easytorch-training - INFO - The estimated training finish time is 2026-01-27 17:18:20
2026-01-27 15:12:02,895 - easytorch-training - INFO - Epoch 127 / 300
2026-01-27 15:12:42,395 - easytorch-training - INFO - Result <train>: [train_time: 39.50 (s), lr: 6.25e-05, train_MAE: 12.8161, train_RMSE: 21.6921, train_MAPE: 8.5529]
2026-01-27 15:12:42,397 - easytorch-training - INFO - Start validation.
2026-01-27 15:12:44,334 - easytorch-training - INFO - Result <val>: [val_time: 1.94 (s), val_MAE: 13.5651, val_RMSE: 23.0374, val_MAPE: 10.3103]
2026-01-27 15:12:44,671 - easytorch-training - INFO - Checkpoint checkpoints/STMAFNet_300/7a9424dbdf56bedb1aca9acb56518206/STMAFNet_best_val_MAE.pt saved
2026-01-27 15:12:46,585 - easytorch-training - INFO - Evaluate best model on test data for horizon 1, Test MAE: 11.6297, Test RMSE: 19.1267, Test MAPE: 7.6159
2026-01-27 15:12:46,586 - easytorch-training - INFO - Evaluate best model on test data for horizon 2, Test MAE: 12.1392, Test RMSE: 20.2988, Test MAPE: 8.0615
2026-01-27 15:12:46,587 - easytorch-training - INFO - Evaluate best model on test data for horizon 3, Test MAE: 12.5332, Test RMSE: 21.2540, Test MAPE: 8.0839
2026-01-27 15:12:46,589 - easytorch-training - INFO - Evaluate best model on test data for horizon 4, Test MAE: 12.8789, Test RMSE: 22.0530, Test MAPE: 8.3555
2026-01-27 15:12:46,590 - easytorch-training - INFO - Evaluate best model on test data for horizon 5, Test MAE: 13.1901, Test RMSE: 22.7562, Test MAPE: 8.5876
2026-01-27 15:12:46,591 - easytorch-training - INFO - Evaluate best model on test data for horizon 6, Test MAE: 13.4501, Test RMSE: 23.3233, Test MAPE: 8.7534
2026-01-27 15:12:46,593 - easytorch-training - INFO - Evaluate best model on test data for horizon 7, Test MAE: 13.6991, Test RMSE: 23.8361, Test MAPE: 8.8667
2026-01-27 15:12:46,594 - easytorch-training - INFO - Evaluate best model on test data for horizon 8, Test MAE: 13.9191, Test RMSE: 24.2547, Test MAPE: 8.9436
2026-01-27 15:12:46,595 - easytorch-training - INFO - Evaluate best model on test data for horizon 9, Test MAE: 14.1203, Test RMSE: 24.6013, Test MAPE: 9.2220
2026-01-27 15:12:46,596 - easytorch-training - INFO - Evaluate best model on test data for horizon 10, Test MAE: 14.2943, Test RMSE: 24.8843, Test MAPE: 9.2848
2026-01-27 15:12:46,598 - easytorch-training - INFO - Evaluate best model on test data for horizon 11, Test MAE: 14.4985, Test RMSE: 25.1961, Test MAPE: 9.4759
2026-01-27 15:12:46,599 - easytorch-training - INFO - Evaluate best model on test data for horizon 12, Test MAE: 14.6970, Test RMSE: 25.5000, Test MAPE: 9.6326
2026-01-27 15:12:46,603 - easytorch-training - INFO - Result <test>: [test_time: 1.93 (s), test_MAE: 13.4208, test_RMSE: 23.1728, test_MAPE: 8.7403]
2026-01-27 15:12:46,755 - easytorch-training - INFO - Checkpoint checkpoints/STMAFNet_300/7a9424dbdf56bedb1aca9acb56518206/STMAFNet_127.pt saved
2026-01-27 15:12:46,755 - easytorch-training - INFO - The estimated training finish time is 2026-01-27 17:18:20
2026-01-27 15:12:46,755 - easytorch-training - INFO - Epoch 128 / 300
2026-01-27 15:13:26,312 - easytorch-training - INFO - Result <train>: [train_time: 39.56 (s), lr: 6.25e-05, train_MAE: 12.8158, train_RMSE: 21.6993, train_MAPE: 8.5501]
2026-01-27 15:13:26,314 - easytorch-training - INFO - Start validation.
2026-01-27 15:13:28,272 - easytorch-training - INFO - Result <val>: [val_time: 1.96 (s), val_MAE: 13.5856, val_RMSE: 23.0136, val_MAPE: 10.4817]
2026-01-27 15:13:30,088 - easytorch-training - INFO - Evaluate best model on test data for horizon 1, Test MAE: 11.6458, Test RMSE: 19.1002, Test MAPE: 7.5794
2026-01-27 15:13:30,090 - easytorch-training - INFO - Evaluate best model on test data for horizon 2, Test MAE: 12.1383, Test RMSE: 20.2686, Test MAPE: 7.8440
2026-01-27 15:13:30,091 - easytorch-training - INFO - Evaluate best model on test data for horizon 3, Test MAE: 12.5315, Test RMSE: 21.1852, Test MAPE: 8.0929
2026-01-27 15:13:30,092 - easytorch-training - INFO - Evaluate best model on test data for horizon 4, Test MAE: 12.8793, Test RMSE: 22.0085, Test MAPE: 8.3079
2026-01-27 15:13:30,093 - easytorch-training - INFO - Evaluate best model on test data for horizon 5, Test MAE: 13.1684, Test RMSE: 22.6962, Test MAPE: 8.5014
2026-01-27 15:13:30,094 - easytorch-training - INFO - Evaluate best model on test data for horizon 6, Test MAE: 13.4421, Test RMSE: 23.2685, Test MAPE: 8.6766
2026-01-27 15:13:30,095 - easytorch-training - INFO - Evaluate best model on test data for horizon 7, Test MAE: 13.6793, Test RMSE: 23.7734, Test MAPE: 8.8518
2026-01-27 15:13:30,096 - easytorch-training - INFO - Evaluate best model on test data for horizon 8, Test MAE: 13.9394, Test RMSE: 24.2349, Test MAPE: 9.0388
2026-01-27 15:13:30,098 - easytorch-training - INFO - Evaluate best model on test data for horizon 9, Test MAE: 14.1196, Test RMSE: 24.5654, Test MAPE: 9.1354
2026-01-27 15:13:30,099 - easytorch-training - INFO - Evaluate best model on test data for horizon 10, Test MAE: 14.3058, Test RMSE: 24.8602, Test MAPE: 9.2733
2026-01-27 15:13:30,100 - easytorch-training - INFO - Evaluate best model on test data for horizon 11, Test MAE: 14.4820, Test RMSE: 25.1428, Test MAPE: 9.4179
2026-01-27 15:13:30,101 - easytorch-training - INFO - Evaluate best model on test data for horizon 12, Test MAE: 14.7050, Test RMSE: 25.4827, Test MAPE: 9.5643
2026-01-27 15:13:30,105 - easytorch-training - INFO - Result <test>: [test_time: 1.83 (s), test_MAE: 13.4197, test_RMSE: 23.1316, test_MAPE: 8.6903]
2026-01-27 15:13:30,248 - easytorch-training - INFO - Checkpoint checkpoints/STMAFNet_300/7a9424dbdf56bedb1aca9acb56518206/STMAFNet_128.pt saved
2026-01-27 15:13:30,249 - easytorch-training - INFO - The estimated training finish time is 2026-01-27 17:18:20
2026-01-27 15:13:30,249 - easytorch-training - INFO - Epoch 129 / 300
2026-01-27 15:14:09,812 - easytorch-training - INFO - Result <train>: [train_time: 39.56 (s), lr: 6.25e-05, train_MAE: 12.8071, train_RMSE: 21.6794, train_MAPE: 8.5427]
2026-01-27 15:14:09,814 - easytorch-training - INFO - Start validation.
2026-01-27 15:14:11,793 - easytorch-training - INFO - Result <val>: [val_time: 1.98 (s), val_MAE: 13.5655, val_RMSE: 23.0411, val_MAPE: 10.5972]
2026-01-27 15:14:13,608 - easytorch-training - INFO - Evaluate best model on test data for horizon 1, Test MAE: 11.6461, Test RMSE: 19.1140, Test MAPE: 8.0865
2026-01-27 15:14:13,609 - easytorch-training - INFO - Evaluate best model on test data for horizon 2, Test MAE: 12.1251, Test RMSE: 20.2667, Test MAPE: 8.0903
2026-01-27 15:14:13,610 - easytorch-training - INFO - Evaluate best model on test data for horizon 3, Test MAE: 12.5093, Test RMSE: 21.1679, Test MAPE: 8.4328
2026-01-27 15:14:13,611 - easytorch-training - INFO - Evaluate best model on test data for horizon 4, Test MAE: 12.8672, Test RMSE: 21.9529, Test MAPE: 8.6677
2026-01-27 15:14:13,612 - easytorch-training - INFO - Evaluate best model on test data for horizon 5, Test MAE: 13.1521, Test RMSE: 22.6439, Test MAPE: 8.6912
2026-01-27 15:14:13,613 - easytorch-training - INFO - Evaluate best model on test data for horizon 6, Test MAE: 13.4191, Test RMSE: 23.2295, Test MAPE: 8.9495
2026-01-27 15:14:13,614 - easytorch-training - INFO - Evaluate best model on test data for horizon 7, Test MAE: 13.6708, Test RMSE: 23.7751, Test MAPE: 8.9957
2026-01-27 15:14:13,616 - easytorch-training - INFO - Evaluate best model on test data for horizon 8, Test MAE: 13.9117, Test RMSE: 24.2601, Test MAPE: 9.0576
2026-01-27 15:14:13,617 - easytorch-training - INFO - Evaluate best model on test data for horizon 9, Test MAE: 14.1159, Test RMSE: 24.6018, Test MAPE: 9.3144
2026-01-27 15:14:13,618 - easytorch-training - INFO - Evaluate best model on test data for horizon 10, Test MAE: 14.2593, Test RMSE: 24.8619, Test MAPE: 9.3276
2026-01-27 15:14:13,619 - easytorch-training - INFO - Evaluate best model on test data for horizon 11, Test MAE: 14.4595, Test RMSE: 25.1875, Test MAPE: 9.5687
2026-01-27 15:14:13,620 - easytorch-training - INFO - Evaluate best model on test data for horizon 12, Test MAE: 14.6611, Test RMSE: 25.4838, Test MAPE: 9.6418
2026-01-27 15:14:13,624 - easytorch-training - INFO - Result <test>: [test_time: 1.83 (s), test_MAE: 13.3998, test_RMSE: 23.1291, test_MAPE: 8.9020]
2026-01-27 15:14:13,769 - easytorch-training - INFO - Checkpoint checkpoints/STMAFNet_300/7a9424dbdf56bedb1aca9acb56518206/STMAFNet_129.pt saved
2026-01-27 15:14:13,769 - easytorch-training - INFO - The estimated training finish time is 2026-01-27 17:18:20
2026-01-27 15:14:13,769 - easytorch-training - INFO - Epoch 130 / 300
2026-01-27 15:14:53,176 - easytorch-training - INFO - Result <train>: [train_time: 39.41 (s), lr: 6.25e-05, train_MAE: 12.8062, train_RMSE: 21.6751, train_MAPE: 8.5401]
2026-01-27 15:14:53,177 - easytorch-training - INFO - Start validation.
2026-01-27 15:14:55,135 - easytorch-training - INFO - Result <val>: [val_time: 1.96 (s), val_MAE: 13.5932, val_RMSE: 23.0352, val_MAPE: 10.2087]
2026-01-27 15:14:56,910 - easytorch-training - INFO - Evaluate best model on test data for horizon 1, Test MAE: 11.6284, Test RMSE: 19.1085, Test MAPE: 7.5541
2026-01-27 15:14:56,911 - easytorch-training - INFO - Evaluate best model on test data for horizon 2, Test MAE: 12.1354, Test RMSE: 20.2829, Test MAPE: 7.8296
2026-01-27 15:14:56,912 - easytorch-training - INFO - Evaluate best model on test data for horizon 3, Test MAE: 12.5262, Test RMSE: 21.2114, Test MAPE: 8.0893
2026-01-27 15:14:56,913 - easytorch-training - INFO - Evaluate best model on test data for horizon 4, Test MAE: 12.8696, Test RMSE: 22.0034, Test MAPE: 8.3653
2026-01-27 15:14:56,914 - easytorch-training - INFO - Evaluate best model on test data for horizon 5, Test MAE: 13.1785, Test RMSE: 22.7140, Test MAPE: 8.5029
2026-01-27 15:14:56,916 - easytorch-training - INFO - Evaluate best model on test data for horizon 6, Test MAE: 13.4435, Test RMSE: 23.2974, Test MAPE: 8.7170
2026-01-27 15:14:56,917 - easytorch-training - INFO - Evaluate best model on test data for horizon 7, Test MAE: 13.6975, Test RMSE: 23.8131, Test MAPE: 8.8614
2026-01-27 15:14:56,918 - easytorch-training - INFO - Evaluate best model on test data for horizon 8, Test MAE: 13.9346, Test RMSE: 24.2630, Test MAPE: 8.9950
2026-01-27 15:14:56,919 - easytorch-training - INFO - Evaluate best model on test data for horizon 9, Test MAE: 14.1509, Test RMSE: 24.6213, Test MAPE: 9.1368
2026-01-27 15:14:56,920 - easytorch-training - INFO - Evaluate best model on test data for horizon 10, Test MAE: 14.3287, Test RMSE: 24.9442, Test MAPE: 9.2661
2026-01-27 15:14:56,921 - easytorch-training - INFO - Evaluate best model on test data for horizon 11, Test MAE: 14.4983, Test RMSE: 25.2145, Test MAPE: 9.4104
2026-01-27 15:14:56,922 - easytorch-training - INFO - Evaluate best model on test data for horizon 12, Test MAE: 14.7357, Test RMSE: 25.5699, Test MAPE: 9.5504
2026-01-27 15:14:56,926 - easytorch-training - INFO - Result <test>: [test_time: 1.79 (s), test_MAE: 13.4273, test_RMSE: 23.1716, test_MAPE: 8.6899]
2026-01-27 15:14:57,148 - easytorch-training - INFO - Checkpoint checkpoints/STMAFNet_300/7a9424dbdf56bedb1aca9acb56518206/STMAFNet_130.pt saved
2026-01-27 15:14:57,161 - easytorch-training - INFO - The estimated training finish time is 2026-01-27 17:18:20
2026-01-27 15:14:57,161 - easytorch-training - INFO - Epoch 131 / 300
2026-01-27 15:15:36,827 - easytorch-training - INFO - Result <train>: [train_time: 39.67 (s), lr: 6.25e-05, train_MAE: 12.8043, train_RMSE: 21.6819, train_MAPE: 8.5438]
2026-01-27 15:15:36,829 - easytorch-training - INFO - Start validation.
2026-01-27 15:15:38,792 - easytorch-training - INFO - Result <val>: [val_time: 1.96 (s), val_MAE: 13.5653, val_RMSE: 22.9909, val_MAPE: 10.2836]
2026-01-27 15:15:40,598 - easytorch-training - INFO - Evaluate best model on test data for horizon 1, Test MAE: 11.6270, Test RMSE: 19.1037, Test MAPE: 7.5318
2026-01-27 15:15:40,600 - easytorch-training - INFO - Evaluate best model on test data for horizon 2, Test MAE: 12.1231, Test RMSE: 20.2694, Test MAPE: 7.8482
2026-01-27 15:15:40,601 - easytorch-training - INFO - Evaluate best model on test data for horizon 3, Test MAE: 12.5285, Test RMSE: 21.2348, Test MAPE: 8.0635
2026-01-27 15:15:40,602 - easytorch-training - INFO - Evaluate best model on test data for horizon 4, Test MAE: 12.8899, Test RMSE: 22.0369, Test MAPE: 8.2929
2026-01-27 15:15:40,603 - easytorch-training - INFO - Evaluate best model on test data for horizon 5, Test MAE: 13.1806, Test RMSE: 22.7127, Test MAPE: 8.5145
2026-01-27 15:15:40,604 - easytorch-training - INFO - Evaluate best model on test data for horizon 6, Test MAE: 13.4617, Test RMSE: 23.3139, Test MAPE: 8.6769
2026-01-27 15:15:40,605 - easytorch-training - INFO - Evaluate best model on test data for horizon 7, Test MAE: 13.7167, Test RMSE: 23.8257, Test MAPE: 8.8358
2026-01-27 15:15:40,606 - easytorch-training - INFO - Evaluate best model on test data for horizon 8, Test MAE: 13.9551, Test RMSE: 24.2704, Test MAPE: 8.9943
2026-01-27 15:15:40,607 - easytorch-training - INFO - Evaluate best model on test data for horizon 9, Test MAE: 14.1516, Test RMSE: 24.5979, Test MAPE: 9.1685
2026-01-27 15:15:40,608 - easytorch-training - INFO - Evaluate best model on test data for horizon 10, Test MAE: 14.3145, Test RMSE: 24.8948, Test MAPE: 9.2474
2026-01-27 15:15:40,609 - easytorch-training - INFO - Evaluate best model on test data for horizon 11, Test MAE: 14.4977, Test RMSE: 25.1926, Test MAPE: 9.4332
2026-01-27 15:15:40,610 - easytorch-training - INFO - Evaluate best model on test data for horizon 12, Test MAE: 14.7037, Test RMSE: 25.4891, Test MAPE: 9.5678
2026-01-27 15:15:40,614 - easytorch-training - INFO - Result <test>: [test_time: 1.82 (s), test_MAE: 13.4292, test_RMSE: 23.1618, test_MAPE: 8.6812]
2026-01-27 15:15:40,759 - easytorch-training - INFO - Checkpoint checkpoints/STMAFNet_300/7a9424dbdf56bedb1aca9acb56518206/STMAFNet_131.pt saved
2026-01-27 15:15:40,759 - easytorch-training - INFO - The estimated training finish time is 2026-01-27 17:18:20
2026-01-27 15:15:40,759 - easytorch-training - INFO - Epoch 132 / 300
2026-01-27 15:16:20,511 - easytorch-training - INFO - Result <train>: [train_time: 39.75 (s), lr: 6.25e-05, train_MAE: 12.7955, train_RMSE: 21.6589, train_MAPE: 8.5309]
2026-01-27 15:16:20,513 - easytorch-training - INFO - Start validation.
2026-01-27 15:16:22,505 - easytorch-training - INFO - Result <val>: [val_time: 1.99 (s), val_MAE: 13.5964, val_RMSE: 23.0730, val_MAPE: 10.4598]
2026-01-27 15:16:24,355 - easytorch-training - INFO - Evaluate best model on test data for horizon 1, Test MAE: 11.6340, Test RMSE: 19.1198, Test MAPE: 7.5450
2026-01-27 15:16:24,356 - easytorch-training - INFO - Evaluate best model on test data for horizon 2, Test MAE: 12.1203, Test RMSE: 20.2870, Test MAPE: 7.8484
2026-01-27 15:16:24,357 - easytorch-training - INFO - Evaluate best model on test data for horizon 3, Test MAE: 12.5132, Test RMSE: 21.2244, Test MAPE: 8.1176
2026-01-27 15:16:24,358 - easytorch-training - INFO - Evaluate best model on test data for horizon 4, Test MAE: 12.8603, Test RMSE: 22.0293, Test MAPE: 8.3695
2026-01-27 15:16:24,359 - easytorch-training - INFO - Evaluate best model on test data for horizon 5, Test MAE: 13.1723, Test RMSE: 22.7327, Test MAPE: 8.5471
2026-01-27 15:16:24,360 - easytorch-training - INFO - Evaluate best model on test data for horizon 6, Test MAE: 13.4378, Test RMSE: 23.3241, Test MAPE: 8.7993
2026-01-27 15:16:24,361 - easytorch-training - INFO - Evaluate best model on test data for horizon 7, Test MAE: 13.6990, Test RMSE: 23.8762, Test MAPE: 8.8253
2026-01-27 15:16:24,362 - easytorch-training - INFO - Evaluate best model on test data for horizon 8, Test MAE: 13.9368, Test RMSE: 24.3160, Test MAPE: 8.9959
2026-01-27 15:16:24,363 - easytorch-training - INFO - Evaluate best model on test data for horizon 9, Test MAE: 14.1472, Test RMSE: 24.6779, Test MAPE: 9.1930
2026-01-27 15:16:24,364 - easytorch-training - INFO - Evaluate best model on test data for horizon 10, Test MAE: 14.3173, Test RMSE: 24.9457, Test MAPE: 9.2751
2026-01-27 15:16:24,365 - easytorch-training - INFO - Evaluate best model on test data for horizon 11, Test MAE: 14.4892, Test RMSE: 25.2449, Test MAPE: 9.3806
2026-01-27 15:16:24,367 - easytorch-training - INFO - Evaluate best model on test data for horizon 12, Test MAE: 14.6972, Test RMSE: 25.5386, Test MAPE: 9.5893
2026-01-27 15:16:24,370 - easytorch-training - INFO - Result <test>: [test_time: 1.86 (s), test_MAE: 13.4187, test_RMSE: 23.1945, test_MAPE: 8.7072]
2026-01-27 15:16:24,514 - easytorch-training - INFO - Checkpoint checkpoints/STMAFNet_300/7a9424dbdf56bedb1aca9acb56518206/STMAFNet_132.pt saved
2026-01-27 15:16:24,514 - easytorch-training - INFO - The estimated training finish time is 2026-01-27 17:18:20
2026-01-27 15:16:24,514 - easytorch-training - INFO - Epoch 133 / 300
2026-01-27 15:17:04,559 - easytorch-training - INFO - Result <train>: [train_time: 40.04 (s), lr: 6.25e-05, train_MAE: 12.7921, train_RMSE: 21.6550, train_MAPE: 8.5356]
2026-01-27 15:17:04,561 - easytorch-training - INFO - Start validation.
2026-01-27 15:17:06,516 - easytorch-training - INFO - Result <val>: [val_time: 1.96 (s), val_MAE: 13.5737, val_RMSE: 23.0076, val_MAPE: 10.5349]
2026-01-27 15:17:08,317 - easytorch-training - INFO - Evaluate best model on test data for horizon 1, Test MAE: 11.6320, Test RMSE: 19.1086, Test MAPE: 7.8111
2026-01-27 15:17:08,319 - easytorch-training - INFO - Evaluate best model on test data for horizon 2, Test MAE: 12.1426, Test RMSE: 20.2856, Test MAPE: 8.0556
2026-01-27 15:17:08,320 - easytorch-training - INFO - Evaluate best model on test data for horizon 3, Test MAE: 12.5370, Test RMSE: 21.2243, Test MAPE: 8.3285
2026-01-27 15:17:08,321 - easytorch-training - INFO - Evaluate best model on test data for horizon 4, Test MAE: 12.8837, Test RMSE: 22.0531, Test MAPE: 8.4472
2026-01-27 15:17:08,323 - easytorch-training - INFO - Evaluate best model on test data for horizon 5, Test MAE: 13.1783, Test RMSE: 22.7133, Test MAPE: 8.6998
2026-01-27 15:17:08,324 - easytorch-training - INFO - Evaluate best model on test data for horizon 6, Test MAE: 13.4410, Test RMSE: 23.2853, Test MAPE: 8.8657
2026-01-27 15:17:08,325 - easytorch-training - INFO - Evaluate best model on test data for horizon 7, Test MAE: 13.6995, Test RMSE: 23.7940, Test MAPE: 8.9775
2026-01-27 15:17:08,326 - easytorch-training - INFO - Evaluate best model on test data for horizon 8, Test MAE: 13.9245, Test RMSE: 24.2230, Test MAPE: 9.0919
2026-01-27 15:17:08,328 - easytorch-training - INFO - Evaluate best model on test data for horizon 9, Test MAE: 14.1270, Test RMSE: 24.5843, Test MAPE: 9.2025
2026-01-27 15:17:08,329 - easytorch-training - INFO - Evaluate best model on test data for horizon 10, Test MAE: 14.2804, Test RMSE: 24.8827, Test MAPE: 9.3524
2026-01-27 15:17:08,330 - easytorch-training - INFO - Evaluate best model on test data for horizon 11, Test MAE: 14.4689, Test RMSE: 25.1734, Test MAPE: 9.4392
2026-01-27 15:17:08,332 - easytorch-training - INFO - Evaluate best model on test data for horizon 12, Test MAE: 14.6795, Test RMSE: 25.4892, Test MAPE: 9.5647
2026-01-27 15:17:08,336 - easytorch-training - INFO - Result <test>: [test_time: 1.82 (s), test_MAE: 13.4162, test_RMSE: 23.1506, test_MAPE: 8.8197]
2026-01-27 15:17:08,484 - easytorch-training - INFO - Checkpoint checkpoints/STMAFNet_300/7a9424dbdf56bedb1aca9acb56518206/STMAFNet_133.pt saved
2026-01-27 15:17:08,484 - easytorch-training - INFO - The estimated training finish time is 2026-01-27 17:18:21
2026-01-27 15:17:08,485 - easytorch-training - INFO - Epoch 134 / 300
2026-01-27 15:17:47,884 - easytorch-training - INFO - Result <train>: [train_time: 39.40 (s), lr: 6.25e-05, train_MAE: 12.7813, train_RMSE: 21.6381, train_MAPE: 8.5253]
2026-01-27 15:17:47,885 - easytorch-training - INFO - Start validation.
2026-01-27 15:17:49,789 - easytorch-training - INFO - Result <val>: [val_time: 1.90 (s), val_MAE: 13.5623, val_RMSE: 22.9622, val_MAPE: 10.2164]
2026-01-27 15:17:49,936 - easytorch-training - INFO - Checkpoint checkpoints/STMAFNet_300/7a9424dbdf56bedb1aca9acb56518206/STMAFNet_best_val_MAE.pt saved
2026-01-27 15:17:51,759 - easytorch-training - INFO - Evaluate best model on test data for horizon 1, Test MAE: 11.6277, Test RMSE: 19.1060, Test MAPE: 7.5408
2026-01-27 15:17:51,760 - easytorch-training - INFO - Evaluate best model on test data for horizon 2, Test MAE: 12.1350, Test RMSE: 20.2725, Test MAPE: 7.8328
2026-01-27 15:17:51,761 - easytorch-training - INFO - Evaluate best model on test data for horizon 3, Test MAE: 12.5449, Test RMSE: 21.2159, Test MAPE: 8.0873
2026-01-27 15:17:51,763 - easytorch-training - INFO - Evaluate best model on test data for horizon 4, Test MAE: 12.8914, Test RMSE: 22.0337, Test MAPE: 8.2854
2026-01-27 15:17:51,764 - easytorch-training - INFO - Evaluate best model on test data for horizon 5, Test MAE: 13.1687, Test RMSE: 22.7016, Test MAPE: 8.4869
2026-01-27 15:17:51,765 - easytorch-training - INFO - Evaluate best model on test data for horizon 6, Test MAE: 13.4188, Test RMSE: 23.2435, Test MAPE: 8.6579
2026-01-27 15:17:51,766 - easytorch-training - INFO - Evaluate best model on test data for horizon 7, Test MAE: 13.6624, Test RMSE: 23.7696, Test MAPE: 8.8289
2026-01-27 15:17:51,767 - easytorch-training - INFO - Evaluate best model on test data for horizon 8, Test MAE: 13.8890, Test RMSE: 24.2004, Test MAPE: 9.0111
2026-01-27 15:17:51,768 - easytorch-training - INFO - Evaluate best model on test data for horizon 9, Test MAE: 14.0850, Test RMSE: 24.5634, Test MAPE: 9.1090
2026-01-27 15:17:51,769 - easytorch-training - INFO - Evaluate best model on test data for horizon 10, Test MAE: 14.2614, Test RMSE: 24.8410, Test MAPE: 9.2338
2026-01-27 15:17:51,770 - easytorch-training - INFO - Evaluate best model on test data for horizon 11, Test MAE: 14.4460, Test RMSE: 25.1468, Test MAPE: 9.3722
2026-01-27 15:17:51,771 - easytorch-training - INFO - Evaluate best model on test data for horizon 12, Test MAE: 14.6437, Test RMSE: 25.4429, Test MAPE: 9.5021
2026-01-27 15:17:51,775 - easytorch-training - INFO - Result <test>: [test_time: 1.84 (s), test_MAE: 13.3978, test_RMSE: 23.1265, test_MAPE: 8.6623]
2026-01-27 15:17:51,919 - easytorch-training - INFO - Checkpoint checkpoints/STMAFNet_300/7a9424dbdf56bedb1aca9acb56518206/STMAFNet_134.pt saved
2026-01-27 15:17:51,919 - easytorch-training - INFO - The estimated training finish time is 2026-01-27 17:18:21
2026-01-27 15:17:51,920 - easytorch-training - INFO - Epoch 135 / 300
2026-01-27 15:18:31,285 - easytorch-training - INFO - Result <train>: [train_time: 39.36 (s), lr: 6.25e-05, train_MAE: 12.7817, train_RMSE: 21.6409, train_MAPE: 8.5235]
2026-01-27 15:18:31,286 - easytorch-training - INFO - Start validation.
2026-01-27 15:18:33,290 - easytorch-training - INFO - Result <val>: [val_time: 2.00 (s), val_MAE: 13.5694, val_RMSE: 23.0524, val_MAPE: 10.3746]
2026-01-27 15:18:35,142 - easytorch-training - INFO - Evaluate best model on test data for horizon 1, Test MAE: 11.6309, Test RMSE: 19.1054, Test MAPE: 7.6451
2026-01-27 15:18:35,144 - easytorch-training - INFO - Evaluate best model on test data for horizon 2, Test MAE: 12.1136, Test RMSE: 20.2813, Test MAPE: 7.8690
2026-01-27 15:18:35,145 - easytorch-training - INFO - Evaluate best model on test data for horizon 3, Test MAE: 12.5145, Test RMSE: 21.2434, Test MAPE: 8.1212
2026-01-27 15:18:35,146 - easytorch-training - INFO - Evaluate best model on test data for horizon 4, Test MAE: 12.8565, Test RMSE: 22.0627, Test MAPE: 8.3098
2026-01-27 15:18:35,147 - easytorch-training - INFO - Evaluate best model on test data for horizon 5, Test MAE: 13.1573, Test RMSE: 22.7311, Test MAPE: 8.5027
2026-01-27 15:18:35,148 - easytorch-training - INFO - Evaluate best model on test data for horizon 6, Test MAE: 13.4340, Test RMSE: 23.2637, Test MAPE: 8.6816
2026-01-27 15:18:35,149 - easytorch-training - INFO - Evaluate best model on test data for horizon 7, Test MAE: 13.6718, Test RMSE: 23.7678, Test MAPE: 8.8363
2026-01-27 15:18:35,151 - easytorch-training - INFO - Evaluate best model on test data for horizon 8, Test MAE: 13.8777, Test RMSE: 24.2063, Test MAPE: 8.9808
2026-01-27 15:18:35,152 - easytorch-training - INFO - Evaluate best model on test data for horizon 9, Test MAE: 14.0887, Test RMSE: 24.5771, Test MAPE: 9.1451
2026-01-27 15:18:35,153 - easytorch-training - INFO - Evaluate best model on test data for horizon 10, Test MAE: 14.2514, Test RMSE: 24.8594, Test MAPE: 9.2780
2026-01-27 15:18:35,154 - easytorch-training - INFO - Evaluate best model on test data for horizon 11, Test MAE: 14.4565, Test RMSE: 25.1963, Test MAPE: 9.3949
2026-01-27 15:18:35,155 - easytorch-training - INFO - Evaluate best model on test data for horizon 12, Test MAE: 14.6680, Test RMSE: 25.5090, Test MAPE: 9.5555
2026-01-27 15:18:35,159 - easytorch-training - INFO - Result <test>: [test_time: 1.87 (s), test_MAE: 13.3934, test_RMSE: 23.1494, test_MAPE: 8.6933]
2026-01-27 15:18:35,303 - easytorch-training - INFO - Checkpoint checkpoints/STMAFNet_300/7a9424dbdf56bedb1aca9acb56518206/STMAFNet_135.pt saved
2026-01-27 15:18:35,303 - easytorch-training - INFO - The estimated training finish time is 2026-01-27 17:18:21
2026-01-27 15:18:35,303 - easytorch-training - INFO - Epoch 136 / 300
2026-01-27 15:19:14,982 - easytorch-training - INFO - Result <train>: [train_time: 39.68 (s), lr: 6.25e-05, train_MAE: 12.7749, train_RMSE: 21.6276, train_MAPE: 8.5270]
2026-01-27 15:19:14,983 - easytorch-training - INFO - Start validation.
2026-01-27 15:19:16,888 - easytorch-training - INFO - Result <val>: [val_time: 1.90 (s), val_MAE: 13.5668, val_RMSE: 23.0192, val_MAPE: 10.2985]
2026-01-27 15:19:18,688 - easytorch-training - INFO - Evaluate best model on test data for horizon 1, Test MAE: 11.6140, Test RMSE: 19.1003, Test MAPE: 7.5601
2026-01-27 15:19:18,689 - easytorch-training - INFO - Evaluate best model on test data for horizon 2, Test MAE: 12.1137, Test RMSE: 20.2938, Test MAPE: 7.8344
2026-01-27 15:19:18,691 - easytorch-training - INFO - Evaluate best model on test data for horizon 3, Test MAE: 12.5358, Test RMSE: 21.3052, Test MAPE: 8.0886
2026-01-27 15:19:18,692 - easytorch-training - INFO - Evaluate best model on test data for horizon 4, Test MAE: 12.8814, Test RMSE: 22.1394, Test MAPE: 8.3239
2026-01-27 15:19:18,693 - easytorch-training - INFO - Evaluate best model on test data for horizon 5, Test MAE: 13.1820, Test RMSE: 22.7931, Test MAPE: 8.5201
2026-01-27 15:19:18,695 - easytorch-training - INFO - Evaluate best model on test data for horizon 6, Test MAE: 13.4409, Test RMSE: 23.3568, Test MAPE: 8.7033
2026-01-27 15:19:18,696 - easytorch-training - INFO - Evaluate best model on test data for horizon 7, Test MAE: 13.7064, Test RMSE: 23.8685, Test MAPE: 8.8973
2026-01-27 15:19:18,697 - easytorch-training - INFO - Evaluate best model on test data for horizon 8, Test MAE: 13.9228, Test RMSE: 24.2671, Test MAPE: 9.0412
2026-01-27 15:19:18,699 - easytorch-training - INFO - Evaluate best model on test data for horizon 9, Test MAE: 14.1219, Test RMSE: 24.5914, Test MAPE: 9.1509
2026-01-27 15:19:18,700 - easytorch-training - INFO - Evaluate best model on test data for horizon 10, Test MAE: 14.2887, Test RMSE: 24.8786, Test MAPE: 9.2868
2026-01-27 15:19:18,701 - easytorch-training - INFO - Evaluate best model on test data for horizon 11, Test MAE: 14.4798, Test RMSE: 25.1857, Test MAPE: 9.4016
2026-01-27 15:19:18,702 - easytorch-training - INFO - Evaluate best model on test data for horizon 12, Test MAE: 14.6839, Test RMSE: 25.4712, Test MAPE: 9.5436
2026-01-27 15:19:18,706 - easytorch-training - INFO - Result <test>: [test_time: 1.82 (s), test_MAE: 13.4143, test_RMSE: 23.1861, test_MAPE: 8.6960]
2026-01-27 15:19:18,870 - easytorch-training - INFO - Checkpoint checkpoints/STMAFNet_300/7a9424dbdf56bedb1aca9acb56518206/STMAFNet_136.pt saved
2026-01-27 15:19:18,870 - easytorch-training - INFO - The estimated training finish time is 2026-01-27 17:18:21
2026-01-27 15:19:18,870 - easytorch-training - INFO - Epoch 137 / 300
2026-01-27 15:19:58,346 - easytorch-training - INFO - Result <train>: [train_time: 39.47 (s), lr: 6.25e-05, train_MAE: 12.7725, train_RMSE: 21.6239, train_MAPE: 8.5174]
2026-01-27 15:19:58,347 - easytorch-training - INFO - Start validation.
2026-01-27 15:20:00,317 - easytorch-training - INFO - Result <val>: [val_time: 1.97 (s), val_MAE: 13.5692, val_RMSE: 23.0143, val_MAPE: 10.4478]
2026-01-27 15:20:02,084 - easytorch-training - INFO - Evaluate best model on test data for horizon 1, Test MAE: 11.6225, Test RMSE: 19.1217, Test MAPE: 7.6639
2026-01-27 15:20:02,085 - easytorch-training - INFO - Evaluate best model on test data for horizon 2, Test MAE: 12.1248, Test RMSE: 20.2785, Test MAPE: 7.8568
2026-01-27 15:20:02,086 - easytorch-training - INFO - Evaluate best model on test data for horizon 3, Test MAE: 12.5150, Test RMSE: 21.2449, Test MAPE: 8.1966
2026-01-27 15:20:02,087 - easytorch-training - INFO - Evaluate best model on test data for horizon 4, Test MAE: 12.8870, Test RMSE: 22.0785, Test MAPE: 8.4236
2026-01-27 15:20:02,088 - easytorch-training - INFO - Evaluate best model on test data for horizon 5, Test MAE: 13.1729, Test RMSE: 22.7339, Test MAPE: 8.5713
2026-01-27 15:20:02,090 - easytorch-training - INFO - Evaluate best model on test data for horizon 6, Test MAE: 13.4173, Test RMSE: 23.2709, Test MAPE: 8.8526
2026-01-27 15:20:02,091 - easytorch-training - INFO - Evaluate best model on test data for horizon 7, Test MAE: 13.6814, Test RMSE: 23.8448, Test MAPE: 8.9319
2026-01-27 15:20:02,092 - easytorch-training - INFO - Evaluate best model on test data for horizon 8, Test MAE: 13.9101, Test RMSE: 24.2653, Test MAPE: 9.1080
2026-01-27 15:20:02,093 - easytorch-training - INFO - Evaluate best model on test data for horizon 9, Test MAE: 14.1115, Test RMSE: 24.6217, Test MAPE: 9.2082
2026-01-27 15:20:02,094 - easytorch-training - INFO - Evaluate best model on test data for horizon 10, Test MAE: 14.2936, Test RMSE: 24.9210, Test MAPE: 9.3490
2026-01-27 15:20:02,095 - easytorch-training - INFO - Evaluate best model on test data for horizon 11, Test MAE: 14.4625, Test RMSE: 25.2003, Test MAPE: 9.4107
2026-01-27 15:20:02,096 - easytorch-training - INFO - Evaluate best model on test data for horizon 12, Test MAE: 14.6712, Test RMSE: 25.5035, Test MAPE: 9.5726
2026-01-27 15:20:02,100 - easytorch-training - INFO - Result <test>: [test_time: 1.78 (s), test_MAE: 13.4058, test_RMSE: 23.1736, test_MAPE: 8.7621]
2026-01-27 15:20:02,256 - easytorch-training - INFO - Checkpoint checkpoints/STMAFNet_300/7a9424dbdf56bedb1aca9acb56518206/STMAFNet_137.pt saved
2026-01-27 15:20:02,257 - easytorch-training - INFO - The estimated training finish time is 2026-01-27 17:18:20
2026-01-27 15:20:02,257 - easytorch-training - INFO - Epoch 138 / 300
2026-01-27 15:20:41,597 - easytorch-training - INFO - Result <train>: [train_time: 39.34 (s), lr: 6.25e-05, train_MAE: 12.7652, train_RMSE: 21.6133, train_MAPE: 8.5202]
2026-01-27 15:20:41,599 - easytorch-training - INFO - Start validation.
2026-01-27 15:20:43,605 - easytorch-training - INFO - Result <val>: [val_time: 2.01 (s), val_MAE: 13.5900, val_RMSE: 23.1022, val_MAPE: 10.7255]
2026-01-27 15:20:45,423 - easytorch-training - INFO - Evaluate best model on test data for horizon 1, Test MAE: 11.6343, Test RMSE: 19.1361, Test MAPE: 7.7437
2026-01-27 15:20:45,424 - easytorch-training - INFO - Evaluate best model on test data for horizon 2, Test MAE: 12.1338, Test RMSE: 20.3112, Test MAPE: 7.9756
2026-01-27 15:20:45,425 - easytorch-training - INFO - Evaluate best model on test data for horizon 3, Test MAE: 12.5387, Test RMSE: 21.2879, Test MAPE: 8.2268
2026-01-27 15:20:45,426 - easytorch-training - INFO - Evaluate best model on test data for horizon 4, Test MAE: 12.8907, Test RMSE: 22.1189, Test MAPE: 8.4447
2026-01-27 15:20:45,427 - easytorch-training - INFO - Evaluate best model on test data for horizon 5, Test MAE: 13.1954, Test RMSE: 22.7892, Test MAPE: 8.6237
2026-01-27 15:20:45,428 - easytorch-training - INFO - Evaluate best model on test data for horizon 6, Test MAE: 13.4528, Test RMSE: 23.3391, Test MAPE: 8.8953
2026-01-27 15:20:45,430 - easytorch-training - INFO - Evaluate best model on test data for horizon 7, Test MAE: 13.7020, Test RMSE: 23.8741, Test MAPE: 8.8791
2026-01-27 15:20:45,431 - easytorch-training - INFO - Evaluate best model on test data for horizon 8, Test MAE: 13.9287, Test RMSE: 24.3130, Test MAPE: 9.0586
2026-01-27 15:20:45,432 - easytorch-training - INFO - Evaluate best model on test data for horizon 9, Test MAE: 14.1484, Test RMSE: 24.6721, Test MAPE: 9.2496
2026-01-27 15:20:45,433 - easytorch-training - INFO - Evaluate best model on test data for horizon 10, Test MAE: 14.3239, Test RMSE: 24.9881, Test MAPE: 9.4262
2026-01-27 15:20:45,434 - easytorch-training - INFO - Evaluate best model on test data for horizon 11, Test MAE: 14.5070, Test RMSE: 25.2602, Test MAPE: 9.5311
2026-01-27 15:20:45,435 - easytorch-training - INFO - Evaluate best model on test data for horizon 12, Test MAE: 14.7319, Test RMSE: 25.5507, Test MAPE: 9.9779
2026-01-27 15:20:45,439 - easytorch-training - INFO - Result <test>: [test_time: 1.83 (s), test_MAE: 13.4323, test_RMSE: 23.2206, test_MAPE: 8.8360]
2026-01-27 15:20:45,584 - easytorch-training - INFO - Checkpoint checkpoints/STMAFNet_300/7a9424dbdf56bedb1aca9acb56518206/STMAFNet_138.pt saved
2026-01-27 15:20:45,584 - easytorch-training - INFO - The estimated training finish time is 2026-01-27 17:18:20
2026-01-27 15:20:45,584 - easytorch-training - INFO - Epoch 139 / 300
2026-01-27 15:21:25,054 - easytorch-training - INFO - Result <train>: [train_time: 39.47 (s), lr: 6.25e-05, train_MAE: 12.7624, train_RMSE: 21.6098, train_MAPE: 8.5152]
2026-01-27 15:21:25,056 - easytorch-training - INFO - Start validation.
2026-01-27 15:21:27,022 - easytorch-training - INFO - Result <val>: [val_time: 1.97 (s), val_MAE: 13.6040, val_RMSE: 23.0729, val_MAPE: 10.4452]
2026-01-27 15:21:28,870 - easytorch-training - INFO - Evaluate best model on test data for horizon 1, Test MAE: 11.6270, Test RMSE: 19.1164, Test MAPE: 7.5407
2026-01-27 15:21:28,871 - easytorch-training - INFO - Evaluate best model on test data for horizon 2, Test MAE: 12.1382, Test RMSE: 20.3121, Test MAPE: 7.8277
2026-01-27 15:21:28,872 - easytorch-training - INFO - Evaluate best model on test data for horizon 3, Test MAE: 12.5356, Test RMSE: 21.2606, Test MAPE: 8.0760
2026-01-27 15:21:28,874 - easytorch-training - INFO - Evaluate best model on test data for horizon 4, Test MAE: 12.8897, Test RMSE: 22.0563, Test MAPE: 8.3116
2026-01-27 15:21:28,875 - easytorch-training - INFO - Evaluate best model on test data for horizon 5, Test MAE: 13.1841, Test RMSE: 22.7190, Test MAPE: 8.5052
2026-01-27 15:21:28,876 - easytorch-training - INFO - Evaluate best model on test data for horizon 6, Test MAE: 13.4516, Test RMSE: 23.2806, Test MAPE: 8.6715
2026-01-27 15:21:28,877 - easytorch-training - INFO - Evaluate best model on test data for horizon 7, Test MAE: 13.7242, Test RMSE: 23.8367, Test MAPE: 8.8752
2026-01-27 15:21:28,878 - easytorch-training - INFO - Evaluate best model on test data for horizon 8, Test MAE: 13.9632, Test RMSE: 24.3256, Test MAPE: 9.0334
2026-01-27 15:21:28,879 - easytorch-training - INFO - Evaluate best model on test data for horizon 9, Test MAE: 14.1703, Test RMSE: 24.6841, Test MAPE: 9.1388
2026-01-27 15:21:28,880 - easytorch-training - INFO - Evaluate best model on test data for horizon 10, Test MAE: 14.3436, Test RMSE: 24.9828, Test MAPE: 9.3254
2026-01-27 15:21:28,881 - easytorch-training - INFO - Evaluate best model on test data for horizon 11, Test MAE: 14.5107, Test RMSE: 25.2681, Test MAPE: 9.4000
2026-01-27 15:21:28,882 - easytorch-training - INFO - Evaluate best model on test data for horizon 12, Test MAE: 14.7401, Test RMSE: 25.5902, Test MAPE: 9.5557
2026-01-27 15:21:28,886 - easytorch-training - INFO - Result <test>: [test_time: 1.86 (s), test_MAE: 13.4399, test_RMSE: 23.2044, test_MAPE: 8.6884]
2026-01-27 15:21:29,030 - easytorch-training - INFO - Checkpoint checkpoints/STMAFNet_300/7a9424dbdf56bedb1aca9acb56518206/STMAFNet_139.pt saved
2026-01-27 15:21:29,031 - easytorch-training - INFO - The estimated training finish time is 2026-01-27 17:18:20
2026-01-27 15:21:29,031 - easytorch-training - INFO - Epoch 140 / 300
2026-01-27 15:22:08,378 - easytorch-training - INFO - Result <train>: [train_time: 39.35 (s), lr: 6.25e-05, train_MAE: 12.7583, train_RMSE: 21.6039, train_MAPE: 8.5185]
2026-01-27 15:22:08,380 - easytorch-training - INFO - Start validation.
2026-01-27 15:22:11,050 - easytorch-training - INFO - Result <val>: [val_time: 2.67 (s), val_MAE: 13.5605, val_RMSE: 22.9928, val_MAPE: 10.4943]
2026-01-27 15:22:11,414 - easytorch-training - INFO - Checkpoint checkpoints/STMAFNet_300/7a9424dbdf56bedb1aca9acb56518206/STMAFNet_best_val_MAE.pt saved
2026-01-27 15:22:13,751 - easytorch-training - INFO - Evaluate best model on test data for horizon 1, Test MAE: 11.6163, Test RMSE: 19.1061, Test MAPE: 7.5442
2026-01-27 15:22:13,753 - easytorch-training - INFO - Evaluate best model on test data for horizon 2, Test MAE: 12.1154, Test RMSE: 20.3012, Test MAPE: 7.8304
2026-01-27 15:22:13,754 - easytorch-training - INFO - Evaluate best model on test data for horizon 3, Test MAE: 12.5469, Test RMSE: 21.2577, Test MAPE: 8.1066
2026-01-27 15:22:13,755 - easytorch-training - INFO - Evaluate best model on test data for horizon 4, Test MAE: 12.8835, Test RMSE: 22.0771, Test MAPE: 8.3062
2026-01-27 15:22:13,756 - easytorch-training - INFO - Evaluate best model on test data for horizon 5, Test MAE: 13.1804, Test RMSE: 22.7489, Test MAPE: 8.4991
2026-01-27 15:22:13,757 - easytorch-training - INFO - Evaluate best model on test data for horizon 6, Test MAE: 13.4410, Test RMSE: 23.2986, Test MAPE: 8.6599
2026-01-27 15:22:13,758 - easytorch-training - INFO - Evaluate best model on test data for horizon 7, Test MAE: 13.6894, Test RMSE: 23.8363, Test MAPE: 8.8349
2026-01-27 15:22:13,759 - easytorch-training - INFO - Evaluate best model on test data for horizon 8, Test MAE: 13.9104, Test RMSE: 24.2605, Test MAPE: 8.9870
2026-01-27 15:22:13,760 - easytorch-training - INFO - Evaluate best model on test data for horizon 9, Test MAE: 14.1285, Test RMSE: 24.6276, Test MAPE: 9.1468
2026-01-27 15:22:13,761 - easytorch-training - INFO - Evaluate best model on test data for horizon 10, Test MAE: 14.2863, Test RMSE: 24.9256, Test MAPE: 9.2814
2026-01-27 15:22:13,762 - easytorch-training - INFO - Evaluate best model on test data for horizon 11, Test MAE: 14.4762, Test RMSE: 25.2337, Test MAPE: 9.4153
2026-01-27 15:22:13,764 - easytorch-training - INFO - Evaluate best model on test data for horizon 12, Test MAE: 14.6766, Test RMSE: 25.5258, Test MAPE: 9.5578
2026-01-27 15:22:13,767 - easytorch-training - INFO - Result <test>: [test_time: 2.35 (s), test_MAE: 13.4126, test_RMSE: 23.1834, test_MAPE: 8.6808]
2026-01-27 15:22:13,911 - easytorch-training - INFO - Checkpoint checkpoints/STMAFNet_300/7a9424dbdf56bedb1aca9acb56518206/STMAFNet_140.pt saved
2026-01-27 15:22:13,925 - easytorch-training - INFO - The estimated training finish time is 2026-01-27 17:18:23
2026-01-27 15:22:13,925 - easytorch-training - INFO - Epoch 141 / 300
2026-01-27 15:22:53,551 - easytorch-training - INFO - Result <train>: [train_time: 39.63 (s), lr: 6.25e-05, train_MAE: 12.7549, train_RMSE: 21.6012, train_MAPE: 8.5119]
2026-01-27 15:22:53,553 - easytorch-training - INFO - Start validation.
2026-01-27 15:22:55,492 - easytorch-training - INFO - Result <val>: [val_time: 1.94 (s), val_MAE: 13.5453, val_RMSE: 23.0011, val_MAPE: 10.1890]
2026-01-27 15:22:55,741 - easytorch-training - INFO - Checkpoint checkpoints/STMAFNet_300/7a9424dbdf56bedb1aca9acb56518206/STMAFNet_best_val_MAE.pt saved
2026-01-27 15:22:57,564 - easytorch-training - INFO - Evaluate best model on test data for horizon 1, Test MAE: 11.6180, Test RMSE: 19.1104, Test MAPE: 7.5358
2026-01-27 15:22:57,565 - easytorch-training - INFO - Evaluate best model on test data for horizon 2, Test MAE: 12.1149, Test RMSE: 20.2935, Test MAPE: 7.8777
2026-01-27 15:22:57,566 - easytorch-training - INFO - Evaluate best model on test data for horizon 3, Test MAE: 12.5048, Test RMSE: 21.2560, Test MAPE: 8.0743
2026-01-27 15:22:57,568 - easytorch-training - INFO - Evaluate best model on test data for horizon 4, Test MAE: 12.8543, Test RMSE: 22.0598, Test MAPE: 8.3115
2026-01-27 15:22:57,569 - easytorch-training - INFO - Evaluate best model on test data for horizon 5, Test MAE: 13.1515, Test RMSE: 22.7321, Test MAPE: 8.4932
2026-01-27 15:22:57,570 - easytorch-training - INFO - Evaluate best model on test data for horizon 6, Test MAE: 13.4390, Test RMSE: 23.2995, Test MAPE: 8.7108
2026-01-27 15:22:57,571 - easytorch-training - INFO - Evaluate best model on test data for horizon 7, Test MAE: 13.6554, Test RMSE: 23.7938, Test MAPE: 8.8257
2026-01-27 15:22:57,572 - easytorch-training - INFO - Evaluate best model on test data for horizon 8, Test MAE: 13.8844, Test RMSE: 24.2013, Test MAPE: 8.9720
2026-01-27 15:22:57,573 - easytorch-training - INFO - Evaluate best model on test data for horizon 9, Test MAE: 14.1021, Test RMSE: 24.5852, Test MAPE: 9.1088
2026-01-27 15:22:57,574 - easytorch-training - INFO - Evaluate best model on test data for horizon 10, Test MAE: 14.2707, Test RMSE: 24.8768, Test MAPE: 9.2640
2026-01-27 15:22:57,575 - easytorch-training - INFO - Evaluate best model on test data for horizon 11, Test MAE: 14.4672, Test RMSE: 25.1983, Test MAPE: 9.3697
2026-01-27 15:22:57,576 - easytorch-training - INFO - Evaluate best model on test data for horizon 12, Test MAE: 14.6592, Test RMSE: 25.4856, Test MAPE: 9.5382
2026-01-27 15:22:57,580 - easytorch-training - INFO - Result <test>: [test_time: 1.84 (s), test_MAE: 13.3935, test_RMSE: 23.1566, test_MAPE: 8.6735]
2026-01-27 15:22:57,723 - easytorch-training - INFO - Checkpoint checkpoints/STMAFNet_300/7a9424dbdf56bedb1aca9acb56518206/STMAFNet_141.pt saved
2026-01-27 15:22:57,724 - easytorch-training - INFO - The estimated training finish time is 2026-01-27 17:18:23
2026-01-27 15:22:57,724 - easytorch-training - INFO - Epoch 142 / 300
2026-01-27 15:23:36,916 - easytorch-training - INFO - Result <train>: [train_time: 39.19 (s), lr: 6.25e-05, train_MAE: 12.7551, train_RMSE: 21.6013, train_MAPE: 8.5008]
2026-01-27 15:23:36,918 - easytorch-training - INFO - Start validation.
2026-01-27 15:23:39,008 - easytorch-training - INFO - Result <val>: [val_time: 2.09 (s), val_MAE: 13.5967, val_RMSE: 23.1007, val_MAPE: 10.5313]
2026-01-27 15:23:40,843 - easytorch-training - INFO - Evaluate best model on test data for horizon 1, Test MAE: 11.6362, Test RMSE: 19.1288, Test MAPE: 7.7248
2026-01-27 15:23:40,844 - easytorch-training - INFO - Evaluate best model on test data for horizon 2, Test MAE: 12.1487, Test RMSE: 20.3578, Test MAPE: 7.9475
2026-01-27 15:23:40,845 - easytorch-training - INFO - Evaluate best model on test data for horizon 3, Test MAE: 12.5365, Test RMSE: 21.2972, Test MAPE: 8.1397
2026-01-27 15:23:40,846 - easytorch-training - INFO - Evaluate best model on test data for horizon 4, Test MAE: 12.8901, Test RMSE: 22.1245, Test MAPE: 8.4336
2026-01-27 15:23:40,847 - easytorch-training - INFO - Evaluate best model on test data for horizon 5, Test MAE: 13.2007, Test RMSE: 22.8223, Test MAPE: 8.6425
2026-01-27 15:23:40,848 - easytorch-training - INFO - Evaluate best model on test data for horizon 6, Test MAE: 13.4698, Test RMSE: 23.3906, Test MAPE: 8.7969
2026-01-27 15:23:40,850 - easytorch-training - INFO - Evaluate best model on test data for horizon 7, Test MAE: 13.7115, Test RMSE: 23.9293, Test MAPE: 8.9155
2026-01-27 15:23:40,851 - easytorch-training - INFO - Evaluate best model on test data for horizon 8, Test MAE: 13.9439, Test RMSE: 24.3587, Test MAPE: 9.1094
2026-01-27 15:23:40,852 - easytorch-training - INFO - Evaluate best model on test data for horizon 9, Test MAE: 14.1527, Test RMSE: 24.6933, Test MAPE: 9.1765
2026-01-27 15:23:40,853 - easytorch-training - INFO - Evaluate best model on test data for horizon 10, Test MAE: 14.3064, Test RMSE: 24.9628, Test MAPE: 9.2571
2026-01-27 15:23:40,854 - easytorch-training - INFO - Evaluate best model on test data for horizon 11, Test MAE: 14.4960, Test RMSE: 25.2583, Test MAPE: 9.3849
2026-01-27 15:23:40,855 - easytorch-training - INFO - Evaluate best model on test data for horizon 12, Test MAE: 14.6885, Test RMSE: 25.5687, Test MAPE: 9.5593
2026-01-27 15:23:40,859 - easytorch-training - INFO - Result <test>: [test_time: 1.85 (s), test_MAE: 13.4318, test_RMSE: 23.2415, test_MAPE: 8.7573]
2026-01-27 15:23:41,003 - easytorch-training - INFO - Checkpoint checkpoints/STMAFNet_300/7a9424dbdf56bedb1aca9acb56518206/STMAFNet_142.pt saved
2026-01-27 15:23:41,003 - easytorch-training - INFO - The estimated training finish time is 2026-01-27 17:18:23
2026-01-27 15:23:41,003 - easytorch-training - INFO - Epoch 143 / 300
2026-01-27 15:24:20,679 - easytorch-training - INFO - Result <train>: [train_time: 39.68 (s), lr: 6.25e-05, train_MAE: 12.7478, train_RMSE: 21.5886, train_MAPE: 8.5101]
2026-01-27 15:24:20,681 - easytorch-training - INFO - Start validation.
2026-01-27 15:24:22,598 - easytorch-training - INFO - Result <val>: [val_time: 1.92 (s), val_MAE: 13.5654, val_RMSE: 23.0169, val_MAPE: 10.3261]
2026-01-27 15:24:24,440 - easytorch-training - INFO - Evaluate best model on test data for horizon 1, Test MAE: 11.6166, Test RMSE: 19.0956, Test MAPE: 7.6649
2026-01-27 15:24:24,441 - easytorch-training - INFO - Evaluate best model on test data for horizon 2, Test MAE: 12.1217, Test RMSE: 20.3023, Test MAPE: 7.9079
2026-01-27 15:24:24,442 - easytorch-training - INFO - Evaluate best model on test data for horizon 3, Test MAE: 12.5228, Test RMSE: 21.2467, Test MAPE: 8.0878
2026-01-27 15:24:24,443 - easytorch-training - INFO - Evaluate best model on test data for horizon 4, Test MAE: 12.8677, Test RMSE: 22.0409, Test MAPE: 8.3400
2026-01-27 15:24:24,445 - easytorch-training - INFO - Evaluate best model on test data for horizon 5, Test MAE: 13.1771, Test RMSE: 22.7360, Test MAPE: 8.5600
2026-01-27 15:24:24,446 - easytorch-training - INFO - Evaluate best model on test data for horizon 6, Test MAE: 13.4346, Test RMSE: 23.2842, Test MAPE: 8.7335
2026-01-27 15:24:24,447 - easytorch-training - INFO - Evaluate best model on test data for horizon 7, Test MAE: 13.6910, Test RMSE: 23.8146, Test MAPE: 8.9138
2026-01-27 15:24:24,448 - easytorch-training - INFO - Evaluate best model on test data for horizon 8, Test MAE: 13.9150, Test RMSE: 24.2385, Test MAPE: 9.0057
2026-01-27 15:24:24,449 - easytorch-training - INFO - Evaluate best model on test data for horizon 9, Test MAE: 14.1193, Test RMSE: 24.5947, Test MAPE: 9.1613
2026-01-27 15:24:24,450 - easytorch-training - INFO - Evaluate best model on test data for horizon 10, Test MAE: 14.3072, Test RMSE: 24.8963, Test MAPE: 9.3672
2026-01-27 15:24:24,451 - easytorch-training - INFO - Evaluate best model on test data for horizon 11, Test MAE: 14.4986, Test RMSE: 25.2133, Test MAPE: 9.4280
2026-01-27 15:24:24,452 - easytorch-training - INFO - Evaluate best model on test data for horizon 12, Test MAE: 14.7041, Test RMSE: 25.5358, Test MAPE: 9.5796
2026-01-27 15:24:24,456 - easytorch-training - INFO - Result <test>: [test_time: 1.86 (s), test_MAE: 13.4146, test_RMSE: 23.1666, test_MAPE: 8.7291]
2026-01-27 15:24:24,601 - easytorch-training - INFO - Checkpoint checkpoints/STMAFNet_300/7a9424dbdf56bedb1aca9acb56518206/STMAFNet_143.pt saved
2026-01-27 15:24:24,602 - easytorch-training - INFO - The estimated training finish time is 2026-01-27 17:18:23
2026-01-27 15:24:24,602 - easytorch-training - INFO - Epoch 144 / 300
2026-01-27 15:25:04,106 - easytorch-training - INFO - Result <train>: [train_time: 39.50 (s), lr: 6.25e-05, train_MAE: 12.7411, train_RMSE: 21.5732, train_MAPE: 8.5046]
2026-01-27 15:25:04,107 - easytorch-training - INFO - Start validation.
2026-01-27 15:25:06,074 - easytorch-training - INFO - Result <val>: [val_time: 1.97 (s), val_MAE: 13.5648, val_RMSE: 22.9946, val_MAPE: 10.3556]
2026-01-27 15:25:07,929 - easytorch-training - INFO - Evaluate best model on test data for horizon 1, Test MAE: 11.6293, Test RMSE: 19.1046, Test MAPE: 7.5459
2026-01-27 15:25:07,930 - easytorch-training - INFO - Evaluate best model on test data for horizon 2, Test MAE: 12.1235, Test RMSE: 20.2948, Test MAPE: 7.8107
2026-01-27 15:25:07,931 - easytorch-training - INFO - Evaluate best model on test data for horizon 3, Test MAE: 12.5246, Test RMSE: 21.2319, Test MAPE: 8.0423
2026-01-27 15:25:07,932 - easytorch-training - INFO - Evaluate best model on test data for horizon 4, Test MAE: 12.8597, Test RMSE: 22.0269, Test MAPE: 8.3029
2026-01-27 15:25:07,933 - easytorch-training - INFO - Evaluate best model on test data for horizon 5, Test MAE: 13.1907, Test RMSE: 22.7123, Test MAPE: 8.4778
2026-01-27 15:25:07,934 - easytorch-training - INFO - Evaluate best model on test data for horizon 6, Test MAE: 13.4335, Test RMSE: 23.2534, Test MAPE: 8.6543
2026-01-27 15:25:07,935 - easytorch-training - INFO - Evaluate best model on test data for horizon 7, Test MAE: 13.6622, Test RMSE: 23.7629, Test MAPE: 8.8226
2026-01-27 15:25:07,936 - easytorch-training - INFO - Evaluate best model on test data for horizon 8, Test MAE: 13.8963, Test RMSE: 24.1957, Test MAPE: 9.0191
2026-01-27 15:25:07,938 - easytorch-training - INFO - Evaluate best model on test data for horizon 9, Test MAE: 14.1127, Test RMSE: 24.5484, Test MAPE: 9.1482
2026-01-27 15:25:07,939 - easytorch-training - INFO - Evaluate best model on test data for horizon 10, Test MAE: 14.2845, Test RMSE: 24.8444, Test MAPE: 9.2175
2026-01-27 15:25:07,940 - easytorch-training - INFO - Evaluate best model on test data for horizon 11, Test MAE: 14.4654, Test RMSE: 25.1288, Test MAPE: 9.3435
2026-01-27 15:25:07,941 - easytorch-training - INFO - Evaluate best model on test data for horizon 12, Test MAE: 14.6748, Test RMSE: 25.4616, Test MAPE: 9.5089
2026-01-27 15:25:07,945 - easytorch-training - INFO - Result <test>: [test_time: 1.87 (s), test_MAE: 13.4048, test_RMSE: 23.1285, test_MAPE: 8.6578]
2026-01-27 15:25:08,089 - easytorch-training - INFO - Checkpoint checkpoints/STMAFNet_300/7a9424dbdf56bedb1aca9acb56518206/STMAFNet_144.pt saved
2026-01-27 15:25:08,089 - easytorch-training - INFO - The estimated training finish time is 2026-01-27 17:18:22
2026-01-27 15:25:08,089 - easytorch-training - INFO - Epoch 145 / 300
2026-01-27 15:25:47,813 - easytorch-training - INFO - Result <train>: [train_time: 39.72 (s), lr: 6.25e-05, train_MAE: 12.7392, train_RMSE: 21.5727, train_MAPE: 8.5009]
2026-01-27 15:25:47,815 - easytorch-training - INFO - Start validation.
2026-01-27 15:25:49,774 - easytorch-training - INFO - Result <val>: [val_time: 1.96 (s), val_MAE: 13.5730, val_RMSE: 23.0363, val_MAPE: 10.1271]
2026-01-27 15:25:51,633 - easytorch-training - INFO - Evaluate best model on test data for horizon 1, Test MAE: 11.6246, Test RMSE: 19.1092, Test MAPE: 7.5438
2026-01-27 15:25:51,634 - easytorch-training - INFO - Evaluate best model on test data for horizon 2, Test MAE: 12.1249, Test RMSE: 20.2896, Test MAPE: 7.8264
2026-01-27 15:25:51,636 - easytorch-training - INFO - Evaluate best model on test data for horizon 3, Test MAE: 12.5324, Test RMSE: 21.2549, Test MAPE: 8.0718
2026-01-27 15:25:51,637 - easytorch-training - INFO - Evaluate best model on test data for horizon 4, Test MAE: 12.8875, Test RMSE: 22.0733, Test MAPE: 8.3193
2026-01-27 15:25:51,638 - easytorch-training - INFO - Evaluate best model on test data for horizon 5, Test MAE: 13.1916, Test RMSE: 22.7754, Test MAPE: 8.5210
2026-01-27 15:25:51,639 - easytorch-training - INFO - Evaluate best model on test data for horizon 6, Test MAE: 13.4455, Test RMSE: 23.3285, Test MAPE: 8.6785
2026-01-27 15:25:51,640 - easytorch-training - INFO - Evaluate best model on test data for horizon 7, Test MAE: 13.6970, Test RMSE: 23.8289, Test MAPE: 8.8426
2026-01-27 15:25:51,641 - easytorch-training - INFO - Evaluate best model on test data for horizon 8, Test MAE: 13.9285, Test RMSE: 24.2776, Test MAPE: 8.9943
2026-01-27 15:25:51,642 - easytorch-training - INFO - Evaluate best model on test data for horizon 9, Test MAE: 14.1503, Test RMSE: 24.6585, Test MAPE: 9.1575
2026-01-27 15:25:51,643 - easytorch-training - INFO - Evaluate best model on test data for horizon 10, Test MAE: 14.3174, Test RMSE: 24.9427, Test MAPE: 9.2714
2026-01-27 15:25:51,644 - easytorch-training - INFO - Evaluate best model on test data for horizon 11, Test MAE: 14.5060, Test RMSE: 25.2555, Test MAPE: 9.3815
2026-01-27 15:25:51,645 - easytorch-training - INFO - Evaluate best model on test data for horizon 12, Test MAE: 14.7269, Test RMSE: 25.5875, Test MAPE: 9.5753
2026-01-27 15:25:51,649 - easytorch-training - INFO - Result <test>: [test_time: 1.87 (s), test_MAE: 13.4277, test_RMSE: 23.1997, test_MAPE: 8.6820]
2026-01-27 15:25:51,795 - easytorch-training - INFO - Checkpoint checkpoints/STMAFNet_300/7a9424dbdf56bedb1aca9acb56518206/STMAFNet_145.pt saved
2026-01-27 15:25:51,796 - easytorch-training - INFO - The estimated training finish time is 2026-01-27 17:18:23
2026-01-27 15:25:51,796 - easytorch-training - INFO - Epoch 146 / 300
2026-01-27 15:26:31,045 - easytorch-training - INFO - Result <train>: [train_time: 39.25 (s), lr: 6.25e-05, train_MAE: 12.7367, train_RMSE: 21.5719, train_MAPE: 8.5041]
2026-01-27 15:26:31,046 - easytorch-training - INFO - Start validation.
2026-01-27 15:26:33,019 - easytorch-training - INFO - Result <val>: [val_time: 1.97 (s), val_MAE: 13.5743, val_RMSE: 23.0849, val_MAPE: 10.5580]
2026-01-27 15:26:34,910 - easytorch-training - INFO - Evaluate best model on test data for horizon 1, Test MAE: 11.6141, Test RMSE: 19.1216, Test MAPE: 7.6089
2026-01-27 15:26:34,911 - easytorch-training - INFO - Evaluate best model on test data for horizon 2, Test MAE: 12.1212, Test RMSE: 20.3267, Test MAPE: 7.8876
2026-01-27 15:26:34,912 - easytorch-training - INFO - Evaluate best model on test data for horizon 3, Test MAE: 12.5398, Test RMSE: 21.2784, Test MAPE: 8.3098
2026-01-27 15:26:34,914 - easytorch-training - INFO - Evaluate best model on test data for horizon 4, Test MAE: 12.8964, Test RMSE: 22.1156, Test MAPE: 8.4856
2026-01-27 15:26:34,915 - easytorch-training - INFO - Evaluate best model on test data for horizon 5, Test MAE: 13.2124, Test RMSE: 22.8571, Test MAPE: 8.5520
2026-01-27 15:26:34,916 - easytorch-training - INFO - Evaluate best model on test data for horizon 6, Test MAE: 13.4739, Test RMSE: 23.3940, Test MAPE: 8.7582
2026-01-27 15:26:34,917 - easytorch-training - INFO - Evaluate best model on test data for horizon 7, Test MAE: 13.7296, Test RMSE: 23.9248, Test MAPE: 9.0401
2026-01-27 15:26:34,918 - easytorch-training - INFO - Evaluate best model on test data for horizon 8, Test MAE: 13.9501, Test RMSE: 24.3462, Test MAPE: 9.1856
2026-01-27 15:26:34,919 - easytorch-training - INFO - Evaluate best model on test data for horizon 9, Test MAE: 14.1579, Test RMSE: 24.7136, Test MAPE: 9.2595
2026-01-27 15:26:34,920 - easytorch-training - INFO - Evaluate best model on test data for horizon 10, Test MAE: 14.3174, Test RMSE: 24.9898, Test MAPE: 9.3394
2026-01-27 15:26:34,921 - easytorch-training - INFO - Evaluate best model on test data for horizon 11, Test MAE: 14.5039, Test RMSE: 25.2694, Test MAPE: 9.5419
2026-01-27 15:26:34,922 - easytorch-training - INFO - Evaluate best model on test data for horizon 12, Test MAE: 14.7026, Test RMSE: 25.5890, Test MAPE: 9.6211
2026-01-27 15:26:34,926 - easytorch-training - INFO - Result <test>: [test_time: 1.91 (s), test_MAE: 13.4349, test_RMSE: 23.2453, test_MAPE: 8.7991]
2026-01-27 15:26:35,070 - easytorch-training - INFO - Checkpoint checkpoints/STMAFNet_300/7a9424dbdf56bedb1aca9acb56518206/STMAFNet_146.pt saved
2026-01-27 15:26:35,071 - easytorch-training - INFO - The estimated training finish time is 2026-01-27 17:18:22
2026-01-27 15:26:35,071 - easytorch-training - INFO - Epoch 147 / 300
2026-01-27 15:27:14,627 - easytorch-training - INFO - Result <train>: [train_time: 39.56 (s), lr: 6.25e-05, train_MAE: 12.7295, train_RMSE: 21.5522, train_MAPE: 8.4975]
2026-01-27 15:27:14,629 - easytorch-training - INFO - Start validation.
2026-01-27 15:27:16,616 - easytorch-training - INFO - Result <val>: [val_time: 1.99 (s), val_MAE: 13.5491, val_RMSE: 22.9873, val_MAPE: 10.2726]
2026-01-27 15:27:18,464 - easytorch-training - INFO - Evaluate best model on test data for horizon 1, Test MAE: 11.6250, Test RMSE: 19.1059, Test MAPE: 7.8989
2026-01-27 15:27:18,465 - easytorch-training - INFO - Evaluate best model on test data for horizon 2, Test MAE: 12.1190, Test RMSE: 20.2919, Test MAPE: 8.2184
2026-01-27 15:27:18,466 - easytorch-training - INFO - Evaluate best model on test data for horizon 3, Test MAE: 12.5125, Test RMSE: 21.2498, Test MAPE: 8.2999
2026-01-27 15:27:18,468 - easytorch-training - INFO - Evaluate best model on test data for horizon 4, Test MAE: 12.8493, Test RMSE: 22.0701, Test MAPE: 8.4456
2026-01-27 15:27:18,469 - easytorch-training - INFO - Evaluate best model on test data for horizon 5, Test MAE: 13.1717, Test RMSE: 22.7541, Test MAPE: 8.6814
2026-01-27 15:27:18,470 - easytorch-training - INFO - Evaluate best model on test data for horizon 6, Test MAE: 13.4198, Test RMSE: 23.2973, Test MAPE: 8.7810
2026-01-27 15:27:18,471 - easytorch-training - INFO - Evaluate best model on test data for horizon 7, Test MAE: 13.6827, Test RMSE: 23.8120, Test MAPE: 8.9918
2026-01-27 15:27:18,472 - easytorch-training - INFO - Evaluate best model on test data for horizon 8, Test MAE: 13.9164, Test RMSE: 24.2228, Test MAPE: 9.1930
2026-01-27 15:27:18,473 - easytorch-training - INFO - Evaluate best model on test data for horizon 9, Test MAE: 14.1126, Test RMSE: 24.5866, Test MAPE: 9.1976
2026-01-27 15:27:18,474 - easytorch-training - INFO - Evaluate best model on test data for horizon 10, Test MAE: 14.3000, Test RMSE: 24.9227, Test MAPE: 9.2893
2026-01-27 15:27:18,475 - easytorch-training - INFO - Evaluate best model on test data for horizon 11, Test MAE: 14.4996, Test RMSE: 25.2145, Test MAPE: 9.5611
2026-01-27 15:27:18,476 - easytorch-training - INFO - Evaluate best model on test data for horizon 12, Test MAE: 14.7039, Test RMSE: 25.5251, Test MAPE: 9.6784
2026-01-27 15:27:18,480 - easytorch-training - INFO - Result <test>: [test_time: 1.86 (s), test_MAE: 13.4094, test_RMSE: 23.1708, test_MAPE: 8.8530]
2026-01-27 15:27:18,625 - easytorch-training - INFO - Checkpoint checkpoints/STMAFNet_300/7a9424dbdf56bedb1aca9acb56518206/STMAFNet_147.pt saved
2026-01-27 15:27:18,626 - easytorch-training - INFO - The estimated training finish time is 2026-01-27 17:18:22
2026-01-27 15:27:18,626 - easytorch-training - INFO - Epoch 148 / 300
2026-01-27 15:27:58,212 - easytorch-training - INFO - Result <train>: [train_time: 39.59 (s), lr: 6.25e-05, train_MAE: 12.7306, train_RMSE: 21.5683, train_MAPE: 8.4870]
2026-01-27 15:27:58,214 - easytorch-training - INFO - Start validation.
2026-01-27 15:28:00,217 - easytorch-training - INFO - Result <val>: [val_time: 2.00 (s), val_MAE: 13.6297, val_RMSE: 23.1722, val_MAPE: 10.7450]
2026-01-27 15:28:02,067 - easytorch-training - INFO - Evaluate best model on test data for horizon 1, Test MAE: 11.6222, Test RMSE: 19.1382, Test MAPE: 7.5602
2026-01-27 15:28:02,068 - easytorch-training - INFO - Evaluate best model on test data for horizon 2, Test MAE: 12.1283, Test RMSE: 20.3393, Test MAPE: 7.8243
2026-01-27 15:28:02,069 - easytorch-training - INFO - Evaluate best model on test data for horizon 3, Test MAE: 12.5286, Test RMSE: 21.3074, Test MAPE: 8.1216
2026-01-27 15:28:02,070 - easytorch-training - INFO - Evaluate best model on test data for horizon 4, Test MAE: 12.8956, Test RMSE: 22.1563, Test MAPE: 8.2854
2026-01-27 15:28:02,071 - easytorch-training - INFO - Evaluate best model on test data for horizon 5, Test MAE: 13.2086, Test RMSE: 22.8610, Test MAPE: 8.5577
2026-01-27 15:28:02,073 - easytorch-training - INFO - Evaluate best model on test data for horizon 6, Test MAE: 13.4719, Test RMSE: 23.4108, Test MAPE: 8.7506
2026-01-27 15:28:02,074 - easytorch-training - INFO - Evaluate best model on test data for horizon 7, Test MAE: 13.7246, Test RMSE: 23.9225, Test MAPE: 8.8385
2026-01-27 15:28:02,075 - easytorch-training - INFO - Evaluate best model on test data for horizon 8, Test MAE: 13.9651, Test RMSE: 24.3233, Test MAPE: 8.9895
2026-01-27 15:28:02,076 - easytorch-training - INFO - Evaluate best model on test data for horizon 9, Test MAE: 14.1702, Test RMSE: 24.7131, Test MAPE: 9.1588
2026-01-27 15:28:02,077 - easytorch-training - INFO - Evaluate best model on test data for horizon 10, Test MAE: 14.3411, Test RMSE: 24.9823, Test MAPE: 9.2962
2026-01-27 15:28:02,078 - easytorch-training - INFO - Evaluate best model on test data for horizon 11, Test MAE: 14.5161, Test RMSE: 25.2623, Test MAPE: 9.4025
2026-01-27 15:28:02,079 - easytorch-training - INFO - Evaluate best model on test data for horizon 12, Test MAE: 14.7443, Test RMSE: 25.5777, Test MAPE: 9.5933
2026-01-27 15:28:02,083 - easytorch-training - INFO - Result <test>: [test_time: 1.87 (s), test_MAE: 13.4430, test_RMSE: 23.2499, test_MAPE: 8.6982]
2026-01-27 15:28:02,229 - easytorch-training - INFO - Checkpoint checkpoints/STMAFNet_300/7a9424dbdf56bedb1aca9acb56518206/STMAFNet_148.pt saved
2026-01-27 15:28:02,230 - easytorch-training - INFO - The estimated training finish time is 2026-01-27 17:18:22
2026-01-27 15:28:02,230 - easytorch-training - INFO - Epoch 149 / 300
2026-01-27 15:28:41,731 - easytorch-training - INFO - Result <train>: [train_time: 39.50 (s), lr: 6.25e-05, train_MAE: 12.7237, train_RMSE: 21.5478, train_MAPE: 8.4881]
2026-01-27 15:28:41,732 - easytorch-training - INFO - Start validation.
2026-01-27 15:28:43,700 - easytorch-training - INFO - Result <val>: [val_time: 1.97 (s), val_MAE: 13.5932, val_RMSE: 23.0994, val_MAPE: 10.4554]
2026-01-27 15:28:45,574 - easytorch-training - INFO - Evaluate best model on test data for horizon 1, Test MAE: 11.6158, Test RMSE: 19.1260, Test MAPE: 7.5792
2026-01-27 15:28:45,575 - easytorch-training - INFO - Evaluate best model on test data for horizon 2, Test MAE: 12.1259, Test RMSE: 20.3385, Test MAPE: 7.8330
2026-01-27 15:28:45,576 - easytorch-training - INFO - Evaluate best model on test data for horizon 3, Test MAE: 12.5509, Test RMSE: 21.3294, Test MAPE: 8.0849
2026-01-27 15:28:45,577 - easytorch-training - INFO - Evaluate best model on test data for horizon 4, Test MAE: 12.8979, Test RMSE: 22.1722, Test MAPE: 8.3472
2026-01-27 15:28:45,578 - easytorch-training - INFO - Evaluate best model on test data for horizon 5, Test MAE: 13.1980, Test RMSE: 22.8441, Test MAPE: 8.5321
2026-01-27 15:28:45,579 - easytorch-training - INFO - Evaluate best model on test data for horizon 6, Test MAE: 13.4589, Test RMSE: 23.3942, Test MAPE: 8.7736
2026-01-27 15:28:45,580 - easytorch-training - INFO - Evaluate best model on test data for horizon 7, Test MAE: 13.7236, Test RMSE: 23.9236, Test MAPE: 8.8598
2026-01-27 15:28:45,582 - easytorch-training - INFO - Evaluate best model on test data for horizon 8, Test MAE: 13.9377, Test RMSE: 24.3346, Test MAPE: 9.0312
2026-01-27 15:28:45,583 - easytorch-training - INFO - Evaluate best model on test data for horizon 9, Test MAE: 14.1495, Test RMSE: 24.7191, Test MAPE: 9.1144
2026-01-27 15:28:45,584 - easytorch-training - INFO - Evaluate best model on test data for horizon 10, Test MAE: 14.3167, Test RMSE: 25.0057, Test MAPE: 9.2374
2026-01-27 15:28:45,585 - easytorch-training - INFO - Evaluate best model on test data for horizon 11, Test MAE: 14.5350, Test RMSE: 25.2915, Test MAPE: 9.5564
2026-01-27 15:28:45,586 - easytorch-training - INFO - Evaluate best model on test data for horizon 12, Test MAE: 14.7235, Test RMSE: 25.5837, Test MAPE: 9.6245
2026-01-27 15:28:45,590 - easytorch-training - INFO - Result <test>: [test_time: 1.89 (s), test_MAE: 13.4361, test_RMSE: 23.2561, test_MAPE: 8.7145]
2026-01-27 15:28:45,734 - easytorch-training - INFO - Checkpoint checkpoints/STMAFNet_300/7a9424dbdf56bedb1aca9acb56518206/STMAFNet_149.pt saved
2026-01-27 15:28:45,735 - easytorch-training - INFO - The estimated training finish time is 2026-01-27 17:18:22
2026-01-27 15:28:45,735 - easytorch-training - INFO - Epoch 150 / 300
2026-01-27 15:29:25,102 - easytorch-training - INFO - Result <train>: [train_time: 39.37 (s), lr: 6.25e-05, train_MAE: 12.7217, train_RMSE: 21.5466, train_MAPE: 8.4870]
2026-01-27 15:29:25,104 - easytorch-training - INFO - Start validation.
2026-01-27 15:29:27,033 - easytorch-training - INFO - Result <val>: [val_time: 1.93 (s), val_MAE: 13.6016, val_RMSE: 23.0986, val_MAPE: 10.5949]
2026-01-27 15:29:28,879 - easytorch-training - INFO - Evaluate best model on test data for horizon 1, Test MAE: 11.6247, Test RMSE: 19.1294, Test MAPE: 7.6139
2026-01-27 15:29:28,881 - easytorch-training - INFO - Evaluate best model on test data for horizon 2, Test MAE: 12.1717, Test RMSE: 20.3566, Test MAPE: 7.9088
2026-01-27 15:29:28,882 - easytorch-training - INFO - Evaluate best model on test data for horizon 3, Test MAE: 12.5456, Test RMSE: 21.3129, Test MAPE: 8.1097
2026-01-27 15:29:28,884 - easytorch-training - INFO - Evaluate best model on test data for horizon 4, Test MAE: 12.9335, Test RMSE: 22.1616, Test MAPE: 8.3401
2026-01-27 15:29:28,885 - easytorch-training - INFO - Evaluate best model on test data for horizon 5, Test MAE: 13.2357, Test RMSE: 22.8545, Test MAPE: 8.5580
2026-01-27 15:29:28,887 - easytorch-training - INFO - Evaluate best model on test data for horizon 6, Test MAE: 13.5069, Test RMSE: 23.4257, Test MAPE: 8.7369
2026-01-27 15:29:28,889 - easytorch-training - INFO - Evaluate best model on test data for horizon 7, Test MAE: 13.7333, Test RMSE: 23.9596, Test MAPE: 8.8957
2026-01-27 15:29:28,890 - easytorch-training - INFO - Evaluate best model on test data for horizon 8, Test MAE: 13.9551, Test RMSE: 24.3760, Test MAPE: 9.0484
2026-01-27 15:29:28,892 - easytorch-training - INFO - Evaluate best model on test data for horizon 9, Test MAE: 14.1704, Test RMSE: 24.7138, Test MAPE: 9.2410
2026-01-27 15:29:28,893 - easytorch-training - INFO - Evaluate best model on test data for horizon 10, Test MAE: 14.3389, Test RMSE: 24.9788, Test MAPE: 9.3994
2026-01-27 15:29:28,895 - easytorch-training - INFO - Evaluate best model on test data for horizon 11, Test MAE: 14.5178, Test RMSE: 25.2941, Test MAPE: 9.4746
2026-01-27 15:29:28,897 - easytorch-training - INFO - Evaluate best model on test data for horizon 12, Test MAE: 14.7232, Test RMSE: 25.5850, Test MAPE: 9.6044
2026-01-27 15:29:28,901 - easytorch-training - INFO - Result <test>: [test_time: 1.87 (s), test_MAE: 13.4547, test_RMSE: 23.2633, test_MAPE: 8.7442]
2026-01-27 15:29:29,094 - easytorch-training - INFO - Checkpoint checkpoints/STMAFNet_300/7a9424dbdf56bedb1aca9acb56518206/STMAFNet_150.pt saved
2026-01-27 15:29:29,110 - easytorch-training - INFO - The estimated training finish time is 2026-01-27 17:18:22
2026-01-27 15:29:29,111 - easytorch-training - INFO - Epoch 151 / 300
2026-01-27 15:30:08,413 - easytorch-training - INFO - Result <train>: [train_time: 39.30 (s), lr: 6.25e-05, train_MAE: 12.7160, train_RMSE: 21.5331, train_MAPE: 8.4894]
2026-01-27 15:30:08,414 - easytorch-training - INFO - Start validation.
2026-01-27 15:30:10,370 - easytorch-training - INFO - Result <val>: [val_time: 1.96 (s), val_MAE: 13.5525, val_RMSE: 23.0316, val_MAPE: 10.3661]
2026-01-27 15:30:12,184 - easytorch-training - INFO - Evaluate best model on test data for horizon 1, Test MAE: 11.6014, Test RMSE: 19.1058, Test MAPE: 7.5879
2026-01-27 15:30:12,186 - easytorch-training - INFO - Evaluate best model on test data for horizon 2, Test MAE: 12.1026, Test RMSE: 20.2870, Test MAPE: 7.8720
2026-01-27 15:30:12,187 - easytorch-training - INFO - Evaluate best model on test data for horizon 3, Test MAE: 12.5061, Test RMSE: 21.2335, Test MAPE: 8.1272
2026-01-27 15:30:12,188 - easytorch-training - INFO - Evaluate best model on test data for horizon 4, Test MAE: 12.8669, Test RMSE: 22.0942, Test MAPE: 8.2743
2026-01-27 15:30:12,189 - easytorch-training - INFO - Evaluate best model on test data for horizon 5, Test MAE: 13.1780, Test RMSE: 22.8200, Test MAPE: 8.4828
2026-01-27 15:30:12,190 - easytorch-training - INFO - Evaluate best model on test data for horizon 6, Test MAE: 13.4485, Test RMSE: 23.4059, Test MAPE: 8.6652
2026-01-27 15:30:12,191 - easytorch-training - INFO - Evaluate best model on test data for horizon 7, Test MAE: 13.6934, Test RMSE: 23.9288, Test MAPE: 8.9074
2026-01-27 15:30:12,192 - easytorch-training - INFO - Evaluate best model on test data for horizon 8, Test MAE: 13.9187, Test RMSE: 24.3438, Test MAPE: 8.9831
2026-01-27 15:30:12,193 - easytorch-training - INFO - Evaluate best model on test data for horizon 9, Test MAE: 14.1224, Test RMSE: 24.6814, Test MAPE: 9.1142
2026-01-27 15:30:12,195 - easytorch-training - INFO - Evaluate best model on test data for horizon 10, Test MAE: 14.3026, Test RMSE: 25.0068, Test MAPE: 9.2358
2026-01-27 15:30:12,196 - easytorch-training - INFO - Evaluate best model on test data for horizon 11, Test MAE: 14.4807, Test RMSE: 25.2570, Test MAPE: 9.3410
2026-01-27 15:30:12,197 - easytorch-training - INFO - Evaluate best model on test data for horizon 12, Test MAE: 14.6789, Test RMSE: 25.5616, Test MAPE: 9.5032
2026-01-27 15:30:12,201 - easytorch-training - INFO - Result <test>: [test_time: 1.83 (s), test_MAE: 13.4083, test_RMSE: 23.2293, test_MAPE: 8.6745]
2026-01-27 15:30:12,345 - easytorch-training - INFO - Checkpoint checkpoints/STMAFNet_300/7a9424dbdf56bedb1aca9acb56518206/STMAFNet_151.pt saved
2026-01-27 15:30:12,345 - easytorch-training - INFO - The estimated training finish time is 2026-01-27 17:18:21
2026-01-27 15:30:12,345 - easytorch-training - INFO - Epoch 152 / 300
2026-01-27 15:30:52,060 - easytorch-training - INFO - Result <train>: [train_time: 39.71 (s), lr: 6.25e-05, train_MAE: 12.7162, train_RMSE: 21.5289, train_MAPE: 8.4783]
2026-01-27 15:30:52,062 - easytorch-training - INFO - Start validation.
2026-01-27 15:30:54,033 - easytorch-training - INFO - Result <val>: [val_time: 1.97 (s), val_MAE: 13.5833, val_RMSE: 23.1036, val_MAPE: 10.6821]
2026-01-27 15:30:55,882 - easytorch-training - INFO - Evaluate best model on test data for horizon 1, Test MAE: 11.6160, Test RMSE: 19.1234, Test MAPE: 7.7085
2026-01-27 15:30:55,883 - easytorch-training - INFO - Evaluate best model on test data for horizon 2, Test MAE: 12.1285, Test RMSE: 20.3416, Test MAPE: 8.0405
2026-01-27 15:30:55,884 - easytorch-training - INFO - Evaluate best model on test data for horizon 3, Test MAE: 12.5146, Test RMSE: 21.2906, Test MAPE: 8.1787
2026-01-27 15:30:55,885 - easytorch-training - INFO - Evaluate best model on test data for horizon 4, Test MAE: 12.8811, Test RMSE: 22.1253, Test MAPE: 8.3864
2026-01-27 15:30:55,886 - easytorch-training - INFO - Evaluate best model on test data for horizon 5, Test MAE: 13.1881, Test RMSE: 22.8311, Test MAPE: 8.5507
2026-01-27 15:30:55,887 - easytorch-training - INFO - Evaluate best model on test data for horizon 6, Test MAE: 13.4444, Test RMSE: 23.3840, Test MAPE: 8.7066
2026-01-27 15:30:55,889 - easytorch-training - INFO - Evaluate best model on test data for horizon 7, Test MAE: 13.7061, Test RMSE: 23.9263, Test MAPE: 8.9038
2026-01-27 15:30:55,890 - easytorch-training - INFO - Evaluate best model on test data for horizon 8, Test MAE: 13.9359, Test RMSE: 24.3232, Test MAPE: 9.0542
2026-01-27 15:30:55,891 - easytorch-training - INFO - Evaluate best model on test data for horizon 9, Test MAE: 14.1503, Test RMSE: 24.7061, Test MAPE: 9.1164
2026-01-27 15:30:55,892 - easytorch-training - INFO - Evaluate best model on test data for horizon 10, Test MAE: 14.3060, Test RMSE: 24.9798, Test MAPE: 9.2422
2026-01-27 15:30:55,893 - easytorch-training - INFO - Evaluate best model on test data for horizon 11, Test MAE: 14.5018, Test RMSE: 25.3041, Test MAPE: 9.3883
2026-01-27 15:30:55,894 - easytorch-training - INFO - Evaluate best model on test data for horizon 12, Test MAE: 14.7096, Test RMSE: 25.6129, Test MAPE: 9.5375
2026-01-27 15:30:55,898 - easytorch-training - INFO - Result <test>: [test_time: 1.86 (s), test_MAE: 13.4235, test_RMSE: 23.2471, test_MAPE: 8.7345]
2026-01-27 15:30:56,043 - easytorch-training - INFO - Checkpoint checkpoints/STMAFNet_300/7a9424dbdf56bedb1aca9acb56518206/STMAFNet_152.pt saved
2026-01-27 15:30:56,043 - easytorch-training - INFO - The estimated training finish time is 2026-01-27 17:18:21
2026-01-27 15:30:56,044 - easytorch-training - INFO - Epoch 153 / 300
2026-01-27 15:31:35,595 - easytorch-training - INFO - Result <train>: [train_time: 39.55 (s), lr: 6.25e-05, train_MAE: 12.7055, train_RMSE: 21.5160, train_MAPE: 8.4751]
2026-01-27 15:31:35,596 - easytorch-training - INFO - Start validation.
2026-01-27 15:31:37,543 - easytorch-training - INFO - Result <val>: [val_time: 1.95 (s), val_MAE: 13.5740, val_RMSE: 23.0575, val_MAPE: 10.5623]
2026-01-27 15:31:39,398 - easytorch-training - INFO - Evaluate best model on test data for horizon 1, Test MAE: 11.6400, Test RMSE: 19.1185, Test MAPE: 7.6682
2026-01-27 15:31:39,400 - easytorch-training - INFO - Evaluate best model on test data for horizon 2, Test MAE: 12.1328, Test RMSE: 20.3002, Test MAPE: 7.9140
2026-01-27 15:31:39,401 - easytorch-training - INFO - Evaluate best model on test data for horizon 3, Test MAE: 12.5258, Test RMSE: 21.2619, Test MAPE: 8.1213
2026-01-27 15:31:39,402 - easytorch-training - INFO - Evaluate best model on test data for horizon 4, Test MAE: 12.8919, Test RMSE: 22.1278, Test MAPE: 8.4020
2026-01-27 15:31:39,403 - easytorch-training - INFO - Evaluate best model on test data for horizon 5, Test MAE: 13.1909, Test RMSE: 22.8283, Test MAPE: 8.5687
2026-01-27 15:31:39,405 - easytorch-training - INFO - Evaluate best model on test data for horizon 6, Test MAE: 13.4817, Test RMSE: 23.4000, Test MAPE: 8.8238
2026-01-27 15:31:39,406 - easytorch-training - INFO - Evaluate best model on test data for horizon 7, Test MAE: 13.7290, Test RMSE: 23.9238, Test MAPE: 8.9112
2026-01-27 15:31:39,407 - easytorch-training - INFO - Evaluate best model on test data for horizon 8, Test MAE: 13.9453, Test RMSE: 24.3563, Test MAPE: 8.9684
2026-01-27 15:31:39,408 - easytorch-training - INFO - Evaluate best model on test data for horizon 9, Test MAE: 14.1470, Test RMSE: 24.7324, Test MAPE: 9.1287
2026-01-27 15:31:39,409 - easytorch-training - INFO - Evaluate best model on test data for horizon 10, Test MAE: 14.3042, Test RMSE: 25.0113, Test MAPE: 9.3608
2026-01-27 15:31:39,410 - easytorch-training - INFO - Evaluate best model on test data for horizon 11, Test MAE: 14.4835, Test RMSE: 25.3071, Test MAPE: 9.5166
2026-01-27 15:31:39,411 - easytorch-training - INFO - Evaluate best model on test data for horizon 12, Test MAE: 14.7238, Test RMSE: 25.5729, Test MAPE: 9.7866
2026-01-27 15:31:39,415 - easytorch-training - INFO - Result <test>: [test_time: 1.87 (s), test_MAE: 13.4330, test_RMSE: 23.2473, test_MAPE: 8.7642]
2026-01-27 15:31:39,561 - easytorch-training - INFO - Checkpoint checkpoints/STMAFNet_300/7a9424dbdf56bedb1aca9acb56518206/STMAFNet_153.pt saved
2026-01-27 15:31:39,561 - easytorch-training - INFO - The estimated training finish time is 2026-01-27 17:18:21
2026-01-27 15:31:39,561 - easytorch-training - INFO - Epoch 154 / 300
2026-01-27 15:32:19,184 - easytorch-training - INFO - Result <train>: [train_time: 39.62 (s), lr: 6.25e-05, train_MAE: 12.7054, train_RMSE: 21.5165, train_MAPE: 8.4785]
2026-01-27 15:32:19,186 - easytorch-training - INFO - Start validation.
2026-01-27 15:32:21,170 - easytorch-training - INFO - Result <val>: [val_time: 1.98 (s), val_MAE: 13.5622, val_RMSE: 23.0602, val_MAPE: 10.7183]
2026-01-27 15:32:23,033 - easytorch-training - INFO - Evaluate best model on test data for horizon 1, Test MAE: 11.6065, Test RMSE: 19.1129, Test MAPE: 7.6287
2026-01-27 15:32:23,035 - easytorch-training - INFO - Evaluate best model on test data for horizon 2, Test MAE: 12.1032, Test RMSE: 20.3085, Test MAPE: 7.9640
2026-01-27 15:32:23,036 - easytorch-training - INFO - Evaluate best model on test data for horizon 3, Test MAE: 12.4990, Test RMSE: 21.2468, Test MAPE: 8.1585
2026-01-27 15:32:23,037 - easytorch-training - INFO - Evaluate best model on test data for horizon 4, Test MAE: 12.8528, Test RMSE: 22.0759, Test MAPE: 8.4663
2026-01-27 15:32:23,038 - easytorch-training - INFO - Evaluate best model on test data for horizon 5, Test MAE: 13.1521, Test RMSE: 22.7518, Test MAPE: 8.5174
2026-01-27 15:32:23,039 - easytorch-training - INFO - Evaluate best model on test data for horizon 6, Test MAE: 13.4094, Test RMSE: 23.2947, Test MAPE: 8.7613
2026-01-27 15:32:23,040 - easytorch-training - INFO - Evaluate best model on test data for horizon 7, Test MAE: 13.6641, Test RMSE: 23.8304, Test MAPE: 8.8944
2026-01-27 15:32:23,041 - easytorch-training - INFO - Evaluate best model on test data for horizon 8, Test MAE: 13.8869, Test RMSE: 24.2416, Test MAPE: 9.1134
2026-01-27 15:32:23,043 - easytorch-training - INFO - Evaluate best model on test data for horizon 9, Test MAE: 14.0916, Test RMSE: 24.6100, Test MAPE: 9.2282
2026-01-27 15:32:23,044 - easytorch-training - INFO - Evaluate best model on test data for horizon 10, Test MAE: 14.2543, Test RMSE: 24.8851, Test MAPE: 9.3479
2026-01-27 15:32:23,045 - easytorch-training - INFO - Evaluate best model on test data for horizon 11, Test MAE: 14.4158, Test RMSE: 25.1349, Test MAPE: 9.4593
2026-01-27 15:32:23,046 - easytorch-training - INFO - Evaluate best model on test data for horizon 12, Test MAE: 14.6369, Test RMSE: 25.4543, Test MAPE: 9.6410
2026-01-27 15:32:23,050 - easytorch-training - INFO - Result <test>: [test_time: 1.88 (s), test_MAE: 13.3811, test_RMSE: 23.1606, test_MAPE: 8.7650]
2026-01-27 15:32:23,193 - easytorch-training - INFO - Checkpoint checkpoints/STMAFNet_300/7a9424dbdf56bedb1aca9acb56518206/STMAFNet_154.pt saved
2026-01-27 15:32:23,194 - easytorch-training - INFO - The estimated training finish time is 2026-01-27 17:18:22
2026-01-27 15:32:23,194 - easytorch-training - INFO - Epoch 155 / 300
2026-01-27 15:33:02,774 - easytorch-training - INFO - Result <train>: [train_time: 39.58 (s), lr: 6.25e-05, train_MAE: 12.7021, train_RMSE: 21.5144, train_MAPE: 8.4755]
2026-01-27 15:33:02,776 - easytorch-training - INFO - Start validation.
2026-01-27 15:33:04,714 - easytorch-training - INFO - Result <val>: [val_time: 1.94 (s), val_MAE: 13.5727, val_RMSE: 23.0669, val_MAPE: 10.8434]
2026-01-27 15:33:06,481 - easytorch-training - INFO - Evaluate best model on test data for horizon 1, Test MAE: 11.6339, Test RMSE: 19.1374, Test MAPE: 8.1001
2026-01-27 15:33:06,482 - easytorch-training - INFO - Evaluate best model on test data for horizon 2, Test MAE: 12.1045, Test RMSE: 20.3199, Test MAPE: 7.9416
2026-01-27 15:33:06,483 - easytorch-training - INFO - Evaluate best model on test data for horizon 3, Test MAE: 12.5275, Test RMSE: 21.2946, Test MAPE: 8.3734
2026-01-27 15:33:06,484 - easytorch-training - INFO - Evaluate best model on test data for horizon 4, Test MAE: 12.8784, Test RMSE: 22.1376, Test MAPE: 8.5240
2026-01-27 15:33:06,485 - easytorch-training - INFO - Evaluate best model on test data for horizon 5, Test MAE: 13.1760, Test RMSE: 22.8008, Test MAPE: 8.7258
2026-01-27 15:33:06,487 - easytorch-training - INFO - Evaluate best model on test data for horizon 6, Test MAE: 13.4454, Test RMSE: 23.3503, Test MAPE: 8.9516
2026-01-27 15:33:06,488 - easytorch-training - INFO - Evaluate best model on test data for horizon 7, Test MAE: 13.6943, Test RMSE: 23.8391, Test MAPE: 9.1782
2026-01-27 15:33:06,489 - easytorch-training - INFO - Evaluate best model on test data for horizon 8, Test MAE: 13.9192, Test RMSE: 24.2889, Test MAPE: 9.0959
2026-01-27 15:33:06,490 - easytorch-training - INFO - Evaluate best model on test data for horizon 9, Test MAE: 14.1370, Test RMSE: 24.6510, Test MAPE: 9.4853
2026-01-27 15:33:06,491 - easytorch-training - INFO - Evaluate best model on test data for horizon 10, Test MAE: 14.2982, Test RMSE: 24.9554, Test MAPE: 9.4365
2026-01-27 15:33:06,492 - easytorch-training - INFO - Evaluate best model on test data for horizon 11, Test MAE: 14.5201, Test RMSE: 25.2527, Test MAPE: 9.8307
2026-01-27 15:33:06,493 - easytorch-training - INFO - Evaluate best model on test data for horizon 12, Test MAE: 14.6975, Test RMSE: 25.5449, Test MAPE: 9.6880
2026-01-27 15:33:06,497 - easytorch-training - INFO - Result <test>: [test_time: 1.78 (s), test_MAE: 13.4193, test_RMSE: 23.2141, test_MAPE: 8.9443]
2026-01-27 15:33:06,647 - easytorch-training - INFO - Checkpoint checkpoints/STMAFNet_300/7a9424dbdf56bedb1aca9acb56518206/STMAFNet_155.pt saved
2026-01-27 15:33:06,647 - easytorch-training - INFO - The estimated training finish time is 2026-01-27 17:18:21
2026-01-27 15:33:06,648 - easytorch-training - INFO - Epoch 156 / 300
2026-01-27 15:33:45,829 - easytorch-training - INFO - Result <train>: [train_time: 39.18 (s), lr: 6.25e-05, train_MAE: 12.6954, train_RMSE: 21.4990, train_MAPE: 8.4700]
2026-01-27 15:33:45,831 - easytorch-training - INFO - Start validation.
2026-01-27 15:33:47,747 - easytorch-training - INFO - Result <val>: [val_time: 1.92 (s), val_MAE: 13.5825, val_RMSE: 23.0745, val_MAPE: 10.5103]
2026-01-27 15:33:49,572 - easytorch-training - INFO - Evaluate best model on test data for horizon 1, Test MAE: 11.6054, Test RMSE: 19.1316, Test MAPE: 7.5206
2026-01-27 15:33:49,573 - easytorch-training - INFO - Evaluate best model on test data for horizon 2, Test MAE: 12.1069, Test RMSE: 20.3226, Test MAPE: 7.8227
2026-01-27 15:33:49,574 - easytorch-training - INFO - Evaluate best model on test data for horizon 3, Test MAE: 12.5171, Test RMSE: 21.2957, Test MAPE: 8.0612
2026-01-27 15:33:49,575 - easytorch-training - INFO - Evaluate best model on test data for horizon 4, Test MAE: 12.8811, Test RMSE: 22.1072, Test MAPE: 8.2651
2026-01-27 15:33:49,577 - easytorch-training - INFO - Evaluate best model on test data for horizon 5, Test MAE: 13.1816, Test RMSE: 22.7820, Test MAPE: 8.5228
2026-01-27 15:33:49,578 - easytorch-training - INFO - Evaluate best model on test data for horizon 6, Test MAE: 13.4553, Test RMSE: 23.3577, Test MAPE: 8.6798
2026-01-27 15:33:49,579 - easytorch-training - INFO - Evaluate best model on test data for horizon 7, Test MAE: 13.7001, Test RMSE: 23.8872, Test MAPE: 8.8488
2026-01-27 15:33:49,580 - easytorch-training - INFO - Evaluate best model on test data for horizon 8, Test MAE: 13.9387, Test RMSE: 24.3355, Test MAPE: 9.0575
2026-01-27 15:33:49,581 - easytorch-training - INFO - Evaluate best model on test data for horizon 9, Test MAE: 14.1470, Test RMSE: 24.6916, Test MAPE: 9.2572
2026-01-27 15:33:49,582 - easytorch-training - INFO - Evaluate best model on test data for horizon 10, Test MAE: 14.3234, Test RMSE: 24.9948, Test MAPE: 9.2318
2026-01-27 15:33:49,583 - easytorch-training - INFO - Evaluate best model on test data for horizon 11, Test MAE: 14.5057, Test RMSE: 25.2853, Test MAPE: 9.4293
2026-01-27 15:33:49,584 - easytorch-training - INFO - Evaluate best model on test data for horizon 12, Test MAE: 14.7205, Test RMSE: 25.5797, Test MAPE: 9.6612
2026-01-27 15:33:49,588 - easytorch-training - INFO - Result <test>: [test_time: 1.84 (s), test_MAE: 13.4236, test_RMSE: 23.2321, test_MAPE: 8.6965]
2026-01-27 15:33:49,732 - easytorch-training - INFO - Checkpoint checkpoints/STMAFNet_300/7a9424dbdf56bedb1aca9acb56518206/STMAFNet_156.pt saved
2026-01-27 15:33:49,733 - easytorch-training - INFO - The estimated training finish time is 2026-01-27 17:18:20
2026-01-27 15:33:49,733 - easytorch-training - INFO - Epoch 157 / 300
2026-01-27 15:34:29,296 - easytorch-training - INFO - Result <train>: [train_time: 39.56 (s), lr: 6.25e-05, train_MAE: 12.6932, train_RMSE: 21.4915, train_MAPE: 8.4699]
2026-01-27 15:34:29,298 - easytorch-training - INFO - Start validation.
2026-01-27 15:34:31,233 - easytorch-training - INFO - Result <val>: [val_time: 1.93 (s), val_MAE: 13.6236, val_RMSE: 23.1421, val_MAPE: 10.6807]
2026-01-27 15:34:33,162 - easytorch-training - INFO - Evaluate best model on test data for horizon 1, Test MAE: 11.6245, Test RMSE: 19.1432, Test MAPE: 7.5594
2026-01-27 15:34:33,164 - easytorch-training - INFO - Evaluate best model on test data for horizon 2, Test MAE: 12.1340, Test RMSE: 20.3490, Test MAPE: 7.8584
2026-01-27 15:34:33,165 - easytorch-training - INFO - Evaluate best model on test data for horizon 3, Test MAE: 12.5316, Test RMSE: 21.3098, Test MAPE: 8.0917
2026-01-27 15:34:33,166 - easytorch-training - INFO - Evaluate best model on test data for horizon 4, Test MAE: 12.8923, Test RMSE: 22.1404, Test MAPE: 8.3142
2026-01-27 15:34:33,168 - easytorch-training - INFO - Evaluate best model on test data for horizon 5, Test MAE: 13.2063, Test RMSE: 22.8261, Test MAPE: 8.5349
2026-01-27 15:34:33,169 - easytorch-training - INFO - Evaluate best model on test data for horizon 6, Test MAE: 13.4672, Test RMSE: 23.3513, Test MAPE: 8.6744
2026-01-27 15:34:33,170 - easytorch-training - INFO - Evaluate best model on test data for horizon 7, Test MAE: 13.7091, Test RMSE: 23.8663, Test MAPE: 8.8304
2026-01-27 15:34:33,171 - easytorch-training - INFO - Evaluate best model on test data for horizon 8, Test MAE: 13.9677, Test RMSE: 24.2967, Test MAPE: 8.9942
2026-01-27 15:34:33,173 - easytorch-training - INFO - Evaluate best model on test data for horizon 9, Test MAE: 14.1548, Test RMSE: 24.6709, Test MAPE: 9.1039
2026-01-27 15:34:33,174 - easytorch-training - INFO - Evaluate best model on test data for horizon 10, Test MAE: 14.3404, Test RMSE: 24.9939, Test MAPE: 9.2241
2026-01-27 15:34:33,175 - easytorch-training - INFO - Evaluate best model on test data for horizon 11, Test MAE: 14.5152, Test RMSE: 25.2788, Test MAPE: 9.3785
2026-01-27 15:34:33,177 - easytorch-training - INFO - Evaluate best model on test data for horizon 12, Test MAE: 14.7133, Test RMSE: 25.5811, Test MAPE: 9.5204
2026-01-27 15:34:33,180 - easytorch-training - INFO - Result <test>: [test_time: 1.95 (s), test_MAE: 13.4380, test_RMSE: 23.2341, test_MAPE: 8.6737]
2026-01-27 15:34:33,334 - easytorch-training - INFO - Checkpoint checkpoints/STMAFNet_300/7a9424dbdf56bedb1aca9acb56518206/STMAFNet_157.pt saved
2026-01-27 15:34:33,334 - easytorch-training - INFO - The estimated training finish time is 2026-01-27 17:18:21
2026-01-27 15:34:33,335 - easytorch-training - INFO - Epoch 158 / 300
2026-01-27 15:35:12,992 - easytorch-training - INFO - Result <train>: [train_time: 39.66 (s), lr: 6.25e-05, train_MAE: 12.6893, train_RMSE: 21.4886, train_MAPE: 8.4637]
2026-01-27 15:35:12,993 - easytorch-training - INFO - Start validation.
2026-01-27 15:35:14,949 - easytorch-training - INFO - Result <val>: [val_time: 1.96 (s), val_MAE: 13.5993, val_RMSE: 23.1602, val_MAPE: 10.8677]
2026-01-27 15:35:16,761 - easytorch-training - INFO - Evaluate best model on test data for horizon 1, Test MAE: 11.6174, Test RMSE: 19.1328, Test MAPE: 7.5191
2026-01-27 15:35:16,763 - easytorch-training - INFO - Evaluate best model on test data for horizon 2, Test MAE: 12.1279, Test RMSE: 20.3478, Test MAPE: 7.8953
2026-01-27 15:35:16,764 - easytorch-training - INFO - Evaluate best model on test data for horizon 3, Test MAE: 12.5512, Test RMSE: 21.3277, Test MAPE: 8.1244
2026-01-27 15:35:16,765 - easytorch-training - INFO - Evaluate best model on test data for horizon 4, Test MAE: 12.8872, Test RMSE: 22.1519, Test MAPE: 8.2922
2026-01-27 15:35:16,766 - easytorch-training - INFO - Evaluate best model on test data for horizon 5, Test MAE: 13.2058, Test RMSE: 22.8159, Test MAPE: 8.5947
2026-01-27 15:35:16,767 - easytorch-training - INFO - Evaluate best model on test data for horizon 6, Test MAE: 13.4412, Test RMSE: 23.3720, Test MAPE: 8.8656
2026-01-27 15:35:16,768 - easytorch-training - INFO - Evaluate best model on test data for horizon 7, Test MAE: 13.6952, Test RMSE: 23.9418, Test MAPE: 8.8530
2026-01-27 15:35:16,769 - easytorch-training - INFO - Evaluate best model on test data for horizon 8, Test MAE: 13.9270, Test RMSE: 24.3524, Test MAPE: 9.0151
2026-01-27 15:35:16,770 - easytorch-training - INFO - Evaluate best model on test data for horizon 9, Test MAE: 14.1235, Test RMSE: 24.7336, Test MAPE: 9.1355
2026-01-27 15:35:16,771 - easytorch-training - INFO - Evaluate best model on test data for horizon 10, Test MAE: 14.3049, Test RMSE: 25.0603, Test MAPE: 9.3729
2026-01-27 15:35:16,773 - easytorch-training - INFO - Evaluate best model on test data for horizon 11, Test MAE: 14.4946, Test RMSE: 25.3507, Test MAPE: 9.5549
2026-01-27 15:35:16,774 - easytorch-training - INFO - Evaluate best model on test data for horizon 12, Test MAE: 14.7007, Test RMSE: 25.6507, Test MAPE: 9.6879
2026-01-27 15:35:16,777 - easytorch-training - INFO - Result <test>: [test_time: 1.83 (s), test_MAE: 13.4230, test_RMSE: 23.2722, test_MAPE: 8.7425]
2026-01-27 15:35:16,922 - easytorch-training - INFO - Checkpoint checkpoints/STMAFNet_300/7a9424dbdf56bedb1aca9acb56518206/STMAFNet_158.pt saved
2026-01-27 15:35:16,923 - easytorch-training - INFO - The estimated training finish time is 2026-01-27 17:18:21
2026-01-27 15:35:16,923 - easytorch-training - INFO - Epoch 159 / 300
2026-01-27 15:35:56,724 - easytorch-training - INFO - Result <train>: [train_time: 39.80 (s), lr: 6.25e-05, train_MAE: 12.6819, train_RMSE: 21.4737, train_MAPE: 8.4643]
2026-01-27 15:35:56,726 - easytorch-training - INFO - Start validation.
2026-01-27 15:35:58,684 - easytorch-training - INFO - Result <val>: [val_time: 1.96 (s), val_MAE: 13.5707, val_RMSE: 23.0809, val_MAPE: 10.6025]
2026-01-27 15:36:00,506 - easytorch-training - INFO - Evaluate best model on test data for horizon 1, Test MAE: 11.6038, Test RMSE: 19.1106, Test MAPE: 7.5839
2026-01-27 15:36:00,507 - easytorch-training - INFO - Evaluate best model on test data for horizon 2, Test MAE: 12.0971, Test RMSE: 20.3053, Test MAPE: 7.9181
2026-01-27 15:36:00,508 - easytorch-training - INFO - Evaluate best model on test data for horizon 3, Test MAE: 12.5105, Test RMSE: 21.2742, Test MAPE: 8.0940
2026-01-27 15:36:00,509 - easytorch-training - INFO - Evaluate best model on test data for horizon 4, Test MAE: 12.8758, Test RMSE: 22.0981, Test MAPE: 8.3480
2026-01-27 15:36:00,510 - easytorch-training - INFO - Evaluate best model on test data for horizon 5, Test MAE: 13.1860, Test RMSE: 22.8115, Test MAPE: 8.5223
2026-01-27 15:36:00,511 - easytorch-training - INFO - Evaluate best model on test data for horizon 6, Test MAE: 13.4550, Test RMSE: 23.3789, Test MAPE: 8.6727
2026-01-27 15:36:00,512 - easytorch-training - INFO - Evaluate best model on test data for horizon 7, Test MAE: 13.6972, Test RMSE: 23.9014, Test MAPE: 8.9209
2026-01-27 15:36:00,514 - easytorch-training - INFO - Evaluate best model on test data for horizon 8, Test MAE: 13.9424, Test RMSE: 24.3301, Test MAPE: 9.1165
2026-01-27 15:36:00,515 - easytorch-training - INFO - Evaluate best model on test data for horizon 9, Test MAE: 14.1410, Test RMSE: 24.7086, Test MAPE: 9.1224
2026-01-27 15:36:00,516 - easytorch-training - INFO - Evaluate best model on test data for horizon 10, Test MAE: 14.3082, Test RMSE: 24.9818, Test MAPE: 9.3795
2026-01-27 15:36:00,517 - easytorch-training - INFO - Evaluate best model on test data for horizon 11, Test MAE: 14.4869, Test RMSE: 25.2872, Test MAPE: 9.5052
2026-01-27 15:36:00,518 - easytorch-training - INFO - Evaluate best model on test data for horizon 12, Test MAE: 14.6924, Test RMSE: 25.5865, Test MAPE: 9.6922
2026-01-27 15:36:00,522 - easytorch-training - INFO - Result <test>: [test_time: 1.84 (s), test_MAE: 13.4164, test_RMSE: 23.2331, test_MAPE: 8.7396]
2026-01-27 15:36:00,665 - easytorch-training - INFO - Checkpoint checkpoints/STMAFNet_300/7a9424dbdf56bedb1aca9acb56518206/STMAFNet_159.pt saved
2026-01-27 15:36:00,666 - easytorch-training - INFO - The estimated training finish time is 2026-01-27 17:18:21
2026-01-27 15:36:00,666 - easytorch-training - INFO - Epoch 160 / 300
2026-01-27 15:36:39,607 - easytorch-training - INFO - Result <train>: [train_time: 38.94 (s), lr: 6.25e-05, train_MAE: 12.6790, train_RMSE: 21.4699, train_MAPE: 8.4671]
2026-01-27 15:36:39,608 - easytorch-training - INFO - Start validation.
2026-01-27 15:36:41,586 - easytorch-training - INFO - Result <val>: [val_time: 1.98 (s), val_MAE: 13.5659, val_RMSE: 23.0626, val_MAPE: 10.4688]
2026-01-27 15:36:43,420 - easytorch-training - INFO - Evaluate best model on test data for horizon 1, Test MAE: 11.6145, Test RMSE: 19.1314, Test MAPE: 7.5567
2026-01-27 15:36:43,422 - easytorch-training - INFO - Evaluate best model on test data for horizon 2, Test MAE: 12.1457, Test RMSE: 20.3534, Test MAPE: 7.8076
2026-01-27 15:36:43,423 - easytorch-training - INFO - Evaluate best model on test data for horizon 3, Test MAE: 12.5419, Test RMSE: 21.3181, Test MAPE: 8.0424
2026-01-27 15:36:43,424 - easytorch-training - INFO - Evaluate best model on test data for horizon 4, Test MAE: 12.8937, Test RMSE: 22.1419, Test MAPE: 8.3160
2026-01-27 15:36:43,426 - easytorch-training - INFO - Evaluate best model on test data for horizon 5, Test MAE: 13.2095, Test RMSE: 22.8587, Test MAPE: 8.5088
2026-01-27 15:36:43,427 - easytorch-training - INFO - Evaluate best model on test data for horizon 6, Test MAE: 13.4636, Test RMSE: 23.4157, Test MAPE: 8.7072
2026-01-27 15:36:43,428 - easytorch-training - INFO - Evaluate best model on test data for horizon 7, Test MAE: 13.7101, Test RMSE: 23.9682, Test MAPE: 8.8281
2026-01-27 15:36:43,430 - easytorch-training - INFO - Evaluate best model on test data for horizon 8, Test MAE: 13.9424, Test RMSE: 24.4152, Test MAPE: 8.9951
2026-01-27 15:36:43,431 - easytorch-training - INFO - Evaluate best model on test data for horizon 9, Test MAE: 14.1521, Test RMSE: 24.7954, Test MAPE: 9.1858
2026-01-27 15:36:43,432 - easytorch-training - INFO - Evaluate best model on test data for horizon 10, Test MAE: 14.3302, Test RMSE: 25.0967, Test MAPE: 9.1941
2026-01-27 15:36:43,434 - easytorch-training - INFO - Evaluate best model on test data for horizon 11, Test MAE: 14.5083, Test RMSE: 25.3705, Test MAPE: 9.3724
2026-01-27 15:36:43,435 - easytorch-training - INFO - Evaluate best model on test data for horizon 12, Test MAE: 14.6998, Test RMSE: 25.6313, Test MAPE: 9.6082
2026-01-27 15:36:43,439 - easytorch-training - INFO - Result <test>: [test_time: 1.85 (s), test_MAE: 13.4343, test_RMSE: 23.2946, test_MAPE: 8.6769]
2026-01-27 15:36:43,602 - easytorch-training - INFO - Checkpoint checkpoints/STMAFNet_300/7a9424dbdf56bedb1aca9acb56518206/STMAFNet_160.pt saved
2026-01-27 15:36:43,615 - easytorch-training - INFO - The estimated training finish time is 2026-01-27 17:18:20
2026-01-27 15:36:43,615 - easytorch-training - INFO - Epoch 161 / 300
2026-01-27 15:37:23,323 - easytorch-training - INFO - Result <train>: [train_time: 39.71 (s), lr: 6.25e-05, train_MAE: 12.6772, train_RMSE: 21.4759, train_MAPE: 8.4576]
2026-01-27 15:37:23,325 - easytorch-training - INFO - Start validation.
2026-01-27 15:37:25,238 - easytorch-training - INFO - Result <val>: [val_time: 1.91 (s), val_MAE: 13.5914, val_RMSE: 23.0893, val_MAPE: 10.4739]
2026-01-27 15:37:27,049 - easytorch-training - INFO - Evaluate best model on test data for horizon 1, Test MAE: 11.6171, Test RMSE: 19.1229, Test MAPE: 7.5351
2026-01-27 15:37:27,050 - easytorch-training - INFO - Evaluate best model on test data for horizon 2, Test MAE: 12.1430, Test RMSE: 20.3460, Test MAPE: 7.8553
2026-01-27 15:37:27,051 - easytorch-training - INFO - Evaluate best model on test data for horizon 3, Test MAE: 12.5685, Test RMSE: 21.3299, Test MAPE: 8.0734
2026-01-27 15:37:27,052 - easytorch-training - INFO - Evaluate best model on test data for horizon 4, Test MAE: 12.9208, Test RMSE: 22.1572, Test MAPE: 8.3028
2026-01-27 15:37:27,053 - easytorch-training - INFO - Evaluate best model on test data for horizon 5, Test MAE: 13.2184, Test RMSE: 22.8503, Test MAPE: 8.4947
2026-01-27 15:37:27,054 - easytorch-training - INFO - Evaluate best model on test data for horizon 6, Test MAE: 13.4883, Test RMSE: 23.4058, Test MAPE: 8.6632
2026-01-27 15:37:27,055 - easytorch-training - INFO - Evaluate best model on test data for horizon 7, Test MAE: 13.7157, Test RMSE: 23.9123, Test MAPE: 8.8471
2026-01-27 15:37:27,056 - easytorch-training - INFO - Evaluate best model on test data for horizon 8, Test MAE: 13.9665, Test RMSE: 24.3556, Test MAPE: 8.9805
2026-01-27 15:37:27,057 - easytorch-training - INFO - Evaluate best model on test data for horizon 9, Test MAE: 14.1540, Test RMSE: 24.7053, Test MAPE: 9.1130
2026-01-27 15:37:27,058 - easytorch-training - INFO - Evaluate best model on test data for horizon 10, Test MAE: 14.3336, Test RMSE: 25.0108, Test MAPE: 9.2297
2026-01-27 15:37:27,060 - easytorch-training - INFO - Evaluate best model on test data for horizon 11, Test MAE: 14.5369, Test RMSE: 25.3130, Test MAPE: 9.3698
2026-01-27 15:37:27,061 - easytorch-training - INFO - Evaluate best model on test data for horizon 12, Test MAE: 14.7208, Test RMSE: 25.5809, Test MAPE: 9.5130
2026-01-27 15:37:27,064 - easytorch-training - INFO - Result <test>: [test_time: 1.82 (s), test_MAE: 13.4486, test_RMSE: 23.2586, test_MAPE: 8.6648]
2026-01-27 15:37:27,209 - easytorch-training - INFO - Checkpoint checkpoints/STMAFNet_300/7a9424dbdf56bedb1aca9acb56518206/STMAFNet_161.pt saved
2026-01-27 15:37:27,209 - easytorch-training - INFO - The estimated training finish time is 2026-01-27 17:18:20
2026-01-27 15:37:27,210 - easytorch-training - INFO - Epoch 162 / 300
2026-01-27 15:38:06,564 - easytorch-training - INFO - Result <train>: [train_time: 39.35 (s), lr: 6.25e-05, train_MAE: 12.6754, train_RMSE: 21.4682, train_MAPE: 8.4584]
2026-01-27 15:38:06,565 - easytorch-training - INFO - Start validation.
2026-01-27 15:38:08,509 - easytorch-training - INFO - Result <val>: [val_time: 1.94 (s), val_MAE: 13.5649, val_RMSE: 23.0515, val_MAPE: 10.6616]
2026-01-27 15:38:10,340 - easytorch-training - INFO - Evaluate best model on test data for horizon 1, Test MAE: 11.6033, Test RMSE: 19.1055, Test MAPE: 7.6371
2026-01-27 15:38:10,341 - easytorch-training - INFO - Evaluate best model on test data for horizon 2, Test MAE: 12.1147, Test RMSE: 20.3212, Test MAPE: 7.8364
2026-01-27 15:38:10,343 - easytorch-training - INFO - Evaluate best model on test data for horizon 3, Test MAE: 12.5199, Test RMSE: 21.2735, Test MAPE: 8.0692
2026-01-27 15:38:10,344 - easytorch-training - INFO - Evaluate best model on test data for horizon 4, Test MAE: 12.8771, Test RMSE: 22.1199, Test MAPE: 8.2775
2026-01-27 15:38:10,345 - easytorch-training - INFO - Evaluate best model on test data for horizon 5, Test MAE: 13.1841, Test RMSE: 22.8179, Test MAPE: 8.5132
2026-01-27 15:38:10,347 - easytorch-training - INFO - Evaluate best model on test data for horizon 6, Test MAE: 13.4591, Test RMSE: 23.3929, Test MAPE: 8.6629
2026-01-27 15:38:10,348 - easytorch-training - INFO - Evaluate best model on test data for horizon 7, Test MAE: 13.7121, Test RMSE: 23.9239, Test MAPE: 8.8622
2026-01-27 15:38:10,349 - easytorch-training - INFO - Evaluate best model on test data for horizon 8, Test MAE: 13.9353, Test RMSE: 24.3648, Test MAPE: 9.0052
2026-01-27 15:38:10,351 - easytorch-training - INFO - Evaluate best model on test data for horizon 9, Test MAE: 14.1417, Test RMSE: 24.7336, Test MAPE: 9.1223
2026-01-27 15:38:10,352 - easytorch-training - INFO - Evaluate best model on test data for horizon 10, Test MAE: 14.3148, Test RMSE: 25.0438, Test MAPE: 9.2465
2026-01-27 15:38:10,353 - easytorch-training - INFO - Evaluate best model on test data for horizon 11, Test MAE: 14.4927, Test RMSE: 25.3341, Test MAPE: 9.3514
2026-01-27 15:38:10,354 - easytorch-training - INFO - Evaluate best model on test data for horizon 12, Test MAE: 14.6918, Test RMSE: 25.6180, Test MAPE: 9.5446
2026-01-27 15:38:10,358 - easytorch-training - INFO - Result <test>: [test_time: 1.85 (s), test_MAE: 13.4206, test_RMSE: 23.2572, test_MAPE: 8.6774]
2026-01-27 15:38:10,591 - easytorch-training - INFO - Checkpoint checkpoints/STMAFNet_300/7a9424dbdf56bedb1aca9acb56518206/STMAFNet_162.pt saved
2026-01-27 15:38:10,592 - easytorch-training - INFO - The estimated training finish time is 2026-01-27 17:18:20
2026-01-27 15:38:10,592 - easytorch-training - INFO - Epoch 163 / 300
2026-01-27 15:38:50,196 - easytorch-training - INFO - Result <train>: [train_time: 39.60 (s), lr: 6.25e-05, train_MAE: 12.6659, train_RMSE: 21.4624, train_MAPE: 8.4593]
2026-01-27 15:38:50,198 - easytorch-training - INFO - Start validation.
2026-01-27 15:38:52,158 - easytorch-training - INFO - Result <val>: [val_time: 1.96 (s), val_MAE: 13.5423, val_RMSE: 23.0282, val_MAPE: 10.6087]
2026-01-27 15:38:52,474 - easytorch-training - INFO - Checkpoint checkpoints/STMAFNet_300/7a9424dbdf56bedb1aca9acb56518206/STMAFNet_best_val_MAE.pt saved
2026-01-27 15:38:54,291 - easytorch-training - INFO - Evaluate best model on test data for horizon 1, Test MAE: 11.6157, Test RMSE: 19.1294, Test MAPE: 7.5812
2026-01-27 15:38:54,293 - easytorch-training - INFO - Evaluate best model on test data for horizon 2, Test MAE: 12.1145, Test RMSE: 20.3348, Test MAPE: 7.9649
2026-01-27 15:38:54,294 - easytorch-training - INFO - Evaluate best model on test data for horizon 3, Test MAE: 12.5196, Test RMSE: 21.3076, Test MAPE: 8.0896
2026-01-27 15:38:54,296 - easytorch-training - INFO - Evaluate best model on test data for horizon 4, Test MAE: 12.8797, Test RMSE: 22.1214, Test MAPE: 8.4380
2026-01-27 15:38:54,297 - easytorch-training - INFO - Evaluate best model on test data for horizon 5, Test MAE: 13.1799, Test RMSE: 22.7997, Test MAPE: 8.5423
2026-01-27 15:38:54,298 - easytorch-training - INFO - Evaluate best model on test data for horizon 6, Test MAE: 13.4434, Test RMSE: 23.3365, Test MAPE: 8.7273
2026-01-27 15:38:54,300 - easytorch-training - INFO - Evaluate best model on test data for horizon 7, Test MAE: 13.6976, Test RMSE: 23.8600, Test MAPE: 8.9511
2026-01-27 15:38:54,301 - easytorch-training - INFO - Evaluate best model on test data for horizon 8, Test MAE: 13.9311, Test RMSE: 24.2857, Test MAPE: 9.0796
2026-01-27 15:38:54,302 - easytorch-training - INFO - Evaluate best model on test data for horizon 9, Test MAE: 14.1282, Test RMSE: 24.6487, Test MAPE: 9.2024
2026-01-27 15:38:54,304 - easytorch-training - INFO - Evaluate best model on test data for horizon 10, Test MAE: 14.2963, Test RMSE: 24.9577, Test MAPE: 9.2254
2026-01-27 15:38:54,305 - easytorch-training - INFO - Evaluate best model on test data for horizon 11, Test MAE: 14.4653, Test RMSE: 25.2381, Test MAPE: 9.3402
2026-01-27 15:38:54,306 - easytorch-training - INFO - Evaluate best model on test data for horizon 12, Test MAE: 14.6705, Test RMSE: 25.5354, Test MAPE: 9.5585
2026-01-27 15:38:54,310 - easytorch-training - INFO - Result <test>: [test_time: 1.84 (s), test_MAE: 13.4118, test_RMSE: 23.2124, test_MAPE: 8.7251]
2026-01-27 15:38:54,491 - easytorch-training - INFO - Checkpoint checkpoints/STMAFNet_300/7a9424dbdf56bedb1aca9acb56518206/STMAFNet_163.pt saved
2026-01-27 15:38:54,492 - easytorch-training - INFO - The estimated training finish time is 2026-01-27 17:18:20
2026-01-27 15:38:54,492 - easytorch-training - INFO - Epoch 164 / 300
2026-01-27 15:39:33,770 - easytorch-training - INFO - Result <train>: [train_time: 39.28 (s), lr: 6.25e-05, train_MAE: 12.6690, train_RMSE: 21.4588, train_MAPE: 8.4602]
2026-01-27 15:39:33,771 - easytorch-training - INFO - Start validation.
2026-01-27 15:39:35,708 - easytorch-training - INFO - Result <val>: [val_time: 1.94 (s), val_MAE: 13.5769, val_RMSE: 23.0919, val_MAPE: 10.4920]
2026-01-27 15:39:37,521 - easytorch-training - INFO - Evaluate best model on test data for horizon 1, Test MAE: 11.6101, Test RMSE: 19.1292, Test MAPE: 7.5139
2026-01-27 15:39:37,522 - easytorch-training - INFO - Evaluate best model on test data for horizon 2, Test MAE: 12.1158, Test RMSE: 20.3461, Test MAPE: 7.8228
2026-01-27 15:39:37,523 - easytorch-training - INFO - Evaluate best model on test data for horizon 3, Test MAE: 12.5264, Test RMSE: 21.3059, Test MAPE: 8.0529
2026-01-27 15:39:37,524 - easytorch-training - INFO - Evaluate best model on test data for horizon 4, Test MAE: 12.8808, Test RMSE: 22.1428, Test MAPE: 8.2874
2026-01-27 15:39:37,525 - easytorch-training - INFO - Evaluate best model on test data for horizon 5, Test MAE: 13.1969, Test RMSE: 22.8270, Test MAPE: 8.4661
2026-01-27 15:39:37,527 - easytorch-training - INFO - Evaluate best model on test data for horizon 6, Test MAE: 13.4634, Test RMSE: 23.4151, Test MAPE: 8.6173
2026-01-27 15:39:37,528 - easytorch-training - INFO - Evaluate best model on test data for horizon 7, Test MAE: 13.7029, Test RMSE: 23.9408, Test MAPE: 8.8001
2026-01-27 15:39:37,529 - easytorch-training - INFO - Evaluate best model on test data for horizon 8, Test MAE: 13.9436, Test RMSE: 24.3930, Test MAPE: 8.9742
2026-01-27 15:39:37,530 - easytorch-training - INFO - Evaluate best model on test data for horizon 9, Test MAE: 14.1469, Test RMSE: 24.7872, Test MAPE: 9.0919
2026-01-27 15:39:37,531 - easytorch-training - INFO - Evaluate best model on test data for horizon 10, Test MAE: 14.3258, Test RMSE: 25.1001, Test MAPE: 9.2265
2026-01-27 15:39:37,532 - easytorch-training - INFO - Evaluate best model on test data for horizon 11, Test MAE: 14.5084, Test RMSE: 25.4013, Test MAPE: 9.3714
2026-01-27 15:39:37,533 - easytorch-training - INFO - Evaluate best model on test data for horizon 12, Test MAE: 14.6946, Test RMSE: 25.6837, Test MAPE: 9.5327
2026-01-27 15:39:37,537 - easytorch-training - INFO - Result <test>: [test_time: 1.83 (s), test_MAE: 13.4263, test_RMSE: 23.2933, test_MAPE: 8.6464]
2026-01-27 15:39:37,680 - easytorch-training - INFO - Checkpoint checkpoints/STMAFNet_300/7a9424dbdf56bedb1aca9acb56518206/STMAFNet_164.pt saved
2026-01-27 15:39:37,681 - easytorch-training - INFO - The estimated training finish time is 2026-01-27 17:18:20
2026-01-27 15:39:37,681 - easytorch-training - INFO - Epoch 165 / 300
2026-01-27 15:40:17,394 - easytorch-training - INFO - Result <train>: [train_time: 39.71 (s), lr: 6.25e-05, train_MAE: 12.6651, train_RMSE: 21.4493, train_MAPE: 8.4522]
2026-01-27 15:40:17,396 - easytorch-training - INFO - Start validation.
2026-01-27 15:40:19,353 - easytorch-training - INFO - Result <val>: [val_time: 1.96 (s), val_MAE: 13.5926, val_RMSE: 23.1226, val_MAPE: 10.5883]
2026-01-27 15:40:21,178 - easytorch-training - INFO - Evaluate best model on test data for horizon 1, Test MAE: 11.6158, Test RMSE: 19.1299, Test MAPE: 7.4974
2026-01-27 15:40:21,180 - easytorch-training - INFO - Evaluate best model on test data for horizon 2, Test MAE: 12.1213, Test RMSE: 20.3299, Test MAPE: 7.8905
2026-01-27 15:40:21,181 - easytorch-training - INFO - Evaluate best model on test data for horizon 3, Test MAE: 12.5375, Test RMSE: 21.3473, Test MAPE: 8.1014
2026-01-27 15:40:21,182 - easytorch-training - INFO - Evaluate best model on test data for horizon 4, Test MAE: 12.8883, Test RMSE: 22.1803, Test MAPE: 8.2958
2026-01-27 15:40:21,183 - easytorch-training - INFO - Evaluate best model on test data for horizon 5, Test MAE: 13.2102, Test RMSE: 22.9022, Test MAPE: 8.4934
2026-01-27 15:40:21,184 - easytorch-training - INFO - Evaluate best model on test data for horizon 6, Test MAE: 13.4710, Test RMSE: 23.4673, Test MAPE: 8.6532
2026-01-27 15:40:21,185 - easytorch-training - INFO - Evaluate best model on test data for horizon 7, Test MAE: 13.7299, Test RMSE: 23.9918, Test MAPE: 8.7850
2026-01-27 15:40:21,186 - easytorch-training - INFO - Evaluate best model on test data for horizon 8, Test MAE: 13.9512, Test RMSE: 24.4077, Test MAPE: 8.9422
2026-01-27 15:40:21,188 - easytorch-training - INFO - Evaluate best model on test data for horizon 9, Test MAE: 14.1595, Test RMSE: 24.7726, Test MAPE: 9.0882
2026-01-27 15:40:21,189 - easytorch-training - INFO - Evaluate best model on test data for horizon 10, Test MAE: 14.3179, Test RMSE: 25.0345, Test MAPE: 9.2730
2026-01-27 15:40:21,190 - easytorch-training - INFO - Evaluate best model on test data for horizon 11, Test MAE: 14.5153, Test RMSE: 25.3295, Test MAPE: 9.3385
2026-01-27 15:40:21,191 - easytorch-training - INFO - Evaluate best model on test data for horizon 12, Test MAE: 14.7098, Test RMSE: 25.6105, Test MAPE: 9.5273
2026-01-27 15:40:21,195 - easytorch-training - INFO - Result <test>: [test_time: 1.84 (s), test_MAE: 13.4356, test_RMSE: 23.2941, test_MAPE: 8.6571]
2026-01-27 15:40:21,340 - easytorch-training - INFO - Checkpoint checkpoints/STMAFNet_300/7a9424dbdf56bedb1aca9acb56518206/STMAFNet_165.pt saved
2026-01-27 15:40:21,341 - easytorch-training - INFO - The estimated training finish time is 2026-01-27 17:18:20
2026-01-27 15:40:21,341 - easytorch-training - INFO - Epoch 166 / 300
2026-01-27 15:41:00,614 - easytorch-training - INFO - Result <train>: [train_time: 39.27 (s), lr: 6.25e-05, train_MAE: 12.6611, train_RMSE: 21.4553, train_MAPE: 8.4453]
2026-01-27 15:41:00,615 - easytorch-training - INFO - Start validation.
2026-01-27 15:41:02,599 - easytorch-training - INFO - Result <val>: [val_time: 1.98 (s), val_MAE: 13.5859, val_RMSE: 23.0933, val_MAPE: 10.5733]
2026-01-27 15:41:04,372 - easytorch-training - INFO - Evaluate best model on test data for horizon 1, Test MAE: 11.6217, Test RMSE: 19.1359, Test MAPE: 7.6099
2026-01-27 15:41:04,373 - easytorch-training - INFO - Evaluate best model on test data for horizon 2, Test MAE: 12.1216, Test RMSE: 20.3397, Test MAPE: 7.8677
2026-01-27 15:41:04,374 - easytorch-training - INFO - Evaluate best model on test data for horizon 3, Test MAE: 12.5331, Test RMSE: 21.3348, Test MAPE: 8.1959
2026-01-27 15:41:04,376 - easytorch-training - INFO - Evaluate best model on test data for horizon 4, Test MAE: 12.8859, Test RMSE: 22.1681, Test MAPE: 8.4058
2026-01-27 15:41:04,377 - easytorch-training - INFO - Evaluate best model on test data for horizon 5, Test MAE: 13.1845, Test RMSE: 22.8797, Test MAPE: 8.5707
2026-01-27 15:41:04,378 - easytorch-training - INFO - Evaluate best model on test data for horizon 6, Test MAE: 13.4707, Test RMSE: 23.4647, Test MAPE: 8.7403
2026-01-27 15:41:04,379 - easytorch-training - INFO - Evaluate best model on test data for horizon 7, Test MAE: 13.7126, Test RMSE: 23.9914, Test MAPE: 8.9534
2026-01-27 15:41:04,380 - easytorch-training - INFO - Evaluate best model on test data for horizon 8, Test MAE: 13.9547, Test RMSE: 24.4334, Test MAPE: 9.2338
2026-01-27 15:41:04,381 - easytorch-training - INFO - Evaluate best model on test data for horizon 9, Test MAE: 14.1745, Test RMSE: 24.8218, Test MAPE: 9.1688
2026-01-27 15:41:04,382 - easytorch-training - INFO - Evaluate best model on test data for horizon 10, Test MAE: 14.3368, Test RMSE: 25.1069, Test MAPE: 9.3074
2026-01-27 15:41:04,383 - easytorch-training - INFO - Evaluate best model on test data for horizon 11, Test MAE: 14.5280, Test RMSE: 25.3859, Test MAPE: 9.5580
2026-01-27 15:41:04,384 - easytorch-training - INFO - Evaluate best model on test data for horizon 12, Test MAE: 14.7513, Test RMSE: 25.6930, Test MAPE: 9.5822
2026-01-27 15:41:04,388 - easytorch-training - INFO - Result <test>: [test_time: 1.79 (s), test_MAE: 13.4396, test_RMSE: 23.3170, test_MAPE: 8.7661]
2026-01-27 15:41:04,531 - easytorch-training - INFO - Checkpoint checkpoints/STMAFNet_300/7a9424dbdf56bedb1aca9acb56518206/STMAFNet_166.pt saved
2026-01-27 15:41:04,531 - easytorch-training - INFO - The estimated training finish time is 2026-01-27 17:18:19
2026-01-27 15:41:04,532 - easytorch-training - INFO - Epoch 167 / 300
2026-01-27 15:41:43,995 - easytorch-training - INFO - Result <train>: [train_time: 39.46 (s), lr: 6.25e-05, train_MAE: 12.6564, train_RMSE: 21.4383, train_MAPE: 8.4489]
2026-01-27 15:41:43,997 - easytorch-training - INFO - Start validation.
2026-01-27 15:41:45,909 - easytorch-training - INFO - Result <val>: [val_time: 1.91 (s), val_MAE: 13.5589, val_RMSE: 23.0314, val_MAPE: 10.2721]
2026-01-27 15:41:47,714 - easytorch-training - INFO - Evaluate best model on test data for horizon 1, Test MAE: 11.6227, Test RMSE: 19.1394, Test MAPE: 7.4966
2026-01-27 15:41:47,716 - easytorch-training - INFO - Evaluate best model on test data for horizon 2, Test MAE: 12.1461, Test RMSE: 20.3604, Test MAPE: 7.8136
2026-01-27 15:41:47,717 - easytorch-training - INFO - Evaluate best model on test data for horizon 3, Test MAE: 12.5435, Test RMSE: 21.3453, Test MAPE: 8.0712
2026-01-27 15:41:47,718 - easytorch-training - INFO - Evaluate best model on test data for horizon 4, Test MAE: 12.9252, Test RMSE: 22.2332, Test MAPE: 8.2890
2026-01-27 15:41:47,719 - easytorch-training - INFO - Evaluate best model on test data for horizon 5, Test MAE: 13.2202, Test RMSE: 22.9412, Test MAPE: 8.4831
2026-01-27 15:41:47,720 - easytorch-training - INFO - Evaluate best model on test data for horizon 6, Test MAE: 13.4689, Test RMSE: 23.5042, Test MAPE: 8.6261
2026-01-27 15:41:47,721 - easytorch-training - INFO - Evaluate best model on test data for horizon 7, Test MAE: 13.7228, Test RMSE: 24.0368, Test MAPE: 8.7721
2026-01-27 15:41:47,723 - easytorch-training - INFO - Evaluate best model on test data for horizon 8, Test MAE: 13.9647, Test RMSE: 24.4379, Test MAPE: 8.9321
2026-01-27 15:41:47,724 - easytorch-training - INFO - Evaluate best model on test data for horizon 9, Test MAE: 14.1755, Test RMSE: 24.7856, Test MAPE: 9.0868
2026-01-27 15:41:47,725 - easytorch-training - INFO - Evaluate best model on test data for horizon 10, Test MAE: 14.3254, Test RMSE: 25.0638, Test MAPE: 9.2051
2026-01-27 15:41:47,726 - easytorch-training - INFO - Evaluate best model on test data for horizon 11, Test MAE: 14.5253, Test RMSE: 25.3241, Test MAPE: 9.3556
2026-01-27 15:41:47,727 - easytorch-training - INFO - Evaluate best model on test data for horizon 12, Test MAE: 14.7129, Test RMSE: 25.5872, Test MAPE: 9.5474
2026-01-27 15:41:47,731 - easytorch-training - INFO - Result <test>: [test_time: 1.82 (s), test_MAE: 13.4461, test_RMSE: 23.3150, test_MAPE: 8.6399]
2026-01-27 15:41:47,876 - easytorch-training - INFO - Checkpoint checkpoints/STMAFNet_300/7a9424dbdf56bedb1aca9acb56518206/STMAFNet_167.pt saved
2026-01-27 15:41:47,877 - easytorch-training - INFO - The estimated training finish time is 2026-01-27 17:18:19
2026-01-27 15:41:47,877 - easytorch-training - INFO - Epoch 168 / 300
2026-01-27 15:42:27,131 - easytorch-training - INFO - Result <train>: [train_time: 39.25 (s), lr: 6.25e-05, train_MAE: 12.6498, train_RMSE: 21.4316, train_MAPE: 8.4458]
2026-01-27 15:42:27,133 - easytorch-training - INFO - Start validation.
2026-01-27 15:42:29,101 - easytorch-training - INFO - Result <val>: [val_time: 1.97 (s), val_MAE: 13.5840, val_RMSE: 23.1192, val_MAPE: 10.6382]
2026-01-27 15:42:30,947 - easytorch-training - INFO - Evaluate best model on test data for horizon 1, Test MAE: 11.6195, Test RMSE: 19.1194, Test MAPE: 7.6380
2026-01-27 15:42:30,949 - easytorch-training - INFO - Evaluate best model on test data for horizon 2, Test MAE: 12.1279, Test RMSE: 20.3443, Test MAPE: 7.8570
2026-01-27 15:42:30,950 - easytorch-training - INFO - Evaluate best model on test data for horizon 3, Test MAE: 12.5291, Test RMSE: 21.3570, Test MAPE: 8.1321
2026-01-27 15:42:30,951 - easytorch-training - INFO - Evaluate best model on test data for horizon 4, Test MAE: 12.9014, Test RMSE: 22.2247, Test MAPE: 8.3182
2026-01-27 15:42:30,952 - easytorch-training - INFO - Evaluate best model on test data for horizon 5, Test MAE: 13.2104, Test RMSE: 22.9270, Test MAPE: 8.5703
2026-01-27 15:42:30,953 - easytorch-training - INFO - Evaluate best model on test data for horizon 6, Test MAE: 13.4738, Test RMSE: 23.4850, Test MAPE: 8.7596
2026-01-27 15:42:30,954 - easytorch-training - INFO - Evaluate best model on test data for horizon 7, Test MAE: 13.7129, Test RMSE: 23.9912, Test MAPE: 8.8184
2026-01-27 15:42:30,955 - easytorch-training - INFO - Evaluate best model on test data for horizon 8, Test MAE: 13.9381, Test RMSE: 24.4299, Test MAPE: 8.9716
2026-01-27 15:42:30,956 - easytorch-training - INFO - Evaluate best model on test data for horizon 9, Test MAE: 14.1651, Test RMSE: 24.8065, Test MAPE: 9.0985
2026-01-27 15:42:30,957 - easytorch-training - INFO - Evaluate best model on test data for horizon 10, Test MAE: 14.3210, Test RMSE: 25.0732, Test MAPE: 9.2268
2026-01-27 15:42:30,958 - easytorch-training - INFO - Evaluate best model on test data for horizon 11, Test MAE: 14.4937, Test RMSE: 25.3678, Test MAPE: 9.3547
2026-01-27 15:42:30,960 - easytorch-training - INFO - Evaluate best model on test data for horizon 12, Test MAE: 14.7131, Test RMSE: 25.6512, Test MAPE: 9.5567
2026-01-27 15:42:30,963 - easytorch-training - INFO - Result <test>: [test_time: 1.86 (s), test_MAE: 13.4338, test_RMSE: 23.3178, test_MAPE: 8.6918]
2026-01-27 15:42:31,108 - easytorch-training - INFO - Checkpoint checkpoints/STMAFNet_300/7a9424dbdf56bedb1aca9acb56518206/STMAFNet_168.pt saved
2026-01-27 15:42:31,109 - easytorch-training - INFO - The estimated training finish time is 2026-01-27 17:18:18
2026-01-27 15:42:31,109 - easytorch-training - INFO - Epoch 169 / 300
2026-01-27 15:43:10,675 - easytorch-training - INFO - Result <train>: [train_time: 39.57 (s), lr: 6.25e-05, train_MAE: 12.6433, train_RMSE: 21.4142, train_MAPE: 8.4433]
2026-01-27 15:43:10,677 - easytorch-training - INFO - Start validation.
2026-01-27 15:43:12,622 - easytorch-training - INFO - Result <val>: [val_time: 1.95 (s), val_MAE: 13.5409, val_RMSE: 23.0167, val_MAPE: 10.4028]
2026-01-27 15:43:12,973 - easytorch-training - INFO - Checkpoint checkpoints/STMAFNet_300/7a9424dbdf56bedb1aca9acb56518206/STMAFNet_best_val_MAE.pt saved
2026-01-27 15:43:14,784 - easytorch-training - INFO - Evaluate best model on test data for horizon 1, Test MAE: 11.6017, Test RMSE: 19.1147, Test MAPE: 7.5127
2026-01-27 15:43:14,785 - easytorch-training - INFO - Evaluate best model on test data for horizon 2, Test MAE: 12.0998, Test RMSE: 20.2924, Test MAPE: 7.8253
2026-01-27 15:43:14,786 - easytorch-training - INFO - Evaluate best model on test data for horizon 3, Test MAE: 12.5117, Test RMSE: 21.2533, Test MAPE: 8.0330
2026-01-27 15:43:14,787 - easytorch-training - INFO - Evaluate best model on test data for horizon 4, Test MAE: 12.8686, Test RMSE: 22.0743, Test MAPE: 8.2774
2026-01-27 15:43:14,788 - easytorch-training - INFO - Evaluate best model on test data for horizon 5, Test MAE: 13.1704, Test RMSE: 22.7669, Test MAPE: 8.5293
2026-01-27 15:43:14,789 - easytorch-training - INFO - Evaluate best model on test data for horizon 6, Test MAE: 13.4304, Test RMSE: 23.3580, Test MAPE: 8.6473
2026-01-27 15:43:14,790 - easytorch-training - INFO - Evaluate best model on test data for horizon 7, Test MAE: 13.6955, Test RMSE: 23.9081, Test MAPE: 8.8370
2026-01-27 15:43:14,792 - easytorch-training - INFO - Evaluate best model on test data for horizon 8, Test MAE: 13.9344, Test RMSE: 24.3318, Test MAPE: 8.9678
2026-01-27 15:43:14,793 - easytorch-training - INFO - Evaluate best model on test data for horizon 9, Test MAE: 14.1449, Test RMSE: 24.7236, Test MAPE: 9.0977
2026-01-27 15:43:14,794 - easytorch-training - INFO - Evaluate best model on test data for horizon 10, Test MAE: 14.3149, Test RMSE: 25.0186, Test MAPE: 9.2929
2026-01-27 15:43:14,795 - easytorch-training - INFO - Evaluate best model on test data for horizon 11, Test MAE: 14.4857, Test RMSE: 25.3196, Test MAPE: 9.3779
2026-01-27 15:43:14,796 - easytorch-training - INFO - Evaluate best model on test data for horizon 12, Test MAE: 14.7124, Test RMSE: 25.6037, Test MAPE: 9.5009
2026-01-27 15:43:14,800 - easytorch-training - INFO - Result <test>: [test_time: 1.83 (s), test_MAE: 13.4142, test_RMSE: 23.2334, test_MAPE: 8.6583]
2026-01-27 15:43:14,944 - easytorch-training - INFO - Checkpoint checkpoints/STMAFNet_300/7a9424dbdf56bedb1aca9acb56518206/STMAFNet_169.pt saved
2026-01-27 15:43:14,945 - easytorch-training - INFO - The estimated training finish time is 2026-01-27 17:18:19
2026-01-27 15:43:14,945 - easytorch-training - INFO - Epoch 170 / 300
2026-01-27 15:43:54,509 - easytorch-training - INFO - Result <train>: [train_time: 39.56 (s), lr: 6.25e-05, train_MAE: 12.6454, train_RMSE: 21.4119, train_MAPE: 8.4406]
2026-01-27 15:43:54,511 - easytorch-training - INFO - Start validation.
2026-01-27 15:43:56,503 - easytorch-training - INFO - Result <val>: [val_time: 1.99 (s), val_MAE: 13.5397, val_RMSE: 23.0239, val_MAPE: 10.5236]
2026-01-27 15:43:56,861 - easytorch-training - INFO - Checkpoint checkpoints/STMAFNet_300/7a9424dbdf56bedb1aca9acb56518206/STMAFNet_best_val_MAE.pt saved
2026-01-27 15:43:58,705 - easytorch-training - INFO - Evaluate best model on test data for horizon 1, Test MAE: 11.6073, Test RMSE: 19.1167, Test MAPE: 7.5709
2026-01-27 15:43:58,706 - easytorch-training - INFO - Evaluate best model on test data for horizon 2, Test MAE: 12.1075, Test RMSE: 20.3326, Test MAPE: 7.8655
2026-01-27 15:43:58,707 - easytorch-training - INFO - Evaluate best model on test data for horizon 3, Test MAE: 12.5237, Test RMSE: 21.2921, Test MAPE: 8.1093
2026-01-27 15:43:58,708 - easytorch-training - INFO - Evaluate best model on test data for horizon 4, Test MAE: 12.8804, Test RMSE: 22.1243, Test MAPE: 8.3524
2026-01-27 15:43:58,709 - easytorch-training - INFO - Evaluate best model on test data for horizon 5, Test MAE: 13.1713, Test RMSE: 22.8230, Test MAPE: 8.5564
2026-01-27 15:43:58,710 - easytorch-training - INFO - Evaluate best model on test data for horizon 6, Test MAE: 13.4346, Test RMSE: 23.3729, Test MAPE: 8.7769
2026-01-27 15:43:58,712 - easytorch-training - INFO - Evaluate best model on test data for horizon 7, Test MAE: 13.6797, Test RMSE: 23.8969, Test MAPE: 8.8006
2026-01-27 15:43:58,713 - easytorch-training - INFO - Evaluate best model on test data for horizon 8, Test MAE: 13.9139, Test RMSE: 24.3183, Test MAPE: 8.9742
2026-01-27 15:43:58,714 - easytorch-training - INFO - Evaluate best model on test data for horizon 9, Test MAE: 14.1238, Test RMSE: 24.6789, Test MAPE: 9.1519
2026-01-27 15:43:58,715 - easytorch-training - INFO - Evaluate best model on test data for horizon 10, Test MAE: 14.2823, Test RMSE: 24.9762, Test MAPE: 9.2115
2026-01-27 15:43:58,716 - easytorch-training - INFO - Evaluate best model on test data for horizon 11, Test MAE: 14.4782, Test RMSE: 25.2886, Test MAPE: 9.3489
2026-01-27 15:43:58,717 - easytorch-training - INFO - Evaluate best model on test data for horizon 12, Test MAE: 14.6861, Test RMSE: 25.5826, Test MAPE: 9.5173
2026-01-27 15:43:58,721 - easytorch-training - INFO - Result <test>: [test_time: 1.86 (s), test_MAE: 13.4074, test_RMSE: 23.2346, test_MAPE: 8.6863]
2026-01-27 15:43:58,865 - easytorch-training - INFO - Checkpoint checkpoints/STMAFNet_300/7a9424dbdf56bedb1aca9acb56518206/STMAFNet_170.pt saved
2026-01-27 15:43:58,879 - easytorch-training - INFO - The estimated training finish time is 2026-01-27 17:18:19
2026-01-27 15:43:58,879 - easytorch-training - INFO - Epoch 171 / 300
2026-01-27 15:44:37,987 - easytorch-training - INFO - Result <train>: [train_time: 39.11 (s), lr: 6.25e-05, train_MAE: 12.6395, train_RMSE: 21.4063, train_MAPE: 8.4362]
2026-01-27 15:44:37,989 - easytorch-training - INFO - Start validation.
2026-01-27 15:44:40,000 - easytorch-training - INFO - Result <val>: [val_time: 2.01 (s), val_MAE: 13.5617, val_RMSE: 23.0596, val_MAPE: 10.5354]
2026-01-27 15:44:41,857 - easytorch-training - INFO - Evaluate best model on test data for horizon 1, Test MAE: 11.6164, Test RMSE: 19.1441, Test MAPE: 7.6941
2026-01-27 15:44:41,859 - easytorch-training - INFO - Evaluate best model on test data for horizon 2, Test MAE: 12.1319, Test RMSE: 20.3605, Test MAPE: 7.8963
2026-01-27 15:44:41,860 - easytorch-training - INFO - Evaluate best model on test data for horizon 3, Test MAE: 12.5341, Test RMSE: 21.3302, Test MAPE: 8.1372
2026-01-27 15:44:41,861 - easytorch-training - INFO - Evaluate best model on test data for horizon 4, Test MAE: 12.9059, Test RMSE: 22.1855, Test MAPE: 8.4716
2026-01-27 15:44:41,862 - easytorch-training - INFO - Evaluate best model on test data for horizon 5, Test MAE: 13.2217, Test RMSE: 22.8916, Test MAPE: 8.6074
2026-01-27 15:44:41,863 - easytorch-training - INFO - Evaluate best model on test data for horizon 6, Test MAE: 13.4629, Test RMSE: 23.4222, Test MAPE: 8.7784
2026-01-27 15:44:41,864 - easytorch-training - INFO - Evaluate best model on test data for horizon 7, Test MAE: 13.7188, Test RMSE: 23.9525, Test MAPE: 8.8965
2026-01-27 15:44:41,865 - easytorch-training - INFO - Evaluate best model on test data for horizon 8, Test MAE: 13.9542, Test RMSE: 24.3425, Test MAPE: 8.9760
2026-01-27 15:44:41,866 - easytorch-training - INFO - Evaluate best model on test data for horizon 9, Test MAE: 14.1473, Test RMSE: 24.7104, Test MAPE: 9.1721
2026-01-27 15:44:41,868 - easytorch-training - INFO - Evaluate best model on test data for horizon 10, Test MAE: 14.3195, Test RMSE: 25.0052, Test MAPE: 9.3754
2026-01-27 15:44:41,869 - easytorch-training - INFO - Evaluate best model on test data for horizon 11, Test MAE: 14.4991, Test RMSE: 25.2944, Test MAPE: 9.4105
2026-01-27 15:44:41,870 - easytorch-training - INFO - Evaluate best model on test data for horizon 12, Test MAE: 14.7038, Test RMSE: 25.5928, Test MAPE: 9.5710
2026-01-27 15:44:41,874 - easytorch-training - INFO - Result <test>: [test_time: 1.87 (s), test_MAE: 13.4346, test_RMSE: 23.2698, test_MAPE: 8.7489]
2026-01-27 15:44:42,018 - easytorch-training - INFO - Checkpoint checkpoints/STMAFNet_300/7a9424dbdf56bedb1aca9acb56518206/STMAFNet_171.pt saved
2026-01-27 15:44:42,018 - easytorch-training - INFO - The estimated training finish time is 2026-01-27 17:18:19
2026-01-27 15:44:42,018 - easytorch-training - INFO - Epoch 172 / 300
2026-01-27 15:45:21,517 - easytorch-training - INFO - Result <train>: [train_time: 39.50 (s), lr: 6.25e-05, train_MAE: 12.6400, train_RMSE: 21.4123, train_MAPE: 8.4377]
2026-01-27 15:45:21,518 - easytorch-training - INFO - Start validation.
2026-01-27 15:45:23,490 - easytorch-training - INFO - Result <val>: [val_time: 1.97 (s), val_MAE: 13.5674, val_RMSE: 23.0559, val_MAPE: 10.4512]
2026-01-27 15:45:25,345 - easytorch-training - INFO - Evaluate best model on test data for horizon 1, Test MAE: 11.6146, Test RMSE: 19.1295, Test MAPE: 7.5533
2026-01-27 15:45:25,348 - easytorch-training - INFO - Evaluate best model on test data for horizon 2, Test MAE: 12.1303, Test RMSE: 20.3433, Test MAPE: 7.8298
2026-01-27 15:45:25,350 - easytorch-training - INFO - Evaluate best model on test data for horizon 3, Test MAE: 12.5200, Test RMSE: 21.2905, Test MAPE: 8.0974
2026-01-27 15:45:25,351 - easytorch-training - INFO - Evaluate best model on test data for horizon 4, Test MAE: 12.8744, Test RMSE: 22.1289, Test MAPE: 8.3375
2026-01-27 15:45:25,352 - easytorch-training - INFO - Evaluate best model on test data for horizon 5, Test MAE: 13.1927, Test RMSE: 22.8257, Test MAPE: 8.5178
2026-01-27 15:45:25,354 - easytorch-training - INFO - Evaluate best model on test data for horizon 6, Test MAE: 13.4464, Test RMSE: 23.3926, Test MAPE: 8.6886
2026-01-27 15:45:25,355 - easytorch-training - INFO - Evaluate best model on test data for horizon 7, Test MAE: 13.7090, Test RMSE: 23.9536, Test MAPE: 8.8210
2026-01-27 15:45:25,356 - easytorch-training - INFO - Evaluate best model on test data for horizon 8, Test MAE: 13.9414, Test RMSE: 24.3788, Test MAPE: 8.9832
2026-01-27 15:45:25,358 - easytorch-training - INFO - Evaluate best model on test data for horizon 9, Test MAE: 14.1270, Test RMSE: 24.7268, Test MAPE: 9.1583
2026-01-27 15:45:25,370 - easytorch-training - INFO - Evaluate best model on test data for horizon 10, Test MAE: 14.3134, Test RMSE: 25.0115, Test MAPE: 9.2671
2026-01-27 15:45:25,371 - easytorch-training - INFO - Evaluate best model on test data for horizon 11, Test MAE: 14.5330, Test RMSE: 25.3461, Test MAPE: 9.4857
2026-01-27 15:45:25,372 - easytorch-training - INFO - Evaluate best model on test data for horizon 12, Test MAE: 14.6980, Test RMSE: 25.6025, Test MAPE: 9.5355
2026-01-27 15:45:25,376 - easytorch-training - INFO - Result <test>: [test_time: 1.88 (s), test_MAE: 13.4250, test_RMSE: 23.2630, test_MAPE: 8.6896]
2026-01-27 15:45:25,535 - easytorch-training - INFO - Checkpoint checkpoints/STMAFNet_300/7a9424dbdf56bedb1aca9acb56518206/STMAFNet_172.pt saved
2026-01-27 15:45:25,535 - easytorch-training - INFO - The estimated training finish time is 2026-01-27 17:18:19
2026-01-27 15:45:25,535 - easytorch-training - INFO - Epoch 173 / 300
2026-01-27 15:46:04,605 - easytorch-training - INFO - Result <train>: [train_time: 39.07 (s), lr: 6.25e-05, train_MAE: 12.6353, train_RMSE: 21.4040, train_MAPE: 8.4332]
2026-01-27 15:46:04,606 - easytorch-training - INFO - Start validation.
2026-01-27 15:46:06,582 - easytorch-training - INFO - Result <val>: [val_time: 1.98 (s), val_MAE: 13.6183, val_RMSE: 23.1717, val_MAPE: 10.7873]
2026-01-27 15:46:08,423 - easytorch-training - INFO - Evaluate best model on test data for horizon 1, Test MAE: 11.6159, Test RMSE: 19.1472, Test MAPE: 7.5651
2026-01-27 15:46:08,425 - easytorch-training - INFO - Evaluate best model on test data for horizon 2, Test MAE: 12.1209, Test RMSE: 20.3638, Test MAPE: 7.8302
2026-01-27 15:46:08,426 - easytorch-training - INFO - Evaluate best model on test data for horizon 3, Test MAE: 12.5373, Test RMSE: 21.3638, Test MAPE: 8.0761
2026-01-27 15:46:08,427 - easytorch-training - INFO - Evaluate best model on test data for horizon 4, Test MAE: 12.8890, Test RMSE: 22.2043, Test MAPE: 8.3043
2026-01-27 15:46:08,428 - easytorch-training - INFO - Evaluate best model on test data for horizon 5, Test MAE: 13.2090, Test RMSE: 22.9109, Test MAPE: 8.5284
2026-01-27 15:46:08,429 - easytorch-training - INFO - Evaluate best model on test data for horizon 6, Test MAE: 13.4925, Test RMSE: 23.4846, Test MAPE: 8.7492
2026-01-27 15:46:08,430 - easytorch-training - INFO - Evaluate best model on test data for horizon 7, Test MAE: 13.7352, Test RMSE: 24.0227, Test MAPE: 8.8774
2026-01-27 15:46:08,431 - easytorch-training - INFO - Evaluate best model on test data for horizon 8, Test MAE: 13.9841, Test RMSE: 24.4798, Test MAPE: 9.0359
2026-01-27 15:46:08,432 - easytorch-training - INFO - Evaluate best model on test data for horizon 9, Test MAE: 14.1785, Test RMSE: 24.8138, Test MAPE: 9.1629
2026-01-27 15:46:08,433 - easytorch-training - INFO - Evaluate best model on test data for horizon 10, Test MAE: 14.3842, Test RMSE: 25.1620, Test MAPE: 9.3111
2026-01-27 15:46:08,435 - easytorch-training - INFO - Evaluate best model on test data for horizon 11, Test MAE: 14.5675, Test RMSE: 25.4661, Test MAPE: 9.4386
2026-01-27 15:46:08,436 - easytorch-training - INFO - Evaluate best model on test data for horizon 12, Test MAE: 14.7655, Test RMSE: 25.7600, Test MAPE: 9.5937
2026-01-27 15:46:08,440 - easytorch-training - INFO - Result <test>: [test_time: 1.86 (s), test_MAE: 13.4566, test_RMSE: 23.3532, test_MAPE: 8.7061]
2026-01-27 15:46:08,585 - easytorch-training - INFO - Checkpoint checkpoints/STMAFNet_300/7a9424dbdf56bedb1aca9acb56518206/STMAFNet_173.pt saved
2026-01-27 15:46:08,585 - easytorch-training - INFO - The estimated training finish time is 2026-01-27 17:18:18
2026-01-27 15:46:08,585 - easytorch-training - INFO - Epoch 174 / 300
2026-01-27 15:46:47,816 - easytorch-training - INFO - Result <train>: [train_time: 39.23 (s), lr: 6.25e-05, train_MAE: 12.6319, train_RMSE: 21.4072, train_MAPE: 8.4237]
2026-01-27 15:46:47,817 - easytorch-training - INFO - Start validation.
2026-01-27 15:46:49,793 - easytorch-training - INFO - Result <val>: [val_time: 1.98 (s), val_MAE: 13.5646, val_RMSE: 23.0753, val_MAPE: 10.5681]
2026-01-27 15:46:51,624 - easytorch-training - INFO - Evaluate best model on test data for horizon 1, Test MAE: 11.6227, Test RMSE: 19.1275, Test MAPE: 7.5593
2026-01-27 15:46:51,625 - easytorch-training - INFO - Evaluate best model on test data for horizon 2, Test MAE: 12.1239, Test RMSE: 20.3484, Test MAPE: 7.8399
2026-01-27 15:46:51,626 - easytorch-training - INFO - Evaluate best model on test data for horizon 3, Test MAE: 12.5341, Test RMSE: 21.3219, Test MAPE: 8.0407
2026-01-27 15:46:51,628 - easytorch-training - INFO - Evaluate best model on test data for horizon 4, Test MAE: 12.8957, Test RMSE: 22.1343, Test MAPE: 8.2790
2026-01-27 15:46:51,629 - easytorch-training - INFO - Evaluate best model on test data for horizon 5, Test MAE: 13.1750, Test RMSE: 22.8214, Test MAPE: 8.5347
2026-01-27 15:46:51,630 - easytorch-training - INFO - Evaluate best model on test data for horizon 6, Test MAE: 13.4514, Test RMSE: 23.3594, Test MAPE: 8.7171
2026-01-27 15:46:51,632 - easytorch-training - INFO - Evaluate best model on test data for horizon 7, Test MAE: 13.6798, Test RMSE: 23.8644, Test MAPE: 8.8143
2026-01-27 15:46:51,633 - easytorch-training - INFO - Evaluate best model on test data for horizon 8, Test MAE: 13.9144, Test RMSE: 24.2559, Test MAPE: 8.9461
2026-01-27 15:46:51,634 - easytorch-training - INFO - Evaluate best model on test data for horizon 9, Test MAE: 14.1292, Test RMSE: 24.6194, Test MAPE: 9.0764
2026-01-27 15:46:51,635 - easytorch-training - INFO - Evaluate best model on test data for horizon 10, Test MAE: 14.2996, Test RMSE: 24.9354, Test MAPE: 9.2165
2026-01-27 15:46:51,636 - easytorch-training - INFO - Evaluate best model on test data for horizon 11, Test MAE: 14.4839, Test RMSE: 25.2321, Test MAPE: 9.3396
2026-01-27 15:46:51,637 - easytorch-training - INFO - Evaluate best model on test data for horizon 12, Test MAE: 14.6725, Test RMSE: 25.5444, Test MAPE: 9.4980
2026-01-27 15:46:51,641 - easytorch-training - INFO - Result <test>: [test_time: 1.85 (s), test_MAE: 13.4152, test_RMSE: 23.2125, test_MAPE: 8.6551]
2026-01-27 15:46:51,785 - easytorch-training - INFO - Checkpoint checkpoints/STMAFNet_300/7a9424dbdf56bedb1aca9acb56518206/STMAFNet_174.pt saved
2026-01-27 15:46:51,786 - easytorch-training - INFO - The estimated training finish time is 2026-01-27 17:18:17
2026-01-27 15:46:51,786 - easytorch-training - INFO - Epoch 175 / 300
2026-01-27 15:47:31,353 - easytorch-training - INFO - Result <train>: [train_time: 39.57 (s), lr: 6.25e-05, train_MAE: 12.6287, train_RMSE: 21.3954, train_MAPE: 8.4302]
2026-01-27 15:47:31,355 - easytorch-training - INFO - Start validation.
2026-01-27 15:47:33,275 - easytorch-training - INFO - Result <val>: [val_time: 1.92 (s), val_MAE: 13.5510, val_RMSE: 23.0347, val_MAPE: 10.2183]
2026-01-27 15:47:35,128 - easytorch-training - INFO - Evaluate best model on test data for horizon 1, Test MAE: 11.6224, Test RMSE: 19.1313, Test MAPE: 7.5495
2026-01-27 15:47:35,129 - easytorch-training - INFO - Evaluate best model on test data for horizon 2, Test MAE: 12.1279, Test RMSE: 20.3422, Test MAPE: 7.8636
2026-01-27 15:47:35,130 - easytorch-training - INFO - Evaluate best model on test data for horizon 3, Test MAE: 12.5282, Test RMSE: 21.2960, Test MAPE: 8.0717
2026-01-27 15:47:35,131 - easytorch-training - INFO - Evaluate best model on test data for horizon 4, Test MAE: 12.8751, Test RMSE: 22.1309, Test MAPE: 8.3094
2026-01-27 15:47:35,132 - easytorch-training - INFO - Evaluate best model on test data for horizon 5, Test MAE: 13.1995, Test RMSE: 22.8417, Test MAPE: 8.5138
2026-01-27 15:47:35,133 - easytorch-training - INFO - Evaluate best model on test data for horizon 6, Test MAE: 13.4572, Test RMSE: 23.4041, Test MAPE: 8.6828
2026-01-27 15:47:35,134 - easytorch-training - INFO - Evaluate best model on test data for horizon 7, Test MAE: 13.7085, Test RMSE: 23.9228, Test MAPE: 8.8572
2026-01-27 15:47:35,136 - easytorch-training - INFO - Evaluate best model on test data for horizon 8, Test MAE: 13.9268, Test RMSE: 24.3452, Test MAPE: 9.0077
2026-01-27 15:47:35,137 - easytorch-training - INFO - Evaluate best model on test data for horizon 9, Test MAE: 14.1386, Test RMSE: 24.7164, Test MAPE: 9.1823
2026-01-27 15:47:35,138 - easytorch-training - INFO - Evaluate best model on test data for horizon 10, Test MAE: 14.3058, Test RMSE: 25.0107, Test MAPE: 9.2785
2026-01-27 15:47:35,139 - easytorch-training - INFO - Evaluate best model on test data for horizon 11, Test MAE: 14.4839, Test RMSE: 25.2806, Test MAPE: 9.4146
2026-01-27 15:47:35,140 - easytorch-training - INFO - Evaluate best model on test data for horizon 12, Test MAE: 14.6955, Test RMSE: 25.5463, Test MAPE: 9.5604
2026-01-27 15:47:35,144 - easytorch-training - INFO - Result <test>: [test_time: 1.87 (s), test_MAE: 13.4224, test_RMSE: 23.2482, test_MAPE: 8.6910]
2026-01-27 15:47:35,287 - easytorch-training - INFO - Checkpoint checkpoints/STMAFNet_300/7a9424dbdf56bedb1aca9acb56518206/STMAFNet_175.pt saved
2026-01-27 15:47:35,288 - easytorch-training - INFO - The estimated training finish time is 2026-01-27 17:18:17
2026-01-27 15:47:35,288 - easytorch-training - INFO - Epoch 176 / 300
2026-01-27 15:48:14,498 - easytorch-training - INFO - Result <train>: [train_time: 39.21 (s), lr: 6.25e-05, train_MAE: 12.6194, train_RMSE: 21.3889, train_MAPE: 8.4296]
2026-01-27 15:48:14,500 - easytorch-training - INFO - Start validation.
2026-01-27 15:48:16,446 - easytorch-training - INFO - Result <val>: [val_time: 1.95 (s), val_MAE: 13.5726, val_RMSE: 23.1073, val_MAPE: 10.5554]
2026-01-27 15:48:18,247 - easytorch-training - INFO - Evaluate best model on test data for horizon 1, Test MAE: 11.6171, Test RMSE: 19.1255, Test MAPE: 7.6508
2026-01-27 15:48:18,248 - easytorch-training - INFO - Evaluate best model on test data for horizon 2, Test MAE: 12.1025, Test RMSE: 20.3407, Test MAPE: 7.8578
2026-01-27 15:48:18,249 - easytorch-training - INFO - Evaluate best model on test data for horizon 3, Test MAE: 12.5081, Test RMSE: 21.3064, Test MAPE: 8.1444
2026-01-27 15:48:18,250 - easytorch-training - INFO - Evaluate best model on test data for horizon 4, Test MAE: 12.8751, Test RMSE: 22.1639, Test MAPE: 8.3044
2026-01-27 15:48:18,251 - easytorch-training - INFO - Evaluate best model on test data for horizon 5, Test MAE: 13.1872, Test RMSE: 22.8683, Test MAPE: 8.6037
2026-01-27 15:48:18,252 - easytorch-training - INFO - Evaluate best model on test data for horizon 6, Test MAE: 13.4539, Test RMSE: 23.4472, Test MAPE: 8.7025
2026-01-27 15:48:18,253 - easytorch-training - INFO - Evaluate best model on test data for horizon 7, Test MAE: 13.7077, Test RMSE: 23.9517, Test MAPE: 8.8391
2026-01-27 15:48:18,255 - easytorch-training - INFO - Evaluate best model on test data for horizon 8, Test MAE: 13.9418, Test RMSE: 24.3786, Test MAPE: 8.9684
2026-01-27 15:48:18,256 - easytorch-training - INFO - Evaluate best model on test data for horizon 9, Test MAE: 14.1479, Test RMSE: 24.7260, Test MAPE: 9.1333
2026-01-27 15:48:18,257 - easytorch-training - INFO - Evaluate best model on test data for horizon 10, Test MAE: 14.3170, Test RMSE: 25.0328, Test MAPE: 9.2356
2026-01-27 15:48:18,258 - easytorch-training - INFO - Evaluate best model on test data for horizon 11, Test MAE: 14.5039, Test RMSE: 25.3197, Test MAPE: 9.3770
2026-01-27 15:48:18,259 - easytorch-training - INFO - Evaluate best model on test data for horizon 12, Test MAE: 14.6878, Test RMSE: 25.5934, Test MAPE: 9.4864
2026-01-27 15:48:18,263 - easytorch-training - INFO - Result <test>: [test_time: 1.81 (s), test_MAE: 13.4208, test_RMSE: 23.2730, test_MAPE: 8.6919]
2026-01-27 15:48:18,409 - easytorch-training - INFO - Checkpoint checkpoints/STMAFNet_300/7a9424dbdf56bedb1aca9acb56518206/STMAFNet_176.pt saved
2026-01-27 15:48:18,409 - easytorch-training - INFO - The estimated training finish time is 2026-01-27 17:18:16
2026-01-27 15:48:18,409 - easytorch-training - INFO - Epoch 177 / 300
2026-01-27 15:48:57,761 - easytorch-training - INFO - Result <train>: [train_time: 39.35 (s), lr: 6.25e-05, train_MAE: 12.6241, train_RMSE: 21.3903, train_MAPE: 8.4204]
2026-01-27 15:48:57,763 - easytorch-training - INFO - Start validation.
2026-01-27 15:48:59,722 - easytorch-training - INFO - Result <val>: [val_time: 1.96 (s), val_MAE: 13.5577, val_RMSE: 23.0818, val_MAPE: 10.5447]
2026-01-27 15:49:01,508 - easytorch-training - INFO - Evaluate best model on test data for horizon 1, Test MAE: 11.6283, Test RMSE: 19.1489, Test MAPE: 7.5616
2026-01-27 15:49:01,510 - easytorch-training - INFO - Evaluate best model on test data for horizon 2, Test MAE: 12.1275, Test RMSE: 20.3650, Test MAPE: 7.8417
2026-01-27 15:49:01,511 - easytorch-training - INFO - Evaluate best model on test data for horizon 3, Test MAE: 12.5300, Test RMSE: 21.3387, Test MAPE: 8.0818
2026-01-27 15:49:01,512 - easytorch-training - INFO - Evaluate best model on test data for horizon 4, Test MAE: 12.8959, Test RMSE: 22.1736, Test MAPE: 8.2962
2026-01-27 15:49:01,513 - easytorch-training - INFO - Evaluate best model on test data for horizon 5, Test MAE: 13.2112, Test RMSE: 22.8613, Test MAPE: 8.5552
2026-01-27 15:49:01,514 - easytorch-training - INFO - Evaluate best model on test data for horizon 6, Test MAE: 13.4598, Test RMSE: 23.4071, Test MAPE: 8.6606
2026-01-27 15:49:01,515 - easytorch-training - INFO - Evaluate best model on test data for horizon 7, Test MAE: 13.6982, Test RMSE: 23.9209, Test MAPE: 8.8214
2026-01-27 15:49:01,516 - easytorch-training - INFO - Evaluate best model on test data for horizon 8, Test MAE: 13.9232, Test RMSE: 24.3602, Test MAPE: 8.9794
2026-01-27 15:49:01,518 - easytorch-training - INFO - Evaluate best model on test data for horizon 9, Test MAE: 14.1181, Test RMSE: 24.7190, Test MAPE: 9.1039
2026-01-27 15:49:01,519 - easytorch-training - INFO - Evaluate best model on test data for horizon 10, Test MAE: 14.2858, Test RMSE: 25.0288, Test MAPE: 9.2394
2026-01-27 15:49:01,520 - easytorch-training - INFO - Evaluate best model on test data for horizon 11, Test MAE: 14.4513, Test RMSE: 25.2969, Test MAPE: 9.3538
2026-01-27 15:49:01,521 - easytorch-training - INFO - Evaluate best model on test data for horizon 12, Test MAE: 14.6591, Test RMSE: 25.5941, Test MAPE: 9.4896
2026-01-27 15:49:01,525 - easytorch-training - INFO - Result <test>: [test_time: 1.80 (s), test_MAE: 13.4157, test_RMSE: 23.2684, test_MAPE: 8.6654]
2026-01-27 15:49:01,671 - easytorch-training - INFO - Checkpoint checkpoints/STMAFNet_300/7a9424dbdf56bedb1aca9acb56518206/STMAFNet_177.pt saved
2026-01-27 15:49:01,672 - easytorch-training - INFO - The estimated training finish time is 2026-01-27 17:18:16
2026-01-27 15:49:01,672 - easytorch-training - INFO - Epoch 178 / 300
2026-01-27 15:49:40,911 - easytorch-training - INFO - Result <train>: [train_time: 39.24 (s), lr: 6.25e-05, train_MAE: 12.6161, train_RMSE: 21.3755, train_MAPE: 8.4305]
2026-01-27 15:49:40,913 - easytorch-training - INFO - Start validation.
2026-01-27 15:49:42,874 - easytorch-training - INFO - Result <val>: [val_time: 1.96 (s), val_MAE: 13.5898, val_RMSE: 23.1335, val_MAPE: 10.6741]
2026-01-27 15:49:44,680 - easytorch-training - INFO - Evaluate best model on test data for horizon 1, Test MAE: 11.6185, Test RMSE: 19.1275, Test MAPE: 7.6179
2026-01-27 15:49:44,681 - easytorch-training - INFO - Evaluate best model on test data for horizon 2, Test MAE: 12.1313, Test RMSE: 20.3287, Test MAPE: 7.8441
2026-01-27 15:49:44,683 - easytorch-training - INFO - Evaluate best model on test data for horizon 3, Test MAE: 12.5291, Test RMSE: 21.3016, Test MAPE: 8.0698
2026-01-27 15:49:44,685 - easytorch-training - INFO - Evaluate best model on test data for horizon 4, Test MAE: 12.8902, Test RMSE: 22.1349, Test MAPE: 8.3461
2026-01-27 15:49:44,686 - easytorch-training - INFO - Evaluate best model on test data for horizon 5, Test MAE: 13.1888, Test RMSE: 22.8145, Test MAPE: 8.4859
2026-01-27 15:49:44,687 - easytorch-training - INFO - Evaluate best model on test data for horizon 6, Test MAE: 13.4593, Test RMSE: 23.3894, Test MAPE: 8.7081
2026-01-27 15:49:44,688 - easytorch-training - INFO - Evaluate best model on test data for horizon 7, Test MAE: 13.7084, Test RMSE: 23.9259, Test MAPE: 8.8649
2026-01-27 15:49:44,690 - easytorch-training - INFO - Evaluate best model on test data for horizon 8, Test MAE: 13.9425, Test RMSE: 24.3780, Test MAPE: 9.0048
2026-01-27 15:49:44,691 - easytorch-training - INFO - Evaluate best model on test data for horizon 9, Test MAE: 14.1499, Test RMSE: 24.7269, Test MAPE: 9.1047
2026-01-27 15:49:44,692 - easytorch-training - INFO - Evaluate best model on test data for horizon 10, Test MAE: 14.3211, Test RMSE: 25.0040, Test MAPE: 9.3170
2026-01-27 15:49:44,694 - easytorch-training - INFO - Evaluate best model on test data for horizon 11, Test MAE: 14.4897, Test RMSE: 25.2648, Test MAPE: 9.3667
2026-01-27 15:49:44,695 - easytorch-training - INFO - Evaluate best model on test data for horizon 12, Test MAE: 14.7023, Test RMSE: 25.5636, Test MAPE: 9.6304
2026-01-27 15:49:44,699 - easytorch-training - INFO - Result <test>: [test_time: 1.82 (s), test_MAE: 13.4276, test_RMSE: 23.2478, test_MAPE: 8.6967]
2026-01-27 15:49:44,852 - easytorch-training - INFO - Checkpoint checkpoints/STMAFNet_300/7a9424dbdf56bedb1aca9acb56518206/STMAFNet_178.pt saved
2026-01-27 15:49:44,853 - easytorch-training - INFO - The estimated training finish time is 2026-01-27 17:18:15
2026-01-27 15:49:44,853 - easytorch-training - INFO - Epoch 179 / 300
2026-01-27 15:50:24,186 - easytorch-training - INFO - Result <train>: [train_time: 39.33 (s), lr: 6.25e-05, train_MAE: 12.6117, train_RMSE: 21.3677, train_MAPE: 8.4231]
2026-01-27 15:50:24,188 - easytorch-training - INFO - Start validation.
2026-01-27 15:50:26,162 - easytorch-training - INFO - Result <val>: [val_time: 1.97 (s), val_MAE: 13.5686, val_RMSE: 23.1010, val_MAPE: 10.9036]
2026-01-27 15:50:28,028 - easytorch-training - INFO - Evaluate best model on test data for horizon 1, Test MAE: 11.5853, Test RMSE: 19.1002, Test MAPE: 7.6867
2026-01-27 15:50:28,029 - easytorch-training - INFO - Evaluate best model on test data for horizon 2, Test MAE: 12.0919, Test RMSE: 20.3137, Test MAPE: 7.9556
2026-01-27 15:50:28,030 - easytorch-training - INFO - Evaluate best model on test data for horizon 3, Test MAE: 12.5229, Test RMSE: 21.2692, Test MAPE: 8.2332
2026-01-27 15:50:28,031 - easytorch-training - INFO - Evaluate best model on test data for horizon 4, Test MAE: 12.8646, Test RMSE: 22.0852, Test MAPE: 8.4091
2026-01-27 15:50:28,032 - easytorch-training - INFO - Evaluate best model on test data for horizon 5, Test MAE: 13.1676, Test RMSE: 22.7662, Test MAPE: 8.6243
2026-01-27 15:50:28,034 - easytorch-training - INFO - Evaluate best model on test data for horizon 6, Test MAE: 13.4244, Test RMSE: 23.3342, Test MAPE: 8.6497
2026-01-27 15:50:28,035 - easytorch-training - INFO - Evaluate best model on test data for horizon 7, Test MAE: 13.6781, Test RMSE: 23.8539, Test MAPE: 9.0050
2026-01-27 15:50:28,036 - easytorch-training - INFO - Evaluate best model on test data for horizon 8, Test MAE: 13.9017, Test RMSE: 24.2792, Test MAPE: 9.0803
2026-01-27 15:50:28,037 - easytorch-training - INFO - Evaluate best model on test data for horizon 9, Test MAE: 14.0906, Test RMSE: 24.6318, Test MAPE: 9.1696
2026-01-27 15:50:28,038 - easytorch-training - INFO - Evaluate best model on test data for horizon 10, Test MAE: 14.2748, Test RMSE: 24.9291, Test MAPE: 9.3071
2026-01-27 15:50:28,039 - easytorch-training - INFO - Evaluate best model on test data for horizon 11, Test MAE: 14.4645, Test RMSE: 25.2096, Test MAPE: 9.6234
2026-01-27 15:50:28,040 - easytorch-training - INFO - Evaluate best model on test data for horizon 12, Test MAE: 14.6600, Test RMSE: 25.5205, Test MAPE: 9.6227
2026-01-27 15:50:28,044 - easytorch-training - INFO - Result <test>: [test_time: 1.88 (s), test_MAE: 13.3939, test_RMSE: 23.1910, test_MAPE: 8.7806]
2026-01-27 15:50:28,188 - easytorch-training - INFO - Checkpoint checkpoints/STMAFNet_300/7a9424dbdf56bedb1aca9acb56518206/STMAFNet_179.pt saved
2026-01-27 15:50:28,189 - easytorch-training - INFO - The estimated training finish time is 2026-01-27 17:18:15
2026-01-27 15:50:28,189 - easytorch-training - INFO - Epoch 180 / 300
2026-01-27 15:51:07,090 - easytorch-training - INFO - Result <train>: [train_time: 38.90 (s), lr: 6.25e-05, train_MAE: 12.6072, train_RMSE: 21.3563, train_MAPE: 8.4181]
2026-01-27 15:51:07,092 - easytorch-training - INFO - Start validation.
2026-01-27 15:51:09,006 - easytorch-training - INFO - Result <val>: [val_time: 1.91 (s), val_MAE: 13.5709, val_RMSE: 23.1344, val_MAPE: 10.7871]
2026-01-27 15:51:10,819 - easytorch-training - INFO - Evaluate best model on test data for horizon 1, Test MAE: 11.5945, Test RMSE: 19.1192, Test MAPE: 7.5367
2026-01-27 15:51:10,821 - easytorch-training - INFO - Evaluate best model on test data for horizon 2, Test MAE: 12.0923, Test RMSE: 20.3200, Test MAPE: 7.8249
2026-01-27 15:51:10,822 - easytorch-training - INFO - Evaluate best model on test data for horizon 3, Test MAE: 12.5014, Test RMSE: 21.2839, Test MAPE: 8.0682
2026-01-27 15:51:10,823 - easytorch-training - INFO - Evaluate best model on test data for horizon 4, Test MAE: 12.8603, Test RMSE: 22.1052, Test MAPE: 8.2989
2026-01-27 15:51:10,824 - easytorch-training - INFO - Evaluate best model on test data for horizon 5, Test MAE: 13.1795, Test RMSE: 22.8142, Test MAPE: 8.4983
2026-01-27 15:51:10,825 - easytorch-training - INFO - Evaluate best model on test data for horizon 6, Test MAE: 13.4437, Test RMSE: 23.3933, Test MAPE: 8.6751
2026-01-27 15:51:10,826 - easytorch-training - INFO - Evaluate best model on test data for horizon 7, Test MAE: 13.7099, Test RMSE: 23.9711, Test MAPE: 8.8505
2026-01-27 15:51:10,827 - easytorch-training - INFO - Evaluate best model on test data for horizon 8, Test MAE: 13.9478, Test RMSE: 24.4407, Test MAPE: 8.9917
2026-01-27 15:51:10,828 - easytorch-training - INFO - Evaluate best model on test data for horizon 9, Test MAE: 14.1489, Test RMSE: 24.8129, Test MAPE: 9.1222
2026-01-27 15:51:10,829 - easytorch-training - INFO - Evaluate best model on test data for horizon 10, Test MAE: 14.3098, Test RMSE: 25.1031, Test MAPE: 9.2715
2026-01-27 15:51:10,830 - easytorch-training - INFO - Evaluate best model on test data for horizon 11, Test MAE: 14.5022, Test RMSE: 25.3767, Test MAPE: 9.4222
2026-01-27 15:51:10,832 - easytorch-training - INFO - Evaluate best model on test data for horizon 12, Test MAE: 14.6954, Test RMSE: 25.6547, Test MAPE: 9.5415
2026-01-27 15:51:10,835 - easytorch-training - INFO - Result <test>: [test_time: 1.83 (s), test_MAE: 13.4155, test_RMSE: 23.2876, test_MAPE: 8.6751]
2026-01-27 15:51:10,979 - easytorch-training - INFO - Checkpoint checkpoints/STMAFNet_300/7a9424dbdf56bedb1aca9acb56518206/STMAFNet_180.pt saved
2026-01-27 15:51:10,992 - easytorch-training - INFO - The estimated training finish time is 2026-01-27 17:18:14
2026-01-27 15:51:10,993 - easytorch-training - INFO - Epoch 181 / 300
2026-01-27 15:51:50,397 - easytorch-training - INFO - Result <train>: [train_time: 39.40 (s), lr: 6.25e-05, train_MAE: 12.6048, train_RMSE: 21.3528, train_MAPE: 8.4197]
2026-01-27 15:51:50,398 - easytorch-training - INFO - Start validation.
2026-01-27 15:51:52,372 - easytorch-training - INFO - Result <val>: [val_time: 1.97 (s), val_MAE: 13.5543, val_RMSE: 23.0699, val_MAPE: 10.3882]
2026-01-27 15:51:54,216 - easytorch-training - INFO - Evaluate best model on test data for horizon 1, Test MAE: 11.6216, Test RMSE: 19.1580, Test MAPE: 7.5778
2026-01-27 15:51:54,218 - easytorch-training - INFO - Evaluate best model on test data for horizon 2, Test MAE: 12.1310, Test RMSE: 20.3761, Test MAPE: 7.8728
2026-01-27 15:51:54,219 - easytorch-training - INFO - Evaluate best model on test data for horizon 3, Test MAE: 12.5496, Test RMSE: 21.3137, Test MAPE: 8.1359
2026-01-27 15:51:54,220 - easytorch-training - INFO - Evaluate best model on test data for horizon 4, Test MAE: 12.9227, Test RMSE: 22.1243, Test MAPE: 8.3555
2026-01-27 15:51:54,222 - easytorch-training - INFO - Evaluate best model on test data for horizon 5, Test MAE: 13.1983, Test RMSE: 22.8050, Test MAPE: 8.4926
2026-01-27 15:51:54,223 - easytorch-training - INFO - Evaluate best model on test data for horizon 6, Test MAE: 13.4641, Test RMSE: 23.4020, Test MAPE: 8.6579
2026-01-27 15:51:54,225 - easytorch-training - INFO - Evaluate best model on test data for horizon 7, Test MAE: 13.7316, Test RMSE: 23.9682, Test MAPE: 8.9833
2026-01-27 15:51:54,226 - easytorch-training - INFO - Evaluate best model on test data for horizon 8, Test MAE: 13.9530, Test RMSE: 24.3635, Test MAPE: 9.0119
2026-01-27 15:51:54,227 - easytorch-training - INFO - Evaluate best model on test data for horizon 9, Test MAE: 14.1402, Test RMSE: 24.7397, Test MAPE: 9.1289
2026-01-27 15:51:54,229 - easytorch-training - INFO - Evaluate best model on test data for horizon 10, Test MAE: 14.3107, Test RMSE: 25.0412, Test MAPE: 9.2535
2026-01-27 15:51:54,230 - easytorch-training - INFO - Evaluate best model on test data for horizon 11, Test MAE: 14.4785, Test RMSE: 25.2980, Test MAPE: 9.3656
2026-01-27 15:51:54,231 - easytorch-training - INFO - Evaluate best model on test data for horizon 12, Test MAE: 14.6934, Test RMSE: 25.5861, Test MAPE: 9.5180
2026-01-27 15:51:54,235 - easytorch-training - INFO - Result <test>: [test_time: 1.86 (s), test_MAE: 13.4329, test_RMSE: 23.2657, test_MAPE: 8.6961]
2026-01-27 15:51:54,391 - easytorch-training - INFO - Checkpoint checkpoints/STMAFNet_300/7a9424dbdf56bedb1aca9acb56518206/STMAFNet_181.pt saved
2026-01-27 15:51:54,392 - easytorch-training - INFO - The estimated training finish time is 2026-01-27 17:18:14
2026-01-27 15:51:54,392 - easytorch-training - INFO - Epoch 182 / 300
2026-01-27 15:52:33,452 - easytorch-training - INFO - Result <train>: [train_time: 39.06 (s), lr: 6.25e-05, train_MAE: 12.6041, train_RMSE: 21.3494, train_MAPE: 8.4159]
2026-01-27 15:52:33,453 - easytorch-training - INFO - Start validation.
2026-01-27 15:52:35,412 - easytorch-training - INFO - Result <val>: [val_time: 1.96 (s), val_MAE: 13.5718, val_RMSE: 23.1265, val_MAPE: 10.7789]
2026-01-27 15:52:37,218 - easytorch-training - INFO - Evaluate best model on test data for horizon 1, Test MAE: 11.6102, Test RMSE: 19.1428, Test MAPE: 7.5188
2026-01-27 15:52:37,220 - easytorch-training - INFO - Evaluate best model on test data for horizon 2, Test MAE: 12.1199, Test RMSE: 20.3590, Test MAPE: 7.8186
2026-01-27 15:52:37,221 - easytorch-training - INFO - Evaluate best model on test data for horizon 3, Test MAE: 12.5350, Test RMSE: 21.3227, Test MAPE: 8.0373
2026-01-27 15:52:37,222 - easytorch-training - INFO - Evaluate best model on test data for horizon 4, Test MAE: 12.8930, Test RMSE: 22.1283, Test MAPE: 8.2536
2026-01-27 15:52:37,223 - easytorch-training - INFO - Evaluate best model on test data for horizon 5, Test MAE: 13.2029, Test RMSE: 22.8527, Test MAPE: 8.4426
2026-01-27 15:52:37,224 - easytorch-training - INFO - Evaluate best model on test data for horizon 6, Test MAE: 13.4576, Test RMSE: 23.4113, Test MAPE: 8.6423
2026-01-27 15:52:37,225 - easytorch-training - INFO - Evaluate best model on test data for horizon 7, Test MAE: 13.7031, Test RMSE: 23.9337, Test MAPE: 8.8812
2026-01-27 15:52:37,226 - easytorch-training - INFO - Evaluate best model on test data for horizon 8, Test MAE: 13.9463, Test RMSE: 24.3911, Test MAPE: 8.9270
2026-01-27 15:52:37,227 - easytorch-training - INFO - Evaluate best model on test data for horizon 9, Test MAE: 14.1509, Test RMSE: 24.7752, Test MAPE: 9.0903
2026-01-27 15:52:37,228 - easytorch-training - INFO - Evaluate best model on test data for horizon 10, Test MAE: 14.3206, Test RMSE: 25.0856, Test MAPE: 9.2300
2026-01-27 15:52:37,229 - easytorch-training - INFO - Evaluate best model on test data for horizon 11, Test MAE: 14.5112, Test RMSE: 25.3601, Test MAPE: 9.4057
2026-01-27 15:52:37,231 - easytorch-training - INFO - Evaluate best model on test data for horizon 12, Test MAE: 14.7078, Test RMSE: 25.6556, Test MAPE: 9.5948
2026-01-27 15:52:37,234 - easytorch-training - INFO - Result <test>: [test_time: 1.82 (s), test_MAE: 13.4299, test_RMSE: 23.2876, test_MAPE: 8.6535]
2026-01-27 15:52:37,379 - easytorch-training - INFO - Checkpoint checkpoints/STMAFNet_300/7a9424dbdf56bedb1aca9acb56518206/STMAFNet_182.pt saved
2026-01-27 15:52:37,380 - easytorch-training - INFO - The estimated training finish time is 2026-01-27 17:18:13
2026-01-27 15:52:37,380 - easytorch-training - INFO - Epoch 183 / 300
2026-01-27 15:53:17,279 - easytorch-training - INFO - Result <train>: [train_time: 39.90 (s), lr: 6.25e-05, train_MAE: 12.5978, train_RMSE: 21.3353, train_MAPE: 8.4070]
2026-01-27 15:53:17,281 - easytorch-training - INFO - Start validation.
2026-01-27 15:53:19,228 - easytorch-training - INFO - Result <val>: [val_time: 1.95 (s), val_MAE: 13.5689, val_RMSE: 23.1443, val_MAPE: 10.7140]
2026-01-27 15:53:21,051 - easytorch-training - INFO - Evaluate best model on test data for horizon 1, Test MAE: 11.6074, Test RMSE: 19.1364, Test MAPE: 7.5303
2026-01-27 15:53:21,052 - easytorch-training - INFO - Evaluate best model on test data for horizon 2, Test MAE: 12.1252, Test RMSE: 20.3477, Test MAPE: 7.8095
2026-01-27 15:53:21,053 - easytorch-training - INFO - Evaluate best model on test data for horizon 3, Test MAE: 12.5238, Test RMSE: 21.3217, Test MAPE: 8.1011
2026-01-27 15:53:21,054 - easytorch-training - INFO - Evaluate best model on test data for horizon 4, Test MAE: 12.8898, Test RMSE: 22.1693, Test MAPE: 8.2894
2026-01-27 15:53:21,055 - easytorch-training - INFO - Evaluate best model on test data for horizon 5, Test MAE: 13.1763, Test RMSE: 22.8572, Test MAPE: 8.4784
2026-01-27 15:53:21,056 - easytorch-training - INFO - Evaluate best model on test data for horizon 6, Test MAE: 13.4627, Test RMSE: 23.4497, Test MAPE: 8.6627
2026-01-27 15:53:21,058 - easytorch-training - INFO - Evaluate best model on test data for horizon 7, Test MAE: 13.6963, Test RMSE: 23.9591, Test MAPE: 8.7924
2026-01-27 15:53:21,059 - easytorch-training - INFO - Evaluate best model on test data for horizon 8, Test MAE: 13.9571, Test RMSE: 24.4040, Test MAPE: 8.9637
2026-01-27 15:53:21,060 - easytorch-training - INFO - Evaluate best model on test data for horizon 9, Test MAE: 14.1343, Test RMSE: 24.7714, Test MAPE: 9.0777
2026-01-27 15:53:21,061 - easytorch-training - INFO - Evaluate best model on test data for horizon 10, Test MAE: 14.3209, Test RMSE: 25.0800, Test MAPE: 9.1982
2026-01-27 15:53:21,062 - easytorch-training - INFO - Evaluate best model on test data for horizon 11, Test MAE: 14.4962, Test RMSE: 25.3527, Test MAPE: 9.3811
2026-01-27 15:53:21,063 - easytorch-training - INFO - Evaluate best model on test data for horizon 12, Test MAE: 14.6977, Test RMSE: 25.6405, Test MAPE: 9.4536
2026-01-27 15:53:21,067 - easytorch-training - INFO - Result <test>: [test_time: 1.84 (s), test_MAE: 13.4240, test_RMSE: 23.2936, test_MAPE: 8.6448]
2026-01-27 15:53:21,216 - easytorch-training - INFO - Checkpoint checkpoints/STMAFNet_300/7a9424dbdf56bedb1aca9acb56518206/STMAFNet_183.pt saved
2026-01-27 15:53:21,216 - easytorch-training - INFO - The estimated training finish time is 2026-01-27 17:18:13
2026-01-27 15:53:21,217 - easytorch-training - INFO - Epoch 184 / 300
2026-01-27 15:54:01,350 - easytorch-training - INFO - Result <train>: [train_time: 40.13 (s), lr: 6.25e-05, train_MAE: 12.5987, train_RMSE: 21.3417, train_MAPE: 8.4113]
2026-01-27 15:54:01,352 - easytorch-training - INFO - Start validation.
2026-01-27 15:54:03,425 - easytorch-training - INFO - Result <val>: [val_time: 2.07 (s), val_MAE: 13.5648, val_RMSE: 23.1324, val_MAPE: 10.7177]
2026-01-27 15:54:05,360 - easytorch-training - INFO - Evaluate best model on test data for horizon 1, Test MAE: 11.6109, Test RMSE: 19.1267, Test MAPE: 7.5340
2026-01-27 15:54:05,361 - easytorch-training - INFO - Evaluate best model on test data for horizon 2, Test MAE: 12.1187, Test RMSE: 20.3405, Test MAPE: 7.8108
2026-01-27 15:54:05,362 - easytorch-training - INFO - Evaluate best model on test data for horizon 3, Test MAE: 12.5158, Test RMSE: 21.3009, Test MAPE: 8.0703
2026-01-27 15:54:05,364 - easytorch-training - INFO - Evaluate best model on test data for horizon 4, Test MAE: 12.8694, Test RMSE: 22.1705, Test MAPE: 8.2607
2026-01-27 15:54:05,365 - easytorch-training - INFO - Evaluate best model on test data for horizon 5, Test MAE: 13.1606, Test RMSE: 22.8582, Test MAPE: 8.4740
2026-01-27 15:54:05,366 - easytorch-training - INFO - Evaluate best model on test data for horizon 6, Test MAE: 13.4262, Test RMSE: 23.4381, Test MAPE: 8.6428
2026-01-27 15:54:05,368 - easytorch-training - INFO - Evaluate best model on test data for horizon 7, Test MAE: 13.6725, Test RMSE: 23.9685, Test MAPE: 8.8553
2026-01-27 15:54:05,369 - easytorch-training - INFO - Evaluate best model on test data for horizon 8, Test MAE: 13.9098, Test RMSE: 24.4181, Test MAPE: 9.0059
2026-01-27 15:54:05,370 - easytorch-training - INFO - Evaluate best model on test data for horizon 9, Test MAE: 14.1272, Test RMSE: 24.8181, Test MAPE: 9.1313
2026-01-27 15:54:05,371 - easytorch-training - INFO - Evaluate best model on test data for horizon 10, Test MAE: 14.3013, Test RMSE: 25.1249, Test MAPE: 9.2522
2026-01-27 15:54:05,373 - easytorch-training - INFO - Evaluate best model on test data for horizon 11, Test MAE: 14.4973, Test RMSE: 25.4359, Test MAPE: 9.3909
2026-01-27 15:54:05,374 - easytorch-training - INFO - Evaluate best model on test data for horizon 12, Test MAE: 14.6982, Test RMSE: 25.7050, Test MAPE: 9.5327
2026-01-27 15:54:05,378 - easytorch-training - INFO - Result <test>: [test_time: 1.95 (s), test_MAE: 13.4090, test_RMSE: 23.3137, test_MAPE: 8.6634]
2026-01-27 15:54:05,531 - easytorch-training - INFO - Checkpoint checkpoints/STMAFNet_300/7a9424dbdf56bedb1aca9acb56518206/STMAFNet_184.pt saved
2026-01-27 15:54:05,531 - easytorch-training - INFO - The estimated training finish time is 2026-01-27 17:18:15
2026-01-27 15:54:05,531 - easytorch-training - INFO - Epoch 185 / 300
2026-01-27 15:54:44,526 - easytorch-training - INFO - Result <train>: [train_time: 38.99 (s), lr: 6.25e-05, train_MAE: 12.5932, train_RMSE: 21.3384, train_MAPE: 8.4181]
2026-01-27 15:54:44,527 - easytorch-training - INFO - Start validation.
2026-01-27 15:54:46,510 - easytorch-training - INFO - Result <val>: [val_time: 1.98 (s), val_MAE: 13.5766, val_RMSE: 23.1120, val_MAPE: 10.6241]
2026-01-27 15:54:48,346 - easytorch-training - INFO - Evaluate best model on test data for horizon 1, Test MAE: 11.6032, Test RMSE: 19.1260, Test MAPE: 7.7247
2026-01-27 15:54:48,348 - easytorch-training - INFO - Evaluate best model on test data for horizon 2, Test MAE: 12.1112, Test RMSE: 20.3432, Test MAPE: 7.8891
2026-01-27 15:54:48,349 - easytorch-training - INFO - Evaluate best model on test data for horizon 3, Test MAE: 12.5104, Test RMSE: 21.3185, Test MAPE: 8.0789
2026-01-27 15:54:48,350 - easytorch-training - INFO - Evaluate best model on test data for horizon 4, Test MAE: 12.8852, Test RMSE: 22.1733, Test MAPE: 8.4726
2026-01-27 15:54:48,351 - easytorch-training - INFO - Evaluate best model on test data for horizon 5, Test MAE: 13.1969, Test RMSE: 22.8493, Test MAPE: 8.6406
2026-01-27 15:54:48,352 - easytorch-training - INFO - Evaluate best model on test data for horizon 6, Test MAE: 13.4455, Test RMSE: 23.4006, Test MAPE: 8.7197
2026-01-27 15:54:48,353 - easytorch-training - INFO - Evaluate best model on test data for horizon 7, Test MAE: 13.7161, Test RMSE: 23.9246, Test MAPE: 9.0338
2026-01-27 15:54:48,354 - easytorch-training - INFO - Evaluate best model on test data for horizon 8, Test MAE: 13.9291, Test RMSE: 24.3272, Test MAPE: 8.9986
2026-01-27 15:54:48,355 - easytorch-training - INFO - Evaluate best model on test data for horizon 9, Test MAE: 14.1424, Test RMSE: 24.6976, Test MAPE: 9.2016
2026-01-27 15:54:48,357 - easytorch-training - INFO - Evaluate best model on test data for horizon 10, Test MAE: 14.3028, Test RMSE: 24.9772, Test MAPE: 9.2885
2026-01-27 15:54:48,358 - easytorch-training - INFO - Evaluate best model on test data for horizon 11, Test MAE: 14.4860, Test RMSE: 25.2676, Test MAPE: 9.4062
2026-01-27 15:54:48,359 - easytorch-training - INFO - Evaluate best model on test data for horizon 12, Test MAE: 14.6747, Test RMSE: 25.5420, Test MAPE: 9.5121
2026-01-27 15:54:48,363 - easytorch-training - INFO - Result <test>: [test_time: 1.85 (s), test_MAE: 13.4170, test_RMSE: 23.2457, test_MAPE: 8.7472]
2026-01-27 15:54:48,509 - easytorch-training - INFO - Checkpoint checkpoints/STMAFNet_300/7a9424dbdf56bedb1aca9acb56518206/STMAFNet_185.pt saved
2026-01-27 15:54:48,510 - easytorch-training - INFO - The estimated training finish time is 2026-01-27 17:18:14
2026-01-27 15:54:48,510 - easytorch-training - INFO - Epoch 186 / 300
2026-01-27 15:55:28,191 - easytorch-training - INFO - Result <train>: [train_time: 39.68 (s), lr: 6.25e-05, train_MAE: 12.5900, train_RMSE: 21.3350, train_MAPE: 8.4128]
2026-01-27 15:55:28,192 - easytorch-training - INFO - Start validation.
2026-01-27 15:55:30,165 - easytorch-training - INFO - Result <val>: [val_time: 1.97 (s), val_MAE: 13.6061, val_RMSE: 23.1461, val_MAPE: 10.6549]
2026-01-27 15:55:32,011 - easytorch-training - INFO - Evaluate best model on test data for horizon 1, Test MAE: 11.6619, Test RMSE: 19.1403, Test MAPE: 7.5780
2026-01-27 15:55:32,012 - easytorch-training - INFO - Evaluate best model on test data for horizon 2, Test MAE: 12.1352, Test RMSE: 20.3544, Test MAPE: 7.8336
2026-01-27 15:55:32,013 - easytorch-training - INFO - Evaluate best model on test data for horizon 3, Test MAE: 12.5669, Test RMSE: 21.3518, Test MAPE: 8.0784
2026-01-27 15:55:32,014 - easytorch-training - INFO - Evaluate best model on test data for horizon 4, Test MAE: 12.9320, Test RMSE: 22.2233, Test MAPE: 8.3242
2026-01-27 15:55:32,015 - easytorch-training - INFO - Evaluate best model on test data for horizon 5, Test MAE: 13.2134, Test RMSE: 22.9017, Test MAPE: 8.5258
2026-01-27 15:55:32,016 - easytorch-training - INFO - Evaluate best model on test data for horizon 6, Test MAE: 13.4832, Test RMSE: 23.4816, Test MAPE: 8.7540
2026-01-27 15:55:32,017 - easytorch-training - INFO - Evaluate best model on test data for horizon 7, Test MAE: 13.7451, Test RMSE: 24.0113, Test MAPE: 8.9661
2026-01-27 15:55:32,019 - easytorch-training - INFO - Evaluate best model on test data for horizon 8, Test MAE: 13.9580, Test RMSE: 24.4485, Test MAPE: 9.0883
2026-01-27 15:55:32,020 - easytorch-training - INFO - Evaluate best model on test data for horizon 9, Test MAE: 14.1886, Test RMSE: 24.8047, Test MAPE: 9.1255
2026-01-27 15:55:32,021 - easytorch-training - INFO - Evaluate best model on test data for horizon 10, Test MAE: 14.3500, Test RMSE: 25.0790, Test MAPE: 9.2359
2026-01-27 15:55:32,022 - easytorch-training - INFO - Evaluate best model on test data for horizon 11, Test MAE: 14.5151, Test RMSE: 25.3462, Test MAPE: 9.4592
2026-01-27 15:55:32,023 - easytorch-training - INFO - Evaluate best model on test data for horizon 12, Test MAE: 14.7062, Test RMSE: 25.6332, Test MAPE: 9.5318
2026-01-27 15:55:32,027 - easytorch-training - INFO - Result <test>: [test_time: 1.86 (s), test_MAE: 13.4546, test_RMSE: 23.3172, test_MAPE: 8.7084]
2026-01-27 15:55:32,171 - easytorch-training - INFO - Checkpoint checkpoints/STMAFNet_300/7a9424dbdf56bedb1aca9acb56518206/STMAFNet_186.pt saved
2026-01-27 15:55:32,171 - easytorch-training - INFO - The estimated training finish time is 2026-01-27 17:18:14
2026-01-27 15:55:32,171 - easytorch-training - INFO - Epoch 187 / 300
2026-01-27 15:56:11,028 - easytorch-training - INFO - Result <train>: [train_time: 38.86 (s), lr: 6.25e-05, train_MAE: 12.5929, train_RMSE: 21.3340, train_MAPE: 8.4019]
2026-01-27 15:56:11,029 - easytorch-training - INFO - Start validation.
2026-01-27 15:56:12,978 - easytorch-training - INFO - Result <val>: [val_time: 1.95 (s), val_MAE: 13.5744, val_RMSE: 23.1180, val_MAPE: 10.8161]
2026-01-27 15:56:14,763 - easytorch-training - INFO - Evaluate best model on test data for horizon 1, Test MAE: 11.6036, Test RMSE: 19.1318, Test MAPE: 7.5459
2026-01-27 15:56:14,764 - easytorch-training - INFO - Evaluate best model on test data for horizon 2, Test MAE: 12.1114, Test RMSE: 20.3584, Test MAPE: 7.8923
2026-01-27 15:56:14,765 - easytorch-training - INFO - Evaluate best model on test data for horizon 3, Test MAE: 12.5289, Test RMSE: 21.3666, Test MAPE: 8.0815
2026-01-27 15:56:14,766 - easytorch-training - INFO - Evaluate best model on test data for horizon 4, Test MAE: 12.8758, Test RMSE: 22.2042, Test MAPE: 8.3259
2026-01-27 15:56:14,767 - easytorch-training - INFO - Evaluate best model on test data for horizon 5, Test MAE: 13.1768, Test RMSE: 22.8888, Test MAPE: 8.5140
2026-01-27 15:56:14,768 - easytorch-training - INFO - Evaluate best model on test data for horizon 6, Test MAE: 13.4394, Test RMSE: 23.4031, Test MAPE: 8.7239
2026-01-27 15:56:14,769 - easytorch-training - INFO - Evaluate best model on test data for horizon 7, Test MAE: 13.6922, Test RMSE: 23.9294, Test MAPE: 8.8893
2026-01-27 15:56:14,771 - easytorch-training - INFO - Evaluate best model on test data for horizon 8, Test MAE: 13.9238, Test RMSE: 24.3481, Test MAPE: 9.0593
2026-01-27 15:56:14,772 - easytorch-training - INFO - Evaluate best model on test data for horizon 9, Test MAE: 14.1157, Test RMSE: 24.7223, Test MAPE: 9.1534
2026-01-27 15:56:14,773 - easytorch-training - INFO - Evaluate best model on test data for horizon 10, Test MAE: 14.2952, Test RMSE: 25.0249, Test MAPE: 9.2725
2026-01-27 15:56:14,774 - easytorch-training - INFO - Evaluate best model on test data for horizon 11, Test MAE: 14.4733, Test RMSE: 25.3233, Test MAPE: 9.3742
2026-01-27 15:56:14,775 - easytorch-training - INFO - Evaluate best model on test data for horizon 12, Test MAE: 14.6880, Test RMSE: 25.6042, Test MAPE: 9.5236
2026-01-27 15:56:14,779 - easytorch-training - INFO - Result <test>: [test_time: 1.80 (s), test_MAE: 13.4103, test_RMSE: 23.2762, test_MAPE: 8.6963]
2026-01-27 15:56:14,925 - easytorch-training - INFO - Checkpoint checkpoints/STMAFNet_300/7a9424dbdf56bedb1aca9acb56518206/STMAFNet_187.pt saved
2026-01-27 15:56:14,926 - easytorch-training - INFO - The estimated training finish time is 2026-01-27 17:18:13
2026-01-27 15:56:14,926 - easytorch-training - INFO - Epoch 188 / 300
2026-01-27 15:56:54,250 - easytorch-training - INFO - Result <train>: [train_time: 39.32 (s), lr: 6.25e-05, train_MAE: 12.5852, train_RMSE: 21.3245, train_MAPE: 8.4038]
2026-01-27 15:56:54,252 - easytorch-training - INFO - Start validation.
2026-01-27 15:56:56,172 - easytorch-training - INFO - Result <val>: [val_time: 1.92 (s), val_MAE: 13.5843, val_RMSE: 23.1422, val_MAPE: 10.5711]
2026-01-27 15:56:57,990 - easytorch-training - INFO - Evaluate best model on test data for horizon 1, Test MAE: 11.6295, Test RMSE: 19.1757, Test MAPE: 7.5790
2026-01-27 15:56:57,992 - easytorch-training - INFO - Evaluate best model on test data for horizon 2, Test MAE: 12.1365, Test RMSE: 20.4064, Test MAPE: 7.8646
2026-01-27 15:56:57,993 - easytorch-training - INFO - Evaluate best model on test data for horizon 3, Test MAE: 12.5551, Test RMSE: 21.3918, Test MAPE: 8.1594
2026-01-27 15:56:57,994 - easytorch-training - INFO - Evaluate best model on test data for horizon 4, Test MAE: 12.9106, Test RMSE: 22.2100, Test MAPE: 8.3222
2026-01-27 15:56:57,995 - easytorch-training - INFO - Evaluate best model on test data for horizon 5, Test MAE: 13.2178, Test RMSE: 22.9406, Test MAPE: 8.5285
2026-01-27 15:56:57,996 - easytorch-training - INFO - Evaluate best model on test data for horizon 6, Test MAE: 13.4900, Test RMSE: 23.5077, Test MAPE: 8.7030
2026-01-27 15:56:57,997 - easytorch-training - INFO - Evaluate best model on test data for horizon 7, Test MAE: 13.7386, Test RMSE: 24.0420, Test MAPE: 8.9129
2026-01-27 15:56:57,998 - easytorch-training - INFO - Evaluate best model on test data for horizon 8, Test MAE: 13.9572, Test RMSE: 24.4484, Test MAPE: 9.0158
2026-01-27 15:56:58,000 - easytorch-training - INFO - Evaluate best model on test data for horizon 9, Test MAE: 14.1773, Test RMSE: 24.8062, Test MAPE: 9.1686
2026-01-27 15:56:58,001 - easytorch-training - INFO - Evaluate best model on test data for horizon 10, Test MAE: 14.3464, Test RMSE: 25.0843, Test MAPE: 9.2978
2026-01-27 15:56:58,002 - easytorch-training - INFO - Evaluate best model on test data for horizon 11, Test MAE: 14.5194, Test RMSE: 25.3682, Test MAPE: 9.4075
2026-01-27 15:56:58,003 - easytorch-training - INFO - Evaluate best model on test data for horizon 12, Test MAE: 14.7172, Test RMSE: 25.6277, Test MAPE: 9.5540
2026-01-27 15:56:58,007 - easytorch-training - INFO - Result <test>: [test_time: 1.83 (s), test_MAE: 13.4497, test_RMSE: 23.3355, test_MAPE: 8.7094]
2026-01-27 15:56:58,151 - easytorch-training - INFO - Checkpoint checkpoints/STMAFNet_300/7a9424dbdf56bedb1aca9acb56518206/STMAFNet_188.pt saved
2026-01-27 15:56:58,152 - easytorch-training - INFO - The estimated training finish time is 2026-01-27 17:18:12
2026-01-27 15:56:58,152 - easytorch-training - INFO - Epoch 189 / 300
2026-01-27 15:57:37,837 - easytorch-training - INFO - Result <train>: [train_time: 39.69 (s), lr: 6.25e-05, train_MAE: 12.5786, train_RMSE: 21.3151, train_MAPE: 8.3989]
2026-01-27 15:57:37,839 - easytorch-training - INFO - Start validation.
2026-01-27 15:57:39,926 - easytorch-training - INFO - Result <val>: [val_time: 2.09 (s), val_MAE: 13.5567, val_RMSE: 23.0911, val_MAPE: 10.4158]
2026-01-27 15:57:41,831 - easytorch-training - INFO - Evaluate best model on test data for horizon 1, Test MAE: 11.6162, Test RMSE: 19.1310, Test MAPE: 7.5526
2026-01-27 15:57:41,834 - easytorch-training - INFO - Evaluate best model on test data for horizon 2, Test MAE: 12.1454, Test RMSE: 20.3413, Test MAPE: 7.8437
2026-01-27 15:57:41,837 - easytorch-training - INFO - Evaluate best model on test data for horizon 3, Test MAE: 12.5236, Test RMSE: 21.2959, Test MAPE: 8.1153
2026-01-27 15:57:41,838 - easytorch-training - INFO - Evaluate best model on test data for horizon 4, Test MAE: 12.8892, Test RMSE: 22.1157, Test MAPE: 8.3095
2026-01-27 15:57:41,839 - easytorch-training - INFO - Evaluate best model on test data for horizon 5, Test MAE: 13.1781, Test RMSE: 22.7976, Test MAPE: 8.5221
2026-01-27 15:57:41,841 - easytorch-training - INFO - Evaluate best model on test data for horizon 6, Test MAE: 13.4535, Test RMSE: 23.3834, Test MAPE: 8.6881
2026-01-27 15:57:41,842 - easytorch-training - INFO - Evaluate best model on test data for horizon 7, Test MAE: 13.6980, Test RMSE: 23.8710, Test MAPE: 8.8178
2026-01-27 15:57:41,843 - easytorch-training - INFO - Evaluate best model on test data for horizon 8, Test MAE: 13.9336, Test RMSE: 24.3260, Test MAPE: 8.9712
2026-01-27 15:57:41,844 - easytorch-training - INFO - Evaluate best model on test data for horizon 9, Test MAE: 14.1248, Test RMSE: 24.6747, Test MAPE: 9.1160
2026-01-27 15:57:41,845 - easytorch-training - INFO - Evaluate best model on test data for horizon 10, Test MAE: 14.3057, Test RMSE: 24.9870, Test MAPE: 9.2402
2026-01-27 15:57:41,846 - easytorch-training - INFO - Evaluate best model on test data for horizon 11, Test MAE: 14.4996, Test RMSE: 25.2511, Test MAPE: 9.4300
2026-01-27 15:57:41,847 - easytorch-training - INFO - Evaluate best model on test data for horizon 12, Test MAE: 14.7047, Test RMSE: 25.5410, Test MAPE: 9.5039
2026-01-27 15:57:41,851 - easytorch-training - INFO - Result <test>: [test_time: 1.92 (s), test_MAE: 13.4227, test_RMSE: 23.2265, test_MAPE: 8.6759]
2026-01-27 15:57:41,996 - easytorch-training - INFO - Checkpoint checkpoints/STMAFNet_300/7a9424dbdf56bedb1aca9acb56518206/STMAFNet_189.pt saved
2026-01-27 15:57:41,996 - easytorch-training - INFO - The estimated training finish time is 2026-01-27 17:18:13
2026-01-27 15:57:41,996 - easytorch-training - INFO - Epoch 190 / 300
2026-01-27 15:58:21,083 - easytorch-training - INFO - Result <train>: [train_time: 39.09 (s), lr: 6.25e-05, train_MAE: 12.5760, train_RMSE: 21.2965, train_MAPE: 8.4000]
2026-01-27 15:58:21,084 - easytorch-training - INFO - Start validation.
2026-01-27 15:58:23,022 - easytorch-training - INFO - Result <val>: [val_time: 1.94 (s), val_MAE: 13.5909, val_RMSE: 23.1966, val_MAPE: 10.7475]
2026-01-27 15:58:24,873 - easytorch-training - INFO - Evaluate best model on test data for horizon 1, Test MAE: 11.6029, Test RMSE: 19.1348, Test MAPE: 7.5660
2026-01-27 15:58:24,875 - easytorch-training - INFO - Evaluate best model on test data for horizon 2, Test MAE: 12.1062, Test RMSE: 20.3530, Test MAPE: 7.8168
2026-01-27 15:58:24,876 - easytorch-training - INFO - Evaluate best model on test data for horizon 3, Test MAE: 12.5175, Test RMSE: 21.3450, Test MAPE: 8.0428
2026-01-27 15:58:24,877 - easytorch-training - INFO - Evaluate best model on test data for horizon 4, Test MAE: 12.8697, Test RMSE: 22.1922, Test MAPE: 8.2725
2026-01-27 15:58:24,878 - easytorch-training - INFO - Evaluate best model on test data for horizon 5, Test MAE: 13.1738, Test RMSE: 22.8525, Test MAPE: 8.5088
2026-01-27 15:58:24,879 - easytorch-training - INFO - Evaluate best model on test data for horizon 6, Test MAE: 13.4315, Test RMSE: 23.4060, Test MAPE: 8.6382
2026-01-27 15:58:24,880 - easytorch-training - INFO - Evaluate best model on test data for horizon 7, Test MAE: 13.6810, Test RMSE: 23.9257, Test MAPE: 8.8422
2026-01-27 15:58:24,881 - easytorch-training - INFO - Evaluate best model on test data for horizon 8, Test MAE: 13.9174, Test RMSE: 24.3592, Test MAPE: 8.9667
2026-01-27 15:58:24,883 - easytorch-training - INFO - Evaluate best model on test data for horizon 9, Test MAE: 14.1082, Test RMSE: 24.7199, Test MAPE: 9.0920
2026-01-27 15:58:24,884 - easytorch-training - INFO - Evaluate best model on test data for horizon 10, Test MAE: 14.3058, Test RMSE: 25.0501, Test MAPE: 9.2034
2026-01-27 15:58:24,885 - easytorch-training - INFO - Evaluate best model on test data for horizon 11, Test MAE: 14.4610, Test RMSE: 25.2964, Test MAPE: 9.3358
2026-01-27 15:58:24,886 - easytorch-training - INFO - Evaluate best model on test data for horizon 12, Test MAE: 14.6737, Test RMSE: 25.6143, Test MAPE: 9.4934
2026-01-27 15:58:24,890 - easytorch-training - INFO - Result <test>: [test_time: 1.87 (s), test_MAE: 13.4041, test_RMSE: 23.2718, test_MAPE: 8.6482]
2026-01-27 15:58:25,035 - easytorch-training - INFO - Checkpoint checkpoints/STMAFNet_300/7a9424dbdf56bedb1aca9acb56518206/STMAFNet_190.pt saved
2026-01-27 15:58:25,049 - easytorch-training - INFO - The estimated training finish time is 2026-01-27 17:18:12
2026-01-27 15:58:25,049 - easytorch-training - INFO - Epoch 191 / 300
2026-01-27 15:59:04,240 - easytorch-training - INFO - Result <train>: [train_time: 39.19 (s), lr: 6.25e-05, train_MAE: 12.5776, train_RMSE: 21.3172, train_MAPE: 8.3988]
2026-01-27 15:59:04,242 - easytorch-training - INFO - Start validation.
2026-01-27 15:59:06,149 - easytorch-training - INFO - Result <val>: [val_time: 1.91 (s), val_MAE: 13.5739, val_RMSE: 23.0893, val_MAPE: 10.6180]
2026-01-27 15:59:08,000 - easytorch-training - INFO - Evaluate best model on test data for horizon 1, Test MAE: 11.6193, Test RMSE: 19.1546, Test MAPE: 7.7368
2026-01-27 15:59:08,001 - easytorch-training - INFO - Evaluate best model on test data for horizon 2, Test MAE: 12.1165, Test RMSE: 20.3465, Test MAPE: 7.9887
2026-01-27 15:59:08,002 - easytorch-training - INFO - Evaluate best model on test data for horizon 3, Test MAE: 12.5422, Test RMSE: 21.3422, Test MAPE: 8.0702
2026-01-27 15:59:08,004 - easytorch-training - INFO - Evaluate best model on test data for horizon 4, Test MAE: 12.8879, Test RMSE: 22.1747, Test MAPE: 8.4044
2026-01-27 15:59:08,005 - easytorch-training - INFO - Evaluate best model on test data for horizon 5, Test MAE: 13.1922, Test RMSE: 22.8669, Test MAPE: 8.6122
2026-01-27 15:59:08,006 - easytorch-training - INFO - Evaluate best model on test data for horizon 6, Test MAE: 13.4517, Test RMSE: 23.4334, Test MAPE: 8.6740
2026-01-27 15:59:08,007 - easytorch-training - INFO - Evaluate best model on test data for horizon 7, Test MAE: 13.7013, Test RMSE: 23.9415, Test MAPE: 8.8415
2026-01-27 15:59:08,008 - easytorch-training - INFO - Evaluate best model on test data for horizon 8, Test MAE: 13.9289, Test RMSE: 24.3801, Test MAPE: 8.9838
2026-01-27 15:59:08,009 - easytorch-training - INFO - Evaluate best model on test data for horizon 9, Test MAE: 14.1450, Test RMSE: 24.7518, Test MAPE: 9.1070
2026-01-27 15:59:08,010 - easytorch-training - INFO - Evaluate best model on test data for horizon 10, Test MAE: 14.3328, Test RMSE: 25.0410, Test MAPE: 9.4252
2026-01-27 15:59:08,011 - easytorch-training - INFO - Evaluate best model on test data for horizon 11, Test MAE: 14.5025, Test RMSE: 25.3218, Test MAPE: 9.4642
2026-01-27 15:59:08,012 - easytorch-training - INFO - Evaluate best model on test data for horizon 12, Test MAE: 14.7182, Test RMSE: 25.6162, Test MAPE: 9.5479
2026-01-27 15:59:08,016 - easytorch-training - INFO - Result <test>: [test_time: 1.86 (s), test_MAE: 13.4282, test_RMSE: 23.2823, test_MAPE: 8.7380]
2026-01-27 15:59:08,159 - easytorch-training - INFO - Checkpoint checkpoints/STMAFNet_300/7a9424dbdf56bedb1aca9acb56518206/STMAFNet_191.pt saved
2026-01-27 15:59:08,160 - easytorch-training - INFO - The estimated training finish time is 2026-01-27 17:18:11
2026-01-27 15:59:08,160 - easytorch-training - INFO - Epoch 192 / 300
2026-01-27 15:59:47,177 - easytorch-training - INFO - Result <train>: [train_time: 39.02 (s), lr: 6.25e-05, train_MAE: 12.5735, train_RMSE: 21.2984, train_MAPE: 8.4034]
2026-01-27 15:59:47,180 - easytorch-training - INFO - Start validation.
2026-01-27 15:59:49,158 - easytorch-training - INFO - Result <val>: [val_time: 1.98 (s), val_MAE: 13.5852, val_RMSE: 23.1531, val_MAPE: 10.6990]
2026-01-27 15:59:51,044 - easytorch-training - INFO - Evaluate best model on test data for horizon 1, Test MAE: 11.6172, Test RMSE: 19.1498, Test MAPE: 7.6269
2026-01-27 15:59:51,045 - easytorch-training - INFO - Evaluate best model on test data for horizon 2, Test MAE: 12.1406, Test RMSE: 20.3853, Test MAPE: 7.8473
2026-01-27 15:59:51,046 - easytorch-training - INFO - Evaluate best model on test data for horizon 3, Test MAE: 12.5448, Test RMSE: 21.3646, Test MAPE: 8.0805
2026-01-27 15:59:51,047 - easytorch-training - INFO - Evaluate best model on test data for horizon 4, Test MAE: 12.9177, Test RMSE: 22.1757, Test MAPE: 8.3051
2026-01-27 15:59:51,048 - easytorch-training - INFO - Evaluate best model on test data for horizon 5, Test MAE: 13.2352, Test RMSE: 22.8714, Test MAPE: 8.5712
2026-01-27 15:59:51,049 - easytorch-training - INFO - Evaluate best model on test data for horizon 6, Test MAE: 13.4856, Test RMSE: 23.4360, Test MAPE: 8.6727
2026-01-27 15:59:51,050 - easytorch-training - INFO - Evaluate best model on test data for horizon 7, Test MAE: 13.7435, Test RMSE: 23.9792, Test MAPE: 8.8238
2026-01-27 15:59:51,052 - easytorch-training - INFO - Evaluate best model on test data for horizon 8, Test MAE: 13.9528, Test RMSE: 24.4195, Test MAPE: 9.0205
2026-01-27 15:59:51,053 - easytorch-training - INFO - Evaluate best model on test data for horizon 9, Test MAE: 14.1592, Test RMSE: 24.7776, Test MAPE: 9.1149
2026-01-27 15:59:51,054 - easytorch-training - INFO - Evaluate best model on test data for horizon 10, Test MAE: 14.3167, Test RMSE: 25.0465, Test MAPE: 9.2219
2026-01-27 15:59:51,055 - easytorch-training - INFO - Evaluate best model on test data for horizon 11, Test MAE: 14.5069, Test RMSE: 25.3184, Test MAPE: 9.3545
2026-01-27 15:59:51,056 - easytorch-training - INFO - Evaluate best model on test data for horizon 12, Test MAE: 14.7107, Test RMSE: 25.6196, Test MAPE: 9.5180
2026-01-27 15:59:51,060 - easytorch-training - INFO - Result <test>: [test_time: 1.90 (s), test_MAE: 13.4442, test_RMSE: 23.2966, test_MAPE: 8.6798]
2026-01-27 15:59:51,207 - easytorch-training - INFO - Checkpoint checkpoints/STMAFNet_300/7a9424dbdf56bedb1aca9acb56518206/STMAFNet_192.pt saved
2026-01-27 15:59:51,207 - easytorch-training - INFO - The estimated training finish time is 2026-01-27 17:18:11
2026-01-27 15:59:51,207 - easytorch-training - INFO - Epoch 193 / 300
2026-01-27 16:00:31,066 - easytorch-training - INFO - Result <train>: [train_time: 39.86 (s), lr: 6.25e-05, train_MAE: 12.5683, train_RMSE: 21.2941, train_MAPE: 8.3918]
2026-01-27 16:00:31,068 - easytorch-training - INFO - Start validation.
2026-01-27 16:00:33,043 - easytorch-training - INFO - Result <val>: [val_time: 1.98 (s), val_MAE: 13.5627, val_RMSE: 23.1323, val_MAPE: 10.6768]
2026-01-27 16:00:34,837 - easytorch-training - INFO - Evaluate best model on test data for horizon 1, Test MAE: 11.5979, Test RMSE: 19.1343, Test MAPE: 7.5671
2026-01-27 16:00:34,838 - easytorch-training - INFO - Evaluate best model on test data for horizon 2, Test MAE: 12.1162, Test RMSE: 20.3504, Test MAPE: 7.8475
2026-01-27 16:00:34,840 - easytorch-training - INFO - Evaluate best model on test data for horizon 3, Test MAE: 12.5386, Test RMSE: 21.3501, Test MAPE: 8.0867
2026-01-27 16:00:34,841 - easytorch-training - INFO - Evaluate best model on test data for horizon 4, Test MAE: 12.8982, Test RMSE: 22.1953, Test MAPE: 8.3135
2026-01-27 16:00:34,842 - easytorch-training - INFO - Evaluate best model on test data for horizon 5, Test MAE: 13.1982, Test RMSE: 22.8941, Test MAPE: 8.5265
2026-01-27 16:00:34,843 - easytorch-training - INFO - Evaluate best model on test data for horizon 6, Test MAE: 13.4658, Test RMSE: 23.4828, Test MAPE: 8.7003
2026-01-27 16:00:34,844 - easytorch-training - INFO - Evaluate best model on test data for horizon 7, Test MAE: 13.7222, Test RMSE: 24.0317, Test MAPE: 8.8708
2026-01-27 16:00:34,845 - easytorch-training - INFO - Evaluate best model on test data for horizon 8, Test MAE: 13.9678, Test RMSE: 24.5031, Test MAPE: 9.0300
2026-01-27 16:00:34,846 - easytorch-training - INFO - Evaluate best model on test data for horizon 9, Test MAE: 14.1544, Test RMSE: 24.8401, Test MAPE: 9.1818
2026-01-27 16:00:34,847 - easytorch-training - INFO - Evaluate best model on test data for horizon 10, Test MAE: 14.3361, Test RMSE: 25.1577, Test MAPE: 9.2920
2026-01-27 16:00:34,848 - easytorch-training - INFO - Evaluate best model on test data for horizon 11, Test MAE: 14.5135, Test RMSE: 25.4468, Test MAPE: 9.4656
2026-01-27 16:00:34,849 - easytorch-training - INFO - Evaluate best model on test data for horizon 12, Test MAE: 14.6958, Test RMSE: 25.6979, Test MAPE: 9.5638
2026-01-27 16:00:34,853 - easytorch-training - INFO - Result <test>: [test_time: 1.81 (s), test_MAE: 13.4337, test_RMSE: 23.3454, test_MAPE: 8.7038]
2026-01-27 16:00:34,997 - easytorch-training - INFO - Checkpoint checkpoints/STMAFNet_300/7a9424dbdf56bedb1aca9acb56518206/STMAFNet_193.pt saved
2026-01-27 16:00:34,997 - easytorch-training - INFO - The estimated training finish time is 2026-01-27 17:18:11
2026-01-27 16:00:34,997 - easytorch-training - INFO - Epoch 194 / 300
2026-01-27 16:01:14,290 - easytorch-training - INFO - Result <train>: [train_time: 39.29 (s), lr: 6.25e-05, train_MAE: 12.5696, train_RMSE: 21.2998, train_MAPE: 8.3912]
2026-01-27 16:01:14,292 - easytorch-training - INFO - Start validation.
2026-01-27 16:01:16,224 - easytorch-training - INFO - Result <val>: [val_time: 1.93 (s), val_MAE: 13.5486, val_RMSE: 23.0822, val_MAPE: 10.6167]
2026-01-27 16:01:18,083 - easytorch-training - INFO - Evaluate best model on test data for horizon 1, Test MAE: 11.6098, Test RMSE: 19.1419, Test MAPE: 7.5027
2026-01-27 16:01:18,085 - easytorch-training - INFO - Evaluate best model on test data for horizon 2, Test MAE: 12.1076, Test RMSE: 20.3588, Test MAPE: 7.8486
2026-01-27 16:01:18,086 - easytorch-training - INFO - Evaluate best model on test data for horizon 3, Test MAE: 12.5217, Test RMSE: 21.3676, Test MAPE: 8.0425
2026-01-27 16:01:18,087 - easytorch-training - INFO - Evaluate best model on test data for horizon 4, Test MAE: 12.8793, Test RMSE: 22.1845, Test MAPE: 8.2681
2026-01-27 16:01:18,088 - easytorch-training - INFO - Evaluate best model on test data for horizon 5, Test MAE: 13.1799, Test RMSE: 22.8765, Test MAPE: 8.4619
2026-01-27 16:01:18,089 - easytorch-training - INFO - Evaluate best model on test data for horizon 6, Test MAE: 13.4198, Test RMSE: 23.4098, Test MAPE: 8.6260
2026-01-27 16:01:18,090 - easytorch-training - INFO - Evaluate best model on test data for horizon 7, Test MAE: 13.6874, Test RMSE: 23.9562, Test MAPE: 8.8444
2026-01-27 16:01:18,091 - easytorch-training - INFO - Evaluate best model on test data for horizon 8, Test MAE: 13.9413, Test RMSE: 24.3903, Test MAPE: 8.9854
2026-01-27 16:01:18,093 - easytorch-training - INFO - Evaluate best model on test data for horizon 9, Test MAE: 14.1138, Test RMSE: 24.7587, Test MAPE: 9.0727
2026-01-27 16:01:18,094 - easytorch-training - INFO - Evaluate best model on test data for horizon 10, Test MAE: 14.3068, Test RMSE: 25.0578, Test MAPE: 9.2099
2026-01-27 16:01:18,095 - easytorch-training - INFO - Evaluate best model on test data for horizon 11, Test MAE: 14.4600, Test RMSE: 25.3233, Test MAPE: 9.3556
2026-01-27 16:01:18,096 - easytorch-training - INFO - Evaluate best model on test data for horizon 12, Test MAE: 14.6608, Test RMSE: 25.5785, Test MAPE: 9.5380
2026-01-27 16:01:18,100 - easytorch-training - INFO - Result <test>: [test_time: 1.87 (s), test_MAE: 13.4073, test_RMSE: 23.2848, test_MAPE: 8.6463]
2026-01-27 16:01:18,322 - easytorch-training - INFO - Checkpoint checkpoints/STMAFNet_300/7a9424dbdf56bedb1aca9acb56518206/STMAFNet_194.pt saved
2026-01-27 16:01:18,323 - easytorch-training - INFO - The estimated training finish time is 2026-01-27 17:18:11
2026-01-27 16:01:18,323 - easytorch-training - INFO - Epoch 195 / 300
2026-01-27 16:01:57,997 - easytorch-training - INFO - Result <train>: [train_time: 39.67 (s), lr: 6.25e-05, train_MAE: 12.5650, train_RMSE: 21.2943, train_MAPE: 8.3955]
2026-01-27 16:01:57,999 - easytorch-training - INFO - Start validation.
2026-01-27 16:01:59,959 - easytorch-training - INFO - Result <val>: [val_time: 1.96 (s), val_MAE: 13.5637, val_RMSE: 23.1012, val_MAPE: 10.7751]
2026-01-27 16:02:01,759 - easytorch-training - INFO - Evaluate best model on test data for horizon 1, Test MAE: 11.6006, Test RMSE: 19.1186, Test MAPE: 7.7772
2026-01-27 16:02:01,761 - easytorch-training - INFO - Evaluate best model on test data for horizon 2, Test MAE: 12.1126, Test RMSE: 20.3294, Test MAPE: 7.9299
2026-01-27 16:02:01,762 - easytorch-training - INFO - Evaluate best model on test data for horizon 3, Test MAE: 12.5116, Test RMSE: 21.3069, Test MAPE: 8.1358
2026-01-27 16:02:01,763 - easytorch-training - INFO - Evaluate best model on test data for horizon 4, Test MAE: 12.8834, Test RMSE: 22.1534, Test MAPE: 8.6074
2026-01-27 16:02:01,764 - easytorch-training - INFO - Evaluate best model on test data for horizon 5, Test MAE: 13.1750, Test RMSE: 22.8685, Test MAPE: 8.5905
2026-01-27 16:02:01,765 - easytorch-training - INFO - Evaluate best model on test data for horizon 6, Test MAE: 13.4417, Test RMSE: 23.4349, Test MAPE: 8.8071
2026-01-27 16:02:01,766 - easytorch-training - INFO - Evaluate best model on test data for horizon 7, Test MAE: 13.7023, Test RMSE: 23.9666, Test MAPE: 9.0164
2026-01-27 16:02:01,768 - easytorch-training - INFO - Evaluate best model on test data for horizon 8, Test MAE: 13.9585, Test RMSE: 24.4028, Test MAPE: 9.2602
2026-01-27 16:02:01,769 - easytorch-training - INFO - Evaluate best model on test data for horizon 9, Test MAE: 14.1409, Test RMSE: 24.7871, Test MAPE: 9.2373
2026-01-27 16:02:01,770 - easytorch-training - INFO - Evaluate best model on test data for horizon 10, Test MAE: 14.3078, Test RMSE: 25.0977, Test MAPE: 9.2753
2026-01-27 16:02:01,771 - easytorch-training - INFO - Evaluate best model on test data for horizon 11, Test MAE: 14.5184, Test RMSE: 25.3861, Test MAPE: 9.4811
2026-01-27 16:02:01,772 - easytorch-training - INFO - Evaluate best model on test data for horizon 12, Test MAE: 14.7070, Test RMSE: 25.6580, Test MAPE: 9.5900
2026-01-27 16:02:01,776 - easytorch-training - INFO - Result <test>: [test_time: 1.82 (s), test_MAE: 13.4216, test_RMSE: 23.2964, test_MAPE: 8.8090]
2026-01-27 16:02:01,921 - easytorch-training - INFO - Checkpoint checkpoints/STMAFNet_300/7a9424dbdf56bedb1aca9acb56518206/STMAFNet_195.pt saved
2026-01-27 16:02:01,922 - easytorch-training - INFO - The estimated training finish time is 2026-01-27 17:18:11
2026-01-27 16:02:01,922 - easytorch-training - INFO - Epoch 196 / 300
2026-01-27 16:02:41,342 - easytorch-training - INFO - Result <train>: [train_time: 39.42 (s), lr: 6.25e-05, train_MAE: 12.5566, train_RMSE: 21.2757, train_MAPE: 8.3830]
2026-01-27 16:02:41,344 - easytorch-training - INFO - Start validation.
2026-01-27 16:02:43,276 - easytorch-training - INFO - Result <val>: [val_time: 1.93 (s), val_MAE: 13.5805, val_RMSE: 23.1724, val_MAPE: 10.8870]
2026-01-27 16:02:45,118 - easytorch-training - INFO - Evaluate best model on test data for horizon 1, Test MAE: 11.5967, Test RMSE: 19.1455, Test MAPE: 7.5683
2026-01-27 16:02:45,120 - easytorch-training - INFO - Evaluate best model on test data for horizon 2, Test MAE: 12.0963, Test RMSE: 20.3628, Test MAPE: 7.8153
2026-01-27 16:02:45,121 - easytorch-training - INFO - Evaluate best model on test data for horizon 3, Test MAE: 12.5186, Test RMSE: 21.3736, Test MAPE: 8.1280
2026-01-27 16:02:45,122 - easytorch-training - INFO - Evaluate best model on test data for horizon 4, Test MAE: 12.8804, Test RMSE: 22.2512, Test MAPE: 8.3248
2026-01-27 16:02:45,123 - easytorch-training - INFO - Evaluate best model on test data for horizon 5, Test MAE: 13.2075, Test RMSE: 22.9924, Test MAPE: 8.4570
2026-01-27 16:02:45,124 - easytorch-training - INFO - Evaluate best model on test data for horizon 6, Test MAE: 13.4601, Test RMSE: 23.5311, Test MAPE: 8.7225
2026-01-27 16:02:45,125 - easytorch-training - INFO - Evaluate best model on test data for horizon 7, Test MAE: 13.7241, Test RMSE: 24.0881, Test MAPE: 8.7854
2026-01-27 16:02:45,126 - easytorch-training - INFO - Evaluate best model on test data for horizon 8, Test MAE: 13.9521, Test RMSE: 24.5113, Test MAPE: 8.9609
2026-01-27 16:02:45,127 - easytorch-training - INFO - Evaluate best model on test data for horizon 9, Test MAE: 14.1526, Test RMSE: 24.8853, Test MAPE: 9.0566
2026-01-27 16:02:45,128 - easytorch-training - INFO - Evaluate best model on test data for horizon 10, Test MAE: 14.3402, Test RMSE: 25.1957, Test MAPE: 9.2148
2026-01-27 16:02:45,130 - easytorch-training - INFO - Evaluate best model on test data for horizon 11, Test MAE: 14.5036, Test RMSE: 25.4555, Test MAPE: 9.3666
2026-01-27 16:02:45,131 - easytorch-training - INFO - Evaluate best model on test data for horizon 12, Test MAE: 14.7081, Test RMSE: 25.7619, Test MAPE: 9.4469
2026-01-27 16:02:45,134 - easytorch-training - INFO - Result <test>: [test_time: 1.86 (s), test_MAE: 13.4284, test_RMSE: 23.3850, test_MAPE: 8.6539]
2026-01-27 16:02:45,281 - easytorch-training - INFO - Checkpoint checkpoints/STMAFNet_300/7a9424dbdf56bedb1aca9acb56518206/STMAFNet_196.pt saved
2026-01-27 16:02:45,281 - easytorch-training - INFO - The estimated training finish time is 2026-01-27 17:18:11
2026-01-27 16:02:45,281 - easytorch-training - INFO - Epoch 197 / 300
2026-01-27 16:03:24,770 - easytorch-training - INFO - Result <train>: [train_time: 39.49 (s), lr: 6.25e-05, train_MAE: 12.5521, train_RMSE: 21.2717, train_MAPE: 8.3804]
2026-01-27 16:03:24,772 - easytorch-training - INFO - Start validation.
2026-01-27 16:03:26,694 - easytorch-training - INFO - Result <val>: [val_time: 1.92 (s), val_MAE: 13.6010, val_RMSE: 23.2146, val_MAPE: 10.6608]
2026-01-27 16:03:28,536 - easytorch-training - INFO - Evaluate best model on test data for horizon 1, Test MAE: 11.6114, Test RMSE: 19.1767, Test MAPE: 7.5317
2026-01-27 16:03:28,537 - easytorch-training - INFO - Evaluate best model on test data for horizon 2, Test MAE: 12.1201, Test RMSE: 20.3999, Test MAPE: 7.8217
2026-01-27 16:03:28,538 - easytorch-training - INFO - Evaluate best model on test data for horizon 3, Test MAE: 12.5350, Test RMSE: 21.4022, Test MAPE: 8.0829
2026-01-27 16:03:28,539 - easytorch-training - INFO - Evaluate best model on test data for horizon 4, Test MAE: 12.9061, Test RMSE: 22.2627, Test MAPE: 8.3033
2026-01-27 16:03:28,540 - easytorch-training - INFO - Evaluate best model on test data for horizon 5, Test MAE: 13.2058, Test RMSE: 22.9336, Test MAPE: 8.4912
2026-01-27 16:03:28,542 - easytorch-training - INFO - Evaluate best model on test data for horizon 6, Test MAE: 13.4800, Test RMSE: 23.5200, Test MAPE: 8.6672
2026-01-27 16:03:28,543 - easytorch-training - INFO - Evaluate best model on test data for horizon 7, Test MAE: 13.7240, Test RMSE: 24.0532, Test MAPE: 8.7842
2026-01-27 16:03:28,544 - easytorch-training - INFO - Evaluate best model on test data for horizon 8, Test MAE: 13.9544, Test RMSE: 24.4850, Test MAPE: 8.9558
2026-01-27 16:03:28,545 - easytorch-training - INFO - Evaluate best model on test data for horizon 9, Test MAE: 14.1695, Test RMSE: 24.8743, Test MAPE: 9.0955
2026-01-27 16:03:28,546 - easytorch-training - INFO - Evaluate best model on test data for horizon 10, Test MAE: 14.3275, Test RMSE: 25.1757, Test MAPE: 9.1982
2026-01-27 16:03:28,547 - easytorch-training - INFO - Evaluate best model on test data for horizon 11, Test MAE: 14.5149, Test RMSE: 25.4608, Test MAPE: 9.3429
2026-01-27 16:03:28,548 - easytorch-training - INFO - Evaluate best model on test data for horizon 12, Test MAE: 14.7143, Test RMSE: 25.7379, Test MAPE: 9.4828
2026-01-27 16:03:28,552 - easytorch-training - INFO - Result <test>: [test_time: 1.86 (s), test_MAE: 13.4386, test_RMSE: 23.3774, test_MAPE: 8.6465]
2026-01-27 16:03:28,695 - easytorch-training - INFO - Checkpoint checkpoints/STMAFNet_300/7a9424dbdf56bedb1aca9acb56518206/STMAFNet_197.pt saved
2026-01-27 16:03:28,695 - easytorch-training - INFO - The estimated training finish time is 2026-01-27 17:18:10
2026-01-27 16:03:28,695 - easytorch-training - INFO - Epoch 198 / 300
2026-01-27 16:04:08,036 - easytorch-training - INFO - Result <train>: [train_time: 39.34 (s), lr: 6.25e-05, train_MAE: 12.5548, train_RMSE: 21.2786, train_MAPE: 8.3828]
2026-01-27 16:04:08,038 - easytorch-training - INFO - Start validation.
2026-01-27 16:04:09,956 - easytorch-training - INFO - Result <val>: [val_time: 1.92 (s), val_MAE: 13.5728, val_RMSE: 23.1436, val_MAPE: 10.5794]
2026-01-27 16:04:11,798 - easytorch-training - INFO - Evaluate best model on test data for horizon 1, Test MAE: 11.6085, Test RMSE: 19.1631, Test MAPE: 7.5372
2026-01-27 16:04:11,799 - easytorch-training - INFO - Evaluate best model on test data for horizon 2, Test MAE: 12.1300, Test RMSE: 20.3772, Test MAPE: 7.8061
2026-01-27 16:04:11,800 - easytorch-training - INFO - Evaluate best model on test data for horizon 3, Test MAE: 12.5473, Test RMSE: 21.3765, Test MAPE: 8.0533
2026-01-27 16:04:11,801 - easytorch-training - INFO - Evaluate best model on test data for horizon 4, Test MAE: 12.8959, Test RMSE: 22.2280, Test MAPE: 8.2664
2026-01-27 16:04:11,802 - easytorch-training - INFO - Evaluate best model on test data for horizon 5, Test MAE: 13.1955, Test RMSE: 22.9218, Test MAPE: 8.4556
2026-01-27 16:04:11,803 - easytorch-training - INFO - Evaluate best model on test data for horizon 6, Test MAE: 13.4498, Test RMSE: 23.4634, Test MAPE: 8.6214
2026-01-27 16:04:11,805 - easytorch-training - INFO - Evaluate best model on test data for horizon 7, Test MAE: 13.7083, Test RMSE: 24.0416, Test MAPE: 8.7909
2026-01-27 16:04:11,806 - easytorch-training - INFO - Evaluate best model on test data for horizon 8, Test MAE: 13.9303, Test RMSE: 24.4509, Test MAPE: 8.9323
2026-01-27 16:04:11,807 - easytorch-training - INFO - Evaluate best model on test data for horizon 9, Test MAE: 14.1379, Test RMSE: 24.8299, Test MAPE: 9.0731
2026-01-27 16:04:11,808 - easytorch-training - INFO - Evaluate best model on test data for horizon 10, Test MAE: 14.3222, Test RMSE: 25.1263, Test MAPE: 9.1739
2026-01-27 16:04:11,809 - easytorch-training - INFO - Evaluate best model on test data for horizon 11, Test MAE: 14.4968, Test RMSE: 25.3917, Test MAPE: 9.3032
2026-01-27 16:04:11,810 - easytorch-training - INFO - Evaluate best model on test data for horizon 12, Test MAE: 14.7001, Test RMSE: 25.6924, Test MAPE: 9.4902
2026-01-27 16:04:11,814 - easytorch-training - INFO - Result <test>: [test_time: 1.86 (s), test_MAE: 13.4269, test_RMSE: 23.3416, test_MAPE: 8.6253]
2026-01-27 16:04:11,958 - easytorch-training - INFO - Checkpoint checkpoints/STMAFNet_300/7a9424dbdf56bedb1aca9acb56518206/STMAFNet_198.pt saved
2026-01-27 16:04:11,959 - easytorch-training - INFO - The estimated training finish time is 2026-01-27 17:18:10
2026-01-27 16:04:11,959 - easytorch-training - INFO - Epoch 199 / 300
2026-01-27 16:04:51,816 - easytorch-training - INFO - Result <train>: [train_time: 39.86 (s), lr: 6.25e-05, train_MAE: 12.5476, train_RMSE: 21.2627, train_MAPE: 8.3791]
2026-01-27 16:04:51,817 - easytorch-training - INFO - Start validation.
2026-01-27 16:04:53,804 - easytorch-training - INFO - Result <val>: [val_time: 1.99 (s), val_MAE: 13.5451, val_RMSE: 23.1106, val_MAPE: 10.6708]
2026-01-27 16:04:55,627 - easytorch-training - INFO - Evaluate best model on test data for horizon 1, Test MAE: 11.6138, Test RMSE: 19.1428, Test MAPE: 7.5906
2026-01-27 16:04:55,628 - easytorch-training - INFO - Evaluate best model on test data for horizon 2, Test MAE: 12.1310, Test RMSE: 20.3768, Test MAPE: 7.9611
2026-01-27 16:04:55,629 - easytorch-training - INFO - Evaluate best model on test data for horizon 3, Test MAE: 12.5227, Test RMSE: 21.3628, Test MAPE: 8.0770
2026-01-27 16:04:55,630 - easytorch-training - INFO - Evaluate best model on test data for horizon 4, Test MAE: 12.8669, Test RMSE: 22.2111, Test MAPE: 8.2861
2026-01-27 16:04:55,631 - easytorch-training - INFO - Evaluate best model on test data for horizon 5, Test MAE: 13.1760, Test RMSE: 22.8980, Test MAPE: 8.4527
2026-01-27 16:04:55,633 - easytorch-training - INFO - Evaluate best model on test data for horizon 6, Test MAE: 13.4458, Test RMSE: 23.4646, Test MAPE: 8.6278
2026-01-27 16:04:55,634 - easytorch-training - INFO - Evaluate best model on test data for horizon 7, Test MAE: 13.6807, Test RMSE: 23.9784, Test MAPE: 8.8377
2026-01-27 16:04:55,635 - easytorch-training - INFO - Evaluate best model on test data for horizon 8, Test MAE: 13.9139, Test RMSE: 24.3953, Test MAPE: 8.9907
2026-01-27 16:04:55,636 - easytorch-training - INFO - Evaluate best model on test data for horizon 9, Test MAE: 14.1083, Test RMSE: 24.7393, Test MAPE: 9.1369
2026-01-27 16:04:55,637 - easytorch-training - INFO - Evaluate best model on test data for horizon 10, Test MAE: 14.2829, Test RMSE: 24.9991, Test MAPE: 9.2398
2026-01-27 16:04:55,638 - easytorch-training - INFO - Evaluate best model on test data for horizon 11, Test MAE: 14.4746, Test RMSE: 25.2686, Test MAPE: 9.3313
2026-01-27 16:04:55,639 - easytorch-training - INFO - Evaluate best model on test data for horizon 12, Test MAE: 14.6776, Test RMSE: 25.5429, Test MAPE: 9.5300
2026-01-27 16:04:55,643 - easytorch-training - INFO - Result <test>: [test_time: 1.84 (s), test_MAE: 13.4078, test_RMSE: 23.2814, test_MAPE: 8.6718]
2026-01-27 16:04:55,788 - easytorch-training - INFO - Checkpoint checkpoints/STMAFNet_300/7a9424dbdf56bedb1aca9acb56518206/STMAFNet_199.pt saved
2026-01-27 16:04:55,789 - easytorch-training - INFO - The estimated training finish time is 2026-01-27 17:18:11
2026-01-27 16:04:55,789 - easytorch-training - INFO - Epoch 200 / 300
2026-01-27 16:05:35,005 - easytorch-training - INFO - Result <train>: [train_time: 39.22 (s), lr: 6.25e-05, train_MAE: 12.5476, train_RMSE: 21.2560, train_MAPE: 8.3783]
2026-01-27 16:05:35,007 - easytorch-training - INFO - Start validation.
2026-01-27 16:05:36,965 - easytorch-training - INFO - Result <val>: [val_time: 1.96 (s), val_MAE: 13.5320, val_RMSE: 23.0565, val_MAPE: 10.3941]
2026-01-27 16:05:37,265 - easytorch-training - INFO - Checkpoint checkpoints/STMAFNet_300/7a9424dbdf56bedb1aca9acb56518206/STMAFNet_best_val_MAE.pt saved
2026-01-27 16:05:39,130 - easytorch-training - INFO - Evaluate best model on test data for horizon 1, Test MAE: 11.5993, Test RMSE: 19.1386, Test MAPE: 7.5624
2026-01-27 16:05:39,131 - easytorch-training - INFO - Evaluate best model on test data for horizon 2, Test MAE: 12.1020, Test RMSE: 20.3543, Test MAPE: 7.8056
2026-01-27 16:05:39,132 - easytorch-training - INFO - Evaluate best model on test data for horizon 3, Test MAE: 12.5081, Test RMSE: 21.3193, Test MAPE: 8.0631
2026-01-27 16:05:39,133 - easytorch-training - INFO - Evaluate best model on test data for horizon 4, Test MAE: 12.8770, Test RMSE: 22.1742, Test MAPE: 8.2612
2026-01-27 16:05:39,134 - easytorch-training - INFO - Evaluate best model on test data for horizon 5, Test MAE: 13.1722, Test RMSE: 22.8274, Test MAPE: 8.4847
2026-01-27 16:05:39,135 - easytorch-training - INFO - Evaluate best model on test data for horizon 6, Test MAE: 13.4369, Test RMSE: 23.3980, Test MAPE: 8.6408
2026-01-27 16:05:39,136 - easytorch-training - INFO - Evaluate best model on test data for horizon 7, Test MAE: 13.6779, Test RMSE: 23.9373, Test MAPE: 8.7652
2026-01-27 16:05:39,138 - easytorch-training - INFO - Evaluate best model on test data for horizon 8, Test MAE: 13.9328, Test RMSE: 24.3797, Test MAPE: 8.9376
2026-01-27 16:05:39,139 - easytorch-training - INFO - Evaluate best model on test data for horizon 9, Test MAE: 14.1307, Test RMSE: 24.7353, Test MAPE: 9.0691
2026-01-27 16:05:39,140 - easytorch-training - INFO - Evaluate best model on test data for horizon 10, Test MAE: 14.3032, Test RMSE: 25.0063, Test MAPE: 9.1758
2026-01-27 16:05:39,141 - easytorch-training - INFO - Evaluate best model on test data for horizon 11, Test MAE: 14.4721, Test RMSE: 25.2814, Test MAPE: 9.3065
2026-01-27 16:05:39,142 - easytorch-training - INFO - Evaluate best model on test data for horizon 12, Test MAE: 14.6683, Test RMSE: 25.5603, Test MAPE: 9.4617
2026-01-27 16:05:39,146 - easytorch-training - INFO - Result <test>: [test_time: 1.88 (s), test_MAE: 13.4067, test_RMSE: 23.2600, test_MAPE: 8.6278]
2026-01-27 16:05:39,294 - easytorch-training - INFO - Checkpoint checkpoints/STMAFNet_300/7a9424dbdf56bedb1aca9acb56518206/STMAFNet_200.pt saved
2026-01-27 16:05:39,308 - easytorch-training - INFO - The estimated training finish time is 2026-01-27 17:18:11
2026-01-27 16:05:39,308 - easytorch-training - INFO - Epoch 201 / 300
2026-01-27 16:06:18,615 - easytorch-training - INFO - Result <train>: [train_time: 39.31 (s), lr: 6.25e-05, train_MAE: 12.5439, train_RMSE: 21.2633, train_MAPE: 8.3782]
2026-01-27 16:06:18,617 - easytorch-training - INFO - Start validation.
2026-01-27 16:06:20,559 - easytorch-training - INFO - Result <val>: [val_time: 1.94 (s), val_MAE: 13.5626, val_RMSE: 23.1496, val_MAPE: 10.8989]
2026-01-27 16:06:22,373 - easytorch-training - INFO - Evaluate best model on test data for horizon 1, Test MAE: 11.6034, Test RMSE: 19.1340, Test MAPE: 7.7298
2026-01-27 16:06:22,374 - easytorch-training - INFO - Evaluate best model on test data for horizon 2, Test MAE: 12.1019, Test RMSE: 20.3581, Test MAPE: 8.0641
2026-01-27 16:06:22,382 - easytorch-training - INFO - Evaluate best model on test data for horizon 3, Test MAE: 12.5276, Test RMSE: 21.3835, Test MAPE: 8.1137
2026-01-27 16:06:22,384 - easytorch-training - INFO - Evaluate best model on test data for horizon 4, Test MAE: 12.8796, Test RMSE: 22.2167, Test MAPE: 8.4588
2026-01-27 16:06:22,385 - easytorch-training - INFO - Evaluate best model on test data for horizon 5, Test MAE: 13.1983, Test RMSE: 22.9113, Test MAPE: 8.5979
2026-01-27 16:06:22,386 - easytorch-training - INFO - Evaluate best model on test data for horizon 6, Test MAE: 13.4467, Test RMSE: 23.4548, Test MAPE: 8.7537
2026-01-27 16:06:22,387 - easytorch-training - INFO - Evaluate best model on test data for horizon 7, Test MAE: 13.7030, Test RMSE: 23.9835, Test MAPE: 8.9511
2026-01-27 16:06:22,388 - easytorch-training - INFO - Evaluate best model on test data for horizon 8, Test MAE: 13.9331, Test RMSE: 24.4289, Test MAPE: 9.0711
2026-01-27 16:06:22,389 - easytorch-training - INFO - Evaluate best model on test data for horizon 9, Test MAE: 14.1332, Test RMSE: 24.7777, Test MAPE: 9.2478
2026-01-27 16:06:22,390 - easytorch-training - INFO - Evaluate best model on test data for horizon 10, Test MAE: 14.3060, Test RMSE: 25.0675, Test MAPE: 9.3279
2026-01-27 16:06:22,391 - easytorch-training - INFO - Evaluate best model on test data for horizon 11, Test MAE: 14.4807, Test RMSE: 25.3335, Test MAPE: 9.5323
2026-01-27 16:06:22,392 - easytorch-training - INFO - Evaluate best model on test data for horizon 12, Test MAE: 14.6672, Test RMSE: 25.5929, Test MAPE: 9.6510
2026-01-27 16:06:22,396 - easytorch-training - INFO - Result <test>: [test_time: 1.84 (s), test_MAE: 13.4151, test_RMSE: 23.3051, test_MAPE: 8.7916]
2026-01-27 16:06:22,542 - easytorch-training - INFO - Checkpoint checkpoints/STMAFNet_300/7a9424dbdf56bedb1aca9acb56518206/STMAFNet_201.pt saved
2026-01-27 16:06:22,543 - easytorch-training - INFO - The estimated training finish time is 2026-01-27 17:18:10
2026-01-27 16:06:22,543 - easytorch-training - INFO - Epoch 202 / 300
2026-01-27 16:07:01,636 - easytorch-training - INFO - Result <train>: [train_time: 39.09 (s), lr: 6.25e-05, train_MAE: 12.5379, train_RMSE: 21.2493, train_MAPE: 8.3863]
2026-01-27 16:07:01,638 - easytorch-training - INFO - Start validation.
2026-01-27 16:07:03,653 - easytorch-training - INFO - Result <val>: [val_time: 2.01 (s), val_MAE: 13.5506, val_RMSE: 23.1240, val_MAPE: 10.6848]
2026-01-27 16:07:05,469 - easytorch-training - INFO - Evaluate best model on test data for horizon 1, Test MAE: 11.5946, Test RMSE: 19.1401, Test MAPE: 7.5657
2026-01-27 16:07:05,470 - easytorch-training - INFO - Evaluate best model on test data for horizon 2, Test MAE: 12.1004, Test RMSE: 20.3448, Test MAPE: 7.8085
2026-01-27 16:07:05,471 - easytorch-training - INFO - Evaluate best model on test data for horizon 3, Test MAE: 12.5088, Test RMSE: 21.3251, Test MAPE: 8.0546
2026-01-27 16:07:05,472 - easytorch-training - INFO - Evaluate best model on test data for horizon 4, Test MAE: 12.8749, Test RMSE: 22.1542, Test MAPE: 8.2722
2026-01-27 16:07:05,473 - easytorch-training - INFO - Evaluate best model on test data for horizon 5, Test MAE: 13.1862, Test RMSE: 22.8422, Test MAPE: 8.4689
2026-01-27 16:07:05,474 - easytorch-training - INFO - Evaluate best model on test data for horizon 6, Test MAE: 13.4546, Test RMSE: 23.4392, Test MAPE: 8.6841
2026-01-27 16:07:05,476 - easytorch-training - INFO - Evaluate best model on test data for horizon 7, Test MAE: 13.6965, Test RMSE: 24.0076, Test MAPE: 8.8053
2026-01-27 16:07:05,477 - easytorch-training - INFO - Evaluate best model on test data for horizon 8, Test MAE: 13.9259, Test RMSE: 24.4312, Test MAPE: 8.9636
2026-01-27 16:07:05,478 - easytorch-training - INFO - Evaluate best model on test data for horizon 9, Test MAE: 14.1355, Test RMSE: 24.8357, Test MAPE: 9.1060
2026-01-27 16:07:05,479 - easytorch-training - INFO - Evaluate best model on test data for horizon 10, Test MAE: 14.2932, Test RMSE: 25.1071, Test MAPE: 9.2551
2026-01-27 16:07:05,480 - easytorch-training - INFO - Evaluate best model on test data for horizon 11, Test MAE: 14.4712, Test RMSE: 25.3905, Test MAPE: 9.3416
2026-01-27 16:07:05,481 - easytorch-training - INFO - Evaluate best model on test data for horizon 12, Test MAE: 14.6677, Test RMSE: 25.6644, Test MAPE: 9.5063
2026-01-27 16:07:05,485 - easytorch-training - INFO - Result <test>: [test_time: 1.83 (s), test_MAE: 13.4091, test_RMSE: 23.3109, test_MAPE: 8.6527]
2026-01-27 16:07:05,630 - easytorch-training - INFO - Checkpoint checkpoints/STMAFNet_300/7a9424dbdf56bedb1aca9acb56518206/STMAFNet_202.pt saved
2026-01-27 16:07:05,631 - easytorch-training - INFO - The estimated training finish time is 2026-01-27 17:18:09
2026-01-27 16:07:05,631 - easytorch-training - INFO - Epoch 203 / 300
2026-01-27 16:07:45,170 - easytorch-training - INFO - Result <train>: [train_time: 39.54 (s), lr: 6.25e-05, train_MAE: 12.5381, train_RMSE: 21.2490, train_MAPE: 8.3727]
2026-01-27 16:07:45,172 - easytorch-training - INFO - Start validation.
2026-01-27 16:07:47,069 - easytorch-training - INFO - Result <val>: [val_time: 1.90 (s), val_MAE: 13.5879, val_RMSE: 23.1982, val_MAPE: 10.8950]
2026-01-27 16:07:48,836 - easytorch-training - INFO - Evaluate best model on test data for horizon 1, Test MAE: 11.6178, Test RMSE: 19.1876, Test MAPE: 7.5811
2026-01-27 16:07:48,838 - easytorch-training - INFO - Evaluate best model on test data for horizon 2, Test MAE: 12.1332, Test RMSE: 20.4465, Test MAPE: 7.8471
2026-01-27 16:07:48,839 - easytorch-training - INFO - Evaluate best model on test data for horizon 3, Test MAE: 12.5577, Test RMSE: 21.4813, Test MAPE: 8.1151
2026-01-27 16:07:48,840 - easytorch-training - INFO - Evaluate best model on test data for horizon 4, Test MAE: 12.9165, Test RMSE: 22.3148, Test MAPE: 8.3237
2026-01-27 16:07:48,841 - easytorch-training - INFO - Evaluate best model on test data for horizon 5, Test MAE: 13.2108, Test RMSE: 22.9818, Test MAPE: 8.5656
2026-01-27 16:07:48,842 - easytorch-training - INFO - Evaluate best model on test data for horizon 6, Test MAE: 13.4634, Test RMSE: 23.5414, Test MAPE: 8.7207
2026-01-27 16:07:48,843 - easytorch-training - INFO - Evaluate best model on test data for horizon 7, Test MAE: 13.7265, Test RMSE: 24.0933, Test MAPE: 8.8383
2026-01-27 16:07:48,844 - easytorch-training - INFO - Evaluate best model on test data for horizon 8, Test MAE: 13.9599, Test RMSE: 24.5366, Test MAPE: 9.0083
2026-01-27 16:07:48,845 - easytorch-training - INFO - Evaluate best model on test data for horizon 9, Test MAE: 14.1826, Test RMSE: 24.9274, Test MAPE: 9.1655
2026-01-27 16:07:48,846 - easytorch-training - INFO - Evaluate best model on test data for horizon 10, Test MAE: 14.3383, Test RMSE: 25.1931, Test MAPE: 9.2403
2026-01-27 16:07:48,847 - easytorch-training - INFO - Evaluate best model on test data for horizon 11, Test MAE: 14.5203, Test RMSE: 25.4801, Test MAPE: 9.3666
2026-01-27 16:07:48,848 - easytorch-training - INFO - Evaluate best model on test data for horizon 12, Test MAE: 14.7154, Test RMSE: 25.7531, Test MAPE: 9.5490
2026-01-27 16:07:48,852 - easytorch-training - INFO - Result <test>: [test_time: 1.78 (s), test_MAE: 13.4452, test_RMSE: 23.4148, test_MAPE: 8.6935]
2026-01-27 16:07:48,996 - easytorch-training - INFO - Checkpoint checkpoints/STMAFNet_300/7a9424dbdf56bedb1aca9acb56518206/STMAFNet_203.pt saved
2026-01-27 16:07:48,996 - easytorch-training - INFO - The estimated training finish time is 2026-01-27 17:18:09
2026-01-27 16:07:48,996 - easytorch-training - INFO - Epoch 204 / 300
2026-01-27 16:08:28,406 - easytorch-training - INFO - Result <train>: [train_time: 39.41 (s), lr: 6.25e-05, train_MAE: 12.5334, train_RMSE: 21.2297, train_MAPE: 8.3788]
2026-01-27 16:08:28,408 - easytorch-training - INFO - Start validation.
2026-01-27 16:08:30,404 - easytorch-training - INFO - Result <val>: [val_time: 2.00 (s), val_MAE: 13.5627, val_RMSE: 23.1588, val_MAPE: 10.8978]
2026-01-27 16:08:32,242 - easytorch-training - INFO - Evaluate best model on test data for horizon 1, Test MAE: 11.5991, Test RMSE: 19.1542, Test MAPE: 7.5773
2026-01-27 16:08:32,243 - easytorch-training - INFO - Evaluate best model on test data for horizon 2, Test MAE: 12.1141, Test RMSE: 20.3792, Test MAPE: 7.8917
2026-01-27 16:08:32,244 - easytorch-training - INFO - Evaluate best model on test data for horizon 3, Test MAE: 12.5331, Test RMSE: 21.3753, Test MAPE: 8.0714
2026-01-27 16:08:32,245 - easytorch-training - INFO - Evaluate best model on test data for horizon 4, Test MAE: 12.9049, Test RMSE: 22.2147, Test MAPE: 8.3020
2026-01-27 16:08:32,246 - easytorch-training - INFO - Evaluate best model on test data for horizon 5, Test MAE: 13.2129, Test RMSE: 22.8983, Test MAPE: 8.4968
2026-01-27 16:08:32,247 - easytorch-training - INFO - Evaluate best model on test data for horizon 6, Test MAE: 13.4750, Test RMSE: 23.4437, Test MAPE: 8.6877
2026-01-27 16:08:32,249 - easytorch-training - INFO - Evaluate best model on test data for horizon 7, Test MAE: 13.6967, Test RMSE: 23.9820, Test MAPE: 8.8194
2026-01-27 16:08:32,250 - easytorch-training - INFO - Evaluate best model on test data for horizon 8, Test MAE: 13.9421, Test RMSE: 24.4010, Test MAPE: 8.9953
2026-01-27 16:08:32,251 - easytorch-training - INFO - Evaluate best model on test data for horizon 9, Test MAE: 14.1534, Test RMSE: 24.8116, Test MAPE: 9.1358
2026-01-27 16:08:32,252 - easytorch-training - INFO - Evaluate best model on test data for horizon 10, Test MAE: 14.3046, Test RMSE: 25.0854, Test MAPE: 9.2443
2026-01-27 16:08:32,253 - easytorch-training - INFO - Evaluate best model on test data for horizon 11, Test MAE: 14.4757, Test RMSE: 25.3494, Test MAPE: 9.3730
2026-01-27 16:08:32,254 - easytorch-training - INFO - Evaluate best model on test data for horizon 12, Test MAE: 14.6671, Test RMSE: 25.6449, Test MAPE: 9.5167
2026-01-27 16:08:32,258 - easytorch-training - INFO - Result <test>: [test_time: 1.85 (s), test_MAE: 13.4232, test_RMSE: 23.3135, test_MAPE: 8.6759]
2026-01-27 16:08:32,401 - easytorch-training - INFO - Checkpoint checkpoints/STMAFNet_300/7a9424dbdf56bedb1aca9acb56518206/STMAFNet_204.pt saved
2026-01-27 16:08:32,402 - easytorch-training - INFO - The estimated training finish time is 2026-01-27 17:18:09
2026-01-27 16:08:32,402 - easytorch-training - INFO - Epoch 205 / 300
2026-01-27 16:09:11,758 - easytorch-training - INFO - Result <train>: [train_time: 39.36 (s), lr: 6.25e-05, train_MAE: 12.5295, train_RMSE: 21.2290, train_MAPE: 8.3754]
2026-01-27 16:09:11,760 - easytorch-training - INFO - Start validation.
2026-01-27 16:09:13,658 - easytorch-training - INFO - Result <val>: [val_time: 1.90 (s), val_MAE: 13.5874, val_RMSE: 23.1627, val_MAPE: 10.9528]
2026-01-27 16:09:15,455 - easytorch-training - INFO - Evaluate best model on test data for horizon 1, Test MAE: 11.6036, Test RMSE: 19.1528, Test MAPE: 7.5373
2026-01-27 16:09:15,457 - easytorch-training - INFO - Evaluate best model on test data for horizon 2, Test MAE: 12.1094, Test RMSE: 20.3698, Test MAPE: 7.8241
2026-01-27 16:09:15,458 - easytorch-training - INFO - Evaluate best model on test data for horizon 3, Test MAE: 12.5322, Test RMSE: 21.3485, Test MAPE: 8.1064
2026-01-27 16:09:15,459 - easytorch-training - INFO - Evaluate best model on test data for horizon 4, Test MAE: 12.8871, Test RMSE: 22.1744, Test MAPE: 8.3152
2026-01-27 16:09:15,460 - easytorch-training - INFO - Evaluate best model on test data for horizon 5, Test MAE: 13.1920, Test RMSE: 22.8824, Test MAPE: 8.4794
2026-01-27 16:09:15,461 - easytorch-training - INFO - Evaluate best model on test data for horizon 6, Test MAE: 13.4593, Test RMSE: 23.4570, Test MAPE: 8.7368
2026-01-27 16:09:15,462 - easytorch-training - INFO - Evaluate best model on test data for horizon 7, Test MAE: 13.7149, Test RMSE: 24.0030, Test MAPE: 8.8028
2026-01-27 16:09:15,463 - easytorch-training - INFO - Evaluate best model on test data for horizon 8, Test MAE: 13.9514, Test RMSE: 24.4468, Test MAPE: 8.9866
2026-01-27 16:09:15,464 - easytorch-training - INFO - Evaluate best model on test data for horizon 9, Test MAE: 14.1684, Test RMSE: 24.8388, Test MAPE: 9.1215
2026-01-27 16:09:15,465 - easytorch-training - INFO - Evaluate best model on test data for horizon 10, Test MAE: 14.3271, Test RMSE: 25.1392, Test MAPE: 9.2917
2026-01-27 16:09:15,466 - easytorch-training - INFO - Evaluate best model on test data for horizon 11, Test MAE: 14.5115, Test RMSE: 25.4049, Test MAPE: 9.3703
2026-01-27 16:09:15,468 - easytorch-training - INFO - Evaluate best model on test data for horizon 12, Test MAE: 14.7085, Test RMSE: 25.6837, Test MAPE: 9.5301
2026-01-27 16:09:15,471 - easytorch-training - INFO - Result <test>: [test_time: 1.81 (s), test_MAE: 13.4304, test_RMSE: 23.3289, test_MAPE: 8.6752]
2026-01-27 16:09:15,615 - easytorch-training - INFO - Checkpoint checkpoints/STMAFNet_300/7a9424dbdf56bedb1aca9acb56518206/STMAFNet_205.pt saved
2026-01-27 16:09:15,616 - easytorch-training - INFO - The estimated training finish time is 2026-01-27 17:18:09
2026-01-27 16:09:15,616 - easytorch-training - INFO - Epoch 206 / 300
2026-01-27 16:09:54,780 - easytorch-training - INFO - Result <train>: [train_time: 39.16 (s), lr: 6.25e-05, train_MAE: 12.5309, train_RMSE: 21.2305, train_MAPE: 8.3748]
2026-01-27 16:09:54,782 - easytorch-training - INFO - Start validation.
2026-01-27 16:09:56,725 - easytorch-training - INFO - Result <val>: [val_time: 1.94 (s), val_MAE: 13.5595, val_RMSE: 23.1618, val_MAPE: 11.0862]
2026-01-27 16:09:58,559 - easytorch-training - INFO - Evaluate best model on test data for horizon 1, Test MAE: 11.6096, Test RMSE: 19.1506, Test MAPE: 7.8349
2026-01-27 16:09:58,560 - easytorch-training - INFO - Evaluate best model on test data for horizon 2, Test MAE: 12.1200, Test RMSE: 20.3906, Test MAPE: 8.0240
2026-01-27 16:09:58,561 - easytorch-training - INFO - Evaluate best model on test data for horizon 3, Test MAE: 12.5233, Test RMSE: 21.3843, Test MAPE: 8.2523
2026-01-27 16:09:58,562 - easytorch-training - INFO - Evaluate best model on test data for horizon 4, Test MAE: 12.8918, Test RMSE: 22.2613, Test MAPE: 8.3283
2026-01-27 16:09:58,564 - easytorch-training - INFO - Evaluate best model on test data for horizon 5, Test MAE: 13.1814, Test RMSE: 22.9318, Test MAPE: 8.6111
2026-01-27 16:09:58,565 - easytorch-training - INFO - Evaluate best model on test data for horizon 6, Test MAE: 13.4469, Test RMSE: 23.5100, Test MAPE: 8.7885
2026-01-27 16:09:58,566 - easytorch-training - INFO - Evaluate best model on test data for horizon 7, Test MAE: 13.6822, Test RMSE: 24.0540, Test MAPE: 8.9471
2026-01-27 16:09:58,567 - easytorch-training - INFO - Evaluate best model on test data for horizon 8, Test MAE: 13.9204, Test RMSE: 24.4957, Test MAPE: 9.0249
2026-01-27 16:09:58,568 - easytorch-training - INFO - Evaluate best model on test data for horizon 9, Test MAE: 14.1308, Test RMSE: 24.8561, Test MAPE: 9.1464
2026-01-27 16:09:58,569 - easytorch-training - INFO - Evaluate best model on test data for horizon 10, Test MAE: 14.3027, Test RMSE: 25.1256, Test MAPE: 9.2872
2026-01-27 16:09:58,570 - easytorch-training - INFO - Evaluate best model on test data for horizon 11, Test MAE: 14.4712, Test RMSE: 25.3998, Test MAPE: 9.4205
2026-01-27 16:09:58,571 - easytorch-training - INFO - Evaluate best model on test data for horizon 12, Test MAE: 14.6687, Test RMSE: 25.6721, Test MAPE: 9.5254
2026-01-27 16:09:58,575 - easytorch-training - INFO - Result <test>: [test_time: 1.85 (s), test_MAE: 13.4124, test_RMSE: 23.3558, test_MAPE: 8.7659]
2026-01-27 16:09:58,720 - easytorch-training - INFO - Checkpoint checkpoints/STMAFNet_300/7a9424dbdf56bedb1aca9acb56518206/STMAFNet_206.pt saved
2026-01-27 16:09:58,720 - easytorch-training - INFO - The estimated training finish time is 2026-01-27 17:18:08
2026-01-27 16:09:58,720 - easytorch-training - INFO - Epoch 207 / 300
2026-01-27 16:10:38,185 - easytorch-training - INFO - Result <train>: [train_time: 39.46 (s), lr: 6.25e-05, train_MAE: 12.5250, train_RMSE: 21.2208, train_MAPE: 8.3680]
2026-01-27 16:10:38,186 - easytorch-training - INFO - Start validation.
2026-01-27 16:10:40,134 - easytorch-training - INFO - Result <val>: [val_time: 1.95 (s), val_MAE: 13.5613, val_RMSE: 23.1397, val_MAPE: 10.8703]
2026-01-27 16:10:41,950 - easytorch-training - INFO - Evaluate best model on test data for horizon 1, Test MAE: 11.6030, Test RMSE: 19.1466, Test MAPE: 7.6058
2026-01-27 16:10:41,951 - easytorch-training - INFO - Evaluate best model on test data for horizon 2, Test MAE: 12.1064, Test RMSE: 20.3835, Test MAPE: 7.8263
2026-01-27 16:10:41,952 - easytorch-training - INFO - Evaluate best model on test data for horizon 3, Test MAE: 12.5402, Test RMSE: 21.3744, Test MAPE: 8.1633
2026-01-27 16:10:41,953 - easytorch-training - INFO - Evaluate best model on test data for horizon 4, Test MAE: 12.8888, Test RMSE: 22.2145, Test MAPE: 8.3900
2026-01-27 16:10:41,955 - easytorch-training - INFO - Evaluate best model on test data for horizon 5, Test MAE: 13.1984, Test RMSE: 22.9174, Test MAPE: 8.5877
2026-01-27 16:10:41,956 - easytorch-training - INFO - Evaluate best model on test data for horizon 6, Test MAE: 13.4664, Test RMSE: 23.4910, Test MAPE: 8.8027
2026-01-27 16:10:41,957 - easytorch-training - INFO - Evaluate best model on test data for horizon 7, Test MAE: 13.7000, Test RMSE: 24.0169, Test MAPE: 8.8209
2026-01-27 16:10:41,958 - easytorch-training - INFO - Evaluate best model on test data for horizon 8, Test MAE: 13.9246, Test RMSE: 24.4254, Test MAPE: 9.0010
2026-01-27 16:10:41,959 - easytorch-training - INFO - Evaluate best model on test data for horizon 9, Test MAE: 14.1185, Test RMSE: 24.7740, Test MAPE: 9.1395
2026-01-27 16:10:41,960 - easytorch-training - INFO - Evaluate best model on test data for horizon 10, Test MAE: 14.2846, Test RMSE: 25.0541, Test MAPE: 9.2989
2026-01-27 16:10:41,961 - easytorch-training - INFO - Evaluate best model on test data for horizon 11, Test MAE: 14.4539, Test RMSE: 25.3140, Test MAPE: 9.3526
2026-01-27 16:10:41,962 - easytorch-training - INFO - Evaluate best model on test data for horizon 12, Test MAE: 14.6604, Test RMSE: 25.6030, Test MAPE: 9.5742
2026-01-27 16:10:41,966 - easytorch-training - INFO - Result <test>: [test_time: 1.83 (s), test_MAE: 13.4121, test_RMSE: 23.3107, test_MAPE: 8.7136]
2026-01-27 16:10:42,110 - easytorch-training - INFO - Checkpoint checkpoints/STMAFNet_300/7a9424dbdf56bedb1aca9acb56518206/STMAFNet_207.pt saved
2026-01-27 16:10:42,111 - easytorch-training - INFO - The estimated training finish time is 2026-01-27 17:18:08
2026-01-27 16:10:42,111 - easytorch-training - INFO - Epoch 208 / 300
2026-01-27 16:11:21,445 - easytorch-training - INFO - Result <train>: [train_time: 39.33 (s), lr: 6.25e-05, train_MAE: 12.5230, train_RMSE: 21.2116, train_MAPE: 8.3672]
2026-01-27 16:11:21,447 - easytorch-training - INFO - Start validation.
2026-01-27 16:11:23,419 - easytorch-training - INFO - Result <val>: [val_time: 1.97 (s), val_MAE: 13.5805, val_RMSE: 23.1388, val_MAPE: 10.8731]
2026-01-27 16:11:25,239 - easytorch-training - INFO - Evaluate best model on test data for horizon 1, Test MAE: 11.6109, Test RMSE: 19.1550, Test MAPE: 7.5603
2026-01-27 16:11:25,240 - easytorch-training - INFO - Evaluate best model on test data for horizon 2, Test MAE: 12.1141, Test RMSE: 20.3676, Test MAPE: 7.8772
2026-01-27 16:11:25,241 - easytorch-training - INFO - Evaluate best model on test data for horizon 3, Test MAE: 12.5696, Test RMSE: 21.3651, Test MAPE: 8.1271
2026-01-27 16:11:25,242 - easytorch-training - INFO - Evaluate best model on test data for horizon 4, Test MAE: 12.9083, Test RMSE: 22.2006, Test MAPE: 8.4046
2026-01-27 16:11:25,243 - easytorch-training - INFO - Evaluate best model on test data for horizon 5, Test MAE: 13.1971, Test RMSE: 22.8907, Test MAPE: 8.5660
2026-01-27 16:11:25,244 - easytorch-training - INFO - Evaluate best model on test data for horizon 6, Test MAE: 13.4720, Test RMSE: 23.4661, Test MAPE: 8.7562
2026-01-27 16:11:25,246 - easytorch-training - INFO - Evaluate best model on test data for horizon 7, Test MAE: 13.7412, Test RMSE: 24.0214, Test MAPE: 8.8728
2026-01-27 16:11:25,247 - easytorch-training - INFO - Evaluate best model on test data for horizon 8, Test MAE: 13.9763, Test RMSE: 24.4696, Test MAPE: 9.0666
2026-01-27 16:11:25,248 - easytorch-training - INFO - Evaluate best model on test data for horizon 9, Test MAE: 14.1566, Test RMSE: 24.8285, Test MAPE: 9.1998
2026-01-27 16:11:25,249 - easytorch-training - INFO - Evaluate best model on test data for horizon 10, Test MAE: 14.3463, Test RMSE: 25.1219, Test MAPE: 9.3336
2026-01-27 16:11:25,250 - easytorch-training - INFO - Evaluate best model on test data for horizon 11, Test MAE: 14.5256, Test RMSE: 25.4102, Test MAPE: 9.4888
2026-01-27 16:11:25,251 - easytorch-training - INFO - Evaluate best model on test data for horizon 12, Test MAE: 14.7126, Test RMSE: 25.6804, Test MAPE: 9.7110
2026-01-27 16:11:25,255 - easytorch-training - INFO - Result <test>: [test_time: 1.83 (s), test_MAE: 13.4442, test_RMSE: 23.3349, test_MAPE: 8.7470]
2026-01-27 16:11:25,400 - easytorch-training - INFO - Checkpoint checkpoints/STMAFNet_300/7a9424dbdf56bedb1aca9acb56518206/STMAFNet_208.pt saved
2026-01-27 16:11:25,400 - easytorch-training - INFO - The estimated training finish time is 2026-01-27 17:18:08
2026-01-27 16:11:25,400 - easytorch-training - INFO - Epoch 209 / 300
2026-01-27 16:12:04,552 - easytorch-training - INFO - Result <train>: [train_time: 39.15 (s), lr: 6.25e-05, train_MAE: 12.5224, train_RMSE: 21.2182, train_MAPE: 8.3727]
2026-01-27 16:12:04,554 - easytorch-training - INFO - Start validation.
2026-01-27 16:12:06,509 - easytorch-training - INFO - Result <val>: [val_time: 1.96 (s), val_MAE: 13.5627, val_RMSE: 23.1729, val_MAPE: 11.0409]
2026-01-27 16:12:08,325 - easytorch-training - INFO - Evaluate best model on test data for horizon 1, Test MAE: 11.6082, Test RMSE: 19.1577, Test MAPE: 7.6128
2026-01-27 16:12:08,326 - easytorch-training - INFO - Evaluate best model on test data for horizon 2, Test MAE: 12.1158, Test RMSE: 20.3934, Test MAPE: 7.8887
2026-01-27 16:12:08,327 - easytorch-training - INFO - Evaluate best model on test data for horizon 3, Test MAE: 12.5440, Test RMSE: 21.3708, Test MAPE: 8.0840
2026-01-27 16:12:08,328 - easytorch-training - INFO - Evaluate best model on test data for horizon 4, Test MAE: 12.8984, Test RMSE: 22.2052, Test MAPE: 8.2998
2026-01-27 16:12:08,329 - easytorch-training - INFO - Evaluate best model on test data for horizon 5, Test MAE: 13.1972, Test RMSE: 22.8638, Test MAPE: 8.5856
2026-01-27 16:12:08,330 - easytorch-training - INFO - Evaluate best model on test data for horizon 6, Test MAE: 13.4590, Test RMSE: 23.4202, Test MAPE: 8.8443
2026-01-27 16:12:08,331 - easytorch-training - INFO - Evaluate best model on test data for horizon 7, Test MAE: 13.6956, Test RMSE: 23.9496, Test MAPE: 9.0307
2026-01-27 16:12:08,333 - easytorch-training - INFO - Evaluate best model on test data for horizon 8, Test MAE: 13.9441, Test RMSE: 24.4029, Test MAPE: 8.9820
2026-01-27 16:12:08,334 - easytorch-training - INFO - Evaluate best model on test data for horizon 9, Test MAE: 14.1216, Test RMSE: 24.7523, Test MAPE: 9.1478
2026-01-27 16:12:08,335 - easytorch-training - INFO - Evaluate best model on test data for horizon 10, Test MAE: 14.3212, Test RMSE: 25.1070, Test MAPE: 9.2566
2026-01-27 16:12:08,336 - easytorch-training - INFO - Evaluate best model on test data for horizon 11, Test MAE: 14.4997, Test RMSE: 25.3862, Test MAPE: 9.4493
2026-01-27 16:12:08,337 - easytorch-training - INFO - Evaluate best model on test data for horizon 12, Test MAE: 14.6878, Test RMSE: 25.6562, Test MAPE: 9.5097
2026-01-27 16:12:08,341 - easytorch-training - INFO - Result <test>: [test_time: 1.83 (s), test_MAE: 13.4244, test_RMSE: 23.3073, test_MAPE: 8.7243]
2026-01-27 16:12:08,485 - easytorch-training - INFO - Checkpoint checkpoints/STMAFNet_300/7a9424dbdf56bedb1aca9acb56518206/STMAFNet_209.pt saved
2026-01-27 16:12:08,486 - easytorch-training - INFO - The estimated training finish time is 2026-01-27 17:18:07
2026-01-27 16:12:08,486 - easytorch-training - INFO - Epoch 210 / 300
2026-01-27 16:12:47,578 - easytorch-training - INFO - Result <train>: [train_time: 39.09 (s), lr: 6.25e-05, train_MAE: 12.5211, train_RMSE: 21.2241, train_MAPE: 8.3643]
2026-01-27 16:12:47,580 - easytorch-training - INFO - Start validation.
2026-01-27 16:12:49,582 - easytorch-training - INFO - Result <val>: [val_time: 2.00 (s), val_MAE: 13.5556, val_RMSE: 23.1019, val_MAPE: 10.6388]
2026-01-27 16:12:51,416 - easytorch-training - INFO - Evaluate best model on test data for horizon 1, Test MAE: 11.6007, Test RMSE: 19.1395, Test MAPE: 7.5783
2026-01-27 16:12:51,417 - easytorch-training - INFO - Evaluate best model on test data for horizon 2, Test MAE: 12.1135, Test RMSE: 20.3512, Test MAPE: 7.8320
2026-01-27 16:12:51,418 - easytorch-training - INFO - Evaluate best model on test data for horizon 3, Test MAE: 12.5317, Test RMSE: 21.3421, Test MAPE: 8.0681
2026-01-27 16:12:51,419 - easytorch-training - INFO - Evaluate best model on test data for horizon 4, Test MAE: 12.8865, Test RMSE: 22.1903, Test MAPE: 8.2754
2026-01-27 16:12:51,421 - easytorch-training - INFO - Evaluate best model on test data for horizon 5, Test MAE: 13.1896, Test RMSE: 22.8569, Test MAPE: 8.5037
2026-01-27 16:12:51,422 - easytorch-training - INFO - Evaluate best model on test data for horizon 6, Test MAE: 13.4699, Test RMSE: 23.4711, Test MAPE: 8.6659
2026-01-27 16:12:51,423 - easytorch-training - INFO - Evaluate best model on test data for horizon 7, Test MAE: 13.7078, Test RMSE: 23.9840, Test MAPE: 8.8230
2026-01-27 16:12:51,424 - easytorch-training - INFO - Evaluate best model on test data for horizon 8, Test MAE: 13.9485, Test RMSE: 24.3984, Test MAPE: 8.9832
2026-01-27 16:12:51,425 - easytorch-training - INFO - Evaluate best model on test data for horizon 9, Test MAE: 14.1313, Test RMSE: 24.7686, Test MAPE: 9.0898
2026-01-27 16:12:51,426 - easytorch-training - INFO - Evaluate best model on test data for horizon 10, Test MAE: 14.3137, Test RMSE: 25.0677, Test MAPE: 9.2408
2026-01-27 16:12:51,427 - easytorch-training - INFO - Evaluate best model on test data for horizon 11, Test MAE: 14.4855, Test RMSE: 25.3572, Test MAPE: 9.3369
2026-01-27 16:12:51,428 - easytorch-training - INFO - Evaluate best model on test data for horizon 12, Test MAE: 14.6835, Test RMSE: 25.6309, Test MAPE: 9.5036
2026-01-27 16:12:51,432 - easytorch-training - INFO - Result <test>: [test_time: 1.85 (s), test_MAE: 13.4219, test_RMSE: 23.2988, test_MAPE: 8.6584]
2026-01-27 16:12:51,576 - easytorch-training - INFO - Checkpoint checkpoints/STMAFNet_300/7a9424dbdf56bedb1aca9acb56518206/STMAFNet_210.pt saved
2026-01-27 16:12:51,590 - easytorch-training - INFO - The estimated training finish time is 2026-01-27 17:18:06
2026-01-27 16:12:51,590 - easytorch-training - INFO - Epoch 211 / 300
2026-01-27 16:13:30,996 - easytorch-training - INFO - Result <train>: [train_time: 39.41 (s), lr: 6.25e-05, train_MAE: 12.5119, train_RMSE: 21.1893, train_MAPE: 8.3626]
2026-01-27 16:13:30,998 - easytorch-training - INFO - Start validation.
2026-01-27 16:13:32,957 - easytorch-training - INFO - Result <val>: [val_time: 1.96 (s), val_MAE: 13.5780, val_RMSE: 23.1604, val_MAPE: 10.7885]
2026-01-27 16:13:34,862 - easytorch-training - INFO - Evaluate best model on test data for horizon 1, Test MAE: 11.6055, Test RMSE: 19.1497, Test MAPE: 7.5591
2026-01-27 16:13:34,864 - easytorch-training - INFO - Evaluate best model on test data for horizon 2, Test MAE: 12.1174, Test RMSE: 20.3745, Test MAPE: 7.9554
2026-01-27 16:13:34,865 - easytorch-training - INFO - Evaluate best model on test data for horizon 3, Test MAE: 12.5243, Test RMSE: 21.3576, Test MAPE: 8.2068
2026-01-27 16:13:34,866 - easytorch-training - INFO - Evaluate best model on test data for horizon 4, Test MAE: 12.8902, Test RMSE: 22.2188, Test MAPE: 8.3428
2026-01-27 16:13:34,867 - easytorch-training - INFO - Evaluate best model on test data for horizon 5, Test MAE: 13.1837, Test RMSE: 22.8850, Test MAPE: 8.5367
2026-01-27 16:13:34,868 - easytorch-training - INFO - Evaluate best model on test data for horizon 6, Test MAE: 13.4569, Test RMSE: 23.4657, Test MAPE: 8.7489
2026-01-27 16:13:34,869 - easytorch-training - INFO - Evaluate best model on test data for horizon 7, Test MAE: 13.7139, Test RMSE: 24.0154, Test MAPE: 8.8848
2026-01-27 16:13:34,870 - easytorch-training - INFO - Evaluate best model on test data for horizon 8, Test MAE: 13.9372, Test RMSE: 24.4208, Test MAPE: 9.0195
2026-01-27 16:13:34,871 - easytorch-training - INFO - Evaluate best model on test data for horizon 9, Test MAE: 14.1625, Test RMSE: 24.8023, Test MAPE: 9.2355
2026-01-27 16:13:34,872 - easytorch-training - INFO - Evaluate best model on test data for horizon 10, Test MAE: 14.3505, Test RMSE: 25.0933, Test MAPE: 9.3038
2026-01-27 16:13:34,873 - easytorch-training - INFO - Evaluate best model on test data for horizon 11, Test MAE: 14.5350, Test RMSE: 25.3699, Test MAPE: 9.4184
2026-01-27 16:13:34,875 - easytorch-training - INFO - Evaluate best model on test data for horizon 12, Test MAE: 14.7050, Test RMSE: 25.6270, Test MAPE: 9.6039
2026-01-27 16:13:34,878 - easytorch-training - INFO - Result <test>: [test_time: 1.87 (s), test_MAE: 13.4318, test_RMSE: 23.3172, test_MAPE: 8.7346]
2026-01-27 16:13:35,021 - easytorch-training - INFO - Checkpoint checkpoints/STMAFNet_300/7a9424dbdf56bedb1aca9acb56518206/STMAFNet_211.pt saved
2026-01-27 16:13:35,022 - easytorch-training - INFO - The estimated training finish time is 2026-01-27 17:18:06
2026-01-27 16:13:35,022 - easytorch-training - INFO - Epoch 212 / 300
2026-01-27 16:14:14,511 - easytorch-training - INFO - Result <train>: [train_time: 39.49 (s), lr: 6.25e-05, train_MAE: 12.5151, train_RMSE: 21.2095, train_MAPE: 8.3605]
2026-01-27 16:14:14,513 - easytorch-training - INFO - Start validation.
2026-01-27 16:14:16,454 - easytorch-training - INFO - Result <val>: [val_time: 1.94 (s), val_MAE: 13.5391, val_RMSE: 23.1221, val_MAPE: 10.8697]
2026-01-27 16:14:18,304 - easytorch-training - INFO - Evaluate best model on test data for horizon 1, Test MAE: 11.5934, Test RMSE: 19.1433, Test MAPE: 7.6114
2026-01-27 16:14:18,306 - easytorch-training - INFO - Evaluate best model on test data for horizon 2, Test MAE: 12.1017, Test RMSE: 20.3648, Test MAPE: 7.9681
2026-01-27 16:14:18,307 - easytorch-training - INFO - Evaluate best model on test data for horizon 3, Test MAE: 12.5074, Test RMSE: 21.3333, Test MAPE: 8.1300
2026-01-27 16:14:18,308 - easytorch-training - INFO - Evaluate best model on test data for horizon 4, Test MAE: 12.8487, Test RMSE: 22.1741, Test MAPE: 8.4027
2026-01-27 16:14:18,309 - easytorch-training - INFO - Evaluate best model on test data for horizon 5, Test MAE: 13.1501, Test RMSE: 22.8342, Test MAPE: 8.4998
2026-01-27 16:14:18,310 - easytorch-training - INFO - Evaluate best model on test data for horizon 6, Test MAE: 13.4173, Test RMSE: 23.4035, Test MAPE: 8.7118
2026-01-27 16:14:18,311 - easytorch-training - INFO - Evaluate best model on test data for horizon 7, Test MAE: 13.6772, Test RMSE: 23.9321, Test MAPE: 8.8879
2026-01-27 16:14:18,312 - easytorch-training - INFO - Evaluate best model on test data for horizon 8, Test MAE: 13.8906, Test RMSE: 24.3069, Test MAPE: 9.0971
2026-01-27 16:14:18,313 - easytorch-training - INFO - Evaluate best model on test data for horizon 9, Test MAE: 14.0860, Test RMSE: 24.6649, Test MAPE: 9.1046
2026-01-27 16:14:18,314 - easytorch-training - INFO - Evaluate best model on test data for horizon 10, Test MAE: 14.2741, Test RMSE: 24.9789, Test MAPE: 9.2642
2026-01-27 16:14:18,315 - easytorch-training - INFO - Evaluate best model on test data for horizon 11, Test MAE: 14.4569, Test RMSE: 25.2845, Test MAPE: 9.3774
2026-01-27 16:14:18,316 - easytorch-training - INFO - Evaluate best model on test data for horizon 12, Test MAE: 14.6528, Test RMSE: 25.5681, Test MAPE: 9.5240
2026-01-27 16:14:18,320 - easytorch-training - INFO - Result <test>: [test_time: 1.86 (s), test_MAE: 13.3880, test_RMSE: 23.2487, test_MAPE: 8.7149]
2026-01-27 16:14:18,465 - easytorch-training - INFO - Checkpoint checkpoints/STMAFNet_300/7a9424dbdf56bedb1aca9acb56518206/STMAFNet_212.pt saved
2026-01-27 16:14:18,466 - easytorch-training - INFO - The estimated training finish time is 2026-01-27 17:18:06
2026-01-27 16:14:18,466 - easytorch-training - INFO - Epoch 213 / 300
2026-01-27 16:14:58,002 - easytorch-training - INFO - Result <train>: [train_time: 39.54 (s), lr: 6.25e-05, train_MAE: 12.5080, train_RMSE: 21.1839, train_MAPE: 8.3608]
2026-01-27 16:14:58,004 - easytorch-training - INFO - Start validation.
2026-01-27 16:14:59,948 - easytorch-training - INFO - Result <val>: [val_time: 1.94 (s), val_MAE: 13.5908, val_RMSE: 23.2087, val_MAPE: 11.0846]
2026-01-27 16:15:01,748 - easytorch-training - INFO - Evaluate best model on test data for horizon 1, Test MAE: 11.6100, Test RMSE: 19.1663, Test MAPE: 7.6960
2026-01-27 16:15:01,749 - easytorch-training - INFO - Evaluate best model on test data for horizon 2, Test MAE: 12.1311, Test RMSE: 20.3994, Test MAPE: 7.9059
2026-01-27 16:15:01,751 - easytorch-training - INFO - Evaluate best model on test data for horizon 3, Test MAE: 12.5485, Test RMSE: 21.3872, Test MAPE: 8.1766
2026-01-27 16:15:01,752 - easytorch-training - INFO - Evaluate best model on test data for horizon 4, Test MAE: 12.9040, Test RMSE: 22.2394, Test MAPE: 8.4399
2026-01-27 16:15:01,753 - easytorch-training - INFO - Evaluate best model on test data for horizon 5, Test MAE: 13.2143, Test RMSE: 22.9517, Test MAPE: 8.6012
2026-01-27 16:15:01,754 - easytorch-training - INFO - Evaluate best model on test data for horizon 6, Test MAE: 13.4928, Test RMSE: 23.5490, Test MAPE: 8.8586
2026-01-27 16:15:01,755 - easytorch-training - INFO - Evaluate best model on test data for horizon 7, Test MAE: 13.7438, Test RMSE: 24.0838, Test MAPE: 9.0717
2026-01-27 16:15:01,756 - easytorch-training - INFO - Evaluate best model on test data for horizon 8, Test MAE: 13.9818, Test RMSE: 24.5307, Test MAPE: 9.0391
2026-01-27 16:15:01,757 - easytorch-training - INFO - Evaluate best model on test data for horizon 9, Test MAE: 14.1855, Test RMSE: 24.8956, Test MAPE: 9.2479
2026-01-27 16:15:01,758 - easytorch-training - INFO - Evaluate best model on test data for horizon 10, Test MAE: 14.3760, Test RMSE: 25.1862, Test MAPE: 9.4665
2026-01-27 16:15:01,760 - easytorch-training - INFO - Evaluate best model on test data for horizon 11, Test MAE: 14.5418, Test RMSE: 25.4830, Test MAPE: 9.4865
2026-01-27 16:15:01,761 - easytorch-training - INFO - Evaluate best model on test data for horizon 12, Test MAE: 14.7293, Test RMSE: 25.7494, Test MAPE: 9.6845
2026-01-27 16:15:01,765 - easytorch-training - INFO - Result <test>: [test_time: 1.81 (s), test_MAE: 13.4549, test_RMSE: 23.3901, test_MAPE: 8.8062]
2026-01-27 16:15:01,909 - easytorch-training - INFO - Checkpoint checkpoints/STMAFNet_300/7a9424dbdf56bedb1aca9acb56518206/STMAFNet_213.pt saved
2026-01-27 16:15:01,909 - easytorch-training - INFO - The estimated training finish time is 2026-01-27 17:18:06
2026-01-27 16:15:01,909 - easytorch-training - INFO - Epoch 214 / 300
2026-01-27 16:15:41,653 - easytorch-training - INFO - Result <train>: [train_time: 39.74 (s), lr: 6.25e-05, train_MAE: 12.5060, train_RMSE: 21.1928, train_MAPE: 8.3602]
2026-01-27 16:15:41,654 - easytorch-training - INFO - Start validation.
2026-01-27 16:15:43,640 - easytorch-training - INFO - Result <val>: [val_time: 1.99 (s), val_MAE: 13.5858, val_RMSE: 23.2201, val_MAPE: 10.9341]
2026-01-27 16:15:45,438 - easytorch-training - INFO - Evaluate best model on test data for horizon 1, Test MAE: 11.6030, Test RMSE: 19.1695, Test MAPE: 7.5565
2026-01-27 16:15:45,439 - easytorch-training - INFO - Evaluate best model on test data for horizon 2, Test MAE: 12.1332, Test RMSE: 20.4158, Test MAPE: 7.8181
2026-01-27 16:15:45,440 - easytorch-training - INFO - Evaluate best model on test data for horizon 3, Test MAE: 12.5477, Test RMSE: 21.4188, Test MAPE: 8.0574
2026-01-27 16:15:45,441 - easytorch-training - INFO - Evaluate best model on test data for horizon 4, Test MAE: 12.9106, Test RMSE: 22.2520, Test MAPE: 8.2674
2026-01-27 16:15:45,442 - easytorch-training - INFO - Evaluate best model on test data for horizon 5, Test MAE: 13.2084, Test RMSE: 22.9295, Test MAPE: 8.4595
2026-01-27 16:15:45,443 - easytorch-training - INFO - Evaluate best model on test data for horizon 6, Test MAE: 13.4812, Test RMSE: 23.5332, Test MAPE: 8.6610
2026-01-27 16:15:45,445 - easytorch-training - INFO - Evaluate best model on test data for horizon 7, Test MAE: 13.7116, Test RMSE: 24.0327, Test MAPE: 8.7946
2026-01-27 16:15:45,446 - easytorch-training - INFO - Evaluate best model on test data for horizon 8, Test MAE: 13.9594, Test RMSE: 24.4840, Test MAPE: 8.9618
2026-01-27 16:15:45,447 - easytorch-training - INFO - Evaluate best model on test data for horizon 9, Test MAE: 14.1558, Test RMSE: 24.8759, Test MAPE: 9.0749
2026-01-27 16:15:45,448 - easytorch-training - INFO - Evaluate best model on test data for horizon 10, Test MAE: 14.3349, Test RMSE: 25.1854, Test MAPE: 9.2153
2026-01-27 16:15:45,449 - easytorch-training - INFO - Evaluate best model on test data for horizon 11, Test MAE: 14.4910, Test RMSE: 25.4287, Test MAPE: 9.3626
2026-01-27 16:15:45,450 - easytorch-training - INFO - Evaluate best model on test data for horizon 12, Test MAE: 14.6742, Test RMSE: 25.6710, Test MAPE: 9.5004
2026-01-27 16:15:45,454 - easytorch-training - INFO - Result <test>: [test_time: 1.81 (s), test_MAE: 13.4342, test_RMSE: 23.3694, test_MAPE: 8.6441]
2026-01-27 16:15:45,599 - easytorch-training - INFO - Checkpoint checkpoints/STMAFNet_300/7a9424dbdf56bedb1aca9acb56518206/STMAFNet_214.pt saved
2026-01-27 16:15:45,600 - easytorch-training - INFO - The estimated training finish time is 2026-01-27 17:18:06
2026-01-27 16:15:45,600 - easytorch-training - INFO - Epoch 215 / 300
2026-01-27 16:16:25,164 - easytorch-training - INFO - Result <train>: [train_time: 39.56 (s), lr: 6.25e-05, train_MAE: 12.5057, train_RMSE: 21.1854, train_MAPE: 8.3557]
2026-01-27 16:16:25,166 - easytorch-training - INFO - Start validation.
2026-01-27 16:16:27,123 - easytorch-training - INFO - Result <val>: [val_time: 1.96 (s), val_MAE: 13.6161, val_RMSE: 23.2191, val_MAPE: 10.9756]
2026-01-27 16:16:28,953 - easytorch-training - INFO - Evaluate best model on test data for horizon 1, Test MAE: 11.6042, Test RMSE: 19.1552, Test MAPE: 7.5218
2026-01-27 16:16:28,955 - easytorch-training - INFO - Evaluate best model on test data for horizon 2, Test MAE: 12.1297, Test RMSE: 20.3620, Test MAPE: 7.8321
2026-01-27 16:16:28,956 - easytorch-training - INFO - Evaluate best model on test data for horizon 3, Test MAE: 12.5351, Test RMSE: 21.3336, Test MAPE: 8.0526
2026-01-27 16:16:28,957 - easytorch-training - INFO - Evaluate best model on test data for horizon 4, Test MAE: 12.9215, Test RMSE: 22.1819, Test MAPE: 8.2874
2026-01-27 16:16:28,958 - easytorch-training - INFO - Evaluate best model on test data for horizon 5, Test MAE: 13.2131, Test RMSE: 22.8724, Test MAPE: 8.4855
2026-01-27 16:16:28,959 - easytorch-training - INFO - Evaluate best model on test data for horizon 6, Test MAE: 13.4949, Test RMSE: 23.4819, Test MAPE: 8.6716
2026-01-27 16:16:28,960 - easytorch-training - INFO - Evaluate best model on test data for horizon 7, Test MAE: 13.7451, Test RMSE: 24.0367, Test MAPE: 8.8402
2026-01-27 16:16:28,961 - easytorch-training - INFO - Evaluate best model on test data for horizon 8, Test MAE: 13.9990, Test RMSE: 24.4536, Test MAPE: 9.0420
2026-01-27 16:16:28,962 - easytorch-training - INFO - Evaluate best model on test data for horizon 9, Test MAE: 14.1860, Test RMSE: 24.8206, Test MAPE: 9.1507
2026-01-27 16:16:28,963 - easytorch-training - INFO - Evaluate best model on test data for horizon 10, Test MAE: 14.3633, Test RMSE: 25.1247, Test MAPE: 9.2705
2026-01-27 16:16:28,965 - easytorch-training - INFO - Evaluate best model on test data for horizon 11, Test MAE: 14.5278, Test RMSE: 25.3842, Test MAPE: 9.4197
2026-01-27 16:16:28,966 - easytorch-training - INFO - Evaluate best model on test data for horizon 12, Test MAE: 14.7111, Test RMSE: 25.6470, Test MAPE: 9.5357
2026-01-27 16:16:28,969 - easytorch-training - INFO - Result <test>: [test_time: 1.85 (s), test_MAE: 13.4526, test_RMSE: 23.3245, test_MAPE: 8.6758]
2026-01-27 16:16:29,114 - easytorch-training - INFO - Checkpoint checkpoints/STMAFNet_300/7a9424dbdf56bedb1aca9acb56518206/STMAFNet_215.pt saved
2026-01-27 16:16:29,115 - easytorch-training - INFO - The estimated training finish time is 2026-01-27 17:18:06
2026-01-27 16:16:29,115 - easytorch-training - INFO - Epoch 216 / 300
2026-01-27 16:17:08,740 - easytorch-training - INFO - Result <train>: [train_time: 39.62 (s), lr: 6.25e-05, train_MAE: 12.5032, train_RMSE: 21.1883, train_MAPE: 8.3499]
2026-01-27 16:17:08,741 - easytorch-training - INFO - Start validation.
2026-01-27 16:17:10,693 - easytorch-training - INFO - Result <val>: [val_time: 1.95 (s), val_MAE: 13.6060, val_RMSE: 23.2057, val_MAPE: 10.7652]
2026-01-27 16:17:12,523 - easytorch-training - INFO - Evaluate best model on test data for horizon 1, Test MAE: 11.6216, Test RMSE: 19.1634, Test MAPE: 7.6555
2026-01-27 16:17:12,525 - easytorch-training - INFO - Evaluate best model on test data for horizon 2, Test MAE: 12.1436, Test RMSE: 20.4143, Test MAPE: 7.8149
2026-01-27 16:17:12,526 - easytorch-training - INFO - Evaluate best model on test data for horizon 3, Test MAE: 12.5653, Test RMSE: 21.4333, Test MAPE: 8.0875
2026-01-27 16:17:12,527 - easytorch-training - INFO - Evaluate best model on test data for horizon 4, Test MAE: 12.9308, Test RMSE: 22.2715, Test MAPE: 8.5574
2026-01-27 16:17:12,528 - easytorch-training - INFO - Evaluate best model on test data for horizon 5, Test MAE: 13.2000, Test RMSE: 22.9520, Test MAPE: 8.5022
2026-01-27 16:17:12,529 - easytorch-training - INFO - Evaluate best model on test data for horizon 6, Test MAE: 13.4714, Test RMSE: 23.5283, Test MAPE: 8.6913
2026-01-27 16:17:12,530 - easytorch-training - INFO - Evaluate best model on test data for horizon 7, Test MAE: 13.7184, Test RMSE: 24.0427, Test MAPE: 8.8641
2026-01-27 16:17:12,531 - easytorch-training - INFO - Evaluate best model on test data for horizon 8, Test MAE: 13.9503, Test RMSE: 24.5012, Test MAPE: 8.9770
2026-01-27 16:17:12,532 - easytorch-training - INFO - Evaluate best model on test data for horizon 9, Test MAE: 14.1639, Test RMSE: 24.8815, Test MAPE: 9.1564
2026-01-27 16:17:12,533 - easytorch-training - INFO - Evaluate best model on test data for horizon 10, Test MAE: 14.3314, Test RMSE: 25.1751, Test MAPE: 9.3798
2026-01-27 16:17:12,535 - easytorch-training - INFO - Evaluate best model on test data for horizon 11, Test MAE: 14.4904, Test RMSE: 25.4130, Test MAPE: 9.4393
2026-01-27 16:17:12,536 - easytorch-training - INFO - Evaluate best model on test data for horizon 12, Test MAE: 14.7070, Test RMSE: 25.7016, Test MAPE: 9.7387
2026-01-27 16:17:12,539 - easytorch-training - INFO - Result <test>: [test_time: 1.84 (s), test_MAE: 13.4412, test_RMSE: 23.3762, test_MAPE: 8.7387]
2026-01-27 16:17:12,684 - easytorch-training - INFO - Checkpoint checkpoints/STMAFNet_300/7a9424dbdf56bedb1aca9acb56518206/STMAFNet_216.pt saved
2026-01-27 16:17:12,685 - easytorch-training - INFO - The estimated training finish time is 2026-01-27 17:18:06
2026-01-27 16:17:12,685 - easytorch-training - INFO - Epoch 217 / 300
2026-01-27 16:17:51,933 - easytorch-training - INFO - Result <train>: [train_time: 39.25 (s), lr: 6.25e-05, train_MAE: 12.4976, train_RMSE: 21.1648, train_MAPE: 8.3482]
2026-01-27 16:17:51,935 - easytorch-training - INFO - Start validation.
2026-01-27 16:17:53,870 - easytorch-training - INFO - Result <val>: [val_time: 1.93 (s), val_MAE: 13.5742, val_RMSE: 23.1964, val_MAPE: 10.9851]
2026-01-27 16:17:55,721 - easytorch-training - INFO - Evaluate best model on test data for horizon 1, Test MAE: 11.5988, Test RMSE: 19.1464, Test MAPE: 7.4994
2026-01-27 16:17:55,722 - easytorch-training - INFO - Evaluate best model on test data for horizon 2, Test MAE: 12.1147, Test RMSE: 20.3793, Test MAPE: 7.8558
2026-01-27 16:17:55,723 - easytorch-training - INFO - Evaluate best model on test data for horizon 3, Test MAE: 12.5005, Test RMSE: 21.3526, Test MAPE: 8.0370
2026-01-27 16:17:55,725 - easytorch-training - INFO - Evaluate best model on test data for horizon 4, Test MAE: 12.8689, Test RMSE: 22.2122, Test MAPE: 8.2786
2026-01-27 16:17:55,726 - easytorch-training - INFO - Evaluate best model on test data for horizon 5, Test MAE: 13.1925, Test RMSE: 22.9233, Test MAPE: 8.4678
2026-01-27 16:17:55,727 - easytorch-training - INFO - Evaluate best model on test data for horizon 6, Test MAE: 13.4412, Test RMSE: 23.5042, Test MAPE: 8.6514
2026-01-27 16:17:55,728 - easytorch-training - INFO - Evaluate best model on test data for horizon 7, Test MAE: 13.7032, Test RMSE: 24.0430, Test MAPE: 8.7851
2026-01-27 16:17:55,729 - easytorch-training - INFO - Evaluate best model on test data for horizon 8, Test MAE: 13.9394, Test RMSE: 24.4609, Test MAPE: 8.9915
2026-01-27 16:17:55,730 - easytorch-training - INFO - Evaluate best model on test data for horizon 9, Test MAE: 14.1351, Test RMSE: 24.8283, Test MAPE: 9.0838
2026-01-27 16:17:55,731 - easytorch-training - INFO - Evaluate best model on test data for horizon 10, Test MAE: 14.2976, Test RMSE: 25.1048, Test MAPE: 9.2339
2026-01-27 16:17:55,732 - easytorch-training - INFO - Evaluate best model on test data for horizon 11, Test MAE: 14.4742, Test RMSE: 25.3738, Test MAPE: 9.3354
2026-01-27 16:17:55,733 - easytorch-training - INFO - Evaluate best model on test data for horizon 12, Test MAE: 14.6608, Test RMSE: 25.6373, Test MAPE: 9.4929
2026-01-27 16:17:55,737 - easytorch-training - INFO - Result <test>: [test_time: 1.87 (s), test_MAE: 13.4106, test_RMSE: 23.3333, test_MAPE: 8.6427]
2026-01-27 16:17:55,882 - easytorch-training - INFO - Checkpoint checkpoints/STMAFNet_300/7a9424dbdf56bedb1aca9acb56518206/STMAFNet_217.pt saved
2026-01-27 16:17:55,883 - easytorch-training - INFO - The estimated training finish time is 2026-01-27 17:18:06
2026-01-27 16:17:55,883 - easytorch-training - INFO - Epoch 218 / 300
2026-01-27 16:18:34,818 - easytorch-training - INFO - Result <train>: [train_time: 38.94 (s), lr: 6.25e-05, train_MAE: 12.4944, train_RMSE: 21.1741, train_MAPE: 8.3505]
2026-01-27 16:18:34,820 - easytorch-training - INFO - Start validation.
2026-01-27 16:18:36,770 - easytorch-training - INFO - Result <val>: [val_time: 1.95 (s), val_MAE: 13.5708, val_RMSE: 23.1839, val_MAPE: 10.7023]
2026-01-27 16:18:38,617 - easytorch-training - INFO - Evaluate best model on test data for horizon 1, Test MAE: 11.6212, Test RMSE: 19.1607, Test MAPE: 7.5491
2026-01-27 16:18:38,618 - easytorch-training - INFO - Evaluate best model on test data for horizon 2, Test MAE: 12.1321, Test RMSE: 20.3849, Test MAPE: 7.9384
2026-01-27 16:18:38,619 - easytorch-training - INFO - Evaluate best model on test data for horizon 3, Test MAE: 12.5331, Test RMSE: 21.3895, Test MAPE: 8.0654
2026-01-27 16:18:38,620 - easytorch-training - INFO - Evaluate best model on test data for horizon 4, Test MAE: 12.9277, Test RMSE: 22.2246, Test MAPE: 8.3580
2026-01-27 16:18:38,622 - easytorch-training - INFO - Evaluate best model on test data for horizon 5, Test MAE: 13.2040, Test RMSE: 22.9278, Test MAPE: 8.5714
2026-01-27 16:18:38,623 - easytorch-training - INFO - Evaluate best model on test data for horizon 6, Test MAE: 13.4750, Test RMSE: 23.5029, Test MAPE: 8.7537
2026-01-27 16:18:38,624 - easytorch-training - INFO - Evaluate best model on test data for horizon 7, Test MAE: 13.7331, Test RMSE: 24.0301, Test MAPE: 8.8846
2026-01-27 16:18:38,625 - easytorch-training - INFO - Evaluate best model on test data for horizon 8, Test MAE: 13.9399, Test RMSE: 24.4642, Test MAPE: 9.0499
2026-01-27 16:18:38,626 - easytorch-training - INFO - Evaluate best model on test data for horizon 9, Test MAE: 14.1479, Test RMSE: 24.8634, Test MAPE: 9.1142
2026-01-27 16:18:38,627 - easytorch-training - INFO - Evaluate best model on test data for horizon 10, Test MAE: 14.3067, Test RMSE: 25.1399, Test MAPE: 9.2405
2026-01-27 16:18:38,629 - easytorch-training - INFO - Evaluate best model on test data for horizon 11, Test MAE: 14.4876, Test RMSE: 25.4306, Test MAPE: 9.3843
2026-01-27 16:18:38,630 - easytorch-training - INFO - Evaluate best model on test data for horizon 12, Test MAE: 14.6824, Test RMSE: 25.7127, Test MAPE: 9.4383
2026-01-27 16:18:38,634 - easytorch-training - INFO - Result <test>: [test_time: 1.86 (s), test_MAE: 13.4326, test_RMSE: 23.3563, test_MAPE: 8.6957]
2026-01-27 16:18:38,794 - easytorch-training - INFO - Checkpoint checkpoints/STMAFNet_300/7a9424dbdf56bedb1aca9acb56518206/STMAFNet_218.pt saved
2026-01-27 16:18:38,794 - easytorch-training - INFO - The estimated training finish time is 2026-01-27 17:18:05
2026-01-27 16:18:38,794 - easytorch-training - INFO - Epoch 219 / 300
2026-01-27 16:19:18,373 - easytorch-training - INFO - Result <train>: [train_time: 39.58 (s), lr: 6.25e-05, train_MAE: 12.4865, train_RMSE: 21.1595, train_MAPE: 8.3458]
2026-01-27 16:19:18,375 - easytorch-training - INFO - Start validation.
2026-01-27 16:19:20,292 - easytorch-training - INFO - Result <val>: [val_time: 1.92 (s), val_MAE: 13.5815, val_RMSE: 23.1885, val_MAPE: 10.6923]
2026-01-27 16:19:22,089 - easytorch-training - INFO - Evaluate best model on test data for horizon 1, Test MAE: 11.6022, Test RMSE: 19.1664, Test MAPE: 7.5325
2026-01-27 16:19:22,090 - easytorch-training - INFO - Evaluate best model on test data for horizon 2, Test MAE: 12.1229, Test RMSE: 20.3963, Test MAPE: 7.8491
2026-01-27 16:19:22,091 - easytorch-training - INFO - Evaluate best model on test data for horizon 3, Test MAE: 12.5491, Test RMSE: 21.4067, Test MAPE: 8.0691
2026-01-27 16:19:22,092 - easytorch-training - INFO - Evaluate best model on test data for horizon 4, Test MAE: 12.9018, Test RMSE: 22.2413, Test MAPE: 8.3036
2026-01-27 16:19:22,093 - easytorch-training - INFO - Evaluate best model on test data for horizon 5, Test MAE: 13.1969, Test RMSE: 22.9225, Test MAPE: 8.4969
2026-01-27 16:19:22,095 - easytorch-training - INFO - Evaluate best model on test data for horizon 6, Test MAE: 13.4678, Test RMSE: 23.5120, Test MAPE: 8.6331
2026-01-27 16:19:22,096 - easytorch-training - INFO - Evaluate best model on test data for horizon 7, Test MAE: 13.7445, Test RMSE: 24.0846, Test MAPE: 8.8037
2026-01-27 16:19:22,097 - easytorch-training - INFO - Evaluate best model on test data for horizon 8, Test MAE: 13.9723, Test RMSE: 24.4873, Test MAPE: 8.9708
2026-01-27 16:19:22,098 - easytorch-training - INFO - Evaluate best model on test data for horizon 9, Test MAE: 14.1630, Test RMSE: 24.8370, Test MAPE: 9.0985
2026-01-27 16:19:22,099 - easytorch-training - INFO - Evaluate best model on test data for horizon 10, Test MAE: 14.3296, Test RMSE: 25.1149, Test MAPE: 9.2241
2026-01-27 16:19:22,100 - easytorch-training - INFO - Evaluate best model on test data for horizon 11, Test MAE: 14.5040, Test RMSE: 25.4073, Test MAPE: 9.3508
2026-01-27 16:19:22,101 - easytorch-training - INFO - Evaluate best model on test data for horizon 12, Test MAE: 14.6848, Test RMSE: 25.6563, Test MAPE: 9.4983
2026-01-27 16:19:22,105 - easytorch-training - INFO - Result <test>: [test_time: 1.81 (s), test_MAE: 13.4366, test_RMSE: 23.3553, test_MAPE: 8.6525]
2026-01-27 16:19:22,250 - easytorch-training - INFO - Checkpoint checkpoints/STMAFNet_300/7a9424dbdf56bedb1aca9acb56518206/STMAFNet_219.pt saved
2026-01-27 16:19:22,251 - easytorch-training - INFO - The estimated training finish time is 2026-01-27 17:18:05
2026-01-27 16:19:22,251 - easytorch-training - INFO - Epoch 220 / 300
2026-01-27 16:20:01,308 - easytorch-training - INFO - Result <train>: [train_time: 39.06 (s), lr: 6.25e-05, train_MAE: 12.4894, train_RMSE: 21.1601, train_MAPE: 8.3509]
2026-01-27 16:20:01,309 - easytorch-training - INFO - Start validation.
2026-01-27 16:20:03,243 - easytorch-training - INFO - Result <val>: [val_time: 1.93 (s), val_MAE: 13.6042, val_RMSE: 23.2072, val_MAPE: 10.8102]
2026-01-27 16:20:05,085 - easytorch-training - INFO - Evaluate best model on test data for horizon 1, Test MAE: 11.5957, Test RMSE: 19.1692, Test MAPE: 7.5839
2026-01-27 16:20:05,087 - easytorch-training - INFO - Evaluate best model on test data for horizon 2, Test MAE: 12.1564, Test RMSE: 20.4462, Test MAPE: 8.0176
2026-01-27 16:20:05,088 - easytorch-training - INFO - Evaluate best model on test data for horizon 3, Test MAE: 12.5736, Test RMSE: 21.4685, Test MAPE: 8.1771
2026-01-27 16:20:05,089 - easytorch-training - INFO - Evaluate best model on test data for horizon 4, Test MAE: 12.9612, Test RMSE: 22.3133, Test MAPE: 8.5530
2026-01-27 16:20:05,090 - easytorch-training - INFO - Evaluate best model on test data for horizon 5, Test MAE: 13.2697, Test RMSE: 23.0187, Test MAPE: 8.7593
2026-01-27 16:20:05,091 - easytorch-training - INFO - Evaluate best model on test data for horizon 6, Test MAE: 13.5269, Test RMSE: 23.5774, Test MAPE: 8.7338
2026-01-27 16:20:05,092 - easytorch-training - INFO - Evaluate best model on test data for horizon 7, Test MAE: 13.7586, Test RMSE: 24.1137, Test MAPE: 8.8716
2026-01-27 16:20:05,093 - easytorch-training - INFO - Evaluate best model on test data for horizon 8, Test MAE: 14.0130, Test RMSE: 24.5381, Test MAPE: 8.9986
2026-01-27 16:20:05,094 - easytorch-training - INFO - Evaluate best model on test data for horizon 9, Test MAE: 14.2034, Test RMSE: 24.9174, Test MAPE: 9.1119
2026-01-27 16:20:05,095 - easytorch-training - INFO - Evaluate best model on test data for horizon 10, Test MAE: 14.3714, Test RMSE: 25.1992, Test MAPE: 9.3689
2026-01-27 16:20:05,096 - easytorch-training - INFO - Evaluate best model on test data for horizon 11, Test MAE: 14.5319, Test RMSE: 25.4462, Test MAPE: 9.3929
2026-01-27 16:20:05,098 - easytorch-training - INFO - Evaluate best model on test data for horizon 12, Test MAE: 14.7301, Test RMSE: 25.7289, Test MAPE: 9.5545
2026-01-27 16:20:05,101 - easytorch-training - INFO - Result <test>: [test_time: 1.86 (s), test_MAE: 13.4743, test_RMSE: 23.4147, test_MAPE: 8.7603]
2026-01-27 16:20:05,248 - easytorch-training - INFO - Checkpoint checkpoints/STMAFNet_300/7a9424dbdf56bedb1aca9acb56518206/STMAFNet_220.pt saved
2026-01-27 16:20:05,261 - easytorch-training - INFO - The estimated training finish time is 2026-01-27 17:18:05
2026-01-27 16:20:05,261 - easytorch-training - INFO - Epoch 221 / 300
2026-01-27 16:20:44,977 - easytorch-training - INFO - Result <train>: [train_time: 39.72 (s), lr: 6.25e-05, train_MAE: 12.4872, train_RMSE: 21.1652, train_MAPE: 8.3455]
2026-01-27 16:20:44,979 - easytorch-training - INFO - Start validation.
2026-01-27 16:20:46,925 - easytorch-training - INFO - Result <val>: [val_time: 1.95 (s), val_MAE: 13.5674, val_RMSE: 23.1507, val_MAPE: 10.8505]
2026-01-27 16:20:48,767 - easytorch-training - INFO - Evaluate best model on test data for horizon 1, Test MAE: 11.6009, Test RMSE: 19.1231, Test MAPE: 7.8962
2026-01-27 16:20:48,769 - easytorch-training - INFO - Evaluate best model on test data for horizon 2, Test MAE: 12.1083, Test RMSE: 20.3410, Test MAPE: 7.9900
2026-01-27 16:20:48,770 - easytorch-training - INFO - Evaluate best model on test data for horizon 3, Test MAE: 12.5189, Test RMSE: 21.2861, Test MAPE: 8.3249
2026-01-27 16:20:48,771 - easytorch-training - INFO - Evaluate best model on test data for horizon 4, Test MAE: 12.8655, Test RMSE: 22.1221, Test MAPE: 8.3259
2026-01-27 16:20:48,772 - easytorch-training - INFO - Evaluate best model on test data for horizon 5, Test MAE: 13.1757, Test RMSE: 22.8362, Test MAPE: 8.5504
2026-01-27 16:20:48,773 - easytorch-training - INFO - Evaluate best model on test data for horizon 6, Test MAE: 13.4356, Test RMSE: 23.4202, Test MAPE: 8.6738
2026-01-27 16:20:48,774 - easytorch-training - INFO - Evaluate best model on test data for horizon 7, Test MAE: 13.6763, Test RMSE: 23.9536, Test MAPE: 8.8051
2026-01-27 16:20:48,775 - easytorch-training - INFO - Evaluate best model on test data for horizon 8, Test MAE: 13.9098, Test RMSE: 24.3844, Test MAPE: 8.9406
2026-01-27 16:20:48,776 - easytorch-training - INFO - Evaluate best model on test data for horizon 9, Test MAE: 14.1326, Test RMSE: 24.7769, Test MAPE: 9.0886
2026-01-27 16:20:48,777 - easytorch-training - INFO - Evaluate best model on test data for horizon 10, Test MAE: 14.3011, Test RMSE: 25.0634, Test MAPE: 9.2885
2026-01-27 16:20:48,779 - easytorch-training - INFO - Evaluate best model on test data for horizon 11, Test MAE: 14.4726, Test RMSE: 25.3522, Test MAPE: 9.3522
2026-01-27 16:20:48,780 - easytorch-training - INFO - Evaluate best model on test data for horizon 12, Test MAE: 14.6820, Test RMSE: 25.6165, Test MAPE: 9.5383
2026-01-27 16:20:48,783 - easytorch-training - INFO - Result <test>: [test_time: 1.86 (s), test_MAE: 13.4066, test_RMSE: 23.2761, test_MAPE: 8.7312]
2026-01-27 16:20:48,928 - easytorch-training - INFO - Checkpoint checkpoints/STMAFNet_300/7a9424dbdf56bedb1aca9acb56518206/STMAFNet_221.pt saved
2026-01-27 16:20:48,929 - easytorch-training - INFO - The estimated training finish time is 2026-01-27 17:18:05
2026-01-27 16:20:48,929 - easytorch-training - INFO - Epoch 222 / 300
2026-01-27 16:21:28,182 - easytorch-training - INFO - Result <train>: [train_time: 39.25 (s), lr: 6.25e-05, train_MAE: 12.4878, train_RMSE: 21.1674, train_MAPE: 8.3385]
2026-01-27 16:21:28,183 - easytorch-training - INFO - Start validation.
2026-01-27 16:21:30,267 - easytorch-training - INFO - Result <val>: [val_time: 2.08 (s), val_MAE: 13.5702, val_RMSE: 23.1829, val_MAPE: 10.9013]
2026-01-27 16:21:32,158 - easytorch-training - INFO - Evaluate best model on test data for horizon 1, Test MAE: 11.6112, Test RMSE: 19.1693, Test MAPE: 7.6652
2026-01-27 16:21:32,159 - easytorch-training - INFO - Evaluate best model on test data for horizon 2, Test MAE: 12.1447, Test RMSE: 20.4283, Test MAPE: 8.0565
2026-01-27 16:21:32,160 - easytorch-training - INFO - Evaluate best model on test data for horizon 3, Test MAE: 12.5488, Test RMSE: 21.4097, Test MAPE: 8.3187
2026-01-27 16:21:32,162 - easytorch-training - INFO - Evaluate best model on test data for horizon 4, Test MAE: 12.9217, Test RMSE: 22.2546, Test MAPE: 8.5860
2026-01-27 16:21:32,163 - easytorch-training - INFO - Evaluate best model on test data for horizon 5, Test MAE: 13.2198, Test RMSE: 22.9342, Test MAPE: 8.7509
2026-01-27 16:21:32,164 - easytorch-training - INFO - Evaluate best model on test data for horizon 6, Test MAE: 13.4817, Test RMSE: 23.5038, Test MAPE: 8.9623
2026-01-27 16:21:32,166 - easytorch-training - INFO - Evaluate best model on test data for horizon 7, Test MAE: 13.7227, Test RMSE: 24.0203, Test MAPE: 9.0685
2026-01-27 16:21:32,167 - easytorch-training - INFO - Evaluate best model on test data for horizon 8, Test MAE: 13.9482, Test RMSE: 24.4517, Test MAPE: 9.1208
2026-01-27 16:21:32,168 - easytorch-training - INFO - Evaluate best model on test data for horizon 9, Test MAE: 14.1541, Test RMSE: 24.8498, Test MAPE: 9.2912
2026-01-27 16:21:32,169 - easytorch-training - INFO - Evaluate best model on test data for horizon 10, Test MAE: 14.3490, Test RMSE: 25.1717, Test MAPE: 9.3372
2026-01-27 16:21:32,171 - easytorch-training - INFO - Evaluate best model on test data for horizon 11, Test MAE: 14.5380, Test RMSE: 25.4297, Test MAPE: 9.6913
2026-01-27 16:21:32,172 - easytorch-training - INFO - Evaluate best model on test data for horizon 12, Test MAE: 14.7343, Test RMSE: 25.7741, Test MAPE: 9.5712
2026-01-27 16:21:32,176 - easytorch-training - INFO - Result <test>: [test_time: 1.91 (s), test_MAE: 13.4478, test_RMSE: 23.3698, test_MAPE: 8.8683]
2026-01-27 16:21:32,332 - easytorch-training - INFO - Checkpoint checkpoints/STMAFNet_300/7a9424dbdf56bedb1aca9acb56518206/STMAFNet_222.pt saved
2026-01-27 16:21:32,332 - easytorch-training - INFO - The estimated training finish time is 2026-01-27 17:18:05
2026-01-27 16:21:32,332 - easytorch-training - INFO - Epoch 223 / 300
2026-01-27 16:22:11,905 - easytorch-training - INFO - Result <train>: [train_time: 39.57 (s), lr: 6.25e-05, train_MAE: 12.4784, train_RMSE: 21.1477, train_MAPE: 8.3408]
2026-01-27 16:22:11,907 - easytorch-training - INFO - Start validation.
2026-01-27 16:22:13,856 - easytorch-training - INFO - Result <val>: [val_time: 1.95 (s), val_MAE: 13.5610, val_RMSE: 23.1342, val_MAPE: 10.6996]
2026-01-27 16:22:15,681 - easytorch-training - INFO - Evaluate best model on test data for horizon 1, Test MAE: 11.6011, Test RMSE: 19.1553, Test MAPE: 7.5900
2026-01-27 16:22:15,682 - easytorch-training - INFO - Evaluate best model on test data for horizon 2, Test MAE: 12.1295, Test RMSE: 20.3852, Test MAPE: 7.9881
2026-01-27 16:22:15,683 - easytorch-training - INFO - Evaluate best model on test data for horizon 3, Test MAE: 12.5427, Test RMSE: 21.3746, Test MAPE: 8.1713
2026-01-27 16:22:15,684 - easytorch-training - INFO - Evaluate best model on test data for horizon 4, Test MAE: 12.8913, Test RMSE: 22.2359, Test MAPE: 8.2872
2026-01-27 16:22:15,685 - easytorch-training - INFO - Evaluate best model on test data for horizon 5, Test MAE: 13.1954, Test RMSE: 22.9148, Test MAPE: 8.5306
2026-01-27 16:22:15,687 - easytorch-training - INFO - Evaluate best model on test data for horizon 6, Test MAE: 13.4702, Test RMSE: 23.4869, Test MAPE: 8.6738
2026-01-27 16:22:15,688 - easytorch-training - INFO - Evaluate best model on test data for horizon 7, Test MAE: 13.7152, Test RMSE: 24.0125, Test MAPE: 8.7999
2026-01-27 16:22:15,689 - easytorch-training - INFO - Evaluate best model on test data for horizon 8, Test MAE: 13.9509, Test RMSE: 24.4397, Test MAPE: 8.9602
2026-01-27 16:22:15,690 - easytorch-training - INFO - Evaluate best model on test data for horizon 9, Test MAE: 14.1558, Test RMSE: 24.8439, Test MAPE: 9.1717
2026-01-27 16:22:15,691 - easytorch-training - INFO - Evaluate best model on test data for horizon 10, Test MAE: 14.3343, Test RMSE: 25.1054, Test MAPE: 9.3276
2026-01-27 16:22:15,692 - easytorch-training - INFO - Evaluate best model on test data for horizon 11, Test MAE: 14.5035, Test RMSE: 25.3904, Test MAPE: 9.3098
2026-01-27 16:22:15,693 - easytorch-training - INFO - Evaluate best model on test data for horizon 12, Test MAE: 14.6924, Test RMSE: 25.6488, Test MAPE: 9.5036
2026-01-27 16:22:15,697 - easytorch-training - INFO - Result <test>: [test_time: 1.84 (s), test_MAE: 13.4318, test_RMSE: 23.3353, test_MAPE: 8.6928]
2026-01-27 16:22:15,840 - easytorch-training - INFO - Checkpoint checkpoints/STMAFNet_300/7a9424dbdf56bedb1aca9acb56518206/STMAFNet_223.pt saved
2026-01-27 16:22:15,840 - easytorch-training - INFO - The estimated training finish time is 2026-01-27 17:18:05
2026-01-27 16:22:15,841 - easytorch-training - INFO - Epoch 224 / 300
2026-01-27 16:22:54,694 - easytorch-training - INFO - Result <train>: [train_time: 38.85 (s), lr: 6.25e-05, train_MAE: 12.4769, train_RMSE: 21.1439, train_MAPE: 8.3436]
2026-01-27 16:22:54,696 - easytorch-training - INFO - Start validation.
2026-01-27 16:22:56,641 - easytorch-training - INFO - Result <val>: [val_time: 1.94 (s), val_MAE: 13.5580, val_RMSE: 23.1480, val_MAPE: 10.7830]
2026-01-27 16:22:58,485 - easytorch-training - INFO - Evaluate best model on test data for horizon 1, Test MAE: 11.5930, Test RMSE: 19.1575, Test MAPE: 7.5569
2026-01-27 16:22:58,486 - easytorch-training - INFO - Evaluate best model on test data for horizon 2, Test MAE: 12.1010, Test RMSE: 20.3656, Test MAPE: 7.8332
2026-01-27 16:22:58,487 - easytorch-training - INFO - Evaluate best model on test data for horizon 3, Test MAE: 12.5134, Test RMSE: 21.3222, Test MAPE: 8.0138
2026-01-27 16:22:58,488 - easytorch-training - INFO - Evaluate best model on test data for horizon 4, Test MAE: 12.8851, Test RMSE: 22.1802, Test MAPE: 8.2531
2026-01-27 16:22:58,489 - easytorch-training - INFO - Evaluate best model on test data for horizon 5, Test MAE: 13.1682, Test RMSE: 22.8657, Test MAPE: 8.4543
2026-01-27 16:22:58,490 - easytorch-training - INFO - Evaluate best model on test data for horizon 6, Test MAE: 13.4495, Test RMSE: 23.4431, Test MAPE: 8.6455
2026-01-27 16:22:58,491 - easytorch-training - INFO - Evaluate best model on test data for horizon 7, Test MAE: 13.6736, Test RMSE: 23.9667, Test MAPE: 8.8049
2026-01-27 16:22:58,493 - easytorch-training - INFO - Evaluate best model on test data for horizon 8, Test MAE: 13.9143, Test RMSE: 24.4007, Test MAPE: 8.9513
2026-01-27 16:22:58,494 - easytorch-training - INFO - Evaluate best model on test data for horizon 9, Test MAE: 14.1269, Test RMSE: 24.7839, Test MAPE: 9.0849
2026-01-27 16:22:58,495 - easytorch-training - INFO - Evaluate best model on test data for horizon 10, Test MAE: 14.2897, Test RMSE: 25.0761, Test MAPE: 9.2131
2026-01-27 16:22:58,496 - easytorch-training - INFO - Evaluate best model on test data for horizon 11, Test MAE: 14.4674, Test RMSE: 25.3561, Test MAPE: 9.3252
2026-01-27 16:22:58,497 - easytorch-training - INFO - Evaluate best model on test data for horizon 12, Test MAE: 14.6567, Test RMSE: 25.6349, Test MAPE: 9.4567
2026-01-27 16:22:58,501 - easytorch-training - INFO - Result <test>: [test_time: 1.86 (s), test_MAE: 13.4032, test_RMSE: 23.2983, test_MAPE: 8.6328]
2026-01-27 16:22:58,645 - easytorch-training - INFO - Checkpoint checkpoints/STMAFNet_300/7a9424dbdf56bedb1aca9acb56518206/STMAFNet_224.pt saved
2026-01-27 16:22:58,646 - easytorch-training - INFO - The estimated training finish time is 2026-01-27 17:18:04
2026-01-27 16:22:58,646 - easytorch-training - INFO - Epoch 225 / 300
2026-01-27 16:23:37,861 - easytorch-training - INFO - Result <train>: [train_time: 39.21 (s), lr: 6.25e-05, train_MAE: 12.4727, train_RMSE: 21.1419, train_MAPE: 8.3425]
2026-01-27 16:23:37,862 - easytorch-training - INFO - Start validation.
2026-01-27 16:23:39,819 - easytorch-training - INFO - Result <val>: [val_time: 1.96 (s), val_MAE: 13.5492, val_RMSE: 23.1085, val_MAPE: 10.7289]
2026-01-27 16:23:41,627 - easytorch-training - INFO - Evaluate best model on test data for horizon 1, Test MAE: 11.6039, Test RMSE: 19.1535, Test MAPE: 7.5375
2026-01-27 16:23:41,629 - easytorch-training - INFO - Evaluate best model on test data for horizon 2, Test MAE: 12.1218, Test RMSE: 20.3807, Test MAPE: 7.8849
2026-01-27 16:23:41,630 - easytorch-training - INFO - Evaluate best model on test data for horizon 3, Test MAE: 12.5354, Test RMSE: 21.3789, Test MAPE: 8.1352
2026-01-27 16:23:41,631 - easytorch-training - INFO - Evaluate best model on test data for horizon 4, Test MAE: 12.8972, Test RMSE: 22.2388, Test MAPE: 8.3183
2026-01-27 16:23:41,632 - easytorch-training - INFO - Evaluate best model on test data for horizon 5, Test MAE: 13.1946, Test RMSE: 22.9369, Test MAPE: 8.5115
2026-01-27 16:23:41,633 - easytorch-training - INFO - Evaluate best model on test data for horizon 6, Test MAE: 13.4606, Test RMSE: 23.4946, Test MAPE: 8.7615
2026-01-27 16:23:41,634 - easytorch-training - INFO - Evaluate best model on test data for horizon 7, Test MAE: 13.7069, Test RMSE: 24.0201, Test MAPE: 8.8373
2026-01-27 16:23:41,635 - easytorch-training - INFO - Evaluate best model on test data for horizon 8, Test MAE: 13.9595, Test RMSE: 24.4697, Test MAPE: 8.9775
2026-01-27 16:23:41,636 - easytorch-training - INFO - Evaluate best model on test data for horizon 9, Test MAE: 14.1560, Test RMSE: 24.8407, Test MAPE: 9.1795
2026-01-27 16:23:41,638 - easytorch-training - INFO - Evaluate best model on test data for horizon 10, Test MAE: 14.3314, Test RMSE: 25.1385, Test MAPE: 9.2510
2026-01-27 16:23:41,639 - easytorch-training - INFO - Evaluate best model on test data for horizon 11, Test MAE: 14.5111, Test RMSE: 25.4306, Test MAPE: 9.3458
2026-01-27 16:23:41,640 - easytorch-training - INFO - Evaluate best model on test data for horizon 12, Test MAE: 14.7086, Test RMSE: 25.6817, Test MAPE: 9.5054
2026-01-27 16:23:41,644 - easytorch-training - INFO - Result <test>: [test_time: 1.82 (s), test_MAE: 13.4323, test_RMSE: 23.3505, test_MAPE: 8.6871]
2026-01-27 16:23:41,790 - easytorch-training - INFO - Checkpoint checkpoints/STMAFNet_300/7a9424dbdf56bedb1aca9acb56518206/STMAFNet_225.pt saved
2026-01-27 16:23:41,790 - easytorch-training - INFO - The estimated training finish time is 2026-01-27 17:18:03
2026-01-27 16:23:41,790 - easytorch-training - INFO - Epoch 226 / 300
2026-01-27 16:24:21,190 - easytorch-training - INFO - Result <train>: [train_time: 39.40 (s), lr: 6.25e-05, train_MAE: 12.4704, train_RMSE: 21.1467, train_MAPE: 8.3365]
2026-01-27 16:24:21,191 - easytorch-training - INFO - Start validation.
2026-01-27 16:24:23,160 - easytorch-training - INFO - Result <val>: [val_time: 1.97 (s), val_MAE: 13.5499, val_RMSE: 23.1230, val_MAPE: 10.6182]
2026-01-27 16:24:24,985 - easytorch-training - INFO - Evaluate best model on test data for horizon 1, Test MAE: 11.5976, Test RMSE: 19.1564, Test MAPE: 7.5346
2026-01-27 16:24:24,986 - easytorch-training - INFO - Evaluate best model on test data for horizon 2, Test MAE: 12.1212, Test RMSE: 20.3979, Test MAPE: 7.8716
2026-01-27 16:24:24,988 - easytorch-training - INFO - Evaluate best model on test data for horizon 3, Test MAE: 12.5484, Test RMSE: 21.4076, Test MAPE: 8.1111
2026-01-27 16:24:24,989 - easytorch-training - INFO - Evaluate best model on test data for horizon 4, Test MAE: 12.9051, Test RMSE: 22.2783, Test MAPE: 8.3319
2026-01-27 16:24:24,990 - easytorch-training - INFO - Evaluate best model on test data for horizon 5, Test MAE: 13.2131, Test RMSE: 22.9772, Test MAPE: 8.5263
2026-01-27 16:24:24,991 - easytorch-training - INFO - Evaluate best model on test data for horizon 6, Test MAE: 13.4775, Test RMSE: 23.5400, Test MAPE: 8.6775
2026-01-27 16:24:24,992 - easytorch-training - INFO - Evaluate best model on test data for horizon 7, Test MAE: 13.7193, Test RMSE: 24.0666, Test MAPE: 8.8118
2026-01-27 16:24:24,993 - easytorch-training - INFO - Evaluate best model on test data for horizon 8, Test MAE: 13.9579, Test RMSE: 24.5279, Test MAPE: 8.9761
2026-01-27 16:24:24,994 - easytorch-training - INFO - Evaluate best model on test data for horizon 9, Test MAE: 14.1555, Test RMSE: 24.8911, Test MAPE: 9.1101
2026-01-27 16:24:24,995 - easytorch-training - INFO - Evaluate best model on test data for horizon 10, Test MAE: 14.3406, Test RMSE: 25.2044, Test MAPE: 9.2304
2026-01-27 16:24:24,996 - easytorch-training - INFO - Evaluate best model on test data for horizon 11, Test MAE: 14.4946, Test RMSE: 25.4668, Test MAPE: 9.3660
2026-01-27 16:24:24,997 - easytorch-training - INFO - Evaluate best model on test data for horizon 12, Test MAE: 14.6927, Test RMSE: 25.7440, Test MAPE: 9.5061
2026-01-27 16:24:25,001 - easytorch-training - INFO - Result <test>: [test_time: 1.84 (s), test_MAE: 13.4353, test_RMSE: 23.3928, test_MAPE: 8.6711]
2026-01-27 16:24:25,147 - easytorch-training - INFO - Checkpoint checkpoints/STMAFNet_300/7a9424dbdf56bedb1aca9acb56518206/STMAFNet_226.pt saved
2026-01-27 16:24:25,148 - easytorch-training - INFO - The estimated training finish time is 2026-01-27 17:18:03
2026-01-27 16:24:25,148 - easytorch-training - INFO - Epoch 227 / 300
2026-01-27 16:25:04,223 - easytorch-training - INFO - Result <train>: [train_time: 39.08 (s), lr: 6.25e-05, train_MAE: 12.4688, train_RMSE: 21.1308, train_MAPE: 8.3372]
2026-01-27 16:25:04,225 - easytorch-training - INFO - Start validation.
2026-01-27 16:25:06,194 - easytorch-training - INFO - Result <val>: [val_time: 1.97 (s), val_MAE: 13.5812, val_RMSE: 23.1958, val_MAPE: 10.7830]
2026-01-27 16:25:07,971 - easytorch-training - INFO - Evaluate best model on test data for horizon 1, Test MAE: 11.6132, Test RMSE: 19.1602, Test MAPE: 7.5766
2026-01-27 16:25:07,972 - easytorch-training - INFO - Evaluate best model on test data for horizon 2, Test MAE: 12.1201, Test RMSE: 20.3990, Test MAPE: 7.8222
2026-01-27 16:25:07,973 - easytorch-training - INFO - Evaluate best model on test data for horizon 3, Test MAE: 12.5368, Test RMSE: 21.3802, Test MAPE: 8.1269
2026-01-27 16:25:07,974 - easytorch-training - INFO - Evaluate best model on test data for horizon 4, Test MAE: 12.9068, Test RMSE: 22.2661, Test MAPE: 8.2673
2026-01-27 16:25:07,975 - easytorch-training - INFO - Evaluate best model on test data for horizon 5, Test MAE: 13.2084, Test RMSE: 22.9713, Test MAPE: 8.4904
2026-01-27 16:25:07,976 - easytorch-training - INFO - Evaluate best model on test data for horizon 6, Test MAE: 13.4665, Test RMSE: 23.5174, Test MAPE: 8.6631
2026-01-27 16:25:07,977 - easytorch-training - INFO - Evaluate best model on test data for horizon 7, Test MAE: 13.7302, Test RMSE: 24.1021, Test MAPE: 8.7900
2026-01-27 16:25:07,978 - easytorch-training - INFO - Evaluate best model on test data for horizon 8, Test MAE: 13.9550, Test RMSE: 24.5528, Test MAPE: 8.9685
2026-01-27 16:25:07,980 - easytorch-training - INFO - Evaluate best model on test data for horizon 9, Test MAE: 14.1444, Test RMSE: 24.9388, Test MAPE: 9.0969
2026-01-27 16:25:07,981 - easytorch-training - INFO - Evaluate best model on test data for horizon 10, Test MAE: 14.3319, Test RMSE: 25.2379, Test MAPE: 9.2346
2026-01-27 16:25:07,982 - easytorch-training - INFO - Evaluate best model on test data for horizon 11, Test MAE: 14.5160, Test RMSE: 25.5282, Test MAPE: 9.3382
2026-01-27 16:25:07,983 - easytorch-training - INFO - Evaluate best model on test data for horizon 12, Test MAE: 14.7144, Test RMSE: 25.7791, Test MAPE: 9.4937
2026-01-27 16:25:07,987 - easytorch-training - INFO - Result <test>: [test_time: 1.79 (s), test_MAE: 13.4370, test_RMSE: 23.4090, test_MAPE: 8.6557]
2026-01-27 16:25:08,131 - easytorch-training - INFO - Checkpoint checkpoints/STMAFNet_300/7a9424dbdf56bedb1aca9acb56518206/STMAFNet_227.pt saved
2026-01-27 16:25:08,132 - easytorch-training - INFO - The estimated training finish time is 2026-01-27 17:18:02
2026-01-27 16:25:08,132 - easytorch-training - INFO - Epoch 228 / 300
2026-01-27 16:25:47,573 - easytorch-training - INFO - Result <train>: [train_time: 39.44 (s), lr: 6.25e-05, train_MAE: 12.4653, train_RMSE: 21.1209, train_MAPE: 8.3391]
2026-01-27 16:25:47,575 - easytorch-training - INFO - Start validation.
2026-01-27 16:25:49,550 - easytorch-training - INFO - Result <val>: [val_time: 1.97 (s), val_MAE: 13.5782, val_RMSE: 23.2139, val_MAPE: 10.9053]
2026-01-27 16:25:51,384 - easytorch-training - INFO - Evaluate best model on test data for horizon 1, Test MAE: 11.6186, Test RMSE: 19.1800, Test MAPE: 7.6554
2026-01-27 16:25:51,385 - easytorch-training - INFO - Evaluate best model on test data for horizon 2, Test MAE: 12.1373, Test RMSE: 20.4316, Test MAPE: 7.8634
2026-01-27 16:25:51,386 - easytorch-training - INFO - Evaluate best model on test data for horizon 3, Test MAE: 12.5487, Test RMSE: 21.4740, Test MAPE: 8.1272
2026-01-27 16:25:51,387 - easytorch-training - INFO - Evaluate best model on test data for horizon 4, Test MAE: 12.9308, Test RMSE: 22.3505, Test MAPE: 8.3105
2026-01-27 16:25:51,388 - easytorch-training - INFO - Evaluate best model on test data for horizon 5, Test MAE: 13.2318, Test RMSE: 23.0741, Test MAPE: 8.4742
2026-01-27 16:25:51,389 - easytorch-training - INFO - Evaluate best model on test data for horizon 6, Test MAE: 13.4951, Test RMSE: 23.6256, Test MAPE: 8.7012
2026-01-27 16:25:51,390 - easytorch-training - INFO - Evaluate best model on test data for horizon 7, Test MAE: 13.7482, Test RMSE: 24.1716, Test MAPE: 8.8059
2026-01-27 16:25:51,391 - easytorch-training - INFO - Evaluate best model on test data for horizon 8, Test MAE: 13.9776, Test RMSE: 24.5736, Test MAPE: 8.9670
2026-01-27 16:25:51,392 - easytorch-training - INFO - Evaluate best model on test data for horizon 9, Test MAE: 14.1824, Test RMSE: 24.9340, Test MAPE: 9.1804
2026-01-27 16:25:51,394 - easytorch-training - INFO - Evaluate best model on test data for horizon 10, Test MAE: 14.3501, Test RMSE: 25.2259, Test MAPE: 9.3054
2026-01-27 16:25:51,395 - easytorch-training - INFO - Evaluate best model on test data for horizon 11, Test MAE: 14.5181, Test RMSE: 25.4933, Test MAPE: 9.3675
2026-01-27 16:25:51,396 - easytorch-training - INFO - Evaluate best model on test data for horizon 12, Test MAE: 14.7172, Test RMSE: 25.7522, Test MAPE: 9.5122
2026-01-27 16:25:51,400 - easytorch-training - INFO - Result <test>: [test_time: 1.85 (s), test_MAE: 13.4547, test_RMSE: 23.4447, test_MAPE: 8.6892]
2026-01-27 16:25:51,544 - easytorch-training - INFO - Checkpoint checkpoints/STMAFNet_300/7a9424dbdf56bedb1aca9acb56518206/STMAFNet_228.pt saved
2026-01-27 16:25:51,544 - easytorch-training - INFO - The estimated training finish time is 2026-01-27 17:18:02
2026-01-27 16:25:51,544 - easytorch-training - INFO - Epoch 229 / 300
2026-01-27 16:26:30,607 - easytorch-training - INFO - Result <train>: [train_time: 39.06 (s), lr: 6.25e-05, train_MAE: 12.4638, train_RMSE: 21.1251, train_MAPE: 8.3407]
2026-01-27 16:26:30,608 - easytorch-training - INFO - Start validation.
2026-01-27 16:26:32,538 - easytorch-training - INFO - Result <val>: [val_time: 1.93 (s), val_MAE: 13.5556, val_RMSE: 23.1617, val_MAPE: 10.6324]
2026-01-27 16:26:34,371 - easytorch-training - INFO - Evaluate best model on test data for horizon 1, Test MAE: 11.5939, Test RMSE: 19.1639, Test MAPE: 7.6718
2026-01-27 16:26:34,372 - easytorch-training - INFO - Evaluate best model on test data for horizon 2, Test MAE: 12.1081, Test RMSE: 20.4188, Test MAPE: 7.8501
2026-01-27 16:26:34,373 - easytorch-training - INFO - Evaluate best model on test data for horizon 3, Test MAE: 12.5378, Test RMSE: 21.4254, Test MAPE: 8.0553
2026-01-27 16:26:34,374 - easytorch-training - INFO - Evaluate best model on test data for horizon 4, Test MAE: 12.9140, Test RMSE: 22.3086, Test MAPE: 8.2655
2026-01-27 16:26:34,375 - easytorch-training - INFO - Evaluate best model on test data for horizon 5, Test MAE: 13.2276, Test RMSE: 23.0156, Test MAPE: 8.4691
2026-01-27 16:26:34,376 - easytorch-training - INFO - Evaluate best model on test data for horizon 6, Test MAE: 13.5007, Test RMSE: 23.6076, Test MAPE: 8.6478
2026-01-27 16:26:34,377 - easytorch-training - INFO - Evaluate best model on test data for horizon 7, Test MAE: 13.7572, Test RMSE: 24.1378, Test MAPE: 8.7812
2026-01-27 16:26:34,379 - easytorch-training - INFO - Evaluate best model on test data for horizon 8, Test MAE: 13.9637, Test RMSE: 24.5201, Test MAPE: 8.9629
2026-01-27 16:26:34,380 - easytorch-training - INFO - Evaluate best model on test data for horizon 9, Test MAE: 14.1678, Test RMSE: 24.9197, Test MAPE: 9.0870
2026-01-27 16:26:34,381 - easytorch-training - INFO - Evaluate best model on test data for horizon 10, Test MAE: 14.3491, Test RMSE: 25.2405, Test MAPE: 9.2536
2026-01-27 16:26:34,382 - easytorch-training - INFO - Evaluate best model on test data for horizon 11, Test MAE: 14.5210, Test RMSE: 25.5028, Test MAPE: 9.3583
2026-01-27 16:26:34,383 - easytorch-training - INFO - Evaluate best model on test data for horizon 12, Test MAE: 14.7172, Test RMSE: 25.7671, Test MAPE: 9.4366
2026-01-27 16:26:34,387 - easytorch-training - INFO - Result <test>: [test_time: 1.85 (s), test_MAE: 13.4465, test_RMSE: 23.4240, test_MAPE: 8.6532]
2026-01-27 16:26:34,530 - easytorch-training - INFO - Checkpoint checkpoints/STMAFNet_300/7a9424dbdf56bedb1aca9acb56518206/STMAFNet_229.pt saved
2026-01-27 16:26:34,531 - easytorch-training - INFO - The estimated training finish time is 2026-01-27 17:18:02
2026-01-27 16:26:34,531 - easytorch-training - INFO - Epoch 230 / 300
2026-01-27 16:27:13,769 - easytorch-training - INFO - Result <train>: [train_time: 39.24 (s), lr: 6.25e-05, train_MAE: 12.4541, train_RMSE: 21.1100, train_MAPE: 8.3414]
2026-01-27 16:27:13,770 - easytorch-training - INFO - Start validation.
2026-01-27 16:27:15,687 - easytorch-training - INFO - Result <val>: [val_time: 1.92 (s), val_MAE: 13.5784, val_RMSE: 23.2198, val_MAPE: 10.5221]
2026-01-27 16:27:17,496 - easytorch-training - INFO - Evaluate best model on test data for horizon 1, Test MAE: 11.6022, Test RMSE: 19.1649, Test MAPE: 7.5272
2026-01-27 16:27:17,498 - easytorch-training - INFO - Evaluate best model on test data for horizon 2, Test MAE: 12.1177, Test RMSE: 20.4155, Test MAPE: 7.8327
2026-01-27 16:27:17,499 - easytorch-training - INFO - Evaluate best model on test data for horizon 3, Test MAE: 12.5586, Test RMSE: 21.4347, Test MAPE: 8.0735
2026-01-27 16:27:17,500 - easytorch-training - INFO - Evaluate best model on test data for horizon 4, Test MAE: 12.9255, Test RMSE: 22.3019, Test MAPE: 8.2833
2026-01-27 16:27:17,501 - easytorch-training - INFO - Evaluate best model on test data for horizon 5, Test MAE: 13.2296, Test RMSE: 22.9980, Test MAPE: 8.5226
2026-01-27 16:27:17,502 - easytorch-training - INFO - Evaluate best model on test data for horizon 6, Test MAE: 13.4888, Test RMSE: 23.5559, Test MAPE: 8.6576
2026-01-27 16:27:17,503 - easytorch-training - INFO - Evaluate best model on test data for horizon 7, Test MAE: 13.7426, Test RMSE: 24.0871, Test MAPE: 8.8428
2026-01-27 16:27:17,504 - easytorch-training - INFO - Evaluate best model on test data for horizon 8, Test MAE: 13.9753, Test RMSE: 24.5182, Test MAPE: 8.9873
2026-01-27 16:27:17,505 - easytorch-training - INFO - Evaluate best model on test data for horizon 9, Test MAE: 14.1886, Test RMSE: 24.9245, Test MAPE: 9.1553
2026-01-27 16:27:17,506 - easytorch-training - INFO - Evaluate best model on test data for horizon 10, Test MAE: 14.3821, Test RMSE: 25.2341, Test MAPE: 9.2634
2026-01-27 16:27:17,507 - easytorch-training - INFO - Evaluate best model on test data for horizon 11, Test MAE: 14.5214, Test RMSE: 25.4720, Test MAPE: 9.3656
2026-01-27 16:27:17,509 - easytorch-training - INFO - Evaluate best model on test data for horizon 12, Test MAE: 14.7316, Test RMSE: 25.7525, Test MAPE: 9.4890
2026-01-27 16:27:17,512 - easytorch-training - INFO - Result <test>: [test_time: 1.82 (s), test_MAE: 13.4553, test_RMSE: 23.4094, test_MAPE: 8.6667]
2026-01-27 16:27:17,733 - easytorch-training - INFO - Checkpoint checkpoints/STMAFNet_300/7a9424dbdf56bedb1aca9acb56518206/STMAFNet_230.pt saved
2026-01-27 16:27:17,747 - easytorch-training - INFO - The estimated training finish time is 2026-01-27 17:18:01
2026-01-27 16:27:17,747 - easytorch-training - INFO - Epoch 231 / 300
2026-01-27 16:27:56,908 - easytorch-training - INFO - Result <train>: [train_time: 39.16 (s), lr: 6.25e-05, train_MAE: 12.4597, train_RMSE: 21.1233, train_MAPE: 8.3270]
2026-01-27 16:27:56,910 - easytorch-training - INFO - Start validation.
2026-01-27 16:27:58,869 - easytorch-training - INFO - Result <val>: [val_time: 1.96 (s), val_MAE: 13.5733, val_RMSE: 23.2137, val_MAPE: 10.9408]
2026-01-27 16:28:00,723 - easytorch-training - INFO - Evaluate best model on test data for horizon 1, Test MAE: 11.5932, Test RMSE: 19.1607, Test MAPE: 7.6304
2026-01-27 16:28:00,724 - easytorch-training - INFO - Evaluate best model on test data for horizon 2, Test MAE: 12.1266, Test RMSE: 20.4141, Test MAPE: 7.9799
2026-01-27 16:28:00,725 - easytorch-training - INFO - Evaluate best model on test data for horizon 3, Test MAE: 12.5368, Test RMSE: 21.3900, Test MAPE: 8.1329
2026-01-27 16:28:00,726 - easytorch-training - INFO - Evaluate best model on test data for horizon 4, Test MAE: 12.8865, Test RMSE: 22.2677, Test MAPE: 8.3205
2026-01-27 16:28:00,727 - easytorch-training - INFO - Evaluate best model on test data for horizon 5, Test MAE: 13.2039, Test RMSE: 22.9808, Test MAPE: 8.5042
2026-01-27 16:28:00,728 - easytorch-training - INFO - Evaluate best model on test data for horizon 6, Test MAE: 13.4639, Test RMSE: 23.5558, Test MAPE: 8.6963
2026-01-27 16:28:00,730 - easytorch-training - INFO - Evaluate best model on test data for horizon 7, Test MAE: 13.7102, Test RMSE: 24.0980, Test MAPE: 8.8546
2026-01-27 16:28:00,731 - easytorch-training - INFO - Evaluate best model on test data for horizon 8, Test MAE: 13.9354, Test RMSE: 24.4992, Test MAPE: 8.9705
2026-01-27 16:28:00,732 - easytorch-training - INFO - Evaluate best model on test data for horizon 9, Test MAE: 14.1409, Test RMSE: 24.8981, Test MAPE: 9.1668
2026-01-27 16:28:00,733 - easytorch-training - INFO - Evaluate best model on test data for horizon 10, Test MAE: 14.3183, Test RMSE: 25.2012, Test MAPE: 9.2516
2026-01-27 16:28:00,734 - easytorch-training - INFO - Evaluate best model on test data for horizon 11, Test MAE: 14.4784, Test RMSE: 25.4578, Test MAPE: 9.4405
2026-01-27 16:28:00,735 - easytorch-training - INFO - Evaluate best model on test data for horizon 12, Test MAE: 14.6623, Test RMSE: 25.7044, Test MAPE: 9.5627
2026-01-27 16:28:00,739 - easytorch-training - INFO - Result <test>: [test_time: 1.87 (s), test_MAE: 13.4214, test_RMSE: 23.3898, test_MAPE: 8.7092]
2026-01-27 16:28:00,883 - easytorch-training - INFO - Checkpoint checkpoints/STMAFNet_300/7a9424dbdf56bedb1aca9acb56518206/STMAFNet_231.pt saved
2026-01-27 16:28:00,883 - easytorch-training - INFO - The estimated training finish time is 2026-01-27 17:18:01
2026-01-27 16:28:00,883 - easytorch-training - INFO - Epoch 232 / 300
2026-01-27 16:28:40,347 - easytorch-training - INFO - Result <train>: [train_time: 39.46 (s), lr: 6.25e-05, train_MAE: 12.4534, train_RMSE: 21.0924, train_MAPE: 8.3321]
2026-01-27 16:28:40,349 - easytorch-training - INFO - Start validation.
2026-01-27 16:28:42,302 - easytorch-training - INFO - Result <val>: [val_time: 1.95 (s), val_MAE: 13.5560, val_RMSE: 23.1461, val_MAPE: 10.5253]
2026-01-27 16:28:44,040 - easytorch-training - INFO - Evaluate best model on test data for horizon 1, Test MAE: 11.5969, Test RMSE: 19.1584, Test MAPE: 7.5274
2026-01-27 16:28:44,042 - easytorch-training - INFO - Evaluate best model on test data for horizon 2, Test MAE: 12.1164, Test RMSE: 20.3887, Test MAPE: 7.8356
2026-01-27 16:28:44,043 - easytorch-training - INFO - Evaluate best model on test data for horizon 3, Test MAE: 12.5246, Test RMSE: 21.3337, Test MAPE: 8.0833
2026-01-27 16:28:44,044 - easytorch-training - INFO - Evaluate best model on test data for horizon 4, Test MAE: 12.8846, Test RMSE: 22.1969, Test MAPE: 8.2876
2026-01-27 16:28:44,045 - easytorch-training - INFO - Evaluate best model on test data for horizon 5, Test MAE: 13.2088, Test RMSE: 22.9238, Test MAPE: 8.4995
2026-01-27 16:28:44,046 - easytorch-training - INFO - Evaluate best model on test data for horizon 6, Test MAE: 13.4793, Test RMSE: 23.5366, Test MAPE: 8.7038
2026-01-27 16:28:44,047 - easytorch-training - INFO - Evaluate best model on test data for horizon 7, Test MAE: 13.7272, Test RMSE: 24.0590, Test MAPE: 8.8705
2026-01-27 16:28:44,048 - easytorch-training - INFO - Evaluate best model on test data for horizon 8, Test MAE: 13.9799, Test RMSE: 24.5175, Test MAPE: 9.0423
2026-01-27 16:28:44,049 - easytorch-training - INFO - Evaluate best model on test data for horizon 9, Test MAE: 14.1696, Test RMSE: 24.8776, Test MAPE: 9.1282
2026-01-27 16:28:44,050 - easytorch-training - INFO - Evaluate best model on test data for horizon 10, Test MAE: 14.3572, Test RMSE: 25.1935, Test MAPE: 9.2916
2026-01-27 16:28:44,052 - easytorch-training - INFO - Evaluate best model on test data for horizon 11, Test MAE: 14.5175, Test RMSE: 25.4350, Test MAPE: 9.4106
2026-01-27 16:28:44,053 - easytorch-training - INFO - Evaluate best model on test data for horizon 12, Test MAE: 14.7189, Test RMSE: 25.7169, Test MAPE: 9.5512
2026-01-27 16:28:44,056 - easytorch-training - INFO - Result <test>: [test_time: 1.75 (s), test_MAE: 13.4401, test_RMSE: 23.3665, test_MAPE: 8.6860]
2026-01-27 16:28:44,200 - easytorch-training - INFO - Checkpoint checkpoints/STMAFNet_300/7a9424dbdf56bedb1aca9acb56518206/STMAFNet_232.pt saved
2026-01-27 16:28:44,200 - easytorch-training - INFO - The estimated training finish time is 2026-01-27 17:18:01
2026-01-27 16:28:44,200 - easytorch-training - INFO - Epoch 233 / 300
2026-01-27 16:29:23,663 - easytorch-training - INFO - Result <train>: [train_time: 39.46 (s), lr: 6.25e-05, train_MAE: 12.4569, train_RMSE: 21.1141, train_MAPE: 8.3261]
2026-01-27 16:29:23,665 - easytorch-training - INFO - Start validation.
2026-01-27 16:29:25,641 - easytorch-training - INFO - Result <val>: [val_time: 1.98 (s), val_MAE: 13.5778, val_RMSE: 23.1797, val_MAPE: 10.8845]
2026-01-27 16:29:27,494 - easytorch-training - INFO - Evaluate best model on test data for horizon 1, Test MAE: 11.6159, Test RMSE: 19.1739, Test MAPE: 7.5802
2026-01-27 16:29:27,495 - easytorch-training - INFO - Evaluate best model on test data for horizon 2, Test MAE: 12.1191, Test RMSE: 20.3776, Test MAPE: 7.8129
2026-01-27 16:29:27,496 - easytorch-training - INFO - Evaluate best model on test data for horizon 3, Test MAE: 12.5201, Test RMSE: 21.3330, Test MAPE: 8.1143
2026-01-27 16:29:27,497 - easytorch-training - INFO - Evaluate best model on test data for horizon 4, Test MAE: 12.9098, Test RMSE: 22.1814, Test MAPE: 8.3239
2026-01-27 16:29:27,498 - easytorch-training - INFO - Evaluate best model on test data for horizon 5, Test MAE: 13.2070, Test RMSE: 22.8924, Test MAPE: 8.5052
2026-01-27 16:29:27,499 - easytorch-training - INFO - Evaluate best model on test data for horizon 6, Test MAE: 13.4895, Test RMSE: 23.5034, Test MAPE: 8.6851
2026-01-27 16:29:27,500 - easytorch-training - INFO - Evaluate best model on test data for horizon 7, Test MAE: 13.7492, Test RMSE: 24.0578, Test MAPE: 8.8362
2026-01-27 16:29:27,502 - easytorch-training - INFO - Evaluate best model on test data for horizon 8, Test MAE: 13.9862, Test RMSE: 24.4874, Test MAPE: 8.9921
2026-01-27 16:29:27,503 - easytorch-training - INFO - Evaluate best model on test data for horizon 9, Test MAE: 14.1899, Test RMSE: 24.9062, Test MAPE: 9.1319
2026-01-27 16:29:27,504 - easytorch-training - INFO - Evaluate best model on test data for horizon 10, Test MAE: 14.3518, Test RMSE: 25.1916, Test MAPE: 9.2548
2026-01-27 16:29:27,505 - easytorch-training - INFO - Evaluate best model on test data for horizon 11, Test MAE: 14.5214, Test RMSE: 25.4586, Test MAPE: 9.4032
2026-01-27 16:29:27,506 - easytorch-training - INFO - Evaluate best model on test data for horizon 12, Test MAE: 14.7077, Test RMSE: 25.7079, Test MAPE: 9.5152
2026-01-27 16:29:27,510 - easytorch-training - INFO - Result <test>: [test_time: 1.87 (s), test_MAE: 13.4473, test_RMSE: 23.3610, test_MAPE: 8.6796]
2026-01-27 16:29:27,655 - easytorch-training - INFO - Checkpoint checkpoints/STMAFNet_300/7a9424dbdf56bedb1aca9acb56518206/STMAFNet_233.pt saved
2026-01-27 16:29:27,655 - easytorch-training - INFO - The estimated training finish time is 2026-01-27 17:18:01
2026-01-27 16:29:27,655 - easytorch-training - INFO - Epoch 234 / 300
2026-01-27 16:30:07,019 - easytorch-training - INFO - Result <train>: [train_time: 39.36 (s), lr: 6.25e-05, train_MAE: 12.4475, train_RMSE: 21.0946, train_MAPE: 8.3248]
2026-01-27 16:30:07,020 - easytorch-training - INFO - Start validation.
2026-01-27 16:30:08,955 - easytorch-training - INFO - Result <val>: [val_time: 1.94 (s), val_MAE: 13.5913, val_RMSE: 23.1750, val_MAPE: 10.6143]
2026-01-27 16:30:10,787 - easytorch-training - INFO - Evaluate best model on test data for horizon 1, Test MAE: 11.6367, Test RMSE: 19.1826, Test MAPE: 7.6479
2026-01-27 16:30:10,788 - easytorch-training - INFO - Evaluate best model on test data for horizon 2, Test MAE: 12.1372, Test RMSE: 20.4111, Test MAPE: 7.8148
2026-01-27 16:30:10,789 - easytorch-training - INFO - Evaluate best model on test data for horizon 3, Test MAE: 12.5477, Test RMSE: 21.3742, Test MAPE: 8.0489
2026-01-27 16:30:10,790 - easytorch-training - INFO - Evaluate best model on test data for horizon 4, Test MAE: 12.9017, Test RMSE: 22.2427, Test MAPE: 8.3237
2026-01-27 16:30:10,791 - easytorch-training - INFO - Evaluate best model on test data for horizon 5, Test MAE: 13.2085, Test RMSE: 22.9662, Test MAPE: 8.4946
2026-01-27 16:30:10,792 - easytorch-training - INFO - Evaluate best model on test data for horizon 6, Test MAE: 13.5126, Test RMSE: 23.5963, Test MAPE: 8.7024
2026-01-27 16:30:10,793 - easytorch-training - INFO - Evaluate best model on test data for horizon 7, Test MAE: 13.7585, Test RMSE: 24.1422, Test MAPE: 8.8364
2026-01-27 16:30:10,795 - easytorch-training - INFO - Evaluate best model on test data for horizon 8, Test MAE: 14.0230, Test RMSE: 24.5884, Test MAPE: 9.0664
2026-01-27 16:30:10,796 - easytorch-training - INFO - Evaluate best model on test data for horizon 9, Test MAE: 14.2080, Test RMSE: 24.9479, Test MAPE: 9.1365
2026-01-27 16:30:10,797 - easytorch-training - INFO - Evaluate best model on test data for horizon 10, Test MAE: 14.3886, Test RMSE: 25.2324, Test MAPE: 9.2585
2026-01-27 16:30:10,798 - easytorch-training - INFO - Evaluate best model on test data for horizon 11, Test MAE: 14.5401, Test RMSE: 25.4792, Test MAPE: 9.3881
2026-01-27 16:30:10,799 - easytorch-training - INFO - Evaluate best model on test data for horizon 12, Test MAE: 14.7398, Test RMSE: 25.7183, Test MAPE: 9.5370
2026-01-27 16:30:10,803 - easytorch-training - INFO - Result <test>: [test_time: 1.85 (s), test_MAE: 13.4669, test_RMSE: 23.4121, test_MAPE: 8.6879]
2026-01-27 16:30:10,947 - easytorch-training - INFO - Checkpoint checkpoints/STMAFNet_300/7a9424dbdf56bedb1aca9acb56518206/STMAFNet_234.pt saved
2026-01-27 16:30:10,948 - easytorch-training - INFO - The estimated training finish time is 2026-01-27 17:18:00
2026-01-27 16:30:10,948 - easytorch-training - INFO - Epoch 235 / 300
2026-01-27 16:30:50,298 - easytorch-training - INFO - Result <train>: [train_time: 39.35 (s), lr: 6.25e-05, train_MAE: 12.4449, train_RMSE: 21.0851, train_MAPE: 8.3246]
2026-01-27 16:30:50,300 - easytorch-training - INFO - Start validation.
2026-01-27 16:30:52,259 - easytorch-training - INFO - Result <val>: [val_time: 1.96 (s), val_MAE: 13.5562, val_RMSE: 23.1900, val_MAPE: 10.6422]
2026-01-27 16:30:54,154 - easytorch-training - INFO - Evaluate best model on test data for horizon 1, Test MAE: 11.6131, Test RMSE: 19.1967, Test MAPE: 7.7913
2026-01-27 16:30:54,156 - easytorch-training - INFO - Evaluate best model on test data for horizon 2, Test MAE: 12.1149, Test RMSE: 20.4292, Test MAPE: 7.8886
2026-01-27 16:30:54,157 - easytorch-training - INFO - Evaluate best model on test data for horizon 3, Test MAE: 12.5355, Test RMSE: 21.4292, Test MAPE: 8.1160
2026-01-27 16:30:54,158 - easytorch-training - INFO - Evaluate best model on test data for horizon 4, Test MAE: 12.8948, Test RMSE: 22.2695, Test MAPE: 8.5002
2026-01-27 16:30:54,159 - easytorch-training - INFO - Evaluate best model on test data for horizon 5, Test MAE: 13.2019, Test RMSE: 22.9959, Test MAPE: 8.4691
2026-01-27 16:30:54,160 - easytorch-training - INFO - Evaluate best model on test data for horizon 6, Test MAE: 13.4692, Test RMSE: 23.5716, Test MAPE: 8.6829
2026-01-27 16:30:54,161 - easytorch-training - INFO - Evaluate best model on test data for horizon 7, Test MAE: 13.7269, Test RMSE: 24.1146, Test MAPE: 8.8657
2026-01-27 16:30:54,162 - easytorch-training - INFO - Evaluate best model on test data for horizon 8, Test MAE: 13.9635, Test RMSE: 24.5652, Test MAPE: 8.9893
2026-01-27 16:30:54,164 - easytorch-training - INFO - Evaluate best model on test data for horizon 9, Test MAE: 14.1692, Test RMSE: 24.9684, Test MAPE: 9.1473
2026-01-27 16:30:54,165 - easytorch-training - INFO - Evaluate best model on test data for horizon 10, Test MAE: 14.3486, Test RMSE: 25.3058, Test MAPE: 9.2346
2026-01-27 16:30:54,166 - easytorch-training - INFO - Evaluate best model on test data for horizon 11, Test MAE: 14.5162, Test RMSE: 25.5879, Test MAPE: 9.3714
2026-01-27 16:30:54,167 - easytorch-training - INFO - Evaluate best model on test data for horizon 12, Test MAE: 14.7005, Test RMSE: 25.8386, Test MAPE: 9.4886
2026-01-27 16:30:54,171 - easytorch-training - INFO - Result <test>: [test_time: 1.91 (s), test_MAE: 13.4379, test_RMSE: 23.4460, test_MAPE: 8.7121]
2026-01-27 16:30:54,318 - easytorch-training - INFO - Checkpoint checkpoints/STMAFNet_300/7a9424dbdf56bedb1aca9acb56518206/STMAFNet_235.pt saved
2026-01-27 16:30:54,319 - easytorch-training - INFO - The estimated training finish time is 2026-01-27 17:18:00
2026-01-27 16:30:54,319 - easytorch-training - INFO - Epoch 236 / 300
2026-01-27 16:31:33,679 - easytorch-training - INFO - Result <train>: [train_time: 39.36 (s), lr: 6.25e-05, train_MAE: 12.4487, train_RMSE: 21.0998, train_MAPE: 8.3176]
2026-01-27 16:31:33,680 - easytorch-training - INFO - Start validation.
2026-01-27 16:31:35,656 - easytorch-training - INFO - Result <val>: [val_time: 1.98 (s), val_MAE: 13.5823, val_RMSE: 23.2061, val_MAPE: 10.7340]
2026-01-27 16:31:37,481 - easytorch-training - INFO - Evaluate best model on test data for horizon 1, Test MAE: 11.6190, Test RMSE: 19.1828, Test MAPE: 7.5095
2026-01-27 16:31:37,482 - easytorch-training - INFO - Evaluate best model on test data for horizon 2, Test MAE: 12.1282, Test RMSE: 20.4395, Test MAPE: 7.8269
2026-01-27 16:31:37,483 - easytorch-training - INFO - Evaluate best model on test data for horizon 3, Test MAE: 12.5550, Test RMSE: 21.4296, Test MAPE: 8.0557
2026-01-27 16:31:37,484 - easytorch-training - INFO - Evaluate best model on test data for horizon 4, Test MAE: 12.9182, Test RMSE: 22.2939, Test MAPE: 8.2668
2026-01-27 16:31:37,485 - easytorch-training - INFO - Evaluate best model on test data for horizon 5, Test MAE: 13.2136, Test RMSE: 22.9865, Test MAPE: 8.4931
2026-01-27 16:31:37,486 - easytorch-training - INFO - Evaluate best model on test data for horizon 6, Test MAE: 13.4822, Test RMSE: 23.5700, Test MAPE: 8.7074
2026-01-27 16:31:37,487 - easytorch-training - INFO - Evaluate best model on test data for horizon 7, Test MAE: 13.7435, Test RMSE: 24.1203, Test MAPE: 8.7996
2026-01-27 16:31:37,489 - easytorch-training - INFO - Evaluate best model on test data for horizon 8, Test MAE: 13.9752, Test RMSE: 24.5430, Test MAPE: 8.9903
2026-01-27 16:31:37,490 - easytorch-training - INFO - Evaluate best model on test data for horizon 9, Test MAE: 14.1768, Test RMSE: 24.9171, Test MAPE: 9.1093
2026-01-27 16:31:37,491 - easytorch-training - INFO - Evaluate best model on test data for horizon 10, Test MAE: 14.3645, Test RMSE: 25.1846, Test MAPE: 9.2930
2026-01-27 16:31:37,492 - easytorch-training - INFO - Evaluate best model on test data for horizon 11, Test MAE: 14.5456, Test RMSE: 25.4601, Test MAPE: 9.4425
2026-01-27 16:31:37,493 - easytorch-training - INFO - Evaluate best model on test data for horizon 12, Test MAE: 14.7432, Test RMSE: 25.7505, Test MAPE: 9.5973
2026-01-27 16:31:37,497 - easytorch-training - INFO - Result <test>: [test_time: 1.84 (s), test_MAE: 13.4554, test_RMSE: 23.4103, test_MAPE: 8.6743]
2026-01-27 16:31:37,641 - easytorch-training - INFO - Checkpoint checkpoints/STMAFNet_300/7a9424dbdf56bedb1aca9acb56518206/STMAFNet_236.pt saved
2026-01-27 16:31:37,642 - easytorch-training - INFO - The estimated training finish time is 2026-01-27 17:18:00
2026-01-27 16:31:37,642 - easytorch-training - INFO - Epoch 237 / 300
2026-01-27 16:32:16,948 - easytorch-training - INFO - Result <train>: [train_time: 39.31 (s), lr: 6.25e-05, train_MAE: 12.4466, train_RMSE: 21.0942, train_MAPE: 8.3144]
2026-01-27 16:32:16,950 - easytorch-training - INFO - Start validation.
2026-01-27 16:32:18,903 - easytorch-training - INFO - Result <val>: [val_time: 1.95 (s), val_MAE: 13.5435, val_RMSE: 23.1066, val_MAPE: 10.6300]
2026-01-27 16:32:20,789 - easytorch-training - INFO - Evaluate best model on test data for horizon 1, Test MAE: 11.5993, Test RMSE: 19.1593, Test MAPE: 7.5271
2026-01-27 16:32:20,791 - easytorch-training - INFO - Evaluate best model on test data for horizon 2, Test MAE: 12.1323, Test RMSE: 20.3784, Test MAPE: 7.8264
2026-01-27 16:32:20,792 - easytorch-training - INFO - Evaluate best model on test data for horizon 3, Test MAE: 12.5117, Test RMSE: 21.2985, Test MAPE: 8.0617
2026-01-27 16:32:20,793 - easytorch-training - INFO - Evaluate best model on test data for horizon 4, Test MAE: 12.8617, Test RMSE: 22.1503, Test MAPE: 8.2789
2026-01-27 16:32:20,795 - easytorch-training - INFO - Evaluate best model on test data for horizon 5, Test MAE: 13.1804, Test RMSE: 22.8127, Test MAPE: 8.4824
2026-01-27 16:32:20,796 - easytorch-training - INFO - Evaluate best model on test data for horizon 6, Test MAE: 13.4352, Test RMSE: 23.3738, Test MAPE: 8.6789
2026-01-27 16:32:20,797 - easytorch-training - INFO - Evaluate best model on test data for horizon 7, Test MAE: 13.6991, Test RMSE: 23.9308, Test MAPE: 8.8087
2026-01-27 16:32:20,798 - easytorch-training - INFO - Evaluate best model on test data for horizon 8, Test MAE: 13.9532, Test RMSE: 24.3681, Test MAPE: 8.9993
2026-01-27 16:32:20,800 - easytorch-training - INFO - Evaluate best model on test data for horizon 9, Test MAE: 14.1232, Test RMSE: 24.7583, Test MAPE: 9.0922
2026-01-27 16:32:20,801 - easytorch-training - INFO - Evaluate best model on test data for horizon 10, Test MAE: 14.3111, Test RMSE: 25.0387, Test MAPE: 9.2326
2026-01-27 16:32:20,802 - easytorch-training - INFO - Evaluate best model on test data for horizon 11, Test MAE: 14.4808, Test RMSE: 25.3390, Test MAPE: 9.3742
2026-01-27 16:32:20,804 - easytorch-training - INFO - Evaluate best model on test data for horizon 12, Test MAE: 14.6874, Test RMSE: 25.6165, Test MAPE: 9.5266
2026-01-27 16:32:20,807 - easytorch-training - INFO - Result <test>: [test_time: 1.90 (s), test_MAE: 13.4146, test_RMSE: 23.2702, test_MAPE: 8.6574]
2026-01-27 16:32:20,960 - easytorch-training - INFO - Checkpoint checkpoints/STMAFNet_300/7a9424dbdf56bedb1aca9acb56518206/STMAFNet_237.pt saved
2026-01-27 16:32:20,960 - easytorch-training - INFO - The estimated training finish time is 2026-01-27 17:18:00
2026-01-27 16:32:20,960 - easytorch-training - INFO - Epoch 238 / 300
2026-01-27 16:33:00,241 - easytorch-training - INFO - Result <train>: [train_time: 39.28 (s), lr: 6.25e-05, train_MAE: 12.4396, train_RMSE: 21.0815, train_MAPE: 8.3154]
2026-01-27 16:33:00,242 - easytorch-training - INFO - Start validation.
2026-01-27 16:33:02,174 - easytorch-training - INFO - Result <val>: [val_time: 1.93 (s), val_MAE: 13.5885, val_RMSE: 23.2528, val_MAPE: 10.9970]
2026-01-27 16:33:03,965 - easytorch-training - INFO - Evaluate best model on test data for horizon 1, Test MAE: 11.5932, Test RMSE: 19.1533, Test MAPE: 7.5934
2026-01-27 16:33:03,967 - easytorch-training - INFO - Evaluate best model on test data for horizon 2, Test MAE: 12.1184, Test RMSE: 20.3951, Test MAPE: 7.8803
2026-01-27 16:33:03,968 - easytorch-training - INFO - Evaluate best model on test data for horizon 3, Test MAE: 12.5362, Test RMSE: 21.4167, Test MAPE: 8.0954
2026-01-27 16:33:03,969 - easytorch-training - INFO - Evaluate best model on test data for horizon 4, Test MAE: 12.8926, Test RMSE: 22.2749, Test MAPE: 8.3030
2026-01-27 16:33:03,971 - easytorch-training - INFO - Evaluate best model on test data for horizon 5, Test MAE: 13.2003, Test RMSE: 22.9955, Test MAPE: 8.5348
2026-01-27 16:33:03,972 - easytorch-training - INFO - Evaluate best model on test data for horizon 6, Test MAE: 13.4692, Test RMSE: 23.5521, Test MAPE: 8.7436
2026-01-27 16:33:03,973 - easytorch-training - INFO - Evaluate best model on test data for horizon 7, Test MAE: 13.7190, Test RMSE: 24.1171, Test MAPE: 8.8570
2026-01-27 16:33:03,974 - easytorch-training - INFO - Evaluate best model on test data for horizon 8, Test MAE: 13.9589, Test RMSE: 24.5518, Test MAPE: 9.0311
2026-01-27 16:33:03,976 - easytorch-training - INFO - Evaluate best model on test data for horizon 9, Test MAE: 14.1662, Test RMSE: 24.9270, Test MAPE: 9.1605
2026-01-27 16:33:03,977 - easytorch-training - INFO - Evaluate best model on test data for horizon 10, Test MAE: 14.3428, Test RMSE: 25.2262, Test MAPE: 9.2913
2026-01-27 16:33:03,978 - easytorch-training - INFO - Evaluate best model on test data for horizon 11, Test MAE: 14.5049, Test RMSE: 25.4751, Test MAPE: 9.4665
2026-01-27 16:33:03,980 - easytorch-training - INFO - Evaluate best model on test data for horizon 12, Test MAE: 14.6975, Test RMSE: 25.7475, Test MAPE: 9.6130
2026-01-27 16:33:03,983 - easytorch-training - INFO - Result <test>: [test_time: 1.81 (s), test_MAE: 13.4333, test_RMSE: 23.4080, test_MAPE: 8.7141]
2026-01-27 16:33:04,137 - easytorch-training - INFO - Checkpoint checkpoints/STMAFNet_300/7a9424dbdf56bedb1aca9acb56518206/STMAFNet_238.pt saved
2026-01-27 16:33:04,138 - easytorch-training - INFO - The estimated training finish time is 2026-01-27 17:17:59
2026-01-27 16:33:04,138 - easytorch-training - INFO - Epoch 239 / 300
2026-01-27 16:33:43,708 - easytorch-training - INFO - Result <train>: [train_time: 39.57 (s), lr: 6.25e-05, train_MAE: 12.4381, train_RMSE: 21.0789, train_MAPE: 8.3224]
2026-01-27 16:33:43,710 - easytorch-training - INFO - Start validation.
2026-01-27 16:33:45,676 - easytorch-training - INFO - Result <val>: [val_time: 1.97 (s), val_MAE: 13.5980, val_RMSE: 23.2357, val_MAPE: 10.8908]
2026-01-27 16:33:47,525 - easytorch-training - INFO - Evaluate best model on test data for horizon 1, Test MAE: 11.6241, Test RMSE: 19.1889, Test MAPE: 7.5572
2026-01-27 16:33:47,526 - easytorch-training - INFO - Evaluate best model on test data for horizon 2, Test MAE: 12.1403, Test RMSE: 20.4229, Test MAPE: 7.8528
2026-01-27 16:33:47,527 - easytorch-training - INFO - Evaluate best model on test data for horizon 3, Test MAE: 12.5665, Test RMSE: 21.4460, Test MAPE: 8.1170
2026-01-27 16:33:47,528 - easytorch-training - INFO - Evaluate best model on test data for horizon 4, Test MAE: 12.9357, Test RMSE: 22.3149, Test MAPE: 8.3434
2026-01-27 16:33:47,529 - easytorch-training - INFO - Evaluate best model on test data for horizon 5, Test MAE: 13.2278, Test RMSE: 23.0314, Test MAPE: 8.5162
2026-01-27 16:33:47,530 - easytorch-training - INFO - Evaluate best model on test data for horizon 6, Test MAE: 13.4979, Test RMSE: 23.5986, Test MAPE: 8.6954
2026-01-27 16:33:47,531 - easytorch-training - INFO - Evaluate best model on test data for horizon 7, Test MAE: 13.7606, Test RMSE: 24.1272, Test MAPE: 8.8674
2026-01-27 16:33:47,532 - easytorch-training - INFO - Evaluate best model on test data for horizon 8, Test MAE: 13.9864, Test RMSE: 24.5089, Test MAPE: 9.0279
2026-01-27 16:33:47,534 - easytorch-training - INFO - Evaluate best model on test data for horizon 9, Test MAE: 14.1843, Test RMSE: 24.9018, Test MAPE: 9.1657
2026-01-27 16:33:47,535 - easytorch-training - INFO - Evaluate best model on test data for horizon 10, Test MAE: 14.3668, Test RMSE: 25.1897, Test MAPE: 9.3024
2026-01-27 16:33:47,536 - easytorch-training - INFO - Evaluate best model on test data for horizon 11, Test MAE: 14.5381, Test RMSE: 25.4952, Test MAPE: 9.4023
2026-01-27 16:33:47,537 - easytorch-training - INFO - Evaluate best model on test data for horizon 12, Test MAE: 14.7141, Test RMSE: 25.7536, Test MAPE: 9.5440
2026-01-27 16:33:47,541 - easytorch-training - INFO - Result <test>: [test_time: 1.86 (s), test_MAE: 13.4619, test_RMSE: 23.4187, test_MAPE: 8.6993]
2026-01-27 16:33:47,685 - easytorch-training - INFO - Checkpoint checkpoints/STMAFNet_300/7a9424dbdf56bedb1aca9acb56518206/STMAFNet_239.pt saved
2026-01-27 16:33:47,686 - easytorch-training - INFO - The estimated training finish time is 2026-01-27 17:17:59
2026-01-27 16:33:47,686 - easytorch-training - INFO - Epoch 240 / 300
2026-01-27 16:34:27,461 - easytorch-training - INFO - Result <train>: [train_time: 39.77 (s), lr: 6.25e-05, train_MAE: 12.4321, train_RMSE: 21.0741, train_MAPE: 8.3108]
2026-01-27 16:34:27,463 - easytorch-training - INFO - Start validation.
2026-01-27 16:34:29,354 - easytorch-training - INFO - Result <val>: [val_time: 1.89 (s), val_MAE: 13.5914, val_RMSE: 23.2465, val_MAPE: 11.0383]
2026-01-27 16:34:31,112 - easytorch-training - INFO - Evaluate best model on test data for horizon 1, Test MAE: 11.6086, Test RMSE: 19.1537, Test MAPE: 7.5450
2026-01-27 16:34:31,113 - easytorch-training - INFO - Evaluate best model on test data for horizon 2, Test MAE: 12.1129, Test RMSE: 20.3920, Test MAPE: 7.8519
2026-01-27 16:34:31,114 - easytorch-training - INFO - Evaluate best model on test data for horizon 3, Test MAE: 12.5336, Test RMSE: 21.4156, Test MAPE: 8.1012
2026-01-27 16:34:31,115 - easytorch-training - INFO - Evaluate best model on test data for horizon 4, Test MAE: 12.8995, Test RMSE: 22.2796, Test MAPE: 8.3154
2026-01-27 16:34:31,116 - easytorch-training - INFO - Evaluate best model on test data for horizon 5, Test MAE: 13.1996, Test RMSE: 22.9571, Test MAPE: 8.4971
2026-01-27 16:34:31,117 - easytorch-training - INFO - Evaluate best model on test data for horizon 6, Test MAE: 13.4703, Test RMSE: 23.5135, Test MAPE: 8.7128
2026-01-27 16:34:31,119 - easytorch-training - INFO - Evaluate best model on test data for horizon 7, Test MAE: 13.7090, Test RMSE: 24.0264, Test MAPE: 8.8311
2026-01-27 16:34:31,120 - easytorch-training - INFO - Evaluate best model on test data for horizon 8, Test MAE: 13.9547, Test RMSE: 24.4504, Test MAPE: 9.0153
2026-01-27 16:34:31,121 - easytorch-training - INFO - Evaluate best model on test data for horizon 9, Test MAE: 14.1577, Test RMSE: 24.8416, Test MAPE: 9.1424
2026-01-27 16:34:31,122 - easytorch-training - INFO - Evaluate best model on test data for horizon 10, Test MAE: 14.3511, Test RMSE: 25.1466, Test MAPE: 9.3325
2026-01-27 16:34:31,123 - easytorch-training - INFO - Evaluate best model on test data for horizon 11, Test MAE: 14.4957, Test RMSE: 25.3910, Test MAPE: 9.3966
2026-01-27 16:34:31,124 - easytorch-training - INFO - Evaluate best model on test data for horizon 12, Test MAE: 14.6901, Test RMSE: 25.6747, Test MAPE: 9.5180
2026-01-27 16:34:31,128 - easytorch-training - INFO - Result <test>: [test_time: 1.77 (s), test_MAE: 13.4319, test_RMSE: 23.3560, test_MAPE: 8.6883]
2026-01-27 16:34:31,273 - easytorch-training - INFO - Checkpoint checkpoints/STMAFNet_300/7a9424dbdf56bedb1aca9acb56518206/STMAFNet_240.pt saved
2026-01-27 16:34:31,287 - easytorch-training - INFO - The estimated training finish time is 2026-01-27 17:18:00
2026-01-27 16:34:31,287 - easytorch-training - INFO - Epoch 241 / 300
2026-01-27 16:35:10,960 - easytorch-training - INFO - Result <train>: [train_time: 39.67 (s), lr: 6.25e-05, train_MAE: 12.4315, train_RMSE: 21.0682, train_MAPE: 8.3130]
2026-01-27 16:35:10,961 - easytorch-training - INFO - Start validation.
2026-01-27 16:35:12,921 - easytorch-training - INFO - Result <val>: [val_time: 1.96 (s), val_MAE: 13.5577, val_RMSE: 23.1547, val_MAPE: 10.6444]
2026-01-27 16:35:14,756 - easytorch-training - INFO - Evaluate best model on test data for horizon 1, Test MAE: 11.5985, Test RMSE: 19.1720, Test MAPE: 7.5096
2026-01-27 16:35:14,757 - easytorch-training - INFO - Evaluate best model on test data for horizon 2, Test MAE: 12.1212, Test RMSE: 20.4110, Test MAPE: 7.8310
2026-01-27 16:35:14,758 - easytorch-training - INFO - Evaluate best model on test data for horizon 3, Test MAE: 12.5280, Test RMSE: 21.3864, Test MAPE: 8.0420
2026-01-27 16:35:14,759 - easytorch-training - INFO - Evaluate best model on test data for horizon 4, Test MAE: 12.8990, Test RMSE: 22.2316, Test MAPE: 8.2711
2026-01-27 16:35:14,760 - easytorch-training - INFO - Evaluate best model on test data for horizon 5, Test MAE: 13.1965, Test RMSE: 22.9176, Test MAPE: 8.4731
2026-01-27 16:35:14,761 - easytorch-training - INFO - Evaluate best model on test data for horizon 6, Test MAE: 13.4753, Test RMSE: 23.5139, Test MAPE: 8.6425
2026-01-27 16:35:14,762 - easytorch-training - INFO - Evaluate best model on test data for horizon 7, Test MAE: 13.7343, Test RMSE: 24.0795, Test MAPE: 8.7901
2026-01-27 16:35:14,763 - easytorch-training - INFO - Evaluate best model on test data for horizon 8, Test MAE: 13.9501, Test RMSE: 24.4902, Test MAPE: 8.9319
2026-01-27 16:35:14,765 - easytorch-training - INFO - Evaluate best model on test data for horizon 9, Test MAE: 14.1672, Test RMSE: 24.8821, Test MAPE: 9.0864
2026-01-27 16:35:14,766 - easytorch-training - INFO - Evaluate best model on test data for horizon 10, Test MAE: 14.3209, Test RMSE: 25.1653, Test MAPE: 9.1972
2026-01-27 16:35:14,767 - easytorch-training - INFO - Evaluate best model on test data for horizon 11, Test MAE: 14.4875, Test RMSE: 25.4066, Test MAPE: 9.3197
2026-01-27 16:35:14,768 - easytorch-training - INFO - Evaluate best model on test data for horizon 12, Test MAE: 14.6905, Test RMSE: 25.6929, Test MAPE: 9.4678
2026-01-27 16:35:14,772 - easytorch-training - INFO - Result <test>: [test_time: 1.85 (s), test_MAE: 13.4308, test_RMSE: 23.3658, test_MAPE: 8.6302]
2026-01-27 16:35:14,914 - easytorch-training - INFO - Checkpoint checkpoints/STMAFNet_300/7a9424dbdf56bedb1aca9acb56518206/STMAFNet_241.pt saved
2026-01-27 16:35:14,915 - easytorch-training - INFO - The estimated training finish time is 2026-01-27 17:18:00
2026-01-27 16:35:14,915 - easytorch-training - INFO - Epoch 242 / 300
2026-01-27 16:35:54,810 - easytorch-training - INFO - Result <train>: [train_time: 39.90 (s), lr: 6.25e-05, train_MAE: 12.4292, train_RMSE: 21.0647, train_MAPE: 8.3142]
2026-01-27 16:35:54,812 - easytorch-training - INFO - Start validation.
2026-01-27 16:35:56,719 - easytorch-training - INFO - Result <val>: [val_time: 1.91 (s), val_MAE: 13.5789, val_RMSE: 23.1876, val_MAPE: 10.7074]
2026-01-27 16:35:58,564 - easytorch-training - INFO - Evaluate best model on test data for horizon 1, Test MAE: 11.6017, Test RMSE: 19.1897, Test MAPE: 7.5662
2026-01-27 16:35:58,565 - easytorch-training - INFO - Evaluate best model on test data for horizon 2, Test MAE: 12.1206, Test RMSE: 20.4144, Test MAPE: 7.7962
2026-01-27 16:35:58,566 - easytorch-training - INFO - Evaluate best model on test data for horizon 3, Test MAE: 12.5406, Test RMSE: 21.4055, Test MAPE: 8.0208
2026-01-27 16:35:58,567 - easytorch-training - INFO - Evaluate best model on test data for horizon 4, Test MAE: 12.8919, Test RMSE: 22.2418, Test MAPE: 8.3419
2026-01-27 16:35:58,568 - easytorch-training - INFO - Evaluate best model on test data for horizon 5, Test MAE: 13.2113, Test RMSE: 22.9381, Test MAPE: 8.5167
2026-01-27 16:35:58,570 - easytorch-training - INFO - Evaluate best model on test data for horizon 6, Test MAE: 13.4868, Test RMSE: 23.5464, Test MAPE: 8.6447
2026-01-27 16:35:58,571 - easytorch-training - INFO - Evaluate best model on test data for horizon 7, Test MAE: 13.7378, Test RMSE: 24.0398, Test MAPE: 8.7861
2026-01-27 16:35:58,572 - easytorch-training - INFO - Evaluate best model on test data for horizon 8, Test MAE: 13.9794, Test RMSE: 24.4630, Test MAPE: 8.9383
2026-01-27 16:35:58,573 - easytorch-training - INFO - Evaluate best model on test data for horizon 9, Test MAE: 14.1705, Test RMSE: 24.8503, Test MAPE: 9.0983
2026-01-27 16:35:58,574 - easytorch-training - INFO - Evaluate best model on test data for horizon 10, Test MAE: 14.3450, Test RMSE: 25.1366, Test MAPE: 9.2152
2026-01-27 16:35:58,575 - easytorch-training - INFO - Evaluate best model on test data for horizon 11, Test MAE: 14.5262, Test RMSE: 25.4163, Test MAPE: 9.3524
2026-01-27 16:35:58,576 - easytorch-training - INFO - Evaluate best model on test data for horizon 12, Test MAE: 14.7244, Test RMSE: 25.6740, Test MAPE: 9.4693
2026-01-27 16:35:58,580 - easytorch-training - INFO - Result <test>: [test_time: 1.86 (s), test_MAE: 13.4447, test_RMSE: 23.3619, test_MAPE: 8.6455]
2026-01-27 16:35:58,724 - easytorch-training - INFO - Checkpoint checkpoints/STMAFNet_300/7a9424dbdf56bedb1aca9acb56518206/STMAFNet_242.pt saved
2026-01-27 16:35:58,725 - easytorch-training - INFO - The estimated training finish time is 2026-01-27 17:18:00
2026-01-27 16:35:58,725 - easytorch-training - INFO - Epoch 243 / 300
2026-01-27 16:36:37,330 - easytorch-training - INFO - Result <train>: [train_time: 38.60 (s), lr: 6.25e-05, train_MAE: 12.4256, train_RMSE: 21.0578, train_MAPE: 8.3107]
2026-01-27 16:36:37,331 - easytorch-training - INFO - Start validation.
2026-01-27 16:36:39,216 - easytorch-training - INFO - Result <val>: [val_time: 1.88 (s), val_MAE: 13.5687, val_RMSE: 23.1665, val_MAPE: 10.7813]
2026-01-27 16:36:41,057 - easytorch-training - INFO - Evaluate best model on test data for horizon 1, Test MAE: 11.5993, Test RMSE: 19.1594, Test MAPE: 7.7417
2026-01-27 16:36:41,058 - easytorch-training - INFO - Evaluate best model on test data for horizon 2, Test MAE: 12.1160, Test RMSE: 20.4093, Test MAPE: 7.8319
2026-01-27 16:36:41,059 - easytorch-training - INFO - Evaluate best model on test data for horizon 3, Test MAE: 12.5379, Test RMSE: 21.3932, Test MAPE: 8.1266
2026-01-27 16:36:41,060 - easytorch-training - INFO - Evaluate best model on test data for horizon 4, Test MAE: 12.9039, Test RMSE: 22.2439, Test MAPE: 8.3724
2026-01-27 16:36:41,061 - easytorch-training - INFO - Evaluate best model on test data for horizon 5, Test MAE: 13.2154, Test RMSE: 22.9234, Test MAPE: 8.6438
2026-01-27 16:36:41,062 - easytorch-training - INFO - Evaluate best model on test data for horizon 6, Test MAE: 13.4779, Test RMSE: 23.5130, Test MAPE: 8.7935
2026-01-27 16:36:41,064 - easytorch-training - INFO - Evaluate best model on test data for horizon 7, Test MAE: 13.7402, Test RMSE: 24.0640, Test MAPE: 9.0444
2026-01-27 16:36:41,065 - easytorch-training - INFO - Evaluate best model on test data for horizon 8, Test MAE: 13.9797, Test RMSE: 24.5042, Test MAPE: 9.0483
2026-01-27 16:36:41,066 - easytorch-training - INFO - Evaluate best model on test data for horizon 9, Test MAE: 14.1789, Test RMSE: 24.9076, Test MAPE: 9.2857
2026-01-27 16:36:41,067 - easytorch-training - INFO - Evaluate best model on test data for horizon 10, Test MAE: 14.3417, Test RMSE: 25.2048, Test MAPE: 9.1890
2026-01-27 16:36:41,068 - easytorch-training - INFO - Evaluate best model on test data for horizon 11, Test MAE: 14.5144, Test RMSE: 25.4532, Test MAPE: 9.3474
2026-01-27 16:36:41,069 - easytorch-training - INFO - Evaluate best model on test data for horizon 12, Test MAE: 14.6956, Test RMSE: 25.6653, Test MAPE: 9.5499
2026-01-27 16:36:41,073 - easytorch-training - INFO - Result <test>: [test_time: 1.86 (s), test_MAE: 13.4417, test_RMSE: 23.3741, test_MAPE: 8.7479]
2026-01-27 16:36:41,219 - easytorch-training - INFO - Checkpoint checkpoints/STMAFNet_300/7a9424dbdf56bedb1aca9acb56518206/STMAFNet_243.pt saved
2026-01-27 16:36:41,220 - easytorch-training - INFO - The estimated training finish time is 2026-01-27 17:17:59
2026-01-27 16:36:41,220 - easytorch-training - INFO - Epoch 244 / 300
2026-01-27 16:37:21,161 - easytorch-training - INFO - Result <train>: [train_time: 39.94 (s), lr: 6.25e-05, train_MAE: 12.4247, train_RMSE: 21.0660, train_MAPE: 8.3012]
2026-01-27 16:37:21,163 - easytorch-training - INFO - Start validation.
2026-01-27 16:37:23,166 - easytorch-training - INFO - Result <val>: [val_time: 2.00 (s), val_MAE: 13.5856, val_RMSE: 23.2383, val_MAPE: 10.8999]
2026-01-27 16:37:24,945 - easytorch-training - INFO - Evaluate best model on test data for horizon 1, Test MAE: 11.6192, Test RMSE: 19.1918, Test MAPE: 7.5285
2026-01-27 16:37:24,947 - easytorch-training - INFO - Evaluate best model on test data for horizon 2, Test MAE: 12.1213, Test RMSE: 20.4578, Test MAPE: 7.8496
2026-01-27 16:37:24,948 - easytorch-training - INFO - Evaluate best model on test data for horizon 3, Test MAE: 12.5702, Test RMSE: 21.4803, Test MAPE: 8.0826
2026-01-27 16:37:24,949 - easytorch-training - INFO - Evaluate best model on test data for horizon 4, Test MAE: 12.9218, Test RMSE: 22.3535, Test MAPE: 8.3374
2026-01-27 16:37:24,950 - easytorch-training - INFO - Evaluate best model on test data for horizon 5, Test MAE: 13.2409, Test RMSE: 23.0604, Test MAPE: 8.5161
2026-01-27 16:37:24,951 - easytorch-training - INFO - Evaluate best model on test data for horizon 6, Test MAE: 13.5044, Test RMSE: 23.6324, Test MAPE: 8.7006
2026-01-27 16:37:24,952 - easytorch-training - INFO - Evaluate best model on test data for horizon 7, Test MAE: 13.7499, Test RMSE: 24.1717, Test MAPE: 8.8320
2026-01-27 16:37:24,953 - easytorch-training - INFO - Evaluate best model on test data for horizon 8, Test MAE: 14.0049, Test RMSE: 24.6158, Test MAPE: 8.9698
2026-01-27 16:37:24,954 - easytorch-training - INFO - Evaluate best model on test data for horizon 9, Test MAE: 14.2030, Test RMSE: 24.9941, Test MAPE: 9.0909
2026-01-27 16:37:24,955 - easytorch-training - INFO - Evaluate best model on test data for horizon 10, Test MAE: 14.3820, Test RMSE: 25.2851, Test MAPE: 9.2240
2026-01-27 16:37:24,957 - easytorch-training - INFO - Evaluate best model on test data for horizon 11, Test MAE: 14.5506, Test RMSE: 25.5344, Test MAPE: 9.3282
2026-01-27 16:37:24,958 - easytorch-training - INFO - Evaluate best model on test data for horizon 12, Test MAE: 14.7263, Test RMSE: 25.7730, Test MAPE: 9.4618
2026-01-27 16:37:24,961 - easytorch-training - INFO - Result <test>: [test_time: 1.79 (s), test_MAE: 13.4662, test_RMSE: 23.4675, test_MAPE: 8.6601]
2026-01-27 16:37:25,106 - easytorch-training - INFO - Checkpoint checkpoints/STMAFNet_300/7a9424dbdf56bedb1aca9acb56518206/STMAFNet_244.pt saved
2026-01-27 16:37:25,107 - easytorch-training - INFO - The estimated training finish time is 2026-01-27 17:18:00
2026-01-27 16:37:25,107 - easytorch-training - INFO - Epoch 245 / 300
2026-01-27 16:38:04,493 - easytorch-training - INFO - Result <train>: [train_time: 39.39 (s), lr: 6.25e-05, train_MAE: 12.4199, train_RMSE: 21.0454, train_MAPE: 8.3060]
2026-01-27 16:38:04,495 - easytorch-training - INFO - Start validation.
2026-01-27 16:38:06,447 - easytorch-training - INFO - Result <val>: [val_time: 1.95 (s), val_MAE: 13.5667, val_RMSE: 23.1762, val_MAPE: 10.5982]
2026-01-27 16:38:08,287 - easytorch-training - INFO - Evaluate best model on test data for horizon 1, Test MAE: 11.6129, Test RMSE: 19.1790, Test MAPE: 7.5828
2026-01-27 16:38:08,288 - easytorch-training - INFO - Evaluate best model on test data for horizon 2, Test MAE: 12.1199, Test RMSE: 20.4345, Test MAPE: 7.8238
2026-01-27 16:38:08,289 - easytorch-training - INFO - Evaluate best model on test data for horizon 3, Test MAE: 12.5346, Test RMSE: 21.4240, Test MAPE: 8.0778
2026-01-27 16:38:08,291 - easytorch-training - INFO - Evaluate best model on test data for horizon 4, Test MAE: 12.9094, Test RMSE: 22.2828, Test MAPE: 8.2680
2026-01-27 16:38:08,292 - easytorch-training - INFO - Evaluate best model on test data for horizon 5, Test MAE: 13.2288, Test RMSE: 22.9842, Test MAPE: 8.4506
2026-01-27 16:38:08,293 - easytorch-training - INFO - Evaluate best model on test data for horizon 6, Test MAE: 13.4833, Test RMSE: 23.5549, Test MAPE: 8.6429
2026-01-27 16:38:08,294 - easytorch-training - INFO - Evaluate best model on test data for horizon 7, Test MAE: 13.7408, Test RMSE: 24.0809, Test MAPE: 8.7779
2026-01-27 16:38:08,295 - easytorch-training - INFO - Evaluate best model on test data for horizon 8, Test MAE: 13.9804, Test RMSE: 24.5259, Test MAPE: 8.9295
2026-01-27 16:38:08,296 - easytorch-training - INFO - Evaluate best model on test data for horizon 9, Test MAE: 14.1791, Test RMSE: 24.8854, Test MAPE: 9.0576
2026-01-27 16:38:08,297 - easytorch-training - INFO - Evaluate best model on test data for horizon 10, Test MAE: 14.3671, Test RMSE: 25.1863, Test MAPE: 9.1898
2026-01-27 16:38:08,299 - easytorch-training - INFO - Evaluate best model on test data for horizon 11, Test MAE: 14.5350, Test RMSE: 25.4326, Test MAPE: 9.3140
2026-01-27 16:38:08,300 - easytorch-training - INFO - Evaluate best model on test data for horizon 12, Test MAE: 14.7328, Test RMSE: 25.6877, Test MAPE: 9.4615
2026-01-27 16:38:08,304 - easytorch-training - INFO - Result <test>: [test_time: 1.86 (s), test_MAE: 13.4520, test_RMSE: 23.3911, test_MAPE: 8.6313]
2026-01-27 16:38:08,448 - easytorch-training - INFO - Checkpoint checkpoints/STMAFNet_300/7a9424dbdf56bedb1aca9acb56518206/STMAFNet_245.pt saved
2026-01-27 16:38:08,449 - easytorch-training - INFO - The estimated training finish time is 2026-01-27 17:17:59
2026-01-27 16:38:08,449 - easytorch-training - INFO - Epoch 246 / 300
2026-01-27 16:38:48,280 - easytorch-training - INFO - Result <train>: [train_time: 39.83 (s), lr: 6.25e-05, train_MAE: 12.4100, train_RMSE: 21.0251, train_MAPE: 8.3091]
2026-01-27 16:38:48,281 - easytorch-training - INFO - Start validation.
2026-01-27 16:38:50,217 - easytorch-training - INFO - Result <val>: [val_time: 1.94 (s), val_MAE: 13.5463, val_RMSE: 23.1627, val_MAPE: 10.5780]
2026-01-27 16:38:52,016 - easytorch-training - INFO - Evaluate best model on test data for horizon 1, Test MAE: 11.6038, Test RMSE: 19.1737, Test MAPE: 7.6415
2026-01-27 16:38:52,017 - easytorch-training - INFO - Evaluate best model on test data for horizon 2, Test MAE: 12.1145, Test RMSE: 20.4278, Test MAPE: 7.9282
2026-01-27 16:38:52,018 - easytorch-training - INFO - Evaluate best model on test data for horizon 3, Test MAE: 12.5249, Test RMSE: 21.4087, Test MAPE: 8.1693
2026-01-27 16:38:52,019 - easytorch-training - INFO - Evaluate best model on test data for horizon 4, Test MAE: 12.9088, Test RMSE: 22.2856, Test MAPE: 8.3372
2026-01-27 16:38:52,020 - easytorch-training - INFO - Evaluate best model on test data for horizon 5, Test MAE: 13.2088, Test RMSE: 22.9754, Test MAPE: 8.4963
2026-01-27 16:38:52,021 - easytorch-training - INFO - Evaluate best model on test data for horizon 6, Test MAE: 13.4960, Test RMSE: 23.5962, Test MAPE: 8.6868
2026-01-27 16:38:52,022 - easytorch-training - INFO - Evaluate best model on test data for horizon 7, Test MAE: 13.7397, Test RMSE: 24.1046, Test MAPE: 8.8632
2026-01-27 16:38:52,023 - easytorch-training - INFO - Evaluate best model on test data for horizon 8, Test MAE: 13.9837, Test RMSE: 24.5642, Test MAPE: 9.0031
2026-01-27 16:38:52,024 - easytorch-training - INFO - Evaluate best model on test data for horizon 9, Test MAE: 14.1957, Test RMSE: 24.9597, Test MAPE: 9.1023
2026-01-27 16:38:52,026 - easytorch-training - INFO - Evaluate best model on test data for horizon 10, Test MAE: 14.3397, Test RMSE: 25.2309, Test MAPE: 9.2234
2026-01-27 16:38:52,027 - easytorch-training - INFO - Evaluate best model on test data for horizon 11, Test MAE: 14.5121, Test RMSE: 25.4667, Test MAPE: 9.3746
2026-01-27 16:38:52,028 - easytorch-training - INFO - Evaluate best model on test data for horizon 12, Test MAE: 14.7084, Test RMSE: 25.7382, Test MAPE: 9.5011
2026-01-27 16:38:52,032 - easytorch-training - INFO - Result <test>: [test_time: 1.81 (s), test_MAE: 13.4447, test_RMSE: 23.4158, test_MAPE: 8.6939]
2026-01-27 16:38:52,178 - easytorch-training - INFO - Checkpoint checkpoints/STMAFNet_300/7a9424dbdf56bedb1aca9acb56518206/STMAFNet_246.pt saved
2026-01-27 16:38:52,179 - easytorch-training - INFO - The estimated training finish time is 2026-01-27 17:18:00
2026-01-27 16:38:52,179 - easytorch-training - INFO - Epoch 247 / 300
2026-01-27 16:39:31,763 - easytorch-training - INFO - Result <train>: [train_time: 39.58 (s), lr: 6.25e-05, train_MAE: 12.4193, train_RMSE: 21.0440, train_MAPE: 8.3045]
2026-01-27 16:39:31,765 - easytorch-training - INFO - Start validation.
2026-01-27 16:39:33,713 - easytorch-training - INFO - Result <val>: [val_time: 1.95 (s), val_MAE: 13.6015, val_RMSE: 23.2259, val_MAPE: 10.7975]
2026-01-27 16:39:35,555 - easytorch-training - INFO - Evaluate best model on test data for horizon 1, Test MAE: 11.6257, Test RMSE: 19.1858, Test MAPE: 7.5604
2026-01-27 16:39:35,556 - easytorch-training - INFO - Evaluate best model on test data for horizon 2, Test MAE: 12.1538, Test RMSE: 20.4557, Test MAPE: 7.9185
2026-01-27 16:39:35,557 - easytorch-training - INFO - Evaluate best model on test data for horizon 3, Test MAE: 12.5685, Test RMSE: 21.4441, Test MAPE: 8.0576
2026-01-27 16:39:35,558 - easytorch-training - INFO - Evaluate best model on test data for horizon 4, Test MAE: 12.9270, Test RMSE: 22.3058, Test MAPE: 8.2964
2026-01-27 16:39:35,560 - easytorch-training - INFO - Evaluate best model on test data for horizon 5, Test MAE: 13.2353, Test RMSE: 22.9823, Test MAPE: 8.4607
2026-01-27 16:39:35,561 - easytorch-training - INFO - Evaluate best model on test data for horizon 6, Test MAE: 13.4996, Test RMSE: 23.5631, Test MAPE: 8.6789
2026-01-27 16:39:35,562 - easytorch-training - INFO - Evaluate best model on test data for horizon 7, Test MAE: 13.7520, Test RMSE: 24.0870, Test MAPE: 8.8238
2026-01-27 16:39:35,563 - easytorch-training - INFO - Evaluate best model on test data for horizon 8, Test MAE: 13.9828, Test RMSE: 24.5329, Test MAPE: 8.9863
2026-01-27 16:39:35,564 - easytorch-training - INFO - Evaluate best model on test data for horizon 9, Test MAE: 14.2106, Test RMSE: 24.9612, Test MAPE: 9.1238
2026-01-27 16:39:35,565 - easytorch-training - INFO - Evaluate best model on test data for horizon 10, Test MAE: 14.3809, Test RMSE: 25.2625, Test MAPE: 9.2149
2026-01-27 16:39:35,566 - easytorch-training - INFO - Evaluate best model on test data for horizon 11, Test MAE: 14.5477, Test RMSE: 25.4530, Test MAPE: 9.4759
2026-01-27 16:39:35,567 - easytorch-training - INFO - Evaluate best model on test data for horizon 12, Test MAE: 14.7388, Test RMSE: 25.7272, Test MAPE: 9.4992
2026-01-27 16:39:35,571 - easytorch-training - INFO - Result <test>: [test_time: 1.86 (s), test_MAE: 13.4686, test_RMSE: 23.4172, test_MAPE: 8.6747]
2026-01-27 16:39:35,716 - easytorch-training - INFO - Checkpoint checkpoints/STMAFNet_300/7a9424dbdf56bedb1aca9acb56518206/STMAFNet_247.pt saved
2026-01-27 16:39:35,716 - easytorch-training - INFO - The estimated training finish time is 2026-01-27 17:18:00
2026-01-27 16:39:35,716 - easytorch-training - INFO - Epoch 248 / 300
2026-01-27 16:40:14,894 - easytorch-training - INFO - Result <train>: [train_time: 39.18 (s), lr: 6.25e-05, train_MAE: 12.4160, train_RMSE: 21.0415, train_MAPE: 8.3078]
2026-01-27 16:40:14,896 - easytorch-training - INFO - Start validation.
2026-01-27 16:40:16,827 - easytorch-training - INFO - Result <val>: [val_time: 1.93 (s), val_MAE: 13.5561, val_RMSE: 23.1341, val_MAPE: 10.4338]
2026-01-27 16:40:18,650 - easytorch-training - INFO - Evaluate best model on test data for horizon 1, Test MAE: 11.6194, Test RMSE: 19.2212, Test MAPE: 7.4985
2026-01-27 16:40:18,651 - easytorch-training - INFO - Evaluate best model on test data for horizon 2, Test MAE: 12.1368, Test RMSE: 20.4529, Test MAPE: 7.7936
2026-01-27 16:40:18,652 - easytorch-training - INFO - Evaluate best model on test data for horizon 3, Test MAE: 12.5530, Test RMSE: 21.4412, Test MAPE: 8.0593
2026-01-27 16:40:18,653 - easytorch-training - INFO - Evaluate best model on test data for horizon 4, Test MAE: 12.9262, Test RMSE: 22.2905, Test MAPE: 8.2596
2026-01-27 16:40:18,654 - easytorch-training - INFO - Evaluate best model on test data for horizon 5, Test MAE: 13.2139, Test RMSE: 22.9667, Test MAPE: 8.4478
2026-01-27 16:40:18,655 - easytorch-training - INFO - Evaluate best model on test data for horizon 6, Test MAE: 13.4863, Test RMSE: 23.5624, Test MAPE: 8.6503
2026-01-27 16:40:18,656 - easytorch-training - INFO - Evaluate best model on test data for horizon 7, Test MAE: 13.7354, Test RMSE: 24.0628, Test MAPE: 8.7993
2026-01-27 16:40:18,658 - easytorch-training - INFO - Evaluate best model on test data for horizon 8, Test MAE: 13.9774, Test RMSE: 24.4661, Test MAPE: 8.9785
2026-01-27 16:40:18,659 - easytorch-training - INFO - Evaluate best model on test data for horizon 9, Test MAE: 14.1713, Test RMSE: 24.8571, Test MAPE: 9.0870
2026-01-27 16:40:18,660 - easytorch-training - INFO - Evaluate best model on test data for horizon 10, Test MAE: 14.3488, Test RMSE: 25.1688, Test MAPE: 9.2108
2026-01-27 16:40:18,661 - easytorch-training - INFO - Evaluate best model on test data for horizon 11, Test MAE: 14.5330, Test RMSE: 25.4424, Test MAPE: 9.3363
2026-01-27 16:40:18,662 - easytorch-training - INFO - Evaluate best model on test data for horizon 12, Test MAE: 14.7287, Test RMSE: 25.7045, Test MAPE: 9.4578
2026-01-27 16:40:18,666 - easytorch-training - INFO - Result <test>: [test_time: 1.84 (s), test_MAE: 13.4525, test_RMSE: 23.3880, test_MAPE: 8.6316]
2026-01-27 16:40:18,811 - easytorch-training - INFO - Checkpoint checkpoints/STMAFNet_300/7a9424dbdf56bedb1aca9acb56518206/STMAFNet_248.pt saved
2026-01-27 16:40:18,811 - easytorch-training - INFO - The estimated training finish time is 2026-01-27 17:17:59
2026-01-27 16:40:18,811 - easytorch-training - INFO - Epoch 249 / 300
2026-01-27 16:40:58,364 - easytorch-training - INFO - Result <train>: [train_time: 39.55 (s), lr: 6.25e-05, train_MAE: 12.4091, train_RMSE: 21.0280, train_MAPE: 8.2999]
2026-01-27 16:40:58,365 - easytorch-training - INFO - Start validation.
2026-01-27 16:41:00,326 - easytorch-training - INFO - Result <val>: [val_time: 1.96 (s), val_MAE: 13.5738, val_RMSE: 23.2057, val_MAPE: 10.8157]
2026-01-27 16:41:02,160 - easytorch-training - INFO - Evaluate best model on test data for horizon 1, Test MAE: 11.5947, Test RMSE: 19.1622, Test MAPE: 7.5435
2026-01-27 16:41:02,161 - easytorch-training - INFO - Evaluate best model on test data for horizon 2, Test MAE: 12.1259, Test RMSE: 20.4233, Test MAPE: 7.9374
2026-01-27 16:41:02,163 - easytorch-training - INFO - Evaluate best model on test data for horizon 3, Test MAE: 12.5531, Test RMSE: 21.4344, Test MAPE: 8.0911
2026-01-27 16:41:02,164 - easytorch-training - INFO - Evaluate best model on test data for horizon 4, Test MAE: 12.8971, Test RMSE: 22.2833, Test MAPE: 8.3770
2026-01-27 16:41:02,165 - easytorch-training - INFO - Evaluate best model on test data for horizon 5, Test MAE: 13.2109, Test RMSE: 22.9800, Test MAPE: 8.4846
2026-01-27 16:41:02,166 - easytorch-training - INFO - Evaluate best model on test data for horizon 6, Test MAE: 13.4713, Test RMSE: 23.5614, Test MAPE: 8.7110
2026-01-27 16:41:02,167 - easytorch-training - INFO - Evaluate best model on test data for horizon 7, Test MAE: 13.7239, Test RMSE: 24.0538, Test MAPE: 8.8387
2026-01-27 16:41:02,168 - easytorch-training - INFO - Evaluate best model on test data for horizon 8, Test MAE: 13.9649, Test RMSE: 24.4847, Test MAPE: 8.9725
2026-01-27 16:41:02,169 - easytorch-training - INFO - Evaluate best model on test data for horizon 9, Test MAE: 14.1609, Test RMSE: 24.8593, Test MAPE: 9.1250
2026-01-27 16:41:02,170 - easytorch-training - INFO - Evaluate best model on test data for horizon 10, Test MAE: 14.3261, Test RMSE: 25.1397, Test MAPE: 9.2379
2026-01-27 16:41:02,171 - easytorch-training - INFO - Evaluate best model on test data for horizon 11, Test MAE: 14.5038, Test RMSE: 25.3835, Test MAPE: 9.4075
2026-01-27 16:41:02,172 - easytorch-training - INFO - Evaluate best model on test data for horizon 12, Test MAE: 14.6900, Test RMSE: 25.6528, Test MAPE: 9.5171
2026-01-27 16:41:02,176 - easytorch-training - INFO - Result <test>: [test_time: 1.85 (s), test_MAE: 13.4352, test_RMSE: 23.3701, test_MAPE: 8.6869]
2026-01-27 16:41:02,321 - easytorch-training - INFO - Checkpoint checkpoints/STMAFNet_300/7a9424dbdf56bedb1aca9acb56518206/STMAFNet_249.pt saved
2026-01-27 16:41:02,321 - easytorch-training - INFO - The estimated training finish time is 2026-01-27 17:17:59
2026-01-27 16:41:02,321 - easytorch-training - INFO - Epoch 250 / 300
2026-01-27 16:41:42,096 - easytorch-training - INFO - Result <train>: [train_time: 39.77 (s), lr: 6.25e-05, train_MAE: 12.4084, train_RMSE: 21.0371, train_MAPE: 8.2966]
2026-01-27 16:41:42,097 - easytorch-training - INFO - Start validation.
2026-01-27 16:41:44,068 - easytorch-training - INFO - Result <val>: [val_time: 1.97 (s), val_MAE: 13.5944, val_RMSE: 23.2347, val_MAPE: 10.9846]
2026-01-27 16:41:45,899 - easytorch-training - INFO - Evaluate best model on test data for horizon 1, Test MAE: 11.6150, Test RMSE: 19.1846, Test MAPE: 7.5347
2026-01-27 16:41:45,901 - easytorch-training - INFO - Evaluate best model on test data for horizon 2, Test MAE: 12.1270, Test RMSE: 20.4270, Test MAPE: 7.8322
2026-01-27 16:41:45,902 - easytorch-training - INFO - Evaluate best model on test data for horizon 3, Test MAE: 12.5540, Test RMSE: 21.4157, Test MAPE: 8.0742
2026-01-27 16:41:45,903 - easytorch-training - INFO - Evaluate best model on test data for horizon 4, Test MAE: 12.9038, Test RMSE: 22.2360, Test MAPE: 8.2762
2026-01-27 16:41:45,904 - easytorch-training - INFO - Evaluate best model on test data for horizon 5, Test MAE: 13.2046, Test RMSE: 22.9082, Test MAPE: 8.4971
2026-01-27 16:41:45,905 - easytorch-training - INFO - Evaluate best model on test data for horizon 6, Test MAE: 13.5064, Test RMSE: 23.5566, Test MAPE: 8.6545
2026-01-27 16:41:45,906 - easytorch-training - INFO - Evaluate best model on test data for horizon 7, Test MAE: 13.7515, Test RMSE: 24.1030, Test MAPE: 8.8070
2026-01-27 16:41:45,907 - easytorch-training - INFO - Evaluate best model on test data for horizon 8, Test MAE: 13.9929, Test RMSE: 24.5518, Test MAPE: 9.0111
2026-01-27 16:41:45,908 - easytorch-training - INFO - Evaluate best model on test data for horizon 9, Test MAE: 14.1865, Test RMSE: 24.9131, Test MAPE: 9.1633
2026-01-27 16:41:45,909 - easytorch-training - INFO - Evaluate best model on test data for horizon 10, Test MAE: 14.3583, Test RMSE: 25.2326, Test MAPE: 9.2587
2026-01-27 16:41:45,910 - easytorch-training - INFO - Evaluate best model on test data for horizon 11, Test MAE: 14.5447, Test RMSE: 25.4669, Test MAPE: 9.4286
2026-01-27 16:41:45,911 - easytorch-training - INFO - Evaluate best model on test data for horizon 12, Test MAE: 14.7241, Test RMSE: 25.7253, Test MAPE: 9.5122
2026-01-27 16:41:45,915 - easytorch-training - INFO - Result <test>: [test_time: 1.85 (s), test_MAE: 13.4557, test_RMSE: 23.3979, test_MAPE: 8.6708]
2026-01-27 16:41:46,061 - easytorch-training - INFO - Checkpoint checkpoints/STMAFNet_300/7a9424dbdf56bedb1aca9acb56518206/STMAFNet_250.pt saved
2026-01-27 16:41:46,075 - easytorch-training - INFO - The estimated training finish time is 2026-01-27 17:18:00
2026-01-27 16:41:46,075 - easytorch-training - INFO - Epoch 251 / 300
2026-01-27 16:42:25,668 - easytorch-training - INFO - Result <train>: [train_time: 39.59 (s), lr: 6.25e-05, train_MAE: 12.4049, train_RMSE: 21.0268, train_MAPE: 8.3023]
2026-01-27 16:42:25,670 - easytorch-training - INFO - Start validation.
2026-01-27 16:42:27,641 - easytorch-training - INFO - Result <val>: [val_time: 1.97 (s), val_MAE: 13.6107, val_RMSE: 23.2425, val_MAPE: 10.9159]
2026-01-27 16:42:29,470 - easytorch-training - INFO - Evaluate best model on test data for horizon 1, Test MAE: 11.6019, Test RMSE: 19.1851, Test MAPE: 7.5450
2026-01-27 16:42:29,472 - easytorch-training - INFO - Evaluate best model on test data for horizon 2, Test MAE: 12.1409, Test RMSE: 20.4665, Test MAPE: 7.9338
2026-01-27 16:42:29,473 - easytorch-training - INFO - Evaluate best model on test data for horizon 3, Test MAE: 12.5730, Test RMSE: 21.4567, Test MAPE: 8.1168
2026-01-27 16:42:29,474 - easytorch-training - INFO - Evaluate best model on test data for horizon 4, Test MAE: 12.9549, Test RMSE: 22.3383, Test MAPE: 8.3370
2026-01-27 16:42:29,475 - easytorch-training - INFO - Evaluate best model on test data for horizon 5, Test MAE: 13.2803, Test RMSE: 23.0683, Test MAPE: 8.6197
2026-01-27 16:42:29,476 - easytorch-training - INFO - Evaluate best model on test data for horizon 6, Test MAE: 13.5448, Test RMSE: 23.6715, Test MAPE: 8.7130
2026-01-27 16:42:29,477 - easytorch-training - INFO - Evaluate best model on test data for horizon 7, Test MAE: 13.7875, Test RMSE: 24.1804, Test MAPE: 8.8815
2026-01-27 16:42:29,478 - easytorch-training - INFO - Evaluate best model on test data for horizon 8, Test MAE: 14.0226, Test RMSE: 24.5777, Test MAPE: 9.0179
2026-01-27 16:42:29,479 - easytorch-training - INFO - Evaluate best model on test data for horizon 9, Test MAE: 14.2136, Test RMSE: 24.9179, Test MAPE: 9.1868
2026-01-27 16:42:29,480 - easytorch-training - INFO - Evaluate best model on test data for horizon 10, Test MAE: 14.3834, Test RMSE: 25.2096, Test MAPE: 9.2623
2026-01-27 16:42:29,481 - easytorch-training - INFO - Evaluate best model on test data for horizon 11, Test MAE: 14.5562, Test RMSE: 25.4656, Test MAPE: 9.3864
2026-01-27 16:42:29,482 - easytorch-training - INFO - Evaluate best model on test data for horizon 12, Test MAE: 14.7459, Test RMSE: 25.7355, Test MAPE: 9.5260
2026-01-27 16:42:29,486 - easytorch-training - INFO - Result <test>: [test_time: 1.84 (s), test_MAE: 13.4837, test_RMSE: 23.4429, test_MAPE: 8.7105]
2026-01-27 16:42:29,629 - easytorch-training - INFO - Checkpoint checkpoints/STMAFNet_300/7a9424dbdf56bedb1aca9acb56518206/STMAFNet_251.pt saved
2026-01-27 16:42:29,630 - easytorch-training - INFO - The estimated training finish time is 2026-01-27 17:18:00
2026-01-27 16:42:29,630 - easytorch-training - INFO - Epoch 252 / 300
2026-01-27 16:43:09,001 - easytorch-training - INFO - Result <train>: [train_time: 39.37 (s), lr: 6.25e-05, train_MAE: 12.4054, train_RMSE: 21.0259, train_MAPE: 8.2966]
2026-01-27 16:43:09,003 - easytorch-training - INFO - Start validation.
2026-01-27 16:43:10,965 - easytorch-training - INFO - Result <val>: [val_time: 1.96 (s), val_MAE: 13.6280, val_RMSE: 23.3058, val_MAPE: 10.8735]
2026-01-27 16:43:12,793 - easytorch-training - INFO - Evaluate best model on test data for horizon 1, Test MAE: 11.6301, Test RMSE: 19.1883, Test MAPE: 7.6143
2026-01-27 16:43:12,795 - easytorch-training - INFO - Evaluate best model on test data for horizon 2, Test MAE: 12.1479, Test RMSE: 20.4595, Test MAPE: 7.8674
2026-01-27 16:43:12,796 - easytorch-training - INFO - Evaluate best model on test data for horizon 3, Test MAE: 12.5824, Test RMSE: 21.4638, Test MAPE: 8.1347
2026-01-27 16:43:12,797 - easytorch-training - INFO - Evaluate best model on test data for horizon 4, Test MAE: 12.9483, Test RMSE: 22.3254, Test MAPE: 8.3056
2026-01-27 16:43:12,798 - easytorch-training - INFO - Evaluate best model on test data for horizon 5, Test MAE: 13.2732, Test RMSE: 23.0502, Test MAPE: 8.4875
2026-01-27 16:43:12,799 - easytorch-training - INFO - Evaluate best model on test data for horizon 6, Test MAE: 13.5397, Test RMSE: 23.6688, Test MAPE: 8.6685
2026-01-27 16:43:12,800 - easytorch-training - INFO - Evaluate best model on test data for horizon 7, Test MAE: 13.7922, Test RMSE: 24.2413, Test MAPE: 8.8441
2026-01-27 16:43:12,801 - easytorch-training - INFO - Evaluate best model on test data for horizon 8, Test MAE: 14.0258, Test RMSE: 24.6697, Test MAPE: 9.0027
2026-01-27 16:43:12,802 - easytorch-training - INFO - Evaluate best model on test data for horizon 9, Test MAE: 14.2304, Test RMSE: 25.0536, Test MAPE: 9.1562
2026-01-27 16:43:12,803 - easytorch-training - INFO - Evaluate best model on test data for horizon 10, Test MAE: 14.3937, Test RMSE: 25.3305, Test MAPE: 9.2744
2026-01-27 16:43:12,804 - easytorch-training - INFO - Evaluate best model on test data for horizon 11, Test MAE: 14.5749, Test RMSE: 25.5614, Test MAPE: 9.3976
2026-01-27 16:43:12,806 - easytorch-training - INFO - Evaluate best model on test data for horizon 12, Test MAE: 14.7787, Test RMSE: 25.8236, Test MAPE: 9.6832
2026-01-27 16:43:12,809 - easytorch-training - INFO - Result <test>: [test_time: 1.84 (s), test_MAE: 13.4931, test_RMSE: 23.4933, test_MAPE: 8.7030]
2026-01-27 16:43:12,954 - easytorch-training - INFO - Checkpoint checkpoints/STMAFNet_300/7a9424dbdf56bedb1aca9acb56518206/STMAFNet_252.pt saved
2026-01-27 16:43:12,955 - easytorch-training - INFO - The estimated training finish time is 2026-01-27 17:18:00
2026-01-27 16:43:12,955 - easytorch-training - INFO - Epoch 253 / 300
2026-01-27 16:43:52,386 - easytorch-training - INFO - Result <train>: [train_time: 39.43 (s), lr: 6.25e-05, train_MAE: 12.4012, train_RMSE: 21.0164, train_MAPE: 8.2947]
2026-01-27 16:43:52,388 - easytorch-training - INFO - Start validation.
2026-01-27 16:43:54,330 - easytorch-training - INFO - Result <val>: [val_time: 1.94 (s), val_MAE: 13.5949, val_RMSE: 23.1967, val_MAPE: 10.7229]
2026-01-27 16:43:56,178 - easytorch-training - INFO - Evaluate best model on test data for horizon 1, Test MAE: 11.6249, Test RMSE: 19.1845, Test MAPE: 7.5080
2026-01-27 16:43:56,179 - easytorch-training - INFO - Evaluate best model on test data for horizon 2, Test MAE: 12.1526, Test RMSE: 20.4495, Test MAPE: 7.8152
2026-01-27 16:43:56,180 - easytorch-training - INFO - Evaluate best model on test data for horizon 3, Test MAE: 12.5735, Test RMSE: 21.4562, Test MAPE: 8.0467
2026-01-27 16:43:56,181 - easytorch-training - INFO - Evaluate best model on test data for horizon 4, Test MAE: 12.9535, Test RMSE: 22.3206, Test MAPE: 8.2773
2026-01-27 16:43:56,183 - easytorch-training - INFO - Evaluate best model on test data for horizon 5, Test MAE: 13.2423, Test RMSE: 23.0074, Test MAPE: 8.4675
2026-01-27 16:43:56,184 - easytorch-training - INFO - Evaluate best model on test data for horizon 6, Test MAE: 13.5234, Test RMSE: 23.5785, Test MAPE: 8.6880
2026-01-27 16:43:56,185 - easytorch-training - INFO - Evaluate best model on test data for horizon 7, Test MAE: 13.7832, Test RMSE: 24.1249, Test MAPE: 8.7969
2026-01-27 16:43:56,186 - easytorch-training - INFO - Evaluate best model on test data for horizon 8, Test MAE: 14.0055, Test RMSE: 24.5773, Test MAPE: 8.9497
2026-01-27 16:43:56,187 - easytorch-training - INFO - Evaluate best model on test data for horizon 9, Test MAE: 14.1986, Test RMSE: 24.9697, Test MAPE: 9.0950
2026-01-27 16:43:56,188 - easytorch-training - INFO - Evaluate best model on test data for horizon 10, Test MAE: 14.3761, Test RMSE: 25.3006, Test MAPE: 9.2047
2026-01-27 16:43:56,189 - easytorch-training - INFO - Evaluate best model on test data for horizon 11, Test MAE: 14.5490, Test RMSE: 25.5472, Test MAPE: 9.3593
2026-01-27 16:43:56,190 - easytorch-training - INFO - Evaluate best model on test data for horizon 12, Test MAE: 14.7489, Test RMSE: 25.8083, Test MAPE: 9.4928
2026-01-27 16:43:56,194 - easytorch-training - INFO - Result <test>: [test_time: 1.86 (s), test_MAE: 13.4776, test_RMSE: 23.4494, test_MAPE: 8.6418]
2026-01-27 16:43:56,338 - easytorch-training - INFO - Checkpoint checkpoints/STMAFNet_300/7a9424dbdf56bedb1aca9acb56518206/STMAFNet_253.pt saved
2026-01-27 16:43:56,339 - easytorch-training - INFO - The estimated training finish time is 2026-01-27 17:17:59
2026-01-27 16:43:56,339 - easytorch-training - INFO - Epoch 254 / 300
2026-01-27 16:44:35,937 - easytorch-training - INFO - Result <train>: [train_time: 39.60 (s), lr: 6.25e-05, train_MAE: 12.3966, train_RMSE: 21.0062, train_MAPE: 8.2955]
2026-01-27 16:44:35,938 - easytorch-training - INFO - Start validation.
2026-01-27 16:44:37,875 - easytorch-training - INFO - Result <val>: [val_time: 1.94 (s), val_MAE: 13.6161, val_RMSE: 23.2299, val_MAPE: 10.8531]
2026-01-27 16:44:39,675 - easytorch-training - INFO - Evaluate best model on test data for horizon 1, Test MAE: 11.6315, Test RMSE: 19.1992, Test MAPE: 7.5184
2026-01-27 16:44:39,676 - easytorch-training - INFO - Evaluate best model on test data for horizon 2, Test MAE: 12.1441, Test RMSE: 20.4584, Test MAPE: 7.8170
2026-01-27 16:44:39,677 - easytorch-training - INFO - Evaluate best model on test data for horizon 3, Test MAE: 12.5554, Test RMSE: 21.4595, Test MAPE: 8.0354
2026-01-27 16:44:39,678 - easytorch-training - INFO - Evaluate best model on test data for horizon 4, Test MAE: 12.9555, Test RMSE: 22.3360, Test MAPE: 8.2708
2026-01-27 16:44:39,679 - easytorch-training - INFO - Evaluate best model on test data for horizon 5, Test MAE: 13.2440, Test RMSE: 23.0048, Test MAPE: 8.4755
2026-01-27 16:44:39,680 - easytorch-training - INFO - Evaluate best model on test data for horizon 6, Test MAE: 13.5105, Test RMSE: 23.5934, Test MAPE: 8.6698
2026-01-27 16:44:39,681 - easytorch-training - INFO - Evaluate best model on test data for horizon 7, Test MAE: 13.7835, Test RMSE: 24.1246, Test MAPE: 8.7875
2026-01-27 16:44:39,683 - easytorch-training - INFO - Evaluate best model on test data for horizon 8, Test MAE: 13.9909, Test RMSE: 24.5301, Test MAPE: 8.9902
2026-01-27 16:44:39,684 - easytorch-training - INFO - Evaluate best model on test data for horizon 9, Test MAE: 14.2084, Test RMSE: 24.9234, Test MAPE: 9.0556
2026-01-27 16:44:39,685 - easytorch-training - INFO - Evaluate best model on test data for horizon 10, Test MAE: 14.3738, Test RMSE: 25.2091, Test MAPE: 9.2201
2026-01-27 16:44:39,686 - easytorch-training - INFO - Evaluate best model on test data for horizon 11, Test MAE: 14.5322, Test RMSE: 25.4543, Test MAPE: 9.3517
2026-01-27 16:44:39,687 - easytorch-training - INFO - Evaluate best model on test data for horizon 12, Test MAE: 14.7121, Test RMSE: 25.7091, Test MAPE: 9.5261
2026-01-27 16:44:39,691 - easytorch-training - INFO - Result <test>: [test_time: 1.81 (s), test_MAE: 13.4702, test_RMSE: 23.4196, test_MAPE: 8.6432]
2026-01-27 16:44:39,834 - easytorch-training - INFO - Checkpoint checkpoints/STMAFNet_300/7a9424dbdf56bedb1aca9acb56518206/STMAFNet_254.pt saved
2026-01-27 16:44:39,835 - easytorch-training - INFO - The estimated training finish time is 2026-01-27 17:17:59
2026-01-27 16:44:39,835 - easytorch-training - INFO - Epoch 255 / 300
2026-01-27 16:45:19,587 - easytorch-training - INFO - Result <train>: [train_time: 39.75 (s), lr: 6.25e-05, train_MAE: 12.3942, train_RMSE: 21.0002, train_MAPE: 8.2878]
2026-01-27 16:45:19,589 - easytorch-training - INFO - Start validation.
2026-01-27 16:45:21,525 - easytorch-training - INFO - Result <val>: [val_time: 1.94 (s), val_MAE: 13.5665, val_RMSE: 23.1878, val_MAPE: 10.4939]
2026-01-27 16:45:23,352 - easytorch-training - INFO - Evaluate best model on test data for horizon 1, Test MAE: 11.6120, Test RMSE: 19.1953, Test MAPE: 7.5353
2026-01-27 16:45:23,353 - easytorch-training - INFO - Evaluate best model on test data for horizon 2, Test MAE: 12.1511, Test RMSE: 20.4948, Test MAPE: 7.8724
2026-01-27 16:45:23,354 - easytorch-training - INFO - Evaluate best model on test data for horizon 3, Test MAE: 12.5696, Test RMSE: 21.5048, Test MAPE: 8.1214
2026-01-27 16:45:23,356 - easytorch-training - INFO - Evaluate best model on test data for horizon 4, Test MAE: 12.9356, Test RMSE: 22.3928, Test MAPE: 8.3314
2026-01-27 16:45:23,357 - easytorch-training - INFO - Evaluate best model on test data for horizon 5, Test MAE: 13.2402, Test RMSE: 23.0794, Test MAPE: 8.5234
2026-01-27 16:45:23,358 - easytorch-training - INFO - Evaluate best model on test data for horizon 6, Test MAE: 13.5245, Test RMSE: 23.6433, Test MAPE: 8.7021
2026-01-27 16:45:23,359 - easytorch-training - INFO - Evaluate best model on test data for horizon 7, Test MAE: 13.7570, Test RMSE: 24.1177, Test MAPE: 8.8554
2026-01-27 16:45:23,360 - easytorch-training - INFO - Evaluate best model on test data for horizon 8, Test MAE: 14.0034, Test RMSE: 24.5811, Test MAPE: 9.0406
2026-01-27 16:45:23,361 - easytorch-training - INFO - Evaluate best model on test data for horizon 9, Test MAE: 14.2044, Test RMSE: 24.9851, Test MAPE: 9.1629
2026-01-27 16:45:23,362 - easytorch-training - INFO - Evaluate best model on test data for horizon 10, Test MAE: 14.3902, Test RMSE: 25.3023, Test MAPE: 9.3722
2026-01-27 16:45:23,363 - easytorch-training - INFO - Evaluate best model on test data for horizon 11, Test MAE: 14.5743, Test RMSE: 25.5788, Test MAPE: 9.3980
2026-01-27 16:45:23,365 - easytorch-training - INFO - Evaluate best model on test data for horizon 12, Test MAE: 14.7546, Test RMSE: 25.8210, Test MAPE: 9.5266
2026-01-27 16:45:23,368 - easytorch-training - INFO - Result <test>: [test_time: 1.84 (s), test_MAE: 13.4764, test_RMSE: 23.4794, test_MAPE: 8.7035]
2026-01-27 16:45:23,517 - easytorch-training - INFO - Checkpoint checkpoints/STMAFNet_300/7a9424dbdf56bedb1aca9acb56518206/STMAFNet_255.pt saved
2026-01-27 16:45:23,517 - easytorch-training - INFO - The estimated training finish time is 2026-01-27 17:18:00
2026-01-27 16:45:23,517 - easytorch-training - INFO - Epoch 256 / 300
2026-01-27 16:46:02,495 - easytorch-training - INFO - Result <train>: [train_time: 38.98 (s), lr: 6.25e-05, train_MAE: 12.3906, train_RMSE: 21.0013, train_MAPE: 8.2921]
2026-01-27 16:46:02,497 - easytorch-training - INFO - Start validation.
2026-01-27 16:46:04,451 - easytorch-training - INFO - Result <val>: [val_time: 1.95 (s), val_MAE: 13.6038, val_RMSE: 23.2041, val_MAPE: 10.6493]
2026-01-27 16:46:06,288 - easytorch-training - INFO - Evaluate best model on test data for horizon 1, Test MAE: 11.6470, Test RMSE: 19.1765, Test MAPE: 7.5211
2026-01-27 16:46:06,290 - easytorch-training - INFO - Evaluate best model on test data for horizon 2, Test MAE: 12.1598, Test RMSE: 20.4663, Test MAPE: 7.8193
2026-01-27 16:46:06,291 - easytorch-training - INFO - Evaluate best model on test data for horizon 3, Test MAE: 12.5610, Test RMSE: 21.4544, Test MAPE: 8.0647
2026-01-27 16:46:06,292 - easytorch-training - INFO - Evaluate best model on test data for horizon 4, Test MAE: 12.9439, Test RMSE: 22.3199, Test MAPE: 8.2771
2026-01-27 16:46:06,293 - easytorch-training - INFO - Evaluate best model on test data for horizon 5, Test MAE: 13.2536, Test RMSE: 22.9724, Test MAPE: 8.4758
2026-01-27 16:46:06,294 - easytorch-training - INFO - Evaluate best model on test data for horizon 6, Test MAE: 13.5322, Test RMSE: 23.5536, Test MAPE: 8.6489
2026-01-27 16:46:06,295 - easytorch-training - INFO - Evaluate best model on test data for horizon 7, Test MAE: 13.7793, Test RMSE: 24.0811, Test MAPE: 8.7941
2026-01-27 16:46:06,296 - easytorch-training - INFO - Evaluate best model on test data for horizon 8, Test MAE: 14.0367, Test RMSE: 24.5464, Test MAPE: 8.9728
2026-01-27 16:46:06,297 - easytorch-training - INFO - Evaluate best model on test data for horizon 9, Test MAE: 14.2259, Test RMSE: 24.9649, Test MAPE: 9.1247
2026-01-27 16:46:06,298 - easytorch-training - INFO - Evaluate best model on test data for horizon 10, Test MAE: 14.3910, Test RMSE: 25.2904, Test MAPE: 9.2348
2026-01-27 16:46:06,299 - easytorch-training - INFO - Evaluate best model on test data for horizon 11, Test MAE: 14.5727, Test RMSE: 25.5428, Test MAPE: 9.3870
2026-01-27 16:46:06,301 - easytorch-training - INFO - Evaluate best model on test data for horizon 12, Test MAE: 14.7753, Test RMSE: 25.8083, Test MAPE: 9.5302
2026-01-27 16:46:06,304 - easytorch-training - INFO - Result <test>: [test_time: 1.85 (s), test_MAE: 13.4899, test_RMSE: 23.4367, test_MAPE: 8.6542]
2026-01-27 16:46:06,449 - easytorch-training - INFO - Checkpoint checkpoints/STMAFNet_300/7a9424dbdf56bedb1aca9acb56518206/STMAFNet_256.pt saved
2026-01-27 16:46:06,450 - easytorch-training - INFO - The estimated training finish time is 2026-01-27 17:17:59
2026-01-27 16:46:06,450 - easytorch-training - INFO - Epoch 257 / 300
2026-01-27 16:46:45,838 - easytorch-training - INFO - Result <train>: [train_time: 39.39 (s), lr: 6.25e-05, train_MAE: 12.3940, train_RMSE: 21.0077, train_MAPE: 8.2926]
2026-01-27 16:46:45,840 - easytorch-training - INFO - Start validation.
2026-01-27 16:46:47,770 - easytorch-training - INFO - Result <val>: [val_time: 1.93 (s), val_MAE: 13.5749, val_RMSE: 23.2105, val_MAPE: 10.8006]
2026-01-27 16:46:49,532 - easytorch-training - INFO - Evaluate best model on test data for horizon 1, Test MAE: 11.6078, Test RMSE: 19.1844, Test MAPE: 7.6124
2026-01-27 16:46:49,533 - easytorch-training - INFO - Evaluate best model on test data for horizon 2, Test MAE: 12.1256, Test RMSE: 20.4273, Test MAPE: 7.9382
2026-01-27 16:46:49,534 - easytorch-training - INFO - Evaluate best model on test data for horizon 3, Test MAE: 12.5518, Test RMSE: 21.4237, Test MAPE: 8.1488
2026-01-27 16:46:49,535 - easytorch-training - INFO - Evaluate best model on test data for horizon 4, Test MAE: 12.9243, Test RMSE: 22.2838, Test MAPE: 8.3565
2026-01-27 16:46:49,536 - easytorch-training - INFO - Evaluate best model on test data for horizon 5, Test MAE: 13.2262, Test RMSE: 22.9888, Test MAPE: 8.5444
2026-01-27 16:46:49,537 - easytorch-training - INFO - Evaluate best model on test data for horizon 6, Test MAE: 13.5061, Test RMSE: 23.5991, Test MAPE: 8.7161
2026-01-27 16:46:49,538 - easytorch-training - INFO - Evaluate best model on test data for horizon 7, Test MAE: 13.7500, Test RMSE: 24.1447, Test MAPE: 8.9175
2026-01-27 16:46:49,539 - easytorch-training - INFO - Evaluate best model on test data for horizon 8, Test MAE: 13.9978, Test RMSE: 24.6270, Test MAPE: 9.0034
2026-01-27 16:46:49,541 - easytorch-training - INFO - Evaluate best model on test data for horizon 9, Test MAE: 14.1952, Test RMSE: 25.0146, Test MAPE: 9.1110
2026-01-27 16:46:49,542 - easytorch-training - INFO - Evaluate best model on test data for horizon 10, Test MAE: 14.3699, Test RMSE: 25.3208, Test MAPE: 9.4349
2026-01-27 16:46:49,543 - easytorch-training - INFO - Evaluate best model on test data for horizon 11, Test MAE: 14.5514, Test RMSE: 25.5763, Test MAPE: 9.4720
2026-01-27 16:46:49,544 - easytorch-training - INFO - Evaluate best model on test data for horizon 12, Test MAE: 14.7421, Test RMSE: 25.8223, Test MAPE: 9.5686
2026-01-27 16:46:49,548 - easytorch-training - INFO - Result <test>: [test_time: 1.78 (s), test_MAE: 13.4624, test_RMSE: 23.4583, test_MAPE: 8.7353]
2026-01-27 16:46:49,690 - easytorch-training - INFO - Checkpoint checkpoints/STMAFNet_300/7a9424dbdf56bedb1aca9acb56518206/STMAFNet_257.pt saved
2026-01-27 16:46:49,691 - easytorch-training - INFO - The estimated training finish time is 2026-01-27 17:17:59
2026-01-27 16:46:49,691 - easytorch-training - INFO - Epoch 258 / 300
2026-01-27 16:47:29,192 - easytorch-training - INFO - Result <train>: [train_time: 39.50 (s), lr: 6.25e-05, train_MAE: 12.3914, train_RMSE: 21.0025, train_MAPE: 8.2812]
2026-01-27 16:47:29,193 - easytorch-training - INFO - Start validation.
2026-01-27 16:47:31,155 - easytorch-training - INFO - Result <val>: [val_time: 1.96 (s), val_MAE: 13.5881, val_RMSE: 23.1997, val_MAPE: 10.7328]
2026-01-27 16:47:33,002 - easytorch-training - INFO - Evaluate best model on test data for horizon 1, Test MAE: 11.6091, Test RMSE: 19.1738, Test MAPE: 7.5585
2026-01-27 16:47:33,004 - easytorch-training - INFO - Evaluate best model on test data for horizon 2, Test MAE: 12.1570, Test RMSE: 20.4226, Test MAPE: 7.8842
2026-01-27 16:47:33,005 - easytorch-training - INFO - Evaluate best model on test data for horizon 3, Test MAE: 12.5512, Test RMSE: 21.4072, Test MAPE: 8.1291
2026-01-27 16:47:33,006 - easytorch-training - INFO - Evaluate best model on test data for horizon 4, Test MAE: 12.9378, Test RMSE: 22.2668, Test MAPE: 8.3072
2026-01-27 16:47:33,007 - easytorch-training - INFO - Evaluate best model on test data for horizon 5, Test MAE: 13.2299, Test RMSE: 22.9649, Test MAPE: 8.5185
2026-01-27 16:47:33,008 - easytorch-training - INFO - Evaluate best model on test data for horizon 6, Test MAE: 13.5116, Test RMSE: 23.5877, Test MAPE: 8.7117
2026-01-27 16:47:33,009 - easytorch-training - INFO - Evaluate best model on test data for horizon 7, Test MAE: 13.7897, Test RMSE: 24.1225, Test MAPE: 8.9129
2026-01-27 16:47:33,010 - easytorch-training - INFO - Evaluate best model on test data for horizon 8, Test MAE: 13.9989, Test RMSE: 24.5465, Test MAPE: 8.9734
2026-01-27 16:47:33,011 - easytorch-training - INFO - Evaluate best model on test data for horizon 9, Test MAE: 14.2219, Test RMSE: 24.9754, Test MAPE: 9.1739
2026-01-27 16:47:33,013 - easytorch-training - INFO - Evaluate best model on test data for horizon 10, Test MAE: 14.3854, Test RMSE: 25.2617, Test MAPE: 9.2514
2026-01-27 16:47:33,014 - easytorch-training - INFO - Evaluate best model on test data for horizon 11, Test MAE: 14.5511, Test RMSE: 25.5113, Test MAPE: 9.3679
2026-01-27 16:47:33,015 - easytorch-training - INFO - Evaluate best model on test data for horizon 12, Test MAE: 14.7435, Test RMSE: 25.7786, Test MAPE: 9.5233
2026-01-27 16:47:33,019 - easytorch-training - INFO - Result <test>: [test_time: 1.86 (s), test_MAE: 13.4739, test_RMSE: 23.4241, test_MAPE: 8.6927]
2026-01-27 16:47:33,163 - easytorch-training - INFO - Checkpoint checkpoints/STMAFNet_300/7a9424dbdf56bedb1aca9acb56518206/STMAFNet_258.pt saved
2026-01-27 16:47:33,164 - easytorch-training - INFO - The estimated training finish time is 2026-01-27 17:17:59
2026-01-27 16:47:33,164 - easytorch-training - INFO - Epoch 259 / 300
2026-01-27 16:48:12,642 - easytorch-training - INFO - Result <train>: [train_time: 39.48 (s), lr: 6.25e-05, train_MAE: 12.3868, train_RMSE: 20.9929, train_MAPE: 8.2837]
2026-01-27 16:48:12,644 - easytorch-training - INFO - Start validation.
2026-01-27 16:48:14,573 - easytorch-training - INFO - Result <val>: [val_time: 1.93 (s), val_MAE: 13.5679, val_RMSE: 23.1224, val_MAPE: 10.6797]
2026-01-27 16:48:16,434 - easytorch-training - INFO - Evaluate best model on test data for horizon 1, Test MAE: 11.6171, Test RMSE: 19.1646, Test MAPE: 7.5293
2026-01-27 16:48:16,436 - easytorch-training - INFO - Evaluate best model on test data for horizon 2, Test MAE: 12.1432, Test RMSE: 20.3976, Test MAPE: 7.8304
2026-01-27 16:48:16,437 - easytorch-training - INFO - Evaluate best model on test data for horizon 3, Test MAE: 12.5484, Test RMSE: 21.3758, Test MAPE: 8.0608
2026-01-27 16:48:16,438 - easytorch-training - INFO - Evaluate best model on test data for horizon 4, Test MAE: 12.9623, Test RMSE: 22.2285, Test MAPE: 8.3087
2026-01-27 16:48:16,439 - easytorch-training - INFO - Evaluate best model on test data for horizon 5, Test MAE: 13.2194, Test RMSE: 22.9089, Test MAPE: 8.4795
2026-01-27 16:48:16,440 - easytorch-training - INFO - Evaluate best model on test data for horizon 6, Test MAE: 13.5025, Test RMSE: 23.5004, Test MAPE: 8.6731
2026-01-27 16:48:16,441 - easytorch-training - INFO - Evaluate best model on test data for horizon 7, Test MAE: 13.7465, Test RMSE: 24.0271, Test MAPE: 8.8111
2026-01-27 16:48:16,442 - easytorch-training - INFO - Evaluate best model on test data for horizon 8, Test MAE: 13.9971, Test RMSE: 24.4702, Test MAPE: 8.9994
2026-01-27 16:48:16,443 - easytorch-training - INFO - Evaluate best model on test data for horizon 9, Test MAE: 14.2154, Test RMSE: 24.8627, Test MAPE: 9.1401
2026-01-27 16:48:16,444 - easytorch-training - INFO - Evaluate best model on test data for horizon 10, Test MAE: 14.3794, Test RMSE: 25.1552, Test MAPE: 9.2551
2026-01-27 16:48:16,445 - easytorch-training - INFO - Evaluate best model on test data for horizon 11, Test MAE: 14.5545, Test RMSE: 25.4199, Test MAPE: 9.3773
2026-01-27 16:48:16,447 - easytorch-training - INFO - Evaluate best model on test data for horizon 12, Test MAE: 14.7599, Test RMSE: 25.6855, Test MAPE: 9.5261
2026-01-27 16:48:16,450 - easytorch-training - INFO - Result <test>: [test_time: 1.88 (s), test_MAE: 13.4705, test_RMSE: 23.3531, test_MAPE: 8.6659]
2026-01-27 16:48:16,604 - easytorch-training - INFO - Checkpoint checkpoints/STMAFNet_300/7a9424dbdf56bedb1aca9acb56518206/STMAFNet_259.pt saved
2026-01-27 16:48:16,604 - easytorch-training - INFO - The estimated training finish time is 2026-01-27 17:17:59
2026-01-27 16:48:16,604 - easytorch-training - INFO - Epoch 260 / 300
2026-01-27 16:48:55,705 - easytorch-training - INFO - Result <train>: [train_time: 39.10 (s), lr: 6.25e-05, train_MAE: 12.3789, train_RMSE: 20.9782, train_MAPE: 8.2787]
2026-01-27 16:48:55,707 - easytorch-training - INFO - Start validation.
2026-01-27 16:48:57,665 - easytorch-training - INFO - Result <val>: [val_time: 1.96 (s), val_MAE: 13.6350, val_RMSE: 23.3366, val_MAPE: 11.1464]
2026-01-27 16:48:59,490 - easytorch-training - INFO - Evaluate best model on test data for horizon 1, Test MAE: 11.6072, Test RMSE: 19.2314, Test MAPE: 7.5399
2026-01-27 16:48:59,491 - easytorch-training - INFO - Evaluate best model on test data for horizon 2, Test MAE: 12.1367, Test RMSE: 20.4877, Test MAPE: 7.8372
2026-01-27 16:48:59,492 - easytorch-training - INFO - Evaluate best model on test data for horizon 3, Test MAE: 12.5678, Test RMSE: 21.5037, Test MAPE: 8.1480
2026-01-27 16:48:59,493 - easytorch-training - INFO - Evaluate best model on test data for horizon 4, Test MAE: 12.9476, Test RMSE: 22.3863, Test MAPE: 8.4485
2026-01-27 16:48:59,494 - easytorch-training - INFO - Evaluate best model on test data for horizon 5, Test MAE: 13.2687, Test RMSE: 23.0809, Test MAPE: 8.7828
2026-01-27 16:48:59,495 - easytorch-training - INFO - Evaluate best model on test data for horizon 6, Test MAE: 13.5273, Test RMSE: 23.6747, Test MAPE: 8.7167
2026-01-27 16:48:59,496 - easytorch-training - INFO - Evaluate best model on test data for horizon 7, Test MAE: 13.7979, Test RMSE: 24.2176, Test MAPE: 8.8997
2026-01-27 16:48:59,497 - easytorch-training - INFO - Evaluate best model on test data for horizon 8, Test MAE: 14.0388, Test RMSE: 24.6462, Test MAPE: 9.0934
2026-01-27 16:48:59,499 - easytorch-training - INFO - Evaluate best model on test data for horizon 9, Test MAE: 14.2401, Test RMSE: 25.0408, Test MAPE: 9.1674
2026-01-27 16:48:59,500 - easytorch-training - INFO - Evaluate best model on test data for horizon 10, Test MAE: 14.4368, Test RMSE: 25.3763, Test MAPE: 9.3480
2026-01-27 16:48:59,501 - easytorch-training - INFO - Evaluate best model on test data for horizon 11, Test MAE: 14.6239, Test RMSE: 25.6360, Test MAPE: 9.4928
2026-01-27 16:48:59,502 - easytorch-training - INFO - Evaluate best model on test data for horizon 12, Test MAE: 14.8041, Test RMSE: 25.8994, Test MAPE: 9.5959
2026-01-27 16:48:59,506 - easytorch-training - INFO - Result <test>: [test_time: 1.84 (s), test_MAE: 13.4997, test_RMSE: 23.5217, test_MAPE: 8.7558]
2026-01-27 16:48:59,649 - easytorch-training - INFO - Checkpoint checkpoints/STMAFNet_300/7a9424dbdf56bedb1aca9acb56518206/STMAFNet_260.pt saved
2026-01-27 16:48:59,662 - easytorch-training - INFO - The estimated training finish time is 2026-01-27 17:17:58
2026-01-27 16:48:59,662 - easytorch-training - INFO - Epoch 261 / 300
2026-01-27 16:49:38,841 - easytorch-training - INFO - Result <train>: [train_time: 39.18 (s), lr: 6.25e-05, train_MAE: 12.3822, train_RMSE: 20.9781, train_MAPE: 8.2904]
2026-01-27 16:49:38,842 - easytorch-training - INFO - Start validation.
2026-01-27 16:49:40,913 - easytorch-training - INFO - Result <val>: [val_time: 2.07 (s), val_MAE: 13.5474, val_RMSE: 23.1769, val_MAPE: 10.8500]
2026-01-27 16:49:42,794 - easytorch-training - INFO - Evaluate best model on test data for horizon 1, Test MAE: 11.5978, Test RMSE: 19.1854, Test MAPE: 7.5133
2026-01-27 16:49:42,795 - easytorch-training - INFO - Evaluate best model on test data for horizon 2, Test MAE: 12.1208, Test RMSE: 20.4396, Test MAPE: 7.9172
2026-01-27 16:49:42,796 - easytorch-training - INFO - Evaluate best model on test data for horizon 3, Test MAE: 12.5408, Test RMSE: 21.4490, Test MAPE: 8.0946
2026-01-27 16:49:42,797 - easytorch-training - INFO - Evaluate best model on test data for horizon 4, Test MAE: 12.9049, Test RMSE: 22.3112, Test MAPE: 8.4486
2026-01-27 16:49:42,798 - easytorch-training - INFO - Evaluate best model on test data for horizon 5, Test MAE: 13.2143, Test RMSE: 23.0271, Test MAPE: 8.4854
2026-01-27 16:49:42,799 - easytorch-training - INFO - Evaluate best model on test data for horizon 6, Test MAE: 13.4933, Test RMSE: 23.6249, Test MAPE: 8.7708
2026-01-27 16:49:42,800 - easytorch-training - INFO - Evaluate best model on test data for horizon 7, Test MAE: 13.7361, Test RMSE: 24.1550, Test MAPE: 8.8905
2026-01-27 16:49:42,802 - easytorch-training - INFO - Evaluate best model on test data for horizon 8, Test MAE: 13.9699, Test RMSE: 24.6042, Test MAPE: 9.0548
2026-01-27 16:49:42,803 - easytorch-training - INFO - Evaluate best model on test data for horizon 9, Test MAE: 14.1906, Test RMSE: 25.0131, Test MAPE: 9.1291
2026-01-27 16:49:42,804 - easytorch-training - INFO - Evaluate best model on test data for horizon 10, Test MAE: 14.3557, Test RMSE: 25.2920, Test MAPE: 9.3926
2026-01-27 16:49:42,805 - easytorch-training - INFO - Evaluate best model on test data for horizon 11, Test MAE: 14.5296, Test RMSE: 25.5781, Test MAPE: 9.3716
2026-01-27 16:49:42,806 - easytorch-training - INFO - Evaluate best model on test data for horizon 12, Test MAE: 14.7142, Test RMSE: 25.8089, Test MAPE: 9.6078
2026-01-27 16:49:42,810 - easytorch-training - INFO - Result <test>: [test_time: 1.90 (s), test_MAE: 13.4473, test_RMSE: 23.4638, test_MAPE: 8.7230]
2026-01-27 16:49:42,953 - easytorch-training - INFO - Checkpoint checkpoints/STMAFNet_300/7a9424dbdf56bedb1aca9acb56518206/STMAFNet_261.pt saved
2026-01-27 16:49:42,953 - easytorch-training - INFO - The estimated training finish time is 2026-01-27 17:17:58
2026-01-27 16:49:42,954 - easytorch-training - INFO - Epoch 262 / 300
2026-01-27 16:50:22,326 - easytorch-training - INFO - Result <train>: [train_time: 39.37 (s), lr: 6.25e-05, train_MAE: 12.3778, train_RMSE: 20.9795, train_MAPE: 8.2845]
2026-01-27 16:50:22,328 - easytorch-training - INFO - Start validation.
2026-01-27 16:50:24,386 - easytorch-training - INFO - Result <val>: [val_time: 2.06 (s), val_MAE: 13.5815, val_RMSE: 23.2347, val_MAPE: 10.9857]
2026-01-27 16:50:26,256 - easytorch-training - INFO - Evaluate best model on test data for horizon 1, Test MAE: 11.5999, Test RMSE: 19.1885, Test MAPE: 7.6011
2026-01-27 16:50:26,257 - easytorch-training - INFO - Evaluate best model on test data for horizon 2, Test MAE: 12.1270, Test RMSE: 20.4424, Test MAPE: 7.8631
2026-01-27 16:50:26,258 - easytorch-training - INFO - Evaluate best model on test data for horizon 3, Test MAE: 12.5362, Test RMSE: 21.4402, Test MAPE: 8.1148
2026-01-27 16:50:26,260 - easytorch-training - INFO - Evaluate best model on test data for horizon 4, Test MAE: 12.9057, Test RMSE: 22.3045, Test MAPE: 8.4988
2026-01-27 16:50:26,261 - easytorch-training - INFO - Evaluate best model on test data for horizon 5, Test MAE: 13.2100, Test RMSE: 22.9863, Test MAPE: 8.6279
2026-01-27 16:50:26,262 - easytorch-training - INFO - Evaluate best model on test data for horizon 6, Test MAE: 13.4922, Test RMSE: 23.5971, Test MAPE: 8.8827
2026-01-27 16:50:26,264 - easytorch-training - INFO - Evaluate best model on test data for horizon 7, Test MAE: 13.7260, Test RMSE: 24.1029, Test MAPE: 8.8643
2026-01-27 16:50:26,265 - easytorch-training - INFO - Evaluate best model on test data for horizon 8, Test MAE: 13.9724, Test RMSE: 24.5577, Test MAPE: 9.1084
2026-01-27 16:50:26,266 - easytorch-training - INFO - Evaluate best model on test data for horizon 9, Test MAE: 14.2115, Test RMSE: 25.0055, Test MAPE: 9.3134
2026-01-27 16:50:26,267 - easytorch-training - INFO - Evaluate best model on test data for horizon 10, Test MAE: 14.3880, Test RMSE: 25.3365, Test MAPE: 9.6352
2026-01-27 16:50:26,269 - easytorch-training - INFO - Evaluate best model on test data for horizon 11, Test MAE: 14.5611, Test RMSE: 25.6196, Test MAPE: 9.5276
2026-01-27 16:50:26,270 - easytorch-training - INFO - Evaluate best model on test data for horizon 12, Test MAE: 14.7572, Test RMSE: 25.8702, Test MAPE: 9.9504
2026-01-27 16:50:26,274 - easytorch-training - INFO - Result <test>: [test_time: 1.89 (s), test_MAE: 13.4573, test_RMSE: 23.4615, test_MAPE: 8.8323]
2026-01-27 16:50:26,427 - easytorch-training - INFO - Checkpoint checkpoints/STMAFNet_300/7a9424dbdf56bedb1aca9acb56518206/STMAFNet_262.pt saved
2026-01-27 16:50:26,428 - easytorch-training - INFO - The estimated training finish time is 2026-01-27 17:17:58
2026-01-27 16:50:26,428 - easytorch-training - INFO - Epoch 263 / 300
2026-01-27 16:51:06,380 - easytorch-training - INFO - Result <train>: [train_time: 39.95 (s), lr: 6.25e-05, train_MAE: 12.3762, train_RMSE: 20.9704, train_MAPE: 8.2821]
2026-01-27 16:51:06,382 - easytorch-training - INFO - Start validation.
2026-01-27 16:51:08,467 - easytorch-training - INFO - Result <val>: [val_time: 2.08 (s), val_MAE: 13.5972, val_RMSE: 23.2164, val_MAPE: 10.7106]
2026-01-27 16:51:10,460 - easytorch-training - INFO - Evaluate best model on test data for horizon 1, Test MAE: 11.6478, Test RMSE: 19.2083, Test MAPE: 7.5061
2026-01-27 16:51:10,462 - easytorch-training - INFO - Evaluate best model on test data for horizon 2, Test MAE: 12.1607, Test RMSE: 20.4605, Test MAPE: 7.8188
2026-01-27 16:51:10,463 - easytorch-training - INFO - Evaluate best model on test data for horizon 3, Test MAE: 12.5800, Test RMSE: 21.4774, Test MAPE: 8.0158
2026-01-27 16:51:10,465 - easytorch-training - INFO - Evaluate best model on test data for horizon 4, Test MAE: 12.9493, Test RMSE: 22.3356, Test MAPE: 8.2948
2026-01-27 16:51:10,466 - easytorch-training - INFO - Evaluate best model on test data for horizon 5, Test MAE: 13.2496, Test RMSE: 22.9977, Test MAPE: 8.5852
2026-01-27 16:51:10,467 - easytorch-training - INFO - Evaluate best model on test data for horizon 6, Test MAE: 13.5111, Test RMSE: 23.5749, Test MAPE: 8.7347
2026-01-27 16:51:10,468 - easytorch-training - INFO - Evaluate best model on test data for horizon 7, Test MAE: 13.7616, Test RMSE: 24.1049, Test MAPE: 8.7766
2026-01-27 16:51:10,470 - easytorch-training - INFO - Evaluate best model on test data for horizon 8, Test MAE: 14.0137, Test RMSE: 24.5734, Test MAPE: 8.9256
2026-01-27 16:51:10,471 - easytorch-training - INFO - Evaluate best model on test data for horizon 9, Test MAE: 14.2253, Test RMSE: 24.9764, Test MAPE: 9.0992
2026-01-27 16:51:10,472 - easytorch-training - INFO - Evaluate best model on test data for horizon 10, Test MAE: 14.3885, Test RMSE: 25.2573, Test MAPE: 9.2079
2026-01-27 16:51:10,474 - easytorch-training - INFO - Evaluate best model on test data for horizon 11, Test MAE: 14.5629, Test RMSE: 25.5201, Test MAPE: 9.3775
2026-01-27 16:51:10,475 - easytorch-training - INFO - Evaluate best model on test data for horizon 12, Test MAE: 14.7413, Test RMSE: 25.7640, Test MAPE: 9.4949
2026-01-27 16:51:10,479 - easytorch-training - INFO - Result <test>: [test_time: 2.01 (s), test_MAE: 13.4826, test_RMSE: 23.4416, test_MAPE: 8.6531]
2026-01-27 16:51:10,712 - easytorch-training - INFO - Checkpoint checkpoints/STMAFNet_300/7a9424dbdf56bedb1aca9acb56518206/STMAFNet_263.pt saved
2026-01-27 16:51:10,712 - easytorch-training - INFO - The estimated training finish time is 2026-01-27 17:17:59
2026-01-27 16:51:10,713 - easytorch-training - INFO - Epoch 264 / 300
2026-01-27 16:51:49,999 - easytorch-training - INFO - Result <train>: [train_time: 39.29 (s), lr: 6.25e-05, train_MAE: 12.3735, train_RMSE: 20.9727, train_MAPE: 8.2837]
2026-01-27 16:51:50,000 - easytorch-training - INFO - Start validation.
2026-01-27 16:51:51,968 - easytorch-training - INFO - Result <val>: [val_time: 1.97 (s), val_MAE: 13.6527, val_RMSE: 23.3613, val_MAPE: 11.2160]
2026-01-27 16:51:53,800 - easytorch-training - INFO - Evaluate best model on test data for horizon 1, Test MAE: 11.6545, Test RMSE: 19.2201, Test MAPE: 7.5799
2026-01-27 16:51:53,801 - easytorch-training - INFO - Evaluate best model on test data for horizon 2, Test MAE: 12.1778, Test RMSE: 20.4939, Test MAPE: 7.8446
2026-01-27 16:51:53,802 - easytorch-training - INFO - Evaluate best model on test data for horizon 3, Test MAE: 12.5948, Test RMSE: 21.5151, Test MAPE: 8.0812
2026-01-27 16:51:53,803 - easytorch-training - INFO - Evaluate best model on test data for horizon 4, Test MAE: 12.9738, Test RMSE: 22.4111, Test MAPE: 8.3188
2026-01-27 16:51:53,804 - easytorch-training - INFO - Evaluate best model on test data for horizon 5, Test MAE: 13.2682, Test RMSE: 23.1148, Test MAPE: 8.5172
2026-01-27 16:51:53,806 - easytorch-training - INFO - Evaluate best model on test data for horizon 6, Test MAE: 13.5479, Test RMSE: 23.7134, Test MAPE: 8.6935
2026-01-27 16:51:53,807 - easytorch-training - INFO - Evaluate best model on test data for horizon 7, Test MAE: 13.7902, Test RMSE: 24.2580, Test MAPE: 8.8599
2026-01-27 16:51:53,808 - easytorch-training - INFO - Evaluate best model on test data for horizon 8, Test MAE: 14.0332, Test RMSE: 24.7224, Test MAPE: 9.0046
2026-01-27 16:51:53,809 - easytorch-training - INFO - Evaluate best model on test data for horizon 9, Test MAE: 14.2563, Test RMSE: 25.1240, Test MAPE: 9.1422
2026-01-27 16:51:53,810 - easytorch-training - INFO - Evaluate best model on test data for horizon 10, Test MAE: 14.4081, Test RMSE: 25.3833, Test MAPE: 9.3141
2026-01-27 16:51:53,811 - easytorch-training - INFO - Evaluate best model on test data for horizon 11, Test MAE: 14.5986, Test RMSE: 25.6624, Test MAPE: 9.3885
2026-01-27 16:51:53,812 - easytorch-training - INFO - Evaluate best model on test data for horizon 12, Test MAE: 14.7790, Test RMSE: 25.8766, Test MAPE: 9.5429
2026-01-27 16:51:53,816 - easytorch-training - INFO - Result <test>: [test_time: 1.85 (s), test_MAE: 13.5069, test_RMSE: 23.5487, test_MAPE: 8.6906]
2026-01-27 16:51:53,959 - easytorch-training - INFO - Checkpoint checkpoints/STMAFNet_300/7a9424dbdf56bedb1aca9acb56518206/STMAFNet_264.pt saved
2026-01-27 16:51:53,960 - easytorch-training - INFO - The estimated training finish time is 2026-01-27 17:17:59
2026-01-27 16:51:53,960 - easytorch-training - INFO - Epoch 265 / 300
2026-01-27 16:52:33,439 - easytorch-training - INFO - Result <train>: [train_time: 39.48 (s), lr: 6.25e-05, train_MAE: 12.3658, train_RMSE: 20.9487, train_MAPE: 8.2833]
2026-01-27 16:52:33,441 - easytorch-training - INFO - Start validation.
2026-01-27 16:52:35,414 - easytorch-training - INFO - Result <val>: [val_time: 1.97 (s), val_MAE: 13.5661, val_RMSE: 23.2196, val_MAPE: 10.7939]
2026-01-27 16:52:37,259 - easytorch-training - INFO - Evaluate best model on test data for horizon 1, Test MAE: 11.6111, Test RMSE: 19.2113, Test MAPE: 7.5283
2026-01-27 16:52:37,260 - easytorch-training - INFO - Evaluate best model on test data for horizon 2, Test MAE: 12.1304, Test RMSE: 20.4679, Test MAPE: 7.8120
2026-01-27 16:52:37,261 - easytorch-training - INFO - Evaluate best model on test data for horizon 3, Test MAE: 12.5535, Test RMSE: 21.4915, Test MAPE: 8.1116
2026-01-27 16:52:37,262 - easytorch-training - INFO - Evaluate best model on test data for horizon 4, Test MAE: 12.9267, Test RMSE: 22.3668, Test MAPE: 8.2866
2026-01-27 16:52:37,263 - easytorch-training - INFO - Evaluate best model on test data for horizon 5, Test MAE: 13.2282, Test RMSE: 23.0815, Test MAPE: 8.4822
2026-01-27 16:52:37,264 - easytorch-training - INFO - Evaluate best model on test data for horizon 6, Test MAE: 13.5066, Test RMSE: 23.6709, Test MAPE: 8.6875
2026-01-27 16:52:37,265 - easytorch-training - INFO - Evaluate best model on test data for horizon 7, Test MAE: 13.7578, Test RMSE: 24.2088, Test MAPE: 8.8203
2026-01-27 16:52:37,266 - easytorch-training - INFO - Evaluate best model on test data for horizon 8, Test MAE: 13.9874, Test RMSE: 24.6430, Test MAPE: 9.0071
2026-01-27 16:52:37,267 - easytorch-training - INFO - Evaluate best model on test data for horizon 9, Test MAE: 14.1985, Test RMSE: 25.0380, Test MAPE: 9.3945
2026-01-27 16:52:37,269 - easytorch-training - INFO - Evaluate best model on test data for horizon 10, Test MAE: 14.3643, Test RMSE: 25.3009, Test MAPE: 9.4945
2026-01-27 16:52:37,270 - easytorch-training - INFO - Evaluate best model on test data for horizon 11, Test MAE: 14.5375, Test RMSE: 25.5704, Test MAPE: 9.4299
2026-01-27 16:52:37,271 - easytorch-training - INFO - Evaluate best model on test data for horizon 12, Test MAE: 14.7232, Test RMSE: 25.8187, Test MAPE: 9.5570
2026-01-27 16:52:37,275 - easytorch-training - INFO - Result <test>: [test_time: 1.86 (s), test_MAE: 13.4604, test_RMSE: 23.4948, test_MAPE: 8.7176]
2026-01-27 16:52:37,425 - easytorch-training - INFO - Checkpoint checkpoints/STMAFNet_300/7a9424dbdf56bedb1aca9acb56518206/STMAFNet_265.pt saved
2026-01-27 16:52:37,426 - easytorch-training - INFO - The estimated training finish time is 2026-01-27 17:17:59
2026-01-27 16:52:37,426 - easytorch-training - INFO - Epoch 266 / 300
2026-01-27 16:53:17,164 - easytorch-training - INFO - Result <train>: [train_time: 39.74 (s), lr: 6.25e-05, train_MAE: 12.3677, train_RMSE: 20.9546, train_MAPE: 8.2808]
2026-01-27 16:53:17,165 - easytorch-training - INFO - Start validation.
2026-01-27 16:53:19,141 - easytorch-training - INFO - Result <val>: [val_time: 1.98 (s), val_MAE: 13.5819, val_RMSE: 23.2373, val_MAPE: 10.7343]
2026-01-27 16:53:20,907 - easytorch-training - INFO - Evaluate best model on test data for horizon 1, Test MAE: 11.5974, Test RMSE: 19.1780, Test MAPE: 7.5695
2026-01-27 16:53:20,908 - easytorch-training - INFO - Evaluate best model on test data for horizon 2, Test MAE: 12.1148, Test RMSE: 20.4550, Test MAPE: 7.8947
2026-01-27 16:53:20,909 - easytorch-training - INFO - Evaluate best model on test data for horizon 3, Test MAE: 12.5533, Test RMSE: 21.4879, Test MAPE: 8.1237
2026-01-27 16:53:20,910 - easytorch-training - INFO - Evaluate best model on test data for horizon 4, Test MAE: 12.9236, Test RMSE: 22.3601, Test MAPE: 8.4265
2026-01-27 16:53:20,911 - easytorch-training - INFO - Evaluate best model on test data for horizon 5, Test MAE: 13.2419, Test RMSE: 23.0784, Test MAPE: 8.6053
2026-01-27 16:53:20,913 - easytorch-training - INFO - Evaluate best model on test data for horizon 6, Test MAE: 13.5188, Test RMSE: 23.6632, Test MAPE: 8.7470
2026-01-27 16:53:20,914 - easytorch-training - INFO - Evaluate best model on test data for horizon 7, Test MAE: 13.7698, Test RMSE: 24.2101, Test MAPE: 8.8933
2026-01-27 16:53:20,915 - easytorch-training - INFO - Evaluate best model on test data for horizon 8, Test MAE: 14.0096, Test RMSE: 24.6256, Test MAPE: 9.0068
2026-01-27 16:53:20,916 - easytorch-training - INFO - Evaluate best model on test data for horizon 9, Test MAE: 14.2249, Test RMSE: 25.0425, Test MAPE: 9.2052
2026-01-27 16:53:20,917 - easytorch-training - INFO - Evaluate best model on test data for horizon 10, Test MAE: 14.4187, Test RMSE: 25.3667, Test MAPE: 9.2894
2026-01-27 16:53:20,918 - easytorch-training - INFO - Evaluate best model on test data for horizon 11, Test MAE: 14.5978, Test RMSE: 25.6471, Test MAPE: 9.5282
2026-01-27 16:53:20,919 - easytorch-training - INFO - Evaluate best model on test data for horizon 12, Test MAE: 14.7958, Test RMSE: 25.9079, Test MAPE: 9.6223
2026-01-27 16:53:20,923 - easytorch-training - INFO - Result <test>: [test_time: 1.78 (s), test_MAE: 13.4805, test_RMSE: 23.5099, test_MAPE: 8.7427]
2026-01-27 16:53:21,078 - easytorch-training - INFO - Checkpoint checkpoints/STMAFNet_300/7a9424dbdf56bedb1aca9acb56518206/STMAFNet_266.pt saved
2026-01-27 16:53:21,079 - easytorch-training - INFO - The estimated training finish time is 2026-01-27 17:17:59
2026-01-27 16:53:21,079 - easytorch-training - INFO - Epoch 267 / 300
2026-01-27 16:54:00,225 - easytorch-training - INFO - Result <train>: [train_time: 39.15 (s), lr: 6.25e-05, train_MAE: 12.3685, train_RMSE: 20.9616, train_MAPE: 8.2793]
2026-01-27 16:54:00,226 - easytorch-training - INFO - Start validation.
2026-01-27 16:54:02,178 - easytorch-training - INFO - Result <val>: [val_time: 1.95 (s), val_MAE: 13.5447, val_RMSE: 23.2016, val_MAPE: 10.6873]
2026-01-27 16:54:03,965 - easytorch-training - INFO - Evaluate best model on test data for horizon 1, Test MAE: 11.5913, Test RMSE: 19.1875, Test MAPE: 7.5685
2026-01-27 16:54:03,966 - easytorch-training - INFO - Evaluate best model on test data for horizon 2, Test MAE: 12.1117, Test RMSE: 20.4294, Test MAPE: 7.8899
2026-01-27 16:54:03,967 - easytorch-training - INFO - Evaluate best model on test data for horizon 3, Test MAE: 12.5364, Test RMSE: 21.4296, Test MAPE: 8.0786
2026-01-27 16:54:03,969 - easytorch-training - INFO - Evaluate best model on test data for horizon 4, Test MAE: 12.8935, Test RMSE: 22.3015, Test MAPE: 8.3429
2026-01-27 16:54:03,970 - easytorch-training - INFO - Evaluate best model on test data for horizon 5, Test MAE: 13.2061, Test RMSE: 22.9871, Test MAPE: 8.5118
2026-01-27 16:54:03,971 - easytorch-training - INFO - Evaluate best model on test data for horizon 6, Test MAE: 13.4867, Test RMSE: 23.5884, Test MAPE: 8.6694
2026-01-27 16:54:03,972 - easytorch-training - INFO - Evaluate best model on test data for horizon 7, Test MAE: 13.7399, Test RMSE: 24.0973, Test MAPE: 8.8312
2026-01-27 16:54:03,973 - easytorch-training - INFO - Evaluate best model on test data for horizon 8, Test MAE: 13.9753, Test RMSE: 24.5190, Test MAPE: 8.9966
2026-01-27 16:54:03,974 - easytorch-training - INFO - Evaluate best model on test data for horizon 9, Test MAE: 14.1910, Test RMSE: 24.9424, Test MAPE: 9.1717
2026-01-27 16:54:03,975 - easytorch-training - INFO - Evaluate best model on test data for horizon 10, Test MAE: 14.3555, Test RMSE: 25.2382, Test MAPE: 9.3070
2026-01-27 16:54:03,976 - easytorch-training - INFO - Evaluate best model on test data for horizon 11, Test MAE: 14.5445, Test RMSE: 25.5322, Test MAPE: 9.3732
2026-01-27 16:54:03,977 - easytorch-training - INFO - Evaluate best model on test data for horizon 12, Test MAE: 14.7341, Test RMSE: 25.7885, Test MAPE: 9.5567
2026-01-27 16:54:03,981 - easytorch-training - INFO - Result <test>: [test_time: 1.80 (s), test_MAE: 13.4472, test_RMSE: 23.4251, test_MAPE: 8.6915]
2026-01-27 16:54:04,125 - easytorch-training - INFO - Checkpoint checkpoints/STMAFNet_300/7a9424dbdf56bedb1aca9acb56518206/STMAFNet_267.pt saved
2026-01-27 16:54:04,126 - easytorch-training - INFO - The estimated training finish time is 2026-01-27 17:17:58
2026-01-27 16:54:04,126 - easytorch-training - INFO - Epoch 268 / 300
2026-01-27 16:54:43,651 - easytorch-training - INFO - Result <train>: [train_time: 39.52 (s), lr: 6.25e-05, train_MAE: 12.3609, train_RMSE: 20.9498, train_MAPE: 8.2776]
2026-01-27 16:54:43,652 - easytorch-training - INFO - Start validation.
2026-01-27 16:54:45,622 - easytorch-training - INFO - Result <val>: [val_time: 1.97 (s), val_MAE: 13.6210, val_RMSE: 23.2854, val_MAPE: 10.9467]
2026-01-27 16:54:47,466 - easytorch-training - INFO - Evaluate best model on test data for horizon 1, Test MAE: 11.6189, Test RMSE: 19.2107, Test MAPE: 7.5948
2026-01-27 16:54:47,467 - easytorch-training - INFO - Evaluate best model on test data for horizon 2, Test MAE: 12.1667, Test RMSE: 20.5152, Test MAPE: 7.8766
2026-01-27 16:54:47,468 - easytorch-training - INFO - Evaluate best model on test data for horizon 3, Test MAE: 12.6018, Test RMSE: 21.5517, Test MAPE: 8.1765
2026-01-27 16:54:47,469 - easytorch-training - INFO - Evaluate best model on test data for horizon 4, Test MAE: 12.9776, Test RMSE: 22.4565, Test MAPE: 8.3474
2026-01-27 16:54:47,470 - easytorch-training - INFO - Evaluate best model on test data for horizon 5, Test MAE: 13.2878, Test RMSE: 23.1627, Test MAPE: 8.5736
2026-01-27 16:54:47,471 - easytorch-training - INFO - Evaluate best model on test data for horizon 6, Test MAE: 13.5664, Test RMSE: 23.7550, Test MAPE: 8.7586
2026-01-27 16:54:47,472 - easytorch-training - INFO - Evaluate best model on test data for horizon 7, Test MAE: 13.8331, Test RMSE: 24.2741, Test MAPE: 8.9518
2026-01-27 16:54:47,474 - easytorch-training - INFO - Evaluate best model on test data for horizon 8, Test MAE: 14.0718, Test RMSE: 24.6750, Test MAPE: 9.0062
2026-01-27 16:54:47,475 - easytorch-training - INFO - Evaluate best model on test data for horizon 9, Test MAE: 14.2814, Test RMSE: 25.0724, Test MAPE: 9.1516
2026-01-27 16:54:47,476 - easytorch-training - INFO - Evaluate best model on test data for horizon 10, Test MAE: 14.4604, Test RMSE: 25.3886, Test MAPE: 9.2673
2026-01-27 16:54:47,477 - easytorch-training - INFO - Evaluate best model on test data for horizon 11, Test MAE: 14.6279, Test RMSE: 25.6733, Test MAPE: 9.4154
2026-01-27 16:54:47,478 - easytorch-training - INFO - Evaluate best model on test data for horizon 12, Test MAE: 14.8317, Test RMSE: 25.9463, Test MAPE: 9.5907
2026-01-27 16:54:47,482 - easytorch-training - INFO - Result <test>: [test_time: 1.86 (s), test_MAE: 13.5271, test_RMSE: 23.5640, test_MAPE: 8.7259]
2026-01-27 16:54:47,625 - easytorch-training - INFO - Checkpoint checkpoints/STMAFNet_300/7a9424dbdf56bedb1aca9acb56518206/STMAFNet_268.pt saved
2026-01-27 16:54:47,626 - easytorch-training - INFO - The estimated training finish time is 2026-01-27 17:17:58
2026-01-27 16:54:47,626 - easytorch-training - INFO - Epoch 269 / 300
2026-01-27 16:55:27,135 - easytorch-training - INFO - Result <train>: [train_time: 39.51 (s), lr: 6.25e-05, train_MAE: 12.3565, train_RMSE: 20.9405, train_MAPE: 8.2725]
2026-01-27 16:55:27,136 - easytorch-training - INFO - Start validation.
2026-01-27 16:55:29,053 - easytorch-training - INFO - Result <val>: [val_time: 1.92 (s), val_MAE: 13.6391, val_RMSE: 23.3176, val_MAPE: 10.9300]
2026-01-27 16:55:30,895 - easytorch-training - INFO - Evaluate best model on test data for horizon 1, Test MAE: 11.6390, Test RMSE: 19.1849, Test MAPE: 7.5282
2026-01-27 16:55:30,896 - easytorch-training - INFO - Evaluate best model on test data for horizon 2, Test MAE: 12.1710, Test RMSE: 20.4776, Test MAPE: 7.8040
2026-01-27 16:55:30,898 - easytorch-training - INFO - Evaluate best model on test data for horizon 3, Test MAE: 12.5932, Test RMSE: 21.5045, Test MAPE: 8.0759
2026-01-27 16:55:30,899 - easytorch-training - INFO - Evaluate best model on test data for horizon 4, Test MAE: 12.9418, Test RMSE: 22.4022, Test MAPE: 8.2848
2026-01-27 16:55:30,900 - easytorch-training - INFO - Evaluate best model on test data for horizon 5, Test MAE: 13.2428, Test RMSE: 23.1121, Test MAPE: 8.4864
2026-01-27 16:55:30,901 - easytorch-training - INFO - Evaluate best model on test data for horizon 6, Test MAE: 13.5283, Test RMSE: 23.6781, Test MAPE: 8.6654
2026-01-27 16:55:30,902 - easytorch-training - INFO - Evaluate best model on test data for horizon 7, Test MAE: 13.8027, Test RMSE: 24.2041, Test MAPE: 8.8556
2026-01-27 16:55:30,903 - easytorch-training - INFO - Evaluate best model on test data for horizon 8, Test MAE: 14.0401, Test RMSE: 24.5891, Test MAPE: 8.9806
2026-01-27 16:55:30,904 - easytorch-training - INFO - Evaluate best model on test data for horizon 9, Test MAE: 14.2189, Test RMSE: 24.9638, Test MAPE: 9.1188
2026-01-27 16:55:30,905 - easytorch-training - INFO - Evaluate best model on test data for horizon 10, Test MAE: 14.4324, Test RMSE: 25.3115, Test MAPE: 9.2662
2026-01-27 16:55:30,906 - easytorch-training - INFO - Evaluate best model on test data for horizon 11, Test MAE: 14.5927, Test RMSE: 25.6011, Test MAPE: 9.3899
2026-01-27 16:55:30,908 - easytorch-training - INFO - Evaluate best model on test data for horizon 12, Test MAE: 14.7888, Test RMSE: 25.8616, Test MAPE: 9.5222
2026-01-27 16:55:30,911 - easytorch-training - INFO - Result <test>: [test_time: 1.86 (s), test_MAE: 13.4993, test_RMSE: 23.4966, test_MAPE: 8.6648]
2026-01-27 16:55:31,062 - easytorch-training - INFO - Checkpoint checkpoints/STMAFNet_300/7a9424dbdf56bedb1aca9acb56518206/STMAFNet_269.pt saved
2026-01-27 16:55:31,063 - easytorch-training - INFO - The estimated training finish time is 2026-01-27 17:17:58
2026-01-27 16:55:31,063 - easytorch-training - INFO - Epoch 270 / 300
2026-01-27 16:56:10,756 - easytorch-training - INFO - Result <train>: [train_time: 39.69 (s), lr: 6.25e-05, train_MAE: 12.3592, train_RMSE: 20.9368, train_MAPE: 8.2708]
2026-01-27 16:56:10,757 - easytorch-training - INFO - Start validation.
2026-01-27 16:56:12,707 - easytorch-training - INFO - Result <val>: [val_time: 1.95 (s), val_MAE: 13.6108, val_RMSE: 23.2624, val_MAPE: 11.1680]
2026-01-27 16:56:14,522 - easytorch-training - INFO - Evaluate best model on test data for horizon 1, Test MAE: 11.6104, Test RMSE: 19.1678, Test MAPE: 7.6072
2026-01-27 16:56:14,523 - easytorch-training - INFO - Evaluate best model on test data for horizon 2, Test MAE: 12.1426, Test RMSE: 20.4421, Test MAPE: 7.9648
2026-01-27 16:56:14,524 - easytorch-training - INFO - Evaluate best model on test data for horizon 3, Test MAE: 12.5596, Test RMSE: 21.4390, Test MAPE: 8.2491
2026-01-27 16:56:14,525 - easytorch-training - INFO - Evaluate best model on test data for horizon 4, Test MAE: 12.9535, Test RMSE: 22.3020, Test MAPE: 8.3746
2026-01-27 16:56:14,526 - easytorch-training - INFO - Evaluate best model on test data for horizon 5, Test MAE: 13.2581, Test RMSE: 22.9904, Test MAPE: 8.5211
2026-01-27 16:56:14,527 - easytorch-training - INFO - Evaluate best model on test data for horizon 6, Test MAE: 13.5315, Test RMSE: 23.5824, Test MAPE: 8.6702
2026-01-27 16:56:14,528 - easytorch-training - INFO - Evaluate best model on test data for horizon 7, Test MAE: 13.8033, Test RMSE: 24.1223, Test MAPE: 8.8412
2026-01-27 16:56:14,530 - easytorch-training - INFO - Evaluate best model on test data for horizon 8, Test MAE: 14.0342, Test RMSE: 24.5440, Test MAPE: 9.0384
2026-01-27 16:56:14,531 - easytorch-training - INFO - Evaluate best model on test data for horizon 9, Test MAE: 14.2554, Test RMSE: 24.9280, Test MAPE: 9.0969
2026-01-27 16:56:14,532 - easytorch-training - INFO - Evaluate best model on test data for horizon 10, Test MAE: 14.4179, Test RMSE: 25.2309, Test MAPE: 9.3134
2026-01-27 16:56:14,533 - easytorch-training - INFO - Evaluate best model on test data for horizon 11, Test MAE: 14.5873, Test RMSE: 25.4939, Test MAPE: 9.3896
2026-01-27 16:56:14,534 - easytorch-training - INFO - Evaluate best model on test data for horizon 12, Test MAE: 14.7806, Test RMSE: 25.7601, Test MAPE: 9.5546
2026-01-27 16:56:14,538 - easytorch-training - INFO - Result <test>: [test_time: 1.83 (s), test_MAE: 13.4945, test_RMSE: 23.4215, test_MAPE: 8.7184]
2026-01-27 16:56:14,684 - easytorch-training - INFO - Checkpoint checkpoints/STMAFNet_300/7a9424dbdf56bedb1aca9acb56518206/STMAFNet_270.pt saved
2026-01-27 16:56:14,697 - easytorch-training - INFO - The estimated training finish time is 2026-01-27 17:17:59
2026-01-27 16:56:14,697 - easytorch-training - INFO - Epoch 271 / 300
2026-01-27 16:56:54,366 - easytorch-training - INFO - Result <train>: [train_time: 39.67 (s), lr: 6.25e-05, train_MAE: 12.3562, train_RMSE: 20.9369, train_MAPE: 8.2782]
2026-01-27 16:56:54,367 - easytorch-training - INFO - Start validation.
2026-01-27 16:56:56,329 - easytorch-training - INFO - Result <val>: [val_time: 1.96 (s), val_MAE: 13.5878, val_RMSE: 23.2719, val_MAPE: 10.7815]
2026-01-27 16:56:58,165 - easytorch-training - INFO - Evaluate best model on test data for horizon 1, Test MAE: 11.6046, Test RMSE: 19.1747, Test MAPE: 7.7305
2026-01-27 16:56:58,167 - easytorch-training - INFO - Evaluate best model on test data for horizon 2, Test MAE: 12.1347, Test RMSE: 20.4581, Test MAPE: 7.8674
2026-01-27 16:56:58,168 - easytorch-training - INFO - Evaluate best model on test data for horizon 3, Test MAE: 12.5487, Test RMSE: 21.4501, Test MAPE: 8.1417
2026-01-27 16:56:58,169 - easytorch-training - INFO - Evaluate best model on test data for horizon 4, Test MAE: 12.9200, Test RMSE: 22.3387, Test MAPE: 8.4518
2026-01-27 16:56:58,170 - easytorch-training - INFO - Evaluate best model on test data for horizon 5, Test MAE: 13.2339, Test RMSE: 23.0396, Test MAPE: 8.5138
2026-01-27 16:56:58,171 - easytorch-training - INFO - Evaluate best model on test data for horizon 6, Test MAE: 13.5126, Test RMSE: 23.6760, Test MAPE: 8.6915
2026-01-27 16:56:58,172 - easytorch-training - INFO - Evaluate best model on test data for horizon 7, Test MAE: 13.7844, Test RMSE: 24.2567, Test MAPE: 8.8876
2026-01-27 16:56:58,173 - easytorch-training - INFO - Evaluate best model on test data for horizon 8, Test MAE: 14.0217, Test RMSE: 24.7301, Test MAPE: 9.0135
2026-01-27 16:56:58,175 - easytorch-training - INFO - Evaluate best model on test data for horizon 9, Test MAE: 14.2432, Test RMSE: 25.1576, Test MAPE: 9.1230
2026-01-27 16:56:58,176 - easytorch-training - INFO - Evaluate best model on test data for horizon 10, Test MAE: 14.4163, Test RMSE: 25.4296, Test MAPE: 9.2604
2026-01-27 16:56:58,177 - easytorch-training - INFO - Evaluate best model on test data for horizon 11, Test MAE: 14.5843, Test RMSE: 25.6720, Test MAPE: 9.3581
2026-01-27 16:56:58,178 - easytorch-training - INFO - Evaluate best model on test data for horizon 12, Test MAE: 14.7786, Test RMSE: 25.9103, Test MAPE: 9.5005
2026-01-27 16:56:58,182 - easytorch-training - INFO - Result <test>: [test_time: 1.85 (s), test_MAE: 13.4819, test_RMSE: 23.5348, test_MAPE: 8.7116]
2026-01-27 16:56:58,327 - easytorch-training - INFO - Checkpoint checkpoints/STMAFNet_300/7a9424dbdf56bedb1aca9acb56518206/STMAFNet_271.pt saved
2026-01-27 16:56:58,328 - easytorch-training - INFO - The estimated training finish time is 2026-01-27 17:17:59
2026-01-27 16:56:58,328 - easytorch-training - INFO - Epoch 272 / 300
2026-01-27 16:57:37,993 - easytorch-training - INFO - Result <train>: [train_time: 39.67 (s), lr: 6.25e-05, train_MAE: 12.3555, train_RMSE: 20.9404, train_MAPE: 8.2741]
2026-01-27 16:57:37,995 - easytorch-training - INFO - Start validation.
2026-01-27 16:57:39,936 - easytorch-training - INFO - Result <val>: [val_time: 1.94 (s), val_MAE: 13.5987, val_RMSE: 23.2390, val_MAPE: 11.0622]
2026-01-27 16:57:41,749 - easytorch-training - INFO - Evaluate best model on test data for horizon 1, Test MAE: 11.6120, Test RMSE: 19.1959, Test MAPE: 7.5566
2026-01-27 16:57:41,750 - easytorch-training - INFO - Evaluate best model on test data for horizon 2, Test MAE: 12.1408, Test RMSE: 20.4720, Test MAPE: 7.8882
2026-01-27 16:57:41,751 - easytorch-training - INFO - Evaluate best model on test data for horizon 3, Test MAE: 12.5730, Test RMSE: 21.4724, Test MAPE: 8.1725
2026-01-27 16:57:41,752 - easytorch-training - INFO - Evaluate best model on test data for horizon 4, Test MAE: 12.9428, Test RMSE: 22.3385, Test MAPE: 8.4487
2026-01-27 16:57:41,753 - easytorch-training - INFO - Evaluate best model on test data for horizon 5, Test MAE: 13.2470, Test RMSE: 23.0381, Test MAPE: 8.6007
2026-01-27 16:57:41,755 - easytorch-training - INFO - Evaluate best model on test data for horizon 6, Test MAE: 13.5425, Test RMSE: 23.6638, Test MAPE: 8.7897
2026-01-27 16:57:41,756 - easytorch-training - INFO - Evaluate best model on test data for horizon 7, Test MAE: 13.8043, Test RMSE: 24.2182, Test MAPE: 8.9507
2026-01-27 16:57:41,757 - easytorch-training - INFO - Evaluate best model on test data for horizon 8, Test MAE: 14.0407, Test RMSE: 24.6588, Test MAPE: 9.1343
2026-01-27 16:57:41,758 - easytorch-training - INFO - Evaluate best model on test data for horizon 9, Test MAE: 14.2477, Test RMSE: 25.0469, Test MAPE: 9.2768
2026-01-27 16:57:41,759 - easytorch-training - INFO - Evaluate best model on test data for horizon 10, Test MAE: 14.4382, Test RMSE: 25.3594, Test MAPE: 9.5010
2026-01-27 16:57:41,760 - easytorch-training - INFO - Evaluate best model on test data for horizon 11, Test MAE: 14.6008, Test RMSE: 25.6133, Test MAPE: 9.4217
2026-01-27 16:57:41,761 - easytorch-training - INFO - Evaluate best model on test data for horizon 12, Test MAE: 14.8041, Test RMSE: 25.8578, Test MAPE: 9.6102
2026-01-27 16:57:41,765 - easytorch-training - INFO - Result <test>: [test_time: 1.83 (s), test_MAE: 13.4995, test_RMSE: 23.5019, test_MAPE: 8.7793]
2026-01-27 16:57:41,911 - easytorch-training - INFO - Checkpoint checkpoints/STMAFNet_300/7a9424dbdf56bedb1aca9acb56518206/STMAFNet_272.pt saved
2026-01-27 16:57:41,912 - easytorch-training - INFO - The estimated training finish time is 2026-01-27 17:17:59
2026-01-27 16:57:41,912 - easytorch-training - INFO - Epoch 273 / 300
2026-01-27 16:58:21,309 - easytorch-training - INFO - Result <train>: [train_time: 39.40 (s), lr: 6.25e-05, train_MAE: 12.3534, train_RMSE: 20.9259, train_MAPE: 8.2668]
2026-01-27 16:58:21,311 - easytorch-training - INFO - Start validation.
2026-01-27 16:58:23,383 - easytorch-training - INFO - Result <val>: [val_time: 2.07 (s), val_MAE: 13.6246, val_RMSE: 23.3001, val_MAPE: 11.1017]
2026-01-27 16:58:25,240 - easytorch-training - INFO - Evaluate best model on test data for horizon 1, Test MAE: 11.6095, Test RMSE: 19.1910, Test MAPE: 7.5032
2026-01-27 16:58:25,241 - easytorch-training - INFO - Evaluate best model on test data for horizon 2, Test MAE: 12.1520, Test RMSE: 20.4687, Test MAPE: 7.7922
2026-01-27 16:58:25,242 - easytorch-training - INFO - Evaluate best model on test data for horizon 3, Test MAE: 12.5692, Test RMSE: 21.4774, Test MAPE: 8.0603
2026-01-27 16:58:25,244 - easytorch-training - INFO - Evaluate best model on test data for horizon 4, Test MAE: 12.9573, Test RMSE: 22.3614, Test MAPE: 8.2688
2026-01-27 16:58:25,245 - easytorch-training - INFO - Evaluate best model on test data for horizon 5, Test MAE: 13.2560, Test RMSE: 23.0707, Test MAPE: 8.4827
2026-01-27 16:58:25,246 - easytorch-training - INFO - Evaluate best model on test data for horizon 6, Test MAE: 13.5230, Test RMSE: 23.6666, Test MAPE: 8.6343
2026-01-27 16:58:25,247 - easytorch-training - INFO - Evaluate best model on test data for horizon 7, Test MAE: 13.7765, Test RMSE: 24.1963, Test MAPE: 8.8272
2026-01-27 16:58:25,248 - easytorch-training - INFO - Evaluate best model on test data for horizon 8, Test MAE: 14.0430, Test RMSE: 24.6528, Test MAPE: 9.0072
2026-01-27 16:58:25,249 - easytorch-training - INFO - Evaluate best model on test data for horizon 9, Test MAE: 14.2434, Test RMSE: 25.0559, Test MAPE: 9.1303
2026-01-27 16:58:25,250 - easytorch-training - INFO - Evaluate best model on test data for horizon 10, Test MAE: 14.4309, Test RMSE: 25.3768, Test MAPE: 9.2644
2026-01-27 16:58:25,251 - easytorch-training - INFO - Evaluate best model on test data for horizon 11, Test MAE: 14.6042, Test RMSE: 25.6560, Test MAPE: 9.3986
2026-01-27 16:58:25,252 - easytorch-training - INFO - Evaluate best model on test data for horizon 12, Test MAE: 14.7762, Test RMSE: 25.8872, Test MAPE: 9.5379
2026-01-27 16:58:25,256 - easytorch-training - INFO - Result <test>: [test_time: 1.87 (s), test_MAE: 13.4951, test_RMSE: 23.5129, test_MAPE: 8.6589]
2026-01-27 16:58:25,401 - easytorch-training - INFO - Checkpoint checkpoints/STMAFNet_300/7a9424dbdf56bedb1aca9acb56518206/STMAFNet_273.pt saved
2026-01-27 16:58:25,401 - easytorch-training - INFO - The estimated training finish time is 2026-01-27 17:17:59
2026-01-27 16:58:25,402 - easytorch-training - INFO - Epoch 274 / 300
2026-01-27 16:59:04,932 - easytorch-training - INFO - Result <train>: [train_time: 39.53 (s), lr: 6.25e-05, train_MAE: 12.3506, train_RMSE: 20.9297, train_MAPE: 8.2676]
2026-01-27 16:59:04,933 - easytorch-training - INFO - Start validation.
2026-01-27 16:59:06,929 - easytorch-training - INFO - Result <val>: [val_time: 1.99 (s), val_MAE: 13.5803, val_RMSE: 23.1892, val_MAPE: 10.9301]
2026-01-27 16:59:08,787 - easytorch-training - INFO - Evaluate best model on test data for horizon 1, Test MAE: 11.6205, Test RMSE: 19.1861, Test MAPE: 7.5122
2026-01-27 16:59:08,788 - easytorch-training - INFO - Evaluate best model on test data for horizon 2, Test MAE: 12.1420, Test RMSE: 20.4261, Test MAPE: 7.8360
2026-01-27 16:59:08,789 - easytorch-training - INFO - Evaluate best model on test data for horizon 3, Test MAE: 12.5524, Test RMSE: 21.3969, Test MAPE: 8.0321
2026-01-27 16:59:08,790 - easytorch-training - INFO - Evaluate best model on test data for horizon 4, Test MAE: 12.9281, Test RMSE: 22.2460, Test MAPE: 8.3786
2026-01-27 16:59:08,791 - easytorch-training - INFO - Evaluate best model on test data for horizon 5, Test MAE: 13.2329, Test RMSE: 22.9516, Test MAPE: 8.5397
2026-01-27 16:59:08,792 - easytorch-training - INFO - Evaluate best model on test data for horizon 6, Test MAE: 13.5206, Test RMSE: 23.5723, Test MAPE: 8.6388
2026-01-27 16:59:08,793 - easytorch-training - INFO - Evaluate best model on test data for horizon 7, Test MAE: 13.7775, Test RMSE: 24.1318, Test MAPE: 8.8324
2026-01-27 16:59:08,794 - easytorch-training - INFO - Evaluate best model on test data for horizon 8, Test MAE: 14.0218, Test RMSE: 24.5378, Test MAPE: 9.0436
2026-01-27 16:59:08,796 - easytorch-training - INFO - Evaluate best model on test data for horizon 9, Test MAE: 14.2276, Test RMSE: 24.9512, Test MAPE: 9.1052
2026-01-27 16:59:08,797 - easytorch-training - INFO - Evaluate best model on test data for horizon 10, Test MAE: 14.4081, Test RMSE: 25.2249, Test MAPE: 9.2267
2026-01-27 16:59:08,798 - easytorch-training - INFO - Evaluate best model on test data for horizon 11, Test MAE: 14.5737, Test RMSE: 25.4827, Test MAPE: 9.3712
2026-01-27 16:59:08,799 - easytorch-training - INFO - Evaluate best model on test data for horizon 12, Test MAE: 14.7420, Test RMSE: 25.7318, Test MAPE: 9.4959
2026-01-27 16:59:08,803 - easytorch-training - INFO - Result <test>: [test_time: 1.87 (s), test_MAE: 13.4789, test_RMSE: 23.4081, test_MAPE: 8.6677]
2026-01-27 16:59:08,948 - easytorch-training - INFO - Checkpoint checkpoints/STMAFNet_300/7a9424dbdf56bedb1aca9acb56518206/STMAFNet_274.pt saved
2026-01-27 16:59:08,949 - easytorch-training - INFO - The estimated training finish time is 2026-01-27 17:17:59
2026-01-27 16:59:08,949 - easytorch-training - INFO - Epoch 275 / 300
2026-01-27 16:59:47,952 - easytorch-training - INFO - Result <train>: [train_time: 39.00 (s), lr: 6.25e-05, train_MAE: 12.3455, train_RMSE: 20.9243, train_MAPE: 8.2646]
2026-01-27 16:59:47,954 - easytorch-training - INFO - Start validation.
2026-01-27 16:59:49,879 - easytorch-training - INFO - Result <val>: [val_time: 1.92 (s), val_MAE: 13.6406, val_RMSE: 23.3413, val_MAPE: 11.0542]
2026-01-27 16:59:51,654 - easytorch-training - INFO - Evaluate best model on test data for horizon 1, Test MAE: 11.6086, Test RMSE: 19.1738, Test MAPE: 7.5257
2026-01-27 16:59:51,656 - easytorch-training - INFO - Evaluate best model on test data for horizon 2, Test MAE: 12.1434, Test RMSE: 20.4686, Test MAPE: 7.8252
2026-01-27 16:59:51,657 - easytorch-training - INFO - Evaluate best model on test data for horizon 3, Test MAE: 12.5646, Test RMSE: 21.4908, Test MAPE: 8.0743
2026-01-27 16:59:51,658 - easytorch-training - INFO - Evaluate best model on test data for horizon 4, Test MAE: 12.9495, Test RMSE: 22.3828, Test MAPE: 8.2986
2026-01-27 16:59:51,659 - easytorch-training - INFO - Evaluate best model on test data for horizon 5, Test MAE: 13.2565, Test RMSE: 23.0705, Test MAPE: 8.4971
2026-01-27 16:59:51,661 - easytorch-training - INFO - Evaluate best model on test data for horizon 6, Test MAE: 13.5342, Test RMSE: 23.6733, Test MAPE: 8.6885
2026-01-27 16:59:51,662 - easytorch-training - INFO - Evaluate best model on test data for horizon 7, Test MAE: 13.7881, Test RMSE: 24.2300, Test MAPE: 8.8484
2026-01-27 16:59:51,663 - easytorch-training - INFO - Evaluate best model on test data for horizon 8, Test MAE: 14.0337, Test RMSE: 24.6933, Test MAPE: 9.0228
2026-01-27 16:59:51,664 - easytorch-training - INFO - Evaluate best model on test data for horizon 9, Test MAE: 14.2625, Test RMSE: 25.1330, Test MAPE: 9.2257
2026-01-27 16:59:51,665 - easytorch-training - INFO - Evaluate best model on test data for horizon 10, Test MAE: 14.4311, Test RMSE: 25.4141, Test MAPE: 9.3185
2026-01-27 16:59:51,666 - easytorch-training - INFO - Evaluate best model on test data for horizon 11, Test MAE: 14.5906, Test RMSE: 25.6588, Test MAPE: 9.4018
2026-01-27 16:59:51,667 - easytorch-training - INFO - Evaluate best model on test data for horizon 12, Test MAE: 14.7740, Test RMSE: 25.9115, Test MAPE: 9.5425
2026-01-27 16:59:51,671 - easytorch-training - INFO - Result <test>: [test_time: 1.79 (s), test_MAE: 13.4947, test_RMSE: 23.5342, test_MAPE: 8.6891]
2026-01-27 16:59:51,822 - easytorch-training - INFO - Checkpoint checkpoints/STMAFNet_300/7a9424dbdf56bedb1aca9acb56518206/STMAFNet_275.pt saved
2026-01-27 16:59:51,822 - easytorch-training - INFO - The estimated training finish time is 2026-01-27 17:17:58
2026-01-27 16:59:51,822 - easytorch-training - INFO - Epoch 276 / 300
2026-01-27 17:00:31,286 - easytorch-training - INFO - Result <train>: [train_time: 39.46 (s), lr: 6.25e-05, train_MAE: 12.3479, train_RMSE: 20.9239, train_MAPE: 8.2623]
2026-01-27 17:00:31,288 - easytorch-training - INFO - Start validation.
2026-01-27 17:00:33,235 - easytorch-training - INFO - Result <val>: [val_time: 1.95 (s), val_MAE: 13.5918, val_RMSE: 23.2364, val_MAPE: 11.0480]
2026-01-27 17:00:35,085 - easytorch-training - INFO - Evaluate best model on test data for horizon 1, Test MAE: 11.6090, Test RMSE: 19.1886, Test MAPE: 7.6285
2026-01-27 17:00:35,086 - easytorch-training - INFO - Evaluate best model on test data for horizon 2, Test MAE: 12.1442, Test RMSE: 20.4532, Test MAPE: 7.9353
2026-01-27 17:00:35,087 - easytorch-training - INFO - Evaluate best model on test data for horizon 3, Test MAE: 12.5389, Test RMSE: 21.4513, Test MAPE: 8.2047
2026-01-27 17:00:35,088 - easytorch-training - INFO - Evaluate best model on test data for horizon 4, Test MAE: 12.9315, Test RMSE: 22.3363, Test MAPE: 8.5168
2026-01-27 17:00:35,089 - easytorch-training - INFO - Evaluate best model on test data for horizon 5, Test MAE: 13.2206, Test RMSE: 23.0353, Test MAPE: 8.6285
2026-01-27 17:00:35,091 - easytorch-training - INFO - Evaluate best model on test data for horizon 6, Test MAE: 13.5128, Test RMSE: 23.6191, Test MAPE: 8.9387
2026-01-27 17:00:35,092 - easytorch-training - INFO - Evaluate best model on test data for horizon 7, Test MAE: 13.7462, Test RMSE: 24.1483, Test MAPE: 8.9636
2026-01-27 17:00:35,093 - easytorch-training - INFO - Evaluate best model on test data for horizon 8, Test MAE: 14.0122, Test RMSE: 24.5879, Test MAPE: 9.2020
2026-01-27 17:00:35,094 - easytorch-training - INFO - Evaluate best model on test data for horizon 9, Test MAE: 14.1978, Test RMSE: 24.9591, Test MAPE: 9.2236
2026-01-27 17:00:35,095 - easytorch-training - INFO - Evaluate best model on test data for horizon 10, Test MAE: 14.3807, Test RMSE: 25.2731, Test MAPE: 9.4724
2026-01-27 17:00:35,096 - easytorch-training - INFO - Evaluate best model on test data for horizon 11, Test MAE: 14.5639, Test RMSE: 25.5437, Test MAPE: 9.5323
2026-01-27 17:00:35,097 - easytorch-training - INFO - Evaluate best model on test data for horizon 12, Test MAE: 14.7780, Test RMSE: 25.7996, Test MAPE: 9.7838
2026-01-27 17:00:35,101 - easytorch-training - INFO - Result <test>: [test_time: 1.86 (s), test_MAE: 13.4697, test_RMSE: 23.4549, test_MAPE: 8.8358]
2026-01-27 17:00:35,246 - easytorch-training - INFO - Checkpoint checkpoints/STMAFNet_300/7a9424dbdf56bedb1aca9acb56518206/STMAFNet_276.pt saved
2026-01-27 17:00:35,246 - easytorch-training - INFO - The estimated training finish time is 2026-01-27 17:17:58
2026-01-27 17:00:35,246 - easytorch-training - INFO - Epoch 277 / 300
2026-01-27 17:01:14,382 - easytorch-training - INFO - Result <train>: [train_time: 39.14 (s), lr: 6.25e-05, train_MAE: 12.3424, train_RMSE: 20.9178, train_MAPE: 8.2565]
2026-01-27 17:01:14,384 - easytorch-training - INFO - Start validation.
2026-01-27 17:01:16,301 - easytorch-training - INFO - Result <val>: [val_time: 1.92 (s), val_MAE: 13.5908, val_RMSE: 23.2993, val_MAPE: 10.8788]
2026-01-27 17:01:18,113 - easytorch-training - INFO - Evaluate best model on test data for horizon 1, Test MAE: 11.6081, Test RMSE: 19.1995, Test MAPE: 7.5037
2026-01-27 17:01:18,115 - easytorch-training - INFO - Evaluate best model on test data for horizon 2, Test MAE: 12.1327, Test RMSE: 20.4653, Test MAPE: 7.8270
2026-01-27 17:01:18,116 - easytorch-training - INFO - Evaluate best model on test data for horizon 3, Test MAE: 12.5685, Test RMSE: 21.4748, Test MAPE: 8.0564
2026-01-27 17:01:18,117 - easytorch-training - INFO - Evaluate best model on test data for horizon 4, Test MAE: 12.9323, Test RMSE: 22.3382, Test MAPE: 8.2841
2026-01-27 17:01:18,118 - easytorch-training - INFO - Evaluate best model on test data for horizon 5, Test MAE: 13.2643, Test RMSE: 23.0743, Test MAPE: 8.4929
2026-01-27 17:01:18,119 - easytorch-training - INFO - Evaluate best model on test data for horizon 6, Test MAE: 13.5335, Test RMSE: 23.6578, Test MAPE: 8.6567
2026-01-27 17:01:18,120 - easytorch-training - INFO - Evaluate best model on test data for horizon 7, Test MAE: 13.7768, Test RMSE: 24.2092, Test MAPE: 8.8059
2026-01-27 17:01:18,121 - easytorch-training - INFO - Evaluate best model on test data for horizon 8, Test MAE: 14.0464, Test RMSE: 24.6628, Test MAPE: 8.9715
2026-01-27 17:01:18,122 - easytorch-training - INFO - Evaluate best model on test data for horizon 9, Test MAE: 14.2399, Test RMSE: 25.0406, Test MAPE: 9.1036
2026-01-27 17:01:18,124 - easytorch-training - INFO - Evaluate best model on test data for horizon 10, Test MAE: 14.4109, Test RMSE: 25.3369, Test MAPE: 9.2217
2026-01-27 17:01:18,125 - easytorch-training - INFO - Evaluate best model on test data for horizon 11, Test MAE: 14.6116, Test RMSE: 25.6383, Test MAPE: 9.3522
2026-01-27 17:01:18,126 - easytorch-training - INFO - Evaluate best model on test data for horizon 12, Test MAE: 14.7872, Test RMSE: 25.8816, Test MAPE: 9.5098
2026-01-27 17:01:18,130 - easytorch-training - INFO - Result <test>: [test_time: 1.83 (s), test_MAE: 13.4927, test_RMSE: 23.5057, test_MAPE: 8.6488]
2026-01-27 17:01:18,273 - easytorch-training - INFO - Checkpoint checkpoints/STMAFNet_300/7a9424dbdf56bedb1aca9acb56518206/STMAFNet_277.pt saved
2026-01-27 17:01:18,273 - easytorch-training - INFO - The estimated training finish time is 2026-01-27 17:17:58
2026-01-27 17:01:18,273 - easytorch-training - INFO - Epoch 278 / 300
2026-01-27 17:01:57,361 - easytorch-training - INFO - Result <train>: [train_time: 39.09 (s), lr: 6.25e-05, train_MAE: 12.3366, train_RMSE: 20.9062, train_MAPE: 8.2687]
2026-01-27 17:01:57,363 - easytorch-training - INFO - Start validation.
2026-01-27 17:01:59,299 - easytorch-training - INFO - Result <val>: [val_time: 1.94 (s), val_MAE: 13.6240, val_RMSE: 23.2447, val_MAPE: 10.7845]
2026-01-27 17:02:01,116 - easytorch-training - INFO - Evaluate best model on test data for horizon 1, Test MAE: 11.6016, Test RMSE: 19.1604, Test MAPE: 7.5222
2026-01-27 17:02:01,117 - easytorch-training - INFO - Evaluate best model on test data for horizon 2, Test MAE: 12.1519, Test RMSE: 20.4325, Test MAPE: 7.8076
2026-01-27 17:02:01,118 - easytorch-training - INFO - Evaluate best model on test data for horizon 3, Test MAE: 12.5801, Test RMSE: 21.4212, Test MAPE: 8.0692
2026-01-27 17:02:01,119 - easytorch-training - INFO - Evaluate best model on test data for horizon 4, Test MAE: 12.9490, Test RMSE: 22.2910, Test MAPE: 8.3134
2026-01-27 17:02:01,120 - easytorch-training - INFO - Evaluate best model on test data for horizon 5, Test MAE: 13.2412, Test RMSE: 22.9960, Test MAPE: 8.4630
2026-01-27 17:02:01,121 - easytorch-training - INFO - Evaluate best model on test data for horizon 6, Test MAE: 13.5293, Test RMSE: 23.5929, Test MAPE: 8.6402
2026-01-27 17:02:01,122 - easytorch-training - INFO - Evaluate best model on test data for horizon 7, Test MAE: 13.7982, Test RMSE: 24.1709, Test MAPE: 8.8040
2026-01-27 17:02:01,123 - easytorch-training - INFO - Evaluate best model on test data for horizon 8, Test MAE: 14.0277, Test RMSE: 24.5895, Test MAPE: 8.9510
2026-01-27 17:02:01,125 - easytorch-training - INFO - Evaluate best model on test data for horizon 9, Test MAE: 14.2459, Test RMSE: 24.9960, Test MAPE: 9.0853
2026-01-27 17:02:01,126 - easytorch-training - INFO - Evaluate best model on test data for horizon 10, Test MAE: 14.3918, Test RMSE: 25.2937, Test MAPE: 9.1939
2026-01-27 17:02:01,127 - easytorch-training - INFO - Evaluate best model on test data for horizon 11, Test MAE: 14.5874, Test RMSE: 25.5615, Test MAPE: 9.3227
2026-01-27 17:02:01,128 - easytorch-training - INFO - Evaluate best model on test data for horizon 12, Test MAE: 14.7983, Test RMSE: 25.8361, Test MAPE: 9.4728
2026-01-27 17:02:01,132 - easytorch-training - INFO - Result <test>: [test_time: 1.83 (s), test_MAE: 13.4918, test_RMSE: 23.4523, test_MAPE: 8.6371]
2026-01-27 17:02:01,276 - easytorch-training - INFO - Checkpoint checkpoints/STMAFNet_300/7a9424dbdf56bedb1aca9acb56518206/STMAFNet_278.pt saved
2026-01-27 17:02:01,276 - easytorch-training - INFO - The estimated training finish time is 2026-01-27 17:17:57
2026-01-27 17:02:01,276 - easytorch-training - INFO - Epoch 279 / 300
2026-01-27 17:02:41,008 - easytorch-training - INFO - Result <train>: [train_time: 39.73 (s), lr: 6.25e-05, train_MAE: 12.3376, train_RMSE: 20.9104, train_MAPE: 8.2550]
2026-01-27 17:02:41,009 - easytorch-training - INFO - Start validation.
2026-01-27 17:02:42,942 - easytorch-training - INFO - Result <val>: [val_time: 1.93 (s), val_MAE: 13.5664, val_RMSE: 23.2219, val_MAPE: 10.8591]
2026-01-27 17:02:44,792 - easytorch-training - INFO - Evaluate best model on test data for horizon 1, Test MAE: 11.6153, Test RMSE: 19.2065, Test MAPE: 7.7275
2026-01-27 17:02:44,793 - easytorch-training - INFO - Evaluate best model on test data for horizon 2, Test MAE: 12.1400, Test RMSE: 20.4854, Test MAPE: 7.8739
2026-01-27 17:02:44,794 - easytorch-training - INFO - Evaluate best model on test data for horizon 3, Test MAE: 12.5547, Test RMSE: 21.4636, Test MAPE: 8.1031
2026-01-27 17:02:44,795 - easytorch-training - INFO - Evaluate best model on test data for horizon 4, Test MAE: 12.9246, Test RMSE: 22.3161, Test MAPE: 8.2838
2026-01-27 17:02:44,797 - easytorch-training - INFO - Evaluate best model on test data for horizon 5, Test MAE: 13.2403, Test RMSE: 23.0086, Test MAPE: 8.5278
2026-01-27 17:02:44,798 - easytorch-training - INFO - Evaluate best model on test data for horizon 6, Test MAE: 13.5127, Test RMSE: 23.6173, Test MAPE: 8.7325
2026-01-27 17:02:44,799 - easytorch-training - INFO - Evaluate best model on test data for horizon 7, Test MAE: 13.7725, Test RMSE: 24.1455, Test MAPE: 8.8875
2026-01-27 17:02:44,800 - easytorch-training - INFO - Evaluate best model on test data for horizon 8, Test MAE: 14.0130, Test RMSE: 24.5882, Test MAPE: 9.0316
2026-01-27 17:02:44,801 - easytorch-training - INFO - Evaluate best model on test data for horizon 9, Test MAE: 14.2304, Test RMSE: 24.9949, Test MAPE: 9.3540
2026-01-27 17:02:44,802 - easytorch-training - INFO - Evaluate best model on test data for horizon 10, Test MAE: 14.4071, Test RMSE: 25.3057, Test MAPE: 9.2830
2026-01-27 17:02:44,803 - easytorch-training - INFO - Evaluate best model on test data for horizon 11, Test MAE: 14.5842, Test RMSE: 25.5735, Test MAPE: 9.6696
2026-01-27 17:02:44,804 - easytorch-training - INFO - Evaluate best model on test data for horizon 12, Test MAE: 14.7737, Test RMSE: 25.8387, Test MAPE: 9.7672
2026-01-27 17:02:44,808 - easytorch-training - INFO - Result <test>: [test_time: 1.86 (s), test_MAE: 13.4807, test_RMSE: 23.4676, test_MAPE: 8.7701]
2026-01-27 17:02:44,952 - easytorch-training - INFO - Checkpoint checkpoints/STMAFNet_300/7a9424dbdf56bedb1aca9acb56518206/STMAFNet_279.pt saved
2026-01-27 17:02:44,953 - easytorch-training - INFO - The estimated training finish time is 2026-01-27 17:17:57
2026-01-27 17:02:44,953 - easytorch-training - INFO - Epoch 280 / 300
2026-01-27 17:03:24,070 - easytorch-training - INFO - Result <train>: [train_time: 39.12 (s), lr: 6.25e-05, train_MAE: 12.3383, train_RMSE: 20.9088, train_MAPE: 8.2593]
2026-01-27 17:03:24,072 - easytorch-training - INFO - Start validation.
2026-01-27 17:03:26,045 - easytorch-training - INFO - Result <val>: [val_time: 1.97 (s), val_MAE: 13.6145, val_RMSE: 23.2949, val_MAPE: 11.0953]
2026-01-27 17:03:27,874 - easytorch-training - INFO - Evaluate best model on test data for horizon 1, Test MAE: 11.6110, Test RMSE: 19.2057, Test MAPE: 7.5466
2026-01-27 17:03:27,876 - easytorch-training - INFO - Evaluate best model on test data for horizon 2, Test MAE: 12.1495, Test RMSE: 20.4904, Test MAPE: 7.8733
2026-01-27 17:03:27,877 - easytorch-training - INFO - Evaluate best model on test data for horizon 3, Test MAE: 12.5653, Test RMSE: 21.4642, Test MAPE: 8.1277
2026-01-27 17:03:27,878 - easytorch-training - INFO - Evaluate best model on test data for horizon 4, Test MAE: 12.9475, Test RMSE: 22.3575, Test MAPE: 8.3457
2026-01-27 17:03:27,879 - easytorch-training - INFO - Evaluate best model on test data for horizon 5, Test MAE: 13.2786, Test RMSE: 23.0680, Test MAPE: 8.6108
2026-01-27 17:03:27,880 - easytorch-training - INFO - Evaluate best model on test data for horizon 6, Test MAE: 13.5409, Test RMSE: 23.6674, Test MAPE: 8.6782
2026-01-27 17:03:27,881 - easytorch-training - INFO - Evaluate best model on test data for horizon 7, Test MAE: 13.8204, Test RMSE: 24.2300, Test MAPE: 8.8379
2026-01-27 17:03:27,882 - easytorch-training - INFO - Evaluate best model on test data for horizon 8, Test MAE: 14.0446, Test RMSE: 24.6473, Test MAPE: 9.0475
2026-01-27 17:03:27,884 - easytorch-training - INFO - Evaluate best model on test data for horizon 9, Test MAE: 14.2444, Test RMSE: 24.9954, Test MAPE: 9.1647
2026-01-27 17:03:27,885 - easytorch-training - INFO - Evaluate best model on test data for horizon 10, Test MAE: 14.4155, Test RMSE: 25.2903, Test MAPE: 9.2781
2026-01-27 17:03:27,886 - easytorch-training - INFO - Evaluate best model on test data for horizon 11, Test MAE: 14.5839, Test RMSE: 25.5619, Test MAPE: 9.4247
2026-01-27 17:03:27,887 - easytorch-training - INFO - Evaluate best model on test data for horizon 12, Test MAE: 14.7906, Test RMSE: 25.8450, Test MAPE: 9.5071
2026-01-27 17:03:27,891 - easytorch-training - INFO - Result <test>: [test_time: 1.84 (s), test_MAE: 13.4993, test_RMSE: 23.4909, test_MAPE: 8.7035]
2026-01-27 17:03:28,035 - easytorch-training - INFO - Checkpoint checkpoints/STMAFNet_300/7a9424dbdf56bedb1aca9acb56518206/STMAFNet_280.pt saved
2026-01-27 17:03:28,048 - easytorch-training - INFO - The estimated training finish time is 2026-01-27 17:17:57
2026-01-27 17:03:28,048 - easytorch-training - INFO - Epoch 281 / 300
2026-01-27 17:04:07,279 - easytorch-training - INFO - Result <train>: [train_time: 39.23 (s), lr: 6.25e-05, train_MAE: 12.3338, train_RMSE: 20.8976, train_MAPE: 8.2561]
2026-01-27 17:04:07,281 - easytorch-training - INFO - Start validation.
2026-01-27 17:04:09,240 - easytorch-training - INFO - Result <val>: [val_time: 1.96 (s), val_MAE: 13.6219, val_RMSE: 23.2291, val_MAPE: 10.9680]
2026-01-27 17:04:11,061 - easytorch-training - INFO - Evaluate best model on test data for horizon 1, Test MAE: 11.6441, Test RMSE: 19.1913, Test MAPE: 7.4950
2026-01-27 17:04:11,062 - easytorch-training - INFO - Evaluate best model on test data for horizon 2, Test MAE: 12.1775, Test RMSE: 20.4947, Test MAPE: 7.8735
2026-01-27 17:04:11,064 - easytorch-training - INFO - Evaluate best model on test data for horizon 3, Test MAE: 12.6149, Test RMSE: 21.5075, Test MAPE: 8.1032
2026-01-27 17:04:11,065 - easytorch-training - INFO - Evaluate best model on test data for horizon 4, Test MAE: 12.9745, Test RMSE: 22.3689, Test MAPE: 8.2692
2026-01-27 17:04:11,066 - easytorch-training - INFO - Evaluate best model on test data for horizon 5, Test MAE: 13.2926, Test RMSE: 23.0474, Test MAPE: 8.4938
2026-01-27 17:04:11,067 - easytorch-training - INFO - Evaluate best model on test data for horizon 6, Test MAE: 13.5717, Test RMSE: 23.6334, Test MAPE: 8.6639
2026-01-27 17:04:11,068 - easytorch-training - INFO - Evaluate best model on test data for horizon 7, Test MAE: 13.8086, Test RMSE: 24.1505, Test MAPE: 8.7974
2026-01-27 17:04:11,069 - easytorch-training - INFO - Evaluate best model on test data for horizon 8, Test MAE: 14.0547, Test RMSE: 24.5810, Test MAPE: 8.9885
2026-01-27 17:04:11,070 - easytorch-training - INFO - Evaluate best model on test data for horizon 9, Test MAE: 14.2607, Test RMSE: 25.0110, Test MAPE: 9.1371
2026-01-27 17:04:11,071 - easytorch-training - INFO - Evaluate best model on test data for horizon 10, Test MAE: 14.4177, Test RMSE: 25.2836, Test MAPE: 9.2208
2026-01-27 17:04:11,072 - easytorch-training - INFO - Evaluate best model on test data for horizon 11, Test MAE: 14.6048, Test RMSE: 25.5762, Test MAPE: 9.3422
2026-01-27 17:04:11,073 - easytorch-training - INFO - Evaluate best model on test data for horizon 12, Test MAE: 14.8096, Test RMSE: 25.8238, Test MAPE: 9.5072
2026-01-27 17:04:11,077 - easytorch-training - INFO - Result <test>: [test_time: 1.84 (s), test_MAE: 13.5193, test_RMSE: 23.4774, test_MAPE: 8.6577]
2026-01-27 17:04:11,223 - easytorch-training - INFO - Checkpoint checkpoints/STMAFNet_300/7a9424dbdf56bedb1aca9acb56518206/STMAFNet_281.pt saved
2026-01-27 17:04:11,224 - easytorch-training - INFO - The estimated training finish time is 2026-01-27 17:17:57
2026-01-27 17:04:11,224 - easytorch-training - INFO - Epoch 282 / 300
2026-01-27 17:04:50,387 - easytorch-training - INFO - Result <train>: [train_time: 39.16 (s), lr: 6.25e-05, train_MAE: 12.3344, train_RMSE: 20.9052, train_MAPE: 8.2581]
2026-01-27 17:04:50,389 - easytorch-training - INFO - Start validation.
2026-01-27 17:04:52,334 - easytorch-training - INFO - Result <val>: [val_time: 1.94 (s), val_MAE: 13.6064, val_RMSE: 23.2547, val_MAPE: 11.0326]
2026-01-27 17:04:54,161 - easytorch-training - INFO - Evaluate best model on test data for horizon 1, Test MAE: 11.6142, Test RMSE: 19.1884, Test MAPE: 7.7169
2026-01-27 17:04:54,162 - easytorch-training - INFO - Evaluate best model on test data for horizon 2, Test MAE: 12.1513, Test RMSE: 20.4642, Test MAPE: 7.9057
2026-01-27 17:04:54,163 - easytorch-training - INFO - Evaluate best model on test data for horizon 3, Test MAE: 12.5823, Test RMSE: 21.4624, Test MAPE: 8.4091
2026-01-27 17:04:54,164 - easytorch-training - INFO - Evaluate best model on test data for horizon 4, Test MAE: 12.9549, Test RMSE: 22.3440, Test MAPE: 8.4313
2026-01-27 17:04:54,165 - easytorch-training - INFO - Evaluate best model on test data for horizon 5, Test MAE: 13.2692, Test RMSE: 23.0409, Test MAPE: 8.7399
2026-01-27 17:04:54,166 - easytorch-training - INFO - Evaluate best model on test data for horizon 6, Test MAE: 13.5463, Test RMSE: 23.6442, Test MAPE: 8.8466
2026-01-27 17:04:54,167 - easytorch-training - INFO - Evaluate best model on test data for horizon 7, Test MAE: 13.8027, Test RMSE: 24.1826, Test MAPE: 9.0223
2026-01-27 17:04:54,169 - easytorch-training - INFO - Evaluate best model on test data for horizon 8, Test MAE: 14.0258, Test RMSE: 24.6354, Test MAPE: 9.1150
2026-01-27 17:04:54,170 - easytorch-training - INFO - Evaluate best model on test data for horizon 9, Test MAE: 14.2318, Test RMSE: 24.9980, Test MAPE: 9.2373
2026-01-27 17:04:54,171 - easytorch-training - INFO - Evaluate best model on test data for horizon 10, Test MAE: 14.3905, Test RMSE: 25.3038, Test MAPE: 9.4098
2026-01-27 17:04:54,172 - easytorch-training - INFO - Evaluate best model on test data for horizon 11, Test MAE: 14.5719, Test RMSE: 25.5725, Test MAPE: 9.4963
2026-01-27 17:04:54,173 - easytorch-training - INFO - Evaluate best model on test data for horizon 12, Test MAE: 14.7636, Test RMSE: 25.8192, Test MAPE: 9.6285
2026-01-27 17:04:54,177 - easytorch-training - INFO - Result <test>: [test_time: 1.84 (s), test_MAE: 13.4920, test_RMSE: 23.4774, test_MAPE: 8.8299]
2026-01-27 17:04:54,323 - easytorch-training - INFO - Checkpoint checkpoints/STMAFNet_300/7a9424dbdf56bedb1aca9acb56518206/STMAFNet_282.pt saved
2026-01-27 17:04:54,323 - easytorch-training - INFO - The estimated training finish time is 2026-01-27 17:17:56
2026-01-27 17:04:54,323 - easytorch-training - INFO - Epoch 283 / 300
2026-01-27 17:05:33,441 - easytorch-training - INFO - Result <train>: [train_time: 39.12 (s), lr: 6.25e-05, train_MAE: 12.3350, train_RMSE: 20.9039, train_MAPE: 8.2572]
2026-01-27 17:05:33,443 - easytorch-training - INFO - Start validation.
2026-01-27 17:05:35,405 - easytorch-training - INFO - Result <val>: [val_time: 1.96 (s), val_MAE: 13.5714, val_RMSE: 23.1892, val_MAPE: 10.7161]
2026-01-27 17:05:37,191 - easytorch-training - INFO - Evaluate best model on test data for horizon 1, Test MAE: 11.6200, Test RMSE: 19.1966, Test MAPE: 7.8120
2026-01-27 17:05:37,193 - easytorch-training - INFO - Evaluate best model on test data for horizon 2, Test MAE: 12.1419, Test RMSE: 20.4722, Test MAPE: 8.0246
2026-01-27 17:05:37,194 - easytorch-training - INFO - Evaluate best model on test data for horizon 3, Test MAE: 12.5688, Test RMSE: 21.4709, Test MAPE: 8.2863
2026-01-27 17:05:37,195 - easytorch-training - INFO - Evaluate best model on test data for horizon 4, Test MAE: 12.9345, Test RMSE: 22.3332, Test MAPE: 8.6259
2026-01-27 17:05:37,196 - easytorch-training - INFO - Evaluate best model on test data for horizon 5, Test MAE: 13.2604, Test RMSE: 23.0551, Test MAPE: 8.7692
2026-01-27 17:05:37,197 - easytorch-training - INFO - Evaluate best model on test data for horizon 6, Test MAE: 13.5254, Test RMSE: 23.6424, Test MAPE: 8.7842
2026-01-27 17:05:37,198 - easytorch-training - INFO - Evaluate best model on test data for horizon 7, Test MAE: 13.7967, Test RMSE: 24.2044, Test MAPE: 9.0113
2026-01-27 17:05:37,199 - easytorch-training - INFO - Evaluate best model on test data for horizon 8, Test MAE: 14.0224, Test RMSE: 24.6374, Test MAPE: 9.1330
2026-01-27 17:05:37,200 - easytorch-training - INFO - Evaluate best model on test data for horizon 9, Test MAE: 14.2281, Test RMSE: 25.0298, Test MAPE: 9.2258
2026-01-27 17:05:37,201 - easytorch-training - INFO - Evaluate best model on test data for horizon 10, Test MAE: 14.4300, Test RMSE: 25.3665, Test MAPE: 9.2952
2026-01-27 17:05:37,202 - easytorch-training - INFO - Evaluate best model on test data for horizon 11, Test MAE: 14.6058, Test RMSE: 25.6254, Test MAPE: 9.5128
2026-01-27 17:05:37,204 - easytorch-training - INFO - Evaluate best model on test data for horizon 12, Test MAE: 14.7885, Test RMSE: 25.8475, Test MAPE: 9.7491
2026-01-27 17:05:37,207 - easytorch-training - INFO - Result <test>: [test_time: 1.80 (s), test_MAE: 13.4936, test_RMSE: 23.4972, test_MAPE: 8.8524]
2026-01-27 17:05:37,367 - easytorch-training - INFO - Checkpoint checkpoints/STMAFNet_300/7a9424dbdf56bedb1aca9acb56518206/STMAFNet_283.pt saved
2026-01-27 17:05:37,367 - easytorch-training - INFO - The estimated training finish time is 2026-01-27 17:17:56
2026-01-27 17:05:37,367 - easytorch-training - INFO - Epoch 284 / 300
2026-01-27 17:06:16,397 - easytorch-training - INFO - Result <train>: [train_time: 39.03 (s), lr: 6.25e-05, train_MAE: 12.3262, train_RMSE: 20.8854, train_MAPE: 8.2527]
2026-01-27 17:06:16,399 - easytorch-training - INFO - Start validation.
2026-01-27 17:06:18,466 - easytorch-training - INFO - Result <val>: [val_time: 2.07 (s), val_MAE: 13.5984, val_RMSE: 23.2470, val_MAPE: 10.7828]
2026-01-27 17:06:20,386 - easytorch-training - INFO - Evaluate best model on test data for horizon 1, Test MAE: 11.6111, Test RMSE: 19.2183, Test MAPE: 7.5057
2026-01-27 17:06:20,387 - easytorch-training - INFO - Evaluate best model on test data for horizon 2, Test MAE: 12.1490, Test RMSE: 20.4880, Test MAPE: 7.8332
2026-01-27 17:06:20,389 - easytorch-training - INFO - Evaluate best model on test data for horizon 3, Test MAE: 12.5648, Test RMSE: 21.4851, Test MAPE: 8.0673
2026-01-27 17:06:20,390 - easytorch-training - INFO - Evaluate best model on test data for horizon 4, Test MAE: 12.9330, Test RMSE: 22.3497, Test MAPE: 8.2942
2026-01-27 17:06:20,391 - easytorch-training - INFO - Evaluate best model on test data for horizon 5, Test MAE: 13.2465, Test RMSE: 23.0500, Test MAPE: 8.5000
2026-01-27 17:06:20,392 - easytorch-training - INFO - Evaluate best model on test data for horizon 6, Test MAE: 13.5145, Test RMSE: 23.6510, Test MAPE: 8.6894
2026-01-27 17:06:20,394 - easytorch-training - INFO - Evaluate best model on test data for horizon 7, Test MAE: 13.7676, Test RMSE: 24.1667, Test MAPE: 8.8427
2026-01-27 17:06:20,395 - easytorch-training - INFO - Evaluate best model on test data for horizon 8, Test MAE: 14.0155, Test RMSE: 24.6033, Test MAPE: 9.0003
2026-01-27 17:06:20,396 - easytorch-training - INFO - Evaluate best model on test data for horizon 9, Test MAE: 14.2381, Test RMSE: 25.0200, Test MAPE: 9.1425
2026-01-27 17:06:20,398 - easytorch-training - INFO - Evaluate best model on test data for horizon 10, Test MAE: 14.4188, Test RMSE: 25.3422, Test MAPE: 9.2638
2026-01-27 17:06:20,399 - easytorch-training - INFO - Evaluate best model on test data for horizon 11, Test MAE: 14.5830, Test RMSE: 25.6065, Test MAPE: 9.3711
2026-01-27 17:06:20,400 - easytorch-training - INFO - Evaluate best model on test data for horizon 12, Test MAE: 14.7660, Test RMSE: 25.8476, Test MAPE: 9.5967
2026-01-27 17:06:20,404 - easytorch-training - INFO - Result <test>: [test_time: 1.94 (s), test_MAE: 13.4840, test_RMSE: 23.4916, test_MAPE: 8.6756]
2026-01-27 17:06:20,557 - easytorch-training - INFO - Checkpoint checkpoints/STMAFNet_300/7a9424dbdf56bedb1aca9acb56518206/STMAFNet_284.pt saved
2026-01-27 17:06:20,558 - easytorch-training - INFO - The estimated training finish time is 2026-01-27 17:17:56
2026-01-27 17:06:20,558 - easytorch-training - INFO - Epoch 285 / 300
2026-01-27 17:06:59,758 - easytorch-training - INFO - Result <train>: [train_time: 39.20 (s), lr: 6.25e-05, train_MAE: 12.3253, train_RMSE: 20.8751, train_MAPE: 8.2509]
2026-01-27 17:06:59,760 - easytorch-training - INFO - Start validation.
2026-01-27 17:07:01,755 - easytorch-training - INFO - Result <val>: [val_time: 1.99 (s), val_MAE: 13.6010, val_RMSE: 23.2686, val_MAPE: 10.9797]
2026-01-27 17:07:03,586 - easytorch-training - INFO - Evaluate best model on test data for horizon 1, Test MAE: 11.6356, Test RMSE: 19.2209, Test MAPE: 7.6400
2026-01-27 17:07:03,588 - easytorch-training - INFO - Evaluate best model on test data for horizon 2, Test MAE: 12.1802, Test RMSE: 20.4717, Test MAPE: 7.9303
2026-01-27 17:07:03,589 - easytorch-training - INFO - Evaluate best model on test data for horizon 3, Test MAE: 12.5847, Test RMSE: 21.4805, Test MAPE: 8.2947
2026-01-27 17:07:03,590 - easytorch-training - INFO - Evaluate best model on test data for horizon 4, Test MAE: 12.9439, Test RMSE: 22.3532, Test MAPE: 8.4441
2026-01-27 17:07:03,591 - easytorch-training - INFO - Evaluate best model on test data for horizon 5, Test MAE: 13.2493, Test RMSE: 23.0516, Test MAPE: 8.5515
2026-01-27 17:07:03,592 - easytorch-training - INFO - Evaluate best model on test data for horizon 6, Test MAE: 13.5251, Test RMSE: 23.6662, Test MAPE: 8.6936
2026-01-27 17:07:03,593 - easytorch-training - INFO - Evaluate best model on test data for horizon 7, Test MAE: 13.7822, Test RMSE: 24.1865, Test MAPE: 8.8319
2026-01-27 17:07:03,594 - easytorch-training - INFO - Evaluate best model on test data for horizon 8, Test MAE: 14.0423, Test RMSE: 24.6339, Test MAPE: 9.0798
2026-01-27 17:07:03,595 - easytorch-training - INFO - Evaluate best model on test data for horizon 9, Test MAE: 14.2500, Test RMSE: 25.0463, Test MAPE: 9.1476
2026-01-27 17:07:03,596 - easytorch-training - INFO - Evaluate best model on test data for horizon 10, Test MAE: 14.4252, Test RMSE: 25.3796, Test MAPE: 9.2519
2026-01-27 17:07:03,598 - easytorch-training - INFO - Evaluate best model on test data for horizon 11, Test MAE: 14.6027, Test RMSE: 25.6562, Test MAPE: 9.3816
2026-01-27 17:07:03,599 - easytorch-training - INFO - Evaluate best model on test data for horizon 12, Test MAE: 14.7884, Test RMSE: 25.9133, Test MAPE: 9.5413
2026-01-27 17:07:03,603 - easytorch-training - INFO - Result <test>: [test_time: 1.85 (s), test_MAE: 13.5008, test_RMSE: 23.5125, test_MAPE: 8.7323]
2026-01-27 17:07:03,746 - easytorch-training - INFO - Checkpoint checkpoints/STMAFNet_300/7a9424dbdf56bedb1aca9acb56518206/STMAFNet_285.pt saved
2026-01-27 17:07:03,747 - easytorch-training - INFO - The estimated training finish time is 2026-01-27 17:17:55
2026-01-27 17:07:03,747 - easytorch-training - INFO - Epoch 286 / 300
2026-01-27 17:07:43,280 - easytorch-training - INFO - Result <train>: [train_time: 39.53 (s), lr: 6.25e-05, train_MAE: 12.3206, train_RMSE: 20.8735, train_MAPE: 8.2523]
2026-01-27 17:07:43,281 - easytorch-training - INFO - Start validation.
2026-01-27 17:07:45,275 - easytorch-training - INFO - Result <val>: [val_time: 1.99 (s), val_MAE: 13.5983, val_RMSE: 23.2745, val_MAPE: 10.7842]
2026-01-27 17:07:47,084 - easytorch-training - INFO - Evaluate best model on test data for horizon 1, Test MAE: 11.6072, Test RMSE: 19.1867, Test MAPE: 7.4888
2026-01-27 17:07:47,085 - easytorch-training - INFO - Evaluate best model on test data for horizon 2, Test MAE: 12.1497, Test RMSE: 20.4643, Test MAPE: 7.8102
2026-01-27 17:07:47,086 - easytorch-training - INFO - Evaluate best model on test data for horizon 3, Test MAE: 12.5712, Test RMSE: 21.4692, Test MAPE: 8.0347
2026-01-27 17:07:47,087 - easytorch-training - INFO - Evaluate best model on test data for horizon 4, Test MAE: 12.9660, Test RMSE: 22.3556, Test MAPE: 8.2905
2026-01-27 17:07:47,088 - easytorch-training - INFO - Evaluate best model on test data for horizon 5, Test MAE: 13.2705, Test RMSE: 23.0626, Test MAPE: 8.4762
2026-01-27 17:07:47,089 - easytorch-training - INFO - Evaluate best model on test data for horizon 6, Test MAE: 13.5481, Test RMSE: 23.6513, Test MAPE: 8.6568
2026-01-27 17:07:47,090 - easytorch-training - INFO - Evaluate best model on test data for horizon 7, Test MAE: 13.7892, Test RMSE: 24.1599, Test MAPE: 8.7767
2026-01-27 17:07:47,092 - easytorch-training - INFO - Evaluate best model on test data for horizon 8, Test MAE: 14.0343, Test RMSE: 24.6073, Test MAPE: 8.9324
2026-01-27 17:07:47,093 - easytorch-training - INFO - Evaluate best model on test data for horizon 9, Test MAE: 14.2342, Test RMSE: 25.0049, Test MAPE: 9.0653
2026-01-27 17:07:47,094 - easytorch-training - INFO - Evaluate best model on test data for horizon 10, Test MAE: 14.4143, Test RMSE: 25.2938, Test MAPE: 9.2699
2026-01-27 17:07:47,095 - easytorch-training - INFO - Evaluate best model on test data for horizon 11, Test MAE: 14.5896, Test RMSE: 25.5971, Test MAPE: 9.3246
2026-01-27 17:07:47,096 - easytorch-training - INFO - Evaluate best model on test data for horizon 12, Test MAE: 14.7682, Test RMSE: 25.8504, Test MAPE: 9.5480
2026-01-27 17:07:47,100 - easytorch-training - INFO - Result <test>: [test_time: 1.82 (s), test_MAE: 13.4952, test_RMSE: 23.4815, test_MAPE: 8.6395]
2026-01-27 17:07:47,244 - easytorch-training - INFO - Checkpoint checkpoints/STMAFNet_300/7a9424dbdf56bedb1aca9acb56518206/STMAFNet_286.pt saved
2026-01-27 17:07:47,245 - easytorch-training - INFO - The estimated training finish time is 2026-01-27 17:17:55
2026-01-27 17:07:47,245 - easytorch-training - INFO - Epoch 287 / 300
2026-01-27 17:08:26,533 - easytorch-training - INFO - Result <train>: [train_time: 39.29 (s), lr: 6.25e-05, train_MAE: 12.3165, train_RMSE: 20.8679, train_MAPE: 8.2521]
2026-01-27 17:08:26,534 - easytorch-training - INFO - Start validation.
2026-01-27 17:08:28,510 - easytorch-training - INFO - Result <val>: [val_time: 1.98 (s), val_MAE: 13.6431, val_RMSE: 23.2673, val_MAPE: 11.1576]
2026-01-27 17:08:30,357 - easytorch-training - INFO - Evaluate best model on test data for horizon 1, Test MAE: 11.6393, Test RMSE: 19.2059, Test MAPE: 7.6404
2026-01-27 17:08:30,358 - easytorch-training - INFO - Evaluate best model on test data for horizon 2, Test MAE: 12.1813, Test RMSE: 20.4683, Test MAPE: 7.9650
2026-01-27 17:08:30,359 - easytorch-training - INFO - Evaluate best model on test data for horizon 3, Test MAE: 12.6004, Test RMSE: 21.4513, Test MAPE: 8.1688
2026-01-27 17:08:30,361 - easytorch-training - INFO - Evaluate best model on test data for horizon 4, Test MAE: 13.0040, Test RMSE: 22.3369, Test MAPE: 8.5266
2026-01-27 17:08:30,362 - easytorch-training - INFO - Evaluate best model on test data for horizon 5, Test MAE: 13.3175, Test RMSE: 23.0717, Test MAPE: 8.6106
2026-01-27 17:08:30,363 - easytorch-training - INFO - Evaluate best model on test data for horizon 6, Test MAE: 13.5945, Test RMSE: 23.6757, Test MAPE: 8.8654
2026-01-27 17:08:30,364 - easytorch-training - INFO - Evaluate best model on test data for horizon 7, Test MAE: 13.8565, Test RMSE: 24.2040, Test MAPE: 8.9763
2026-01-27 17:08:30,365 - easytorch-training - INFO - Evaluate best model on test data for horizon 8, Test MAE: 14.1208, Test RMSE: 24.6527, Test MAPE: 9.1760
2026-01-27 17:08:30,366 - easytorch-training - INFO - Evaluate best model on test data for horizon 9, Test MAE: 14.3038, Test RMSE: 25.0392, Test MAPE: 9.1833
2026-01-27 17:08:30,367 - easytorch-training - INFO - Evaluate best model on test data for horizon 10, Test MAE: 14.4744, Test RMSE: 25.3583, Test MAPE: 9.2850
2026-01-27 17:08:30,368 - easytorch-training - INFO - Evaluate best model on test data for horizon 11, Test MAE: 14.6749, Test RMSE: 25.6540, Test MAPE: 9.4868
2026-01-27 17:08:30,369 - easytorch-training - INFO - Evaluate best model on test data for horizon 12, Test MAE: 14.8733, Test RMSE: 25.8988, Test MAPE: 9.5712
2026-01-27 17:08:30,373 - easytorch-training - INFO - Result <test>: [test_time: 1.86 (s), test_MAE: 13.5534, test_RMSE: 23.5093, test_MAPE: 8.7879]
2026-01-27 17:08:30,517 - easytorch-training - INFO - Checkpoint checkpoints/STMAFNet_300/7a9424dbdf56bedb1aca9acb56518206/STMAFNet_287.pt saved
2026-01-27 17:08:30,517 - easytorch-training - INFO - The estimated training finish time is 2026-01-27 17:17:55
2026-01-27 17:08:30,517 - easytorch-training - INFO - Epoch 288 / 300
2026-01-27 17:09:09,907 - easytorch-training - INFO - Result <train>: [train_time: 39.39 (s), lr: 6.25e-05, train_MAE: 12.3194, train_RMSE: 20.8687, train_MAPE: 8.2496]
2026-01-27 17:09:09,909 - easytorch-training - INFO - Start validation.
2026-01-27 17:09:11,867 - easytorch-training - INFO - Result <val>: [val_time: 1.96 (s), val_MAE: 13.6240, val_RMSE: 23.2871, val_MAPE: 11.1121]
2026-01-27 17:09:13,679 - easytorch-training - INFO - Evaluate best model on test data for horizon 1, Test MAE: 11.6153, Test RMSE: 19.1952, Test MAPE: 7.8005
2026-01-27 17:09:13,680 - easytorch-training - INFO - Evaluate best model on test data for horizon 2, Test MAE: 12.1522, Test RMSE: 20.4911, Test MAPE: 8.0369
2026-01-27 17:09:13,682 - easytorch-training - INFO - Evaluate best model on test data for horizon 3, Test MAE: 12.5996, Test RMSE: 21.5254, Test MAPE: 8.2580
2026-01-27 17:09:13,683 - easytorch-training - INFO - Evaluate best model on test data for horizon 4, Test MAE: 12.9717, Test RMSE: 22.4169, Test MAPE: 8.5414
2026-01-27 17:09:13,684 - easytorch-training - INFO - Evaluate best model on test data for horizon 5, Test MAE: 13.2793, Test RMSE: 23.1090, Test MAPE: 8.7003
2026-01-27 17:09:13,685 - easytorch-training - INFO - Evaluate best model on test data for horizon 6, Test MAE: 13.5479, Test RMSE: 23.6941, Test MAPE: 8.7598
2026-01-27 17:09:13,687 - easytorch-training - INFO - Evaluate best model on test data for horizon 7, Test MAE: 13.8090, Test RMSE: 24.2051, Test MAPE: 8.8907
2026-01-27 17:09:13,688 - easytorch-training - INFO - Evaluate best model on test data for horizon 8, Test MAE: 14.0655, Test RMSE: 24.6669, Test MAPE: 9.0057
2026-01-27 17:09:13,689 - easytorch-training - INFO - Evaluate best model on test data for horizon 9, Test MAE: 14.2668, Test RMSE: 25.0620, Test MAPE: 9.2807
2026-01-27 17:09:13,690 - easytorch-training - INFO - Evaluate best model on test data for horizon 10, Test MAE: 14.4310, Test RMSE: 25.3495, Test MAPE: 9.3159
2026-01-27 17:09:13,691 - easytorch-training - INFO - Evaluate best model on test data for horizon 11, Test MAE: 14.6090, Test RMSE: 25.6214, Test MAPE: 9.5173
2026-01-27 17:09:13,692 - easytorch-training - INFO - Evaluate best model on test data for horizon 12, Test MAE: 14.8094, Test RMSE: 25.9115, Test MAPE: 9.5967
2026-01-27 17:09:13,696 - easytorch-training - INFO - Result <test>: [test_time: 1.83 (s), test_MAE: 13.5131, test_RMSE: 23.5275, test_MAPE: 8.8087]
2026-01-27 17:09:13,842 - easytorch-training - INFO - Checkpoint checkpoints/STMAFNet_300/7a9424dbdf56bedb1aca9acb56518206/STMAFNet_288.pt saved
2026-01-27 17:09:13,842 - easytorch-training - INFO - The estimated training finish time is 2026-01-27 17:17:55
2026-01-27 17:09:13,842 - easytorch-training - INFO - Epoch 289 / 300
2026-01-27 17:09:53,391 - easytorch-training - INFO - Result <train>: [train_time: 39.55 (s), lr: 6.25e-05, train_MAE: 12.3109, train_RMSE: 20.8574, train_MAPE: 8.2506]
2026-01-27 17:09:53,393 - easytorch-training - INFO - Start validation.
2026-01-27 17:09:55,364 - easytorch-training - INFO - Result <val>: [val_time: 1.97 (s), val_MAE: 13.6555, val_RMSE: 23.3633, val_MAPE: 11.1003]
2026-01-27 17:09:57,207 - easytorch-training - INFO - Evaluate best model on test data for horizon 1, Test MAE: 11.6168, Test RMSE: 19.2100, Test MAPE: 7.5313
2026-01-27 17:09:57,208 - easytorch-training - INFO - Evaluate best model on test data for horizon 2, Test MAE: 12.1481, Test RMSE: 20.4677, Test MAPE: 7.8583
2026-01-27 17:09:57,209 - easytorch-training - INFO - Evaluate best model on test data for horizon 3, Test MAE: 12.5865, Test RMSE: 21.4914, Test MAPE: 8.0843
2026-01-27 17:09:57,210 - easytorch-training - INFO - Evaluate best model on test data for horizon 4, Test MAE: 12.9715, Test RMSE: 22.4117, Test MAPE: 8.3565
2026-01-27 17:09:57,211 - easytorch-training - INFO - Evaluate best model on test data for horizon 5, Test MAE: 13.2878, Test RMSE: 23.1477, Test MAPE: 8.5244
2026-01-27 17:09:57,213 - easytorch-training - INFO - Evaluate best model on test data for horizon 6, Test MAE: 13.5630, Test RMSE: 23.7603, Test MAPE: 8.7349
2026-01-27 17:09:57,214 - easytorch-training - INFO - Evaluate best model on test data for horizon 7, Test MAE: 13.8190, Test RMSE: 24.3032, Test MAPE: 8.8489
2026-01-27 17:09:57,215 - easytorch-training - INFO - Evaluate best model on test data for horizon 8, Test MAE: 14.0722, Test RMSE: 24.7917, Test MAPE: 9.0550
2026-01-27 17:09:57,216 - easytorch-training - INFO - Evaluate best model on test data for horizon 9, Test MAE: 14.2952, Test RMSE: 25.1934, Test MAPE: 9.2280
2026-01-27 17:09:57,217 - easytorch-training - INFO - Evaluate best model on test data for horizon 10, Test MAE: 14.4667, Test RMSE: 25.5215, Test MAPE: 9.2869
2026-01-27 17:09:57,218 - easytorch-training - INFO - Evaluate best model on test data for horizon 11, Test MAE: 14.6407, Test RMSE: 25.7927, Test MAPE: 9.4193
2026-01-27 17:09:57,219 - easytorch-training - INFO - Evaluate best model on test data for horizon 12, Test MAE: 14.8355, Test RMSE: 26.0545, Test MAPE: 9.6173
2026-01-27 17:09:57,223 - easytorch-training - INFO - Result <test>: [test_time: 1.86 (s), test_MAE: 13.5252, test_RMSE: 23.6077, test_MAPE: 8.7121]
2026-01-27 17:09:57,367 - easytorch-training - INFO - Checkpoint checkpoints/STMAFNet_300/7a9424dbdf56bedb1aca9acb56518206/STMAFNet_289.pt saved
2026-01-27 17:09:57,368 - easytorch-training - INFO - The estimated training finish time is 2026-01-27 17:17:55
2026-01-27 17:09:57,368 - easytorch-training - INFO - Epoch 290 / 300
2026-01-27 17:10:37,234 - easytorch-training - INFO - Result <train>: [train_time: 39.87 (s), lr: 6.25e-05, train_MAE: 12.3152, train_RMSE: 20.8735, train_MAPE: 8.2427]
2026-01-27 17:10:37,236 - easytorch-training - INFO - Start validation.
2026-01-27 17:10:39,329 - easytorch-training - INFO - Result <val>: [val_time: 2.09 (s), val_MAE: 13.6085, val_RMSE: 23.2806, val_MAPE: 10.9964]
2026-01-27 17:10:41,256 - easytorch-training - INFO - Evaluate best model on test data for horizon 1, Test MAE: 11.6176, Test RMSE: 19.2200, Test MAPE: 7.6326
2026-01-27 17:10:41,257 - easytorch-training - INFO - Evaluate best model on test data for horizon 2, Test MAE: 12.1544, Test RMSE: 20.4932, Test MAPE: 7.9030
2026-01-27 17:10:41,259 - easytorch-training - INFO - Evaluate best model on test data for horizon 3, Test MAE: 12.5776, Test RMSE: 21.5034, Test MAPE: 8.0674
2026-01-27 17:10:41,260 - easytorch-training - INFO - Evaluate best model on test data for horizon 4, Test MAE: 12.9518, Test RMSE: 22.3800, Test MAPE: 8.4028
2026-01-27 17:10:41,261 - easytorch-training - INFO - Evaluate best model on test data for horizon 5, Test MAE: 13.2545, Test RMSE: 23.0897, Test MAPE: 8.4773
2026-01-27 17:10:41,263 - easytorch-training - INFO - Evaluate best model on test data for horizon 6, Test MAE: 13.5433, Test RMSE: 23.6971, Test MAPE: 8.6956
2026-01-27 17:10:41,264 - easytorch-training - INFO - Evaluate best model on test data for horizon 7, Test MAE: 13.7991, Test RMSE: 24.2354, Test MAPE: 8.8198
2026-01-27 17:10:41,265 - easytorch-training - INFO - Evaluate best model on test data for horizon 8, Test MAE: 14.0675, Test RMSE: 24.6968, Test MAPE: 8.9958
2026-01-27 17:10:41,266 - easytorch-training - INFO - Evaluate best model on test data for horizon 9, Test MAE: 14.2649, Test RMSE: 25.1143, Test MAPE: 9.1675
2026-01-27 17:10:41,268 - easytorch-training - INFO - Evaluate best model on test data for horizon 10, Test MAE: 14.4278, Test RMSE: 25.4082, Test MAPE: 9.2561
2026-01-27 17:10:41,269 - easytorch-training - INFO - Evaluate best model on test data for horizon 11, Test MAE: 14.6230, Test RMSE: 25.6899, Test MAPE: 9.3764
2026-01-27 17:10:41,270 - easytorch-training - INFO - Evaluate best model on test data for horizon 12, Test MAE: 14.8051, Test RMSE: 25.9581, Test MAPE: 9.5705
2026-01-27 17:10:41,274 - easytorch-training - INFO - Result <test>: [test_time: 1.94 (s), test_MAE: 13.5072, test_RMSE: 23.5491, test_MAPE: 8.6971]
2026-01-27 17:10:41,427 - easytorch-training - INFO - Checkpoint checkpoints/STMAFNet_300/7a9424dbdf56bedb1aca9acb56518206/STMAFNet_290.pt saved
2026-01-27 17:10:41,441 - easytorch-training - INFO - The estimated training finish time is 2026-01-27 17:17:56
2026-01-27 17:10:41,441 - easytorch-training - INFO - Epoch 291 / 300
2026-01-27 17:11:20,529 - easytorch-training - INFO - Result <train>: [train_time: 39.09 (s), lr: 6.25e-05, train_MAE: 12.3052, train_RMSE: 20.8461, train_MAPE: 8.2487]
2026-01-27 17:11:20,530 - easytorch-training - INFO - Start validation.
2026-01-27 17:11:22,457 - easytorch-training - INFO - Result <val>: [val_time: 1.93 (s), val_MAE: 13.6276, val_RMSE: 23.2973, val_MAPE: 10.9810]
2026-01-27 17:11:24,293 - easytorch-training - INFO - Evaluate best model on test data for horizon 1, Test MAE: 11.6082, Test RMSE: 19.1938, Test MAPE: 7.5343
2026-01-27 17:11:24,294 - easytorch-training - INFO - Evaluate best model on test data for horizon 2, Test MAE: 12.1393, Test RMSE: 20.4428, Test MAPE: 7.8164
2026-01-27 17:11:24,295 - easytorch-training - INFO - Evaluate best model on test data for horizon 3, Test MAE: 12.5788, Test RMSE: 21.4328, Test MAPE: 8.1722
2026-01-27 17:11:24,296 - easytorch-training - INFO - Evaluate best model on test data for horizon 4, Test MAE: 12.9473, Test RMSE: 22.3456, Test MAPE: 8.3105
2026-01-27 17:11:24,298 - easytorch-training - INFO - Evaluate best model on test data for horizon 5, Test MAE: 13.2630, Test RMSE: 23.0626, Test MAPE: 8.5077
2026-01-27 17:11:24,299 - easytorch-training - INFO - Evaluate best model on test data for horizon 6, Test MAE: 13.5560, Test RMSE: 23.6808, Test MAPE: 8.6739
2026-01-27 17:11:24,300 - easytorch-training - INFO - Evaluate best model on test data for horizon 7, Test MAE: 13.7946, Test RMSE: 24.2058, Test MAPE: 8.8469
2026-01-27 17:11:24,301 - easytorch-training - INFO - Evaluate best model on test data for horizon 8, Test MAE: 14.0546, Test RMSE: 24.6643, Test MAPE: 9.0239
2026-01-27 17:11:24,302 - easytorch-training - INFO - Evaluate best model on test data for horizon 9, Test MAE: 14.2481, Test RMSE: 25.0430, Test MAPE: 9.1469
2026-01-27 17:11:24,303 - easytorch-training - INFO - Evaluate best model on test data for horizon 10, Test MAE: 14.4498, Test RMSE: 25.3523, Test MAPE: 9.2749
2026-01-27 17:11:24,304 - easytorch-training - INFO - Evaluate best model on test data for horizon 11, Test MAE: 14.6238, Test RMSE: 25.6209, Test MAPE: 9.4029
2026-01-27 17:11:24,305 - easytorch-training - INFO - Evaluate best model on test data for horizon 12, Test MAE: 14.8029, Test RMSE: 25.8871, Test MAPE: 9.5291
2026-01-27 17:11:24,309 - easytorch-training - INFO - Result <test>: [test_time: 1.84 (s), test_MAE: 13.5055, test_RMSE: 23.5024, test_MAPE: 8.6866]
2026-01-27 17:11:24,453 - easytorch-training - INFO - Checkpoint checkpoints/STMAFNet_300/7a9424dbdf56bedb1aca9acb56518206/STMAFNet_291.pt saved
2026-01-27 17:11:24,453 - easytorch-training - INFO - The estimated training finish time is 2026-01-27 17:17:55
2026-01-27 17:11:24,453 - easytorch-training - INFO - Epoch 292 / 300
2026-01-27 17:12:03,081 - easytorch-training - INFO - Result <train>: [train_time: 38.63 (s), lr: 6.25e-05, train_MAE: 12.3047, train_RMSE: 20.8397, train_MAPE: 8.2455]
2026-01-27 17:12:03,083 - easytorch-training - INFO - Start validation.
2026-01-27 17:12:05,003 - easytorch-training - INFO - Result <val>: [val_time: 1.92 (s), val_MAE: 13.6503, val_RMSE: 23.3701, val_MAPE: 11.0399]
2026-01-27 17:12:06,834 - easytorch-training - INFO - Evaluate best model on test data for horizon 1, Test MAE: 11.6196, Test RMSE: 19.2160, Test MAPE: 7.8001
2026-01-27 17:12:06,835 - easytorch-training - INFO - Evaluate best model on test data for horizon 2, Test MAE: 12.1529, Test RMSE: 20.5067, Test MAPE: 7.9347
2026-01-27 17:12:06,836 - easytorch-training - INFO - Evaluate best model on test data for horizon 3, Test MAE: 12.5840, Test RMSE: 21.5143, Test MAPE: 8.3094
2026-01-27 17:12:06,837 - easytorch-training - INFO - Evaluate best model on test data for horizon 4, Test MAE: 12.9635, Test RMSE: 22.4010, Test MAPE: 8.3892
2026-01-27 17:12:06,838 - easytorch-training - INFO - Evaluate best model on test data for horizon 5, Test MAE: 13.2918, Test RMSE: 23.1172, Test MAPE: 8.7645
2026-01-27 17:12:06,839 - easytorch-training - INFO - Evaluate best model on test data for horizon 6, Test MAE: 13.5599, Test RMSE: 23.7024, Test MAPE: 8.8384
2026-01-27 17:12:06,841 - easytorch-training - INFO - Evaluate best model on test data for horizon 7, Test MAE: 13.8100, Test RMSE: 24.2473, Test MAPE: 8.9173
2026-01-27 17:12:06,842 - easytorch-training - INFO - Evaluate best model on test data for horizon 8, Test MAE: 14.0641, Test RMSE: 24.7118, Test MAPE: 8.9805
2026-01-27 17:12:06,843 - easytorch-training - INFO - Evaluate best model on test data for horizon 9, Test MAE: 14.2631, Test RMSE: 25.0677, Test MAPE: 9.1726
2026-01-27 17:12:06,844 - easytorch-training - INFO - Evaluate best model on test data for horizon 10, Test MAE: 14.4488, Test RMSE: 25.4231, Test MAPE: 9.2299
2026-01-27 17:12:06,845 - easytorch-training - INFO - Evaluate best model on test data for horizon 11, Test MAE: 14.6400, Test RMSE: 25.7273, Test MAPE: 9.3613
2026-01-27 17:12:06,846 - easytorch-training - INFO - Evaluate best model on test data for horizon 12, Test MAE: 14.8219, Test RMSE: 25.9877, Test MAPE: 9.4693
2026-01-27 17:12:06,850 - easytorch-training - INFO - Result <test>: [test_time: 1.85 (s), test_MAE: 13.5183, test_RMSE: 23.5606, test_MAPE: 8.7639]
2026-01-27 17:12:06,993 - easytorch-training - INFO - Checkpoint checkpoints/STMAFNet_300/7a9424dbdf56bedb1aca9acb56518206/STMAFNet_292.pt saved
2026-01-27 17:12:06,993 - easytorch-training - INFO - The estimated training finish time is 2026-01-27 17:17:54
2026-01-27 17:12:06,993 - easytorch-training - INFO - Epoch 293 / 300
2026-01-27 17:12:46,042 - easytorch-training - INFO - Result <train>: [train_time: 39.05 (s), lr: 6.25e-05, train_MAE: 12.3023, train_RMSE: 20.8368, train_MAPE: 8.2409]
2026-01-27 17:12:46,044 - easytorch-training - INFO - Start validation.
2026-01-27 17:12:48,045 - easytorch-training - INFO - Result <val>: [val_time: 2.00 (s), val_MAE: 13.6107, val_RMSE: 23.2406, val_MAPE: 10.6986]
2026-01-27 17:12:49,911 - easytorch-training - INFO - Evaluate best model on test data for horizon 1, Test MAE: 11.6321, Test RMSE: 19.2015, Test MAPE: 7.5144
2026-01-27 17:12:49,913 - easytorch-training - INFO - Evaluate best model on test data for horizon 2, Test MAE: 12.1769, Test RMSE: 20.4902, Test MAPE: 7.8056
2026-01-27 17:12:49,914 - easytorch-training - INFO - Evaluate best model on test data for horizon 3, Test MAE: 12.5893, Test RMSE: 21.4749, Test MAPE: 8.0529
2026-01-27 17:12:49,915 - easytorch-training - INFO - Evaluate best model on test data for horizon 4, Test MAE: 12.9676, Test RMSE: 22.3624, Test MAPE: 8.2826
2026-01-27 17:12:49,916 - easytorch-training - INFO - Evaluate best model on test data for horizon 5, Test MAE: 13.2719, Test RMSE: 23.0882, Test MAPE: 8.4905
2026-01-27 17:12:49,917 - easytorch-training - INFO - Evaluate best model on test data for horizon 6, Test MAE: 13.5578, Test RMSE: 23.7084, Test MAPE: 8.6499
2026-01-27 17:12:49,918 - easytorch-training - INFO - Evaluate best model on test data for horizon 7, Test MAE: 13.8142, Test RMSE: 24.2728, Test MAPE: 8.7992
2026-01-27 17:12:49,919 - easytorch-training - INFO - Evaluate best model on test data for horizon 8, Test MAE: 14.0380, Test RMSE: 24.6871, Test MAPE: 8.9353
2026-01-27 17:12:49,920 - easytorch-training - INFO - Evaluate best model on test data for horizon 9, Test MAE: 14.2371, Test RMSE: 25.0380, Test MAPE: 9.0613
2026-01-27 17:12:49,921 - easytorch-training - INFO - Evaluate best model on test data for horizon 10, Test MAE: 14.4263, Test RMSE: 25.3569, Test MAPE: 9.2013
2026-01-27 17:12:49,923 - easytorch-training - INFO - Evaluate best model on test data for horizon 11, Test MAE: 14.5962, Test RMSE: 25.6374, Test MAPE: 9.3278
2026-01-27 17:12:49,924 - easytorch-training - INFO - Evaluate best model on test data for horizon 12, Test MAE: 14.8053, Test RMSE: 25.9323, Test MAPE: 9.4788
2026-01-27 17:12:49,927 - easytorch-training - INFO - Result <test>: [test_time: 1.88 (s), test_MAE: 13.5094, test_RMSE: 23.5287, test_MAPE: 8.6333]
2026-01-27 17:12:50,070 - easytorch-training - INFO - Checkpoint checkpoints/STMAFNet_300/7a9424dbdf56bedb1aca9acb56518206/STMAFNet_293.pt saved
2026-01-27 17:12:50,071 - easytorch-training - INFO - The estimated training finish time is 2026-01-27 17:17:54
2026-01-27 17:12:50,071 - easytorch-training - INFO - Epoch 294 / 300
2026-01-27 17:13:29,310 - easytorch-training - INFO - Result <train>: [train_time: 39.24 (s), lr: 6.25e-05, train_MAE: 12.3063, train_RMSE: 20.8471, train_MAPE: 8.2372]
2026-01-27 17:13:29,312 - easytorch-training - INFO - Start validation.
2026-01-27 17:13:31,253 - easytorch-training - INFO - Result <val>: [val_time: 1.94 (s), val_MAE: 13.5622, val_RMSE: 23.1729, val_MAPE: 10.7464]
2026-01-27 17:13:33,119 - easytorch-training - INFO - Evaluate best model on test data for horizon 1, Test MAE: 11.6244, Test RMSE: 19.2074, Test MAPE: 7.5239
2026-01-27 17:13:33,121 - easytorch-training - INFO - Evaluate best model on test data for horizon 2, Test MAE: 12.1518, Test RMSE: 20.4769, Test MAPE: 7.8136
2026-01-27 17:13:33,122 - easytorch-training - INFO - Evaluate best model on test data for horizon 3, Test MAE: 12.5577, Test RMSE: 21.4815, Test MAPE: 8.1053
2026-01-27 17:13:33,123 - easytorch-training - INFO - Evaluate best model on test data for horizon 4, Test MAE: 12.9345, Test RMSE: 22.3848, Test MAPE: 8.3226
2026-01-27 17:13:33,125 - easytorch-training - INFO - Evaluate best model on test data for horizon 5, Test MAE: 13.2430, Test RMSE: 23.0842, Test MAPE: 8.5620
2026-01-27 17:13:33,126 - easytorch-training - INFO - Evaluate best model on test data for horizon 6, Test MAE: 13.5270, Test RMSE: 23.6935, Test MAPE: 8.7444
2026-01-27 17:13:33,127 - easytorch-training - INFO - Evaluate best model on test data for horizon 7, Test MAE: 13.7853, Test RMSE: 24.2216, Test MAPE: 8.8443
2026-01-27 17:13:33,128 - easytorch-training - INFO - Evaluate best model on test data for horizon 8, Test MAE: 14.0398, Test RMSE: 24.6609, Test MAPE: 8.9651
2026-01-27 17:13:33,130 - easytorch-training - INFO - Evaluate best model on test data for horizon 9, Test MAE: 14.2162, Test RMSE: 25.0148, Test MAPE: 9.1352
2026-01-27 17:13:33,131 - easytorch-training - INFO - Evaluate best model on test data for horizon 10, Test MAE: 14.4029, Test RMSE: 25.3508, Test MAPE: 9.2444
2026-01-27 17:13:33,132 - easytorch-training - INFO - Evaluate best model on test data for horizon 11, Test MAE: 14.5997, Test RMSE: 25.6734, Test MAPE: 9.3751
2026-01-27 17:13:33,134 - easytorch-training - INFO - Evaluate best model on test data for horizon 12, Test MAE: 14.7795, Test RMSE: 25.9326, Test MAPE: 9.5699
2026-01-27 17:13:33,137 - easytorch-training - INFO - Result <test>: [test_time: 1.88 (s), test_MAE: 13.4885, test_RMSE: 23.5229, test_MAPE: 8.6838]
2026-01-27 17:13:33,290 - easytorch-training - INFO - Checkpoint checkpoints/STMAFNet_300/7a9424dbdf56bedb1aca9acb56518206/STMAFNet_294.pt saved
2026-01-27 17:13:33,290 - easytorch-training - INFO - The estimated training finish time is 2026-01-27 17:17:54
2026-01-27 17:13:33,291 - easytorch-training - INFO - Epoch 295 / 300
2026-01-27 17:14:12,837 - easytorch-training - INFO - Result <train>: [train_time: 39.55 (s), lr: 6.25e-05, train_MAE: 12.2997, train_RMSE: 20.8321, train_MAPE: 8.2362]
2026-01-27 17:14:12,839 - easytorch-training - INFO - Start validation.
2026-01-27 17:14:14,782 - easytorch-training - INFO - Result <val>: [val_time: 1.94 (s), val_MAE: 13.6505, val_RMSE: 23.3244, val_MAPE: 10.8559]
2026-01-27 17:14:16,642 - easytorch-training - INFO - Evaluate best model on test data for horizon 1, Test MAE: 11.6265, Test RMSE: 19.2236, Test MAPE: 7.5195
2026-01-27 17:14:16,644 - easytorch-training - INFO - Evaluate best model on test data for horizon 2, Test MAE: 12.1604, Test RMSE: 20.4872, Test MAPE: 7.8347
2026-01-27 17:14:16,645 - easytorch-training - INFO - Evaluate best model on test data for horizon 3, Test MAE: 12.5996, Test RMSE: 21.5003, Test MAPE: 8.0960
2026-01-27 17:14:16,646 - easytorch-training - INFO - Evaluate best model on test data for horizon 4, Test MAE: 12.9736, Test RMSE: 22.3890, Test MAPE: 8.2978
2026-01-27 17:14:16,647 - easytorch-training - INFO - Evaluate best model on test data for horizon 5, Test MAE: 13.2684, Test RMSE: 23.0549, Test MAPE: 8.5121
2026-01-27 17:14:16,648 - easytorch-training - INFO - Evaluate best model on test data for horizon 6, Test MAE: 13.5518, Test RMSE: 23.6826, Test MAPE: 8.7028
2026-01-27 17:14:16,649 - easytorch-training - INFO - Evaluate best model on test data for horizon 7, Test MAE: 13.8177, Test RMSE: 24.2454, Test MAPE: 8.8549
2026-01-27 17:14:16,650 - easytorch-training - INFO - Evaluate best model on test data for horizon 8, Test MAE: 14.0604, Test RMSE: 24.6785, Test MAPE: 9.0307
2026-01-27 17:14:16,651 - easytorch-training - INFO - Evaluate best model on test data for horizon 9, Test MAE: 14.2629, Test RMSE: 25.0594, Test MAPE: 9.1608
2026-01-27 17:14:16,652 - easytorch-training - INFO - Evaluate best model on test data for horizon 10, Test MAE: 14.4366, Test RMSE: 25.3856, Test MAPE: 9.2604
2026-01-27 17:14:16,653 - easytorch-training - INFO - Evaluate best model on test data for horizon 11, Test MAE: 14.5997, Test RMSE: 25.6255, Test MAPE: 9.3960
2026-01-27 17:14:16,654 - easytorch-training - INFO - Evaluate best model on test data for horizon 12, Test MAE: 14.7903, Test RMSE: 25.8998, Test MAPE: 9.5240
2026-01-27 17:14:16,658 - easytorch-training - INFO - Result <test>: [test_time: 1.88 (s), test_MAE: 13.5123, test_RMSE: 23.5265, test_MAPE: 8.6825]
2026-01-27 17:14:16,801 - easytorch-training - INFO - Checkpoint checkpoints/STMAFNet_300/7a9424dbdf56bedb1aca9acb56518206/STMAFNet_295.pt saved
2026-01-27 17:14:16,802 - easytorch-training - INFO - The estimated training finish time is 2026-01-27 17:17:54
2026-01-27 17:14:16,802 - easytorch-training - INFO - Epoch 296 / 300
2026-01-27 17:14:56,266 - easytorch-training - INFO - Result <train>: [train_time: 39.46 (s), lr: 6.25e-05, train_MAE: 12.2956, train_RMSE: 20.8278, train_MAPE: 8.2436]
2026-01-27 17:14:56,268 - easytorch-training - INFO - Start validation.
2026-01-27 17:14:58,234 - easytorch-training - INFO - Result <val>: [val_time: 1.97 (s), val_MAE: 13.5890, val_RMSE: 23.2598, val_MAPE: 10.6247]
2026-01-27 17:15:00,026 - easytorch-training - INFO - Evaluate best model on test data for horizon 1, Test MAE: 11.6252, Test RMSE: 19.2250, Test MAPE: 7.5428
2026-01-27 17:15:00,027 - easytorch-training - INFO - Evaluate best model on test data for horizon 2, Test MAE: 12.1615, Test RMSE: 20.5272, Test MAPE: 7.8728
2026-01-27 17:15:00,029 - easytorch-training - INFO - Evaluate best model on test data for horizon 3, Test MAE: 12.6056, Test RMSE: 21.5502, Test MAPE: 8.0821
2026-01-27 17:15:00,030 - easytorch-training - INFO - Evaluate best model on test data for horizon 4, Test MAE: 12.9603, Test RMSE: 22.4055, Test MAPE: 8.3107
2026-01-27 17:15:00,031 - easytorch-training - INFO - Evaluate best model on test data for horizon 5, Test MAE: 13.2734, Test RMSE: 23.1249, Test MAPE: 8.5229
2026-01-27 17:15:00,032 - easytorch-training - INFO - Evaluate best model on test data for horizon 6, Test MAE: 13.5647, Test RMSE: 23.7352, Test MAPE: 8.7851
2026-01-27 17:15:00,033 - easytorch-training - INFO - Evaluate best model on test data for horizon 7, Test MAE: 13.8158, Test RMSE: 24.2607, Test MAPE: 8.9787
2026-01-27 17:15:00,034 - easytorch-training - INFO - Evaluate best model on test data for horizon 8, Test MAE: 14.0605, Test RMSE: 24.7294, Test MAPE: 9.1045
2026-01-27 17:15:00,035 - easytorch-training - INFO - Evaluate best model on test data for horizon 9, Test MAE: 14.2646, Test RMSE: 25.1012, Test MAPE: 9.1428
2026-01-27 17:15:00,036 - easytorch-training - INFO - Evaluate best model on test data for horizon 10, Test MAE: 14.4477, Test RMSE: 25.4390, Test MAPE: 9.2726
2026-01-27 17:15:00,037 - easytorch-training - INFO - Evaluate best model on test data for horizon 11, Test MAE: 14.6106, Test RMSE: 25.7179, Test MAPE: 9.4150
2026-01-27 17:15:00,039 - easytorch-training - INFO - Evaluate best model on test data for horizon 12, Test MAE: 14.8026, Test RMSE: 25.9344, Test MAPE: 9.5601
2026-01-27 17:15:00,042 - easytorch-training - INFO - Result <test>: [test_time: 1.81 (s), test_MAE: 13.5160, test_RMSE: 23.5705, test_MAPE: 8.7158]
2026-01-27 17:15:00,189 - easytorch-training - INFO - Checkpoint checkpoints/STMAFNet_300/7a9424dbdf56bedb1aca9acb56518206/STMAFNet_296.pt saved
2026-01-27 17:15:00,189 - easytorch-training - INFO - The estimated training finish time is 2026-01-27 17:17:54
2026-01-27 17:15:00,190 - easytorch-training - INFO - Epoch 297 / 300
2026-01-27 17:15:39,791 - easytorch-training - INFO - Result <train>: [train_time: 39.60 (s), lr: 6.25e-05, train_MAE: 12.2923, train_RMSE: 20.8262, train_MAPE: 8.2434]
2026-01-27 17:15:39,793 - easytorch-training - INFO - Start validation.
2026-01-27 17:15:41,719 - easytorch-training - INFO - Result <val>: [val_time: 1.93 (s), val_MAE: 13.5807, val_RMSE: 23.2510, val_MAPE: 10.7605]
2026-01-27 17:15:43,522 - easytorch-training - INFO - Evaluate best model on test data for horizon 1, Test MAE: 11.6043, Test RMSE: 19.1970, Test MAPE: 7.6364
2026-01-27 17:15:43,523 - easytorch-training - INFO - Evaluate best model on test data for horizon 2, Test MAE: 12.1311, Test RMSE: 20.4482, Test MAPE: 7.8829
2026-01-27 17:15:43,524 - easytorch-training - INFO - Evaluate best model on test data for horizon 3, Test MAE: 12.5539, Test RMSE: 21.4218, Test MAPE: 8.0575
2026-01-27 17:15:43,525 - easytorch-training - INFO - Evaluate best model on test data for horizon 4, Test MAE: 12.9243, Test RMSE: 22.2598, Test MAPE: 8.3751
2026-01-27 17:15:43,526 - easytorch-training - INFO - Evaluate best model on test data for horizon 5, Test MAE: 13.2432, Test RMSE: 22.9993, Test MAPE: 8.4857
2026-01-27 17:15:43,528 - easytorch-training - INFO - Evaluate best model on test data for horizon 6, Test MAE: 13.5170, Test RMSE: 23.6261, Test MAPE: 8.7379
2026-01-27 17:15:43,529 - easytorch-training - INFO - Evaluate best model on test data for horizon 7, Test MAE: 13.7889, Test RMSE: 24.1890, Test MAPE: 8.9128
2026-01-27 17:15:43,530 - easytorch-training - INFO - Evaluate best model on test data for horizon 8, Test MAE: 14.0470, Test RMSE: 24.6845, Test MAPE: 8.9601
2026-01-27 17:15:43,531 - easytorch-training - INFO - Evaluate best model on test data for horizon 9, Test MAE: 14.2462, Test RMSE: 25.0764, Test MAPE: 9.0925
2026-01-27 17:15:43,532 - easytorch-training - INFO - Evaluate best model on test data for horizon 10, Test MAE: 14.4384, Test RMSE: 25.4018, Test MAPE: 9.2324
2026-01-27 17:15:43,533 - easytorch-training - INFO - Evaluate best model on test data for horizon 11, Test MAE: 14.6001, Test RMSE: 25.6605, Test MAPE: 9.3583
2026-01-27 17:15:43,534 - easytorch-training - INFO - Evaluate best model on test data for horizon 12, Test MAE: 14.7928, Test RMSE: 25.9121, Test MAPE: 9.5858
2026-01-27 17:15:43,538 - easytorch-training - INFO - Result <test>: [test_time: 1.82 (s), test_MAE: 13.4906, test_RMSE: 23.4993, test_MAPE: 8.6931]
2026-01-27 17:15:43,682 - easytorch-training - INFO - Checkpoint checkpoints/STMAFNet_300/7a9424dbdf56bedb1aca9acb56518206/STMAFNet_297.pt saved
2026-01-27 17:15:43,683 - easytorch-training - INFO - The estimated training finish time is 2026-01-27 17:17:54
2026-01-27 17:15:43,683 - easytorch-training - INFO - Epoch 298 / 300
2026-01-27 17:16:22,843 - easytorch-training - INFO - Result <train>: [train_time: 39.16 (s), lr: 6.25e-05, train_MAE: 12.2940, train_RMSE: 20.8254, train_MAPE: 8.2278]
2026-01-27 17:16:22,845 - easytorch-training - INFO - Start validation.
2026-01-27 17:16:24,797 - easytorch-training - INFO - Result <val>: [val_time: 1.95 (s), val_MAE: 13.5995, val_RMSE: 23.2897, val_MAPE: 10.9692]
2026-01-27 17:16:26,570 - easytorch-training - INFO - Evaluate best model on test data for horizon 1, Test MAE: 11.6053, Test RMSE: 19.2103, Test MAPE: 7.5678
2026-01-27 17:16:26,571 - easytorch-training - INFO - Evaluate best model on test data for horizon 2, Test MAE: 12.1471, Test RMSE: 20.5026, Test MAPE: 7.9531
2026-01-27 17:16:26,572 - easytorch-training - INFO - Evaluate best model on test data for horizon 3, Test MAE: 12.5810, Test RMSE: 21.5280, Test MAPE: 8.0898
2026-01-27 17:16:26,573 - easytorch-training - INFO - Evaluate best model on test data for horizon 4, Test MAE: 12.9397, Test RMSE: 22.3760, Test MAPE: 8.4750
2026-01-27 17:16:26,574 - easytorch-training - INFO - Evaluate best model on test data for horizon 5, Test MAE: 13.2643, Test RMSE: 23.0882, Test MAPE: 8.6111
2026-01-27 17:16:26,576 - easytorch-training - INFO - Evaluate best model on test data for horizon 6, Test MAE: 13.5269, Test RMSE: 23.7051, Test MAPE: 8.7244
2026-01-27 17:16:26,577 - easytorch-training - INFO - Evaluate best model on test data for horizon 7, Test MAE: 13.7880, Test RMSE: 24.2455, Test MAPE: 8.9553
2026-01-27 17:16:26,578 - easytorch-training - INFO - Evaluate best model on test data for horizon 8, Test MAE: 14.0371, Test RMSE: 24.7425, Test MAPE: 8.9951
2026-01-27 17:16:26,579 - easytorch-training - INFO - Evaluate best model on test data for horizon 9, Test MAE: 14.2570, Test RMSE: 25.1465, Test MAPE: 9.1175
2026-01-27 17:16:26,580 - easytorch-training - INFO - Evaluate best model on test data for horizon 10, Test MAE: 14.4304, Test RMSE: 25.4755, Test MAPE: 9.2480
2026-01-27 17:16:26,581 - easytorch-training - INFO - Evaluate best model on test data for horizon 11, Test MAE: 14.5854, Test RMSE: 25.7273, Test MAPE: 9.4256
2026-01-27 17:16:26,583 - easytorch-training - INFO - Evaluate best model on test data for horizon 12, Test MAE: 14.7682, Test RMSE: 25.9741, Test MAPE: 9.5005
2026-01-27 17:16:26,587 - easytorch-training - INFO - Result <test>: [test_time: 1.79 (s), test_MAE: 13.4942, test_RMSE: 23.5698, test_MAPE: 8.7219]
2026-01-27 17:16:26,732 - easytorch-training - INFO - Checkpoint checkpoints/STMAFNet_300/7a9424dbdf56bedb1aca9acb56518206/STMAFNet_298.pt saved
2026-01-27 17:16:26,732 - easytorch-training - INFO - The estimated training finish time is 2026-01-27 17:17:53
2026-01-27 17:16:26,732 - easytorch-training - INFO - Epoch 299 / 300
2026-01-27 17:17:06,260 - easytorch-training - INFO - Result <train>: [train_time: 39.53 (s), lr: 6.25e-05, train_MAE: 12.2944, train_RMSE: 20.8222, train_MAPE: 8.2303]
2026-01-27 17:17:06,262 - easytorch-training - INFO - Start validation.
2026-01-27 17:17:08,277 - easytorch-training - INFO - Result <val>: [val_time: 2.01 (s), val_MAE: 13.5985, val_RMSE: 23.2700, val_MAPE: 10.8505]
2026-01-27 17:17:10,219 - easytorch-training - INFO - Evaluate best model on test data for horizon 1, Test MAE: 11.6095, Test RMSE: 19.2043, Test MAPE: 7.5642
2026-01-27 17:17:10,220 - easytorch-training - INFO - Evaluate best model on test data for horizon 2, Test MAE: 12.1536, Test RMSE: 20.4986, Test MAPE: 7.8914
2026-01-27 17:17:10,221 - easytorch-training - INFO - Evaluate best model on test data for horizon 3, Test MAE: 12.5740, Test RMSE: 21.4857, Test MAPE: 8.2288
2026-01-27 17:17:10,223 - easytorch-training - INFO - Evaluate best model on test data for horizon 4, Test MAE: 12.9551, Test RMSE: 22.3526, Test MAPE: 8.4138
2026-01-27 17:17:10,224 - easytorch-training - INFO - Evaluate best model on test data for horizon 5, Test MAE: 13.2567, Test RMSE: 23.0203, Test MAPE: 8.7326
2026-01-27 17:17:10,225 - easytorch-training - INFO - Evaluate best model on test data for horizon 6, Test MAE: 13.5433, Test RMSE: 23.6330, Test MAPE: 8.9190
2026-01-27 17:17:10,226 - easytorch-training - INFO - Evaluate best model on test data for horizon 7, Test MAE: 13.7930, Test RMSE: 24.1699, Test MAPE: 8.9347
2026-01-27 17:17:10,227 - easytorch-training - INFO - Evaluate best model on test data for horizon 8, Test MAE: 14.0454, Test RMSE: 24.6496, Test MAPE: 9.1885
2026-01-27 17:17:10,228 - easytorch-training - INFO - Evaluate best model on test data for horizon 9, Test MAE: 14.2535, Test RMSE: 25.0370, Test MAPE: 9.2961
2026-01-27 17:17:10,229 - easytorch-training - INFO - Evaluate best model on test data for horizon 10, Test MAE: 14.4471, Test RMSE: 25.3817, Test MAPE: 9.4087
2026-01-27 17:17:10,230 - easytorch-training - INFO - Evaluate best model on test data for horizon 11, Test MAE: 14.6096, Test RMSE: 25.6238, Test MAPE: 9.5531
2026-01-27 17:17:10,231 - easytorch-training - INFO - Evaluate best model on test data for horizon 12, Test MAE: 14.8083, Test RMSE: 25.8752, Test MAPE: 9.8225
2026-01-27 17:17:10,235 - easytorch-training - INFO - Result <test>: [test_time: 1.96 (s), test_MAE: 13.5041, test_RMSE: 23.5012, test_MAPE: 8.8294]
2026-01-27 17:17:10,461 - easytorch-training - INFO - Checkpoint checkpoints/STMAFNet_300/7a9424dbdf56bedb1aca9acb56518206/STMAFNet_299.pt saved
2026-01-27 17:17:10,461 - easytorch-training - INFO - The estimated training finish time is 2026-01-27 17:17:53
2026-01-27 17:17:10,462 - easytorch-training - INFO - Epoch 300 / 300
2026-01-27 17:17:49,806 - easytorch-training - INFO - Result <train>: [train_time: 39.34 (s), lr: 6.25e-05, train_MAE: 12.2926, train_RMSE: 20.8326, train_MAPE: 8.2315]
2026-01-27 17:17:49,807 - easytorch-training - INFO - Start validation.
2026-01-27 17:17:51,792 - easytorch-training - INFO - Result <val>: [val_time: 1.98 (s), val_MAE: 13.6097, val_RMSE: 23.3009, val_MAPE: 10.8393]
2026-01-27 17:17:53,581 - easytorch-training - INFO - Evaluate best model on test data for horizon 1, Test MAE: 11.6114, Test RMSE: 19.2106, Test MAPE: 7.6697
2026-01-27 17:17:53,583 - easytorch-training - INFO - Evaluate best model on test data for horizon 2, Test MAE: 12.1464, Test RMSE: 20.5019, Test MAPE: 7.9048
2026-01-27 17:17:53,584 - easytorch-training - INFO - Evaluate best model on test data for horizon 3, Test MAE: 12.5872, Test RMSE: 21.5134, Test MAPE: 8.1199
2026-01-27 17:17:53,585 - easytorch-training - INFO - Evaluate best model on test data for horizon 4, Test MAE: 12.9486, Test RMSE: 22.3643, Test MAPE: 8.4008
2026-01-27 17:17:53,586 - easytorch-training - INFO - Evaluate best model on test data for horizon 5, Test MAE: 13.2575, Test RMSE: 23.0472, Test MAPE: 8.6039
2026-01-27 17:17:53,587 - easytorch-training - INFO - Evaluate best model on test data for horizon 6, Test MAE: 13.5363, Test RMSE: 23.6544, Test MAPE: 8.7570
2026-01-27 17:17:53,588 - easytorch-training - INFO - Evaluate best model on test data for horizon 7, Test MAE: 13.8003, Test RMSE: 24.2011, Test MAPE: 8.8987
2026-01-27 17:17:53,589 - easytorch-training - INFO - Evaluate best model on test data for horizon 8, Test MAE: 14.0621, Test RMSE: 24.6956, Test MAPE: 9.1066
2026-01-27 17:17:53,590 - easytorch-training - INFO - Evaluate best model on test data for horizon 9, Test MAE: 14.2615, Test RMSE: 25.0618, Test MAPE: 9.2130
2026-01-27 17:17:53,591 - easytorch-training - INFO - Evaluate best model on test data for horizon 10, Test MAE: 14.4405, Test RMSE: 25.3675, Test MAPE: 9.3490
2026-01-27 17:17:53,592 - easytorch-training - INFO - Evaluate best model on test data for horizon 11, Test MAE: 14.6148, Test RMSE: 25.6349, Test MAPE: 9.4705
2026-01-27 17:17:53,593 - easytorch-training - INFO - Evaluate best model on test data for horizon 12, Test MAE: 14.8008, Test RMSE: 25.8824, Test MAPE: 9.6067
2026-01-27 17:17:53,597 - easytorch-training - INFO - Result <test>: [test_time: 1.80 (s), test_MAE: 13.5056, test_RMSE: 23.5182, test_MAPE: 8.7584]
2026-01-27 17:17:53,740 - easytorch-training - INFO - Checkpoint checkpoints/STMAFNet_300/7a9424dbdf56bedb1aca9acb56518206/STMAFNet_300.pt saved
2026-01-27 17:17:53,754 - easytorch-training - INFO - The training finished at 2026-01-27 17:17:53
