2026-01-28 21:18:42,440 - easytorch-training - INFO - Initializing training.
2026-01-28 21:18:42,440 - easytorch-training - INFO - Set clip grad, param: {'max_norm': 3.0}
2026-01-28 21:18:42,440 - easytorch-training - INFO - Building training data loader.
2026-01-28 21:18:43,383 - easytorch-training - INFO - Set optim: Adam (
Parameter Group 0
    amsgrad: False
    betas: (0.9, 0.999)
    capturable: False
    differentiable: False
    eps: 1e-08
    foreach: None
    fused: None
    lr: 0.002
    maximize: False
    weight_decay: 1e-05
)
2026-01-28 21:18:43,384 - easytorch-training - INFO - Set lr_scheduler: <torch.optim.lr_scheduler.MultiStepLR object at 0x7f5e68b7dfa0>
2026-01-28 21:18:43,385 - easytorch-training - INFO - Initializing validation.
2026-01-28 21:18:43,385 - easytorch-training - INFO - Building val data loader.
2026-01-28 21:18:43,489 - easytorch-training - INFO - Epoch 1 / 300
2026-01-28 21:21:23,437 - easytorch-training - INFO - Result <train>: [train_time: 159.95 (s), lr: 2.00e-03, train_MAE: 3654.9166, train_RMSE: 4149.5169, train_MAPE: 7536.2976]
2026-01-28 21:21:23,439 - easytorch-training - INFO - Start validation.
2026-01-28 21:21:46,398 - easytorch-training - INFO - Result <val>: [val_time: 22.96 (s), val_MAE: 28.9866, val_RMSE: 41.5100, val_MAPE: 29.6815]
2026-01-28 21:21:46,784 - easytorch-training - INFO - Checkpoint checkpoints/STMAFNet_300/976492592f92c661f4c4ea004499e56d/STMAFNet_best_val_MAE.pt saved
2026-01-28 21:22:08,807 - easytorch-training - INFO - Evaluate best model on test data for horizon 1, Test MAE: 20.3128, Test RMSE: 30.7075, Test MAPE: 17.8711
2026-01-28 21:22:08,821 - easytorch-training - INFO - Evaluate best model on test data for horizon 2, Test MAE: 22.1134, Test RMSE: 33.1861, Test MAPE: 21.3103
2026-01-28 21:22:08,835 - easytorch-training - INFO - Evaluate best model on test data for horizon 3, Test MAE: 25.9215, Test RMSE: 35.8252, Test MAPE: 33.6712
2026-01-28 21:22:08,849 - easytorch-training - INFO - Evaluate best model on test data for horizon 4, Test MAE: 23.4347, Test RMSE: 35.5815, Test MAPE: 19.2192
2026-01-28 21:22:08,863 - easytorch-training - INFO - Evaluate best model on test data for horizon 5, Test MAE: 24.8351, Test RMSE: 36.8545, Test MAPE: 22.8475
2026-01-28 21:22:08,878 - easytorch-training - INFO - Evaluate best model on test data for horizon 6, Test MAE: 27.2445, Test RMSE: 39.5414, Test MAPE: 27.7894
2026-01-28 21:22:08,887 - easytorch-training - INFO - Evaluate best model on test data for horizon 7, Test MAE: 30.2358, Test RMSE: 41.8067, Test MAPE: 37.7456
2026-01-28 21:22:08,889 - easytorch-training - INFO - Evaluate best model on test data for horizon 8, Test MAE: 28.5671, Test RMSE: 42.6940, Test MAPE: 23.5865
2026-01-28 21:22:08,890 - easytorch-training - INFO - Evaluate best model on test data for horizon 9, Test MAE: 32.9253, Test RMSE: 47.2111, Test MAPE: 30.0964
2026-01-28 21:22:08,891 - easytorch-training - INFO - Evaluate best model on test data for horizon 10, Test MAE: 32.4304, Test RMSE: 46.6959, Test MAPE: 33.6444
2026-01-28 21:22:08,892 - easytorch-training - INFO - Evaluate best model on test data for horizon 11, Test MAE: 32.5779, Test RMSE: 47.3365, Test MAPE: 28.8218
2026-01-28 21:22:08,903 - easytorch-training - INFO - Evaluate best model on test data for horizon 12, Test MAE: 35.6922, Test RMSE: 50.4299, Test MAPE: 38.7305
2026-01-28 21:22:08,922 - easytorch-training - INFO - Result <test>: [test_time: 22.14 (s), test_MAE: 28.0243, test_RMSE: 41.1092, test_MAPE: 27.9446]
2026-01-28 21:22:09,295 - easytorch-training - INFO - Checkpoint checkpoints/STMAFNet_300/976492592f92c661f4c4ea004499e56d/STMAFNet_001.pt saved
2026-01-28 21:22:09,296 - easytorch-training - INFO - The estimated training finish time is 2026-01-29 14:27:45
2026-01-28 21:22:09,296 - easytorch-training - INFO - Epoch 2 / 300
2026-01-28 21:25:09,025 - easytorch-training - INFO - Result <train>: [train_time: 179.73 (s), lr: 1.00e-03, train_MAE: 25.5915, train_RMSE: 38.9773, train_MAPE: 22.3326]
2026-01-28 21:25:09,026 - easytorch-training - INFO - Start validation.
2026-01-28 21:25:31,927 - easytorch-training - INFO - Result <val>: [val_time: 22.90 (s), val_MAE: 25.1948, val_RMSE: 37.3223, val_MAPE: 20.1951]
2026-01-28 21:25:32,725 - easytorch-training - INFO - Checkpoint checkpoints/STMAFNet_300/976492592f92c661f4c4ea004499e56d/STMAFNet_best_val_MAE.pt saved
2026-01-28 21:25:54,697 - easytorch-training - INFO - Evaluate best model on test data for horizon 1, Test MAE: 19.0333, Test RMSE: 29.1067, Test MAPE: 16.0386
2026-01-28 21:25:54,711 - easytorch-training - INFO - Evaluate best model on test data for horizon 2, Test MAE: 20.1636, Test RMSE: 30.7815, Test MAPE: 17.6045
2026-01-28 21:25:54,720 - easytorch-training - INFO - Evaluate best model on test data for horizon 3, Test MAE: 20.4292, Test RMSE: 31.9150, Test MAPE: 14.7079
2026-01-28 21:25:54,732 - easytorch-training - INFO - Evaluate best model on test data for horizon 4, Test MAE: 21.5290, Test RMSE: 33.4422, Test MAPE: 15.3427
2026-01-28 21:25:54,746 - easytorch-training - INFO - Evaluate best model on test data for horizon 5, Test MAE: 22.4884, Test RMSE: 34.7720, Test MAPE: 16.4448
2026-01-28 21:25:54,760 - easytorch-training - INFO - Evaluate best model on test data for horizon 6, Test MAE: 25.2747, Test RMSE: 37.7321, Test MAPE: 21.3848
2026-01-28 21:25:54,774 - easytorch-training - INFO - Evaluate best model on test data for horizon 7, Test MAE: 25.4749, Test RMSE: 38.8142, Test MAPE: 18.4741
2026-01-28 21:25:54,789 - easytorch-training - INFO - Evaluate best model on test data for horizon 8, Test MAE: 25.4968, Test RMSE: 39.0242, Test MAPE: 18.6086
2026-01-28 21:25:54,803 - easytorch-training - INFO - Evaluate best model on test data for horizon 9, Test MAE: 26.5598, Test RMSE: 40.2974, Test MAPE: 20.3737
2026-01-28 21:25:54,817 - easytorch-training - INFO - Evaluate best model on test data for horizon 10, Test MAE: 28.1164, Test RMSE: 42.7540, Test MAPE: 19.8816
2026-01-28 21:25:54,831 - easytorch-training - INFO - Evaluate best model on test data for horizon 11, Test MAE: 29.3734, Test RMSE: 42.6317, Test MAPE: 29.4667
2026-01-28 21:25:54,845 - easytorch-training - INFO - Evaluate best model on test data for horizon 12, Test MAE: 29.4101, Test RMSE: 44.2390, Test MAPE: 22.9932
2026-01-28 21:25:54,863 - easytorch-training - INFO - Result <test>: [test_time: 22.14 (s), test_MAE: 24.4459, test_RMSE: 37.4392, test_MAPE: 19.2768]
2026-01-28 21:25:55,232 - easytorch-training - INFO - Checkpoint checkpoints/STMAFNet_300/976492592f92c661f4c4ea004499e56d/STMAFNet_002.pt saved
2026-01-28 21:25:55,233 - easytorch-training - INFO - The estimated training finish time is 2026-01-29 15:18:05
2026-01-28 21:25:55,233 - easytorch-training - INFO - Epoch 3 / 300
2026-01-28 21:28:54,940 - easytorch-training - INFO - Result <train>: [train_time: 179.71 (s), lr: 1.00e-03, train_MAE: 24.2451, train_RMSE: 37.2513, train_MAPE: 20.5753]
2026-01-28 21:28:54,942 - easytorch-training - INFO - Start validation.
2026-01-28 21:29:17,835 - easytorch-training - INFO - Result <val>: [val_time: 22.89 (s), val_MAE: 24.3093, val_RMSE: 36.3112, val_MAPE: 17.6168]
2026-01-28 21:29:18,625 - easytorch-training - INFO - Checkpoint checkpoints/STMAFNet_300/976492592f92c661f4c4ea004499e56d/STMAFNet_best_val_MAE.pt saved
2026-01-28 21:29:40,651 - easytorch-training - INFO - Evaluate best model on test data for horizon 1, Test MAE: 18.7084, Test RMSE: 29.0399, Test MAPE: 14.5047
2026-01-28 21:29:40,659 - easytorch-training - INFO - Evaluate best model on test data for horizon 2, Test MAE: 19.2432, Test RMSE: 30.1458, Test MAPE: 13.7886
2026-01-28 21:29:40,669 - easytorch-training - INFO - Evaluate best model on test data for horizon 3, Test MAE: 20.3034, Test RMSE: 31.7167, Test MAPE: 14.8283
2026-01-28 21:29:40,683 - easytorch-training - INFO - Evaluate best model on test data for horizon 4, Test MAE: 21.3068, Test RMSE: 33.0465, Test MAPE: 15.2402
2026-01-28 21:29:40,698 - easytorch-training - INFO - Evaluate best model on test data for horizon 5, Test MAE: 22.2258, Test RMSE: 34.3346, Test MAPE: 15.8539
2026-01-28 21:29:40,712 - easytorch-training - INFO - Evaluate best model on test data for horizon 6, Test MAE: 23.0679, Test RMSE: 35.5221, Test MAPE: 16.5465
2026-01-28 21:29:40,726 - easytorch-training - INFO - Evaluate best model on test data for horizon 7, Test MAE: 24.4183, Test RMSE: 37.0699, Test MAPE: 18.5594
2026-01-28 21:29:40,740 - easytorch-training - INFO - Evaluate best model on test data for horizon 8, Test MAE: 24.8930, Test RMSE: 38.2703, Test MAPE: 17.0054
2026-01-28 21:29:40,754 - easytorch-training - INFO - Evaluate best model on test data for horizon 9, Test MAE: 26.3399, Test RMSE: 39.7088, Test MAPE: 19.6058
2026-01-28 21:29:40,769 - easytorch-training - INFO - Evaluate best model on test data for horizon 10, Test MAE: 27.2306, Test RMSE: 41.4571, Test MAPE: 18.2397
2026-01-28 21:29:40,783 - easytorch-training - INFO - Evaluate best model on test data for horizon 11, Test MAE: 28.1787, Test RMSE: 42.7112, Test MAPE: 19.3747
2026-01-28 21:29:40,797 - easytorch-training - INFO - Evaluate best model on test data for horizon 12, Test MAE: 28.7763, Test RMSE: 43.7583, Test MAPE: 19.5396
2026-01-28 21:29:40,816 - easytorch-training - INFO - Result <test>: [test_time: 22.19 (s), test_MAE: 23.7244, test_RMSE: 36.7017, test_MAPE: 16.9240]
2026-01-28 21:29:41,210 - easytorch-training - INFO - Checkpoint checkpoints/STMAFNet_300/976492592f92c661f4c4ea004499e56d/STMAFNet_003.pt saved
2026-01-28 21:29:41,211 - easytorch-training - INFO - The estimated training finish time is 2026-01-29 15:34:55
2026-01-28 21:29:41,211 - easytorch-training - INFO - Epoch 4 / 300
2026-01-28 21:32:40,978 - easytorch-training - INFO - Result <train>: [train_time: 179.77 (s), lr: 1.00e-03, train_MAE: 23.3747, train_RMSE: 36.2550, train_MAPE: 19.3049]
2026-01-28 21:32:40,980 - easytorch-training - INFO - Start validation.
2026-01-28 21:33:03,769 - easytorch-training - INFO - Result <val>: [val_time: 22.79 (s), val_MAE: 22.9600, val_RMSE: 34.4784, val_MAPE: 16.8049]
2026-01-28 21:33:04,469 - easytorch-training - INFO - Checkpoint checkpoints/STMAFNet_300/976492592f92c661f4c4ea004499e56d/STMAFNet_best_val_MAE.pt saved
2026-01-28 21:33:25,770 - easytorch-training - INFO - Evaluate best model on test data for horizon 1, Test MAE: 18.5110, Test RMSE: 28.7330, Test MAPE: 15.1781
2026-01-28 21:33:25,784 - easytorch-training - INFO - Evaluate best model on test data for horizon 2, Test MAE: 18.8283, Test RMSE: 29.8004, Test MAPE: 13.0360
2026-01-28 21:33:25,798 - easytorch-training - INFO - Evaluate best model on test data for horizon 3, Test MAE: 19.7120, Test RMSE: 31.1518, Test MAPE: 13.5582
2026-01-28 21:33:25,806 - easytorch-training - INFO - Evaluate best model on test data for horizon 4, Test MAE: 20.6167, Test RMSE: 32.2779, Test MAPE: 14.1605
2026-01-28 21:33:25,815 - easytorch-training - INFO - Evaluate best model on test data for horizon 5, Test MAE: 21.4794, Test RMSE: 33.5725, Test MAPE: 14.7705
2026-01-28 21:33:25,823 - easytorch-training - INFO - Evaluate best model on test data for horizon 6, Test MAE: 22.1289, Test RMSE: 34.4645, Test MAPE: 15.1319
2026-01-28 21:33:25,837 - easytorch-training - INFO - Evaluate best model on test data for horizon 7, Test MAE: 22.9313, Test RMSE: 35.4075, Test MAPE: 18.1748
2026-01-28 21:33:25,852 - easytorch-training - INFO - Evaluate best model on test data for horizon 8, Test MAE: 23.5499, Test RMSE: 36.5082, Test MAPE: 17.0064
2026-01-28 21:33:25,866 - easytorch-training - INFO - Evaluate best model on test data for horizon 9, Test MAE: 24.2048, Test RMSE: 37.4082, Test MAPE: 17.4742
2026-01-28 21:33:25,880 - easytorch-training - INFO - Evaluate best model on test data for horizon 10, Test MAE: 24.8192, Test RMSE: 38.2850, Test MAPE: 17.9099
2026-01-28 21:33:25,894 - easytorch-training - INFO - Evaluate best model on test data for horizon 11, Test MAE: 25.3767, Test RMSE: 39.1421, Test MAPE: 17.5943
2026-01-28 21:33:25,908 - easytorch-training - INFO - Evaluate best model on test data for horizon 12, Test MAE: 26.1498, Test RMSE: 40.0788, Test MAPE: 20.3877
2026-01-28 21:33:25,928 - easytorch-training - INFO - Result <test>: [test_time: 21.46 (s), test_MAE: 22.3590, test_RMSE: 34.9178, test_MAPE: 16.1986]
2026-01-28 21:33:26,659 - easytorch-training - INFO - Checkpoint checkpoints/STMAFNet_300/976492592f92c661f4c4ea004499e56d/STMAFNet_004.pt saved
2026-01-28 21:33:26,660 - easytorch-training - INFO - The estimated training finish time is 2026-01-29 15:42:41
2026-01-28 21:33:26,660 - easytorch-training - INFO - Epoch 5 / 300
2026-01-28 21:36:27,727 - easytorch-training - INFO - Result <train>: [train_time: 181.07 (s), lr: 1.00e-03, train_MAE: 22.5725, train_RMSE: 35.1351, train_MAPE: 18.6302]
2026-01-28 21:36:27,734 - easytorch-training - INFO - Start validation.
2026-01-28 21:36:49,874 - easytorch-training - INFO - Result <val>: [val_time: 22.14 (s), val_MAE: 22.6519, val_RMSE: 33.9847, val_MAPE: 16.3866]
2026-01-28 21:36:50,551 - easytorch-training - INFO - Checkpoint checkpoints/STMAFNet_300/976492592f92c661f4c4ea004499e56d/STMAFNet_best_val_MAE.pt saved
2026-01-28 21:37:12,048 - easytorch-training - INFO - Evaluate best model on test data for horizon 1, Test MAE: 18.2667, Test RMSE: 28.7095, Test MAPE: 12.8625
2026-01-28 21:37:12,058 - easytorch-training - INFO - Evaluate best model on test data for horizon 2, Test MAE: 19.7880, Test RMSE: 30.6588, Test MAPE: 16.2433
2026-01-28 21:37:12,072 - easytorch-training - INFO - Evaluate best model on test data for horizon 3, Test MAE: 19.8552, Test RMSE: 31.1498, Test MAPE: 13.5183
2026-01-28 21:37:12,087 - easytorch-training - INFO - Evaluate best model on test data for horizon 4, Test MAE: 20.6633, Test RMSE: 32.3586, Test MAPE: 13.9579
2026-01-28 21:37:12,101 - easytorch-training - INFO - Evaluate best model on test data for horizon 5, Test MAE: 21.2754, Test RMSE: 33.1619, Test MAPE: 15.8783
2026-01-28 21:37:12,115 - easytorch-training - INFO - Evaluate best model on test data for horizon 6, Test MAE: 21.9464, Test RMSE: 33.9898, Test MAPE: 17.0545
2026-01-28 21:37:12,129 - easytorch-training - INFO - Evaluate best model on test data for horizon 7, Test MAE: 22.4623, Test RMSE: 34.8857, Test MAPE: 15.8303
2026-01-28 21:37:12,143 - easytorch-training - INFO - Evaluate best model on test data for horizon 8, Test MAE: 23.0467, Test RMSE: 35.6899, Test MAPE: 15.7936
2026-01-28 21:37:12,157 - easytorch-training - INFO - Evaluate best model on test data for horizon 9, Test MAE: 23.7733, Test RMSE: 36.7609, Test MAPE: 16.3939
2026-01-28 21:37:12,172 - easytorch-training - INFO - Evaluate best model on test data for horizon 10, Test MAE: 24.3608, Test RMSE: 37.5303, Test MAPE: 16.6233
2026-01-28 21:37:12,186 - easytorch-training - INFO - Evaluate best model on test data for horizon 11, Test MAE: 24.7097, Test RMSE: 38.0559, Test MAPE: 17.5440
2026-01-28 21:37:12,194 - easytorch-training - INFO - Evaluate best model on test data for horizon 12, Test MAE: 25.3616, Test RMSE: 38.8933, Test MAPE: 18.4705
2026-01-28 21:37:12,208 - easytorch-training - INFO - Result <test>: [test_time: 21.65 (s), test_MAE: 22.1258, test_RMSE: 34.4580, test_MAPE: 15.8476]
2026-01-28 21:37:12,584 - easytorch-training - INFO - Checkpoint checkpoints/STMAFNet_300/976492592f92c661f4c4ea004499e56d/STMAFNet_005.pt saved
2026-01-28 21:37:12,585 - easytorch-training - INFO - The estimated training finish time is 2026-01-29 15:47:49
2026-01-28 21:37:12,585 - easytorch-training - INFO - Epoch 6 / 300
2026-01-28 21:40:13,400 - easytorch-training - INFO - Result <train>: [train_time: 180.81 (s), lr: 1.00e-03, train_MAE: 21.9546, train_RMSE: 34.2836, train_MAPE: 18.1553]
2026-01-28 21:40:13,402 - easytorch-training - INFO - Start validation.
2026-01-28 21:40:35,274 - easytorch-training - INFO - Result <val>: [val_time: 21.87 (s), val_MAE: 21.6325, val_RMSE: 32.5187, val_MAPE: 16.2399]
2026-01-28 21:40:35,972 - easytorch-training - INFO - Checkpoint checkpoints/STMAFNet_300/976492592f92c661f4c4ea004499e56d/STMAFNet_best_val_MAE.pt saved
2026-01-28 21:40:58,050 - easytorch-training - INFO - Evaluate best model on test data for horizon 1, Test MAE: 17.9990, Test RMSE: 28.1023, Test MAPE: 15.2143
2026-01-28 21:40:58,064 - easytorch-training - INFO - Evaluate best model on test data for horizon 2, Test MAE: 18.7460, Test RMSE: 29.5263, Test MAPE: 14.4978
2026-01-28 21:40:58,078 - easytorch-training - INFO - Evaluate best model on test data for horizon 3, Test MAE: 19.2337, Test RMSE: 30.3337, Test MAPE: 13.4953
2026-01-28 21:40:58,093 - easytorch-training - INFO - Evaluate best model on test data for horizon 4, Test MAE: 19.7321, Test RMSE: 31.2166, Test MAPE: 13.9172
2026-01-28 21:40:58,107 - easytorch-training - INFO - Evaluate best model on test data for horizon 5, Test MAE: 20.3274, Test RMSE: 32.0564, Test MAPE: 14.5660
2026-01-28 21:40:58,121 - easytorch-training - INFO - Evaluate best model on test data for horizon 6, Test MAE: 20.9218, Test RMSE: 32.8575, Test MAPE: 14.9703
2026-01-28 21:40:58,135 - easytorch-training - INFO - Evaluate best model on test data for horizon 7, Test MAE: 21.4805, Test RMSE: 33.5912, Test MAPE: 15.3937
2026-01-28 21:40:58,149 - easytorch-training - INFO - Evaluate best model on test data for horizon 8, Test MAE: 21.9745, Test RMSE: 34.2733, Test MAPE: 16.1533
2026-01-28 21:40:58,163 - easytorch-training - INFO - Evaluate best model on test data for horizon 9, Test MAE: 22.4584, Test RMSE: 34.9713, Test MAPE: 15.7154
2026-01-28 21:40:58,178 - easytorch-training - INFO - Evaluate best model on test data for horizon 10, Test MAE: 22.9340, Test RMSE: 35.6085, Test MAPE: 16.3698
2026-01-28 21:40:58,192 - easytorch-training - INFO - Evaluate best model on test data for horizon 11, Test MAE: 24.2760, Test RMSE: 36.7509, Test MAPE: 18.8273
2026-01-28 21:40:58,199 - easytorch-training - INFO - Evaluate best model on test data for horizon 12, Test MAE: 24.5125, Test RMSE: 37.3794, Test MAPE: 18.2647
2026-01-28 21:40:58,208 - easytorch-training - INFO - Result <test>: [test_time: 22.23 (s), test_MAE: 21.2164, test_RMSE: 33.1729, test_MAPE: 15.6154]
2026-01-28 21:40:58,571 - easytorch-training - INFO - Checkpoint checkpoints/STMAFNet_300/976492592f92c661f4c4ea004499e56d/STMAFNet_006.pt saved
2026-01-28 21:40:58,572 - easytorch-training - INFO - The estimated training finish time is 2026-01-29 15:51:17
2026-01-28 21:40:58,572 - easytorch-training - INFO - Epoch 7 / 300
2026-01-28 21:44:00,030 - easytorch-training - INFO - Result <train>: [train_time: 181.46 (s), lr: 1.00e-03, train_MAE: 21.4923, train_RMSE: 33.6881, train_MAPE: 17.3698]
2026-01-28 21:44:00,032 - easytorch-training - INFO - Start validation.
2026-01-28 21:44:21,850 - easytorch-training - INFO - Result <val>: [val_time: 21.82 (s), val_MAE: 21.3222, val_RMSE: 32.1039, val_MAPE: 15.2969]
2026-01-28 21:44:22,502 - easytorch-training - INFO - Checkpoint checkpoints/STMAFNet_300/976492592f92c661f4c4ea004499e56d/STMAFNet_best_val_MAE.pt saved
2026-01-28 21:44:43,937 - easytorch-training - INFO - Evaluate best model on test data for horizon 1, Test MAE: 17.7589, Test RMSE: 27.9423, Test MAPE: 12.4197
2026-01-28 21:44:43,945 - easytorch-training - INFO - Evaluate best model on test data for horizon 2, Test MAE: 18.1797, Test RMSE: 29.0129, Test MAPE: 12.3453
2026-01-28 21:44:43,948 - easytorch-training - INFO - Evaluate best model on test data for horizon 3, Test MAE: 18.9720, Test RMSE: 30.1558, Test MAPE: 12.8636
2026-01-28 21:44:43,949 - easytorch-training - INFO - Evaluate best model on test data for horizon 4, Test MAE: 19.5576, Test RMSE: 31.0856, Test MAPE: 13.3887
2026-01-28 21:44:43,951 - easytorch-training - INFO - Evaluate best model on test data for horizon 5, Test MAE: 20.4638, Test RMSE: 31.9772, Test MAPE: 14.4969
2026-01-28 21:44:43,961 - easytorch-training - INFO - Evaluate best model on test data for horizon 6, Test MAE: 20.8772, Test RMSE: 32.6720, Test MAPE: 14.7533
2026-01-28 21:44:43,975 - easytorch-training - INFO - Evaluate best model on test data for horizon 7, Test MAE: 21.2248, Test RMSE: 33.2591, Test MAPE: 14.5339
2026-01-28 21:44:43,989 - easytorch-training - INFO - Evaluate best model on test data for horizon 8, Test MAE: 22.6149, Test RMSE: 34.4700, Test MAPE: 17.8738
2026-01-28 21:44:44,003 - easytorch-training - INFO - Evaluate best model on test data for horizon 9, Test MAE: 22.3934, Test RMSE: 34.7020, Test MAPE: 15.9646
2026-01-28 21:44:44,017 - easytorch-training - INFO - Evaluate best model on test data for horizon 10, Test MAE: 23.1035, Test RMSE: 35.5527, Test MAPE: 17.0503
2026-01-28 21:44:44,031 - easytorch-training - INFO - Evaluate best model on test data for horizon 11, Test MAE: 22.8773, Test RMSE: 35.5943, Test MAPE: 16.2650
2026-01-28 21:44:44,046 - easytorch-training - INFO - Evaluate best model on test data for horizon 12, Test MAE: 23.4516, Test RMSE: 36.3633, Test MAPE: 16.5536
2026-01-28 21:44:44,065 - easytorch-training - INFO - Result <test>: [test_time: 21.56 (s), test_MAE: 20.9563, test_RMSE: 32.8381, test_MAPE: 14.8758]
2026-01-28 21:44:44,444 - easytorch-training - INFO - Checkpoint checkpoints/STMAFNet_300/976492592f92c661f4c4ea004499e56d/STMAFNet_007.pt saved
2026-01-28 21:44:44,444 - easytorch-training - INFO - The estimated training finish time is 2026-01-29 15:53:41
2026-01-28 21:44:44,445 - easytorch-training - INFO - Epoch 8 / 300
2026-01-28 21:47:46,126 - easytorch-training - INFO - Result <train>: [train_time: 181.68 (s), lr: 1.00e-03, train_MAE: 21.0317, train_RMSE: 32.9730, train_MAPE: 17.0261]
2026-01-28 21:47:46,128 - easytorch-training - INFO - Start validation.
2026-01-28 21:48:08,773 - easytorch-training - INFO - Result <val>: [val_time: 22.64 (s), val_MAE: 21.0818, val_RMSE: 31.4445, val_MAPE: 16.5643]
2026-01-28 21:48:09,470 - easytorch-training - INFO - Checkpoint checkpoints/STMAFNet_300/976492592f92c661f4c4ea004499e56d/STMAFNet_best_val_MAE.pt saved
2026-01-28 21:48:30,354 - easytorch-training - INFO - Evaluate best model on test data for horizon 1, Test MAE: 18.1695, Test RMSE: 28.0026, Test MAPE: 15.0438
2026-01-28 21:48:30,368 - easytorch-training - INFO - Evaluate best model on test data for horizon 2, Test MAE: 18.8626, Test RMSE: 29.3153, Test MAPE: 15.2525
2026-01-28 21:48:30,382 - easytorch-training - INFO - Evaluate best model on test data for horizon 3, Test MAE: 19.4559, Test RMSE: 30.3106, Test MAPE: 14.9318
2026-01-28 21:48:30,396 - easytorch-training - INFO - Evaluate best model on test data for horizon 4, Test MAE: 19.7169, Test RMSE: 30.8404, Test MAPE: 14.7190
2026-01-28 21:48:30,410 - easytorch-training - INFO - Evaluate best model on test data for horizon 5, Test MAE: 20.3240, Test RMSE: 31.6886, Test MAPE: 15.4939
2026-01-28 21:48:30,420 - easytorch-training - INFO - Evaluate best model on test data for horizon 6, Test MAE: 20.7404, Test RMSE: 32.1988, Test MAPE: 15.8493
2026-01-28 21:48:30,428 - easytorch-training - INFO - Evaluate best model on test data for horizon 7, Test MAE: 21.3691, Test RMSE: 32.9031, Test MAPE: 17.1844
2026-01-28 21:48:30,439 - easytorch-training - INFO - Evaluate best model on test data for horizon 8, Test MAE: 21.4567, Test RMSE: 33.3296, Test MAPE: 16.2790
2026-01-28 21:48:30,447 - easytorch-training - INFO - Evaluate best model on test data for horizon 9, Test MAE: 22.1265, Test RMSE: 34.0230, Test MAPE: 17.9025
2026-01-28 21:48:30,461 - easytorch-training - INFO - Evaluate best model on test data for horizon 10, Test MAE: 22.1696, Test RMSE: 34.3917, Test MAPE: 16.6176
2026-01-28 21:48:30,475 - easytorch-training - INFO - Evaluate best model on test data for horizon 11, Test MAE: 22.6161, Test RMSE: 34.9790, Test MAPE: 16.9829
2026-01-28 21:48:30,489 - easytorch-training - INFO - Evaluate best model on test data for horizon 12, Test MAE: 23.2422, Test RMSE: 35.8885, Test MAPE: 17.1683
2026-01-28 21:48:30,509 - easytorch-training - INFO - Result <test>: [test_time: 21.03 (s), test_MAE: 20.8542, test_RMSE: 32.4033, test_MAPE: 16.1188]
2026-01-28 21:48:30,963 - easytorch-training - INFO - Checkpoint checkpoints/STMAFNet_300/976492592f92c661f4c4ea004499e56d/STMAFNet_008.pt saved
2026-01-28 21:48:30,964 - easytorch-training - INFO - The estimated training finish time is 2026-01-29 15:55:53
2026-01-28 21:48:30,964 - easytorch-training - INFO - Epoch 9 / 300
2026-01-28 21:51:32,077 - easytorch-training - INFO - Result <train>: [train_time: 181.11 (s), lr: 1.00e-03, train_MAE: 20.6564, train_RMSE: 32.4959, train_MAPE: 16.5650]
2026-01-28 21:51:32,079 - easytorch-training - INFO - Start validation.
2026-01-28 21:51:54,988 - easytorch-training - INFO - Result <val>: [val_time: 22.91 (s), val_MAE: 20.6844, val_RMSE: 31.2729, val_MAPE: 14.6880]
2026-01-28 21:51:55,667 - easytorch-training - INFO - Checkpoint checkpoints/STMAFNet_300/976492592f92c661f4c4ea004499e56d/STMAFNet_best_val_MAE.pt saved
2026-01-28 21:52:17,538 - easytorch-training - INFO - Evaluate best model on test data for horizon 1, Test MAE: 17.6920, Test RMSE: 28.1995, Test MAPE: 12.1676
2026-01-28 21:52:17,553 - easytorch-training - INFO - Evaluate best model on test data for horizon 2, Test MAE: 18.1699, Test RMSE: 29.0317, Test MAPE: 12.8187
2026-01-28 21:52:17,567 - easytorch-training - INFO - Evaluate best model on test data for horizon 3, Test MAE: 18.8004, Test RMSE: 30.0077, Test MAPE: 13.1049
2026-01-28 21:52:17,581 - easytorch-training - INFO - Evaluate best model on test data for horizon 4, Test MAE: 19.3900, Test RMSE: 30.7332, Test MAPE: 13.5075
2026-01-28 21:52:17,588 - easytorch-training - INFO - Evaluate best model on test data for horizon 5, Test MAE: 19.7279, Test RMSE: 31.2296, Test MAPE: 14.3206
2026-01-28 21:52:17,591 - easytorch-training - INFO - Evaluate best model on test data for horizon 6, Test MAE: 20.1352, Test RMSE: 31.8317, Test MAPE: 14.2284
2026-01-28 21:52:17,599 - easytorch-training - INFO - Evaluate best model on test data for horizon 7, Test MAE: 20.6748, Test RMSE: 32.5999, Test MAPE: 14.4752
2026-01-28 21:52:17,613 - easytorch-training - INFO - Evaluate best model on test data for horizon 8, Test MAE: 21.0493, Test RMSE: 33.1329, Test MAPE: 14.9544
2026-01-28 21:52:17,628 - easytorch-training - INFO - Evaluate best model on test data for horizon 9, Test MAE: 21.4161, Test RMSE: 33.6102, Test MAPE: 15.0638
2026-01-28 21:52:17,642 - easytorch-training - INFO - Evaluate best model on test data for horizon 10, Test MAE: 21.7942, Test RMSE: 34.1171, Test MAPE: 15.5083
2026-01-28 21:52:17,656 - easytorch-training - INFO - Evaluate best model on test data for horizon 11, Test MAE: 22.2651, Test RMSE: 34.7029, Test MAPE: 15.8757
2026-01-28 21:52:17,670 - easytorch-training - INFO - Evaluate best model on test data for horizon 12, Test MAE: 22.9383, Test RMSE: 35.6693, Test MAPE: 16.4074
2026-01-28 21:52:17,690 - easytorch-training - INFO - Result <test>: [test_time: 22.02 (s), test_MAE: 20.3378, test_RMSE: 32.1486, test_MAPE: 14.3694]
2026-01-28 21:52:18,118 - easytorch-training - INFO - Checkpoint checkpoints/STMAFNet_300/976492592f92c661f4c4ea004499e56d/STMAFNet_009.pt saved
2026-01-28 21:52:18,119 - easytorch-training - INFO - The estimated training finish time is 2026-01-29 15:57:57
2026-01-28 21:52:18,119 - easytorch-training - INFO - Epoch 10 / 300
2026-01-28 21:55:18,259 - easytorch-training - INFO - Result <train>: [train_time: 180.14 (s), lr: 1.00e-03, train_MAE: 20.4368, train_RMSE: 32.1288, train_MAPE: 16.5142]
2026-01-28 21:55:18,260 - easytorch-training - INFO - Start validation.
2026-01-28 21:55:41,177 - easytorch-training - INFO - Result <val>: [val_time: 22.92 (s), val_MAE: 20.3584, val_RMSE: 30.7116, val_MAPE: 16.0063]
2026-01-28 21:55:41,826 - easytorch-training - INFO - Checkpoint checkpoints/STMAFNet_300/976492592f92c661f4c4ea004499e56d/STMAFNet_best_val_MAE.pt saved
2026-01-28 21:56:03,859 - easytorch-training - INFO - Evaluate best model on test data for horizon 1, Test MAE: 17.4304, Test RMSE: 27.6710, Test MAPE: 13.5728
2026-01-28 21:56:03,873 - easytorch-training - INFO - Evaluate best model on test data for horizon 2, Test MAE: 18.2370, Test RMSE: 29.0169, Test MAPE: 13.7064
2026-01-28 21:56:03,883 - easytorch-training - INFO - Evaluate best model on test data for horizon 3, Test MAE: 18.7591, Test RMSE: 29.7342, Test MAPE: 14.9766
2026-01-28 21:56:03,890 - easytorch-training - INFO - Evaluate best model on test data for horizon 4, Test MAE: 19.3239, Test RMSE: 30.4836, Test MAPE: 15.7632
2026-01-28 21:56:03,905 - easytorch-training - INFO - Evaluate best model on test data for horizon 5, Test MAE: 19.6850, Test RMSE: 31.2066, Test MAPE: 14.8408
2026-01-28 21:56:03,919 - easytorch-training - INFO - Evaluate best model on test data for horizon 6, Test MAE: 20.0440, Test RMSE: 31.7651, Test MAPE: 14.1657
2026-01-28 21:56:03,933 - easytorch-training - INFO - Evaluate best model on test data for horizon 7, Test MAE: 20.4689, Test RMSE: 32.2806, Test MAPE: 15.3443
2026-01-28 21:56:03,946 - easytorch-training - INFO - Evaluate best model on test data for horizon 8, Test MAE: 20.7381, Test RMSE: 32.5391, Test MAPE: 16.2004
2026-01-28 21:56:03,954 - easytorch-training - INFO - Evaluate best model on test data for horizon 9, Test MAE: 21.1181, Test RMSE: 33.0353, Test MAPE: 16.5624
2026-01-28 21:56:03,968 - easytorch-training - INFO - Evaluate best model on test data for horizon 10, Test MAE: 21.4676, Test RMSE: 33.4656, Test MAPE: 16.9922
2026-01-28 21:56:03,982 - easytorch-training - INFO - Evaluate best model on test data for horizon 11, Test MAE: 21.9160, Test RMSE: 33.9669, Test MAPE: 17.9873
2026-01-28 21:56:03,996 - easytorch-training - INFO - Evaluate best model on test data for horizon 12, Test MAE: 22.2932, Test RMSE: 34.6106, Test MAPE: 17.4478
2026-01-28 21:56:04,016 - easytorch-training - INFO - Result <test>: [test_time: 22.19 (s), test_MAE: 20.1235, test_RMSE: 31.7119, test_MAPE: 15.6300]
2026-01-28 21:56:04,443 - easytorch-training - INFO - Checkpoint checkpoints/STMAFNet_300/976492592f92c661f4c4ea004499e56d/STMAFNet_010.pt saved
2026-01-28 21:56:04,500 - easytorch-training - INFO - The estimated training finish time is 2026-01-29 15:59:13
2026-01-28 21:56:04,500 - easytorch-training - INFO - Epoch 11 / 300
2026-01-28 21:59:04,180 - easytorch-training - INFO - Result <train>: [train_time: 179.68 (s), lr: 1.00e-03, train_MAE: 20.2688, train_RMSE: 31.8295, train_MAPE: 16.6421]
2026-01-28 21:59:04,182 - easytorch-training - INFO - Start validation.
2026-01-28 21:59:27,076 - easytorch-training - INFO - Result <val>: [val_time: 22.89 (s), val_MAE: 20.1626, val_RMSE: 30.3924, val_MAPE: 14.7727]
2026-01-28 21:59:27,654 - easytorch-training - INFO - Checkpoint checkpoints/STMAFNet_300/976492592f92c661f4c4ea004499e56d/STMAFNet_best_val_MAE.pt saved
2026-01-28 21:59:49,502 - easytorch-training - INFO - Evaluate best model on test data for horizon 1, Test MAE: 17.2842, Test RMSE: 27.4409, Test MAPE: 12.7551
2026-01-28 21:59:49,511 - easytorch-training - INFO - Evaluate best model on test data for horizon 2, Test MAE: 17.9459, Test RMSE: 28.5315, Test MAPE: 13.2755
2026-01-28 21:59:49,519 - easytorch-training - INFO - Evaluate best model on test data for horizon 3, Test MAE: 18.4948, Test RMSE: 29.4619, Test MAPE: 12.7741
2026-01-28 21:59:49,531 - easytorch-training - INFO - Evaluate best model on test data for horizon 4, Test MAE: 19.1027, Test RMSE: 30.2171, Test MAPE: 14.4235
2026-01-28 21:59:49,546 - easytorch-training - INFO - Evaluate best model on test data for horizon 5, Test MAE: 19.4460, Test RMSE: 30.7874, Test MAPE: 13.9179
2026-01-28 21:59:49,555 - easytorch-training - INFO - Evaluate best model on test data for horizon 6, Test MAE: 20.0208, Test RMSE: 31.3733, Test MAPE: 15.3676
2026-01-28 21:59:49,563 - easytorch-training - INFO - Evaluate best model on test data for horizon 7, Test MAE: 20.2369, Test RMSE: 31.8023, Test MAPE: 14.8424
2026-01-28 21:59:49,573 - easytorch-training - INFO - Evaluate best model on test data for horizon 8, Test MAE: 20.5545, Test RMSE: 32.2800, Test MAPE: 14.8098
2026-01-28 21:59:49,587 - easytorch-training - INFO - Evaluate best model on test data for horizon 9, Test MAE: 20.8370, Test RMSE: 32.7110, Test MAPE: 14.7634
2026-01-28 21:59:49,601 - easytorch-training - INFO - Evaluate best model on test data for horizon 10, Test MAE: 21.2703, Test RMSE: 33.2132, Test MAPE: 14.9748
2026-01-28 21:59:49,616 - easytorch-training - INFO - Evaluate best model on test data for horizon 11, Test MAE: 21.7452, Test RMSE: 33.7631, Test MAPE: 15.3774
2026-01-28 21:59:49,630 - easytorch-training - INFO - Evaluate best model on test data for horizon 12, Test MAE: 22.0750, Test RMSE: 34.2791, Test MAPE: 16.2193
2026-01-28 21:59:49,649 - easytorch-training - INFO - Result <test>: [test_time: 21.99 (s), test_MAE: 19.9178, test_RMSE: 31.3871, test_MAPE: 14.4584]
2026-01-28 21:59:50,017 - easytorch-training - INFO - Checkpoint checkpoints/STMAFNet_300/976492592f92c661f4c4ea004499e56d/STMAFNet_011.pt saved
2026-01-28 21:59:50,017 - easytorch-training - INFO - The estimated training finish time is 2026-01-29 15:59:52
2026-01-28 21:59:50,017 - easytorch-training - INFO - Epoch 12 / 300
2026-01-28 22:02:50,448 - easytorch-training - INFO - Result <train>: [train_time: 180.43 (s), lr: 1.00e-03, train_MAE: 20.0343, train_RMSE: 31.6140, train_MAPE: 16.0198]
2026-01-28 22:02:50,449 - easytorch-training - INFO - Start validation.
2026-01-28 22:03:13,009 - easytorch-training - INFO - Result <val>: [val_time: 22.56 (s), val_MAE: 19.8770, val_RMSE: 30.2739, val_MAPE: 13.9053]
2026-01-28 22:03:13,879 - easytorch-training - INFO - Checkpoint checkpoints/STMAFNet_300/976492592f92c661f4c4ea004499e56d/STMAFNet_best_val_MAE.pt saved
2026-01-28 22:03:35,271 - easytorch-training - INFO - Evaluate best model on test data for horizon 1, Test MAE: 17.2244, Test RMSE: 27.4074, Test MAPE: 11.8633
2026-01-28 22:03:35,286 - easytorch-training - INFO - Evaluate best model on test data for horizon 2, Test MAE: 17.7542, Test RMSE: 28.5224, Test MAPE: 12.1392
2026-01-28 22:03:35,297 - easytorch-training - INFO - Evaluate best model on test data for horizon 3, Test MAE: 18.5099, Test RMSE: 29.5322, Test MAPE: 12.8331
2026-01-28 22:03:35,305 - easytorch-training - INFO - Evaluate best model on test data for horizon 4, Test MAE: 19.0144, Test RMSE: 30.1663, Test MAPE: 13.3247
2026-01-28 22:03:35,310 - easytorch-training - INFO - Evaluate best model on test data for horizon 5, Test MAE: 19.2017, Test RMSE: 30.6129, Test MAPE: 13.1177
2026-01-28 22:03:35,318 - easytorch-training - INFO - Evaluate best model on test data for horizon 6, Test MAE: 19.5300, Test RMSE: 31.1224, Test MAPE: 13.4224
2026-01-28 22:03:35,328 - easytorch-training - INFO - Evaluate best model on test data for horizon 7, Test MAE: 19.9819, Test RMSE: 31.7112, Test MAPE: 13.7646
2026-01-28 22:03:35,342 - easytorch-training - INFO - Evaluate best model on test data for horizon 8, Test MAE: 20.5087, Test RMSE: 32.5971, Test MAPE: 14.1987
2026-01-28 22:03:35,356 - easytorch-training - INFO - Evaluate best model on test data for horizon 9, Test MAE: 20.9145, Test RMSE: 33.0540, Test MAPE: 14.5398
2026-01-28 22:03:35,371 - easytorch-training - INFO - Evaluate best model on test data for horizon 10, Test MAE: 20.9506, Test RMSE: 33.1321, Test MAPE: 14.5217
2026-01-28 22:03:35,385 - easytorch-training - INFO - Evaluate best model on test data for horizon 11, Test MAE: 21.2251, Test RMSE: 33.5020, Test MAPE: 15.1849
2026-01-28 22:03:35,399 - easytorch-training - INFO - Evaluate best model on test data for horizon 12, Test MAE: 21.4961, Test RMSE: 33.8202, Test MAPE: 15.1799
2026-01-28 22:03:35,419 - easytorch-training - INFO - Result <test>: [test_time: 21.54 (s), test_MAE: 19.6926, test_RMSE: 31.3280, test_MAPE: 13.6742]
2026-01-28 22:03:35,788 - easytorch-training - INFO - Checkpoint checkpoints/STMAFNet_300/976492592f92c661f4c4ea004499e56d/STMAFNet_012.pt saved
2026-01-28 22:03:35,789 - easytorch-training - INFO - The estimated training finish time is 2026-01-29 16:00:30
2026-01-28 22:03:35,789 - easytorch-training - INFO - Epoch 13 / 300
2026-01-28 22:06:36,612 - easytorch-training - INFO - Result <train>: [train_time: 180.82 (s), lr: 1.00e-03, train_MAE: 19.8159, train_RMSE: 31.3643, train_MAPE: 15.7989]
2026-01-28 22:06:36,614 - easytorch-training - INFO - Start validation.
2026-01-28 22:06:58,861 - easytorch-training - INFO - Result <val>: [val_time: 22.25 (s), val_MAE: 20.1793, val_RMSE: 30.4378, val_MAPE: 15.0202]
2026-01-28 22:07:20,457 - easytorch-training - INFO - Evaluate best model on test data for horizon 1, Test MAE: 17.2960, Test RMSE: 27.5216, Test MAPE: 12.1399
2026-01-28 22:07:20,467 - easytorch-training - INFO - Evaluate best model on test data for horizon 2, Test MAE: 18.1607, Test RMSE: 28.8420, Test MAPE: 12.9292
2026-01-28 22:07:20,479 - easytorch-training - INFO - Evaluate best model on test data for horizon 3, Test MAE: 18.5749, Test RMSE: 29.5409, Test MAPE: 12.9624
2026-01-28 22:07:20,493 - easytorch-training - INFO - Evaluate best model on test data for horizon 4, Test MAE: 18.9775, Test RMSE: 30.1377, Test MAPE: 13.3925
2026-01-28 22:07:20,507 - easytorch-training - INFO - Evaluate best model on test data for horizon 5, Test MAE: 19.5920, Test RMSE: 30.9224, Test MAPE: 14.1109
2026-01-28 22:07:20,522 - easytorch-training - INFO - Evaluate best model on test data for horizon 6, Test MAE: 20.0250, Test RMSE: 31.4613, Test MAPE: 14.7733
2026-01-28 22:07:20,536 - easytorch-training - INFO - Evaluate best model on test data for horizon 7, Test MAE: 20.3133, Test RMSE: 31.9161, Test MAPE: 14.3402
2026-01-28 22:07:20,548 - easytorch-training - INFO - Evaluate best model on test data for horizon 8, Test MAE: 20.5918, Test RMSE: 32.3218, Test MAPE: 14.5490
2026-01-28 22:07:20,556 - easytorch-training - INFO - Evaluate best model on test data for horizon 9, Test MAE: 21.1923, Test RMSE: 33.0054, Test MAPE: 16.1429
2026-01-28 22:07:20,566 - easytorch-training - INFO - Evaluate best model on test data for horizon 10, Test MAE: 21.4999, Test RMSE: 33.2468, Test MAPE: 17.5051
2026-01-28 22:07:20,580 - easytorch-training - INFO - Evaluate best model on test data for horizon 11, Test MAE: 21.5370, Test RMSE: 33.5200, Test MAPE: 16.3897
2026-01-28 22:07:20,595 - easytorch-training - INFO - Evaluate best model on test data for horizon 12, Test MAE: 21.9351, Test RMSE: 34.0502, Test MAPE: 16.4250
2026-01-28 22:07:20,614 - easytorch-training - INFO - Result <test>: [test_time: 21.75 (s), test_MAE: 19.9746, test_RMSE: 31.4342, test_MAPE: 14.6384]
2026-01-28 22:07:21,059 - easytorch-training - INFO - Checkpoint checkpoints/STMAFNet_300/976492592f92c661f4c4ea004499e56d/STMAFNet_013.pt saved
2026-01-28 22:07:21,060 - easytorch-training - INFO - The estimated training finish time is 2026-01-29 16:00:52
2026-01-28 22:07:21,060 - easytorch-training - INFO - Epoch 14 / 300
2026-01-28 22:10:21,117 - easytorch-training - INFO - Result <train>: [train_time: 180.06 (s), lr: 1.00e-03, train_MAE: 19.6824, train_RMSE: 31.1424, train_MAPE: 15.8560]
2026-01-28 22:10:21,118 - easytorch-training - INFO - Start validation.
2026-01-28 22:10:43,563 - easytorch-training - INFO - Result <val>: [val_time: 22.44 (s), val_MAE: 19.9071, val_RMSE: 30.2927, val_MAPE: 14.2215]
2026-01-28 22:11:05,560 - easytorch-training - INFO - Evaluate best model on test data for horizon 1, Test MAE: 17.3960, Test RMSE: 27.7609, Test MAPE: 12.0320
2026-01-28 22:11:05,574 - easytorch-training - INFO - Evaluate best model on test data for horizon 2, Test MAE: 17.8136, Test RMSE: 28.5292, Test MAPE: 12.2972
2026-01-28 22:11:05,588 - easytorch-training - INFO - Evaluate best model on test data for horizon 3, Test MAE: 18.4098, Test RMSE: 29.4273, Test MAPE: 12.7204
2026-01-28 22:11:05,603 - easytorch-training - INFO - Evaluate best model on test data for horizon 4, Test MAE: 18.9134, Test RMSE: 30.1500, Test MAPE: 13.3196
2026-01-28 22:11:05,617 - easytorch-training - INFO - Evaluate best model on test data for horizon 5, Test MAE: 19.2841, Test RMSE: 30.6835, Test MAPE: 13.5960
2026-01-28 22:11:05,631 - easytorch-training - INFO - Evaluate best model on test data for horizon 6, Test MAE: 19.6321, Test RMSE: 31.1548, Test MAPE: 13.8183
2026-01-28 22:11:05,645 - easytorch-training - INFO - Evaluate best model on test data for horizon 7, Test MAE: 19.8921, Test RMSE: 31.5596, Test MAPE: 13.9187
2026-01-28 22:11:05,659 - easytorch-training - INFO - Evaluate best model on test data for horizon 8, Test MAE: 20.6929, Test RMSE: 32.2601, Test MAPE: 15.6855
2026-01-28 22:11:05,674 - easytorch-training - INFO - Evaluate best model on test data for horizon 9, Test MAE: 20.5526, Test RMSE: 32.4496, Test MAPE: 14.4461
2026-01-28 22:11:05,688 - easytorch-training - INFO - Evaluate best model on test data for horizon 10, Test MAE: 21.0639, Test RMSE: 32.9596, Test MAPE: 15.3028
2026-01-28 22:11:05,702 - easytorch-training - INFO - Evaluate best model on test data for horizon 11, Test MAE: 20.9967, Test RMSE: 33.0315, Test MAPE: 15.3108
2026-01-28 22:11:05,716 - easytorch-training - INFO - Evaluate best model on test data for horizon 12, Test MAE: 21.5490, Test RMSE: 33.7740, Test MAPE: 15.2441
2026-01-28 22:11:05,736 - easytorch-training - INFO - Result <test>: [test_time: 22.17 (s), test_MAE: 19.6831, test_RMSE: 31.1976, test_MAPE: 13.9743]
2026-01-28 22:11:06,103 - easytorch-training - INFO - Checkpoint checkpoints/STMAFNet_300/976492592f92c661f4c4ea004499e56d/STMAFNet_014.pt saved
2026-01-28 22:11:06,104 - easytorch-training - INFO - The estimated training finish time is 2026-01-29 16:01:05
2026-01-28 22:11:06,104 - easytorch-training - INFO - Epoch 15 / 300
2026-01-28 22:14:05,478 - easytorch-training - INFO - Result <train>: [train_time: 179.37 (s), lr: 1.00e-03, train_MAE: 19.5874, train_RMSE: 31.0147, train_MAPE: 15.7061]
2026-01-28 22:14:05,479 - easytorch-training - INFO - Start validation.
2026-01-28 22:14:28,300 - easytorch-training - INFO - Result <val>: [val_time: 22.82 (s), val_MAE: 20.4546, val_RMSE: 30.2000, val_MAPE: 20.1388]
2026-01-28 22:14:50,277 - easytorch-training - INFO - Evaluate best model on test data for horizon 1, Test MAE: 18.0809, Test RMSE: 27.5689, Test MAPE: 18.4023
2026-01-28 22:14:50,292 - easytorch-training - INFO - Evaluate best model on test data for horizon 2, Test MAE: 18.4237, Test RMSE: 28.5647, Test MAPE: 17.0132
2026-01-28 22:14:50,306 - easytorch-training - INFO - Evaluate best model on test data for horizon 3, Test MAE: 18.8786, Test RMSE: 29.3056, Test MAPE: 17.3439
2026-01-28 22:14:50,320 - easytorch-training - INFO - Evaluate best model on test data for horizon 4, Test MAE: 19.7026, Test RMSE: 30.1516, Test MAPE: 19.3478
2026-01-28 22:14:50,330 - easytorch-training - INFO - Evaluate best model on test data for horizon 5, Test MAE: 19.8700, Test RMSE: 30.5335, Test MAPE: 19.0974
2026-01-28 22:14:50,338 - easytorch-training - INFO - Evaluate best model on test data for horizon 6, Test MAE: 20.3268, Test RMSE: 31.0287, Test MAPE: 20.1642
2026-01-28 22:14:50,349 - easytorch-training - INFO - Evaluate best model on test data for horizon 7, Test MAE: 20.5408, Test RMSE: 31.4554, Test MAPE: 19.7026
2026-01-28 22:14:50,363 - easytorch-training - INFO - Evaluate best model on test data for horizon 8, Test MAE: 20.5513, Test RMSE: 31.7908, Test MAPE: 18.3084
2026-01-28 22:14:50,377 - easytorch-training - INFO - Evaluate best model on test data for horizon 9, Test MAE: 21.9153, Test RMSE: 32.7189, Test MAPE: 23.2600
2026-01-28 22:14:50,391 - easytorch-training - INFO - Evaluate best model on test data for horizon 10, Test MAE: 21.3142, Test RMSE: 32.6592, Test MAPE: 19.3665
2026-01-28 22:14:50,405 - easytorch-training - INFO - Evaluate best model on test data for horizon 11, Test MAE: 21.5102, Test RMSE: 33.0271, Test MAPE: 19.1182
2026-01-28 22:14:50,418 - easytorch-training - INFO - Evaluate best model on test data for horizon 12, Test MAE: 21.8315, Test RMSE: 33.4368, Test MAPE: 19.5736
2026-01-28 22:14:50,432 - easytorch-training - INFO - Result <test>: [test_time: 22.13 (s), test_MAE: 20.2455, test_RMSE: 31.0713, test_MAPE: 19.2249]
2026-01-28 22:14:50,796 - easytorch-training - INFO - Checkpoint checkpoints/STMAFNet_300/976492592f92c661f4c4ea004499e56d/STMAFNet_015.pt saved
2026-01-28 22:14:50,797 - easytorch-training - INFO - The estimated training finish time is 2026-01-29 16:01:09
2026-01-28 22:14:50,797 - easytorch-training - INFO - Epoch 16 / 300
2026-01-28 22:17:51,496 - easytorch-training - INFO - Result <train>: [train_time: 180.70 (s), lr: 1.00e-03, train_MAE: 19.4133, train_RMSE: 30.8386, train_MAPE: 15.3658]
2026-01-28 22:17:51,498 - easytorch-training - INFO - Start validation.
2026-01-28 22:18:13,756 - easytorch-training - INFO - Result <val>: [val_time: 22.26 (s), val_MAE: 19.6729, val_RMSE: 29.9145, val_MAPE: 14.3030]
2026-01-28 22:18:14,522 - easytorch-training - INFO - Checkpoint checkpoints/STMAFNet_300/976492592f92c661f4c4ea004499e56d/STMAFNet_best_val_MAE.pt saved
2026-01-28 22:18:36,479 - easytorch-training - INFO - Evaluate best model on test data for horizon 1, Test MAE: 17.0988, Test RMSE: 27.3907, Test MAPE: 11.6208
2026-01-28 22:18:36,486 - easytorch-training - INFO - Evaluate best model on test data for horizon 2, Test MAE: 17.6534, Test RMSE: 28.2927, Test MAPE: 11.9769
2026-01-28 22:18:36,496 - easytorch-training - INFO - Evaluate best model on test data for horizon 3, Test MAE: 18.2334, Test RMSE: 29.2641, Test MAPE: 12.5403
2026-01-28 22:18:36,507 - easytorch-training - INFO - Evaluate best model on test data for horizon 4, Test MAE: 18.6808, Test RMSE: 29.9294, Test MAPE: 12.8036
2026-01-28 22:18:36,517 - easytorch-training - INFO - Evaluate best model on test data for horizon 5, Test MAE: 19.1349, Test RMSE: 30.4017, Test MAPE: 13.9035
2026-01-28 22:18:36,531 - easytorch-training - INFO - Evaluate best model on test data for horizon 6, Test MAE: 19.3397, Test RMSE: 30.8196, Test MAPE: 13.2142
2026-01-28 22:18:36,545 - easytorch-training - INFO - Evaluate best model on test data for horizon 7, Test MAE: 19.6770, Test RMSE: 31.2441, Test MAPE: 13.7369
2026-01-28 22:18:36,560 - easytorch-training - INFO - Evaluate best model on test data for horizon 8, Test MAE: 20.1274, Test RMSE: 31.8065, Test MAPE: 14.7059
2026-01-28 22:18:36,574 - easytorch-training - INFO - Evaluate best model on test data for horizon 9, Test MAE: 20.4824, Test RMSE: 32.3054, Test MAPE: 14.8614
2026-01-28 22:18:36,588 - easytorch-training - INFO - Evaluate best model on test data for horizon 10, Test MAE: 21.0859, Test RMSE: 32.9656, Test MAPE: 16.0303
2026-01-28 22:18:36,602 - easytorch-training - INFO - Evaluate best model on test data for horizon 11, Test MAE: 21.2280, Test RMSE: 33.1896, Test MAPE: 15.7249
2026-01-28 22:18:36,616 - easytorch-training - INFO - Evaluate best model on test data for horizon 12, Test MAE: 21.7910, Test RMSE: 33.9008, Test MAPE: 16.6063
2026-01-28 22:18:36,636 - easytorch-training - INFO - Result <test>: [test_time: 22.11 (s), test_MAE: 19.5444, test_RMSE: 31.0189, test_MAPE: 13.9771]
2026-01-28 22:18:37,003 - easytorch-training - INFO - Checkpoint checkpoints/STMAFNet_300/976492592f92c661f4c4ea004499e56d/STMAFNet_016.pt saved
2026-01-28 22:18:37,003 - easytorch-training - INFO - The estimated training finish time is 2026-01-29 16:01:41
2026-01-28 22:18:37,004 - easytorch-training - INFO - Epoch 17 / 300
2026-01-28 22:21:38,340 - easytorch-training - INFO - Result <train>: [train_time: 181.34 (s), lr: 1.00e-03, train_MAE: 19.3406, train_RMSE: 30.7244, train_MAPE: 15.3402]
2026-01-28 22:21:38,342 - easytorch-training - INFO - Start validation.
2026-01-28 22:22:00,087 - easytorch-training - INFO - Result <val>: [val_time: 21.74 (s), val_MAE: 19.9239, val_RMSE: 30.1801, val_MAPE: 14.8798]
2026-01-28 22:22:21,500 - easytorch-training - INFO - Evaluate best model on test data for horizon 1, Test MAE: 17.2149, Test RMSE: 27.3173, Test MAPE: 13.2249
2026-01-28 22:22:21,508 - easytorch-training - INFO - Evaluate best model on test data for horizon 2, Test MAE: 17.7311, Test RMSE: 28.3032, Test MAPE: 12.9710
2026-01-28 22:22:21,515 - easytorch-training - INFO - Evaluate best model on test data for horizon 3, Test MAE: 18.4127, Test RMSE: 29.2336, Test MAPE: 14.2149
2026-01-28 22:22:21,523 - easytorch-training - INFO - Evaluate best model on test data for horizon 4, Test MAE: 18.7181, Test RMSE: 29.8441, Test MAPE: 13.4833
2026-01-28 22:22:21,530 - easytorch-training - INFO - Evaluate best model on test data for horizon 5, Test MAE: 19.0899, Test RMSE: 30.4308, Test MAPE: 13.4647
2026-01-28 22:22:21,538 - easytorch-training - INFO - Evaluate best model on test data for horizon 6, Test MAE: 19.6863, Test RMSE: 31.1964, Test MAPE: 14.4243
2026-01-28 22:22:21,545 - easytorch-training - INFO - Evaluate best model on test data for horizon 7, Test MAE: 19.9601, Test RMSE: 31.6182, Test MAPE: 14.4917
2026-01-28 22:22:21,553 - easytorch-training - INFO - Evaluate best model on test data for horizon 8, Test MAE: 20.6241, Test RMSE: 32.4672, Test MAPE: 15.4094
2026-01-28 22:22:21,558 - easytorch-training - INFO - Evaluate best model on test data for horizon 9, Test MAE: 21.0816, Test RMSE: 33.1512, Test MAPE: 15.5433
2026-01-28 22:22:21,559 - easytorch-training - INFO - Evaluate best model on test data for horizon 10, Test MAE: 21.2287, Test RMSE: 33.3846, Test MAPE: 15.4039
2026-01-28 22:22:21,561 - easytorch-training - INFO - Evaluate best model on test data for horizon 11, Test MAE: 21.7811, Test RMSE: 34.0604, Test MAPE: 16.1916
2026-01-28 22:22:21,562 - easytorch-training - INFO - Evaluate best model on test data for horizon 12, Test MAE: 22.2554, Test RMSE: 34.7329, Test MAPE: 15.6912
2026-01-28 22:22:21,571 - easytorch-training - INFO - Result <test>: [test_time: 21.48 (s), test_MAE: 19.8154, test_RMSE: 31.3923, test_MAPE: 14.5429]
2026-01-28 22:22:21,959 - easytorch-training - INFO - Checkpoint checkpoints/STMAFNet_300/976492592f92c661f4c4ea004499e56d/STMAFNet_017.pt saved
2026-01-28 22:22:21,960 - easytorch-training - INFO - The estimated training finish time is 2026-01-29 16:01:48
2026-01-28 22:22:21,960 - easytorch-training - INFO - Epoch 18 / 300
2026-01-28 22:25:23,332 - easytorch-training - INFO - Result <train>: [train_time: 181.37 (s), lr: 1.00e-03, train_MAE: 19.2412, train_RMSE: 30.5907, train_MAPE: 15.2537]
2026-01-28 22:25:23,346 - easytorch-training - INFO - Start validation.
2026-01-28 22:25:46,009 - easytorch-training - INFO - Result <val>: [val_time: 22.66 (s), val_MAE: 20.2173, val_RMSE: 30.2681, val_MAPE: 14.7021]
2026-01-28 22:26:07,310 - easytorch-training - INFO - Evaluate best model on test data for horizon 1, Test MAE: 17.2738, Test RMSE: 27.2917, Test MAPE: 11.6573
2026-01-28 22:26:07,324 - easytorch-training - INFO - Evaluate best model on test data for horizon 2, Test MAE: 17.9748, Test RMSE: 28.3984, Test MAPE: 12.2098
2026-01-28 22:26:07,339 - easytorch-training - INFO - Evaluate best model on test data for horizon 3, Test MAE: 18.6022, Test RMSE: 29.4079, Test MAPE: 12.3667
2026-01-28 22:26:07,353 - easytorch-training - INFO - Evaluate best model on test data for horizon 4, Test MAE: 19.3021, Test RMSE: 30.0651, Test MAPE: 13.7348
2026-01-28 22:26:07,367 - easytorch-training - INFO - Evaluate best model on test data for horizon 5, Test MAE: 19.5077, Test RMSE: 30.5697, Test MAPE: 13.4604
2026-01-28 22:26:07,381 - easytorch-training - INFO - Evaluate best model on test data for horizon 6, Test MAE: 20.0109, Test RMSE: 31.0424, Test MAPE: 14.6631
2026-01-28 22:26:07,395 - easytorch-training - INFO - Evaluate best model on test data for horizon 7, Test MAE: 20.1922, Test RMSE: 31.4418, Test MAPE: 14.3530
2026-01-28 22:26:07,410 - easytorch-training - INFO - Evaluate best model on test data for horizon 8, Test MAE: 20.6194, Test RMSE: 31.9912, Test MAPE: 14.4365
2026-01-28 22:26:07,424 - easytorch-training - INFO - Evaluate best model on test data for horizon 9, Test MAE: 21.1757, Test RMSE: 32.4614, Test MAPE: 16.0387
2026-01-28 22:26:07,438 - easytorch-training - INFO - Evaluate best model on test data for horizon 10, Test MAE: 21.4958, Test RMSE: 32.8671, Test MAPE: 16.2408
2026-01-28 22:26:07,450 - easytorch-training - INFO - Evaluate best model on test data for horizon 11, Test MAE: 21.5342, Test RMSE: 33.1020, Test MAPE: 15.9596
2026-01-28 22:26:07,458 - easytorch-training - INFO - Evaluate best model on test data for horizon 12, Test MAE: 21.9636, Test RMSE: 33.6215, Test MAPE: 16.1294
2026-01-28 22:26:07,471 - easytorch-training - INFO - Result <test>: [test_time: 21.46 (s), test_MAE: 19.9711, test_RMSE: 31.0784, test_MAPE: 14.2709]
2026-01-28 22:26:07,857 - easytorch-training - INFO - Checkpoint checkpoints/STMAFNet_300/976492592f92c661f4c4ea004499e56d/STMAFNet_018.pt saved
2026-01-28 22:26:07,857 - easytorch-training - INFO - The estimated training finish time is 2026-01-29 16:02:09
2026-01-28 22:26:07,858 - easytorch-training - INFO - Epoch 19 / 300
2026-01-28 22:29:08,556 - easytorch-training - INFO - Result <train>: [train_time: 180.70 (s), lr: 5.00e-04, train_MAE: 18.7912, train_RMSE: 30.1087, train_MAPE: 14.5465]
2026-01-28 22:29:08,557 - easytorch-training - INFO - Start validation.
2026-01-28 22:29:31,408 - easytorch-training - INFO - Result <val>: [val_time: 22.85 (s), val_MAE: 18.9060, val_RMSE: 29.0482, val_MAPE: 14.1791]
2026-01-28 22:29:32,206 - easytorch-training - INFO - Checkpoint checkpoints/STMAFNet_300/976492592f92c661f4c4ea004499e56d/STMAFNet_best_val_MAE.pt saved
2026-01-28 22:29:53,947 - easytorch-training - INFO - Evaluate best model on test data for horizon 1, Test MAE: 16.8362, Test RMSE: 27.0042, Test MAPE: 12.0352
2026-01-28 22:29:53,961 - easytorch-training - INFO - Evaluate best model on test data for horizon 2, Test MAE: 17.3206, Test RMSE: 27.9412, Test MAPE: 12.1477
2026-01-28 22:29:53,975 - easytorch-training - INFO - Evaluate best model on test data for horizon 3, Test MAE: 17.9155, Test RMSE: 28.7549, Test MAPE: 13.1388
2026-01-28 22:29:53,989 - easytorch-training - INFO - Evaluate best model on test data for horizon 4, Test MAE: 18.2191, Test RMSE: 29.2749, Test MAPE: 13.3277
2026-01-28 22:29:54,004 - easytorch-training - INFO - Evaluate best model on test data for horizon 5, Test MAE: 18.5023, Test RMSE: 29.7560, Test MAPE: 13.4487
2026-01-28 22:29:54,017 - easytorch-training - INFO - Evaluate best model on test data for horizon 6, Test MAE: 18.8526, Test RMSE: 30.2164, Test MAPE: 13.9543
2026-01-28 22:29:54,025 - easytorch-training - INFO - Evaluate best model on test data for horizon 7, Test MAE: 19.1182, Test RMSE: 30.6056, Test MAPE: 14.0468
2026-01-28 22:29:54,033 - easytorch-training - INFO - Evaluate best model on test data for horizon 8, Test MAE: 19.3295, Test RMSE: 30.9445, Test MAPE: 14.2164
2026-01-28 22:29:54,045 - easytorch-training - INFO - Evaluate best model on test data for horizon 9, Test MAE: 19.7376, Test RMSE: 31.3518, Test MAPE: 15.3238
2026-01-28 22:29:54,059 - easytorch-training - INFO - Evaluate best model on test data for horizon 10, Test MAE: 19.8229, Test RMSE: 31.6018, Test MAPE: 14.9656
2026-01-28 22:29:54,068 - easytorch-training - INFO - Evaluate best model on test data for horizon 11, Test MAE: 20.0384, Test RMSE: 31.9067, Test MAPE: 15.0322
2026-01-28 22:29:54,076 - easytorch-training - INFO - Evaluate best model on test data for horizon 12, Test MAE: 20.4460, Test RMSE: 32.3681, Test MAPE: 15.7034
2026-01-28 22:29:54,092 - easytorch-training - INFO - Result <test>: [test_time: 21.88 (s), test_MAE: 18.8449, test_RMSE: 30.1854, test_MAPE: 13.9451]
2026-01-28 22:29:54,620 - easytorch-training - INFO - Checkpoint checkpoints/STMAFNet_300/976492592f92c661f4c4ea004499e56d/STMAFNet_019.pt saved
2026-01-28 22:29:54,621 - easytorch-training - INFO - The estimated training finish time is 2026-01-29 16:02:42
2026-01-28 22:29:54,621 - easytorch-training - INFO - Epoch 20 / 300
2026-01-28 22:32:54,348 - easytorch-training - INFO - Result <train>: [train_time: 179.73 (s), lr: 5.00e-04, train_MAE: 18.6186, train_RMSE: 29.9095, train_MAPE: 14.3140]
2026-01-28 22:32:54,350 - easytorch-training - INFO - Start validation.
2026-01-28 22:33:16,917 - easytorch-training - INFO - Result <val>: [val_time: 22.57 (s), val_MAE: 19.0766, val_RMSE: 29.2854, val_MAPE: 13.4149]
2026-01-28 22:33:38,240 - easytorch-training - INFO - Evaluate best model on test data for horizon 1, Test MAE: 16.7727, Test RMSE: 26.9827, Test MAPE: 11.7915
2026-01-28 22:33:38,254 - easytorch-training - INFO - Evaluate best model on test data for horizon 2, Test MAE: 17.3388, Test RMSE: 27.9758, Test MAPE: 11.9803
2026-01-28 22:33:38,269 - easytorch-training - INFO - Evaluate best model on test data for horizon 3, Test MAE: 17.9079, Test RMSE: 28.8090, Test MAPE: 12.6770
2026-01-28 22:33:38,283 - easytorch-training - INFO - Evaluate best model on test data for horizon 4, Test MAE: 18.3592, Test RMSE: 29.4710, Test MAPE: 12.7236
2026-01-28 22:33:38,297 - easytorch-training - INFO - Evaluate best model on test data for horizon 5, Test MAE: 18.7087, Test RMSE: 29.9557, Test MAPE: 13.3403
2026-01-28 22:33:38,308 - easytorch-training - INFO - Evaluate best model on test data for horizon 6, Test MAE: 18.9993, Test RMSE: 30.4048, Test MAPE: 13.4106
2026-01-28 22:33:38,316 - easytorch-training - INFO - Evaluate best model on test data for horizon 7, Test MAE: 19.3209, Test RMSE: 30.8509, Test MAPE: 13.2588
2026-01-28 22:33:38,325 - easytorch-training - INFO - Evaluate best model on test data for horizon 8, Test MAE: 19.6441, Test RMSE: 31.2830, Test MAPE: 13.4506
2026-01-28 22:33:38,333 - easytorch-training - INFO - Evaluate best model on test data for horizon 9, Test MAE: 19.9419, Test RMSE: 31.6998, Test MAPE: 13.6866
2026-01-28 22:33:38,343 - easytorch-training - INFO - Evaluate best model on test data for horizon 10, Test MAE: 20.1680, Test RMSE: 32.0238, Test MAPE: 13.8237
2026-01-28 22:33:38,357 - easytorch-training - INFO - Evaluate best model on test data for horizon 11, Test MAE: 20.3512, Test RMSE: 32.3227, Test MAPE: 14.0644
2026-01-28 22:33:38,372 - easytorch-training - INFO - Evaluate best model on test data for horizon 12, Test MAE: 20.6929, Test RMSE: 32.7424, Test MAPE: 14.5239
2026-01-28 22:33:38,391 - easytorch-training - INFO - Result <test>: [test_time: 21.47 (s), test_MAE: 19.0172, test_RMSE: 30.4257, test_MAPE: 13.2276]
2026-01-28 22:33:38,781 - easytorch-training - INFO - Checkpoint checkpoints/STMAFNet_300/976492592f92c661f4c4ea004499e56d/STMAFNet_020.pt saved
2026-01-28 22:33:38,834 - easytorch-training - INFO - The estimated training finish time is 2026-01-29 16:02:33
2026-01-28 22:33:38,834 - easytorch-training - INFO - Epoch 21 / 300
2026-01-28 22:36:39,118 - easytorch-training - INFO - Result <train>: [train_time: 180.28 (s), lr: 5.00e-04, train_MAE: 18.4951, train_RMSE: 29.7489, train_MAPE: 14.2635]
2026-01-28 22:36:39,120 - easytorch-training - INFO - Start validation.
2026-01-28 22:37:01,326 - easytorch-training - INFO - Result <val>: [val_time: 22.21 (s), val_MAE: 18.7314, val_RMSE: 29.0264, val_MAPE: 13.0670]
2026-01-28 22:37:02,146 - easytorch-training - INFO - Checkpoint checkpoints/STMAFNet_300/976492592f92c661f4c4ea004499e56d/STMAFNet_best_val_MAE.pt saved
2026-01-28 22:37:23,766 - easytorch-training - INFO - Evaluate best model on test data for horizon 1, Test MAE: 16.8960, Test RMSE: 27.0867, Test MAPE: 11.6780
2026-01-28 22:37:23,780 - easytorch-training - INFO - Evaluate best model on test data for horizon 2, Test MAE: 17.2858, Test RMSE: 27.9349, Test MAPE: 11.8520
2026-01-28 22:37:23,791 - easytorch-training - INFO - Evaluate best model on test data for horizon 3, Test MAE: 17.7183, Test RMSE: 28.6426, Test MAPE: 12.4231
2026-01-28 22:37:23,800 - easytorch-training - INFO - Evaluate best model on test data for horizon 4, Test MAE: 18.0564, Test RMSE: 29.2214, Test MAPE: 12.4964
2026-01-28 22:37:23,815 - easytorch-training - INFO - Evaluate best model on test data for horizon 5, Test MAE: 18.3394, Test RMSE: 29.6648, Test MAPE: 12.5872
2026-01-28 22:37:23,829 - easytorch-training - INFO - Evaluate best model on test data for horizon 6, Test MAE: 18.6107, Test RMSE: 30.0671, Test MAPE: 12.8349
2026-01-28 22:37:23,843 - easytorch-training - INFO - Evaluate best model on test data for horizon 7, Test MAE: 18.8433, Test RMSE: 30.4721, Test MAPE: 13.0274
2026-01-28 22:37:23,857 - easytorch-training - INFO - Evaluate best model on test data for horizon 8, Test MAE: 19.1164, Test RMSE: 30.8400, Test MAPE: 13.3007
2026-01-28 22:37:23,871 - easytorch-training - INFO - Evaluate best model on test data for horizon 9, Test MAE: 19.3898, Test RMSE: 31.2898, Test MAPE: 13.5702
2026-01-28 22:37:23,886 - easytorch-training - INFO - Evaluate best model on test data for horizon 10, Test MAE: 19.7074, Test RMSE: 31.7744, Test MAPE: 13.6619
2026-01-28 22:37:23,900 - easytorch-training - INFO - Evaluate best model on test data for horizon 11, Test MAE: 19.9825, Test RMSE: 32.1247, Test MAPE: 14.0240
2026-01-28 22:37:23,908 - easytorch-training - INFO - Evaluate best model on test data for horizon 12, Test MAE: 20.3207, Test RMSE: 32.6035, Test MAPE: 14.4276
2026-01-28 22:37:23,921 - easytorch-training - INFO - Result <test>: [test_time: 21.77 (s), test_MAE: 18.6889, test_RMSE: 30.1879, test_MAPE: 12.9903]
2026-01-28 22:37:24,290 - easytorch-training - INFO - Checkpoint checkpoints/STMAFNet_300/976492592f92c661f4c4ea004499e56d/STMAFNet_021.pt saved
2026-01-28 22:37:24,290 - easytorch-training - INFO - The estimated training finish time is 2026-01-29 16:02:43
2026-01-28 22:37:24,290 - easytorch-training - INFO - Epoch 22 / 300
2026-01-28 22:40:24,107 - easytorch-training - INFO - Result <train>: [train_time: 179.82 (s), lr: 5.00e-04, train_MAE: 18.4279, train_RMSE: 29.6551, train_MAPE: 14.1822]
2026-01-28 22:40:24,108 - easytorch-training - INFO - Start validation.
2026-01-28 22:40:46,604 - easytorch-training - INFO - Result <val>: [val_time: 22.50 (s), val_MAE: 18.7800, val_RMSE: 28.8631, val_MAPE: 14.1105]
2026-01-28 22:41:08,562 - easytorch-training - INFO - Evaluate best model on test data for horizon 1, Test MAE: 16.7616, Test RMSE: 26.9290, Test MAPE: 12.0525
2026-01-28 22:41:08,576 - easytorch-training - INFO - Evaluate best model on test data for horizon 2, Test MAE: 17.3618, Test RMSE: 27.9114, Test MAPE: 12.7988
2026-01-28 22:41:08,584 - easytorch-training - INFO - Evaluate best model on test data for horizon 3, Test MAE: 17.8058, Test RMSE: 28.6373, Test MAPE: 13.0355
2026-01-28 22:41:08,591 - easytorch-training - INFO - Evaluate best model on test data for horizon 4, Test MAE: 18.1733, Test RMSE: 29.1825, Test MAPE: 13.5549
2026-01-28 22:41:08,606 - easytorch-training - INFO - Evaluate best model on test data for horizon 5, Test MAE: 18.3928, Test RMSE: 29.6158, Test MAPE: 13.2412
2026-01-28 22:41:08,614 - easytorch-training - INFO - Evaluate best model on test data for horizon 6, Test MAE: 18.6431, Test RMSE: 30.0192, Test MAPE: 13.1187
2026-01-28 22:41:08,626 - easytorch-training - INFO - Evaluate best model on test data for horizon 7, Test MAE: 19.0480, Test RMSE: 30.4414, Test MAPE: 14.3448
2026-01-28 22:41:08,640 - easytorch-training - INFO - Evaluate best model on test data for horizon 8, Test MAE: 19.2917, Test RMSE: 30.8016, Test MAPE: 14.4798
2026-01-28 22:41:08,655 - easytorch-training - INFO - Evaluate best model on test data for horizon 9, Test MAE: 19.5173, Test RMSE: 31.1290, Test MAPE: 14.8132
2026-01-28 22:41:08,669 - easytorch-training - INFO - Evaluate best model on test data for horizon 10, Test MAE: 19.7387, Test RMSE: 31.4316, Test MAPE: 14.8530
2026-01-28 22:41:08,683 - easytorch-training - INFO - Evaluate best model on test data for horizon 11, Test MAE: 20.0077, Test RMSE: 31.7503, Test MAPE: 15.2938
2026-01-28 22:41:08,697 - easytorch-training - INFO - Evaluate best model on test data for horizon 12, Test MAE: 20.3586, Test RMSE: 32.1850, Test MAPE: 15.7474
2026-01-28 22:41:08,717 - easytorch-training - INFO - Result <test>: [test_time: 22.11 (s), test_MAE: 18.7584, test_RMSE: 30.0424, test_MAPE: 13.9445]
2026-01-28 22:41:09,096 - easytorch-training - INFO - Checkpoint checkpoints/STMAFNet_300/976492592f92c661f4c4ea004499e56d/STMAFNet_022.pt saved
2026-01-28 22:41:09,096 - easytorch-training - INFO - The estimated training finish time is 2026-01-29 16:02:43
2026-01-28 22:41:09,097 - easytorch-training - INFO - Epoch 23 / 300
2026-01-28 22:44:08,986 - easytorch-training - INFO - Result <train>: [train_time: 179.89 (s), lr: 5.00e-04, train_MAE: 18.3816, train_RMSE: 29.6137, train_MAPE: 14.1230]
2026-01-28 22:44:08,987 - easytorch-training - INFO - Start validation.
2026-01-28 22:44:31,798 - easytorch-training - INFO - Result <val>: [val_time: 22.81 (s), val_MAE: 18.9247, val_RMSE: 29.0415, val_MAPE: 13.9812]
2026-01-28 22:44:53,727 - easytorch-training - INFO - Evaluate best model on test data for horizon 1, Test MAE: 17.1435, Test RMSE: 27.2152, Test MAPE: 13.3853
2026-01-28 22:44:53,741 - easytorch-training - INFO - Evaluate best model on test data for horizon 2, Test MAE: 17.4781, Test RMSE: 28.0277, Test MAPE: 13.0498
2026-01-28 22:44:53,755 - easytorch-training - INFO - Evaluate best model on test data for horizon 3, Test MAE: 17.8632, Test RMSE: 28.7372, Test MAPE: 12.7829
2026-01-28 22:44:53,769 - easytorch-training - INFO - Evaluate best model on test data for horizon 4, Test MAE: 18.2839, Test RMSE: 29.3109, Test MAPE: 13.4535
2026-01-28 22:44:53,783 - easytorch-training - INFO - Evaluate best model on test data for horizon 5, Test MAE: 18.6056, Test RMSE: 29.7942, Test MAPE: 13.6064
2026-01-28 22:44:53,797 - easytorch-training - INFO - Evaluate best model on test data for horizon 6, Test MAE: 18.8221, Test RMSE: 30.1407, Test MAPE: 13.7899
2026-01-28 22:44:53,812 - easytorch-training - INFO - Evaluate best model on test data for horizon 7, Test MAE: 19.1141, Test RMSE: 30.5616, Test MAPE: 14.0961
2026-01-28 22:44:53,826 - easytorch-training - INFO - Evaluate best model on test data for horizon 8, Test MAE: 19.3859, Test RMSE: 30.9396, Test MAPE: 14.3330
2026-01-28 22:44:53,840 - easytorch-training - INFO - Evaluate best model on test data for horizon 9, Test MAE: 19.5302, Test RMSE: 31.2355, Test MAPE: 13.8633
2026-01-28 22:44:53,854 - easytorch-training - INFO - Evaluate best model on test data for horizon 10, Test MAE: 19.7998, Test RMSE: 31.5565, Test MAPE: 14.1675
2026-01-28 22:44:53,868 - easytorch-training - INFO - Evaluate best model on test data for horizon 11, Test MAE: 20.1876, Test RMSE: 31.9794, Test MAPE: 14.8906
2026-01-28 22:44:53,882 - easytorch-training - INFO - Evaluate best model on test data for horizon 12, Test MAE: 20.4208, Test RMSE: 32.3450, Test MAPE: 14.9724
2026-01-28 22:44:53,902 - easytorch-training - INFO - Result <test>: [test_time: 22.10 (s), test_MAE: 18.8863, test_RMSE: 30.1924, test_MAPE: 13.8659]
2026-01-28 22:44:54,270 - easytorch-training - INFO - Checkpoint checkpoints/STMAFNet_300/976492592f92c661f4c4ea004499e56d/STMAFNet_023.pt saved
2026-01-28 22:44:54,271 - easytorch-training - INFO - The estimated training finish time is 2026-01-29 16:02:48
2026-01-28 22:44:54,271 - easytorch-training - INFO - Epoch 24 / 300
2026-01-28 22:47:53,769 - easytorch-training - INFO - Result <train>: [train_time: 179.50 (s), lr: 5.00e-04, train_MAE: 18.2901, train_RMSE: 29.4835, train_MAPE: 14.0272]
2026-01-28 22:47:53,770 - easytorch-training - INFO - Start validation.
2026-01-28 22:48:16,615 - easytorch-training - INFO - Result <val>: [val_time: 22.84 (s), val_MAE: 18.6322, val_RMSE: 28.8368, val_MAPE: 12.8558]
2026-01-28 22:48:17,173 - easytorch-training - INFO - Checkpoint checkpoints/STMAFNet_300/976492592f92c661f4c4ea004499e56d/STMAFNet_best_val_MAE.pt saved
2026-01-28 22:48:39,159 - easytorch-training - INFO - Evaluate best model on test data for horizon 1, Test MAE: 16.6510, Test RMSE: 26.8951, Test MAPE: 11.1784
2026-01-28 22:48:39,170 - easytorch-training - INFO - Evaluate best model on test data for horizon 2, Test MAE: 17.1787, Test RMSE: 27.8346, Test MAPE: 11.6896
2026-01-28 22:48:39,173 - easytorch-training - INFO - Evaluate best model on test data for horizon 3, Test MAE: 17.6675, Test RMSE: 28.6068, Test MAPE: 12.0515
2026-01-28 22:48:39,174 - easytorch-training - INFO - Evaluate best model on test data for horizon 4, Test MAE: 18.0771, Test RMSE: 29.1844, Test MAPE: 12.3795
2026-01-28 22:48:39,175 - easytorch-training - INFO - Evaluate best model on test data for horizon 5, Test MAE: 18.3445, Test RMSE: 29.6639, Test MAPE: 12.4891
2026-01-28 22:48:39,177 - easytorch-training - INFO - Evaluate best model on test data for horizon 6, Test MAE: 18.6267, Test RMSE: 30.1213, Test MAPE: 12.7116
2026-01-28 22:48:39,178 - easytorch-training - INFO - Evaluate best model on test data for horizon 7, Test MAE: 18.8641, Test RMSE: 30.4492, Test MAPE: 12.9210
2026-01-28 22:48:39,188 - easytorch-training - INFO - Evaluate best model on test data for horizon 8, Test MAE: 19.0422, Test RMSE: 30.7114, Test MAPE: 13.0384
2026-01-28 22:48:39,203 - easytorch-training - INFO - Evaluate best model on test data for horizon 9, Test MAE: 19.2663, Test RMSE: 31.0451, Test MAPE: 13.3655
2026-01-28 22:48:39,217 - easytorch-training - INFO - Evaluate best model on test data for horizon 10, Test MAE: 19.5789, Test RMSE: 31.4045, Test MAPE: 13.4418
2026-01-28 22:48:39,231 - easytorch-training - INFO - Evaluate best model on test data for horizon 11, Test MAE: 19.8116, Test RMSE: 31.7010, Test MAPE: 13.6553
2026-01-28 22:48:39,245 - easytorch-training - INFO - Evaluate best model on test data for horizon 12, Test MAE: 20.1017, Test RMSE: 32.1047, Test MAPE: 13.8947
2026-01-28 22:48:39,265 - easytorch-training - INFO - Result <test>: [test_time: 22.09 (s), test_MAE: 18.6009, test_RMSE: 30.0160, test_MAPE: 12.7347]
2026-01-28 22:48:39,632 - easytorch-training - INFO - Checkpoint checkpoints/STMAFNet_300/976492592f92c661f4c4ea004499e56d/STMAFNet_024.pt saved
2026-01-28 22:48:39,633 - easytorch-training - INFO - The estimated training finish time is 2026-01-29 16:02:55
2026-01-28 22:48:39,633 - easytorch-training - INFO - Epoch 25 / 300
2026-01-28 22:51:39,581 - easytorch-training - INFO - Result <train>: [train_time: 179.95 (s), lr: 5.00e-04, train_MAE: 18.2212, train_RMSE: 29.3951, train_MAPE: 13.9683]
2026-01-28 22:51:39,582 - easytorch-training - INFO - Start validation.
2026-01-28 22:52:02,370 - easytorch-training - INFO - Result <val>: [val_time: 22.79 (s), val_MAE: 18.8015, val_RMSE: 28.9318, val_MAPE: 12.6883]
2026-01-28 22:52:24,305 - easytorch-training - INFO - Evaluate best model on test data for horizon 1, Test MAE: 16.6657, Test RMSE: 26.8872, Test MAPE: 11.1353
2026-01-28 22:52:24,319 - easytorch-training - INFO - Evaluate best model on test data for horizon 2, Test MAE: 17.2579, Test RMSE: 27.8858, Test MAPE: 11.7207
2026-01-28 22:52:24,333 - easytorch-training - INFO - Evaluate best model on test data for horizon 3, Test MAE: 17.7212, Test RMSE: 28.6310, Test MAPE: 12.0917
2026-01-28 22:52:24,347 - easytorch-training - INFO - Evaluate best model on test data for horizon 4, Test MAE: 18.1842, Test RMSE: 29.2866, Test MAPE: 12.1057
2026-01-28 22:52:24,362 - easytorch-training - INFO - Evaluate best model on test data for horizon 5, Test MAE: 18.4843, Test RMSE: 29.7492, Test MAPE: 12.2738
2026-01-28 22:52:24,376 - easytorch-training - INFO - Evaluate best model on test data for horizon 6, Test MAE: 18.7226, Test RMSE: 30.1109, Test MAPE: 12.5088
2026-01-28 22:52:24,390 - easytorch-training - INFO - Evaluate best model on test data for horizon 7, Test MAE: 19.0368, Test RMSE: 30.5259, Test MAPE: 12.6957
2026-01-28 22:52:24,398 - easytorch-training - INFO - Evaluate best model on test data for horizon 8, Test MAE: 19.3941, Test RMSE: 30.9808, Test MAPE: 12.8693
2026-01-28 22:52:24,406 - easytorch-training - INFO - Evaluate best model on test data for horizon 9, Test MAE: 19.6155, Test RMSE: 31.2915, Test MAPE: 13.0400
2026-01-28 22:52:24,420 - easytorch-training - INFO - Evaluate best model on test data for horizon 10, Test MAE: 19.7724, Test RMSE: 31.5605, Test MAPE: 13.2202
2026-01-28 22:52:24,434 - easytorch-training - INFO - Evaluate best model on test data for horizon 11, Test MAE: 19.9684, Test RMSE: 31.8239, Test MAPE: 13.4149
2026-01-28 22:52:24,449 - easytorch-training - INFO - Evaluate best model on test data for horizon 12, Test MAE: 20.2706, Test RMSE: 32.1561, Test MAPE: 13.6594
2026-01-28 22:52:24,468 - easytorch-training - INFO - Result <test>: [test_time: 22.10 (s), test_MAE: 18.7578, test_RMSE: 30.1155, test_MAPE: 12.5613]
2026-01-28 22:52:24,833 - easytorch-training - INFO - Checkpoint checkpoints/STMAFNet_300/976492592f92c661f4c4ea004499e56d/STMAFNet_025.pt saved
2026-01-28 22:52:24,833 - easytorch-training - INFO - The estimated training finish time is 2026-01-29 16:02:59
2026-01-28 22:52:24,834 - easytorch-training - INFO - Epoch 26 / 300
2026-01-28 22:55:25,536 - easytorch-training - INFO - Result <train>: [train_time: 180.70 (s), lr: 5.00e-04, train_MAE: 18.1498, train_RMSE: 29.2896, train_MAPE: 13.9456]
2026-01-28 22:55:25,537 - easytorch-training - INFO - Start validation.
2026-01-28 22:55:47,979 - easytorch-training - INFO - Result <val>: [val_time: 22.44 (s), val_MAE: 18.6160, val_RMSE: 28.7676, val_MAPE: 12.5776]
2026-01-28 22:55:48,657 - easytorch-training - INFO - Checkpoint checkpoints/STMAFNet_300/976492592f92c661f4c4ea004499e56d/STMAFNet_best_val_MAE.pt saved
2026-01-28 22:56:10,289 - easytorch-training - INFO - Evaluate best model on test data for horizon 1, Test MAE: 16.6688, Test RMSE: 26.8452, Test MAPE: 11.2543
2026-01-28 22:56:10,303 - easytorch-training - INFO - Evaluate best model on test data for horizon 2, Test MAE: 17.2055, Test RMSE: 27.8162, Test MAPE: 11.5316
2026-01-28 22:56:10,317 - easytorch-training - INFO - Evaluate best model on test data for horizon 3, Test MAE: 17.6603, Test RMSE: 28.5530, Test MAPE: 11.9358
2026-01-28 22:56:10,332 - easytorch-training - INFO - Evaluate best model on test data for horizon 4, Test MAE: 17.9944, Test RMSE: 29.0939, Test MAPE: 12.1089
2026-01-28 22:56:10,344 - easytorch-training - INFO - Evaluate best model on test data for horizon 5, Test MAE: 18.3818, Test RMSE: 29.6178, Test MAPE: 12.2560
2026-01-28 22:56:10,352 - easytorch-training - INFO - Evaluate best model on test data for horizon 6, Test MAE: 18.6578, Test RMSE: 29.9795, Test MAPE: 12.5359
2026-01-28 22:56:10,360 - easytorch-training - INFO - Evaluate best model on test data for horizon 7, Test MAE: 18.8331, Test RMSE: 30.3214, Test MAPE: 12.6910
2026-01-28 22:56:10,375 - easytorch-training - INFO - Evaluate best model on test data for horizon 8, Test MAE: 19.1393, Test RMSE: 30.7091, Test MAPE: 12.9268
2026-01-28 22:56:10,389 - easytorch-training - INFO - Evaluate best model on test data for horizon 9, Test MAE: 19.2003, Test RMSE: 30.9488, Test MAPE: 12.9525
2026-01-28 22:56:10,403 - easytorch-training - INFO - Evaluate best model on test data for horizon 10, Test MAE: 19.3658, Test RMSE: 31.1818, Test MAPE: 13.1483
2026-01-28 22:56:10,417 - easytorch-training - INFO - Evaluate best model on test data for horizon 11, Test MAE: 19.6838, Test RMSE: 31.5583, Test MAPE: 13.3116
2026-01-28 22:56:10,431 - easytorch-training - INFO - Evaluate best model on test data for horizon 12, Test MAE: 19.9488, Test RMSE: 31.8930, Test MAPE: 13.5143
2026-01-28 22:56:10,449 - easytorch-training - INFO - Result <test>: [test_time: 21.78 (s), test_MAE: 18.5617, test_RMSE: 29.9135, test_MAPE: 12.5139]
2026-01-28 22:56:10,812 - easytorch-training - INFO - Checkpoint checkpoints/STMAFNet_300/976492592f92c661f4c4ea004499e56d/STMAFNet_026.pt saved
2026-01-28 22:56:10,813 - easytorch-training - INFO - The estimated training finish time is 2026-01-29 16:03:12
2026-01-28 22:56:10,813 - easytorch-training - INFO - Epoch 27 / 300
2026-01-28 22:59:12,185 - easytorch-training - INFO - Result <train>: [train_time: 181.37 (s), lr: 5.00e-04, train_MAE: 18.1023, train_RMSE: 29.2258, train_MAPE: 13.9534]
2026-01-28 22:59:12,187 - easytorch-training - INFO - Start validation.
2026-01-28 22:59:34,373 - easytorch-training - INFO - Result <val>: [val_time: 22.19 (s), val_MAE: 18.7705, val_RMSE: 28.7264, val_MAPE: 15.2648]
2026-01-28 22:59:55,782 - easytorch-training - INFO - Evaluate best model on test data for horizon 1, Test MAE: 17.1306, Test RMSE: 26.9810, Test MAPE: 14.3247
2026-01-28 22:59:55,796 - easytorch-training - INFO - Evaluate best model on test data for horizon 2, Test MAE: 17.6837, Test RMSE: 27.9373, Test MAPE: 15.0248
2026-01-28 22:59:55,805 - easytorch-training - INFO - Evaluate best model on test data for horizon 3, Test MAE: 18.0165, Test RMSE: 28.6356, Test MAPE: 14.6163
2026-01-28 22:59:55,813 - easytorch-training - INFO - Evaluate best model on test data for horizon 4, Test MAE: 18.3288, Test RMSE: 29.1632, Test MAPE: 14.8532
2026-01-28 22:59:55,827 - easytorch-training - INFO - Evaluate best model on test data for horizon 5, Test MAE: 18.5462, Test RMSE: 29.6037, Test MAPE: 14.6117
2026-01-28 22:59:55,838 - easytorch-training - INFO - Evaluate best model on test data for horizon 6, Test MAE: 18.8681, Test RMSE: 29.9856, Test MAPE: 15.1850
2026-01-28 22:59:55,846 - easytorch-training - INFO - Evaluate best model on test data for horizon 7, Test MAE: 19.0205, Test RMSE: 30.3135, Test MAPE: 15.0798
2026-01-28 22:59:55,854 - easytorch-training - INFO - Evaluate best model on test data for horizon 8, Test MAE: 19.1853, Test RMSE: 30.6379, Test MAPE: 14.9164
2026-01-28 22:59:55,868 - easytorch-training - INFO - Evaluate best model on test data for horizon 9, Test MAE: 19.4455, Test RMSE: 30.9454, Test MAPE: 15.5739
2026-01-28 22:59:55,883 - easytorch-training - INFO - Evaluate best model on test data for horizon 10, Test MAE: 19.5918, Test RMSE: 31.2298, Test MAPE: 15.3420
2026-01-28 22:59:55,897 - easytorch-training - INFO - Evaluate best model on test data for horizon 11, Test MAE: 19.8012, Test RMSE: 31.5417, Test MAPE: 15.2471
2026-01-28 22:59:55,911 - easytorch-training - INFO - Evaluate best model on test data for horizon 12, Test MAE: 19.9910, Test RMSE: 31.8671, Test MAPE: 15.3088
2026-01-28 22:59:55,931 - easytorch-training - INFO - Result <test>: [test_time: 21.56 (s), test_MAE: 18.8008, test_RMSE: 29.9380, test_MAPE: 15.0070]
2026-01-28 22:59:56,302 - easytorch-training - INFO - Checkpoint checkpoints/STMAFNet_300/976492592f92c661f4c4ea004499e56d/STMAFNet_027.pt saved
2026-01-28 22:59:56,303 - easytorch-training - INFO - The estimated training finish time is 2026-01-29 16:03:19
2026-01-28 22:59:56,303 - easytorch-training - INFO - Epoch 28 / 300
2026-01-28 23:02:57,516 - easytorch-training - INFO - Result <train>: [train_time: 181.21 (s), lr: 5.00e-04, train_MAE: 18.0320, train_RMSE: 29.1344, train_MAPE: 13.8850]
2026-01-28 23:02:57,518 - easytorch-training - INFO - Start validation.
2026-01-28 23:03:20,102 - easytorch-training - INFO - Result <val>: [val_time: 22.58 (s), val_MAE: 18.4412, val_RMSE: 28.6297, val_MAPE: 12.6854]
2026-01-28 23:03:20,705 - easytorch-training - INFO - Checkpoint checkpoints/STMAFNet_300/976492592f92c661f4c4ea004499e56d/STMAFNet_best_val_MAE.pt saved
2026-01-28 23:03:41,340 - easytorch-training - INFO - Evaluate best model on test data for horizon 1, Test MAE: 16.5751, Test RMSE: 26.7865, Test MAPE: 11.1502
2026-01-28 23:03:41,348 - easytorch-training - INFO - Evaluate best model on test data for horizon 2, Test MAE: 17.1569, Test RMSE: 27.7780, Test MAPE: 11.6072
2026-01-28 23:03:41,362 - easytorch-training - INFO - Evaluate best model on test data for horizon 3, Test MAE: 17.5853, Test RMSE: 28.4643, Test MAPE: 11.9759
2026-01-28 23:03:41,376 - easytorch-training - INFO - Evaluate best model on test data for horizon 4, Test MAE: 17.8827, Test RMSE: 28.9915, Test MAPE: 12.1798
2026-01-28 23:03:41,390 - easytorch-training - INFO - Evaluate best model on test data for horizon 5, Test MAE: 18.1621, Test RMSE: 29.4421, Test MAPE: 12.3724
2026-01-28 23:03:41,404 - easytorch-training - INFO - Evaluate best model on test data for horizon 6, Test MAE: 18.4122, Test RMSE: 29.8205, Test MAPE: 12.6029
2026-01-28 23:03:41,416 - easytorch-training - INFO - Evaluate best model on test data for horizon 7, Test MAE: 18.6799, Test RMSE: 30.2073, Test MAPE: 12.7051
2026-01-28 23:03:41,424 - easytorch-training - INFO - Evaluate best model on test data for horizon 8, Test MAE: 18.9217, Test RMSE: 30.5345, Test MAPE: 12.9052
2026-01-28 23:03:41,432 - easytorch-training - INFO - Evaluate best model on test data for horizon 9, Test MAE: 19.1821, Test RMSE: 30.8564, Test MAPE: 13.2726
2026-01-28 23:03:41,446 - easytorch-training - INFO - Evaluate best model on test data for horizon 10, Test MAE: 19.3804, Test RMSE: 31.1536, Test MAPE: 13.4899
2026-01-28 23:03:41,457 - easytorch-training - INFO - Evaluate best model on test data for horizon 11, Test MAE: 19.5954, Test RMSE: 31.4607, Test MAPE: 13.5498
2026-01-28 23:03:41,465 - easytorch-training - INFO - Evaluate best model on test data for horizon 12, Test MAE: 19.8007, Test RMSE: 31.7973, Test MAPE: 13.6866
2026-01-28 23:03:41,483 - easytorch-training - INFO - Result <test>: [test_time: 20.78 (s), test_MAE: 18.4446, test_RMSE: 29.8110, test_MAPE: 12.6248]
2026-01-28 23:03:41,861 - easytorch-training - INFO - Checkpoint checkpoints/STMAFNet_300/976492592f92c661f4c4ea004499e56d/STMAFNet_028.pt saved
2026-01-28 23:03:41,862 - easytorch-training - INFO - The estimated training finish time is 2026-01-29 16:03:26
2026-01-28 23:03:41,862 - easytorch-training - INFO - Epoch 29 / 300
2026-01-28 23:06:42,649 - easytorch-training - INFO - Result <train>: [train_time: 180.79 (s), lr: 5.00e-04, train_MAE: 18.0207, train_RMSE: 29.1336, train_MAPE: 13.7851]
2026-01-28 23:06:42,650 - easytorch-training - INFO - Start validation.
2026-01-28 23:07:04,810 - easytorch-training - INFO - Result <val>: [val_time: 22.16 (s), val_MAE: 18.5701, val_RMSE: 28.8008, val_MAPE: 12.7860]
2026-01-28 23:07:26,285 - easytorch-training - INFO - Evaluate best model on test data for horizon 1, Test MAE: 16.6466, Test RMSE: 26.8617, Test MAPE: 11.2171
2026-01-28 23:07:26,300 - easytorch-training - INFO - Evaluate best model on test data for horizon 2, Test MAE: 17.1985, Test RMSE: 27.8559, Test MAPE: 11.5992
2026-01-28 23:07:26,314 - easytorch-training - INFO - Evaluate best model on test data for horizon 3, Test MAE: 17.6584, Test RMSE: 28.5668, Test MAPE: 12.0540
2026-01-28 23:07:26,328 - easytorch-training - INFO - Evaluate best model on test data for horizon 4, Test MAE: 17.9572, Test RMSE: 29.0943, Test MAPE: 12.1247
2026-01-28 23:07:26,338 - easytorch-training - INFO - Evaluate best model on test data for horizon 5, Test MAE: 18.2697, Test RMSE: 29.5821, Test MAPE: 12.3825
2026-01-28 23:07:26,348 - easytorch-training - INFO - Evaluate best model on test data for horizon 6, Test MAE: 18.4569, Test RMSE: 29.9165, Test MAPE: 12.7225
2026-01-28 23:07:26,363 - easytorch-training - INFO - Evaluate best model on test data for horizon 7, Test MAE: 18.7528, Test RMSE: 30.3380, Test MAPE: 12.8178
2026-01-28 23:07:26,377 - easytorch-training - INFO - Evaluate best model on test data for horizon 8, Test MAE: 19.0393, Test RMSE: 30.7307, Test MAPE: 13.1558
2026-01-28 23:07:26,385 - easytorch-training - INFO - Evaluate best model on test data for horizon 9, Test MAE: 19.2922, Test RMSE: 31.1352, Test MAPE: 13.3559
2026-01-28 23:07:26,397 - easytorch-training - INFO - Evaluate best model on test data for horizon 10, Test MAE: 19.4850, Test RMSE: 31.3854, Test MAPE: 13.6161
2026-01-28 23:07:26,412 - easytorch-training - INFO - Evaluate best model on test data for horizon 11, Test MAE: 19.7734, Test RMSE: 31.7545, Test MAPE: 13.8079
2026-01-28 23:07:26,426 - easytorch-training - INFO - Evaluate best model on test data for horizon 12, Test MAE: 20.0911, Test RMSE: 32.1694, Test MAPE: 13.9728
2026-01-28 23:07:26,445 - easytorch-training - INFO - Result <test>: [test_time: 21.63 (s), test_MAE: 18.5518, test_RMSE: 29.9897, test_MAPE: 12.7355]
2026-01-28 23:07:27,001 - easytorch-training - INFO - Checkpoint checkpoints/STMAFNet_300/976492592f92c661f4c4ea004499e56d/STMAFNet_029.pt saved
2026-01-28 23:07:27,002 - easytorch-training - INFO - The estimated training finish time is 2026-01-29 16:03:28
2026-01-28 23:07:27,002 - easytorch-training - INFO - Epoch 30 / 300
2026-01-28 23:10:27,399 - easytorch-training - INFO - Result <train>: [train_time: 180.40 (s), lr: 5.00e-04, train_MAE: 17.9800, train_RMSE: 29.0683, train_MAPE: 13.7946]
2026-01-28 23:10:27,400 - easytorch-training - INFO - Start validation.
2026-01-28 23:10:49,795 - easytorch-training - INFO - Result <val>: [val_time: 22.40 (s), val_MAE: 18.4655, val_RMSE: 28.6635, val_MAPE: 13.1679]
2026-01-28 23:11:11,689 - easytorch-training - INFO - Evaluate best model on test data for horizon 1, Test MAE: 16.6149, Test RMSE: 26.7927, Test MAPE: 12.0519
2026-01-28 23:11:11,703 - easytorch-training - INFO - Evaluate best model on test data for horizon 2, Test MAE: 17.1727, Test RMSE: 27.7479, Test MAPE: 12.8879
2026-01-28 23:11:11,718 - easytorch-training - INFO - Evaluate best model on test data for horizon 3, Test MAE: 17.5746, Test RMSE: 28.4916, Test MAPE: 12.3283
2026-01-28 23:11:11,732 - easytorch-training - INFO - Evaluate best model on test data for horizon 4, Test MAE: 17.9355, Test RMSE: 29.0635, Test MAPE: 12.3669
2026-01-28 23:11:11,746 - easytorch-training - INFO - Evaluate best model on test data for horizon 5, Test MAE: 18.2306, Test RMSE: 29.5214, Test MAPE: 13.3525
2026-01-28 23:11:11,754 - easytorch-training - INFO - Evaluate best model on test data for horizon 6, Test MAE: 18.5169, Test RMSE: 29.9529, Test MAPE: 13.2750
2026-01-28 23:11:11,758 - easytorch-training - INFO - Evaluate best model on test data for horizon 7, Test MAE: 18.7386, Test RMSE: 30.3071, Test MAPE: 13.3309
2026-01-28 23:11:11,760 - easytorch-training - INFO - Evaluate best model on test data for horizon 8, Test MAE: 18.9369, Test RMSE: 30.6344, Test MAPE: 13.4433
2026-01-28 23:11:11,772 - easytorch-training - INFO - Evaluate best model on test data for horizon 9, Test MAE: 19.1753, Test RMSE: 31.0020, Test MAPE: 13.1740
2026-01-28 23:11:11,786 - easytorch-training - INFO - Evaluate best model on test data for horizon 10, Test MAE: 19.3544, Test RMSE: 31.2601, Test MAPE: 13.3393
2026-01-28 23:11:11,800 - easytorch-training - INFO - Evaluate best model on test data for horizon 11, Test MAE: 19.5138, Test RMSE: 31.5116, Test MAPE: 13.4330
2026-01-28 23:11:11,814 - easytorch-training - INFO - Evaluate best model on test data for horizon 12, Test MAE: 19.7728, Test RMSE: 31.8730, Test MAPE: 13.8164
2026-01-28 23:11:11,834 - easytorch-training - INFO - Result <test>: [test_time: 22.04 (s), test_MAE: 18.4615, test_RMSE: 29.8847, test_MAPE: 13.0666]
2026-01-28 23:11:12,247 - easytorch-training - INFO - Checkpoint checkpoints/STMAFNet_300/976492592f92c661f4c4ea004499e56d/STMAFNet_030.pt saved
2026-01-28 23:11:12,281 - easytorch-training - INFO - The estimated training finish time is 2026-01-29 16:03:31
2026-01-28 23:11:12,281 - easytorch-training - INFO - Epoch 31 / 300
2026-01-28 23:14:12,202 - easytorch-training - INFO - Result <train>: [train_time: 179.92 (s), lr: 5.00e-04, train_MAE: 17.9333, train_RMSE: 29.0101, train_MAPE: 13.7491]
2026-01-28 23:14:12,203 - easytorch-training - INFO - Start validation.
2026-01-28 23:14:34,981 - easytorch-training - INFO - Result <val>: [val_time: 22.78 (s), val_MAE: 18.5487, val_RMSE: 28.7030, val_MAPE: 12.6762]
2026-01-28 23:14:56,884 - easytorch-training - INFO - Evaluate best model on test data for horizon 1, Test MAE: 16.8009, Test RMSE: 26.9224, Test MAPE: 11.2337
2026-01-28 23:14:56,897 - easytorch-training - INFO - Evaluate best model on test data for horizon 2, Test MAE: 17.3004, Test RMSE: 27.8339, Test MAPE: 11.8498
2026-01-28 23:14:56,905 - easytorch-training - INFO - Evaluate best model on test data for horizon 3, Test MAE: 17.8117, Test RMSE: 28.5782, Test MAPE: 12.4443
2026-01-28 23:14:56,915 - easytorch-training - INFO - Evaluate best model on test data for horizon 4, Test MAE: 18.0026, Test RMSE: 29.0847, Test MAPE: 12.1209
2026-01-28 23:14:56,929 - easytorch-training - INFO - Evaluate best model on test data for horizon 5, Test MAE: 18.2879, Test RMSE: 29.5573, Test MAPE: 12.4248
2026-01-28 23:14:56,943 - easytorch-training - INFO - Evaluate best model on test data for horizon 6, Test MAE: 18.5120, Test RMSE: 29.8893, Test MAPE: 12.5037
2026-01-28 23:14:56,958 - easytorch-training - INFO - Evaluate best model on test data for horizon 7, Test MAE: 18.7002, Test RMSE: 30.2051, Test MAPE: 12.7273
2026-01-28 23:14:56,972 - easytorch-training - INFO - Evaluate best model on test data for horizon 8, Test MAE: 18.9532, Test RMSE: 30.5469, Test MAPE: 12.8902
2026-01-28 23:14:56,986 - easytorch-training - INFO - Evaluate best model on test data for horizon 9, Test MAE: 19.1100, Test RMSE: 30.8508, Test MAPE: 12.9987
2026-01-28 23:14:56,995 - easytorch-training - INFO - Evaluate best model on test data for horizon 10, Test MAE: 19.3789, Test RMSE: 31.1728, Test MAPE: 13.2162
2026-01-28 23:14:57,003 - easytorch-training - INFO - Evaluate best model on test data for horizon 11, Test MAE: 19.6434, Test RMSE: 31.5270, Test MAPE: 13.4337
2026-01-28 23:14:57,017 - easytorch-training - INFO - Evaluate best model on test data for horizon 12, Test MAE: 19.9123, Test RMSE: 31.8879, Test MAPE: 13.5925
2026-01-28 23:14:57,036 - easytorch-training - INFO - Result <test>: [test_time: 22.05 (s), test_MAE: 18.5345, test_RMSE: 29.8733, test_MAPE: 12.6197]
2026-01-28 23:14:57,413 - easytorch-training - INFO - Checkpoint checkpoints/STMAFNet_300/976492592f92c661f4c4ea004499e56d/STMAFNet_031.pt saved
2026-01-28 23:14:57,414 - easytorch-training - INFO - The estimated training finish time is 2026-01-29 16:03:33
2026-01-28 23:14:57,414 - easytorch-training - INFO - Epoch 32 / 300
2026-01-28 23:17:57,139 - easytorch-training - INFO - Result <train>: [train_time: 179.72 (s), lr: 5.00e-04, train_MAE: 17.9134, train_RMSE: 28.9713, train_MAPE: 13.7442]
2026-01-28 23:17:57,140 - easytorch-training - INFO - Start validation.
2026-01-28 23:18:19,884 - easytorch-training - INFO - Result <val>: [val_time: 22.74 (s), val_MAE: 18.3476, val_RMSE: 28.7362, val_MAPE: 12.7344]
2026-01-28 23:18:20,508 - easytorch-training - INFO - Checkpoint checkpoints/STMAFNet_300/976492592f92c661f4c4ea004499e56d/STMAFNet_best_val_MAE.pt saved
2026-01-28 23:18:42,393 - easytorch-training - INFO - Evaluate best model on test data for horizon 1, Test MAE: 16.5476, Test RMSE: 26.7533, Test MAPE: 11.5609
2026-01-28 23:18:42,403 - easytorch-training - INFO - Evaluate best model on test data for horizon 2, Test MAE: 17.0471, Test RMSE: 27.7264, Test MAPE: 11.6967
2026-01-28 23:18:42,415 - easytorch-training - INFO - Evaluate best model on test data for horizon 3, Test MAE: 17.4843, Test RMSE: 28.4868, Test MAPE: 12.2382
2026-01-28 23:18:42,429 - easytorch-training - INFO - Evaluate best model on test data for horizon 4, Test MAE: 17.8093, Test RMSE: 29.0434, Test MAPE: 12.3174
2026-01-28 23:18:42,443 - easytorch-training - INFO - Evaluate best model on test data for horizon 5, Test MAE: 18.1632, Test RMSE: 29.6354, Test MAPE: 12.4277
2026-01-28 23:18:42,454 - easytorch-training - INFO - Evaluate best model on test data for horizon 6, Test MAE: 18.3562, Test RMSE: 29.9272, Test MAPE: 12.8967
2026-01-28 23:18:42,464 - easytorch-training - INFO - Evaluate best model on test data for horizon 7, Test MAE: 18.6005, Test RMSE: 30.3246, Test MAPE: 12.9326
2026-01-28 23:18:42,478 - easytorch-training - INFO - Evaluate best model on test data for horizon 8, Test MAE: 18.7999, Test RMSE: 30.6649, Test MAPE: 13.0229
2026-01-28 23:18:42,492 - easytorch-training - INFO - Evaluate best model on test data for horizon 9, Test MAE: 19.0299, Test RMSE: 31.0457, Test MAPE: 13.0495
2026-01-28 23:18:42,507 - easytorch-training - INFO - Evaluate best model on test data for horizon 10, Test MAE: 19.2575, Test RMSE: 31.4146, Test MAPE: 13.1771
2026-01-28 23:18:42,521 - easytorch-training - INFO - Evaluate best model on test data for horizon 11, Test MAE: 19.4926, Test RMSE: 31.7152, Test MAPE: 13.3568
2026-01-28 23:18:42,533 - easytorch-training - INFO - Evaluate best model on test data for horizon 12, Test MAE: 19.7495, Test RMSE: 32.0982, Test MAPE: 13.6960
2026-01-28 23:18:42,546 - easytorch-training - INFO - Result <test>: [test_time: 22.04 (s), test_MAE: 18.3615, test_RMSE: 29.9447, test_MAPE: 12.6977]
2026-01-28 23:18:42,913 - easytorch-training - INFO - Checkpoint checkpoints/STMAFNet_300/976492592f92c661f4c4ea004499e56d/STMAFNet_032.pt saved
2026-01-28 23:18:42,914 - easytorch-training - INFO - The estimated training finish time is 2026-01-29 16:03:38
2026-01-28 23:18:42,914 - easytorch-training - INFO - Epoch 33 / 300
2026-01-28 23:21:42,245 - easytorch-training - INFO - Result <train>: [train_time: 179.33 (s), lr: 5.00e-04, train_MAE: 17.8550, train_RMSE: 28.9019, train_MAPE: 13.6761]
2026-01-28 23:21:42,246 - easytorch-training - INFO - Start validation.
2026-01-28 23:22:04,967 - easytorch-training - INFO - Result <val>: [val_time: 22.72 (s), val_MAE: 18.3867, val_RMSE: 28.5354, val_MAPE: 14.0853]
2026-01-28 23:22:26,847 - easytorch-training - INFO - Evaluate best model on test data for horizon 1, Test MAE: 16.6342, Test RMSE: 26.7629, Test MAPE: 12.3217
2026-01-28 23:22:26,861 - easytorch-training - INFO - Evaluate best model on test data for horizon 2, Test MAE: 17.2043, Test RMSE: 27.7067, Test MAPE: 13.2256
2026-01-28 23:22:26,875 - easytorch-training - INFO - Evaluate best model on test data for horizon 3, Test MAE: 17.5599, Test RMSE: 28.4216, Test MAPE: 12.8795
2026-01-28 23:22:26,889 - easytorch-training - INFO - Evaluate best model on test data for horizon 4, Test MAE: 17.8426, Test RMSE: 28.9597, Test MAPE: 12.9056
2026-01-28 23:22:26,903 - easytorch-training - INFO - Evaluate best model on test data for horizon 5, Test MAE: 18.1166, Test RMSE: 29.4289, Test MAPE: 13.1169
2026-01-28 23:22:26,914 - easytorch-training - INFO - Evaluate best model on test data for horizon 6, Test MAE: 18.4010, Test RMSE: 29.8639, Test MAPE: 13.5882
2026-01-28 23:22:26,916 - easytorch-training - INFO - Evaluate best model on test data for horizon 7, Test MAE: 18.6206, Test RMSE: 30.2012, Test MAPE: 13.8299
2026-01-28 23:22:26,924 - easytorch-training - INFO - Evaluate best model on test data for horizon 8, Test MAE: 18.9466, Test RMSE: 30.5496, Test MAPE: 14.8148
2026-01-28 23:22:26,938 - easytorch-training - INFO - Evaluate best model on test data for horizon 9, Test MAE: 19.1199, Test RMSE: 30.8583, Test MAPE: 14.6243
2026-01-28 23:22:26,952 - easytorch-training - INFO - Evaluate best model on test data for horizon 10, Test MAE: 19.3007, Test RMSE: 31.1452, Test MAPE: 14.8005
2026-01-28 23:22:26,966 - easytorch-training - INFO - Evaluate best model on test data for horizon 11, Test MAE: 19.5158, Test RMSE: 31.3647, Test MAPE: 15.1523
2026-01-28 23:22:26,981 - easytorch-training - INFO - Evaluate best model on test data for horizon 12, Test MAE: 19.7631, Test RMSE: 31.7320, Test MAPE: 15.0231
2026-01-28 23:22:27,000 - easytorch-training - INFO - Result <test>: [test_time: 22.03 (s), test_MAE: 18.4188, test_RMSE: 29.7862, test_MAPE: 13.8569]
2026-01-28 23:22:27,370 - easytorch-training - INFO - Checkpoint checkpoints/STMAFNet_300/976492592f92c661f4c4ea004499e56d/STMAFNet_033.pt saved
2026-01-28 23:22:27,370 - easytorch-training - INFO - The estimated training finish time is 2026-01-29 16:03:33
2026-01-28 23:22:27,370 - easytorch-training - INFO - Epoch 34 / 300
2026-01-28 23:25:26,536 - easytorch-training - INFO - Result <train>: [train_time: 179.17 (s), lr: 5.00e-04, train_MAE: 17.8097, train_RMSE: 28.8420, train_MAPE: 13.6627]
2026-01-28 23:25:26,537 - easytorch-training - INFO - Start validation.
2026-01-28 23:25:49,311 - easytorch-training - INFO - Result <val>: [val_time: 22.77 (s), val_MAE: 18.3031, val_RMSE: 28.5455, val_MAPE: 12.6869]
2026-01-28 23:25:49,997 - easytorch-training - INFO - Checkpoint checkpoints/STMAFNet_300/976492592f92c661f4c4ea004499e56d/STMAFNet_best_val_MAE.pt saved
2026-01-28 23:26:11,890 - easytorch-training - INFO - Evaluate best model on test data for horizon 1, Test MAE: 16.5072, Test RMSE: 26.7218, Test MAPE: 11.1355
2026-01-28 23:26:11,904 - easytorch-training - INFO - Evaluate best model on test data for horizon 2, Test MAE: 17.0078, Test RMSE: 27.6599, Test MAPE: 11.5103
2026-01-28 23:26:11,918 - easytorch-training - INFO - Evaluate best model on test data for horizon 3, Test MAE: 17.4558, Test RMSE: 28.3831, Test MAPE: 11.9788
2026-01-28 23:26:11,933 - easytorch-training - INFO - Evaluate best model on test data for horizon 4, Test MAE: 17.7944, Test RMSE: 28.9241, Test MAPE: 12.4180
2026-01-28 23:26:11,943 - easytorch-training - INFO - Evaluate best model on test data for horizon 5, Test MAE: 18.0627, Test RMSE: 29.3703, Test MAPE: 12.4441
2026-01-28 23:26:11,952 - easytorch-training - INFO - Evaluate best model on test data for horizon 6, Test MAE: 18.3064, Test RMSE: 29.7588, Test MAPE: 12.6182
2026-01-28 23:26:11,964 - easytorch-training - INFO - Evaluate best model on test data for horizon 7, Test MAE: 18.5540, Test RMSE: 30.1529, Test MAPE: 12.6348
2026-01-28 23:26:11,978 - easytorch-training - INFO - Evaluate best model on test data for horizon 8, Test MAE: 18.7822, Test RMSE: 30.4460, Test MAPE: 13.0813
2026-01-28 23:26:11,992 - easytorch-training - INFO - Evaluate best model on test data for horizon 9, Test MAE: 18.9905, Test RMSE: 30.7987, Test MAPE: 13.2775
2026-01-28 23:26:12,006 - easytorch-training - INFO - Evaluate best model on test data for horizon 10, Test MAE: 19.1534, Test RMSE: 31.0561, Test MAPE: 13.3330
2026-01-28 23:26:12,020 - easytorch-training - INFO - Evaluate best model on test data for horizon 11, Test MAE: 19.3771, Test RMSE: 31.3757, Test MAPE: 13.2531
2026-01-28 23:26:12,034 - easytorch-training - INFO - Evaluate best model on test data for horizon 12, Test MAE: 19.6009, Test RMSE: 31.6538, Test MAPE: 13.7339
2026-01-28 23:26:12,054 - easytorch-training - INFO - Result <test>: [test_time: 22.06 (s), test_MAE: 18.2994, test_RMSE: 29.7281, test_MAPE: 12.6182]
2026-01-28 23:26:12,420 - easytorch-training - INFO - Checkpoint checkpoints/STMAFNet_300/976492592f92c661f4c4ea004499e56d/STMAFNet_034.pt saved
2026-01-28 23:26:12,420 - easytorch-training - INFO - The estimated training finish time is 2026-01-29 16:03:34
2026-01-28 23:26:12,421 - easytorch-training - INFO - Epoch 35 / 300
2026-01-28 23:29:12,066 - easytorch-training - INFO - Result <train>: [train_time: 179.65 (s), lr: 5.00e-04, train_MAE: 17.7756, train_RMSE: 28.8183, train_MAPE: 13.5894]
2026-01-28 23:29:12,068 - easytorch-training - INFO - Start validation.
2026-01-28 23:29:34,436 - easytorch-training - INFO - Result <val>: [val_time: 22.37 (s), val_MAE: 18.3566, val_RMSE: 28.6248, val_MAPE: 12.7436]
2026-01-28 23:29:56,332 - easytorch-training - INFO - Evaluate best model on test data for horizon 1, Test MAE: 16.5321, Test RMSE: 26.7489, Test MAPE: 11.1510
2026-01-28 23:29:56,340 - easytorch-training - INFO - Evaluate best model on test data for horizon 2, Test MAE: 17.0424, Test RMSE: 27.7111, Test MAPE: 11.5945
2026-01-28 23:29:56,342 - easytorch-training - INFO - Evaluate best model on test data for horizon 3, Test MAE: 17.4925, Test RMSE: 28.4439, Test MAPE: 12.0656
2026-01-28 23:29:56,344 - easytorch-training - INFO - Evaluate best model on test data for horizon 4, Test MAE: 17.8272, Test RMSE: 28.9744, Test MAPE: 12.4152
2026-01-28 23:29:56,347 - easytorch-training - INFO - Evaluate best model on test data for horizon 5, Test MAE: 18.1812, Test RMSE: 29.4677, Test MAPE: 12.9857
2026-01-28 23:29:56,359 - easytorch-training - INFO - Evaluate best model on test data for horizon 6, Test MAE: 18.3526, Test RMSE: 29.8590, Test MAPE: 12.6367
2026-01-28 23:29:56,373 - easytorch-training - INFO - Evaluate best model on test data for horizon 7, Test MAE: 18.5700, Test RMSE: 30.1999, Test MAPE: 12.7798
2026-01-28 23:29:56,387 - easytorch-training - INFO - Evaluate best model on test data for horizon 8, Test MAE: 18.8262, Test RMSE: 30.5677, Test MAPE: 13.0644
2026-01-28 23:29:56,401 - easytorch-training - INFO - Evaluate best model on test data for horizon 9, Test MAE: 19.0606, Test RMSE: 30.8765, Test MAPE: 13.2401
2026-01-28 23:29:56,416 - easytorch-training - INFO - Evaluate best model on test data for horizon 10, Test MAE: 19.2630, Test RMSE: 31.1733, Test MAPE: 13.2565
2026-01-28 23:29:56,430 - easytorch-training - INFO - Evaluate best model on test data for horizon 11, Test MAE: 19.5002, Test RMSE: 31.4829, Test MAPE: 13.4595
2026-01-28 23:29:56,444 - easytorch-training - INFO - Evaluate best model on test data for horizon 12, Test MAE: 19.7506, Test RMSE: 31.8207, Test MAPE: 13.5661
2026-01-28 23:29:56,464 - easytorch-training - INFO - Result <test>: [test_time: 22.03 (s), test_MAE: 18.3666, test_RMSE: 29.8150, test_MAPE: 12.6846]
2026-01-28 23:29:56,833 - easytorch-training - INFO - Checkpoint checkpoints/STMAFNet_300/976492592f92c661f4c4ea004499e56d/STMAFNet_035.pt saved
2026-01-28 23:29:56,834 - easytorch-training - INFO - The estimated training finish time is 2026-01-29 16:03:29
2026-01-28 23:29:56,834 - easytorch-training - INFO - Epoch 36 / 300
2026-01-28 23:32:57,557 - easytorch-training - INFO - Result <train>: [train_time: 180.72 (s), lr: 5.00e-04, train_MAE: 17.7451, train_RMSE: 28.7507, train_MAPE: 13.6190]
2026-01-28 23:32:57,558 - easytorch-training - INFO - Start validation.
2026-01-28 23:33:19,796 - easytorch-training - INFO - Result <val>: [val_time: 22.24 (s), val_MAE: 18.2516, val_RMSE: 28.4433, val_MAPE: 13.5504]
2026-01-28 23:33:20,392 - easytorch-training - INFO - Checkpoint checkpoints/STMAFNet_300/976492592f92c661f4c4ea004499e56d/STMAFNet_best_val_MAE.pt saved
2026-01-28 23:33:41,197 - easytorch-training - INFO - Evaluate best model on test data for horizon 1, Test MAE: 16.5033, Test RMSE: 26.6978, Test MAPE: 11.7206
2026-01-28 23:33:41,211 - easytorch-training - INFO - Evaluate best model on test data for horizon 2, Test MAE: 17.0136, Test RMSE: 27.6735, Test MAPE: 12.1766
2026-01-28 23:33:41,220 - easytorch-training - INFO - Evaluate best model on test data for horizon 3, Test MAE: 17.4554, Test RMSE: 28.3718, Test MAPE: 12.6299
2026-01-28 23:33:41,228 - easytorch-training - INFO - Evaluate best model on test data for horizon 4, Test MAE: 17.7839, Test RMSE: 28.8875, Test MAPE: 12.9413
2026-01-28 23:33:41,242 - easytorch-training - INFO - Evaluate best model on test data for horizon 5, Test MAE: 18.0710, Test RMSE: 29.3576, Test MAPE: 13.3032
2026-01-28 23:33:41,256 - easytorch-training - INFO - Evaluate best model on test data for horizon 6, Test MAE: 18.2625, Test RMSE: 29.7141, Test MAPE: 13.3247
2026-01-28 23:33:41,267 - easytorch-training - INFO - Evaluate best model on test data for horizon 7, Test MAE: 18.4788, Test RMSE: 30.1005, Test MAPE: 13.3703
2026-01-28 23:33:41,275 - easytorch-training - INFO - Evaluate best model on test data for horizon 8, Test MAE: 18.6719, Test RMSE: 30.3722, Test MAPE: 13.5193
2026-01-28 23:33:41,287 - easytorch-training - INFO - Evaluate best model on test data for horizon 9, Test MAE: 18.9399, Test RMSE: 30.6798, Test MAPE: 14.1925
2026-01-28 23:33:41,302 - easytorch-training - INFO - Evaluate best model on test data for horizon 10, Test MAE: 19.1400, Test RMSE: 30.9448, Test MAPE: 14.4798
2026-01-28 23:33:41,316 - easytorch-training - INFO - Evaluate best model on test data for horizon 11, Test MAE: 19.3782, Test RMSE: 31.2467, Test MAPE: 14.8234
2026-01-28 23:33:41,330 - easytorch-training - INFO - Evaluate best model on test data for horizon 12, Test MAE: 19.6154, Test RMSE: 31.5922, Test MAPE: 14.9856
2026-01-28 23:33:41,347 - easytorch-training - INFO - Result <test>: [test_time: 20.95 (s), test_MAE: 18.2762, test_RMSE: 29.6713, test_MAPE: 13.4556]
2026-01-28 23:33:41,714 - easytorch-training - INFO - Checkpoint checkpoints/STMAFNet_300/976492592f92c661f4c4ea004499e56d/STMAFNet_036.pt saved
2026-01-28 23:33:41,715 - easytorch-training - INFO - The estimated training finish time is 2026-01-29 16:03:28
2026-01-28 23:33:41,715 - easytorch-training - INFO - Epoch 37 / 300
2026-01-28 23:36:43,456 - easytorch-training - INFO - Result <train>: [train_time: 181.74 (s), lr: 2.50e-04, train_MAE: 17.5256, train_RMSE: 28.5034, train_MAPE: 13.3190]
2026-01-28 23:36:43,457 - easytorch-training - INFO - Start validation.
2026-01-28 23:37:04,995 - easytorch-training - INFO - Result <val>: [val_time: 21.54 (s), val_MAE: 18.1542, val_RMSE: 28.4078, val_MAPE: 12.5566]
2026-01-28 23:37:05,766 - easytorch-training - INFO - Checkpoint checkpoints/STMAFNet_300/976492592f92c661f4c4ea004499e56d/STMAFNet_best_val_MAE.pt saved
2026-01-28 23:37:26,805 - easytorch-training - INFO - Evaluate best model on test data for horizon 1, Test MAE: 16.4542, Test RMSE: 26.6715, Test MAPE: 11.0944
2026-01-28 23:37:26,819 - easytorch-training - INFO - Evaluate best model on test data for horizon 2, Test MAE: 16.9481, Test RMSE: 27.6173, Test MAPE: 11.7127
2026-01-28 23:37:26,833 - easytorch-training - INFO - Evaluate best model on test data for horizon 3, Test MAE: 17.3801, Test RMSE: 28.3428, Test MAPE: 11.8871
2026-01-28 23:37:26,847 - easytorch-training - INFO - Evaluate best model on test data for horizon 4, Test MAE: 17.7103, Test RMSE: 28.9021, Test MAPE: 12.0351
2026-01-28 23:37:26,862 - easytorch-training - INFO - Evaluate best model on test data for horizon 5, Test MAE: 17.9982, Test RMSE: 29.3603, Test MAPE: 12.6514
2026-01-28 23:37:26,876 - easytorch-training - INFO - Evaluate best model on test data for horizon 6, Test MAE: 18.2000, Test RMSE: 29.7576, Test MAPE: 12.6103
2026-01-28 23:37:26,890 - easytorch-training - INFO - Evaluate best model on test data for horizon 7, Test MAE: 18.4152, Test RMSE: 30.1030, Test MAPE: 12.6901
2026-01-28 23:37:26,904 - easytorch-training - INFO - Evaluate best model on test data for horizon 8, Test MAE: 18.6423, Test RMSE: 30.4212, Test MAPE: 12.9888
2026-01-28 23:37:26,912 - easytorch-training - INFO - Evaluate best model on test data for horizon 9, Test MAE: 18.8175, Test RMSE: 30.7090, Test MAPE: 13.0438
2026-01-28 23:37:26,920 - easytorch-training - INFO - Evaluate best model on test data for horizon 10, Test MAE: 18.9902, Test RMSE: 30.9819, Test MAPE: 12.9895
2026-01-28 23:37:26,934 - easytorch-training - INFO - Evaluate best model on test data for horizon 11, Test MAE: 19.2058, Test RMSE: 31.2587, Test MAPE: 13.2104
2026-01-28 23:37:26,948 - easytorch-training - INFO - Evaluate best model on test data for horizon 12, Test MAE: 19.4465, Test RMSE: 31.5774, Test MAPE: 13.3893
2026-01-28 23:37:26,968 - easytorch-training - INFO - Result <test>: [test_time: 21.20 (s), test_MAE: 18.1841, test_RMSE: 29.6776, test_MAPE: 12.5253]
2026-01-28 23:37:27,335 - easytorch-training - INFO - Checkpoint checkpoints/STMAFNet_300/976492592f92c661f4c4ea004499e56d/STMAFNet_037.pt saved
2026-01-28 23:37:27,336 - easytorch-training - INFO - The estimated training finish time is 2026-01-29 16:03:34
2026-01-28 23:37:27,336 - easytorch-training - INFO - Epoch 38 / 300
2026-01-28 23:40:28,314 - easytorch-training - INFO - Result <train>: [train_time: 180.98 (s), lr: 2.50e-04, train_MAE: 17.4572, train_RMSE: 28.4040, train_MAPE: 13.2604]
2026-01-28 23:40:28,316 - easytorch-training - INFO - Start validation.
2026-01-28 23:40:50,724 - easytorch-training - INFO - Result <val>: [val_time: 22.41 (s), val_MAE: 18.0951, val_RMSE: 28.3917, val_MAPE: 12.8658]
2026-01-28 23:40:51,519 - easytorch-training - INFO - Checkpoint checkpoints/STMAFNet_300/976492592f92c661f4c4ea004499e56d/STMAFNet_best_val_MAE.pt saved
2026-01-28 23:41:12,970 - easytorch-training - INFO - Evaluate best model on test data for horizon 1, Test MAE: 16.4699, Test RMSE: 26.6759, Test MAPE: 11.6752
2026-01-28 23:41:12,982 - easytorch-training - INFO - Evaluate best model on test data for horizon 2, Test MAE: 16.9470, Test RMSE: 27.6370, Test MAPE: 11.9582
2026-01-28 23:41:12,997 - easytorch-training - INFO - Evaluate best model on test data for horizon 3, Test MAE: 17.4216, Test RMSE: 28.3638, Test MAPE: 12.7866
2026-01-28 23:41:13,011 - easytorch-training - INFO - Evaluate best model on test data for horizon 4, Test MAE: 17.7111, Test RMSE: 28.8976, Test MAPE: 12.8969
2026-01-28 23:41:13,025 - easytorch-training - INFO - Evaluate best model on test data for horizon 5, Test MAE: 17.9458, Test RMSE: 29.3815, Test MAPE: 12.8879
2026-01-28 23:41:13,039 - easytorch-training - INFO - Evaluate best model on test data for horizon 6, Test MAE: 18.1610, Test RMSE: 29.7422, Test MAPE: 12.9767
2026-01-28 23:41:13,048 - easytorch-training - INFO - Evaluate best model on test data for horizon 7, Test MAE: 18.3888, Test RMSE: 30.0940, Test MAPE: 13.1614
2026-01-28 23:41:13,056 - easytorch-training - INFO - Evaluate best model on test data for horizon 8, Test MAE: 18.5601, Test RMSE: 30.4202, Test MAPE: 12.9475
2026-01-28 23:41:13,070 - easytorch-training - INFO - Evaluate best model on test data for horizon 9, Test MAE: 18.7615, Test RMSE: 30.7336, Test MAPE: 13.3709
2026-01-28 23:41:13,084 - easytorch-training - INFO - Evaluate best model on test data for horizon 10, Test MAE: 18.9362, Test RMSE: 31.0422, Test MAPE: 13.0345
2026-01-28 23:41:13,098 - easytorch-training - INFO - Evaluate best model on test data for horizon 11, Test MAE: 19.1454, Test RMSE: 31.3167, Test MAPE: 13.2440
2026-01-28 23:41:13,112 - easytorch-training - INFO - Evaluate best model on test data for horizon 12, Test MAE: 19.4157, Test RMSE: 31.6806, Test MAPE: 13.2756
2026-01-28 23:41:13,128 - easytorch-training - INFO - Result <test>: [test_time: 21.61 (s), test_MAE: 18.1554, test_RMSE: 29.7020, test_MAPE: 12.8513]
2026-01-28 23:41:13,519 - easytorch-training - INFO - Checkpoint checkpoints/STMAFNet_300/976492592f92c661f4c4ea004499e56d/STMAFNet_038.pt saved
2026-01-28 23:41:13,520 - easytorch-training - INFO - The estimated training finish time is 2026-01-29 16:03:43
2026-01-28 23:41:13,520 - easytorch-training - INFO - Epoch 39 / 300
2026-01-28 23:44:13,763 - easytorch-training - INFO - Result <train>: [train_time: 180.24 (s), lr: 2.50e-04, train_MAE: 17.4122, train_RMSE: 28.3482, train_MAPE: 13.2151]
2026-01-28 23:44:13,765 - easytorch-training - INFO - Start validation.
2026-01-28 23:44:36,559 - easytorch-training - INFO - Result <val>: [val_time: 22.79 (s), val_MAE: 18.1153, val_RMSE: 28.4223, val_MAPE: 13.0410]
2026-01-28 23:44:58,491 - easytorch-training - INFO - Evaluate best model on test data for horizon 1, Test MAE: 16.4621, Test RMSE: 26.7475, Test MAPE: 11.3550
2026-01-28 23:44:58,505 - easytorch-training - INFO - Evaluate best model on test data for horizon 2, Test MAE: 16.9669, Test RMSE: 27.7059, Test MAPE: 11.8516
2026-01-28 23:44:58,514 - easytorch-training - INFO - Evaluate best model on test data for horizon 3, Test MAE: 17.3888, Test RMSE: 28.4436, Test MAPE: 12.1880
2026-01-28 23:44:58,522 - easytorch-training - INFO - Evaluate best model on test data for horizon 4, Test MAE: 17.7225, Test RMSE: 28.9402, Test MAPE: 12.8190
2026-01-28 23:44:58,533 - easytorch-training - INFO - Evaluate best model on test data for horizon 5, Test MAE: 17.9656, Test RMSE: 29.3732, Test MAPE: 12.9306
2026-01-28 23:44:58,541 - easytorch-training - INFO - Evaluate best model on test data for horizon 6, Test MAE: 18.1816, Test RMSE: 29.7846, Test MAPE: 12.8408
2026-01-28 23:44:58,555 - easytorch-training - INFO - Evaluate best model on test data for horizon 7, Test MAE: 18.3947, Test RMSE: 30.1221, Test MAPE: 13.0398
2026-01-28 23:44:58,569 - easytorch-training - INFO - Evaluate best model on test data for horizon 8, Test MAE: 18.5875, Test RMSE: 30.4434, Test MAPE: 13.1746
2026-01-28 23:44:58,583 - easytorch-training - INFO - Evaluate best model on test data for horizon 9, Test MAE: 18.8168, Test RMSE: 30.7217, Test MAPE: 13.7768
2026-01-28 23:44:58,597 - easytorch-training - INFO - Evaluate best model on test data for horizon 10, Test MAE: 18.9907, Test RMSE: 30.9731, Test MAPE: 13.9027
2026-01-28 23:44:58,611 - easytorch-training - INFO - Evaluate best model on test data for horizon 11, Test MAE: 19.2195, Test RMSE: 31.2465, Test MAPE: 14.3061
2026-01-28 23:44:58,625 - easytorch-training - INFO - Evaluate best model on test data for horizon 12, Test MAE: 19.4135, Test RMSE: 31.5687, Test MAPE: 14.0841
2026-01-28 23:44:58,645 - easytorch-training - INFO - Result <test>: [test_time: 22.08 (s), test_MAE: 18.1759, test_RMSE: 29.7066, test_MAPE: 13.0224]
2026-01-28 23:44:59,031 - easytorch-training - INFO - Checkpoint checkpoints/STMAFNet_300/976492592f92c661f4c4ea004499e56d/STMAFNet_039.pt saved
2026-01-28 23:44:59,032 - easytorch-training - INFO - The estimated training finish time is 2026-01-29 16:03:47
2026-01-28 23:44:59,032 - easytorch-training - INFO - Epoch 40 / 300
2026-01-28 23:47:58,532 - easytorch-training - INFO - Result <train>: [train_time: 179.50 (s), lr: 2.50e-04, train_MAE: 17.3568, train_RMSE: 28.2842, train_MAPE: 13.1917]
2026-01-28 23:47:58,534 - easytorch-training - INFO - Start validation.
2026-01-28 23:48:21,342 - easytorch-training - INFO - Result <val>: [val_time: 22.81 (s), val_MAE: 18.0942, val_RMSE: 28.4540, val_MAPE: 12.6557]
2026-01-28 23:48:22,071 - easytorch-training - INFO - Checkpoint checkpoints/STMAFNet_300/976492592f92c661f4c4ea004499e56d/STMAFNet_best_val_MAE.pt saved
2026-01-28 23:48:43,982 - easytorch-training - INFO - Evaluate best model on test data for horizon 1, Test MAE: 16.4335, Test RMSE: 26.6849, Test MAPE: 11.2342
2026-01-28 23:48:43,990 - easytorch-training - INFO - Evaluate best model on test data for horizon 2, Test MAE: 16.9430, Test RMSE: 27.6998, Test MAPE: 11.7931
2026-01-28 23:48:44,004 - easytorch-training - INFO - Evaluate best model on test data for horizon 3, Test MAE: 17.3766, Test RMSE: 28.4235, Test MAPE: 12.2757
2026-01-28 23:48:44,018 - easytorch-training - INFO - Evaluate best model on test data for horizon 4, Test MAE: 17.6770, Test RMSE: 28.9506, Test MAPE: 12.4091
2026-01-28 23:48:44,032 - easytorch-training - INFO - Evaluate best model on test data for horizon 5, Test MAE: 17.9314, Test RMSE: 29.4038, Test MAPE: 12.5812
2026-01-28 23:48:44,041 - easytorch-training - INFO - Evaluate best model on test data for horizon 6, Test MAE: 18.1542, Test RMSE: 29.7896, Test MAPE: 12.5028
2026-01-28 23:48:44,053 - easytorch-training - INFO - Evaluate best model on test data for horizon 7, Test MAE: 18.3865, Test RMSE: 30.1286, Test MAPE: 12.9087
2026-01-28 23:48:44,067 - easytorch-training - INFO - Evaluate best model on test data for horizon 8, Test MAE: 18.6080, Test RMSE: 30.4568, Test MAPE: 13.2252
2026-01-28 23:48:44,081 - easytorch-training - INFO - Evaluate best model on test data for horizon 9, Test MAE: 18.8061, Test RMSE: 30.8142, Test MAPE: 12.9049
2026-01-28 23:48:44,096 - easytorch-training - INFO - Evaluate best model on test data for horizon 10, Test MAE: 18.9991, Test RMSE: 31.0531, Test MAPE: 13.4175
2026-01-28 23:48:44,110 - easytorch-training - INFO - Evaluate best model on test data for horizon 11, Test MAE: 19.1451, Test RMSE: 31.2901, Test MAPE: 13.4010
2026-01-28 23:48:44,120 - easytorch-training - INFO - Evaluate best model on test data for horizon 12, Test MAE: 19.3651, Test RMSE: 31.5718, Test MAPE: 13.4500
2026-01-28 23:48:44,133 - easytorch-training - INFO - Result <test>: [test_time: 22.06 (s), test_MAE: 18.1521, test_RMSE: 29.7243, test_MAPE: 12.6753]
2026-01-28 23:48:44,520 - easytorch-training - INFO - Checkpoint checkpoints/STMAFNet_300/976492592f92c661f4c4ea004499e56d/STMAFNet_040.pt saved
2026-01-28 23:48:44,557 - easytorch-training - INFO - The estimated training finish time is 2026-01-29 16:03:51
2026-01-28 23:48:44,557 - easytorch-training - INFO - Epoch 41 / 300
2026-01-28 23:51:44,266 - easytorch-training - INFO - Result <train>: [train_time: 179.71 (s), lr: 2.50e-04, train_MAE: 17.3468, train_RMSE: 28.2781, train_MAPE: 13.1648]
2026-01-28 23:51:44,268 - easytorch-training - INFO - Start validation.
2026-01-28 23:52:07,078 - easytorch-training - INFO - Result <val>: [val_time: 22.81 (s), val_MAE: 18.1257, val_RMSE: 28.4999, val_MAPE: 12.7746]
2026-01-28 23:52:29,033 - easytorch-training - INFO - Evaluate best model on test data for horizon 1, Test MAE: 16.4597, Test RMSE: 26.7087, Test MAPE: 11.3402
2026-01-28 23:52:29,045 - easytorch-training - INFO - Evaluate best model on test data for horizon 2, Test MAE: 16.9523, Test RMSE: 27.6940, Test MAPE: 11.7591
2026-01-28 23:52:29,059 - easytorch-training - INFO - Evaluate best model on test data for horizon 3, Test MAE: 17.4204, Test RMSE: 28.4994, Test MAPE: 12.2738
2026-01-28 23:52:29,073 - easytorch-training - INFO - Evaluate best model on test data for horizon 4, Test MAE: 17.7474, Test RMSE: 29.1136, Test MAPE: 12.3699
2026-01-28 23:52:29,087 - easytorch-training - INFO - Evaluate best model on test data for horizon 5, Test MAE: 18.0539, Test RMSE: 29.6605, Test MAPE: 12.5266
2026-01-28 23:52:29,101 - easytorch-training - INFO - Evaluate best model on test data for horizon 6, Test MAE: 18.2759, Test RMSE: 30.0212, Test MAPE: 12.8420
2026-01-28 23:52:29,115 - easytorch-training - INFO - Evaluate best model on test data for horizon 7, Test MAE: 18.4910, Test RMSE: 30.3560, Test MAPE: 13.0367
2026-01-28 23:52:29,130 - easytorch-training - INFO - Evaluate best model on test data for horizon 8, Test MAE: 18.6784, Test RMSE: 30.6132, Test MAPE: 13.3200
2026-01-28 23:52:29,144 - easytorch-training - INFO - Evaluate best model on test data for horizon 9, Test MAE: 18.8532, Test RMSE: 30.9598, Test MAPE: 13.1060
2026-01-28 23:52:29,158 - easytorch-training - INFO - Evaluate best model on test data for horizon 10, Test MAE: 19.0604, Test RMSE: 31.1980, Test MAPE: 13.6691
2026-01-28 23:52:29,171 - easytorch-training - INFO - Evaluate best model on test data for horizon 11, Test MAE: 19.2600, Test RMSE: 31.4853, Test MAPE: 13.8244
2026-01-28 23:52:29,173 - easytorch-training - INFO - Evaluate best model on test data for horizon 12, Test MAE: 19.4679, Test RMSE: 31.7329, Test MAPE: 13.9683
2026-01-28 23:52:29,180 - easytorch-training - INFO - Result <test>: [test_time: 22.10 (s), test_MAE: 18.2267, test_RMSE: 29.8747, test_MAPE: 12.8364]
2026-01-28 23:52:29,546 - easytorch-training - INFO - Checkpoint checkpoints/STMAFNet_300/976492592f92c661f4c4ea004499e56d/STMAFNet_041.pt saved
2026-01-28 23:52:29,546 - easytorch-training - INFO - The estimated training finish time is 2026-01-29 16:03:51
2026-01-28 23:52:29,546 - easytorch-training - INFO - Epoch 42 / 300
2026-01-28 23:55:28,658 - easytorch-training - INFO - Result <train>: [train_time: 179.11 (s), lr: 2.50e-04, train_MAE: 17.3111, train_RMSE: 28.2194, train_MAPE: 13.1467]
2026-01-28 23:55:28,659 - easytorch-training - INFO - Start validation.
2026-01-28 23:55:51,440 - easytorch-training - INFO - Result <val>: [val_time: 22.78 (s), val_MAE: 18.0635, val_RMSE: 28.3917, val_MAPE: 12.4098]
2026-01-28 23:55:52,238 - easytorch-training - INFO - Checkpoint checkpoints/STMAFNet_300/976492592f92c661f4c4ea004499e56d/STMAFNet_best_val_MAE.pt saved
2026-01-28 23:56:14,157 - easytorch-training - INFO - Evaluate best model on test data for horizon 1, Test MAE: 16.4336, Test RMSE: 26.6735, Test MAPE: 11.2341
2026-01-28 23:56:14,172 - easytorch-training - INFO - Evaluate best model on test data for horizon 2, Test MAE: 16.9403, Test RMSE: 27.6564, Test MAPE: 11.5792
2026-01-28 23:56:14,186 - easytorch-training - INFO - Evaluate best model on test data for horizon 3, Test MAE: 17.3876, Test RMSE: 28.4149, Test MAPE: 11.9235
2026-01-28 23:56:14,200 - easytorch-training - INFO - Evaluate best model on test data for horizon 4, Test MAE: 17.7073, Test RMSE: 29.0141, Test MAPE: 11.9976
2026-01-28 23:56:14,214 - easytorch-training - INFO - Evaluate best model on test data for horizon 5, Test MAE: 17.9625, Test RMSE: 29.4703, Test MAPE: 12.2427
2026-01-28 23:56:14,228 - easytorch-training - INFO - Evaluate best model on test data for horizon 6, Test MAE: 18.1903, Test RMSE: 29.8501, Test MAPE: 12.6103
2026-01-28 23:56:14,242 - easytorch-training - INFO - Evaluate best model on test data for horizon 7, Test MAE: 18.3918, Test RMSE: 30.2101, Test MAPE: 12.6822
2026-01-28 23:56:14,255 - easytorch-training - INFO - Evaluate best model on test data for horizon 8, Test MAE: 18.6135, Test RMSE: 30.5705, Test MAPE: 12.7283
2026-01-28 23:56:14,263 - easytorch-training - INFO - Evaluate best model on test data for horizon 9, Test MAE: 18.8008, Test RMSE: 30.8751, Test MAPE: 12.8146
2026-01-28 23:56:14,271 - easytorch-training - INFO - Evaluate best model on test data for horizon 10, Test MAE: 18.9950, Test RMSE: 31.1627, Test MAPE: 13.1739
2026-01-28 23:56:14,279 - easytorch-training - INFO - Evaluate best model on test data for horizon 11, Test MAE: 19.1721, Test RMSE: 31.4317, Test MAPE: 13.2598
2026-01-28 23:56:14,291 - easytorch-training - INFO - Evaluate best model on test data for horizon 12, Test MAE: 19.3957, Test RMSE: 31.7240, Test MAPE: 13.2464
2026-01-28 23:56:14,311 - easytorch-training - INFO - Result <test>: [test_time: 22.07 (s), test_MAE: 18.1659, test_RMSE: 29.7925, test_MAPE: 12.4577]
2026-01-28 23:56:14,676 - easytorch-training - INFO - Checkpoint checkpoints/STMAFNet_300/976492592f92c661f4c4ea004499e56d/STMAFNet_042.pt saved
2026-01-28 23:56:14,676 - easytorch-training - INFO - The estimated training finish time is 2026-01-29 16:03:51
2026-01-28 23:56:14,676 - easytorch-training - INFO - Epoch 43 / 300
2026-01-28 23:59:13,749 - easytorch-training - INFO - Result <train>: [train_time: 179.07 (s), lr: 2.50e-04, train_MAE: 17.2988, train_RMSE: 28.1948, train_MAPE: 13.1347]
2026-01-28 23:59:13,751 - easytorch-training - INFO - Start validation.
2026-01-28 23:59:36,577 - easytorch-training - INFO - Result <val>: [val_time: 22.83 (s), val_MAE: 18.0613, val_RMSE: 28.3824, val_MAPE: 12.5827]
2026-01-28 23:59:37,346 - easytorch-training - INFO - Checkpoint checkpoints/STMAFNet_300/976492592f92c661f4c4ea004499e56d/STMAFNet_best_val_MAE.pt saved
2026-01-28 23:59:59,215 - easytorch-training - INFO - Evaluate best model on test data for horizon 1, Test MAE: 16.4258, Test RMSE: 26.6656, Test MAPE: 11.3654
2026-01-28 23:59:59,229 - easytorch-training - INFO - Evaluate best model on test data for horizon 2, Test MAE: 16.9161, Test RMSE: 27.6322, Test MAPE: 11.7690
2026-01-28 23:59:59,244 - easytorch-training - INFO - Evaluate best model on test data for horizon 3, Test MAE: 17.3435, Test RMSE: 28.3870, Test MAPE: 12.0917
2026-01-28 23:59:59,258 - easytorch-training - INFO - Evaluate best model on test data for horizon 4, Test MAE: 17.6729, Test RMSE: 28.9686, Test MAPE: 12.1630
2026-01-28 23:59:59,272 - easytorch-training - INFO - Evaluate best model on test data for horizon 5, Test MAE: 17.9392, Test RMSE: 29.4627, Test MAPE: 12.2178
2026-01-28 23:59:59,281 - easytorch-training - INFO - Evaluate best model on test data for horizon 6, Test MAE: 18.1641, Test RMSE: 29.7982, Test MAPE: 12.6664
2026-01-28 23:59:59,289 - easytorch-training - INFO - Evaluate best model on test data for horizon 7, Test MAE: 18.3949, Test RMSE: 30.2067, Test MAPE: 12.4936
2026-01-28 23:59:59,292 - easytorch-training - INFO - Evaluate best model on test data for horizon 8, Test MAE: 18.6448, Test RMSE: 30.5312, Test MAPE: 13.1951
2026-01-28 23:59:59,301 - easytorch-training - INFO - Evaluate best model on test data for horizon 9, Test MAE: 18.7888, Test RMSE: 30.8036, Test MAPE: 13.1257
2026-01-28 23:59:59,315 - easytorch-training - INFO - Evaluate best model on test data for horizon 10, Test MAE: 18.9763, Test RMSE: 31.0812, Test MAPE: 13.2884
2026-01-28 23:59:59,329 - easytorch-training - INFO - Evaluate best model on test data for horizon 11, Test MAE: 19.1935, Test RMSE: 31.3485, Test MAPE: 13.4349
2026-01-28 23:59:59,343 - easytorch-training - INFO - Evaluate best model on test data for horizon 12, Test MAE: 19.4225, Test RMSE: 31.6757, Test MAPE: 13.5816
2026-01-28 23:59:59,363 - easytorch-training - INFO - Result <test>: [test_time: 22.01 (s), test_MAE: 18.1569, test_RMSE: 29.7506, test_MAPE: 12.6161]
2026-01-28 23:59:59,727 - easytorch-training - INFO - Checkpoint checkpoints/STMAFNet_300/976492592f92c661f4c4ea004499e56d/STMAFNet_043.pt saved
2026-01-28 23:59:59,728 - easytorch-training - INFO - The estimated training finish time is 2026-01-29 16:03:52
2026-01-28 23:59:59,728 - easytorch-training - INFO - Epoch 44 / 300
2026-01-29 00:02:59,509 - easytorch-training - INFO - Result <train>: [train_time: 179.78 (s), lr: 2.50e-04, train_MAE: 17.2535, train_RMSE: 28.1372, train_MAPE: 13.1111]
2026-01-29 00:02:59,511 - easytorch-training - INFO - Start validation.
2026-01-29 00:03:22,168 - easytorch-training - INFO - Result <val>: [val_time: 22.66 (s), val_MAE: 18.0757, val_RMSE: 28.4682, val_MAPE: 12.4921]
2026-01-29 00:03:43,361 - easytorch-training - INFO - Evaluate best model on test data for horizon 1, Test MAE: 16.4257, Test RMSE: 26.7057, Test MAPE: 11.1521
2026-01-29 00:03:43,376 - easytorch-training - INFO - Evaluate best model on test data for horizon 2, Test MAE: 16.9591, Test RMSE: 27.7082, Test MAPE: 11.7483
2026-01-29 00:03:43,387 - easytorch-training - INFO - Evaluate best model on test data for horizon 3, Test MAE: 17.3778, Test RMSE: 28.4338, Test MAPE: 12.1046
2026-01-29 00:03:43,394 - easytorch-training - INFO - Evaluate best model on test data for horizon 4, Test MAE: 17.6770, Test RMSE: 28.9898, Test MAPE: 12.2134
2026-01-29 00:03:43,407 - easytorch-training - INFO - Evaluate best model on test data for horizon 5, Test MAE: 17.9478, Test RMSE: 29.4987, Test MAPE: 12.2736
2026-01-29 00:03:43,421 - easytorch-training - INFO - Evaluate best model on test data for horizon 6, Test MAE: 18.1559, Test RMSE: 29.8042, Test MAPE: 12.5937
2026-01-29 00:03:43,435 - easytorch-training - INFO - Evaluate best model on test data for horizon 7, Test MAE: 18.3826, Test RMSE: 30.1520, Test MAPE: 12.7341
2026-01-29 00:03:43,449 - easytorch-training - INFO - Evaluate best model on test data for horizon 8, Test MAE: 18.5979, Test RMSE: 30.4927, Test MAPE: 12.8760
2026-01-29 00:03:43,458 - easytorch-training - INFO - Evaluate best model on test data for horizon 9, Test MAE: 18.8014, Test RMSE: 30.8234, Test MAPE: 12.8716
2026-01-29 00:03:43,466 - easytorch-training - INFO - Evaluate best model on test data for horizon 10, Test MAE: 18.9993, Test RMSE: 31.0578, Test MAPE: 13.1941
2026-01-29 00:03:43,478 - easytorch-training - INFO - Evaluate best model on test data for horizon 11, Test MAE: 19.1890, Test RMSE: 31.3714, Test MAPE: 13.4275
2026-01-29 00:03:43,492 - easytorch-training - INFO - Evaluate best model on test data for horizon 12, Test MAE: 19.4450, Test RMSE: 31.6979, Test MAPE: 13.7620
2026-01-29 00:03:43,511 - easytorch-training - INFO - Result <test>: [test_time: 21.34 (s), test_MAE: 18.1632, test_RMSE: 29.7642, test_MAPE: 12.5793]
2026-01-29 00:03:43,877 - easytorch-training - INFO - Checkpoint checkpoints/STMAFNet_300/976492592f92c661f4c4ea004499e56d/STMAFNet_044.pt saved
2026-01-29 00:03:43,878 - easytorch-training - INFO - The estimated training finish time is 2026-01-29 16:03:46
2026-01-29 00:03:43,878 - easytorch-training - INFO - Epoch 45 / 300
2026-01-29 00:06:44,295 - easytorch-training - INFO - Result <train>: [train_time: 180.42 (s), lr: 2.50e-04, train_MAE: 17.2415, train_RMSE: 28.1152, train_MAPE: 13.0732]
2026-01-29 00:06:44,297 - easytorch-training - INFO - Start validation.
2026-01-29 00:07:05,888 - easytorch-training - INFO - Result <val>: [val_time: 21.59 (s), val_MAE: 18.0222, val_RMSE: 28.3286, val_MAPE: 12.4019]
2026-01-29 00:07:06,520 - easytorch-training - INFO - Checkpoint checkpoints/STMAFNet_300/976492592f92c661f4c4ea004499e56d/STMAFNet_best_val_MAE.pt saved
2026-01-29 00:07:27,971 - easytorch-training - INFO - Evaluate best model on test data for horizon 1, Test MAE: 16.4236, Test RMSE: 26.6676, Test MAPE: 11.0508
2026-01-29 00:07:27,985 - easytorch-training - INFO - Evaluate best model on test data for horizon 2, Test MAE: 16.9059, Test RMSE: 27.6182, Test MAPE: 11.5339
2026-01-29 00:07:27,999 - easytorch-training - INFO - Evaluate best model on test data for horizon 3, Test MAE: 17.3272, Test RMSE: 28.3407, Test MAPE: 11.8175
2026-01-29 00:07:28,014 - easytorch-training - INFO - Evaluate best model on test data for horizon 4, Test MAE: 17.6766, Test RMSE: 28.8942, Test MAPE: 11.9849
2026-01-29 00:07:28,028 - easytorch-training - INFO - Evaluate best model on test data for horizon 5, Test MAE: 17.9292, Test RMSE: 29.3835, Test MAPE: 12.2037
2026-01-29 00:07:28,042 - easytorch-training - INFO - Evaluate best model on test data for horizon 6, Test MAE: 18.1367, Test RMSE: 29.7513, Test MAPE: 12.3548
2026-01-29 00:07:28,056 - easytorch-training - INFO - Evaluate best model on test data for horizon 7, Test MAE: 18.3607, Test RMSE: 30.1299, Test MAPE: 12.5586
2026-01-29 00:07:28,070 - easytorch-training - INFO - Evaluate best model on test data for horizon 8, Test MAE: 18.5735, Test RMSE: 30.4321, Test MAPE: 12.7613
2026-01-29 00:07:28,080 - easytorch-training - INFO - Evaluate best model on test data for horizon 9, Test MAE: 18.7552, Test RMSE: 30.7354, Test MAPE: 12.9887
2026-01-29 00:07:28,083 - easytorch-training - INFO - Evaluate best model on test data for horizon 10, Test MAE: 18.9440, Test RMSE: 31.0088, Test MAPE: 13.1595
2026-01-29 00:07:28,098 - easytorch-training - INFO - Evaluate best model on test data for horizon 11, Test MAE: 19.1282, Test RMSE: 31.2705, Test MAPE: 13.4206
2026-01-29 00:07:28,112 - easytorch-training - INFO - Evaluate best model on test data for horizon 12, Test MAE: 19.3695, Test RMSE: 31.6023, Test MAPE: 13.6942
2026-01-29 00:07:28,131 - easytorch-training - INFO - Result <test>: [test_time: 21.61 (s), test_MAE: 18.1275, test_RMSE: 29.6890, test_MAPE: 12.4607]
2026-01-29 00:07:28,497 - easytorch-training - INFO - Checkpoint checkpoints/STMAFNet_300/976492592f92c661f4c4ea004499e56d/STMAFNet_045.pt saved
2026-01-29 00:07:28,498 - easytorch-training - INFO - The estimated training finish time is 2026-01-29 16:03:43
2026-01-29 00:07:28,498 - easytorch-training - INFO - Epoch 46 / 300
2026-01-29 00:10:29,515 - easytorch-training - INFO - Result <train>: [train_time: 181.02 (s), lr: 2.50e-04, train_MAE: 17.2095, train_RMSE: 28.0814, train_MAPE: 13.0441]
2026-01-29 00:10:29,516 - easytorch-training - INFO - Start validation.
2026-01-29 00:10:51,362 - easytorch-training - INFO - Result <val>: [val_time: 21.85 (s), val_MAE: 18.1427, val_RMSE: 28.4264, val_MAPE: 13.1338]
2026-01-29 00:11:12,811 - easytorch-training - INFO - Evaluate best model on test data for horizon 1, Test MAE: 16.5094, Test RMSE: 26.7015, Test MAPE: 11.8522
2026-01-29 00:11:12,825 - easytorch-training - INFO - Evaluate best model on test data for horizon 2, Test MAE: 17.0182, Test RMSE: 27.7036, Test MAPE: 12.2379
2026-01-29 00:11:12,839 - easytorch-training - INFO - Evaluate best model on test data for horizon 3, Test MAE: 17.4515, Test RMSE: 28.4383, Test MAPE: 12.5832
2026-01-29 00:11:12,853 - easytorch-training - INFO - Evaluate best model on test data for horizon 4, Test MAE: 17.7519, Test RMSE: 29.0030, Test MAPE: 12.8011
2026-01-29 00:11:12,867 - easytorch-training - INFO - Evaluate best model on test data for horizon 5, Test MAE: 18.0850, Test RMSE: 29.5137, Test MAPE: 13.1975
2026-01-29 00:11:12,881 - easytorch-training - INFO - Evaluate best model on test data for horizon 6, Test MAE: 18.2854, Test RMSE: 29.8971, Test MAPE: 13.1535
2026-01-29 00:11:12,896 - easytorch-training - INFO - Evaluate best model on test data for horizon 7, Test MAE: 18.5114, Test RMSE: 30.2847, Test MAPE: 13.1413
2026-01-29 00:11:12,906 - easytorch-training - INFO - Evaluate best model on test data for horizon 8, Test MAE: 18.7385, Test RMSE: 30.6154, Test MAPE: 13.5108
2026-01-29 00:11:12,914 - easytorch-training - INFO - Evaluate best model on test data for horizon 9, Test MAE: 18.8605, Test RMSE: 30.8624, Test MAPE: 13.4983
2026-01-29 00:11:12,926 - easytorch-training - INFO - Evaluate best model on test data for horizon 10, Test MAE: 19.0789, Test RMSE: 31.1373, Test MAPE: 13.9344
2026-01-29 00:11:12,940 - easytorch-training - INFO - Evaluate best model on test data for horizon 11, Test MAE: 19.2832, Test RMSE: 31.4260, Test MAPE: 13.9774
2026-01-29 00:11:12,954 - easytorch-training - INFO - Evaluate best model on test data for horizon 12, Test MAE: 19.4399, Test RMSE: 31.7044, Test MAPE: 13.9134
2026-01-29 00:11:12,974 - easytorch-training - INFO - Result <test>: [test_time: 21.61 (s), test_MAE: 18.2512, test_RMSE: 29.8113, test_MAPE: 13.1501]
2026-01-29 00:11:13,339 - easytorch-training - INFO - Checkpoint checkpoints/STMAFNet_300/976492592f92c661f4c4ea004499e56d/STMAFNet_046.pt saved
2026-01-29 00:11:13,340 - easytorch-training - INFO - The estimated training finish time is 2026-01-29 16:03:42
2026-01-29 00:11:13,340 - easytorch-training - INFO - Epoch 47 / 300
2026-01-29 00:14:14,591 - easytorch-training - INFO - Result <train>: [train_time: 181.25 (s), lr: 2.50e-04, train_MAE: 17.1970, train_RMSE: 28.0595, train_MAPE: 13.0508]
2026-01-29 00:14:14,593 - easytorch-training - INFO - Start validation.
2026-01-29 00:14:36,925 - easytorch-training - INFO - Result <val>: [val_time: 22.33 (s), val_MAE: 17.9721, val_RMSE: 28.3509, val_MAPE: 12.3321]
2026-01-29 00:14:37,613 - easytorch-training - INFO - Checkpoint checkpoints/STMAFNet_300/976492592f92c661f4c4ea004499e56d/STMAFNet_best_val_MAE.pt saved
2026-01-29 00:14:59,086 - easytorch-training - INFO - Evaluate best model on test data for horizon 1, Test MAE: 16.3742, Test RMSE: 26.6261, Test MAPE: 11.1300
2026-01-29 00:14:59,100 - easytorch-training - INFO - Evaluate best model on test data for horizon 2, Test MAE: 16.8740, Test RMSE: 27.5960, Test MAPE: 11.5475
2026-01-29 00:14:59,114 - easytorch-training - INFO - Evaluate best model on test data for horizon 3, Test MAE: 17.3089, Test RMSE: 28.3513, Test MAPE: 11.7284
2026-01-29 00:14:59,128 - easytorch-training - INFO - Evaluate best model on test data for horizon 4, Test MAE: 17.6066, Test RMSE: 28.9142, Test MAPE: 12.0955
2026-01-29 00:14:59,143 - easytorch-training - INFO - Evaluate best model on test data for horizon 5, Test MAE: 17.8863, Test RMSE: 29.3922, Test MAPE: 12.4601
2026-01-29 00:14:59,157 - easytorch-training - INFO - Evaluate best model on test data for horizon 6, Test MAE: 18.0803, Test RMSE: 29.7882, Test MAPE: 12.3766
2026-01-29 00:14:59,171 - easytorch-training - INFO - Evaluate best model on test data for horizon 7, Test MAE: 18.3017, Test RMSE: 30.1578, Test MAPE: 12.5783
2026-01-29 00:14:59,180 - easytorch-training - INFO - Evaluate best model on test data for horizon 8, Test MAE: 18.5090, Test RMSE: 30.5000, Test MAPE: 12.5266
2026-01-29 00:14:59,183 - easytorch-training - INFO - Evaluate best model on test data for horizon 9, Test MAE: 18.6975, Test RMSE: 30.8344, Test MAPE: 12.7462
2026-01-29 00:14:59,184 - easytorch-training - INFO - Evaluate best model on test data for horizon 10, Test MAE: 18.8562, Test RMSE: 31.1009, Test MAPE: 12.9299
2026-01-29 00:14:59,197 - easytorch-training - INFO - Evaluate best model on test data for horizon 11, Test MAE: 19.0404, Test RMSE: 31.3275, Test MAPE: 13.4067
2026-01-29 00:14:59,211 - easytorch-training - INFO - Evaluate best model on test data for horizon 12, Test MAE: 19.2658, Test RMSE: 31.6858, Test MAPE: 13.2342
2026-01-29 00:14:59,231 - easytorch-training - INFO - Result <test>: [test_time: 21.62 (s), test_MAE: 18.0668, test_RMSE: 29.7276, test_MAPE: 12.3967]
2026-01-29 00:14:59,616 - easytorch-training - INFO - Checkpoint checkpoints/STMAFNet_300/976492592f92c661f4c4ea004499e56d/STMAFNet_047.pt saved
2026-01-29 00:14:59,617 - easytorch-training - INFO - The estimated training finish time is 2026-01-29 16:03:50
2026-01-29 00:14:59,617 - easytorch-training - INFO - Epoch 48 / 300
2026-01-29 00:18:00,161 - easytorch-training - INFO - Result <train>: [train_time: 180.54 (s), lr: 2.50e-04, train_MAE: 17.1675, train_RMSE: 28.0200, train_MAPE: 13.0128]
2026-01-29 00:18:00,162 - easytorch-training - INFO - Start validation.
2026-01-29 00:18:22,907 - easytorch-training - INFO - Result <val>: [val_time: 22.74 (s), val_MAE: 17.9918, val_RMSE: 28.3728, val_MAPE: 12.3117]
2026-01-29 00:18:44,521 - easytorch-training - INFO - Evaluate best model on test data for horizon 1, Test MAE: 16.4089, Test RMSE: 26.6700, Test MAPE: 11.0534
2026-01-29 00:18:44,535 - easytorch-training - INFO - Evaluate best model on test data for horizon 2, Test MAE: 16.8792, Test RMSE: 27.6134, Test MAPE: 11.4426
2026-01-29 00:18:44,546 - easytorch-training - INFO - Evaluate best model on test data for horizon 3, Test MAE: 17.3232, Test RMSE: 28.3864, Test MAPE: 11.7106
2026-01-29 00:18:44,554 - easytorch-training - INFO - Evaluate best model on test data for horizon 4, Test MAE: 17.6569, Test RMSE: 28.9682, Test MAPE: 12.1860
2026-01-29 00:18:44,564 - easytorch-training - INFO - Evaluate best model on test data for horizon 5, Test MAE: 17.9103, Test RMSE: 29.4554, Test MAPE: 12.2804
2026-01-29 00:18:44,572 - easytorch-training - INFO - Evaluate best model on test data for horizon 6, Test MAE: 18.1455, Test RMSE: 29.9191, Test MAPE: 12.4509
2026-01-29 00:18:44,580 - easytorch-training - INFO - Evaluate best model on test data for horizon 7, Test MAE: 18.3438, Test RMSE: 30.2354, Test MAPE: 12.5699
2026-01-29 00:18:44,592 - easytorch-training - INFO - Evaluate best model on test data for horizon 8, Test MAE: 18.5396, Test RMSE: 30.5471, Test MAPE: 12.6507
2026-01-29 00:18:44,606 - easytorch-training - INFO - Evaluate best model on test data for horizon 9, Test MAE: 18.7225, Test RMSE: 30.8455, Test MAPE: 12.8412
2026-01-29 00:18:44,620 - easytorch-training - INFO - Evaluate best model on test data for horizon 10, Test MAE: 18.9142, Test RMSE: 31.1301, Test MAPE: 13.0905
2026-01-29 00:18:44,635 - easytorch-training - INFO - Evaluate best model on test data for horizon 11, Test MAE: 19.0983, Test RMSE: 31.3841, Test MAPE: 13.0948
2026-01-29 00:18:44,649 - easytorch-training - INFO - Evaluate best model on test data for horizon 12, Test MAE: 19.3054, Test RMSE: 31.6788, Test MAPE: 13.2666
2026-01-29 00:18:44,668 - easytorch-training - INFO - Result <test>: [test_time: 21.76 (s), test_MAE: 18.1040, test_RMSE: 29.7740, test_MAPE: 12.3865]
2026-01-29 00:18:45,115 - easytorch-training - INFO - Checkpoint checkpoints/STMAFNet_300/976492592f92c661f4c4ea004499e56d/STMAFNet_048.pt saved
2026-01-29 00:18:45,116 - easytorch-training - INFO - The estimated training finish time is 2026-01-29 16:03:53
2026-01-29 00:18:45,116 - easytorch-training - INFO - Epoch 49 / 300
2026-01-29 00:21:45,117 - easytorch-training - INFO - Result <train>: [train_time: 180.00 (s), lr: 2.50e-04, train_MAE: 17.1394, train_RMSE: 28.0011, train_MAPE: 12.9977]
2026-01-29 00:21:45,117 - easytorch-training - INFO - Start validation.
2026-01-29 00:22:07,839 - easytorch-training - INFO - Result <val>: [val_time: 22.72 (s), val_MAE: 18.0129, val_RMSE: 28.4545, val_MAPE: 12.3810]
2026-01-29 00:22:29,739 - easytorch-training - INFO - Evaluate best model on test data for horizon 1, Test MAE: 16.3990, Test RMSE: 26.6984, Test MAPE: 10.9929
2026-01-29 00:22:29,754 - easytorch-training - INFO - Evaluate best model on test data for horizon 2, Test MAE: 16.8862, Test RMSE: 27.6822, Test MAPE: 11.5235
2026-01-29 00:22:29,768 - easytorch-training - INFO - Evaluate best model on test data for horizon 3, Test MAE: 17.3409, Test RMSE: 28.4808, Test MAPE: 12.0190
2026-01-29 00:22:29,782 - easytorch-training - INFO - Evaluate best model on test data for horizon 4, Test MAE: 17.6688, Test RMSE: 29.0573, Test MAPE: 12.0026
2026-01-29 00:22:29,796 - easytorch-training - INFO - Evaluate best model on test data for horizon 5, Test MAE: 17.9280, Test RMSE: 29.5669, Test MAPE: 12.1207
2026-01-29 00:22:29,810 - easytorch-training - INFO - Evaluate best model on test data for horizon 6, Test MAE: 18.1636, Test RMSE: 29.9755, Test MAPE: 12.5349
2026-01-29 00:22:29,821 - easytorch-training - INFO - Evaluate best model on test data for horizon 7, Test MAE: 18.3811, Test RMSE: 30.3233, Test MAPE: 12.7228
2026-01-29 00:22:29,829 - easytorch-training - INFO - Evaluate best model on test data for horizon 8, Test MAE: 18.5936, Test RMSE: 30.6189, Test MAPE: 12.9457
2026-01-29 00:22:29,839 - easytorch-training - INFO - Evaluate best model on test data for horizon 9, Test MAE: 18.7555, Test RMSE: 30.8783, Test MAPE: 12.9850
2026-01-29 00:22:29,853 - easytorch-training - INFO - Evaluate best model on test data for horizon 10, Test MAE: 18.9546, Test RMSE: 31.2329, Test MAPE: 13.1961
2026-01-29 00:22:29,868 - easytorch-training - INFO - Evaluate best model on test data for horizon 11, Test MAE: 19.1570, Test RMSE: 31.5333, Test MAPE: 12.9585
2026-01-29 00:22:29,882 - easytorch-training - INFO - Evaluate best model on test data for horizon 12, Test MAE: 19.3733, Test RMSE: 31.8083, Test MAPE: 13.6197
2026-01-29 00:22:29,900 - easytorch-training - INFO - Result <test>: [test_time: 22.06 (s), test_MAE: 18.1335, test_RMSE: 29.8600, test_MAPE: 12.4685]
2026-01-29 00:22:30,265 - easytorch-training - INFO - Checkpoint checkpoints/STMAFNet_300/976492592f92c661f4c4ea004499e56d/STMAFNet_049.pt saved
2026-01-29 00:22:30,266 - easytorch-training - INFO - The estimated training finish time is 2026-01-29 16:03:54
2026-01-29 00:22:30,266 - easytorch-training - INFO - Epoch 50 / 300
2026-01-29 00:25:29,794 - easytorch-training - INFO - Result <train>: [train_time: 179.53 (s), lr: 2.50e-04, train_MAE: 17.1046, train_RMSE: 27.9312, train_MAPE: 12.9805]
2026-01-29 00:25:29,795 - easytorch-training - INFO - Start validation.
2026-01-29 00:25:52,611 - easytorch-training - INFO - Result <val>: [val_time: 22.81 (s), val_MAE: 18.0143, val_RMSE: 28.4464, val_MAPE: 12.1987]
2026-01-29 00:26:14,471 - easytorch-training - INFO - Evaluate best model on test data for horizon 1, Test MAE: 16.3991, Test RMSE: 26.7140, Test MAPE: 11.0546
2026-01-29 00:26:14,479 - easytorch-training - INFO - Evaluate best model on test data for horizon 2, Test MAE: 16.9295, Test RMSE: 27.7493, Test MAPE: 11.4695
2026-01-29 00:26:14,493 - easytorch-training - INFO - Evaluate best model on test data for horizon 3, Test MAE: 17.3380, Test RMSE: 28.5001, Test MAPE: 11.7608
2026-01-29 00:26:14,507 - easytorch-training - INFO - Evaluate best model on test data for horizon 4, Test MAE: 17.6877, Test RMSE: 29.1109, Test MAPE: 11.8917
2026-01-29 00:26:14,522 - easytorch-training - INFO - Evaluate best model on test data for horizon 5, Test MAE: 17.9059, Test RMSE: 29.5281, Test MAPE: 12.1158
2026-01-29 00:26:14,536 - easytorch-training - INFO - Evaluate best model on test data for horizon 6, Test MAE: 18.1148, Test RMSE: 29.8947, Test MAPE: 12.2563
2026-01-29 00:26:14,550 - easytorch-training - INFO - Evaluate best model on test data for horizon 7, Test MAE: 18.3259, Test RMSE: 30.2095, Test MAPE: 12.4067
2026-01-29 00:26:14,562 - easytorch-training - INFO - Evaluate best model on test data for horizon 8, Test MAE: 18.5562, Test RMSE: 30.5859, Test MAPE: 12.5251
2026-01-29 00:26:14,570 - easytorch-training - INFO - Evaluate best model on test data for horizon 9, Test MAE: 18.7295, Test RMSE: 30.8556, Test MAPE: 12.7057
2026-01-29 00:26:14,580 - easytorch-training - INFO - Evaluate best model on test data for horizon 10, Test MAE: 18.9315, Test RMSE: 31.1650, Test MAPE: 12.8340
2026-01-29 00:26:14,594 - easytorch-training - INFO - Evaluate best model on test data for horizon 11, Test MAE: 19.1034, Test RMSE: 31.3724, Test MAPE: 13.0774
2026-01-29 00:26:14,608 - easytorch-training - INFO - Evaluate best model on test data for horizon 12, Test MAE: 19.3232, Test RMSE: 31.6862, Test MAPE: 13.2681
2026-01-29 00:26:14,628 - easytorch-training - INFO - Result <test>: [test_time: 22.02 (s), test_MAE: 18.1121, test_RMSE: 29.8170, test_MAPE: 12.2805]
2026-01-29 00:26:14,995 - easytorch-training - INFO - Checkpoint checkpoints/STMAFNet_300/976492592f92c661f4c4ea004499e56d/STMAFNet_050.pt saved
2026-01-29 00:26:15,030 - easytorch-training - INFO - The estimated training finish time is 2026-01-29 16:03:52
2026-01-29 00:26:15,030 - easytorch-training - INFO - Epoch 51 / 300
2026-01-29 00:29:14,726 - easytorch-training - INFO - Result <train>: [train_time: 179.70 (s), lr: 2.50e-04, train_MAE: 17.1032, train_RMSE: 27.9280, train_MAPE: 12.9578]
2026-01-29 00:29:14,728 - easytorch-training - INFO - Start validation.
2026-01-29 00:29:37,544 - easytorch-training - INFO - Result <val>: [val_time: 22.82 (s), val_MAE: 18.0711, val_RMSE: 28.4218, val_MAPE: 12.8001]
2026-01-29 00:29:59,454 - easytorch-training - INFO - Evaluate best model on test data for horizon 1, Test MAE: 16.5186, Test RMSE: 26.7234, Test MAPE: 11.8027
2026-01-29 00:29:59,462 - easytorch-training - INFO - Evaluate best model on test data for horizon 2, Test MAE: 16.9409, Test RMSE: 27.6657, Test MAPE: 11.9512
2026-01-29 00:29:59,470 - easytorch-training - INFO - Evaluate best model on test data for horizon 3, Test MAE: 17.4373, Test RMSE: 28.4406, Test MAPE: 12.5164
2026-01-29 00:29:59,480 - easytorch-training - INFO - Evaluate best model on test data for horizon 4, Test MAE: 17.7146, Test RMSE: 28.9894, Test MAPE: 12.4280
2026-01-29 00:29:59,490 - easytorch-training - INFO - Evaluate best model on test data for horizon 5, Test MAE: 17.9887, Test RMSE: 29.4951, Test MAPE: 12.6998
2026-01-29 00:29:59,504 - easytorch-training - INFO - Evaluate best model on test data for horizon 6, Test MAE: 18.2107, Test RMSE: 29.9137, Test MAPE: 12.7698
2026-01-29 00:29:59,518 - easytorch-training - INFO - Evaluate best model on test data for horizon 7, Test MAE: 18.4247, Test RMSE: 30.2887, Test MAPE: 12.9662
2026-01-29 00:29:59,532 - easytorch-training - INFO - Evaluate best model on test data for horizon 8, Test MAE: 18.6837, Test RMSE: 30.5885, Test MAPE: 13.4680
2026-01-29 00:29:59,547 - easytorch-training - INFO - Evaluate best model on test data for horizon 9, Test MAE: 18.8551, Test RMSE: 30.9219, Test MAPE: 13.3560
2026-01-29 00:29:59,561 - easytorch-training - INFO - Evaluate best model on test data for horizon 10, Test MAE: 19.0121, Test RMSE: 31.1944, Test MAPE: 13.3127
2026-01-29 00:29:59,575 - easytorch-training - INFO - Evaluate best model on test data for horizon 11, Test MAE: 19.1874, Test RMSE: 31.4258, Test MAPE: 13.3776
2026-01-29 00:29:59,589 - easytorch-training - INFO - Evaluate best model on test data for horizon 12, Test MAE: 19.4303, Test RMSE: 31.7609, Test MAPE: 13.4568
2026-01-29 00:29:59,609 - easytorch-training - INFO - Result <test>: [test_time: 22.06 (s), test_MAE: 18.2004, test_RMSE: 29.8220, test_MAPE: 12.8421]
2026-01-29 00:29:59,973 - easytorch-training - INFO - Checkpoint checkpoints/STMAFNet_300/976492592f92c661f4c4ea004499e56d/STMAFNet_051.pt saved
2026-01-29 00:29:59,974 - easytorch-training - INFO - The estimated training finish time is 2026-01-29 16:03:52
2026-01-29 00:29:59,974 - easytorch-training - INFO - Epoch 52 / 300
2026-01-29 00:32:59,718 - easytorch-training - INFO - Result <train>: [train_time: 179.74 (s), lr: 2.50e-04, train_MAE: 17.0920, train_RMSE: 27.9106, train_MAPE: 12.9139]
2026-01-29 00:32:59,720 - easytorch-training - INFO - Start validation.
2026-01-29 00:33:22,515 - easytorch-training - INFO - Result <val>: [val_time: 22.79 (s), val_MAE: 18.0552, val_RMSE: 28.3798, val_MAPE: 12.1141]
2026-01-29 00:33:43,781 - easytorch-training - INFO - Evaluate best model on test data for horizon 1, Test MAE: 16.4134, Test RMSE: 26.6714, Test MAPE: 11.0130
2026-01-29 00:33:43,795 - easytorch-training - INFO - Evaluate best model on test data for horizon 2, Test MAE: 16.9313, Test RMSE: 27.6743, Test MAPE: 11.3726
2026-01-29 00:33:43,808 - easytorch-training - INFO - Evaluate best model on test data for horizon 3, Test MAE: 17.3357, Test RMSE: 28.4047, Test MAPE: 11.6788
2026-01-29 00:33:43,816 - easytorch-training - INFO - Evaluate best model on test data for horizon 4, Test MAE: 17.6783, Test RMSE: 28.9993, Test MAPE: 11.8948
2026-01-29 00:33:43,824 - easytorch-training - INFO - Evaluate best model on test data for horizon 5, Test MAE: 17.9558, Test RMSE: 29.4708, Test MAPE: 12.0340
2026-01-29 00:33:43,836 - easytorch-training - INFO - Evaluate best model on test data for horizon 6, Test MAE: 18.1690, Test RMSE: 29.8431, Test MAPE: 12.2116
2026-01-29 00:33:43,850 - easytorch-training - INFO - Evaluate best model on test data for horizon 7, Test MAE: 18.4166, Test RMSE: 30.2106, Test MAPE: 12.2771
2026-01-29 00:33:43,864 - easytorch-training - INFO - Evaluate best model on test data for horizon 8, Test MAE: 18.5806, Test RMSE: 30.4899, Test MAPE: 12.4850
2026-01-29 00:33:43,878 - easytorch-training - INFO - Evaluate best model on test data for horizon 9, Test MAE: 18.8308, Test RMSE: 30.8422, Test MAPE: 12.5644
2026-01-29 00:33:43,892 - easytorch-training - INFO - Evaluate best model on test data for horizon 10, Test MAE: 19.0284, Test RMSE: 31.1114, Test MAPE: 12.7224
2026-01-29 00:33:43,907 - easytorch-training - INFO - Evaluate best model on test data for horizon 11, Test MAE: 19.2786, Test RMSE: 31.3865, Test MAPE: 12.9494
2026-01-29 00:33:43,915 - easytorch-training - INFO - Evaluate best model on test data for horizon 12, Test MAE: 19.4219, Test RMSE: 31.6522, Test MAPE: 13.0543
2026-01-29 00:33:43,929 - easytorch-training - INFO - Result <test>: [test_time: 21.41 (s), test_MAE: 18.1701, test_RMSE: 29.7666, test_MAPE: 12.1881]
2026-01-29 00:33:44,292 - easytorch-training - INFO - Checkpoint checkpoints/STMAFNet_300/976492592f92c661f4c4ea004499e56d/STMAFNet_052.pt saved
2026-01-29 00:33:44,293 - easytorch-training - INFO - The estimated training finish time is 2026-01-29 16:03:48
2026-01-29 00:33:44,293 - easytorch-training - INFO - Epoch 53 / 300
2026-01-29 00:36:44,480 - easytorch-training - INFO - Result <train>: [train_time: 180.19 (s), lr: 2.50e-04, train_MAE: 17.0294, train_RMSE: 27.8231, train_MAPE: 12.9488]
2026-01-29 00:36:44,482 - easytorch-training - INFO - Start validation.
2026-01-29 00:37:06,478 - easytorch-training - INFO - Result <val>: [val_time: 22.00 (s), val_MAE: 18.0104, val_RMSE: 28.3668, val_MAPE: 12.2367]
2026-01-29 00:37:27,870 - easytorch-training - INFO - Evaluate best model on test data for horizon 1, Test MAE: 16.4214, Test RMSE: 26.6620, Test MAPE: 11.0950
2026-01-29 00:37:27,884 - easytorch-training - INFO - Evaluate best model on test data for horizon 2, Test MAE: 16.9014, Test RMSE: 27.6247, Test MAPE: 11.4320
2026-01-29 00:37:27,895 - easytorch-training - INFO - Evaluate best model on test data for horizon 3, Test MAE: 17.3253, Test RMSE: 28.3950, Test MAPE: 11.8621
2026-01-29 00:37:27,903 - easytorch-training - INFO - Evaluate best model on test data for horizon 4, Test MAE: 17.7043, Test RMSE: 29.0074, Test MAPE: 12.3321
2026-01-29 00:37:27,915 - easytorch-training - INFO - Evaluate best model on test data for horizon 5, Test MAE: 17.9270, Test RMSE: 29.4825, Test MAPE: 12.2057
2026-01-29 00:37:27,929 - easytorch-training - INFO - Evaluate best model on test data for horizon 6, Test MAE: 18.1414, Test RMSE: 29.8594, Test MAPE: 12.2391
2026-01-29 00:37:27,943 - easytorch-training - INFO - Evaluate best model on test data for horizon 7, Test MAE: 18.3799, Test RMSE: 30.2267, Test MAPE: 12.3295
2026-01-29 00:37:27,957 - easytorch-training - INFO - Evaluate best model on test data for horizon 8, Test MAE: 18.5613, Test RMSE: 30.5004, Test MAPE: 12.4277
2026-01-29 00:37:27,971 - easytorch-training - INFO - Evaluate best model on test data for horizon 9, Test MAE: 18.7523, Test RMSE: 30.8040, Test MAPE: 12.5335
2026-01-29 00:37:27,984 - easytorch-training - INFO - Evaluate best model on test data for horizon 10, Test MAE: 18.9138, Test RMSE: 31.0397, Test MAPE: 12.8582
2026-01-29 00:37:27,991 - easytorch-training - INFO - Evaluate best model on test data for horizon 11, Test MAE: 19.0924, Test RMSE: 31.2858, Test MAPE: 13.2272
2026-01-29 00:37:28,006 - easytorch-training - INFO - Evaluate best model on test data for horizon 12, Test MAE: 19.3000, Test RMSE: 31.5874, Test MAPE: 13.1518
2026-01-29 00:37:28,025 - easytorch-training - INFO - Result <test>: [test_time: 21.55 (s), test_MAE: 18.1184, test_RMSE: 29.7424, test_MAPE: 12.3078]
2026-01-29 00:37:28,391 - easytorch-training - INFO - Checkpoint checkpoints/STMAFNet_300/976492592f92c661f4c4ea004499e56d/STMAFNet_053.pt saved
2026-01-29 00:37:28,392 - easytorch-training - INFO - The estimated training finish time is 2026-01-29 16:03:42
2026-01-29 00:37:28,392 - easytorch-training - INFO - Epoch 54 / 300
2026-01-29 00:40:28,215 - easytorch-training - INFO - Result <train>: [train_time: 179.82 (s), lr: 2.50e-04, train_MAE: 17.0185, train_RMSE: 27.8078, train_MAPE: 12.9059]
2026-01-29 00:40:28,217 - easytorch-training - INFO - Start validation.
2026-01-29 00:40:50,466 - easytorch-training - INFO - Result <val>: [val_time: 22.25 (s), val_MAE: 18.1194, val_RMSE: 28.4052, val_MAPE: 12.7165]
2026-01-29 00:41:12,385 - easytorch-training - INFO - Evaluate best model on test data for horizon 1, Test MAE: 16.4968, Test RMSE: 26.7233, Test MAPE: 11.2404
2026-01-29 00:41:12,392 - easytorch-training - INFO - Evaluate best model on test data for horizon 2, Test MAE: 17.0432, Test RMSE: 27.7414, Test MAPE: 11.9423
2026-01-29 00:41:12,404 - easytorch-training - INFO - Evaluate best model on test data for horizon 3, Test MAE: 17.4752, Test RMSE: 28.4890, Test MAPE: 12.2925
2026-01-29 00:41:12,413 - easytorch-training - INFO - Evaluate best model on test data for horizon 4, Test MAE: 17.8164, Test RMSE: 29.0751, Test MAPE: 12.6332
2026-01-29 00:41:12,425 - easytorch-training - INFO - Evaluate best model on test data for horizon 5, Test MAE: 18.0457, Test RMSE: 29.5310, Test MAPE: 12.5834
2026-01-29 00:41:12,439 - easytorch-training - INFO - Evaluate best model on test data for horizon 6, Test MAE: 18.2988, Test RMSE: 29.9708, Test MAPE: 12.5701
2026-01-29 00:41:12,454 - easytorch-training - INFO - Evaluate best model on test data for horizon 7, Test MAE: 18.5434, Test RMSE: 30.3465, Test MAPE: 12.9920
2026-01-29 00:41:12,468 - easytorch-training - INFO - Evaluate best model on test data for horizon 8, Test MAE: 18.7757, Test RMSE: 30.7044, Test MAPE: 13.0440
2026-01-29 00:41:12,482 - easytorch-training - INFO - Evaluate best model on test data for horizon 9, Test MAE: 18.9574, Test RMSE: 31.0147, Test MAPE: 13.4097
2026-01-29 00:41:12,496 - easytorch-training - INFO - Evaluate best model on test data for horizon 10, Test MAE: 19.1536, Test RMSE: 31.2883, Test MAPE: 13.6174
2026-01-29 00:41:12,510 - easytorch-training - INFO - Evaluate best model on test data for horizon 11, Test MAE: 19.3649, Test RMSE: 31.5549, Test MAPE: 13.8041
2026-01-29 00:41:12,524 - easytorch-training - INFO - Evaluate best model on test data for horizon 12, Test MAE: 19.5241, Test RMSE: 31.8185, Test MAPE: 13.6761
2026-01-29 00:41:12,544 - easytorch-training - INFO - Result <test>: [test_time: 22.08 (s), test_MAE: 18.2913, test_RMSE: 29.8939, test_MAPE: 12.8171]
2026-01-29 00:41:12,910 - easytorch-training - INFO - Checkpoint checkpoints/STMAFNet_300/976492592f92c661f4c4ea004499e56d/STMAFNet_054.pt saved
2026-01-29 00:41:12,911 - easytorch-training - INFO - The estimated training finish time is 2026-01-29 16:03:40
2026-01-29 00:41:12,911 - easytorch-training - INFO - Epoch 55 / 300
2026-01-29 00:44:13,108 - easytorch-training - INFO - Result <train>: [train_time: 180.20 (s), lr: 1.25e-04, train_MAE: 16.9078, train_RMSE: 27.6755, train_MAPE: 12.7789]
2026-01-29 00:44:13,109 - easytorch-training - INFO - Start validation.
2026-01-29 00:44:35,389 - easytorch-training - INFO - Result <val>: [val_time: 22.28 (s), val_MAE: 17.9633, val_RMSE: 28.3017, val_MAPE: 12.2346]
2026-01-29 00:44:36,296 - easytorch-training - INFO - Checkpoint checkpoints/STMAFNet_300/976492592f92c661f4c4ea004499e56d/STMAFNet_best_val_MAE.pt saved
2026-01-29 00:44:58,243 - easytorch-training - INFO - Evaluate best model on test data for horizon 1, Test MAE: 16.3930, Test RMSE: 26.6594, Test MAPE: 11.1918
2026-01-29 00:44:58,257 - easytorch-training - INFO - Evaluate best model on test data for horizon 2, Test MAE: 16.8655, Test RMSE: 27.6254, Test MAPE: 11.4417
2026-01-29 00:44:58,271 - easytorch-training - INFO - Evaluate best model on test data for horizon 3, Test MAE: 17.2931, Test RMSE: 28.3754, Test MAPE: 11.8157
2026-01-29 00:44:58,285 - easytorch-training - INFO - Evaluate best model on test data for horizon 4, Test MAE: 17.6118, Test RMSE: 28.9252, Test MAPE: 11.9622
2026-01-29 00:44:58,298 - easytorch-training - INFO - Evaluate best model on test data for horizon 5, Test MAE: 17.8932, Test RMSE: 29.4185, Test MAPE: 12.1171
2026-01-29 00:44:58,301 - easytorch-training - INFO - Evaluate best model on test data for horizon 6, Test MAE: 18.1198, Test RMSE: 29.8155, Test MAPE: 12.2728
2026-01-29 00:44:58,302 - easytorch-training - INFO - Evaluate best model on test data for horizon 7, Test MAE: 18.3363, Test RMSE: 30.1465, Test MAPE: 12.4875
2026-01-29 00:44:58,303 - easytorch-training - INFO - Evaluate best model on test data for horizon 8, Test MAE: 18.5322, Test RMSE: 30.4664, Test MAPE: 12.5620
2026-01-29 00:44:58,304 - easytorch-training - INFO - Evaluate best model on test data for horizon 9, Test MAE: 18.7448, Test RMSE: 30.7665, Test MAPE: 12.7285
2026-01-29 00:44:58,306 - easytorch-training - INFO - Evaluate best model on test data for horizon 10, Test MAE: 18.9243, Test RMSE: 31.0467, Test MAPE: 12.8425
2026-01-29 00:44:58,308 - easytorch-training - INFO - Evaluate best model on test data for horizon 11, Test MAE: 19.1152, Test RMSE: 31.3138, Test MAPE: 12.9767
2026-01-29 00:44:58,322 - easytorch-training - INFO - Evaluate best model on test data for horizon 12, Test MAE: 19.3281, Test RMSE: 31.5976, Test MAPE: 13.2893
2026-01-29 00:44:58,341 - easytorch-training - INFO - Result <test>: [test_time: 22.04 (s), test_MAE: 18.0965, test_RMSE: 29.7162, test_MAPE: 12.3073]
2026-01-29 00:44:58,705 - easytorch-training - INFO - Checkpoint checkpoints/STMAFNet_300/976492592f92c661f4c4ea004499e56d/STMAFNet_055.pt saved
2026-01-29 00:44:58,706 - easytorch-training - INFO - The estimated training finish time is 2026-01-29 16:03:44
2026-01-29 00:44:58,706 - easytorch-training - INFO - Epoch 56 / 300
2026-01-29 00:47:59,594 - easytorch-training - INFO - Result <train>: [train_time: 180.89 (s), lr: 1.25e-04, train_MAE: 16.8621, train_RMSE: 27.6223, train_MAPE: 12.7519]
2026-01-29 00:47:59,596 - easytorch-training - INFO - Start validation.
2026-01-29 00:48:21,827 - easytorch-training - INFO - Result <val>: [val_time: 22.23 (s), val_MAE: 17.9074, val_RMSE: 28.3520, val_MAPE: 12.4005]
2026-01-29 00:48:22,626 - easytorch-training - INFO - Checkpoint checkpoints/STMAFNet_300/976492592f92c661f4c4ea004499e56d/STMAFNet_best_val_MAE.pt saved
2026-01-29 00:48:44,037 - easytorch-training - INFO - Evaluate best model on test data for horizon 1, Test MAE: 16.3557, Test RMSE: 26.6914, Test MAPE: 11.2152
2026-01-29 00:48:44,051 - easytorch-training - INFO - Evaluate best model on test data for horizon 2, Test MAE: 16.8454, Test RMSE: 27.6706, Test MAPE: 11.5850
2026-01-29 00:48:44,065 - easytorch-training - INFO - Evaluate best model on test data for horizon 3, Test MAE: 17.2696, Test RMSE: 28.4210, Test MAPE: 12.0267
2026-01-29 00:48:44,079 - easytorch-training - INFO - Evaluate best model on test data for horizon 4, Test MAE: 17.5783, Test RMSE: 28.9850, Test MAPE: 12.1181
2026-01-29 00:48:44,093 - easytorch-training - INFO - Evaluate best model on test data for horizon 5, Test MAE: 17.8620, Test RMSE: 29.5017, Test MAPE: 12.3922
2026-01-29 00:48:44,108 - easytorch-training - INFO - Evaluate best model on test data for horizon 6, Test MAE: 18.0613, Test RMSE: 29.8543, Test MAPE: 12.3757
2026-01-29 00:48:44,122 - easytorch-training - INFO - Evaluate best model on test data for horizon 7, Test MAE: 18.2806, Test RMSE: 30.2014, Test MAPE: 12.6212
2026-01-29 00:48:44,136 - easytorch-training - INFO - Evaluate best model on test data for horizon 8, Test MAE: 18.4792, Test RMSE: 30.5074, Test MAPE: 12.9173
2026-01-29 00:48:44,150 - easytorch-training - INFO - Evaluate best model on test data for horizon 9, Test MAE: 18.6570, Test RMSE: 30.8252, Test MAPE: 12.8363
2026-01-29 00:48:44,163 - easytorch-training - INFO - Evaluate best model on test data for horizon 10, Test MAE: 18.8317, Test RMSE: 31.0635, Test MAPE: 13.1069
2026-01-29 00:48:44,165 - easytorch-training - INFO - Evaluate best model on test data for horizon 11, Test MAE: 19.0469, Test RMSE: 31.3647, Test MAPE: 13.3504
2026-01-29 00:48:44,167 - easytorch-training - INFO - Evaluate best model on test data for horizon 12, Test MAE: 19.2225, Test RMSE: 31.6125, Test MAPE: 13.4377
2026-01-29 00:48:44,173 - easytorch-training - INFO - Result <test>: [test_time: 21.54 (s), test_MAE: 18.0409, test_RMSE: 29.7611, test_MAPE: 12.4986]
2026-01-29 00:48:44,628 - easytorch-training - INFO - Checkpoint checkpoints/STMAFNet_300/976492592f92c661f4c4ea004499e56d/STMAFNet_056.pt saved
2026-01-29 00:48:44,629 - easytorch-training - INFO - The estimated training finish time is 2026-01-29 16:03:49
2026-01-29 00:48:44,629 - easytorch-training - INFO - Epoch 57 / 300
2026-01-29 00:51:45,953 - easytorch-training - INFO - Result <train>: [train_time: 181.32 (s), lr: 1.25e-04, train_MAE: 16.8400, train_RMSE: 27.5963, train_MAPE: 12.7358]
2026-01-29 00:51:45,955 - easytorch-training - INFO - Start validation.
2026-01-29 00:52:08,485 - easytorch-training - INFO - Result <val>: [val_time: 22.53 (s), val_MAE: 17.8984, val_RMSE: 28.2898, val_MAPE: 12.1623]
2026-01-29 00:52:09,277 - easytorch-training - INFO - Checkpoint checkpoints/STMAFNet_300/976492592f92c661f4c4ea004499e56d/STMAFNet_best_val_MAE.pt saved
2026-01-29 00:52:30,628 - easytorch-training - INFO - Evaluate best model on test data for horizon 1, Test MAE: 16.3589, Test RMSE: 26.6358, Test MAPE: 11.0442
2026-01-29 00:52:30,642 - easytorch-training - INFO - Evaluate best model on test data for horizon 2, Test MAE: 16.8568, Test RMSE: 27.6510, Test MAPE: 11.5460
2026-01-29 00:52:30,655 - easytorch-training - INFO - Evaluate best model on test data for horizon 3, Test MAE: 17.2946, Test RMSE: 28.4101, Test MAPE: 11.8453
2026-01-29 00:52:30,663 - easytorch-training - INFO - Evaluate best model on test data for horizon 4, Test MAE: 17.5897, Test RMSE: 28.9771, Test MAPE: 11.9705
2026-01-29 00:52:30,667 - easytorch-training - INFO - Evaluate best model on test data for horizon 5, Test MAE: 17.8782, Test RMSE: 29.4764, Test MAPE: 12.1570
2026-01-29 00:52:30,671 - easytorch-training - INFO - Evaluate best model on test data for horizon 6, Test MAE: 18.1032, Test RMSE: 29.8706, Test MAPE: 12.2907
2026-01-29 00:52:30,685 - easytorch-training - INFO - Evaluate best model on test data for horizon 7, Test MAE: 18.3160, Test RMSE: 30.2259, Test MAPE: 12.3303
2026-01-29 00:52:30,699 - easytorch-training - INFO - Evaluate best model on test data for horizon 8, Test MAE: 18.5216, Test RMSE: 30.5526, Test MAPE: 12.6248
2026-01-29 00:52:30,713 - easytorch-training - INFO - Evaluate best model on test data for horizon 9, Test MAE: 18.6882, Test RMSE: 30.8437, Test MAPE: 12.7077
2026-01-29 00:52:30,728 - easytorch-training - INFO - Evaluate best model on test data for horizon 10, Test MAE: 18.8603, Test RMSE: 31.1085, Test MAPE: 12.8583
2026-01-29 00:52:30,742 - easytorch-training - INFO - Evaluate best model on test data for horizon 11, Test MAE: 19.0376, Test RMSE: 31.3598, Test MAPE: 12.9279
2026-01-29 00:52:30,756 - easytorch-training - INFO - Evaluate best model on test data for horizon 12, Test MAE: 19.2524, Test RMSE: 31.6296, Test MAPE: 13.0288
2026-01-29 00:52:30,776 - easytorch-training - INFO - Result <test>: [test_time: 21.50 (s), test_MAE: 18.0631, test_RMSE: 29.7657, test_MAPE: 12.2776]
2026-01-29 00:52:31,138 - easytorch-training - INFO - Checkpoint checkpoints/STMAFNet_300/976492592f92c661f4c4ea004499e56d/STMAFNet_057.pt saved
2026-01-29 00:52:31,139 - easytorch-training - INFO - The estimated training finish time is 2026-01-29 16:03:57
2026-01-29 00:52:31,139 - easytorch-training - INFO - Epoch 58 / 300
2026-01-29 00:55:31,907 - easytorch-training - INFO - Result <train>: [train_time: 180.77 (s), lr: 1.25e-04, train_MAE: 16.8147, train_RMSE: 27.5536, train_MAPE: 12.7082]
2026-01-29 00:55:31,908 - easytorch-training - INFO - Start validation.
2026-01-29 00:55:54,722 - easytorch-training - INFO - Result <val>: [val_time: 22.81 (s), val_MAE: 17.9171, val_RMSE: 28.3132, val_MAPE: 12.3117]
2026-01-29 00:56:16,422 - easytorch-training - INFO - Evaluate best model on test data for horizon 1, Test MAE: 16.3725, Test RMSE: 26.6352, Test MAPE: 11.3516
2026-01-29 00:56:16,436 - easytorch-training - INFO - Evaluate best model on test data for horizon 2, Test MAE: 16.8753, Test RMSE: 27.6355, Test MAPE: 11.7219
2026-01-29 00:56:16,450 - easytorch-training - INFO - Evaluate best model on test data for horizon 3, Test MAE: 17.3202, Test RMSE: 28.4080, Test MAPE: 12.1485
2026-01-29 00:56:16,464 - easytorch-training - INFO - Evaluate best model on test data for horizon 4, Test MAE: 17.6001, Test RMSE: 28.9749, Test MAPE: 12.0313
2026-01-29 00:56:16,479 - easytorch-training - INFO - Evaluate best model on test data for horizon 5, Test MAE: 17.8945, Test RMSE: 29.4689, Test MAPE: 12.3805
2026-01-29 00:56:16,492 - easytorch-training - INFO - Evaluate best model on test data for horizon 6, Test MAE: 18.0748, Test RMSE: 29.8603, Test MAPE: 12.3112
2026-01-29 00:56:16,500 - easytorch-training - INFO - Evaluate best model on test data for horizon 7, Test MAE: 18.3070, Test RMSE: 30.2216, Test MAPE: 12.4657
2026-01-29 00:56:16,514 - easytorch-training - INFO - Evaluate best model on test data for horizon 8, Test MAE: 18.4761, Test RMSE: 30.4948, Test MAPE: 12.5836
2026-01-29 00:56:16,522 - easytorch-training - INFO - Evaluate best model on test data for horizon 9, Test MAE: 18.6738, Test RMSE: 30.8193, Test MAPE: 12.6833
2026-01-29 00:56:16,529 - easytorch-training - INFO - Evaluate best model on test data for horizon 10, Test MAE: 18.8238, Test RMSE: 31.0604, Test MAPE: 12.7530
2026-01-29 00:56:16,541 - easytorch-training - INFO - Evaluate best model on test data for horizon 11, Test MAE: 19.0058, Test RMSE: 31.3041, Test MAPE: 13.0111
2026-01-29 00:56:16,556 - easytorch-training - INFO - Evaluate best model on test data for horizon 12, Test MAE: 19.2078, Test RMSE: 31.6021, Test MAPE: 13.1197
2026-01-29 00:56:16,575 - easytorch-training - INFO - Result <test>: [test_time: 21.85 (s), test_MAE: 18.0527, test_RMSE: 29.7438, test_MAPE: 12.3801]
2026-01-29 00:56:16,938 - easytorch-training - INFO - Checkpoint checkpoints/STMAFNet_300/976492592f92c661f4c4ea004499e56d/STMAFNet_058.pt saved
2026-01-29 00:56:16,939 - easytorch-training - INFO - The estimated training finish time is 2026-01-29 16:04:01
2026-01-29 00:56:16,939 - easytorch-training - INFO - Epoch 59 / 300
2026-01-29 00:59:17,131 - easytorch-training - INFO - Result <train>: [train_time: 180.19 (s), lr: 1.25e-04, train_MAE: 16.7914, train_RMSE: 27.5159, train_MAPE: 12.6876]
2026-01-29 00:59:17,133 - easytorch-training - INFO - Start validation.
2026-01-29 00:59:39,899 - easytorch-training - INFO - Result <val>: [val_time: 22.77 (s), val_MAE: 17.9299, val_RMSE: 28.2538, val_MAPE: 12.5448]
2026-01-29 01:00:01,822 - easytorch-training - INFO - Evaluate best model on test data for horizon 1, Test MAE: 16.3622, Test RMSE: 26.6020, Test MAPE: 11.4166
2026-01-29 01:00:01,834 - easytorch-training - INFO - Evaluate best model on test data for horizon 2, Test MAE: 16.8511, Test RMSE: 27.6107, Test MAPE: 11.8589
2026-01-29 01:00:01,836 - easytorch-training - INFO - Evaluate best model on test data for horizon 3, Test MAE: 17.2542, Test RMSE: 28.3306, Test MAPE: 12.0500
2026-01-29 01:00:01,837 - easytorch-training - INFO - Evaluate best model on test data for horizon 4, Test MAE: 17.5842, Test RMSE: 28.8777, Test MAPE: 12.2230
2026-01-29 01:00:01,838 - easytorch-training - INFO - Evaluate best model on test data for horizon 5, Test MAE: 17.8641, Test RMSE: 29.3557, Test MAPE: 12.4334
2026-01-29 01:00:01,839 - easytorch-training - INFO - Evaluate best model on test data for horizon 6, Test MAE: 18.0723, Test RMSE: 29.7179, Test MAPE: 12.5186
2026-01-29 01:00:01,841 - easytorch-training - INFO - Evaluate best model on test data for horizon 7, Test MAE: 18.2743, Test RMSE: 30.0618, Test MAPE: 12.7015
2026-01-29 01:00:01,851 - easytorch-training - INFO - Evaluate best model on test data for horizon 8, Test MAE: 18.4637, Test RMSE: 30.3725, Test MAPE: 12.9126
2026-01-29 01:00:01,865 - easytorch-training - INFO - Evaluate best model on test data for horizon 9, Test MAE: 18.6680, Test RMSE: 30.6620, Test MAPE: 13.1080
2026-01-29 01:00:01,880 - easytorch-training - INFO - Evaluate best model on test data for horizon 10, Test MAE: 18.8547, Test RMSE: 30.9260, Test MAPE: 13.2222
2026-01-29 01:00:01,894 - easytorch-training - INFO - Evaluate best model on test data for horizon 11, Test MAE: 19.0540, Test RMSE: 31.1904, Test MAPE: 13.4027
2026-01-29 01:00:01,908 - easytorch-training - INFO - Evaluate best model on test data for horizon 12, Test MAE: 19.2414, Test RMSE: 31.4645, Test MAPE: 13.3966
2026-01-29 01:00:01,927 - easytorch-training - INFO - Result <test>: [test_time: 22.03 (s), test_MAE: 18.0454, test_RMSE: 29.6327, test_MAPE: 12.6037]
2026-01-29 01:00:02,295 - easytorch-training - INFO - Checkpoint checkpoints/STMAFNet_300/976492592f92c661f4c4ea004499e56d/STMAFNet_059.pt saved
2026-01-29 01:00:02,295 - easytorch-training - INFO - The estimated training finish time is 2026-01-29 16:04:02
2026-01-29 01:00:02,296 - easytorch-training - INFO - Epoch 60 / 300
2026-01-29 01:03:02,162 - easytorch-training - INFO - Result <train>: [train_time: 179.87 (s), lr: 1.25e-04, train_MAE: 16.7637, train_RMSE: 27.4810, train_MAPE: 12.6807]
2026-01-29 01:03:02,163 - easytorch-training - INFO - Start validation.
2026-01-29 01:03:24,992 - easytorch-training - INFO - Result <val>: [val_time: 22.83 (s), val_MAE: 17.8954, val_RMSE: 28.2867, val_MAPE: 12.4557]
2026-01-29 01:03:25,620 - easytorch-training - INFO - Checkpoint checkpoints/STMAFNet_300/976492592f92c661f4c4ea004499e56d/STMAFNet_best_val_MAE.pt saved
2026-01-29 01:03:46,904 - easytorch-training - INFO - Evaluate best model on test data for horizon 1, Test MAE: 16.3526, Test RMSE: 26.6111, Test MAPE: 11.4570
2026-01-29 01:03:46,918 - easytorch-training - INFO - Evaluate best model on test data for horizon 2, Test MAE: 16.8649, Test RMSE: 27.6001, Test MAPE: 12.0523
2026-01-29 01:03:46,933 - easytorch-training - INFO - Evaluate best model on test data for horizon 3, Test MAE: 17.2583, Test RMSE: 28.3451, Test MAPE: 12.0503
2026-01-29 01:03:46,947 - easytorch-training - INFO - Evaluate best model on test data for horizon 4, Test MAE: 17.5686, Test RMSE: 28.9346, Test MAPE: 12.1205
2026-01-29 01:03:46,958 - easytorch-training - INFO - Evaluate best model on test data for horizon 5, Test MAE: 17.8318, Test RMSE: 29.4000, Test MAPE: 12.3779
2026-01-29 01:03:46,966 - easytorch-training - INFO - Evaluate best model on test data for horizon 6, Test MAE: 18.0385, Test RMSE: 29.8044, Test MAPE: 12.4222
2026-01-29 01:03:46,973 - easytorch-training - INFO - Evaluate best model on test data for horizon 7, Test MAE: 18.2651, Test RMSE: 30.1377, Test MAPE: 12.5861
2026-01-29 01:03:46,988 - easytorch-training - INFO - Evaluate best model on test data for horizon 8, Test MAE: 18.4733, Test RMSE: 30.4498, Test MAPE: 12.7991
2026-01-29 01:03:47,002 - easytorch-training - INFO - Evaluate best model on test data for horizon 9, Test MAE: 18.6654, Test RMSE: 30.7572, Test MAPE: 12.9763
2026-01-29 01:03:47,011 - easytorch-training - INFO - Evaluate best model on test data for horizon 10, Test MAE: 18.8081, Test RMSE: 30.9884, Test MAPE: 12.9727
2026-01-29 01:03:47,018 - easytorch-training - INFO - Evaluate best model on test data for horizon 11, Test MAE: 19.0050, Test RMSE: 31.2569, Test MAPE: 13.1976
2026-01-29 01:03:47,031 - easytorch-training - INFO - Evaluate best model on test data for horizon 12, Test MAE: 19.2040, Test RMSE: 31.5351, Test MAPE: 13.4040
2026-01-29 01:03:47,050 - easytorch-training - INFO - Result <test>: [test_time: 21.43 (s), test_MAE: 18.0280, test_RMSE: 29.6879, test_MAPE: 12.5347]
2026-01-29 01:03:47,420 - easytorch-training - INFO - Checkpoint checkpoints/STMAFNet_300/976492592f92c661f4c4ea004499e56d/STMAFNet_060.pt saved
2026-01-29 01:03:47,456 - easytorch-training - INFO - The estimated training finish time is 2026-01-29 16:04:03
2026-01-29 01:03:47,456 - easytorch-training - INFO - Epoch 61 / 300
2026-01-29 01:06:48,070 - easytorch-training - INFO - Result <train>: [train_time: 180.61 (s), lr: 1.25e-04, train_MAE: 16.7483, train_RMSE: 27.4626, train_MAPE: 12.6589]
2026-01-29 01:06:48,072 - easytorch-training - INFO - Start validation.
2026-01-29 01:07:10,175 - easytorch-training - INFO - Result <val>: [val_time: 22.10 (s), val_MAE: 18.0171, val_RMSE: 28.4018, val_MAPE: 12.5017]
2026-01-29 01:07:31,492 - easytorch-training - INFO - Evaluate best model on test data for horizon 1, Test MAE: 16.4931, Test RMSE: 26.7759, Test MAPE: 11.4582
2026-01-29 01:07:31,506 - easytorch-training - INFO - Evaluate best model on test data for horizon 2, Test MAE: 17.0300, Test RMSE: 27.8369, Test MAPE: 11.8469
2026-01-29 01:07:31,521 - easytorch-training - INFO - Evaluate best model on test data for horizon 3, Test MAE: 17.4461, Test RMSE: 28.6172, Test MAPE: 11.9819
2026-01-29 01:07:31,535 - easytorch-training - INFO - Evaluate best model on test data for horizon 4, Test MAE: 17.7766, Test RMSE: 29.2137, Test MAPE: 12.2631
2026-01-29 01:07:31,549 - easytorch-training - INFO - Evaluate best model on test data for horizon 5, Test MAE: 18.0322, Test RMSE: 29.6797, Test MAPE: 12.5678
2026-01-29 01:07:31,563 - easytorch-training - INFO - Evaluate best model on test data for horizon 6, Test MAE: 18.2324, Test RMSE: 30.0490, Test MAPE: 12.5117
2026-01-29 01:07:31,576 - easytorch-training - INFO - Evaluate best model on test data for horizon 7, Test MAE: 18.4409, Test RMSE: 30.3715, Test MAPE: 12.7206
2026-01-29 01:07:31,584 - easytorch-training - INFO - Evaluate best model on test data for horizon 8, Test MAE: 18.6663, Test RMSE: 30.7027, Test MAPE: 12.9846
2026-01-29 01:07:31,598 - easytorch-training - INFO - Evaluate best model on test data for horizon 9, Test MAE: 18.8466, Test RMSE: 31.0034, Test MAPE: 12.9987
2026-01-29 01:07:31,608 - easytorch-training - INFO - Evaluate best model on test data for horizon 10, Test MAE: 18.9834, Test RMSE: 31.2411, Test MAPE: 13.1175
2026-01-29 01:07:31,616 - easytorch-training - INFO - Evaluate best model on test data for horizon 11, Test MAE: 19.1403, Test RMSE: 31.4788, Test MAPE: 13.1481
2026-01-29 01:07:31,626 - easytorch-training - INFO - Evaluate best model on test data for horizon 12, Test MAE: 19.3232, Test RMSE: 31.7190, Test MAPE: 13.4093
2026-01-29 01:07:31,645 - easytorch-training - INFO - Result <test>: [test_time: 21.47 (s), test_MAE: 18.2009, test_RMSE: 29.9268, test_MAPE: 12.5841]
2026-01-29 01:07:32,012 - easytorch-training - INFO - Checkpoint checkpoints/STMAFNet_300/976492592f92c661f4c4ea004499e56d/STMAFNet_061.pt saved
2026-01-29 01:07:32,013 - easytorch-training - INFO - The estimated training finish time is 2026-01-29 16:04:00
2026-01-29 01:07:32,013 - easytorch-training - INFO - Epoch 62 / 300
2026-01-29 01:10:32,632 - easytorch-training - INFO - Result <train>: [train_time: 180.62 (s), lr: 1.25e-04, train_MAE: 16.7281, train_RMSE: 27.4342, train_MAPE: 12.6592]
2026-01-29 01:10:32,634 - easytorch-training - INFO - Start validation.
2026-01-29 01:10:54,884 - easytorch-training - INFO - Result <val>: [val_time: 22.25 (s), val_MAE: 17.8992, val_RMSE: 28.3576, val_MAPE: 12.5009]
2026-01-29 01:11:16,808 - easytorch-training - INFO - Evaluate best model on test data for horizon 1, Test MAE: 16.3737, Test RMSE: 26.6858, Test MAPE: 11.5513
2026-01-29 01:11:16,822 - easytorch-training - INFO - Evaluate best model on test data for horizon 2, Test MAE: 16.9122, Test RMSE: 27.7013, Test MAPE: 12.3099
2026-01-29 01:11:16,831 - easytorch-training - INFO - Evaluate best model on test data for horizon 3, Test MAE: 17.3153, Test RMSE: 28.4575, Test MAPE: 12.3880
2026-01-29 01:11:16,843 - easytorch-training - INFO - Evaluate best model on test data for horizon 4, Test MAE: 17.6413, Test RMSE: 29.0130, Test MAPE: 12.6025
2026-01-29 01:11:16,857 - easytorch-training - INFO - Evaluate best model on test data for horizon 5, Test MAE: 17.8599, Test RMSE: 29.4900, Test MAPE: 12.4574
2026-01-29 01:11:16,871 - easytorch-training - INFO - Evaluate best model on test data for horizon 6, Test MAE: 18.0853, Test RMSE: 29.8919, Test MAPE: 12.6572
2026-01-29 01:11:16,884 - easytorch-training - INFO - Evaluate best model on test data for horizon 7, Test MAE: 18.2730, Test RMSE: 30.2220, Test MAPE: 12.6202
2026-01-29 01:11:16,892 - easytorch-training - INFO - Evaluate best model on test data for horizon 8, Test MAE: 18.4800, Test RMSE: 30.5451, Test MAPE: 12.8160
2026-01-29 01:11:16,906 - easytorch-training - INFO - Evaluate best model on test data for horizon 9, Test MAE: 18.6582, Test RMSE: 30.8410, Test MAPE: 12.7752
2026-01-29 01:11:16,920 - easytorch-training - INFO - Evaluate best model on test data for horizon 10, Test MAE: 18.8464, Test RMSE: 31.1071, Test MAPE: 13.0049
2026-01-29 01:11:16,935 - easytorch-training - INFO - Evaluate best model on test data for horizon 11, Test MAE: 19.0185, Test RMSE: 31.3554, Test MAPE: 13.0522
2026-01-29 01:11:16,949 - easytorch-training - INFO - Evaluate best model on test data for horizon 12, Test MAE: 19.2041, Test RMSE: 31.6362, Test MAPE: 13.0919
2026-01-29 01:11:16,966 - easytorch-training - INFO - Result <test>: [test_time: 22.08 (s), test_MAE: 18.0557, test_RMSE: 29.7818, test_MAPE: 12.6106]
2026-01-29 01:11:17,330 - easytorch-training - INFO - Checkpoint checkpoints/STMAFNet_300/976492592f92c661f4c4ea004499e56d/STMAFNet_062.pt saved
2026-01-29 01:11:17,331 - easytorch-training - INFO - The estimated training finish time is 2026-01-29 16:04:02
2026-01-29 01:11:17,331 - easytorch-training - INFO - Epoch 63 / 300
2026-01-29 01:14:17,401 - easytorch-training - INFO - Result <train>: [train_time: 180.07 (s), lr: 1.25e-04, train_MAE: 16.7107, train_RMSE: 27.4065, train_MAPE: 12.6261]
2026-01-29 01:14:17,402 - easytorch-training - INFO - Start validation.
2026-01-29 01:14:40,199 - easytorch-training - INFO - Result <val>: [val_time: 22.80 (s), val_MAE: 17.9046, val_RMSE: 28.3492, val_MAPE: 12.2897]
2026-01-29 01:15:02,187 - easytorch-training - INFO - Evaluate best model on test data for horizon 1, Test MAE: 16.3597, Test RMSE: 26.6602, Test MAPE: 11.4174
2026-01-29 01:15:02,201 - easytorch-training - INFO - Evaluate best model on test data for horizon 2, Test MAE: 16.8705, Test RMSE: 27.6841, Test MAPE: 11.6968
2026-01-29 01:15:02,215 - easytorch-training - INFO - Evaluate best model on test data for horizon 3, Test MAE: 17.2853, Test RMSE: 28.4267, Test MAPE: 12.1356
2026-01-29 01:15:02,230 - easytorch-training - INFO - Evaluate best model on test data for horizon 4, Test MAE: 17.6099, Test RMSE: 28.9980, Test MAPE: 12.2592
2026-01-29 01:15:02,244 - easytorch-training - INFO - Evaluate best model on test data for horizon 5, Test MAE: 17.8738, Test RMSE: 29.5043, Test MAPE: 12.2881
2026-01-29 01:15:02,258 - easytorch-training - INFO - Evaluate best model on test data for horizon 6, Test MAE: 18.0722, Test RMSE: 29.8816, Test MAPE: 12.2386
2026-01-29 01:15:02,272 - easytorch-training - INFO - Evaluate best model on test data for horizon 7, Test MAE: 18.2970, Test RMSE: 30.2479, Test MAPE: 12.4706
2026-01-29 01:15:02,286 - easytorch-training - INFO - Evaluate best model on test data for horizon 8, Test MAE: 18.5016, Test RMSE: 30.5736, Test MAPE: 12.6002
2026-01-29 01:15:02,300 - easytorch-training - INFO - Evaluate best model on test data for horizon 9, Test MAE: 18.6760, Test RMSE: 30.8574, Test MAPE: 12.7317
2026-01-29 01:15:02,309 - easytorch-training - INFO - Evaluate best model on test data for horizon 10, Test MAE: 18.8325, Test RMSE: 31.1120, Test MAPE: 12.7555
2026-01-29 01:15:02,317 - easytorch-training - INFO - Evaluate best model on test data for horizon 11, Test MAE: 19.0179, Test RMSE: 31.3671, Test MAPE: 12.9573
2026-01-29 01:15:02,331 - easytorch-training - INFO - Evaluate best model on test data for horizon 12, Test MAE: 19.2202, Test RMSE: 31.6280, Test MAPE: 13.0217
2026-01-29 01:15:02,350 - easytorch-training - INFO - Result <test>: [test_time: 22.15 (s), test_MAE: 18.0514, test_RMSE: 29.7820, test_MAPE: 12.3811]
2026-01-29 01:15:02,716 - easytorch-training - INFO - Checkpoint checkpoints/STMAFNet_300/976492592f92c661f4c4ea004499e56d/STMAFNet_063.pt saved
2026-01-29 01:15:02,717 - easytorch-training - INFO - The estimated training finish time is 2026-01-29 16:04:03
2026-01-29 01:15:02,717 - easytorch-training - INFO - Epoch 64 / 300
2026-01-29 01:18:02,155 - easytorch-training - INFO - Result <train>: [train_time: 179.44 (s), lr: 1.25e-04, train_MAE: 16.7083, train_RMSE: 27.3978, train_MAPE: 12.6003]
2026-01-29 01:18:02,157 - easytorch-training - INFO - Start validation.
2026-01-29 01:18:24,947 - easytorch-training - INFO - Result <val>: [val_time: 22.79 (s), val_MAE: 17.9494, val_RMSE: 28.3427, val_MAPE: 12.6777]
2026-01-29 01:18:46,851 - easytorch-training - INFO - Evaluate best model on test data for horizon 1, Test MAE: 16.4052, Test RMSE: 26.6623, Test MAPE: 11.5921
2026-01-29 01:18:46,865 - easytorch-training - INFO - Evaluate best model on test data for horizon 2, Test MAE: 16.9084, Test RMSE: 27.6896, Test MAPE: 12.0196
2026-01-29 01:18:46,879 - easytorch-training - INFO - Evaluate best model on test data for horizon 3, Test MAE: 17.3484, Test RMSE: 28.4571, Test MAPE: 12.3863
2026-01-29 01:18:46,893 - easytorch-training - INFO - Evaluate best model on test data for horizon 4, Test MAE: 17.6466, Test RMSE: 29.0056, Test MAPE: 12.4929
2026-01-29 01:18:46,907 - easytorch-training - INFO - Evaluate best model on test data for horizon 5, Test MAE: 17.9326, Test RMSE: 29.5157, Test MAPE: 12.7872
2026-01-29 01:18:46,921 - easytorch-training - INFO - Evaluate best model on test data for horizon 6, Test MAE: 18.1644, Test RMSE: 29.9205, Test MAPE: 12.7763
2026-01-29 01:18:46,936 - easytorch-training - INFO - Evaluate best model on test data for horizon 7, Test MAE: 18.3740, Test RMSE: 30.2599, Test MAPE: 12.9412
2026-01-29 01:18:46,950 - easytorch-training - INFO - Evaluate best model on test data for horizon 8, Test MAE: 18.5680, Test RMSE: 30.5976, Test MAPE: 12.8534
2026-01-29 01:18:46,964 - easytorch-training - INFO - Evaluate best model on test data for horizon 9, Test MAE: 18.7693, Test RMSE: 30.9016, Test MAPE: 13.0653
2026-01-29 01:18:46,978 - easytorch-training - INFO - Evaluate best model on test data for horizon 10, Test MAE: 18.9247, Test RMSE: 31.1669, Test MAPE: 13.1783
2026-01-29 01:18:46,992 - easytorch-training - INFO - Evaluate best model on test data for horizon 11, Test MAE: 19.0965, Test RMSE: 31.4315, Test MAPE: 13.3064
2026-01-29 01:18:47,006 - easytorch-training - INFO - Evaluate best model on test data for horizon 12, Test MAE: 19.3023, Test RMSE: 31.7282, Test MAPE: 13.4273
2026-01-29 01:18:47,026 - easytorch-training - INFO - Result <test>: [test_time: 22.08 (s), test_MAE: 18.1201, test_RMSE: 29.8160, test_MAPE: 12.7355]
2026-01-29 01:18:47,391 - easytorch-training - INFO - Checkpoint checkpoints/STMAFNet_300/976492592f92c661f4c4ea004499e56d/STMAFNet_064.pt saved
2026-01-29 01:18:47,392 - easytorch-training - INFO - The estimated training finish time is 2026-01-29 16:04:01
2026-01-29 01:18:47,392 - easytorch-training - INFO - Epoch 65 / 300
2026-01-29 01:21:47,856 - easytorch-training - INFO - Result <train>: [train_time: 180.46 (s), lr: 1.25e-04, train_MAE: 16.6960, train_RMSE: 27.3921, train_MAPE: 12.5859]
2026-01-29 01:21:47,857 - easytorch-training - INFO - Start validation.
2026-01-29 01:22:10,122 - easytorch-training - INFO - Result <val>: [val_time: 22.26 (s), val_MAE: 17.9132, val_RMSE: 28.4058, val_MAPE: 12.3005]
2026-01-29 01:22:32,041 - easytorch-training - INFO - Evaluate best model on test data for horizon 1, Test MAE: 16.3541, Test RMSE: 26.6709, Test MAPE: 11.3643
2026-01-29 01:22:32,049 - easytorch-training - INFO - Evaluate best model on test data for horizon 2, Test MAE: 16.8778, Test RMSE: 27.7163, Test MAPE: 11.8136
2026-01-29 01:22:32,062 - easytorch-training - INFO - Evaluate best model on test data for horizon 3, Test MAE: 17.3206, Test RMSE: 28.4917, Test MAPE: 12.0461
2026-01-29 01:22:32,076 - easytorch-training - INFO - Evaluate best model on test data for horizon 4, Test MAE: 17.6149, Test RMSE: 29.0776, Test MAPE: 12.0840
2026-01-29 01:22:32,090 - easytorch-training - INFO - Evaluate best model on test data for horizon 5, Test MAE: 17.8907, Test RMSE: 29.5773, Test MAPE: 12.2482
2026-01-29 01:22:32,103 - easytorch-training - INFO - Evaluate best model on test data for horizon 6, Test MAE: 18.1071, Test RMSE: 29.9843, Test MAPE: 12.2821
2026-01-29 01:22:32,111 - easytorch-training - INFO - Evaluate best model on test data for horizon 7, Test MAE: 18.3102, Test RMSE: 30.3088, Test MAPE: 12.3944
2026-01-29 01:22:32,125 - easytorch-training - INFO - Evaluate best model on test data for horizon 8, Test MAE: 18.5340, Test RMSE: 30.6452, Test MAPE: 12.6822
2026-01-29 01:22:32,139 - easytorch-training - INFO - Evaluate best model on test data for horizon 9, Test MAE: 18.7187, Test RMSE: 30.9790, Test MAPE: 12.7672
2026-01-29 01:22:32,154 - easytorch-training - INFO - Evaluate best model on test data for horizon 10, Test MAE: 18.8810, Test RMSE: 31.2284, Test MAPE: 12.8307
2026-01-29 01:22:32,168 - easytorch-training - INFO - Evaluate best model on test data for horizon 11, Test MAE: 19.0731, Test RMSE: 31.4881, Test MAPE: 13.0627
2026-01-29 01:22:32,180 - easytorch-training - INFO - Evaluate best model on test data for horizon 12, Test MAE: 19.2668, Test RMSE: 31.7418, Test MAPE: 13.3284
2026-01-29 01:22:32,193 - easytorch-training - INFO - Result <test>: [test_time: 22.07 (s), test_MAE: 18.0791, test_RMSE: 29.8642, test_MAPE: 12.4087]
2026-01-29 01:22:32,559 - easytorch-training - INFO - Checkpoint checkpoints/STMAFNet_300/976492592f92c661f4c4ea004499e56d/STMAFNet_065.pt saved
2026-01-29 01:22:32,560 - easytorch-training - INFO - The estimated training finish time is 2026-01-29 16:04:02
2026-01-29 01:22:32,560 - easytorch-training - INFO - Epoch 66 / 300
2026-01-29 01:25:33,682 - easytorch-training - INFO - Result <train>: [train_time: 181.12 (s), lr: 1.25e-04, train_MAE: 16.6825, train_RMSE: 27.3771, train_MAPE: 12.5798]
2026-01-29 01:25:33,684 - easytorch-training - INFO - Start validation.
2026-01-29 01:25:55,929 - easytorch-training - INFO - Result <val>: [val_time: 22.25 (s), val_MAE: 17.9122, val_RMSE: 28.3368, val_MAPE: 12.1628]
2026-01-29 01:26:17,307 - easytorch-training - INFO - Evaluate best model on test data for horizon 1, Test MAE: 16.3998, Test RMSE: 26.6709, Test MAPE: 11.1596
2026-01-29 01:26:17,321 - easytorch-training - INFO - Evaluate best model on test data for horizon 2, Test MAE: 16.9019, Test RMSE: 27.6885, Test MAPE: 11.5488
2026-01-29 01:26:17,335 - easytorch-training - INFO - Evaluate best model on test data for horizon 3, Test MAE: 17.3006, Test RMSE: 28.4129, Test MAPE: 11.8098
2026-01-29 01:26:17,349 - easytorch-training - INFO - Evaluate best model on test data for horizon 4, Test MAE: 17.6493, Test RMSE: 28.9992, Test MAPE: 12.1668
2026-01-29 01:26:17,363 - easytorch-training - INFO - Evaluate best model on test data for horizon 5, Test MAE: 17.9303, Test RMSE: 29.5093, Test MAPE: 12.3459
2026-01-29 01:26:17,378 - easytorch-training - INFO - Evaluate best model on test data for horizon 6, Test MAE: 18.1107, Test RMSE: 29.8749, Test MAPE: 12.2826
2026-01-29 01:26:17,390 - easytorch-training - INFO - Evaluate best model on test data for horizon 7, Test MAE: 18.3350, Test RMSE: 30.2524, Test MAPE: 12.4084
2026-01-29 01:26:17,398 - easytorch-training - INFO - Evaluate best model on test data for horizon 8, Test MAE: 18.4919, Test RMSE: 30.5585, Test MAPE: 12.4577
2026-01-29 01:26:17,408 - easytorch-training - INFO - Evaluate best model on test data for horizon 9, Test MAE: 18.6721, Test RMSE: 30.8492, Test MAPE: 12.5774
2026-01-29 01:26:17,422 - easytorch-training - INFO - Evaluate best model on test data for horizon 10, Test MAE: 18.8451, Test RMSE: 31.1381, Test MAPE: 12.7438
2026-01-29 01:26:17,436 - easytorch-training - INFO - Evaluate best model on test data for horizon 11, Test MAE: 19.0150, Test RMSE: 31.3773, Test MAPE: 12.8069
2026-01-29 01:26:17,450 - easytorch-training - INFO - Evaluate best model on test data for horizon 12, Test MAE: 19.2330, Test RMSE: 31.6623, Test MAPE: 12.9415
2026-01-29 01:26:17,464 - easytorch-training - INFO - Result <test>: [test_time: 21.53 (s), test_MAE: 18.0738, test_RMSE: 29.7866, test_MAPE: 12.2708]
2026-01-29 01:26:17,849 - easytorch-training - INFO - Checkpoint checkpoints/STMAFNet_300/976492592f92c661f4c4ea004499e56d/STMAFNet_066.pt saved
2026-01-29 01:26:17,850 - easytorch-training - INFO - The estimated training finish time is 2026-01-29 16:04:03
2026-01-29 01:26:17,850 - easytorch-training - INFO - Epoch 67 / 300
2026-01-29 01:29:19,322 - easytorch-training - INFO - Result <train>: [train_time: 181.47 (s), lr: 1.25e-04, train_MAE: 16.6493, train_RMSE: 27.3177, train_MAPE: 12.5598]
2026-01-29 01:29:19,323 - easytorch-training - INFO - Start validation.
2026-01-29 01:29:41,949 - easytorch-training - INFO - Result <val>: [val_time: 22.63 (s), val_MAE: 17.8928, val_RMSE: 28.3121, val_MAPE: 12.2730]
2026-01-29 01:29:42,830 - easytorch-training - INFO - Checkpoint checkpoints/STMAFNet_300/976492592f92c661f4c4ea004499e56d/STMAFNet_best_val_MAE.pt saved
2026-01-29 01:30:04,161 - easytorch-training - INFO - Evaluate best model on test data for horizon 1, Test MAE: 16.3487, Test RMSE: 26.6593, Test MAPE: 11.2046
2026-01-29 01:30:04,175 - easytorch-training - INFO - Evaluate best model on test data for horizon 2, Test MAE: 16.8662, Test RMSE: 27.6766, Test MAPE: 11.6244
2026-01-29 01:30:04,189 - easytorch-training - INFO - Evaluate best model on test data for horizon 3, Test MAE: 17.3540, Test RMSE: 28.4480, Test MAPE: 12.2842
2026-01-29 01:30:04,204 - easytorch-training - INFO - Evaluate best model on test data for horizon 4, Test MAE: 17.6619, Test RMSE: 29.0304, Test MAPE: 12.3592
2026-01-29 01:30:04,218 - easytorch-training - INFO - Evaluate best model on test data for horizon 5, Test MAE: 17.9040, Test RMSE: 29.5284, Test MAPE: 12.3628
2026-01-29 01:30:04,227 - easytorch-training - INFO - Evaluate best model on test data for horizon 6, Test MAE: 18.1037, Test RMSE: 29.9400, Test MAPE: 12.3309
2026-01-29 01:30:04,231 - easytorch-training - INFO - Evaluate best model on test data for horizon 7, Test MAE: 18.3238, Test RMSE: 30.3086, Test MAPE: 12.4279
2026-01-29 01:30:04,239 - easytorch-training - INFO - Evaluate best model on test data for horizon 8, Test MAE: 18.5175, Test RMSE: 30.5794, Test MAPE: 12.6927
2026-01-29 01:30:04,253 - easytorch-training - INFO - Evaluate best model on test data for horizon 9, Test MAE: 18.7008, Test RMSE: 30.9166, Test MAPE: 12.5882
2026-01-29 01:30:04,268 - easytorch-training - INFO - Evaluate best model on test data for horizon 10, Test MAE: 18.9047, Test RMSE: 31.1730, Test MAPE: 13.0332
2026-01-29 01:30:04,282 - easytorch-training - INFO - Evaluate best model on test data for horizon 11, Test MAE: 19.0608, Test RMSE: 31.4311, Test MAPE: 12.9171
2026-01-29 01:30:04,296 - easytorch-training - INFO - Evaluate best model on test data for horizon 12, Test MAE: 19.2515, Test RMSE: 31.7098, Test MAPE: 13.0353
2026-01-29 01:30:04,316 - easytorch-training - INFO - Result <test>: [test_time: 21.48 (s), test_MAE: 18.0832, test_RMSE: 29.8215, test_MAPE: 12.4050]
2026-01-29 01:30:04,713 - easytorch-training - INFO - Checkpoint checkpoints/STMAFNet_300/976492592f92c661f4c4ea004499e56d/STMAFNet_067.pt saved
2026-01-29 01:30:04,714 - easytorch-training - INFO - The estimated training finish time is 2026-01-29 16:04:11
2026-01-29 01:30:04,714 - easytorch-training - INFO - Epoch 68 / 300
2026-01-29 01:33:05,548 - easytorch-training - INFO - Result <train>: [train_time: 180.83 (s), lr: 1.25e-04, train_MAE: 16.6297, train_RMSE: 27.2945, train_MAPE: 12.5449]
2026-01-29 01:33:05,550 - easytorch-training - INFO - Start validation.
2026-01-29 01:33:28,384 - easytorch-training - INFO - Result <val>: [val_time: 22.83 (s), val_MAE: 17.9219, val_RMSE: 28.3678, val_MAPE: 12.1539]
2026-01-29 01:33:49,665 - easytorch-training - INFO - Evaluate best model on test data for horizon 1, Test MAE: 16.3595, Test RMSE: 26.6758, Test MAPE: 11.2426
2026-01-29 01:33:49,680 - easytorch-training - INFO - Evaluate best model on test data for horizon 2, Test MAE: 16.8779, Test RMSE: 27.7086, Test MAPE: 11.5893
2026-01-29 01:33:49,694 - easytorch-training - INFO - Evaluate best model on test data for horizon 3, Test MAE: 17.2981, Test RMSE: 28.4917, Test MAPE: 11.7975
2026-01-29 01:33:49,708 - easytorch-training - INFO - Evaluate best model on test data for horizon 4, Test MAE: 17.6287, Test RMSE: 29.0759, Test MAPE: 12.0690
2026-01-29 01:33:49,722 - easytorch-training - INFO - Evaluate best model on test data for horizon 5, Test MAE: 17.9194, Test RMSE: 29.6061, Test MAPE: 12.2015
2026-01-29 01:33:49,736 - easytorch-training - INFO - Evaluate best model on test data for horizon 6, Test MAE: 18.1286, Test RMSE: 29.9974, Test MAPE: 12.2534
2026-01-29 01:33:49,746 - easytorch-training - INFO - Evaluate best model on test data for horizon 7, Test MAE: 18.3645, Test RMSE: 30.3803, Test MAPE: 12.2162
2026-01-29 01:33:49,751 - easytorch-training - INFO - Evaluate best model on test data for horizon 8, Test MAE: 18.5624, Test RMSE: 30.6990, Test MAPE: 12.4230
2026-01-29 01:33:49,755 - easytorch-training - INFO - Evaluate best model on test data for horizon 9, Test MAE: 18.7478, Test RMSE: 30.9852, Test MAPE: 12.5537
2026-01-29 01:33:49,763 - easytorch-training - INFO - Evaluate best model on test data for horizon 10, Test MAE: 18.9113, Test RMSE: 31.2261, Test MAPE: 12.7275
2026-01-29 01:33:49,777 - easytorch-training - INFO - Evaluate best model on test data for horizon 11, Test MAE: 19.1228, Test RMSE: 31.5088, Test MAPE: 13.0183
2026-01-29 01:33:49,791 - easytorch-training - INFO - Evaluate best model on test data for horizon 12, Test MAE: 19.3164, Test RMSE: 31.7824, Test MAPE: 13.0921
2026-01-29 01:33:49,811 - easytorch-training - INFO - Result <test>: [test_time: 21.42 (s), test_MAE: 18.1031, test_RMSE: 29.8837, test_MAPE: 12.2654]
2026-01-29 01:33:50,175 - easytorch-training - INFO - Checkpoint checkpoints/STMAFNet_300/976492592f92c661f4c4ea004499e56d/STMAFNet_068.pt saved
2026-01-29 01:33:50,175 - easytorch-training - INFO - The estimated training finish time is 2026-01-29 16:04:12
2026-01-29 01:33:50,176 - easytorch-training - INFO - Epoch 69 / 300
2026-01-29 01:36:50,930 - easytorch-training - INFO - Result <train>: [train_time: 180.75 (s), lr: 1.25e-04, train_MAE: 16.6235, train_RMSE: 27.2730, train_MAPE: 12.5343]
2026-01-29 01:36:50,945 - easytorch-training - INFO - Start validation.
2026-01-29 01:37:13,171 - easytorch-training - INFO - Result <val>: [val_time: 22.23 (s), val_MAE: 17.9087, val_RMSE: 28.3275, val_MAPE: 12.1366]
2026-01-29 01:37:34,728 - easytorch-training - INFO - Evaluate best model on test data for horizon 1, Test MAE: 16.3856, Test RMSE: 26.6821, Test MAPE: 10.9592
2026-01-29 01:37:34,742 - easytorch-training - INFO - Evaluate best model on test data for horizon 2, Test MAE: 16.8635, Test RMSE: 27.6909, Test MAPE: 11.3863
2026-01-29 01:37:34,757 - easytorch-training - INFO - Evaluate best model on test data for horizon 3, Test MAE: 17.2788, Test RMSE: 28.4462, Test MAPE: 11.6554
2026-01-29 01:37:34,766 - easytorch-training - INFO - Evaluate best model on test data for horizon 4, Test MAE: 17.5800, Test RMSE: 29.0031, Test MAPE: 11.7793
2026-01-29 01:37:34,774 - easytorch-training - INFO - Evaluate best model on test data for horizon 5, Test MAE: 17.8528, Test RMSE: 29.4736, Test MAPE: 11.9600
2026-01-29 01:37:34,788 - easytorch-training - INFO - Evaluate best model on test data for horizon 6, Test MAE: 18.0829, Test RMSE: 29.8393, Test MAPE: 12.2283
2026-01-29 01:37:34,802 - easytorch-training - INFO - Evaluate best model on test data for horizon 7, Test MAE: 18.2838, Test RMSE: 30.1615, Test MAPE: 12.3287
2026-01-29 01:37:34,816 - easytorch-training - INFO - Evaluate best model on test data for horizon 8, Test MAE: 18.4635, Test RMSE: 30.4768, Test MAPE: 12.4348
2026-01-29 01:37:34,824 - easytorch-training - INFO - Evaluate best model on test data for horizon 9, Test MAE: 18.6406, Test RMSE: 30.7493, Test MAPE: 12.7192
2026-01-29 01:37:34,834 - easytorch-training - INFO - Evaluate best model on test data for horizon 10, Test MAE: 18.8161, Test RMSE: 31.0247, Test MAPE: 12.7900
2026-01-29 01:37:34,848 - easytorch-training - INFO - Evaluate best model on test data for horizon 11, Test MAE: 18.9837, Test RMSE: 31.2623, Test MAPE: 12.8955
2026-01-29 01:37:34,862 - easytorch-training - INFO - Evaluate best model on test data for horizon 12, Test MAE: 19.1852, Test RMSE: 31.5445, Test MAPE: 13.2170
2026-01-29 01:37:34,882 - easytorch-training - INFO - Result <test>: [test_time: 21.71 (s), test_MAE: 18.0347, test_RMSE: 29.7310, test_MAPE: 12.1962]
2026-01-29 01:37:35,336 - easytorch-training - INFO - Checkpoint checkpoints/STMAFNet_300/976492592f92c661f4c4ea004499e56d/STMAFNet_069.pt saved
2026-01-29 01:37:35,337 - easytorch-training - INFO - The estimated training finish time is 2026-01-29 16:04:13
2026-01-29 01:37:35,337 - easytorch-training - INFO - Epoch 70 / 300
2026-01-29 01:40:35,824 - easytorch-training - INFO - Result <train>: [train_time: 180.49 (s), lr: 1.25e-04, train_MAE: 16.6041, train_RMSE: 27.2527, train_MAPE: 12.5018]
2026-01-29 01:40:35,825 - easytorch-training - INFO - Start validation.
2026-01-29 01:40:57,983 - easytorch-training - INFO - Result <val>: [val_time: 22.16 (s), val_MAE: 17.9388, val_RMSE: 28.3585, val_MAPE: 12.1928]
2026-01-29 01:41:19,936 - easytorch-training - INFO - Evaluate best model on test data for horizon 1, Test MAE: 16.3730, Test RMSE: 26.7047, Test MAPE: 11.0765
2026-01-29 01:41:19,950 - easytorch-training - INFO - Evaluate best model on test data for horizon 2, Test MAE: 16.8958, Test RMSE: 27.7427, Test MAPE: 11.4830
2026-01-29 01:41:19,964 - easytorch-training - INFO - Evaluate best model on test data for horizon 3, Test MAE: 17.3199, Test RMSE: 28.5065, Test MAPE: 11.8085
2026-01-29 01:41:19,978 - easytorch-training - INFO - Evaluate best model on test data for horizon 4, Test MAE: 17.6569, Test RMSE: 29.0773, Test MAPE: 12.0163
2026-01-29 01:41:19,992 - easytorch-training - INFO - Evaluate best model on test data for horizon 5, Test MAE: 17.9151, Test RMSE: 29.5674, Test MAPE: 12.1425
2026-01-29 01:41:20,006 - easytorch-training - INFO - Evaluate best model on test data for horizon 6, Test MAE: 18.1438, Test RMSE: 29.9528, Test MAPE: 12.1642
2026-01-29 01:41:20,021 - easytorch-training - INFO - Evaluate best model on test data for horizon 7, Test MAE: 18.3480, Test RMSE: 30.2632, Test MAPE: 12.4109
2026-01-29 01:41:20,035 - easytorch-training - INFO - Evaluate best model on test data for horizon 8, Test MAE: 18.5766, Test RMSE: 30.5966, Test MAPE: 12.6587
2026-01-29 01:41:20,049 - easytorch-training - INFO - Evaluate best model on test data for horizon 9, Test MAE: 18.7257, Test RMSE: 30.8791, Test MAPE: 12.5387
2026-01-29 01:41:20,063 - easytorch-training - INFO - Evaluate best model on test data for horizon 10, Test MAE: 18.9214, Test RMSE: 31.1460, Test MAPE: 12.9416
2026-01-29 01:41:20,076 - easytorch-training - INFO - Evaluate best model on test data for horizon 11, Test MAE: 19.0890, Test RMSE: 31.4131, Test MAPE: 12.9592
2026-01-29 01:41:20,084 - easytorch-training - INFO - Evaluate best model on test data for horizon 12, Test MAE: 19.2814, Test RMSE: 31.6888, Test MAPE: 13.1336
2026-01-29 01:41:20,099 - easytorch-training - INFO - Result <test>: [test_time: 22.11 (s), test_MAE: 18.1039, test_RMSE: 29.8313, test_MAPE: 12.2778]
2026-01-29 01:41:20,463 - easytorch-training - INFO - Checkpoint checkpoints/STMAFNet_300/976492592f92c661f4c4ea004499e56d/STMAFNet_070.pt saved
2026-01-29 01:41:20,500 - easytorch-training - INFO - The estimated training finish time is 2026-01-29 16:04:13
2026-01-29 01:41:20,500 - easytorch-training - INFO - Epoch 71 / 300
2026-01-29 01:44:20,590 - easytorch-training - INFO - Result <train>: [train_time: 180.09 (s), lr: 1.25e-04, train_MAE: 16.5913, train_RMSE: 27.2295, train_MAPE: 12.4962]
2026-01-29 01:44:20,592 - easytorch-training - INFO - Start validation.
2026-01-29 01:44:43,378 - easytorch-training - INFO - Result <val>: [val_time: 22.79 (s), val_MAE: 17.9348, val_RMSE: 28.3123, val_MAPE: 12.4017]
2026-01-29 01:45:05,329 - easytorch-training - INFO - Evaluate best model on test data for horizon 1, Test MAE: 16.4063, Test RMSE: 26.7109, Test MAPE: 11.3378
2026-01-29 01:45:05,343 - easytorch-training - INFO - Evaluate best model on test data for horizon 2, Test MAE: 16.9188, Test RMSE: 27.7609, Test MAPE: 11.7094
2026-01-29 01:45:05,357 - easytorch-training - INFO - Evaluate best model on test data for horizon 3, Test MAE: 17.3413, Test RMSE: 28.5117, Test MAPE: 12.0350
2026-01-29 01:45:05,372 - easytorch-training - INFO - Evaluate best model on test data for horizon 4, Test MAE: 17.6739, Test RMSE: 29.1019, Test MAPE: 12.2588
2026-01-29 01:45:05,386 - easytorch-training - INFO - Evaluate best model on test data for horizon 5, Test MAE: 17.9324, Test RMSE: 29.6012, Test MAPE: 12.1874
2026-01-29 01:45:05,400 - easytorch-training - INFO - Evaluate best model on test data for horizon 6, Test MAE: 18.1564, Test RMSE: 29.9843, Test MAPE: 12.3607
2026-01-29 01:45:05,414 - easytorch-training - INFO - Evaluate best model on test data for horizon 7, Test MAE: 18.3901, Test RMSE: 30.3381, Test MAPE: 12.5899
2026-01-29 01:45:05,428 - easytorch-training - INFO - Evaluate best model on test data for horizon 8, Test MAE: 18.5978, Test RMSE: 30.6435, Test MAPE: 12.7890
2026-01-29 01:45:05,442 - easytorch-training - INFO - Evaluate best model on test data for horizon 9, Test MAE: 18.7918, Test RMSE: 30.9397, Test MAPE: 12.9877
2026-01-29 01:45:05,456 - easytorch-training - INFO - Evaluate best model on test data for horizon 10, Test MAE: 18.9374, Test RMSE: 31.1979, Test MAPE: 13.0546
2026-01-29 01:45:05,470 - easytorch-training - INFO - Evaluate best model on test data for horizon 11, Test MAE: 19.1459, Test RMSE: 31.4838, Test MAPE: 13.1684
2026-01-29 01:45:05,485 - easytorch-training - INFO - Evaluate best model on test data for horizon 12, Test MAE: 19.3354, Test RMSE: 31.7389, Test MAPE: 13.3687
2026-01-29 01:45:05,495 - easytorch-training - INFO - Result <test>: [test_time: 22.11 (s), test_MAE: 18.1357, test_RMSE: 29.8718, test_MAPE: 12.4873]
2026-01-29 01:45:05,860 - easytorch-training - INFO - Checkpoint checkpoints/STMAFNet_300/976492592f92c661f4c4ea004499e56d/STMAFNet_071.pt saved
2026-01-29 01:45:05,860 - easytorch-training - INFO - The estimated training finish time is 2026-01-29 16:04:14
2026-01-29 01:45:05,860 - easytorch-training - INFO - Epoch 72 / 300
2026-01-29 01:48:06,011 - easytorch-training - INFO - Result <train>: [train_time: 180.15 (s), lr: 1.25e-04, train_MAE: 16.5734, train_RMSE: 27.2012, train_MAPE: 12.4974]
2026-01-29 01:48:06,012 - easytorch-training - INFO - Start validation.
2026-01-29 01:48:28,846 - easytorch-training - INFO - Result <val>: [val_time: 22.83 (s), val_MAE: 17.8999, val_RMSE: 28.3839, val_MAPE: 12.3810]
2026-01-29 01:48:50,841 - easytorch-training - INFO - Evaluate best model on test data for horizon 1, Test MAE: 16.3971, Test RMSE: 26.6983, Test MAPE: 11.5800
2026-01-29 01:48:50,855 - easytorch-training - INFO - Evaluate best model on test data for horizon 2, Test MAE: 16.8937, Test RMSE: 27.7163, Test MAPE: 11.8676
2026-01-29 01:48:50,869 - easytorch-training - INFO - Evaluate best model on test data for horizon 3, Test MAE: 17.3270, Test RMSE: 28.4900, Test MAPE: 12.2339
2026-01-29 01:48:50,883 - easytorch-training - INFO - Evaluate best model on test data for horizon 4, Test MAE: 17.6676, Test RMSE: 29.1170, Test MAPE: 12.4282
2026-01-29 01:48:50,897 - easytorch-training - INFO - Evaluate best model on test data for horizon 5, Test MAE: 17.9121, Test RMSE: 29.5838, Test MAPE: 12.4188
2026-01-29 01:48:50,910 - easytorch-training - INFO - Evaluate best model on test data for horizon 6, Test MAE: 18.1196, Test RMSE: 29.9763, Test MAPE: 12.4907
2026-01-29 01:48:50,918 - easytorch-training - INFO - Evaluate best model on test data for horizon 7, Test MAE: 18.3283, Test RMSE: 30.3155, Test MAPE: 12.6305
2026-01-29 01:48:50,928 - easytorch-training - INFO - Evaluate best model on test data for horizon 8, Test MAE: 18.5051, Test RMSE: 30.6301, Test MAPE: 12.5897
2026-01-29 01:48:50,936 - easytorch-training - INFO - Evaluate best model on test data for horizon 9, Test MAE: 18.6871, Test RMSE: 30.9087, Test MAPE: 12.6933
2026-01-29 01:48:50,944 - easytorch-training - INFO - Evaluate best model on test data for horizon 10, Test MAE: 18.8552, Test RMSE: 31.1721, Test MAPE: 12.8508
2026-01-29 01:48:50,958 - easytorch-training - INFO - Evaluate best model on test data for horizon 11, Test MAE: 19.0396, Test RMSE: 31.4337, Test MAPE: 13.1042
2026-01-29 01:48:50,973 - easytorch-training - INFO - Evaluate best model on test data for horizon 12, Test MAE: 19.2166, Test RMSE: 31.6995, Test MAPE: 13.0893
2026-01-29 01:48:50,992 - easytorch-training - INFO - Result <test>: [test_time: 22.14 (s), test_MAE: 18.0791, test_RMSE: 29.8489, test_MAPE: 12.4981]
2026-01-29 01:48:51,359 - easytorch-training - INFO - Checkpoint checkpoints/STMAFNet_300/976492592f92c661f4c4ea004499e56d/STMAFNet_072.pt saved
2026-01-29 01:48:51,359 - easytorch-training - INFO - The estimated training finish time is 2026-01-29 16:04:16
2026-01-29 01:48:51,359 - easytorch-training - INFO - Epoch 73 / 300
2026-01-29 01:51:50,913 - easytorch-training - INFO - Result <train>: [train_time: 179.55 (s), lr: 6.25e-05, train_MAE: 16.4851, train_RMSE: 27.0902, train_MAPE: 12.4236]
2026-01-29 01:51:50,914 - easytorch-training - INFO - Start validation.
2026-01-29 01:52:13,722 - easytorch-training - INFO - Result <val>: [val_time: 22.81 (s), val_MAE: 17.8829, val_RMSE: 28.3686, val_MAPE: 12.1116]
2026-01-29 01:52:14,590 - easytorch-training - INFO - Checkpoint checkpoints/STMAFNet_300/976492592f92c661f4c4ea004499e56d/STMAFNet_best_val_MAE.pt saved
2026-01-29 01:52:36,534 - easytorch-training - INFO - Evaluate best model on test data for horizon 1, Test MAE: 16.3456, Test RMSE: 26.7157, Test MAPE: 11.2027
2026-01-29 01:52:36,542 - easytorch-training - INFO - Evaluate best model on test data for horizon 2, Test MAE: 16.8672, Test RMSE: 27.7630, Test MAPE: 11.6265
2026-01-29 01:52:36,550 - easytorch-training - INFO - Evaluate best model on test data for horizon 3, Test MAE: 17.2984, Test RMSE: 28.5363, Test MAPE: 11.9326
2026-01-29 01:52:36,564 - easytorch-training - INFO - Evaluate best model on test data for horizon 4, Test MAE: 17.6116, Test RMSE: 29.0911, Test MAPE: 12.1723
2026-01-29 01:52:36,578 - easytorch-training - INFO - Evaluate best model on test data for horizon 5, Test MAE: 17.8735, Test RMSE: 29.6033, Test MAPE: 12.1226
2026-01-29 01:52:36,592 - easytorch-training - INFO - Evaluate best model on test data for horizon 6, Test MAE: 18.0795, Test RMSE: 29.9680, Test MAPE: 12.1099
2026-01-29 01:52:36,607 - easytorch-training - INFO - Evaluate best model on test data for horizon 7, Test MAE: 18.2917, Test RMSE: 30.3190, Test MAPE: 12.2540
2026-01-29 01:52:36,619 - easytorch-training - INFO - Evaluate best model on test data for horizon 8, Test MAE: 18.4760, Test RMSE: 30.5925, Test MAPE: 12.3983
2026-01-29 01:52:36,627 - easytorch-training - INFO - Evaluate best model on test data for horizon 9, Test MAE: 18.6637, Test RMSE: 30.8769, Test MAPE: 12.4947
2026-01-29 01:52:36,641 - easytorch-training - INFO - Evaluate best model on test data for horizon 10, Test MAE: 18.8246, Test RMSE: 31.1152, Test MAPE: 12.6435
2026-01-29 01:52:36,655 - easytorch-training - INFO - Evaluate best model on test data for horizon 11, Test MAE: 19.0069, Test RMSE: 31.3832, Test MAPE: 12.7597
2026-01-29 01:52:36,669 - easytorch-training - INFO - Evaluate best model on test data for horizon 12, Test MAE: 19.1983, Test RMSE: 31.6560, Test MAPE: 12.8518
2026-01-29 01:52:36,689 - easytorch-training - INFO - Result <test>: [test_time: 22.10 (s), test_MAE: 18.0448, test_RMSE: 29.8374, test_MAPE: 12.2141]
2026-01-29 01:52:37,139 - easytorch-training - INFO - Checkpoint checkpoints/STMAFNet_300/976492592f92c661f4c4ea004499e56d/STMAFNet_073.pt saved
2026-01-29 01:52:37,140 - easytorch-training - INFO - The estimated training finish time is 2026-01-29 16:04:19
2026-01-29 01:52:37,140 - easytorch-training - INFO - Epoch 74 / 300
2026-01-29 01:55:37,020 - easytorch-training - INFO - Result <train>: [train_time: 179.88 (s), lr: 6.25e-05, train_MAE: 16.4706, train_RMSE: 27.0738, train_MAPE: 12.4026]
2026-01-29 01:55:37,021 - easytorch-training - INFO - Start validation.
2026-01-29 01:55:59,824 - easytorch-training - INFO - Result <val>: [val_time: 22.80 (s), val_MAE: 17.8938, val_RMSE: 28.3702, val_MAPE: 12.3093]
2026-01-29 01:56:21,780 - easytorch-training - INFO - Evaluate best model on test data for horizon 1, Test MAE: 16.3820, Test RMSE: 26.7109, Test MAPE: 11.4818
2026-01-29 01:56:21,795 - easytorch-training - INFO - Evaluate best model on test data for horizon 2, Test MAE: 16.9043, Test RMSE: 27.7817, Test MAPE: 11.7890
2026-01-29 01:56:21,809 - easytorch-training - INFO - Evaluate best model on test data for horizon 3, Test MAE: 17.3282, Test RMSE: 28.5790, Test MAPE: 12.0185
2026-01-29 01:56:21,823 - easytorch-training - INFO - Evaluate best model on test data for horizon 4, Test MAE: 17.6642, Test RMSE: 29.1856, Test MAPE: 12.2794
2026-01-29 01:56:21,837 - easytorch-training - INFO - Evaluate best model on test data for horizon 5, Test MAE: 17.9399, Test RMSE: 29.6772, Test MAPE: 12.3982
2026-01-29 01:56:21,851 - easytorch-training - INFO - Evaluate best model on test data for horizon 6, Test MAE: 18.1442, Test RMSE: 30.0448, Test MAPE: 12.4025
2026-01-29 01:56:21,865 - easytorch-training - INFO - Evaluate best model on test data for horizon 7, Test MAE: 18.3517, Test RMSE: 30.3906, Test MAPE: 12.4793
2026-01-29 01:56:21,880 - easytorch-training - INFO - Evaluate best model on test data for horizon 8, Test MAE: 18.5654, Test RMSE: 30.7123, Test MAPE: 12.6151
2026-01-29 01:56:21,894 - easytorch-training - INFO - Evaluate best model on test data for horizon 9, Test MAE: 18.7392, Test RMSE: 30.9840, Test MAPE: 12.7411
2026-01-29 01:56:21,906 - easytorch-training - INFO - Evaluate best model on test data for horizon 10, Test MAE: 18.9066, Test RMSE: 31.2370, Test MAPE: 12.8752
2026-01-29 01:56:21,914 - easytorch-training - INFO - Evaluate best model on test data for horizon 11, Test MAE: 19.0718, Test RMSE: 31.4832, Test MAPE: 13.0100
2026-01-29 01:56:21,928 - easytorch-training - INFO - Evaluate best model on test data for horizon 12, Test MAE: 19.2660, Test RMSE: 31.7369, Test MAPE: 13.1537
2026-01-29 01:56:21,948 - easytorch-training - INFO - Result <test>: [test_time: 22.12 (s), test_MAE: 18.1053, test_RMSE: 29.9142, test_MAPE: 12.4370]
2026-01-29 01:56:22,342 - easytorch-training - INFO - Checkpoint checkpoints/STMAFNet_300/976492592f92c661f4c4ea004499e56d/STMAFNet_074.pt saved
2026-01-29 01:56:22,343 - easytorch-training - INFO - The estimated training finish time is 2026-01-29 16:04:19
2026-01-29 01:56:22,343 - easytorch-training - INFO - Epoch 75 / 300
2026-01-29 01:59:23,071 - easytorch-training - INFO - Result <train>: [train_time: 180.73 (s), lr: 6.25e-05, train_MAE: 16.4572, train_RMSE: 27.0530, train_MAPE: 12.3900]
2026-01-29 01:59:23,073 - easytorch-training - INFO - Start validation.
2026-01-29 01:59:45,317 - easytorch-training - INFO - Result <val>: [val_time: 22.24 (s), val_MAE: 17.9114, val_RMSE: 28.3744, val_MAPE: 11.9389]
2026-01-29 02:00:07,329 - easytorch-training - INFO - Evaluate best model on test data for horizon 1, Test MAE: 16.3687, Test RMSE: 26.7268, Test MAPE: 11.0072
2026-01-29 02:00:07,343 - easytorch-training - INFO - Evaluate best model on test data for horizon 2, Test MAE: 16.8906, Test RMSE: 27.7870, Test MAPE: 11.3577
2026-01-29 02:00:07,352 - easytorch-training - INFO - Evaluate best model on test data for horizon 3, Test MAE: 17.3171, Test RMSE: 28.5574, Test MAPE: 11.6258
2026-01-29 02:00:07,354 - easytorch-training - INFO - Evaluate best model on test data for horizon 4, Test MAE: 17.6407, Test RMSE: 29.1435, Test MAPE: 11.8025
2026-01-29 02:00:07,356 - easytorch-training - INFO - Evaluate best model on test data for horizon 5, Test MAE: 17.9189, Test RMSE: 29.6578, Test MAPE: 11.9295
2026-01-29 02:00:07,357 - easytorch-training - INFO - Evaluate best model on test data for horizon 6, Test MAE: 18.1523, Test RMSE: 30.0354, Test MAPE: 12.1202
2026-01-29 02:00:07,358 - easytorch-training - INFO - Evaluate best model on test data for horizon 7, Test MAE: 18.3432, Test RMSE: 30.3876, Test MAPE: 12.1541
2026-01-29 02:00:07,361 - easytorch-training - INFO - Evaluate best model on test data for horizon 8, Test MAE: 18.5269, Test RMSE: 30.6744, Test MAPE: 12.3064
2026-01-29 02:00:07,375 - easytorch-training - INFO - Evaluate best model on test data for horizon 9, Test MAE: 18.7251, Test RMSE: 30.9865, Test MAPE: 12.5140
2026-01-29 02:00:07,389 - easytorch-training - INFO - Evaluate best model on test data for horizon 10, Test MAE: 18.8835, Test RMSE: 31.2366, Test MAPE: 12.5685
2026-01-29 02:00:07,403 - easytorch-training - INFO - Evaluate best model on test data for horizon 11, Test MAE: 19.0537, Test RMSE: 31.4780, Test MAPE: 12.7283
2026-01-29 02:00:07,417 - easytorch-training - INFO - Evaluate best model on test data for horizon 12, Test MAE: 19.2321, Test RMSE: 31.7319, Test MAPE: 12.8745
2026-01-29 02:00:07,437 - easytorch-training - INFO - Result <test>: [test_time: 22.12 (s), test_MAE: 18.0878, test_RMSE: 29.9041, test_MAPE: 12.0824]
2026-01-29 02:00:07,820 - easytorch-training - INFO - Checkpoint checkpoints/STMAFNet_300/976492592f92c661f4c4ea004499e56d/STMAFNet_075.pt saved
2026-01-29 02:00:07,821 - easytorch-training - INFO - The estimated training finish time is 2026-01-29 16:04:20
2026-01-29 02:00:07,821 - easytorch-training - INFO - Epoch 76 / 300
2026-01-29 02:03:09,135 - easytorch-training - INFO - Result <train>: [train_time: 181.31 (s), lr: 6.25e-05, train_MAE: 16.4341, train_RMSE: 27.0224, train_MAPE: 12.3774]
2026-01-29 02:03:09,137 - easytorch-training - INFO - Start validation.
2026-01-29 02:03:30,971 - easytorch-training - INFO - Result <val>: [val_time: 21.83 (s), val_MAE: 17.8777, val_RMSE: 28.4329, val_MAPE: 12.2158]
2026-01-29 02:03:31,571 - easytorch-training - INFO - Checkpoint checkpoints/STMAFNet_300/976492592f92c661f4c4ea004499e56d/STMAFNet_best_val_MAE.pt saved
2026-01-29 02:03:52,404 - easytorch-training - INFO - Evaluate best model on test data for horizon 1, Test MAE: 16.3348, Test RMSE: 26.7278, Test MAPE: 11.1306
2026-01-29 02:03:52,419 - easytorch-training - INFO - Evaluate best model on test data for horizon 2, Test MAE: 16.8818, Test RMSE: 27.8023, Test MAPE: 11.6671
2026-01-29 02:03:52,433 - easytorch-training - INFO - Evaluate best model on test data for horizon 3, Test MAE: 17.3112, Test RMSE: 28.6185, Test MAPE: 11.7552
2026-01-29 02:03:52,447 - easytorch-training - INFO - Evaluate best model on test data for horizon 4, Test MAE: 17.6477, Test RMSE: 29.2202, Test MAPE: 12.0995
2026-01-29 02:03:52,456 - easytorch-training - INFO - Evaluate best model on test data for horizon 5, Test MAE: 17.9130, Test RMSE: 29.7479, Test MAPE: 12.1443
2026-01-29 02:03:52,464 - easytorch-training - INFO - Evaluate best model on test data for horizon 6, Test MAE: 18.1605, Test RMSE: 30.1913, Test MAPE: 12.3383
2026-01-29 02:03:52,474 - easytorch-training - INFO - Evaluate best model on test data for horizon 7, Test MAE: 18.3764, Test RMSE: 30.5537, Test MAPE: 12.4800
2026-01-29 02:03:52,488 - easytorch-training - INFO - Evaluate best model on test data for horizon 8, Test MAE: 18.5751, Test RMSE: 30.8530, Test MAPE: 12.7013
2026-01-29 02:03:52,503 - easytorch-training - INFO - Evaluate best model on test data for horizon 9, Test MAE: 18.7389, Test RMSE: 31.1125, Test MAPE: 12.8224
2026-01-29 02:03:52,517 - easytorch-training - INFO - Evaluate best model on test data for horizon 10, Test MAE: 18.9086, Test RMSE: 31.3986, Test MAPE: 12.8387
2026-01-29 02:03:52,531 - easytorch-training - INFO - Evaluate best model on test data for horizon 11, Test MAE: 19.0803, Test RMSE: 31.6505, Test MAPE: 13.0218
2026-01-29 02:03:52,545 - easytorch-training - INFO - Evaluate best model on test data for horizon 12, Test MAE: 19.2678, Test RMSE: 31.9100, Test MAPE: 13.2346
2026-01-29 02:03:52,565 - easytorch-training - INFO - Result <test>: [test_time: 20.99 (s), test_MAE: 18.0997, test_RMSE: 30.0222, test_MAPE: 12.3528]
2026-01-29 02:03:52,960 - easytorch-training - INFO - Checkpoint checkpoints/STMAFNet_300/976492592f92c661f4c4ea004499e56d/STMAFNet_076.pt saved
2026-01-29 02:03:52,961 - easytorch-training - INFO - The estimated training finish time is 2026-01-29 16:04:20
2026-01-29 02:03:52,961 - easytorch-training - INFO - Epoch 77 / 300
2026-01-29 02:06:55,073 - easytorch-training - INFO - Result <train>: [train_time: 182.11 (s), lr: 6.25e-05, train_MAE: 16.4273, train_RMSE: 27.0060, train_MAPE: 12.3582]
2026-01-29 02:06:55,075 - easytorch-training - INFO - Start validation.
2026-01-29 02:07:17,165 - easytorch-training - INFO - Result <val>: [val_time: 22.09 (s), val_MAE: 17.8837, val_RMSE: 28.3742, val_MAPE: 12.0813]
2026-01-29 02:07:37,952 - easytorch-training - INFO - Evaluate best model on test data for horizon 1, Test MAE: 16.3704, Test RMSE: 26.7167, Test MAPE: 11.3160
2026-01-29 02:07:37,960 - easytorch-training - INFO - Evaluate best model on test data for horizon 2, Test MAE: 16.9025, Test RMSE: 27.7964, Test MAPE: 11.6391
2026-01-29 02:07:37,968 - easytorch-training - INFO - Evaluate best model on test data for horizon 3, Test MAE: 17.3217, Test RMSE: 28.5937, Test MAPE: 11.7668
2026-01-29 02:07:37,980 - easytorch-training - INFO - Evaluate best model on test data for horizon 4, Test MAE: 17.6711, Test RMSE: 29.2034, Test MAPE: 12.0031
2026-01-29 02:07:37,988 - easytorch-training - INFO - Evaluate best model on test data for horizon 5, Test MAE: 17.9360, Test RMSE: 29.6886, Test MAPE: 12.1524
2026-01-29 02:07:38,000 - easytorch-training - INFO - Evaluate best model on test data for horizon 6, Test MAE: 18.1548, Test RMSE: 30.0758, Test MAPE: 12.2371
2026-01-29 02:07:38,014 - easytorch-training - INFO - Evaluate best model on test data for horizon 7, Test MAE: 18.3637, Test RMSE: 30.4249, Test MAPE: 12.2731
2026-01-29 02:07:38,028 - easytorch-training - INFO - Evaluate best model on test data for horizon 8, Test MAE: 18.5594, Test RMSE: 30.7331, Test MAPE: 12.3787
2026-01-29 02:07:38,042 - easytorch-training - INFO - Evaluate best model on test data for horizon 9, Test MAE: 18.7280, Test RMSE: 31.0287, Test MAPE: 12.5736
2026-01-29 02:07:38,056 - easytorch-training - INFO - Evaluate best model on test data for horizon 10, Test MAE: 18.9057, Test RMSE: 31.2770, Test MAPE: 12.6900
2026-01-29 02:07:38,071 - easytorch-training - INFO - Evaluate best model on test data for horizon 11, Test MAE: 19.0815, Test RMSE: 31.5345, Test MAPE: 12.8156
2026-01-29 02:07:38,085 - easytorch-training - INFO - Evaluate best model on test data for horizon 12, Test MAE: 19.2539, Test RMSE: 31.7874, Test MAPE: 12.8950
2026-01-29 02:07:38,104 - easytorch-training - INFO - Result <test>: [test_time: 20.94 (s), test_MAE: 18.1041, test_RMSE: 29.9429, test_MAPE: 12.2284]
2026-01-29 02:07:38,471 - easytorch-training - INFO - Checkpoint checkpoints/STMAFNet_300/976492592f92c661f4c4ea004499e56d/STMAFNet_077.pt saved
2026-01-29 02:07:38,472 - easytorch-training - INFO - The estimated training finish time is 2026-01-29 16:04:22
2026-01-29 02:07:38,472 - easytorch-training - INFO - Epoch 78 / 300
2026-01-29 02:10:39,741 - easytorch-training - INFO - Result <train>: [train_time: 181.27 (s), lr: 6.25e-05, train_MAE: 16.4041, train_RMSE: 26.9747, train_MAPE: 12.3732]
2026-01-29 02:10:39,743 - easytorch-training - INFO - Start validation.
2026-01-29 02:11:02,089 - easytorch-training - INFO - Result <val>: [val_time: 22.35 (s), val_MAE: 17.8508, val_RMSE: 28.3568, val_MAPE: 11.9816]
2026-01-29 02:11:02,781 - easytorch-training - INFO - Checkpoint checkpoints/STMAFNet_300/976492592f92c661f4c4ea004499e56d/STMAFNet_best_val_MAE.pt saved
2026-01-29 02:11:24,607 - easytorch-training - INFO - Evaluate best model on test data for horizon 1, Test MAE: 16.3351, Test RMSE: 26.7099, Test MAPE: 11.0353
2026-01-29 02:11:24,622 - easytorch-training - INFO - Evaluate best model on test data for horizon 2, Test MAE: 16.8615, Test RMSE: 27.7671, Test MAPE: 11.3894
2026-01-29 02:11:24,636 - easytorch-training - INFO - Evaluate best model on test data for horizon 3, Test MAE: 17.2868, Test RMSE: 28.5468, Test MAPE: 11.6405
2026-01-29 02:11:24,650 - easytorch-training - INFO - Evaluate best model on test data for horizon 4, Test MAE: 17.6069, Test RMSE: 29.1385, Test MAPE: 11.8545
2026-01-29 02:11:24,664 - easytorch-training - INFO - Evaluate best model on test data for horizon 5, Test MAE: 17.8679, Test RMSE: 29.6219, Test MAPE: 12.0363
2026-01-29 02:11:24,678 - easytorch-training - INFO - Evaluate best model on test data for horizon 6, Test MAE: 18.0799, Test RMSE: 30.0087, Test MAPE: 12.1235
2026-01-29 02:11:24,693 - easytorch-training - INFO - Evaluate best model on test data for horizon 7, Test MAE: 18.2866, Test RMSE: 30.3540, Test MAPE: 12.2029
2026-01-29 02:11:24,707 - easytorch-training - INFO - Evaluate best model on test data for horizon 8, Test MAE: 18.4702, Test RMSE: 30.6165, Test MAPE: 12.3872
2026-01-29 02:11:24,721 - easytorch-training - INFO - Evaluate best model on test data for horizon 9, Test MAE: 18.6451, Test RMSE: 30.9002, Test MAPE: 12.4059
2026-01-29 02:11:24,735 - easytorch-training - INFO - Evaluate best model on test data for horizon 10, Test MAE: 18.7987, Test RMSE: 31.1517, Test MAPE: 12.6188
2026-01-29 02:11:24,749 - easytorch-training - INFO - Evaluate best model on test data for horizon 11, Test MAE: 18.9757, Test RMSE: 31.4240, Test MAPE: 12.7122
2026-01-29 02:11:24,751 - easytorch-training - INFO - Evaluate best model on test data for horizon 12, Test MAE: 19.1718, Test RMSE: 31.6754, Test MAPE: 12.8019
2026-01-29 02:11:24,761 - easytorch-training - INFO - Result <test>: [test_time: 21.98 (s), test_MAE: 18.0322, test_RMSE: 29.8625, test_MAPE: 12.1007]
2026-01-29 02:11:25,128 - easytorch-training - INFO - Checkpoint checkpoints/STMAFNet_300/976492592f92c661f4c4ea004499e56d/STMAFNet_078.pt saved
2026-01-29 02:11:25,129 - easytorch-training - INFO - The estimated training finish time is 2026-01-29 16:04:28
2026-01-29 02:11:25,129 - easytorch-training - INFO - Epoch 79 / 300
2026-01-29 02:14:25,297 - easytorch-training - INFO - Result <train>: [train_time: 180.17 (s), lr: 6.25e-05, train_MAE: 16.3854, train_RMSE: 26.9496, train_MAPE: 12.3723]
2026-01-29 02:14:25,299 - easytorch-training - INFO - Start validation.
2026-01-29 02:14:48,165 - easytorch-training - INFO - Result <val>: [val_time: 22.87 (s), val_MAE: 17.9119, val_RMSE: 28.4255, val_MAPE: 12.2686]
2026-01-29 02:15:10,113 - easytorch-training - INFO - Evaluate best model on test data for horizon 1, Test MAE: 16.3616, Test RMSE: 26.7419, Test MAPE: 11.1245
2026-01-29 02:15:10,127 - easytorch-training - INFO - Evaluate best model on test data for horizon 2, Test MAE: 16.9069, Test RMSE: 27.8269, Test MAPE: 11.6675
2026-01-29 02:15:10,141 - easytorch-training - INFO - Evaluate best model on test data for horizon 3, Test MAE: 17.3471, Test RMSE: 28.6498, Test MAPE: 11.9177
2026-01-29 02:15:10,155 - easytorch-training - INFO - Evaluate best model on test data for horizon 4, Test MAE: 17.6759, Test RMSE: 29.2566, Test MAPE: 12.1194
2026-01-29 02:15:10,169 - easytorch-training - INFO - Evaluate best model on test data for horizon 5, Test MAE: 17.9716, Test RMSE: 29.8018, Test MAPE: 12.2466
2026-01-29 02:15:10,184 - easytorch-training - INFO - Evaluate best model on test data for horizon 6, Test MAE: 18.2009, Test RMSE: 30.2204, Test MAPE: 12.4029
2026-01-29 02:15:10,198 - easytorch-training - INFO - Evaluate best model on test data for horizon 7, Test MAE: 18.4198, Test RMSE: 30.5798, Test MAPE: 12.5092
2026-01-29 02:15:10,212 - easytorch-training - INFO - Evaluate best model on test data for horizon 8, Test MAE: 18.6216, Test RMSE: 30.8970, Test MAPE: 12.6863
2026-01-29 02:15:10,226 - easytorch-training - INFO - Evaluate best model on test data for horizon 9, Test MAE: 18.7871, Test RMSE: 31.1753, Test MAPE: 12.7486
2026-01-29 02:15:10,240 - easytorch-training - INFO - Evaluate best model on test data for horizon 10, Test MAE: 18.9617, Test RMSE: 31.4072, Test MAPE: 13.0154
2026-01-29 02:15:10,255 - easytorch-training - INFO - Evaluate best model on test data for horizon 11, Test MAE: 19.1170, Test RMSE: 31.6557, Test MAPE: 13.0575
2026-01-29 02:15:10,269 - easytorch-training - INFO - Evaluate best model on test data for horizon 12, Test MAE: 19.2973, Test RMSE: 31.8978, Test MAPE: 13.1844
2026-01-29 02:15:10,282 - easytorch-training - INFO - Result <test>: [test_time: 22.12 (s), test_MAE: 18.1391, test_RMSE: 30.0490, test_MAPE: 12.3900]
2026-01-29 02:15:10,728 - easytorch-training - INFO - Checkpoint checkpoints/STMAFNet_300/976492592f92c661f4c4ea004499e56d/STMAFNet_079.pt saved
2026-01-29 02:15:10,729 - easytorch-training - INFO - The estimated training finish time is 2026-01-29 16:04:29
2026-01-29 02:15:10,729 - easytorch-training - INFO - Epoch 80 / 300
2026-01-29 02:18:10,411 - easytorch-training - INFO - Result <train>: [train_time: 179.68 (s), lr: 6.25e-05, train_MAE: 16.3861, train_RMSE: 26.9495, train_MAPE: 12.3425]
2026-01-29 02:18:10,412 - easytorch-training - INFO - Start validation.
2026-01-29 02:18:33,237 - easytorch-training - INFO - Result <val>: [val_time: 22.82 (s), val_MAE: 17.8855, val_RMSE: 28.3686, val_MAPE: 12.1106]
2026-01-29 02:18:55,229 - easytorch-training - INFO - Evaluate best model on test data for horizon 1, Test MAE: 16.3508, Test RMSE: 26.7232, Test MAPE: 11.1622
2026-01-29 02:18:55,243 - easytorch-training - INFO - Evaluate best model on test data for horizon 2, Test MAE: 16.8998, Test RMSE: 27.7924, Test MAPE: 11.6631
2026-01-29 02:18:55,257 - easytorch-training - INFO - Evaluate best model on test data for horizon 3, Test MAE: 17.3229, Test RMSE: 28.5875, Test MAPE: 11.8494
2026-01-29 02:18:55,271 - easytorch-training - INFO - Evaluate best model on test data for horizon 4, Test MAE: 17.6367, Test RMSE: 29.1716, Test MAPE: 11.9447
2026-01-29 02:18:55,282 - easytorch-training - INFO - Evaluate best model on test data for horizon 5, Test MAE: 17.9084, Test RMSE: 29.6721, Test MAPE: 12.1245
2026-01-29 02:18:55,292 - easytorch-training - INFO - Evaluate best model on test data for horizon 6, Test MAE: 18.1339, Test RMSE: 30.0581, Test MAPE: 12.2744
2026-01-29 02:18:55,306 - easytorch-training - INFO - Evaluate best model on test data for horizon 7, Test MAE: 18.3618, Test RMSE: 30.4215, Test MAPE: 12.3813
2026-01-29 02:18:55,318 - easytorch-training - INFO - Evaluate best model on test data for horizon 8, Test MAE: 18.5481, Test RMSE: 30.7410, Test MAPE: 12.4842
2026-01-29 02:18:55,326 - easytorch-training - INFO - Evaluate best model on test data for horizon 9, Test MAE: 18.7166, Test RMSE: 31.0311, Test MAPE: 12.6208
2026-01-29 02:18:55,340 - easytorch-training - INFO - Evaluate best model on test data for horizon 10, Test MAE: 18.9099, Test RMSE: 31.3011, Test MAPE: 12.7470
2026-01-29 02:18:55,354 - easytorch-training - INFO - Evaluate best model on test data for horizon 11, Test MAE: 19.0815, Test RMSE: 31.5547, Test MAPE: 12.8843
2026-01-29 02:18:55,369 - easytorch-training - INFO - Evaluate best model on test data for horizon 12, Test MAE: 19.2487, Test RMSE: 31.8045, Test MAPE: 12.9583
2026-01-29 02:18:55,388 - easytorch-training - INFO - Result <test>: [test_time: 22.15 (s), test_MAE: 18.0933, test_RMSE: 29.9432, test_MAPE: 12.2579]
2026-01-29 02:18:55,759 - easytorch-training - INFO - Checkpoint checkpoints/STMAFNet_300/976492592f92c661f4c4ea004499e56d/STMAFNet_080.pt saved
2026-01-29 02:18:55,793 - easytorch-training - INFO - The estimated training finish time is 2026-01-29 16:04:29
2026-01-29 02:18:55,793 - easytorch-training - INFO - Epoch 81 / 300
2026-01-29 02:21:55,799 - easytorch-training - INFO - Result <train>: [train_time: 180.01 (s), lr: 6.25e-05, train_MAE: 16.3724, train_RMSE: 26.9206, train_MAPE: 12.3372]
2026-01-29 02:21:55,801 - easytorch-training - INFO - Start validation.
2026-01-29 02:22:18,657 - easytorch-training - INFO - Result <val>: [val_time: 22.86 (s), val_MAE: 17.9281, val_RMSE: 28.4260, val_MAPE: 12.1915]
2026-01-29 02:22:40,646 - easytorch-training - INFO - Evaluate best model on test data for horizon 1, Test MAE: 16.3584, Test RMSE: 26.7428, Test MAPE: 11.1356
2026-01-29 02:22:40,660 - easytorch-training - INFO - Evaluate best model on test data for horizon 2, Test MAE: 16.9205, Test RMSE: 27.8436, Test MAPE: 11.6523
2026-01-29 02:22:40,675 - easytorch-training - INFO - Evaluate best model on test data for horizon 3, Test MAE: 17.3721, Test RMSE: 28.6521, Test MAPE: 11.8639
2026-01-29 02:22:40,689 - easytorch-training - INFO - Evaluate best model on test data for horizon 4, Test MAE: 17.7155, Test RMSE: 29.2605, Test MAPE: 12.0596
2026-01-29 02:22:40,698 - easytorch-training - INFO - Evaluate best model on test data for horizon 5, Test MAE: 17.9961, Test RMSE: 29.7861, Test MAPE: 12.2064
2026-01-29 02:22:40,700 - easytorch-training - INFO - Evaluate best model on test data for horizon 6, Test MAE: 18.2094, Test RMSE: 30.1747, Test MAPE: 12.2679
2026-01-29 02:22:40,701 - easytorch-training - INFO - Evaluate best model on test data for horizon 7, Test MAE: 18.4201, Test RMSE: 30.5365, Test MAPE: 12.3746
2026-01-29 02:22:40,703 - easytorch-training - INFO - Evaluate best model on test data for horizon 8, Test MAE: 18.6254, Test RMSE: 30.8590, Test MAPE: 12.6056
2026-01-29 02:22:40,708 - easytorch-training - INFO - Evaluate best model on test data for horizon 9, Test MAE: 18.7819, Test RMSE: 31.1278, Test MAPE: 12.6590
2026-01-29 02:22:40,723 - easytorch-training - INFO - Evaluate best model on test data for horizon 10, Test MAE: 18.9609, Test RMSE: 31.3807, Test MAPE: 12.8060
2026-01-29 02:22:40,737 - easytorch-training - INFO - Evaluate best model on test data for horizon 11, Test MAE: 19.1295, Test RMSE: 31.6514, Test MAPE: 12.9907
2026-01-29 02:22:40,751 - easytorch-training - INFO - Evaluate best model on test data for horizon 12, Test MAE: 19.3139, Test RMSE: 31.8946, Test MAPE: 13.1368
2026-01-29 02:22:40,770 - easytorch-training - INFO - Result <test>: [test_time: 22.11 (s), test_MAE: 18.1503, test_RMSE: 30.0317, test_MAPE: 12.3132]
2026-01-29 02:22:41,135 - easytorch-training - INFO - Checkpoint checkpoints/STMAFNet_300/976492592f92c661f4c4ea004499e56d/STMAFNet_081.pt saved
2026-01-29 02:22:41,136 - easytorch-training - INFO - The estimated training finish time is 2026-01-29 16:04:30
2026-01-29 02:22:41,136 - easytorch-training - INFO - Epoch 82 / 300
2026-01-29 02:25:41,115 - easytorch-training - INFO - Result <train>: [train_time: 179.98 (s), lr: 6.25e-05, train_MAE: 16.3540, train_RMSE: 26.9009, train_MAPE: 12.3365]
2026-01-29 02:25:41,117 - easytorch-training - INFO - Start validation.
2026-01-29 02:26:03,980 - easytorch-training - INFO - Result <val>: [val_time: 22.86 (s), val_MAE: 17.8723, val_RMSE: 28.4031, val_MAPE: 12.1137]
2026-01-29 02:26:25,968 - easytorch-training - INFO - Evaluate best model on test data for horizon 1, Test MAE: 16.3654, Test RMSE: 26.7476, Test MAPE: 11.2134
2026-01-29 02:26:25,982 - easytorch-training - INFO - Evaluate best model on test data for horizon 2, Test MAE: 16.8964, Test RMSE: 27.8504, Test MAPE: 11.5835
2026-01-29 02:26:25,996 - easytorch-training - INFO - Evaluate best model on test data for horizon 3, Test MAE: 17.3250, Test RMSE: 28.6512, Test MAPE: 11.8039
2026-01-29 02:26:26,010 - easytorch-training - INFO - Evaluate best model on test data for horizon 4, Test MAE: 17.6520, Test RMSE: 29.2508, Test MAPE: 11.9995
2026-01-29 02:26:26,019 - easytorch-training - INFO - Evaluate best model on test data for horizon 5, Test MAE: 17.9192, Test RMSE: 29.7667, Test MAPE: 12.1523
2026-01-29 02:26:26,027 - easytorch-training - INFO - Evaluate best model on test data for horizon 6, Test MAE: 18.1409, Test RMSE: 30.1523, Test MAPE: 12.2231
2026-01-29 02:26:26,041 - easytorch-training - INFO - Evaluate best model on test data for horizon 7, Test MAE: 18.3477, Test RMSE: 30.5092, Test MAPE: 12.3207
2026-01-29 02:26:26,055 - easytorch-training - INFO - Evaluate best model on test data for horizon 8, Test MAE: 18.5415, Test RMSE: 30.8131, Test MAPE: 12.5009
2026-01-29 02:26:26,069 - easytorch-training - INFO - Evaluate best model on test data for horizon 9, Test MAE: 18.7153, Test RMSE: 31.0934, Test MAPE: 12.5941
2026-01-29 02:26:26,084 - easytorch-training - INFO - Evaluate best model on test data for horizon 10, Test MAE: 18.8716, Test RMSE: 31.3477, Test MAPE: 12.7158
2026-01-29 02:26:26,098 - easytorch-training - INFO - Evaluate best model on test data for horizon 11, Test MAE: 19.0448, Test RMSE: 31.5957, Test MAPE: 12.7296
2026-01-29 02:26:26,112 - easytorch-training - INFO - Evaluate best model on test data for horizon 12, Test MAE: 19.2288, Test RMSE: 31.8553, Test MAPE: 13.0182
2026-01-29 02:26:26,128 - easytorch-training - INFO - Result <test>: [test_time: 22.15 (s), test_MAE: 18.0874, test_RMSE: 30.0078, test_MAPE: 12.2379]
2026-01-29 02:26:26,493 - easytorch-training - INFO - Checkpoint checkpoints/STMAFNet_300/976492592f92c661f4c4ea004499e56d/STMAFNet_082.pt saved
2026-01-29 02:26:26,494 - easytorch-training - INFO - The estimated training finish time is 2026-01-29 16:04:31
2026-01-29 02:26:26,494 - easytorch-training - INFO - Epoch 83 / 300
2026-01-29 02:29:26,656 - easytorch-training - INFO - Result <train>: [train_time: 180.16 (s), lr: 6.25e-05, train_MAE: 16.3590, train_RMSE: 26.9017, train_MAPE: 12.3197]
2026-01-29 02:29:26,658 - easytorch-training - INFO - Start validation.
2026-01-29 02:29:49,450 - easytorch-training - INFO - Result <val>: [val_time: 22.79 (s), val_MAE: 17.8922, val_RMSE: 28.4469, val_MAPE: 12.1157]
2026-01-29 02:30:11,426 - easytorch-training - INFO - Evaluate best model on test data for horizon 1, Test MAE: 16.3738, Test RMSE: 26.7607, Test MAPE: 11.1446
2026-01-29 02:30:11,440 - easytorch-training - INFO - Evaluate best model on test data for horizon 2, Test MAE: 16.9310, Test RMSE: 27.8550, Test MAPE: 11.5886
2026-01-29 02:30:11,454 - easytorch-training - INFO - Evaluate best model on test data for horizon 3, Test MAE: 17.3493, Test RMSE: 28.6484, Test MAPE: 11.9136
2026-01-29 02:30:11,468 - easytorch-training - INFO - Evaluate best model on test data for horizon 4, Test MAE: 17.6708, Test RMSE: 29.2589, Test MAPE: 12.0319
2026-01-29 02:30:11,482 - easytorch-training - INFO - Evaluate best model on test data for horizon 5, Test MAE: 17.9401, Test RMSE: 29.7778, Test MAPE: 12.1550
2026-01-29 02:30:11,497 - easytorch-training - INFO - Evaluate best model on test data for horizon 6, Test MAE: 18.1731, Test RMSE: 30.1796, Test MAPE: 12.2621
2026-01-29 02:30:11,511 - easytorch-training - INFO - Evaluate best model on test data for horizon 7, Test MAE: 18.3787, Test RMSE: 30.5229, Test MAPE: 12.3569
2026-01-29 02:30:11,525 - easytorch-training - INFO - Evaluate best model on test data for horizon 8, Test MAE: 18.5895, Test RMSE: 30.8448, Test MAPE: 12.5386
2026-01-29 02:30:11,539 - easytorch-training - INFO - Evaluate best model on test data for horizon 9, Test MAE: 18.7538, Test RMSE: 31.1249, Test MAPE: 12.6167
2026-01-29 02:30:11,552 - easytorch-training - INFO - Evaluate best model on test data for horizon 10, Test MAE: 18.9251, Test RMSE: 31.4065, Test MAPE: 12.7422
2026-01-29 02:30:11,560 - easytorch-training - INFO - Evaluate best model on test data for horizon 11, Test MAE: 19.0889, Test RMSE: 31.6441, Test MAPE: 12.8803
2026-01-29 02:30:11,574 - easytorch-training - INFO - Evaluate best model on test data for horizon 12, Test MAE: 19.2701, Test RMSE: 31.9140, Test MAPE: 13.0293
2026-01-29 02:30:11,594 - easytorch-training - INFO - Result <test>: [test_time: 22.14 (s), test_MAE: 18.1204, test_RMSE: 30.0339, test_MAPE: 12.2717]
2026-01-29 02:30:11,962 - easytorch-training - INFO - Checkpoint checkpoints/STMAFNet_300/976492592f92c661f4c4ea004499e56d/STMAFNet_083.pt saved
2026-01-29 02:30:11,963 - easytorch-training - INFO - The estimated training finish time is 2026-01-29 16:04:32
2026-01-29 02:30:11,963 - easytorch-training - INFO - Epoch 84 / 300
2026-01-29 02:33:12,180 - easytorch-training - INFO - Result <train>: [train_time: 180.22 (s), lr: 6.25e-05, train_MAE: 16.3506, train_RMSE: 26.8982, train_MAPE: 12.3047]
2026-01-29 02:33:12,182 - easytorch-training - INFO - Start validation.
2026-01-29 02:33:35,087 - easytorch-training - INFO - Result <val>: [val_time: 22.90 (s), val_MAE: 17.8978, val_RMSE: 28.4488, val_MAPE: 12.2298]
2026-01-29 02:33:56,629 - easytorch-training - INFO - Evaluate best model on test data for horizon 1, Test MAE: 16.3655, Test RMSE: 26.7761, Test MAPE: 11.1679
2026-01-29 02:33:56,643 - easytorch-training - INFO - Evaluate best model on test data for horizon 2, Test MAE: 16.9008, Test RMSE: 27.8656, Test MAPE: 11.5762
2026-01-29 02:33:56,651 - easytorch-training - INFO - Evaluate best model on test data for horizon 3, Test MAE: 17.3446, Test RMSE: 28.6900, Test MAPE: 11.9377
2026-01-29 02:33:56,659 - easytorch-training - INFO - Evaluate best model on test data for horizon 4, Test MAE: 17.6736, Test RMSE: 29.2945, Test MAPE: 12.0094
2026-01-29 02:33:56,671 - easytorch-training - INFO - Evaluate best model on test data for horizon 5, Test MAE: 17.9413, Test RMSE: 29.8073, Test MAPE: 12.1724
2026-01-29 02:33:56,685 - easytorch-training - INFO - Evaluate best model on test data for horizon 6, Test MAE: 18.1705, Test RMSE: 30.1887, Test MAPE: 12.3187
2026-01-29 02:33:56,699 - easytorch-training - INFO - Evaluate best model on test data for horizon 7, Test MAE: 18.3722, Test RMSE: 30.5414, Test MAPE: 12.3932
2026-01-29 02:33:56,713 - easytorch-training - INFO - Evaluate best model on test data for horizon 8, Test MAE: 18.5776, Test RMSE: 30.8383, Test MAPE: 12.6681
2026-01-29 02:33:56,728 - easytorch-training - INFO - Evaluate best model on test data for horizon 9, Test MAE: 18.7586, Test RMSE: 31.1181, Test MAPE: 12.8385
2026-01-29 02:33:56,742 - easytorch-training - INFO - Evaluate best model on test data for horizon 10, Test MAE: 18.9222, Test RMSE: 31.3601, Test MAPE: 12.9041
2026-01-29 02:33:56,756 - easytorch-training - INFO - Evaluate best model on test data for horizon 11, Test MAE: 19.0802, Test RMSE: 31.6200, Test MAPE: 12.9346
2026-01-29 02:33:56,770 - easytorch-training - INFO - Evaluate best model on test data for horizon 12, Test MAE: 19.2787, Test RMSE: 31.8527, Test MAPE: 13.2557
2026-01-29 02:33:56,789 - easytorch-training - INFO - Result <test>: [test_time: 21.70 (s), test_MAE: 18.1155, test_RMSE: 30.0341, test_MAPE: 12.3481]
2026-01-29 02:33:57,153 - easytorch-training - INFO - Checkpoint checkpoints/STMAFNet_300/976492592f92c661f4c4ea004499e56d/STMAFNet_084.pt saved
2026-01-29 02:33:57,154 - easytorch-training - INFO - The estimated training finish time is 2026-01-29 16:04:32
2026-01-29 02:33:57,154 - easytorch-training - INFO - Epoch 85 / 300
2026-01-29 02:36:58,415 - easytorch-training - INFO - Result <train>: [train_time: 181.26 (s), lr: 6.25e-05, train_MAE: 16.3329, train_RMSE: 26.8678, train_MAPE: 12.3039]
2026-01-29 02:36:58,416 - easytorch-training - INFO - Start validation.
2026-01-29 02:37:20,148 - easytorch-training - INFO - Result <val>: [val_time: 21.73 (s), val_MAE: 17.9087, val_RMSE: 28.4465, val_MAPE: 11.9300]
2026-01-29 02:37:41,626 - easytorch-training - INFO - Evaluate best model on test data for horizon 1, Test MAE: 16.3539, Test RMSE: 26.7559, Test MAPE: 11.0006
2026-01-29 02:37:41,640 - easytorch-training - INFO - Evaluate best model on test data for horizon 2, Test MAE: 16.9006, Test RMSE: 27.8481, Test MAPE: 11.4255
2026-01-29 02:37:41,654 - easytorch-training - INFO - Evaluate best model on test data for horizon 3, Test MAE: 17.3472, Test RMSE: 28.6660, Test MAPE: 11.7650
2026-01-29 02:37:41,668 - easytorch-training - INFO - Evaluate best model on test data for horizon 4, Test MAE: 17.6852, Test RMSE: 29.2956, Test MAPE: 11.8060
2026-01-29 02:37:41,682 - easytorch-training - INFO - Evaluate best model on test data for horizon 5, Test MAE: 17.9679, Test RMSE: 29.8257, Test MAPE: 11.9933
2026-01-29 02:37:41,696 - easytorch-training - INFO - Evaluate best model on test data for horizon 6, Test MAE: 18.2016, Test RMSE: 30.2400, Test MAPE: 12.0329
2026-01-29 02:37:41,711 - easytorch-training - INFO - Evaluate best model on test data for horizon 7, Test MAE: 18.4419, Test RMSE: 30.6531, Test MAPE: 12.1748
2026-01-29 02:37:41,722 - easytorch-training - INFO - Evaluate best model on test data for horizon 8, Test MAE: 18.6563, Test RMSE: 30.9956, Test MAPE: 12.2465
2026-01-29 02:37:41,730 - easytorch-training - INFO - Evaluate best model on test data for horizon 9, Test MAE: 18.8339, Test RMSE: 31.2672, Test MAPE: 12.3996
2026-01-29 02:37:41,742 - easytorch-training - INFO - Evaluate best model on test data for horizon 10, Test MAE: 19.0005, Test RMSE: 31.5267, Test MAPE: 12.5408
2026-01-29 02:37:41,756 - easytorch-training - INFO - Evaluate best model on test data for horizon 11, Test MAE: 19.1636, Test RMSE: 31.7776, Test MAPE: 12.7216
2026-01-29 02:37:41,770 - easytorch-training - INFO - Evaluate best model on test data for horizon 12, Test MAE: 19.3523, Test RMSE: 32.0390, Test MAPE: 12.8542
2026-01-29 02:37:41,790 - easytorch-training - INFO - Result <test>: [test_time: 21.64 (s), test_MAE: 18.1588, test_RMSE: 30.1160, test_MAPE: 12.0801]
2026-01-29 02:37:42,173 - easytorch-training - INFO - Checkpoint checkpoints/STMAFNet_300/976492592f92c661f4c4ea004499e56d/STMAFNet_085.pt saved
2026-01-29 02:37:42,174 - easytorch-training - INFO - The estimated training finish time is 2026-01-29 16:04:31
2026-01-29 02:37:42,174 - easytorch-training - INFO - Epoch 86 / 300
2026-01-29 02:40:44,112 - easytorch-training - INFO - Result <train>: [train_time: 181.94 (s), lr: 6.25e-05, train_MAE: 16.3268, train_RMSE: 26.8625, train_MAPE: 12.2820]
2026-01-29 02:40:44,122 - easytorch-training - INFO - Start validation.
2026-01-29 02:41:05,774 - easytorch-training - INFO - Result <val>: [val_time: 21.65 (s), val_MAE: 17.8767, val_RMSE: 28.3838, val_MAPE: 12.1244]
2026-01-29 02:41:27,091 - easytorch-training - INFO - Evaluate best model on test data for horizon 1, Test MAE: 16.3648, Test RMSE: 26.7495, Test MAPE: 11.2530
2026-01-29 02:41:27,105 - easytorch-training - INFO - Evaluate best model on test data for horizon 2, Test MAE: 16.9090, Test RMSE: 27.8370, Test MAPE: 11.5901
2026-01-29 02:41:27,120 - easytorch-training - INFO - Evaluate best model on test data for horizon 3, Test MAE: 17.3503, Test RMSE: 28.6489, Test MAPE: 11.9873
2026-01-29 02:41:27,134 - easytorch-training - INFO - Evaluate best model on test data for horizon 4, Test MAE: 17.6628, Test RMSE: 29.2399, Test MAPE: 12.0607
2026-01-29 02:41:27,148 - easytorch-training - INFO - Evaluate best model on test data for horizon 5, Test MAE: 17.9241, Test RMSE: 29.7332, Test MAPE: 12.0768
2026-01-29 02:41:27,162 - easytorch-training - INFO - Evaluate best model on test data for horizon 6, Test MAE: 18.1348, Test RMSE: 30.1074, Test MAPE: 12.2680
2026-01-29 02:41:27,176 - easytorch-training - INFO - Evaluate best model on test data for horizon 7, Test MAE: 18.3491, Test RMSE: 30.4402, Test MAPE: 12.4277
2026-01-29 02:41:27,179 - easytorch-training - INFO - Evaluate best model on test data for horizon 8, Test MAE: 18.5599, Test RMSE: 30.7594, Test MAPE: 12.6194
2026-01-29 02:41:27,184 - easytorch-training - INFO - Evaluate best model on test data for horizon 9, Test MAE: 18.7063, Test RMSE: 31.0269, Test MAPE: 12.5171
2026-01-29 02:41:27,199 - easytorch-training - INFO - Evaluate best model on test data for horizon 10, Test MAE: 18.8833, Test RMSE: 31.2703, Test MAPE: 12.7137
2026-01-29 02:41:27,213 - easytorch-training - INFO - Evaluate best model on test data for horizon 11, Test MAE: 19.0450, Test RMSE: 31.5352, Test MAPE: 12.7763
2026-01-29 02:41:27,227 - easytorch-training - INFO - Evaluate best model on test data for horizon 12, Test MAE: 19.2368, Test RMSE: 31.7839, Test MAPE: 12.9239
2026-01-29 02:41:27,246 - easytorch-training - INFO - Result <test>: [test_time: 21.47 (s), test_MAE: 18.0939, test_RMSE: 29.9648, test_MAPE: 12.2678]
2026-01-29 02:41:27,614 - easytorch-training - INFO - Checkpoint checkpoints/STMAFNet_300/976492592f92c661f4c4ea004499e56d/STMAFNet_086.pt saved
2026-01-29 02:41:27,615 - easytorch-training - INFO - The estimated training finish time is 2026-01-29 16:04:32
2026-01-29 02:41:27,615 - easytorch-training - INFO - Epoch 87 / 300
2026-01-29 02:44:29,452 - easytorch-training - INFO - Result <train>: [train_time: 181.84 (s), lr: 6.25e-05, train_MAE: 16.3009, train_RMSE: 26.8240, train_MAPE: 12.3086]
2026-01-29 02:44:29,454 - easytorch-training - INFO - Start validation.
2026-01-29 02:44:51,968 - easytorch-training - INFO - Result <val>: [val_time: 22.51 (s), val_MAE: 17.9025, val_RMSE: 28.4437, val_MAPE: 12.2066]
2026-01-29 02:45:13,285 - easytorch-training - INFO - Evaluate best model on test data for horizon 1, Test MAE: 16.4090, Test RMSE: 26.7871, Test MAPE: 11.4532
2026-01-29 02:45:13,294 - easytorch-training - INFO - Evaluate best model on test data for horizon 2, Test MAE: 16.9416, Test RMSE: 27.8989, Test MAPE: 11.7548
2026-01-29 02:45:13,306 - easytorch-training - INFO - Evaluate best model on test data for horizon 3, Test MAE: 17.3868, Test RMSE: 28.7152, Test MAPE: 12.1415
2026-01-29 02:45:13,320 - easytorch-training - INFO - Evaluate best model on test data for horizon 4, Test MAE: 17.7100, Test RMSE: 29.3059, Test MAPE: 12.2455
2026-01-29 02:45:13,334 - easytorch-training - INFO - Evaluate best model on test data for horizon 5, Test MAE: 17.9767, Test RMSE: 29.8321, Test MAPE: 12.2383
2026-01-29 02:45:13,348 - easytorch-training - INFO - Evaluate best model on test data for horizon 6, Test MAE: 18.1871, Test RMSE: 30.2230, Test MAPE: 12.2283
2026-01-29 02:45:13,360 - easytorch-training - INFO - Evaluate best model on test data for horizon 7, Test MAE: 18.4068, Test RMSE: 30.5694, Test MAPE: 12.4838
2026-01-29 02:45:13,368 - easytorch-training - INFO - Evaluate best model on test data for horizon 8, Test MAE: 18.6065, Test RMSE: 30.8950, Test MAPE: 12.4927
2026-01-29 02:45:13,376 - easytorch-training - INFO - Evaluate best model on test data for horizon 9, Test MAE: 18.7848, Test RMSE: 31.1694, Test MAPE: 12.7051
2026-01-29 02:45:13,390 - easytorch-training - INFO - Evaluate best model on test data for horizon 10, Test MAE: 18.9287, Test RMSE: 31.4028, Test MAPE: 12.7263
2026-01-29 02:45:13,404 - easytorch-training - INFO - Evaluate best model on test data for horizon 11, Test MAE: 19.1201, Test RMSE: 31.6892, Test MAPE: 12.9920
2026-01-29 02:45:13,417 - easytorch-training - INFO - Evaluate best model on test data for horizon 12, Test MAE: 19.2888, Test RMSE: 31.9388, Test MAPE: 13.0101
2026-01-29 02:45:13,430 - easytorch-training - INFO - Result <test>: [test_time: 21.46 (s), test_MAE: 18.1456, test_RMSE: 30.0744, test_MAPE: 12.3726]
2026-01-29 02:45:13,796 - easytorch-training - INFO - Checkpoint checkpoints/STMAFNet_300/976492592f92c661f4c4ea004499e56d/STMAFNet_087.pt saved
2026-01-29 02:45:13,797 - easytorch-training - INFO - The estimated training finish time is 2026-01-29 16:04:36
2026-01-29 02:45:13,797 - easytorch-training - INFO - Epoch 88 / 300
2026-01-29 02:48:14,706 - easytorch-training - INFO - Result <train>: [train_time: 180.91 (s), lr: 6.25e-05, train_MAE: 16.2937, train_RMSE: 26.8132, train_MAPE: 12.3013]
2026-01-29 02:48:14,708 - easytorch-training - INFO - Start validation.
2026-01-29 02:48:37,545 - easytorch-training - INFO - Result <val>: [val_time: 22.84 (s), val_MAE: 17.8719, val_RMSE: 28.4131, val_MAPE: 12.1826]
2026-01-29 02:48:59,505 - easytorch-training - INFO - Evaluate best model on test data for horizon 1, Test MAE: 16.3679, Test RMSE: 26.7548, Test MAPE: 11.2070
2026-01-29 02:48:59,519 - easytorch-training - INFO - Evaluate best model on test data for horizon 2, Test MAE: 16.9032, Test RMSE: 27.8521, Test MAPE: 11.5235
2026-01-29 02:48:59,540 - easytorch-training - INFO - Evaluate best model on test data for horizon 3, Test MAE: 17.3399, Test RMSE: 28.6638, Test MAPE: 11.8207
2026-01-29 02:48:59,554 - easytorch-training - INFO - Evaluate best model on test data for horizon 4, Test MAE: 17.6665, Test RMSE: 29.2624, Test MAPE: 12.0317
2026-01-29 02:48:59,568 - easytorch-training - INFO - Evaluate best model on test data for horizon 5, Test MAE: 17.9402, Test RMSE: 29.7504, Test MAPE: 12.1894
2026-01-29 02:48:59,582 - easytorch-training - INFO - Evaluate best model on test data for horizon 6, Test MAE: 18.1629, Test RMSE: 30.1205, Test MAPE: 12.4036
2026-01-29 02:48:59,594 - easytorch-training - INFO - Evaluate best model on test data for horizon 7, Test MAE: 18.3574, Test RMSE: 30.4631, Test MAPE: 12.5132
2026-01-29 02:48:59,602 - easytorch-training - INFO - Evaluate best model on test data for horizon 8, Test MAE: 18.5594, Test RMSE: 30.7746, Test MAPE: 12.7044
2026-01-29 02:48:59,612 - easytorch-training - INFO - Evaluate best model on test data for horizon 9, Test MAE: 18.7170, Test RMSE: 31.0474, Test MAPE: 12.7189
2026-01-29 02:48:59,626 - easytorch-training - INFO - Evaluate best model on test data for horizon 10, Test MAE: 18.8750, Test RMSE: 31.3267, Test MAPE: 12.7551
2026-01-29 02:48:59,641 - easytorch-training - INFO - Evaluate best model on test data for horizon 11, Test MAE: 19.0393, Test RMSE: 31.5433, Test MAPE: 12.9439
2026-01-29 02:48:59,655 - easytorch-training - INFO - Evaluate best model on test data for horizon 12, Test MAE: 19.2304, Test RMSE: 31.7962, Test MAPE: 13.2095
2026-01-29 02:48:59,674 - easytorch-training - INFO - Result <test>: [test_time: 22.13 (s), test_MAE: 18.0966, test_RMSE: 29.9836, test_MAPE: 12.3351]
2026-01-29 02:49:00,040 - easytorch-training - INFO - Checkpoint checkpoints/STMAFNet_300/976492592f92c661f4c4ea004499e56d/STMAFNet_088.pt saved
2026-01-29 02:49:00,040 - easytorch-training - INFO - The estimated training finish time is 2026-01-29 16:04:39
2026-01-29 02:49:00,041 - easytorch-training - INFO - Epoch 89 / 300
2026-01-29 02:52:00,199 - easytorch-training - INFO - Result <train>: [train_time: 180.16 (s), lr: 6.25e-05, train_MAE: 16.2976, train_RMSE: 26.8170, train_MAPE: 12.2932]
2026-01-29 02:52:00,201 - easytorch-training - INFO - Start validation.
2026-01-29 02:52:23,077 - easytorch-training - INFO - Result <val>: [val_time: 22.88 (s), val_MAE: 17.8854, val_RMSE: 28.4303, val_MAPE: 12.1597]
2026-01-29 02:52:45,091 - easytorch-training - INFO - Evaluate best model on test data for horizon 1, Test MAE: 16.3496, Test RMSE: 26.7503, Test MAPE: 11.1635
2026-01-29 02:52:45,105 - easytorch-training - INFO - Evaluate best model on test data for horizon 2, Test MAE: 16.8945, Test RMSE: 27.8330, Test MAPE: 11.6370
2026-01-29 02:52:45,119 - easytorch-training - INFO - Evaluate best model on test data for horizon 3, Test MAE: 17.3284, Test RMSE: 28.6388, Test MAPE: 11.9021
2026-01-29 02:52:45,133 - easytorch-training - INFO - Evaluate best model on test data for horizon 4, Test MAE: 17.6484, Test RMSE: 29.2500, Test MAPE: 11.9650
2026-01-29 02:52:45,148 - easytorch-training - INFO - Evaluate best model on test data for horizon 5, Test MAE: 17.9240, Test RMSE: 29.7590, Test MAPE: 12.1346
2026-01-29 02:52:45,162 - easytorch-training - INFO - Evaluate best model on test data for horizon 6, Test MAE: 18.1588, Test RMSE: 30.1487, Test MAPE: 12.3281
2026-01-29 02:52:45,176 - easytorch-training - INFO - Evaluate best model on test data for horizon 7, Test MAE: 18.3704, Test RMSE: 30.5223, Test MAPE: 12.3160
2026-01-29 02:52:45,190 - easytorch-training - INFO - Evaluate best model on test data for horizon 8, Test MAE: 18.5646, Test RMSE: 30.8289, Test MAPE: 12.5226
2026-01-29 02:52:45,201 - easytorch-training - INFO - Evaluate best model on test data for horizon 9, Test MAE: 18.7351, Test RMSE: 31.1012, Test MAPE: 12.6775
2026-01-29 02:52:45,206 - easytorch-training - INFO - Evaluate best model on test data for horizon 10, Test MAE: 18.9022, Test RMSE: 31.3808, Test MAPE: 12.8390
2026-01-29 02:52:45,216 - easytorch-training - INFO - Evaluate best model on test data for horizon 11, Test MAE: 19.0631, Test RMSE: 31.6262, Test MAPE: 13.0045
2026-01-29 02:52:45,230 - easytorch-training - INFO - Evaluate best model on test data for horizon 12, Test MAE: 19.2342, Test RMSE: 31.8582, Test MAPE: 13.0293
2026-01-29 02:52:45,250 - easytorch-training - INFO - Result <test>: [test_time: 22.17 (s), test_MAE: 18.0978, test_RMSE: 30.0136, test_MAPE: 12.2933]
2026-01-29 02:52:45,628 - easytorch-training - INFO - Checkpoint checkpoints/STMAFNet_300/976492592f92c661f4c4ea004499e56d/STMAFNet_089.pt saved
2026-01-29 02:52:45,628 - easytorch-training - INFO - The estimated training finish time is 2026-01-29 16:04:41
2026-01-29 02:52:45,629 - easytorch-training - INFO - Epoch 90 / 300
2026-01-29 02:55:45,750 - easytorch-training - INFO - Result <train>: [train_time: 180.12 (s), lr: 6.25e-05, train_MAE: 16.2737, train_RMSE: 26.7739, train_MAPE: 12.2636]
2026-01-29 02:55:45,751 - easytorch-training - INFO - Start validation.
2026-01-29 02:56:08,596 - easytorch-training - INFO - Result <val>: [val_time: 22.84 (s), val_MAE: 17.8633, val_RMSE: 28.4552, val_MAPE: 12.0694]
2026-01-29 02:56:30,560 - easytorch-training - INFO - Evaluate best model on test data for horizon 1, Test MAE: 16.3569, Test RMSE: 26.7892, Test MAPE: 11.1364
2026-01-29 02:56:30,574 - easytorch-training - INFO - Evaluate best model on test data for horizon 2, Test MAE: 16.8971, Test RMSE: 27.8697, Test MAPE: 11.6866
2026-01-29 02:56:30,588 - easytorch-training - INFO - Evaluate best model on test data for horizon 3, Test MAE: 17.3292, Test RMSE: 28.6856, Test MAPE: 11.8154
2026-01-29 02:56:30,603 - easytorch-training - INFO - Evaluate best model on test data for horizon 4, Test MAE: 17.6603, Test RMSE: 29.2915, Test MAPE: 12.0286
2026-01-29 02:56:30,617 - easytorch-training - INFO - Evaluate best model on test data for horizon 5, Test MAE: 17.9248, Test RMSE: 29.7982, Test MAPE: 12.1425
2026-01-29 02:56:30,625 - easytorch-training - INFO - Evaluate best model on test data for horizon 6, Test MAE: 18.1394, Test RMSE: 30.1789, Test MAPE: 12.2621
2026-01-29 02:56:30,638 - easytorch-training - INFO - Evaluate best model on test data for horizon 7, Test MAE: 18.3600, Test RMSE: 30.5584, Test MAPE: 12.2190
2026-01-29 02:56:30,652 - easytorch-training - INFO - Evaluate best model on test data for horizon 8, Test MAE: 18.5440, Test RMSE: 30.8487, Test MAPE: 12.3676
2026-01-29 02:56:30,666 - easytorch-training - INFO - Evaluate best model on test data for horizon 9, Test MAE: 18.7245, Test RMSE: 31.1431, Test MAPE: 12.4755
2026-01-29 02:56:30,674 - easytorch-training - INFO - Evaluate best model on test data for horizon 10, Test MAE: 18.8858, Test RMSE: 31.4050, Test MAPE: 12.6046
2026-01-29 02:56:30,682 - easytorch-training - INFO - Evaluate best model on test data for horizon 11, Test MAE: 19.0354, Test RMSE: 31.6219, Test MAPE: 12.7890
2026-01-29 02:56:30,694 - easytorch-training - INFO - Evaluate best model on test data for horizon 12, Test MAE: 19.2156, Test RMSE: 31.8650, Test MAPE: 12.9368
2026-01-29 02:56:30,714 - easytorch-training - INFO - Result <test>: [test_time: 22.12 (s), test_MAE: 18.0894, test_RMSE: 30.0429, test_MAPE: 12.2053]
2026-01-29 02:56:31,111 - easytorch-training - INFO - Checkpoint checkpoints/STMAFNet_300/976492592f92c661f4c4ea004499e56d/STMAFNet_090.pt saved
2026-01-29 02:56:31,146 - easytorch-training - INFO - The estimated training finish time is 2026-01-29 16:04:42
2026-01-29 02:56:31,146 - easytorch-training - INFO - Epoch 91 / 300
2026-01-29 02:59:30,883 - easytorch-training - INFO - Result <train>: [train_time: 179.74 (s), lr: 6.25e-05, train_MAE: 16.2793, train_RMSE: 26.7879, train_MAPE: 12.2563]
2026-01-29 02:59:30,884 - easytorch-training - INFO - Start validation.
2026-01-29 02:59:53,742 - easytorch-training - INFO - Result <val>: [val_time: 22.86 (s), val_MAE: 17.8982, val_RMSE: 28.5045, val_MAPE: 12.0565]
2026-01-29 03:00:15,728 - easytorch-training - INFO - Evaluate best model on test data for horizon 1, Test MAE: 16.3789, Test RMSE: 26.8096, Test MAPE: 11.1524
2026-01-29 03:00:15,742 - easytorch-training - INFO - Evaluate best model on test data for horizon 2, Test MAE: 16.9169, Test RMSE: 27.9242, Test MAPE: 11.4048
2026-01-29 03:00:15,756 - easytorch-training - INFO - Evaluate best model on test data for horizon 3, Test MAE: 17.3590, Test RMSE: 28.7264, Test MAPE: 11.7323
2026-01-29 03:00:15,770 - easytorch-training - INFO - Evaluate best model on test data for horizon 4, Test MAE: 17.7065, Test RMSE: 29.3464, Test MAPE: 12.0013
2026-01-29 03:00:15,785 - easytorch-training - INFO - Evaluate best model on test data for horizon 5, Test MAE: 17.9663, Test RMSE: 29.8627, Test MAPE: 12.0832
2026-01-29 03:00:15,799 - easytorch-training - INFO - Evaluate best model on test data for horizon 6, Test MAE: 18.1861, Test RMSE: 30.2532, Test MAPE: 12.1934
2026-01-29 03:00:15,813 - easytorch-training - INFO - Evaluate best model on test data for horizon 7, Test MAE: 18.3962, Test RMSE: 30.6018, Test MAPE: 12.3143
2026-01-29 03:00:15,827 - easytorch-training - INFO - Evaluate best model on test data for horizon 8, Test MAE: 18.5913, Test RMSE: 30.9038, Test MAPE: 12.4453
2026-01-29 03:00:15,841 - easytorch-training - INFO - Evaluate best model on test data for horizon 9, Test MAE: 18.7726, Test RMSE: 31.2062, Test MAPE: 12.5401
2026-01-29 03:00:15,856 - easytorch-training - INFO - Evaluate best model on test data for horizon 10, Test MAE: 18.9406, Test RMSE: 31.4552, Test MAPE: 12.7450
2026-01-29 03:00:15,870 - easytorch-training - INFO - Evaluate best model on test data for horizon 11, Test MAE: 19.0984, Test RMSE: 31.6949, Test MAPE: 12.8865
2026-01-29 03:00:15,881 - easytorch-training - INFO - Evaluate best model on test data for horizon 12, Test MAE: 19.2695, Test RMSE: 31.9337, Test MAPE: 13.0470
2026-01-29 03:00:15,894 - easytorch-training - INFO - Result <test>: [test_time: 22.15 (s), test_MAE: 18.1319, test_RMSE: 30.0986, test_MAPE: 12.2121]
2026-01-29 03:00:16,285 - easytorch-training - INFO - Checkpoint checkpoints/STMAFNet_300/976492592f92c661f4c4ea004499e56d/STMAFNet_091.pt saved
2026-01-29 03:00:16,286 - easytorch-training - INFO - The estimated training finish time is 2026-01-29 16:04:42
2026-01-29 03:00:16,286 - easytorch-training - INFO - Epoch 92 / 300
2026-01-29 03:03:16,387 - easytorch-training - INFO - Result <train>: [train_time: 180.10 (s), lr: 6.25e-05, train_MAE: 16.2664, train_RMSE: 26.7624, train_MAPE: 12.2466]
2026-01-29 03:03:16,388 - easytorch-training - INFO - Start validation.
2026-01-29 03:03:39,146 - easytorch-training - INFO - Result <val>: [val_time: 22.76 (s), val_MAE: 17.9242, val_RMSE: 28.4778, val_MAPE: 12.0052]
2026-01-29 03:04:00,753 - easytorch-training - INFO - Evaluate best model on test data for horizon 1, Test MAE: 16.4028, Test RMSE: 26.8173, Test MAPE: 11.0352
2026-01-29 03:04:00,768 - easytorch-training - INFO - Evaluate best model on test data for horizon 2, Test MAE: 16.9549, Test RMSE: 27.9351, Test MAPE: 11.4914
2026-01-29 03:04:00,779 - easytorch-training - INFO - Evaluate best model on test data for horizon 3, Test MAE: 17.3893, Test RMSE: 28.7646, Test MAPE: 11.7832
2026-01-29 03:04:00,787 - easytorch-training - INFO - Evaluate best model on test data for horizon 4, Test MAE: 17.7379, Test RMSE: 29.4118, Test MAPE: 11.9302
2026-01-29 03:04:00,795 - easytorch-training - INFO - Evaluate best model on test data for horizon 5, Test MAE: 18.0297, Test RMSE: 29.9540, Test MAPE: 11.9651
2026-01-29 03:04:00,809 - easytorch-training - INFO - Evaluate best model on test data for horizon 6, Test MAE: 18.2500, Test RMSE: 30.3478, Test MAPE: 12.1009
2026-01-29 03:04:00,823 - easytorch-training - INFO - Evaluate best model on test data for horizon 7, Test MAE: 18.4724, Test RMSE: 30.7227, Test MAPE: 12.2837
2026-01-29 03:04:00,837 - easytorch-training - INFO - Evaluate best model on test data for horizon 8, Test MAE: 18.6816, Test RMSE: 31.0726, Test MAPE: 12.3618
2026-01-29 03:04:00,852 - easytorch-training - INFO - Evaluate best model on test data for horizon 9, Test MAE: 18.8536, Test RMSE: 31.3485, Test MAPE: 12.5267
2026-01-29 03:04:00,866 - easytorch-training - INFO - Evaluate best model on test data for horizon 10, Test MAE: 19.0415, Test RMSE: 31.6444, Test MAPE: 12.6372
2026-01-29 03:04:00,880 - easytorch-training - INFO - Evaluate best model on test data for horizon 11, Test MAE: 19.2064, Test RMSE: 31.8982, Test MAPE: 12.8149
2026-01-29 03:04:00,894 - easytorch-training - INFO - Evaluate best model on test data for horizon 12, Test MAE: 19.3655, Test RMSE: 32.1142, Test MAPE: 13.0422
2026-01-29 03:04:00,914 - easytorch-training - INFO - Result <test>: [test_time: 21.77 (s), test_MAE: 18.1988, test_RMSE: 30.2111, test_MAPE: 12.1644]
2026-01-29 03:04:01,293 - easytorch-training - INFO - Checkpoint checkpoints/STMAFNet_300/976492592f92c661f4c4ea004499e56d/STMAFNet_092.pt saved
2026-01-29 03:04:01,294 - easytorch-training - INFO - The estimated training finish time is 2026-01-29 16:04:41
2026-01-29 03:04:01,294 - easytorch-training - INFO - Epoch 93 / 300
2026-01-29 03:07:01,875 - easytorch-training - INFO - Result <train>: [train_time: 180.58 (s), lr: 6.25e-05, train_MAE: 16.2451, train_RMSE: 26.7435, train_MAPE: 12.2455]
2026-01-29 03:07:01,876 - easytorch-training - INFO - Start validation.
2026-01-29 03:07:24,292 - easytorch-training - INFO - Result <val>: [val_time: 22.42 (s), val_MAE: 17.8841, val_RMSE: 28.4702, val_MAPE: 12.0426]
2026-01-29 03:07:45,687 - easytorch-training - INFO - Evaluate best model on test data for horizon 1, Test MAE: 16.3622, Test RMSE: 26.7843, Test MAPE: 11.1885
2026-01-29 03:07:45,696 - easytorch-training - INFO - Evaluate best model on test data for horizon 2, Test MAE: 16.9035, Test RMSE: 27.8667, Test MAPE: 11.5428
2026-01-29 03:07:45,704 - easytorch-training - INFO - Evaluate best model on test data for horizon 3, Test MAE: 17.3458, Test RMSE: 28.6932, Test MAPE: 11.8650
2026-01-29 03:07:45,718 - easytorch-training - INFO - Evaluate best model on test data for horizon 4, Test MAE: 17.6879, Test RMSE: 29.3102, Test MAPE: 11.9992
2026-01-29 03:07:45,732 - easytorch-training - INFO - Evaluate best model on test data for horizon 5, Test MAE: 17.9514, Test RMSE: 29.8333, Test MAPE: 12.1637
2026-01-29 03:07:45,747 - easytorch-training - INFO - Evaluate best model on test data for horizon 6, Test MAE: 18.1835, Test RMSE: 30.2539, Test MAPE: 12.1904
2026-01-29 03:07:45,761 - easytorch-training - INFO - Evaluate best model on test data for horizon 7, Test MAE: 18.3983, Test RMSE: 30.6070, Test MAPE: 12.3411
2026-01-29 03:07:45,770 - easytorch-training - INFO - Evaluate best model on test data for horizon 8, Test MAE: 18.5911, Test RMSE: 30.9192, Test MAPE: 12.3427
2026-01-29 03:07:45,782 - easytorch-training - INFO - Evaluate best model on test data for horizon 9, Test MAE: 18.7723, Test RMSE: 31.2129, Test MAPE: 12.4589
2026-01-29 03:07:45,797 - easytorch-training - INFO - Evaluate best model on test data for horizon 10, Test MAE: 18.9411, Test RMSE: 31.4517, Test MAPE: 12.6269
2026-01-29 03:07:45,811 - easytorch-training - INFO - Evaluate best model on test data for horizon 11, Test MAE: 19.0970, Test RMSE: 31.6928, Test MAPE: 12.7697
2026-01-29 03:07:45,822 - easytorch-training - INFO - Evaluate best model on test data for horizon 12, Test MAE: 19.2792, Test RMSE: 31.9277, Test MAPE: 12.8940
2026-01-29 03:07:45,835 - easytorch-training - INFO - Result <test>: [test_time: 21.54 (s), test_MAE: 18.1261, test_RMSE: 30.0856, test_MAPE: 12.1986]
2026-01-29 03:07:46,203 - easytorch-training - INFO - Checkpoint checkpoints/STMAFNet_300/976492592f92c661f4c4ea004499e56d/STMAFNet_093.pt saved
2026-01-29 03:07:46,204 - easytorch-training - INFO - The estimated training finish time is 2026-01-29 16:04:40
2026-01-29 03:07:46,204 - easytorch-training - INFO - Epoch 94 / 300
2026-01-29 03:10:46,879 - easytorch-training - INFO - Result <train>: [train_time: 180.67 (s), lr: 6.25e-05, train_MAE: 16.2316, train_RMSE: 26.7120, train_MAPE: 12.2400]
2026-01-29 03:10:46,879 - easytorch-training - INFO - Start validation.
2026-01-29 03:11:09,199 - easytorch-training - INFO - Result <val>: [val_time: 22.32 (s), val_MAE: 17.8975, val_RMSE: 28.4698, val_MAPE: 12.1738]
2026-01-29 03:11:25,144 - easytorch-training - INFO - Evaluate best model on test data for horizon 1, Test MAE: 16.3924, Test RMSE: 26.7909, Test MAPE: 11.3522
2026-01-29 03:11:25,151 - easytorch-training - INFO - Evaluate best model on test data for horizon 2, Test MAE: 16.9249, Test RMSE: 27.9086, Test MAPE: 11.5959
2026-01-29 03:11:25,159 - easytorch-training - INFO - Evaluate best model on test data for horizon 3, Test MAE: 17.3791, Test RMSE: 28.7474, Test MAPE: 11.9172
2026-01-29 03:11:25,166 - easytorch-training - INFO - Evaluate best model on test data for horizon 4, Test MAE: 17.7129, Test RMSE: 29.3975, Test MAPE: 11.9641
2026-01-29 03:11:25,174 - easytorch-training - INFO - Evaluate best model on test data for horizon 5, Test MAE: 18.0073, Test RMSE: 29.9188, Test MAPE: 12.2537
2026-01-29 03:11:25,181 - easytorch-training - INFO - Evaluate best model on test data for horizon 6, Test MAE: 18.2127, Test RMSE: 30.3027, Test MAPE: 12.3140
2026-01-29 03:11:25,189 - easytorch-training - INFO - Evaluate best model on test data for horizon 7, Test MAE: 18.4361, Test RMSE: 30.6660, Test MAPE: 12.5346
2026-01-29 03:11:25,196 - easytorch-training - INFO - Evaluate best model on test data for horizon 8, Test MAE: 18.6194, Test RMSE: 30.9875, Test MAPE: 12.5497
2026-01-29 03:11:25,204 - easytorch-training - INFO - Evaluate best model on test data for horizon 9, Test MAE: 18.7952, Test RMSE: 31.2722, Test MAPE: 12.6378
2026-01-29 03:11:25,207 - easytorch-training - INFO - Evaluate best model on test data for horizon 10, Test MAE: 18.9588, Test RMSE: 31.4981, Test MAPE: 12.8745
2026-01-29 03:11:25,208 - easytorch-training - INFO - Evaluate best model on test data for horizon 11, Test MAE: 19.1122, Test RMSE: 31.7399, Test MAPE: 12.9359
2026-01-29 03:11:25,209 - easytorch-training - INFO - Evaluate best model on test data for horizon 12, Test MAE: 19.2832, Test RMSE: 31.9756, Test MAPE: 13.0593
2026-01-29 03:11:25,218 - easytorch-training - INFO - Result <test>: [test_time: 16.02 (s), test_MAE: 18.1529, test_RMSE: 30.1403, test_MAPE: 12.3324]
2026-01-29 03:11:25,581 - easytorch-training - INFO - Checkpoint checkpoints/STMAFNet_300/976492592f92c661f4c4ea004499e56d/STMAFNet_094.pt saved
2026-01-29 03:11:25,582 - easytorch-training - INFO - The estimated training finish time is 2026-01-29 16:04:22
2026-01-29 03:11:25,582 - easytorch-training - INFO - Epoch 95 / 300
2026-01-29 03:13:27,571 - easytorch-training - INFO - Result <train>: [train_time: 121.99 (s), lr: 6.25e-05, train_MAE: 16.2341, train_RMSE: 26.7150, train_MAPE: 12.2276]
2026-01-29 03:13:27,572 - easytorch-training - INFO - Start validation.
2026-01-29 03:13:42,351 - easytorch-training - INFO - Result <val>: [val_time: 14.78 (s), val_MAE: 17.9104, val_RMSE: 28.5201, val_MAPE: 12.1767]
2026-01-29 03:13:56,837 - easytorch-training - INFO - Evaluate best model on test data for horizon 1, Test MAE: 16.3776, Test RMSE: 26.7992, Test MAPE: 11.2109
2026-01-29 03:13:56,844 - easytorch-training - INFO - Evaluate best model on test data for horizon 2, Test MAE: 16.9345, Test RMSE: 27.9313, Test MAPE: 11.6948
2026-01-29 03:13:56,852 - easytorch-training - INFO - Evaluate best model on test data for horizon 3, Test MAE: 17.3822, Test RMSE: 28.7667, Test MAPE: 11.8831
2026-01-29 03:13:56,859 - easytorch-training - INFO - Evaluate best model on test data for horizon 4, Test MAE: 17.7358, Test RMSE: 29.4005, Test MAPE: 12.1708
2026-01-29 03:13:56,867 - easytorch-training - INFO - Evaluate best model on test data for horizon 5, Test MAE: 17.9886, Test RMSE: 29.9166, Test MAPE: 12.2379
2026-01-29 03:13:56,872 - easytorch-training - INFO - Evaluate best model on test data for horizon 6, Test MAE: 18.2275, Test RMSE: 30.3398, Test MAPE: 12.3198
2026-01-29 03:13:56,873 - easytorch-training - INFO - Evaluate best model on test data for horizon 7, Test MAE: 18.4363, Test RMSE: 30.6906, Test MAPE: 12.3889
2026-01-29 03:13:56,875 - easytorch-training - INFO - Evaluate best model on test data for horizon 8, Test MAE: 18.6372, Test RMSE: 31.0237, Test MAPE: 12.4700
2026-01-29 03:13:56,876 - easytorch-training - INFO - Evaluate best model on test data for horizon 9, Test MAE: 18.8317, Test RMSE: 31.3215, Test MAPE: 12.7584
2026-01-29 03:13:56,877 - easytorch-training - INFO - Evaluate best model on test data for horizon 10, Test MAE: 18.9955, Test RMSE: 31.5849, Test MAPE: 12.8482
2026-01-29 03:13:56,879 - easytorch-training - INFO - Evaluate best model on test data for horizon 11, Test MAE: 19.1676, Test RMSE: 31.8218, Test MAPE: 13.0646
2026-01-29 03:13:56,880 - easytorch-training - INFO - Evaluate best model on test data for horizon 12, Test MAE: 19.3328, Test RMSE: 32.0391, Test MAPE: 13.2224
2026-01-29 03:13:56,893 - easytorch-training - INFO - Result <test>: [test_time: 14.54 (s), test_MAE: 18.1706, test_RMSE: 30.1772, test_MAPE: 12.3558]
2026-01-29 03:13:57,274 - easytorch-training - INFO - Checkpoint checkpoints/STMAFNet_300/976492592f92c661f4c4ea004499e56d/STMAFNet_095.pt saved
2026-01-29 03:13:57,275 - easytorch-training - INFO - The estimated training finish time is 2026-01-29 16:00:30
2026-01-29 03:13:57,275 - easytorch-training - INFO - Epoch 96 / 300
2026-01-29 03:15:59,937 - easytorch-training - INFO - Result <train>: [train_time: 122.66 (s), lr: 6.25e-05, train_MAE: 16.2344, train_RMSE: 26.7118, train_MAPE: 12.2214]
2026-01-29 03:15:59,939 - easytorch-training - INFO - Start validation.
2026-01-29 03:16:14,370 - easytorch-training - INFO - Result <val>: [val_time: 14.43 (s), val_MAE: 17.8667, val_RMSE: 28.4258, val_MAPE: 12.1157]
2026-01-29 03:16:28,669 - easytorch-training - INFO - Evaluate best model on test data for horizon 1, Test MAE: 16.3735, Test RMSE: 26.7927, Test MAPE: 11.2743
2026-01-29 03:16:28,677 - easytorch-training - INFO - Evaluate best model on test data for horizon 2, Test MAE: 16.9105, Test RMSE: 27.8898, Test MAPE: 11.5907
2026-01-29 03:16:28,678 - easytorch-training - INFO - Evaluate best model on test data for horizon 3, Test MAE: 17.3440, Test RMSE: 28.6900, Test MAPE: 11.8895
2026-01-29 03:16:28,684 - easytorch-training - INFO - Evaluate best model on test data for horizon 4, Test MAE: 17.6761, Test RMSE: 29.3147, Test MAPE: 11.9639
2026-01-29 03:16:28,691 - easytorch-training - INFO - Evaluate best model on test data for horizon 5, Test MAE: 17.9535, Test RMSE: 29.8105, Test MAPE: 12.1966
2026-01-29 03:16:28,699 - easytorch-training - INFO - Evaluate best model on test data for horizon 6, Test MAE: 18.1616, Test RMSE: 30.1941, Test MAPE: 12.2439
2026-01-29 03:16:28,706 - easytorch-training - INFO - Evaluate best model on test data for horizon 7, Test MAE: 18.3665, Test RMSE: 30.5461, Test MAPE: 12.3307
2026-01-29 03:16:28,714 - easytorch-training - INFO - Evaluate best model on test data for horizon 8, Test MAE: 18.5601, Test RMSE: 30.8554, Test MAPE: 12.5088
2026-01-29 03:16:28,721 - easytorch-training - INFO - Evaluate best model on test data for horizon 9, Test MAE: 18.7326, Test RMSE: 31.1190, Test MAPE: 12.6210
2026-01-29 03:16:28,729 - easytorch-training - INFO - Evaluate best model on test data for horizon 10, Test MAE: 18.8931, Test RMSE: 31.3604, Test MAPE: 12.6966
2026-01-29 03:16:28,736 - easytorch-training - INFO - Evaluate best model on test data for horizon 11, Test MAE: 19.0619, Test RMSE: 31.6048, Test MAPE: 12.9551
2026-01-29 03:16:28,744 - easytorch-training - INFO - Evaluate best model on test data for horizon 12, Test MAE: 19.2200, Test RMSE: 31.8307, Test MAPE: 13.0391
2026-01-29 03:16:28,757 - easytorch-training - INFO - Result <test>: [test_time: 14.39 (s), test_MAE: 18.1045, test_RMSE: 30.0383, test_MAPE: 12.2759]
2026-01-29 03:16:29,119 - easytorch-training - INFO - Checkpoint checkpoints/STMAFNet_300/976492592f92c661f4c4ea004499e56d/STMAFNet_096.pt saved
2026-01-29 03:16:29,120 - easytorch-training - INFO - The estimated training finish time is 2026-01-29 15:56:43
2026-01-29 03:16:29,120 - easytorch-training - INFO - Epoch 97 / 300
2026-01-29 03:18:31,302 - easytorch-training - INFO - Result <train>: [train_time: 122.18 (s), lr: 6.25e-05, train_MAE: 16.2234, train_RMSE: 26.6988, train_MAPE: 12.2139]
2026-01-29 03:18:31,304 - easytorch-training - INFO - Start validation.
2026-01-29 03:18:46,210 - easytorch-training - INFO - Result <val>: [val_time: 14.91 (s), val_MAE: 17.9019, val_RMSE: 28.4685, val_MAPE: 11.9417]
2026-01-29 03:19:00,049 - easytorch-training - INFO - Evaluate best model on test data for horizon 1, Test MAE: 16.3576, Test RMSE: 26.7698, Test MAPE: 11.0043
2026-01-29 03:19:00,056 - easytorch-training - INFO - Evaluate best model on test data for horizon 2, Test MAE: 16.9284, Test RMSE: 27.8972, Test MAPE: 11.3658
2026-01-29 03:19:00,064 - easytorch-training - INFO - Evaluate best model on test data for horizon 3, Test MAE: 17.3715, Test RMSE: 28.7196, Test MAPE: 11.7616
2026-01-29 03:19:00,071 - easytorch-training - INFO - Evaluate best model on test data for horizon 4, Test MAE: 17.7118, Test RMSE: 29.3530, Test MAPE: 11.8863
2026-01-29 03:19:00,078 - easytorch-training - INFO - Evaluate best model on test data for horizon 5, Test MAE: 17.9832, Test RMSE: 29.8731, Test MAPE: 11.9786
2026-01-29 03:19:00,079 - easytorch-training - INFO - Evaluate best model on test data for horizon 6, Test MAE: 18.2018, Test RMSE: 30.2719, Test MAPE: 12.0308
2026-01-29 03:19:00,080 - easytorch-training - INFO - Evaluate best model on test data for horizon 7, Test MAE: 18.4237, Test RMSE: 30.6538, Test MAPE: 12.1942
2026-01-29 03:19:00,082 - easytorch-training - INFO - Evaluate best model on test data for horizon 8, Test MAE: 18.6313, Test RMSE: 30.9694, Test MAPE: 12.3613
2026-01-29 03:19:00,089 - easytorch-training - INFO - Evaluate best model on test data for horizon 9, Test MAE: 18.7931, Test RMSE: 31.2489, Test MAPE: 12.4795
2026-01-29 03:19:00,097 - easytorch-training - INFO - Evaluate best model on test data for horizon 10, Test MAE: 18.9578, Test RMSE: 31.5052, Test MAPE: 12.5988
2026-01-29 03:19:00,104 - easytorch-training - INFO - Evaluate best model on test data for horizon 11, Test MAE: 19.1172, Test RMSE: 31.7359, Test MAPE: 12.7850
2026-01-29 03:19:00,112 - easytorch-training - INFO - Evaluate best model on test data for horizon 12, Test MAE: 19.2955, Test RMSE: 31.9630, Test MAPE: 12.9790
2026-01-29 03:19:00,125 - easytorch-training - INFO - Result <test>: [test_time: 13.91 (s), test_MAE: 18.1478, test_RMSE: 30.1202, test_MAPE: 12.1188]
2026-01-29 03:19:00,488 - easytorch-training - INFO - Checkpoint checkpoints/STMAFNet_300/976492592f92c661f4c4ea004499e56d/STMAFNet_097.pt saved
2026-01-29 03:19:00,489 - easytorch-training - INFO - The estimated training finish time is 2026-01-29 15:53:00
2026-01-29 03:19:00,489 - easytorch-training - INFO - Epoch 98 / 300
2026-01-29 03:21:02,211 - easytorch-training - INFO - Result <train>: [train_time: 121.72 (s), lr: 6.25e-05, train_MAE: 16.2053, train_RMSE: 26.6776, train_MAPE: 12.2183]
2026-01-29 03:21:02,213 - easytorch-training - INFO - Start validation.
2026-01-29 03:21:17,081 - easytorch-training - INFO - Result <val>: [val_time: 14.87 (s), val_MAE: 17.9252, val_RMSE: 28.4947, val_MAPE: 12.1097]
2026-01-29 03:21:31,653 - easytorch-training - INFO - Evaluate best model on test data for horizon 1, Test MAE: 16.4049, Test RMSE: 26.8093, Test MAPE: 11.3427
2026-01-29 03:21:31,661 - easytorch-training - INFO - Evaluate best model on test data for horizon 2, Test MAE: 16.9700, Test RMSE: 27.9482, Test MAPE: 11.6335
2026-01-29 03:21:31,668 - easytorch-training - INFO - Evaluate best model on test data for horizon 3, Test MAE: 17.4249, Test RMSE: 28.7723, Test MAPE: 11.8407
2026-01-29 03:21:31,672 - easytorch-training - INFO - Evaluate best model on test data for horizon 4, Test MAE: 17.7444, Test RMSE: 29.3997, Test MAPE: 12.0046
2026-01-29 03:21:31,673 - easytorch-training - INFO - Evaluate best model on test data for horizon 5, Test MAE: 18.0588, Test RMSE: 29.9589, Test MAPE: 12.2443
2026-01-29 03:21:31,681 - easytorch-training - INFO - Evaluate best model on test data for horizon 6, Test MAE: 18.2797, Test RMSE: 30.3736, Test MAPE: 12.2718
2026-01-29 03:21:31,689 - easytorch-training - INFO - Evaluate best model on test data for horizon 7, Test MAE: 18.4960, Test RMSE: 30.7383, Test MAPE: 12.3771
2026-01-29 03:21:31,696 - easytorch-training - INFO - Evaluate best model on test data for horizon 8, Test MAE: 18.6896, Test RMSE: 31.0932, Test MAPE: 12.4431
2026-01-29 03:21:31,704 - easytorch-training - INFO - Evaluate best model on test data for horizon 9, Test MAE: 18.8606, Test RMSE: 31.3328, Test MAPE: 12.7205
2026-01-29 03:21:31,711 - easytorch-training - INFO - Evaluate best model on test data for horizon 10, Test MAE: 19.0299, Test RMSE: 31.6250, Test MAPE: 12.6415
2026-01-29 03:21:31,718 - easytorch-training - INFO - Evaluate best model on test data for horizon 11, Test MAE: 19.2078, Test RMSE: 31.8806, Test MAPE: 12.8083
2026-01-29 03:21:31,726 - easytorch-training - INFO - Evaluate best model on test data for horizon 12, Test MAE: 19.3650, Test RMSE: 32.0902, Test MAPE: 13.0051
2026-01-29 03:21:31,739 - easytorch-training - INFO - Result <test>: [test_time: 14.66 (s), test_MAE: 18.2110, test_RMSE: 30.2101, test_MAPE: 12.2778]
2026-01-29 03:21:32,187 - easytorch-training - INFO - Checkpoint checkpoints/STMAFNet_300/976492592f92c661f4c4ea004499e56d/STMAFNet_098.pt saved
2026-01-29 03:21:32,188 - easytorch-training - INFO - The estimated training finish time is 2026-01-29 15:49:22
2026-01-29 03:21:32,188 - easytorch-training - INFO - Epoch 99 / 300
2026-01-29 03:23:33,234 - easytorch-training - INFO - Result <train>: [train_time: 121.05 (s), lr: 6.25e-05, train_MAE: 16.1935, train_RMSE: 26.6527, train_MAPE: 12.1966]
2026-01-29 03:23:33,236 - easytorch-training - INFO - Start validation.
2026-01-29 03:23:48,151 - easytorch-training - INFO - Result <val>: [val_time: 14.91 (s), val_MAE: 17.9247, val_RMSE: 28.5074, val_MAPE: 12.0200]
2026-01-29 03:24:02,734 - easytorch-training - INFO - Evaluate best model on test data for horizon 1, Test MAE: 16.4114, Test RMSE: 26.8456, Test MAPE: 11.1305
2026-01-29 03:24:02,741 - easytorch-training - INFO - Evaluate best model on test data for horizon 2, Test MAE: 16.9524, Test RMSE: 27.9660, Test MAPE: 11.4842
2026-01-29 03:24:02,749 - easytorch-training - INFO - Evaluate best model on test data for horizon 3, Test MAE: 17.3843, Test RMSE: 28.7832, Test MAPE: 11.7187
2026-01-29 03:24:02,756 - easytorch-training - INFO - Evaluate best model on test data for horizon 4, Test MAE: 17.7251, Test RMSE: 29.3931, Test MAPE: 11.9826
2026-01-29 03:24:02,764 - easytorch-training - INFO - Evaluate best model on test data for horizon 5, Test MAE: 18.0093, Test RMSE: 29.9282, Test MAPE: 12.1358
2026-01-29 03:24:02,771 - easytorch-training - INFO - Evaluate best model on test data for horizon 6, Test MAE: 18.2373, Test RMSE: 30.3418, Test MAPE: 12.1673
2026-01-29 03:24:02,779 - easytorch-training - INFO - Evaluate best model on test data for horizon 7, Test MAE: 18.4689, Test RMSE: 30.7081, Test MAPE: 12.2697
2026-01-29 03:24:02,786 - easytorch-training - INFO - Evaluate best model on test data for horizon 8, Test MAE: 18.6740, Test RMSE: 31.0584, Test MAPE: 12.3628
2026-01-29 03:24:02,794 - easytorch-training - INFO - Evaluate best model on test data for horizon 9, Test MAE: 18.8575, Test RMSE: 31.3520, Test MAPE: 12.5663
2026-01-29 03:24:02,801 - easytorch-training - INFO - Evaluate best model on test data for horizon 10, Test MAE: 19.0295, Test RMSE: 31.6346, Test MAPE: 12.5965
2026-01-29 03:24:02,804 - easytorch-training - INFO - Evaluate best model on test data for horizon 11, Test MAE: 19.2016, Test RMSE: 31.8894, Test MAPE: 12.8563
2026-01-29 03:24:02,806 - easytorch-training - INFO - Evaluate best model on test data for horizon 12, Test MAE: 19.3911, Test RMSE: 32.1317, Test MAPE: 12.9401
2026-01-29 03:24:02,812 - easytorch-training - INFO - Result <test>: [test_time: 14.66 (s), test_MAE: 18.1952, test_RMSE: 30.2107, test_MAPE: 12.1842]
2026-01-29 03:24:03,178 - easytorch-training - INFO - Checkpoint checkpoints/STMAFNet_300/976492592f92c661f4c4ea004499e56d/STMAFNet_099.pt saved
2026-01-29 03:24:03,179 - easytorch-training - INFO - The estimated training finish time is 2026-01-29 15:45:46
2026-01-29 03:24:03,179 - easytorch-training - INFO - Epoch 100 / 300
2026-01-29 03:26:04,350 - easytorch-training - INFO - Result <train>: [train_time: 121.17 (s), lr: 6.25e-05, train_MAE: 16.1817, train_RMSE: 26.6403, train_MAPE: 12.1959]
2026-01-29 03:26:04,351 - easytorch-training - INFO - Start validation.
2026-01-29 03:26:19,201 - easytorch-training - INFO - Result <val>: [val_time: 14.85 (s), val_MAE: 17.8934, val_RMSE: 28.5152, val_MAPE: 11.9759]
2026-01-29 03:26:33,761 - easytorch-training - INFO - Evaluate best model on test data for horizon 1, Test MAE: 16.3637, Test RMSE: 26.8108, Test MAPE: 11.0055
2026-01-29 03:26:33,768 - easytorch-training - INFO - Evaluate best model on test data for horizon 2, Test MAE: 16.9244, Test RMSE: 27.9379, Test MAPE: 11.4459
2026-01-29 03:26:33,776 - easytorch-training - INFO - Evaluate best model on test data for horizon 3, Test MAE: 17.3548, Test RMSE: 28.7568, Test MAPE: 11.6921
2026-01-29 03:26:33,783 - easytorch-training - INFO - Evaluate best model on test data for horizon 4, Test MAE: 17.7108, Test RMSE: 29.3807, Test MAPE: 11.9545
2026-01-29 03:26:33,791 - easytorch-training - INFO - Evaluate best model on test data for horizon 5, Test MAE: 17.9815, Test RMSE: 29.8853, Test MAPE: 12.0118
2026-01-29 03:26:33,792 - easytorch-training - INFO - Evaluate best model on test data for horizon 6, Test MAE: 18.1856, Test RMSE: 30.2726, Test MAPE: 12.1726
2026-01-29 03:26:33,796 - easytorch-training - INFO - Evaluate best model on test data for horizon 7, Test MAE: 18.3948, Test RMSE: 30.6388, Test MAPE: 12.2433
2026-01-29 03:26:33,803 - easytorch-training - INFO - Evaluate best model on test data for horizon 8, Test MAE: 18.5964, Test RMSE: 30.9575, Test MAPE: 12.3841
2026-01-29 03:26:33,811 - easytorch-training - INFO - Evaluate best model on test data for horizon 9, Test MAE: 18.7727, Test RMSE: 31.2449, Test MAPE: 12.5232
2026-01-29 03:26:33,818 - easytorch-training - INFO - Evaluate best model on test data for horizon 10, Test MAE: 18.9390, Test RMSE: 31.5140, Test MAPE: 12.6065
2026-01-29 03:26:33,826 - easytorch-training - INFO - Evaluate best model on test data for horizon 11, Test MAE: 19.1056, Test RMSE: 31.7638, Test MAPE: 12.7648
2026-01-29 03:26:33,833 - easytorch-training - INFO - Evaluate best model on test data for horizon 12, Test MAE: 19.2787, Test RMSE: 31.9945, Test MAPE: 12.9565
2026-01-29 03:26:33,846 - easytorch-training - INFO - Result <test>: [test_time: 14.64 (s), test_MAE: 18.1340, test_RMSE: 30.1361, test_MAPE: 12.1467]
2026-01-29 03:26:34,210 - easytorch-training - INFO - Checkpoint checkpoints/STMAFNet_300/976492592f92c661f4c4ea004499e56d/STMAFNet_100.pt saved
2026-01-29 03:26:34,240 - easytorch-training - INFO - The estimated training finish time is 2026-01-29 15:42:15
2026-01-29 03:26:34,240 - easytorch-training - INFO - Epoch 101 / 300
2026-01-29 03:28:35,331 - easytorch-training - INFO - Result <train>: [train_time: 121.09 (s), lr: 6.25e-05, train_MAE: 16.1782, train_RMSE: 26.6321, train_MAPE: 12.1869]
2026-01-29 03:28:35,332 - easytorch-training - INFO - Start validation.
2026-01-29 03:28:50,217 - easytorch-training - INFO - Result <val>: [val_time: 14.89 (s), val_MAE: 17.9445, val_RMSE: 28.4726, val_MAPE: 11.9874]
2026-01-29 03:29:04,803 - easytorch-training - INFO - Evaluate best model on test data for horizon 1, Test MAE: 16.3918, Test RMSE: 26.8288, Test MAPE: 10.9033
2026-01-29 03:29:04,810 - easytorch-training - INFO - Evaluate best model on test data for horizon 2, Test MAE: 16.9591, Test RMSE: 27.9442, Test MAPE: 11.3651
2026-01-29 03:29:04,818 - easytorch-training - INFO - Evaluate best model on test data for horizon 3, Test MAE: 17.4074, Test RMSE: 28.7571, Test MAPE: 11.7499
2026-01-29 03:29:04,825 - easytorch-training - INFO - Evaluate best model on test data for horizon 4, Test MAE: 17.7317, Test RMSE: 29.3623, Test MAPE: 11.8863
2026-01-29 03:29:04,833 - easytorch-training - INFO - Evaluate best model on test data for horizon 5, Test MAE: 17.9968, Test RMSE: 29.8665, Test MAPE: 12.0209
2026-01-29 03:29:04,840 - easytorch-training - INFO - Evaluate best model on test data for horizon 6, Test MAE: 18.2229, Test RMSE: 30.2303, Test MAPE: 12.0991
2026-01-29 03:29:04,848 - easytorch-training - INFO - Evaluate best model on test data for horizon 7, Test MAE: 18.4329, Test RMSE: 30.5847, Test MAPE: 12.2189
2026-01-29 03:29:04,855 - easytorch-training - INFO - Evaluate best model on test data for horizon 8, Test MAE: 18.6250, Test RMSE: 30.9174, Test MAPE: 12.3218
2026-01-29 03:29:04,863 - easytorch-training - INFO - Evaluate best model on test data for horizon 9, Test MAE: 18.8247, Test RMSE: 31.2150, Test MAPE: 12.5377
2026-01-29 03:29:04,870 - easytorch-training - INFO - Evaluate best model on test data for horizon 10, Test MAE: 18.9907, Test RMSE: 31.4585, Test MAPE: 12.7121
2026-01-29 03:29:04,878 - easytorch-training - INFO - Evaluate best model on test data for horizon 11, Test MAE: 19.1787, Test RMSE: 31.7195, Test MAPE: 12.9112
2026-01-29 03:29:04,885 - easytorch-training - INFO - Evaluate best model on test data for horizon 12, Test MAE: 19.3331, Test RMSE: 31.9482, Test MAPE: 12.9898
2026-01-29 03:29:04,898 - easytorch-training - INFO - Result <test>: [test_time: 14.68 (s), test_MAE: 18.1746, test_RMSE: 30.1079, test_MAPE: 12.1430]
2026-01-29 03:29:05,261 - easytorch-training - INFO - Checkpoint checkpoints/STMAFNet_300/976492592f92c661f4c4ea004499e56d/STMAFNet_101.pt saved
2026-01-29 03:29:05,262 - easytorch-training - INFO - The estimated training finish time is 2026-01-29 15:38:48
2026-01-29 03:29:05,262 - easytorch-training - INFO - Epoch 102 / 300
2026-01-29 03:31:06,426 - easytorch-training - INFO - Result <train>: [train_time: 121.16 (s), lr: 6.25e-05, train_MAE: 16.1640, train_RMSE: 26.6090, train_MAPE: 12.1880]
2026-01-29 03:31:06,428 - easytorch-training - INFO - Start validation.
2026-01-29 03:31:21,290 - easytorch-training - INFO - Result <val>: [val_time: 14.86 (s), val_MAE: 17.9173, val_RMSE: 28.5132, val_MAPE: 11.9757]
2026-01-29 03:31:35,850 - easytorch-training - INFO - Evaluate best model on test data for horizon 1, Test MAE: 16.3884, Test RMSE: 26.8275, Test MAPE: 11.1237
2026-01-29 03:31:35,857 - easytorch-training - INFO - Evaluate best model on test data for horizon 2, Test MAE: 16.9525, Test RMSE: 27.9497, Test MAPE: 11.5989
2026-01-29 03:31:35,865 - easytorch-training - INFO - Evaluate best model on test data for horizon 3, Test MAE: 17.3891, Test RMSE: 28.7925, Test MAPE: 11.7833
2026-01-29 03:31:35,872 - easytorch-training - INFO - Evaluate best model on test data for horizon 4, Test MAE: 17.7266, Test RMSE: 29.4163, Test MAPE: 11.9560
2026-01-29 03:31:35,880 - easytorch-training - INFO - Evaluate best model on test data for horizon 5, Test MAE: 18.0127, Test RMSE: 29.9647, Test MAPE: 11.9467
2026-01-29 03:31:35,887 - easytorch-training - INFO - Evaluate best model on test data for horizon 6, Test MAE: 18.2464, Test RMSE: 30.3657, Test MAPE: 12.1854
2026-01-29 03:31:35,895 - easytorch-training - INFO - Evaluate best model on test data for horizon 7, Test MAE: 18.4564, Test RMSE: 30.7385, Test MAPE: 12.1972
2026-01-29 03:31:35,902 - easytorch-training - INFO - Evaluate best model on test data for horizon 8, Test MAE: 18.6520, Test RMSE: 31.0578, Test MAPE: 12.3173
2026-01-29 03:31:35,910 - easytorch-training - INFO - Evaluate best model on test data for horizon 9, Test MAE: 18.8073, Test RMSE: 31.3326, Test MAPE: 12.4622
2026-01-29 03:31:35,917 - easytorch-training - INFO - Evaluate best model on test data for horizon 10, Test MAE: 18.9627, Test RMSE: 31.5865, Test MAPE: 12.5539
2026-01-29 03:31:35,924 - easytorch-training - INFO - Evaluate best model on test data for horizon 11, Test MAE: 19.1076, Test RMSE: 31.7991, Test MAPE: 12.6444
2026-01-29 03:31:35,932 - easytorch-training - INFO - Evaluate best model on test data for horizon 12, Test MAE: 19.2804, Test RMSE: 32.0218, Test MAPE: 12.8287
2026-01-29 03:31:35,945 - easytorch-training - INFO - Result <test>: [test_time: 14.65 (s), test_MAE: 18.1652, test_RMSE: 30.1947, test_MAPE: 12.1332]
2026-01-29 03:31:36,309 - easytorch-training - INFO - Checkpoint checkpoints/STMAFNet_300/976492592f92c661f4c4ea004499e56d/STMAFNet_102.pt saved
2026-01-29 03:31:36,309 - easytorch-training - INFO - The estimated training finish time is 2026-01-29 15:35:25
2026-01-29 03:31:36,309 - easytorch-training - INFO - Epoch 103 / 300
2026-01-29 03:33:37,492 - easytorch-training - INFO - Result <train>: [train_time: 121.18 (s), lr: 6.25e-05, train_MAE: 16.1543, train_RMSE: 26.5912, train_MAPE: 12.1888]
2026-01-29 03:33:37,493 - easytorch-training - INFO - Start validation.
2026-01-29 03:33:52,382 - easytorch-training - INFO - Result <val>: [val_time: 14.89 (s), val_MAE: 17.8852, val_RMSE: 28.5079, val_MAPE: 11.9858]
2026-01-29 03:34:06,937 - easytorch-training - INFO - Evaluate best model on test data for horizon 1, Test MAE: 16.3759, Test RMSE: 26.8550, Test MAPE: 11.1089
2026-01-29 03:34:06,944 - easytorch-training - INFO - Evaluate best model on test data for horizon 2, Test MAE: 16.9320, Test RMSE: 27.9649, Test MAPE: 11.5151
2026-01-29 03:34:06,952 - easytorch-training - INFO - Evaluate best model on test data for horizon 3, Test MAE: 17.3855, Test RMSE: 28.8086, Test MAPE: 11.6892
2026-01-29 03:34:06,959 - easytorch-training - INFO - Evaluate best model on test data for horizon 4, Test MAE: 17.7245, Test RMSE: 29.4410, Test MAPE: 11.8570
2026-01-29 03:34:06,967 - easytorch-training - INFO - Evaluate best model on test data for horizon 5, Test MAE: 18.0077, Test RMSE: 29.9779, Test MAPE: 11.9952
2026-01-29 03:34:06,974 - easytorch-training - INFO - Evaluate best model on test data for horizon 6, Test MAE: 18.2242, Test RMSE: 30.3740, Test MAPE: 12.0911
2026-01-29 03:34:06,982 - easytorch-training - INFO - Evaluate best model on test data for horizon 7, Test MAE: 18.4253, Test RMSE: 30.7399, Test MAPE: 12.2647
2026-01-29 03:34:06,989 - easytorch-training - INFO - Evaluate best model on test data for horizon 8, Test MAE: 18.6135, Test RMSE: 31.0151, Test MAPE: 12.4878
2026-01-29 03:34:06,997 - easytorch-training - INFO - Evaluate best model on test data for horizon 9, Test MAE: 18.7746, Test RMSE: 31.3062, Test MAPE: 12.5121
2026-01-29 03:34:07,004 - easytorch-training - INFO - Evaluate best model on test data for horizon 10, Test MAE: 18.9404, Test RMSE: 31.5417, Test MAPE: 12.6459
2026-01-29 03:34:07,012 - easytorch-training - INFO - Evaluate best model on test data for horizon 11, Test MAE: 19.0932, Test RMSE: 31.7924, Test MAPE: 12.8034
2026-01-29 03:34:07,019 - easytorch-training - INFO - Evaluate best model on test data for horizon 12, Test MAE: 19.2342, Test RMSE: 31.9993, Test MAPE: 12.9038
2026-01-29 03:34:07,032 - easytorch-training - INFO - Result <test>: [test_time: 14.65 (s), test_MAE: 18.1443, test_RMSE: 30.1907, test_MAPE: 12.1562]
2026-01-29 03:34:07,413 - easytorch-training - INFO - Checkpoint checkpoints/STMAFNet_300/976492592f92c661f4c4ea004499e56d/STMAFNet_103.pt saved
2026-01-29 03:34:07,414 - easytorch-training - INFO - The estimated training finish time is 2026-01-29 15:32:07
2026-01-29 03:34:07,414 - easytorch-training - INFO - Epoch 104 / 300
2026-01-29 03:36:09,183 - easytorch-training - INFO - Result <train>: [train_time: 121.77 (s), lr: 6.25e-05, train_MAE: 16.1394, train_RMSE: 26.5763, train_MAPE: 12.1662]
2026-01-29 03:36:09,185 - easytorch-training - INFO - Start validation.
2026-01-29 03:36:23,405 - easytorch-training - INFO - Result <val>: [val_time: 14.22 (s), val_MAE: 17.9109, val_RMSE: 28.5474, val_MAPE: 12.1574]
2026-01-29 03:36:37,999 - easytorch-training - INFO - Evaluate best model on test data for horizon 1, Test MAE: 16.4066, Test RMSE: 26.8513, Test MAPE: 11.3415
2026-01-29 03:36:38,006 - easytorch-training - INFO - Evaluate best model on test data for horizon 2, Test MAE: 16.9691, Test RMSE: 27.9876, Test MAPE: 11.8064
2026-01-29 03:36:38,014 - easytorch-training - INFO - Evaluate best model on test data for horizon 3, Test MAE: 17.4248, Test RMSE: 28.8229, Test MAPE: 12.1568
2026-01-29 03:36:38,021 - easytorch-training - INFO - Evaluate best model on test data for horizon 4, Test MAE: 17.7495, Test RMSE: 29.4558, Test MAPE: 12.1532
2026-01-29 03:36:38,029 - easytorch-training - INFO - Evaluate best model on test data for horizon 5, Test MAE: 18.0340, Test RMSE: 29.9958, Test MAPE: 12.3116
2026-01-29 03:36:38,036 - easytorch-training - INFO - Evaluate best model on test data for horizon 6, Test MAE: 18.2423, Test RMSE: 30.3809, Test MAPE: 12.3174
2026-01-29 03:36:38,044 - easytorch-training - INFO - Evaluate best model on test data for horizon 7, Test MAE: 18.4403, Test RMSE: 30.7250, Test MAPE: 12.3693
2026-01-29 03:36:38,051 - easytorch-training - INFO - Evaluate best model on test data for horizon 8, Test MAE: 18.6370, Test RMSE: 31.0317, Test MAPE: 12.5823
2026-01-29 03:36:38,059 - easytorch-training - INFO - Evaluate best model on test data for horizon 9, Test MAE: 18.7914, Test RMSE: 31.3119, Test MAPE: 12.6218
2026-01-29 03:36:38,066 - easytorch-training - INFO - Evaluate best model on test data for horizon 10, Test MAE: 18.9478, Test RMSE: 31.5544, Test MAPE: 12.7333
2026-01-29 03:36:38,074 - easytorch-training - INFO - Evaluate best model on test data for horizon 11, Test MAE: 19.1022, Test RMSE: 31.8026, Test MAPE: 12.7747
2026-01-29 03:36:38,081 - easytorch-training - INFO - Evaluate best model on test data for horizon 12, Test MAE: 19.2619, Test RMSE: 32.0078, Test MAPE: 12.9399
2026-01-29 03:36:38,094 - easytorch-training - INFO - Result <test>: [test_time: 14.69 (s), test_MAE: 18.1673, test_RMSE: 30.2000, test_MAPE: 12.3424]
2026-01-29 03:36:38,459 - easytorch-training - INFO - Checkpoint checkpoints/STMAFNet_300/976492592f92c661f4c4ea004499e56d/STMAFNet_104.pt saved
2026-01-29 03:36:38,460 - easytorch-training - INFO - The estimated training finish time is 2026-01-29 15:28:52
2026-01-29 03:36:38,460 - easytorch-training - INFO - Epoch 105 / 300
2026-01-29 03:38:40,803 - easytorch-training - INFO - Result <train>: [train_time: 122.34 (s), lr: 6.25e-05, train_MAE: 16.1154, train_RMSE: 26.5329, train_MAPE: 12.1871]
2026-01-29 03:38:40,804 - easytorch-training - INFO - Start validation.
2026-01-29 03:38:55,749 - easytorch-training - INFO - Result <val>: [val_time: 14.94 (s), val_MAE: 17.9332, val_RMSE: 28.5327, val_MAPE: 12.0897]
2026-01-29 03:39:09,602 - easytorch-training - INFO - Evaluate best model on test data for horizon 1, Test MAE: 16.4222, Test RMSE: 26.8722, Test MAPE: 11.2157
2026-01-29 03:39:09,609 - easytorch-training - INFO - Evaluate best model on test data for horizon 2, Test MAE: 16.9882, Test RMSE: 27.9968, Test MAPE: 11.6505
2026-01-29 03:39:09,617 - easytorch-training - INFO - Evaluate best model on test data for horizon 3, Test MAE: 17.4262, Test RMSE: 28.8496, Test MAPE: 11.9265
2026-01-29 03:39:09,624 - easytorch-training - INFO - Evaluate best model on test data for horizon 4, Test MAE: 17.7655, Test RMSE: 29.4977, Test MAPE: 11.9859
2026-01-29 03:39:09,631 - easytorch-training - INFO - Evaluate best model on test data for horizon 5, Test MAE: 18.0470, Test RMSE: 30.0324, Test MAPE: 12.1722
2026-01-29 03:39:09,639 - easytorch-training - INFO - Evaluate best model on test data for horizon 6, Test MAE: 18.2607, Test RMSE: 30.4260, Test MAPE: 12.2713
2026-01-29 03:39:09,646 - easytorch-training - INFO - Evaluate best model on test data for horizon 7, Test MAE: 18.4810, Test RMSE: 30.7927, Test MAPE: 12.3869
2026-01-29 03:39:09,654 - easytorch-training - INFO - Evaluate best model on test data for horizon 8, Test MAE: 18.6460, Test RMSE: 31.0644, Test MAPE: 12.4726
2026-01-29 03:39:09,661 - easytorch-training - INFO - Evaluate best model on test data for horizon 9, Test MAE: 18.8194, Test RMSE: 31.3578, Test MAPE: 12.5113
2026-01-29 03:39:09,669 - easytorch-training - INFO - Evaluate best model on test data for horizon 10, Test MAE: 18.9737, Test RMSE: 31.5847, Test MAPE: 12.6903
2026-01-29 03:39:09,676 - easytorch-training - INFO - Evaluate best model on test data for horizon 11, Test MAE: 19.1499, Test RMSE: 31.8162, Test MAPE: 12.8370
2026-01-29 03:39:09,684 - easytorch-training - INFO - Evaluate best model on test data for horizon 12, Test MAE: 19.3083, Test RMSE: 32.0322, Test MAPE: 12.9496
2026-01-29 03:39:09,697 - easytorch-training - INFO - Result <test>: [test_time: 13.95 (s), test_MAE: 18.1907, test_RMSE: 30.2331, test_MAPE: 12.2558]
2026-01-29 03:39:10,061 - easytorch-training - INFO - Checkpoint checkpoints/STMAFNet_300/976492592f92c661f4c4ea004499e56d/STMAFNet_105.pt saved
2026-01-29 03:39:10,062 - easytorch-training - INFO - The estimated training finish time is 2026-01-29 15:25:42
2026-01-29 03:39:10,062 - easytorch-training - INFO - Epoch 106 / 300
2026-01-29 03:41:13,045 - easytorch-training - INFO - Result <train>: [train_time: 122.98 (s), lr: 6.25e-05, train_MAE: 16.1181, train_RMSE: 26.5433, train_MAPE: 12.1634]
2026-01-29 03:41:13,046 - easytorch-training - INFO - Start validation.
2026-01-29 03:41:27,457 - easytorch-training - INFO - Result <val>: [val_time: 14.41 (s), val_MAE: 17.9248, val_RMSE: 28.5489, val_MAPE: 12.0143]
2026-01-29 03:41:41,610 - easytorch-training - INFO - Evaluate best model on test data for horizon 1, Test MAE: 16.3979, Test RMSE: 26.8827, Test MAPE: 11.1240
2026-01-29 03:41:41,617 - easytorch-training - INFO - Evaluate best model on test data for horizon 2, Test MAE: 16.9637, Test RMSE: 28.0220, Test MAPE: 11.4726
2026-01-29 03:41:41,620 - easytorch-training - INFO - Evaluate best model on test data for horizon 3, Test MAE: 17.4098, Test RMSE: 28.8704, Test MAPE: 11.6841
2026-01-29 03:41:41,621 - easytorch-training - INFO - Evaluate best model on test data for horizon 4, Test MAE: 17.7490, Test RMSE: 29.4906, Test MAPE: 11.9359
2026-01-29 03:41:41,627 - easytorch-training - INFO - Evaluate best model on test data for horizon 5, Test MAE: 18.0367, Test RMSE: 30.0385, Test MAPE: 11.9927
2026-01-29 03:41:41,635 - easytorch-training - INFO - Evaluate best model on test data for horizon 6, Test MAE: 18.2704, Test RMSE: 30.4249, Test MAPE: 12.1855
2026-01-29 03:41:41,642 - easytorch-training - INFO - Evaluate best model on test data for horizon 7, Test MAE: 18.4791, Test RMSE: 30.7539, Test MAPE: 12.3288
2026-01-29 03:41:41,650 - easytorch-training - INFO - Evaluate best model on test data for horizon 8, Test MAE: 18.6671, Test RMSE: 31.0552, Test MAPE: 12.4401
2026-01-29 03:41:41,657 - easytorch-training - INFO - Evaluate best model on test data for horizon 9, Test MAE: 18.8402, Test RMSE: 31.3583, Test MAPE: 12.5681
2026-01-29 03:41:41,665 - easytorch-training - INFO - Evaluate best model on test data for horizon 10, Test MAE: 19.0046, Test RMSE: 31.6015, Test MAPE: 12.6999
2026-01-29 03:41:41,672 - easytorch-training - INFO - Evaluate best model on test data for horizon 11, Test MAE: 19.1556, Test RMSE: 31.8017, Test MAPE: 12.8647
2026-01-29 03:41:41,680 - easytorch-training - INFO - Evaluate best model on test data for horizon 12, Test MAE: 19.3310, Test RMSE: 32.0066, Test MAPE: 13.0387
2026-01-29 03:41:41,693 - easytorch-training - INFO - Result <test>: [test_time: 14.23 (s), test_MAE: 18.1921, test_RMSE: 30.2312, test_MAPE: 12.1946]
2026-01-29 03:41:42,057 - easytorch-training - INFO - Checkpoint checkpoints/STMAFNet_300/976492592f92c661f4c4ea004499e56d/STMAFNet_106.pt saved
2026-01-29 03:41:42,058 - easytorch-training - INFO - The estimated training finish time is 2026-01-29 15:22:37
2026-01-29 03:41:42,058 - easytorch-training - INFO - Epoch 107 / 300
2026-01-29 03:43:44,292 - easytorch-training - INFO - Result <train>: [train_time: 122.23 (s), lr: 6.25e-05, train_MAE: 16.1212, train_RMSE: 26.5482, train_MAPE: 12.1561]
2026-01-29 03:43:44,293 - easytorch-training - INFO - Start validation.
2026-01-29 03:43:59,186 - easytorch-training - INFO - Result <val>: [val_time: 14.89 (s), val_MAE: 17.9168, val_RMSE: 28.5583, val_MAPE: 11.9892]
2026-01-29 03:44:13,185 - easytorch-training - INFO - Evaluate best model on test data for horizon 1, Test MAE: 16.3940, Test RMSE: 26.8761, Test MAPE: 11.1022
2026-01-29 03:44:13,193 - easytorch-training - INFO - Evaluate best model on test data for horizon 2, Test MAE: 16.9622, Test RMSE: 28.0132, Test MAPE: 11.6065
2026-01-29 03:44:13,200 - easytorch-training - INFO - Evaluate best model on test data for horizon 3, Test MAE: 17.4119, Test RMSE: 28.8784, Test MAPE: 11.8508
2026-01-29 03:44:13,208 - easytorch-training - INFO - Evaluate best model on test data for horizon 4, Test MAE: 17.7449, Test RMSE: 29.5215, Test MAPE: 11.9375
2026-01-29 03:44:13,215 - easytorch-training - INFO - Evaluate best model on test data for horizon 5, Test MAE: 18.0249, Test RMSE: 30.0352, Test MAPE: 12.1293
2026-01-29 03:44:13,218 - easytorch-training - INFO - Evaluate best model on test data for horizon 6, Test MAE: 18.2496, Test RMSE: 30.4353, Test MAPE: 12.1395
2026-01-29 03:44:13,219 - easytorch-training - INFO - Evaluate best model on test data for horizon 7, Test MAE: 18.4753, Test RMSE: 30.8312, Test MAPE: 12.2571
2026-01-29 03:44:13,221 - easytorch-training - INFO - Evaluate best model on test data for horizon 8, Test MAE: 18.6775, Test RMSE: 31.1608, Test MAPE: 12.3620
2026-01-29 03:44:13,228 - easytorch-training - INFO - Evaluate best model on test data for horizon 9, Test MAE: 18.8514, Test RMSE: 31.4704, Test MAPE: 12.4638
2026-01-29 03:44:13,236 - easytorch-training - INFO - Evaluate best model on test data for horizon 10, Test MAE: 19.0196, Test RMSE: 31.7274, Test MAPE: 12.5763
2026-01-29 03:44:13,243 - easytorch-training - INFO - Evaluate best model on test data for horizon 11, Test MAE: 19.1736, Test RMSE: 31.9622, Test MAPE: 12.7254
2026-01-29 03:44:13,250 - easytorch-training - INFO - Evaluate best model on test data for horizon 12, Test MAE: 19.3360, Test RMSE: 32.1679, Test MAPE: 12.8817
2026-01-29 03:44:13,263 - easytorch-training - INFO - Result <test>: [test_time: 14.08 (s), test_MAE: 18.1934, test_RMSE: 30.2984, test_MAPE: 12.1694]
2026-01-29 03:44:13,630 - easytorch-training - INFO - Checkpoint checkpoints/STMAFNet_300/976492592f92c661f4c4ea004499e56d/STMAFNet_107.pt saved
2026-01-29 03:44:13,631 - easytorch-training - INFO - The estimated training finish time is 2026-01-29 15:19:34
2026-01-29 03:44:13,631 - easytorch-training - INFO - Epoch 108 / 300
2026-01-29 03:46:15,207 - easytorch-training - INFO - Result <train>: [train_time: 121.58 (s), lr: 6.25e-05, train_MAE: 16.1175, train_RMSE: 26.5405, train_MAPE: 12.1393]
2026-01-29 03:46:15,209 - easytorch-training - INFO - Start validation.
2026-01-29 03:46:30,090 - easytorch-training - INFO - Result <val>: [val_time: 14.88 (s), val_MAE: 17.9353, val_RMSE: 28.5119, val_MAPE: 12.2229]
2026-01-29 03:46:44,685 - easytorch-training - INFO - Evaluate best model on test data for horizon 1, Test MAE: 16.4277, Test RMSE: 26.8945, Test MAPE: 11.2692
2026-01-29 03:46:44,689 - easytorch-training - INFO - Evaluate best model on test data for horizon 2, Test MAE: 16.9866, Test RMSE: 28.0131, Test MAPE: 11.7436
2026-01-29 03:46:44,690 - easytorch-training - INFO - Evaluate best model on test data for horizon 3, Test MAE: 17.4318, Test RMSE: 28.8384, Test MAPE: 12.0358
2026-01-29 03:46:44,692 - easytorch-training - INFO - Evaluate best model on test data for horizon 4, Test MAE: 17.7713, Test RMSE: 29.4471, Test MAPE: 12.2981
2026-01-29 03:46:44,693 - easytorch-training - INFO - Evaluate best model on test data for horizon 5, Test MAE: 18.0380, Test RMSE: 29.9804, Test MAPE: 12.2008
2026-01-29 03:46:44,694 - easytorch-training - INFO - Evaluate best model on test data for horizon 6, Test MAE: 18.2746, Test RMSE: 30.3758, Test MAPE: 12.4954
2026-01-29 03:46:44,697 - easytorch-training - INFO - Evaluate best model on test data for horizon 7, Test MAE: 18.4796, Test RMSE: 30.7427, Test MAPE: 12.5487
2026-01-29 03:46:44,705 - easytorch-training - INFO - Evaluate best model on test data for horizon 8, Test MAE: 18.6680, Test RMSE: 31.0496, Test MAPE: 12.5844
2026-01-29 03:46:44,712 - easytorch-training - INFO - Evaluate best model on test data for horizon 9, Test MAE: 18.8447, Test RMSE: 31.3258, Test MAPE: 12.8034
2026-01-29 03:46:44,720 - easytorch-training - INFO - Evaluate best model on test data for horizon 10, Test MAE: 18.9993, Test RMSE: 31.5730, Test MAPE: 12.7613
2026-01-29 03:46:44,727 - easytorch-training - INFO - Evaluate best model on test data for horizon 11, Test MAE: 19.1478, Test RMSE: 31.8055, Test MAPE: 12.9154
2026-01-29 03:46:44,735 - easytorch-training - INFO - Evaluate best model on test data for horizon 12, Test MAE: 19.3255, Test RMSE: 32.0480, Test MAPE: 13.0246
2026-01-29 03:46:44,747 - easytorch-training - INFO - Result <test>: [test_time: 14.66 (s), test_MAE: 18.1996, test_RMSE: 30.2137, test_MAPE: 12.3901]
2026-01-29 03:46:45,115 - easytorch-training - INFO - Checkpoint checkpoints/STMAFNet_300/976492592f92c661f4c4ea004499e56d/STMAFNet_108.pt saved
2026-01-29 03:46:45,116 - easytorch-training - INFO - The estimated training finish time is 2026-01-29 15:16:34
2026-01-29 03:46:45,116 - easytorch-training - INFO - Epoch 109 / 300
2026-01-29 03:48:46,295 - easytorch-training - INFO - Result <train>: [train_time: 121.18 (s), lr: 6.25e-05, train_MAE: 16.0981, train_RMSE: 26.5082, train_MAPE: 12.1510]
2026-01-29 03:48:46,297 - easytorch-training - INFO - Start validation.
2026-01-29 03:49:01,213 - easytorch-training - INFO - Result <val>: [val_time: 14.92 (s), val_MAE: 17.9290, val_RMSE: 28.5589, val_MAPE: 12.1860]
2026-01-29 03:49:15,801 - easytorch-training - INFO - Evaluate best model on test data for horizon 1, Test MAE: 16.3850, Test RMSE: 26.8649, Test MAPE: 11.1992
2026-01-29 03:49:15,804 - easytorch-training - INFO - Evaluate best model on test data for horizon 2, Test MAE: 16.9672, Test RMSE: 27.9911, Test MAPE: 11.8162
2026-01-29 03:49:15,812 - easytorch-training - INFO - Evaluate best model on test data for horizon 3, Test MAE: 17.4106, Test RMSE: 28.8325, Test MAPE: 12.0701
2026-01-29 03:49:15,820 - easytorch-training - INFO - Evaluate best model on test data for horizon 4, Test MAE: 17.7435, Test RMSE: 29.4632, Test MAPE: 12.0689
2026-01-29 03:49:15,827 - easytorch-training - INFO - Evaluate best model on test data for horizon 5, Test MAE: 18.0251, Test RMSE: 29.9860, Test MAPE: 12.1953
2026-01-29 03:49:15,834 - easytorch-training - INFO - Evaluate best model on test data for horizon 6, Test MAE: 18.2573, Test RMSE: 30.4092, Test MAPE: 12.3179
2026-01-29 03:49:15,842 - easytorch-training - INFO - Evaluate best model on test data for horizon 7, Test MAE: 18.4790, Test RMSE: 30.7811, Test MAPE: 12.3743
2026-01-29 03:49:15,849 - easytorch-training - INFO - Evaluate best model on test data for horizon 8, Test MAE: 18.6814, Test RMSE: 31.1012, Test MAPE: 12.6051
2026-01-29 03:49:15,857 - easytorch-training - INFO - Evaluate best model on test data for horizon 9, Test MAE: 18.8522, Test RMSE: 31.3721, Test MAPE: 12.7293
2026-01-29 03:49:15,864 - easytorch-training - INFO - Evaluate best model on test data for horizon 10, Test MAE: 19.0085, Test RMSE: 31.6306, Test MAPE: 12.8665
2026-01-29 03:49:15,872 - easytorch-training - INFO - Evaluate best model on test data for horizon 11, Test MAE: 19.1743, Test RMSE: 31.8733, Test MAPE: 12.9799
2026-01-29 03:49:15,879 - easytorch-training - INFO - Evaluate best model on test data for horizon 12, Test MAE: 19.3437, Test RMSE: 32.1017, Test MAPE: 13.0899
2026-01-29 03:49:15,892 - easytorch-training - INFO - Result <test>: [test_time: 14.68 (s), test_MAE: 18.1940, test_RMSE: 30.2413, test_MAPE: 12.3594]
2026-01-29 03:49:16,271 - easytorch-training - INFO - Checkpoint checkpoints/STMAFNet_300/976492592f92c661f4c4ea004499e56d/STMAFNet_109.pt saved
2026-01-29 03:49:16,272 - easytorch-training - INFO - The estimated training finish time is 2026-01-29 15:13:37
2026-01-29 03:49:16,272 - easytorch-training - INFO - Epoch 110 / 300
2026-01-29 03:51:17,470 - easytorch-training - INFO - Result <train>: [train_time: 121.20 (s), lr: 6.25e-05, train_MAE: 16.0901, train_RMSE: 26.4931, train_MAPE: 12.1468]
2026-01-29 03:51:17,471 - easytorch-training - INFO - Start validation.
2026-01-29 03:51:32,347 - easytorch-training - INFO - Result <val>: [val_time: 14.87 (s), val_MAE: 17.9653, val_RMSE: 28.6448, val_MAPE: 12.0798]
2026-01-29 03:51:46,964 - easytorch-training - INFO - Evaluate best model on test data for horizon 1, Test MAE: 16.4349, Test RMSE: 26.9768, Test MAPE: 11.1521
2026-01-29 03:51:46,971 - easytorch-training - INFO - Evaluate best model on test data for horizon 2, Test MAE: 17.0140, Test RMSE: 28.1347, Test MAPE: 11.5313
2026-01-29 03:51:46,979 - easytorch-training - INFO - Evaluate best model on test data for horizon 3, Test MAE: 17.4711, Test RMSE: 28.9990, Test MAPE: 11.7502
2026-01-29 03:51:46,986 - easytorch-training - INFO - Evaluate best model on test data for horizon 4, Test MAE: 17.8318, Test RMSE: 29.6678, Test MAPE: 11.9286
2026-01-29 03:51:46,994 - easytorch-training - INFO - Evaluate best model on test data for horizon 5, Test MAE: 18.1245, Test RMSE: 30.2287, Test MAPE: 12.1144
2026-01-29 03:51:47,001 - easytorch-training - INFO - Evaluate best model on test data for horizon 6, Test MAE: 18.3589, Test RMSE: 30.6409, Test MAPE: 12.2125
2026-01-29 03:51:47,009 - easytorch-training - INFO - Evaluate best model on test data for horizon 7, Test MAE: 18.5949, Test RMSE: 31.0438, Test MAPE: 12.3807
2026-01-29 03:51:47,016 - easytorch-training - INFO - Evaluate best model on test data for horizon 8, Test MAE: 18.8271, Test RMSE: 31.4296, Test MAPE: 12.5602
2026-01-29 03:51:47,024 - easytorch-training - INFO - Evaluate best model on test data for horizon 9, Test MAE: 18.9788, Test RMSE: 31.6997, Test MAPE: 12.6705
2026-01-29 03:51:47,031 - easytorch-training - INFO - Evaluate best model on test data for horizon 10, Test MAE: 19.1587, Test RMSE: 31.9890, Test MAPE: 12.8212
2026-01-29 03:51:47,038 - easytorch-training - INFO - Evaluate best model on test data for horizon 11, Test MAE: 19.3251, Test RMSE: 32.2500, Test MAPE: 12.9195
2026-01-29 03:51:47,046 - easytorch-training - INFO - Evaluate best model on test data for horizon 12, Test MAE: 19.4938, Test RMSE: 32.4755, Test MAPE: 13.0397
2026-01-29 03:51:47,059 - easytorch-training - INFO - Result <test>: [test_time: 14.71 (s), test_MAE: 18.3011, test_RMSE: 30.5062, test_MAPE: 12.2568]
2026-01-29 03:51:47,423 - easytorch-training - INFO - Checkpoint checkpoints/STMAFNet_300/976492592f92c661f4c4ea004499e56d/STMAFNet_110.pt saved
2026-01-29 03:51:47,453 - easytorch-training - INFO - The estimated training finish time is 2026-01-29 15:10:43
2026-01-29 03:51:47,453 - easytorch-training - INFO - Epoch 111 / 300
2026-01-29 03:53:48,587 - easytorch-training - INFO - Result <train>: [train_time: 121.13 (s), lr: 6.25e-05, train_MAE: 16.0948, train_RMSE: 26.5009, train_MAPE: 12.1283]
2026-01-29 03:53:48,588 - easytorch-training - INFO - Start validation.
2026-01-29 03:54:03,468 - easytorch-training - INFO - Result <val>: [val_time: 14.88 (s), val_MAE: 17.9297, val_RMSE: 28.6091, val_MAPE: 12.0110]
2026-01-29 03:54:18,058 - easytorch-training - INFO - Evaluate best model on test data for horizon 1, Test MAE: 16.3787, Test RMSE: 26.8697, Test MAPE: 11.1377
2026-01-29 03:54:18,065 - easytorch-training - INFO - Evaluate best model on test data for horizon 2, Test MAE: 16.9429, Test RMSE: 28.0122, Test MAPE: 11.5665
2026-01-29 03:54:18,067 - easytorch-training - INFO - Evaluate best model on test data for horizon 3, Test MAE: 17.4011, Test RMSE: 28.8985, Test MAPE: 11.7795
2026-01-29 03:54:18,069 - easytorch-training - INFO - Evaluate best model on test data for horizon 4, Test MAE: 17.7371, Test RMSE: 29.5120, Test MAPE: 11.9865
2026-01-29 03:54:18,070 - easytorch-training - INFO - Evaluate best model on test data for horizon 5, Test MAE: 18.0208, Test RMSE: 30.0569, Test MAPE: 12.0233
2026-01-29 03:54:18,071 - easytorch-training - INFO - Evaluate best model on test data for horizon 6, Test MAE: 18.2503, Test RMSE: 30.4647, Test MAPE: 12.1457
2026-01-29 03:54:18,072 - easytorch-training - INFO - Evaluate best model on test data for horizon 7, Test MAE: 18.4800, Test RMSE: 30.8432, Test MAPE: 12.2952
2026-01-29 03:54:18,076 - easytorch-training - INFO - Evaluate best model on test data for horizon 8, Test MAE: 18.6833, Test RMSE: 31.1888, Test MAPE: 12.3548
2026-01-29 03:54:18,083 - easytorch-training - INFO - Evaluate best model on test data for horizon 9, Test MAE: 18.8583, Test RMSE: 31.4765, Test MAPE: 12.4627
2026-01-29 03:54:18,091 - easytorch-training - INFO - Evaluate best model on test data for horizon 10, Test MAE: 19.0230, Test RMSE: 31.7503, Test MAPE: 12.5999
2026-01-29 03:54:18,098 - easytorch-training - INFO - Evaluate best model on test data for horizon 11, Test MAE: 19.1915, Test RMSE: 32.0086, Test MAPE: 12.7291
2026-01-29 03:54:18,105 - easytorch-training - INFO - Evaluate best model on test data for horizon 12, Test MAE: 19.3473, Test RMSE: 32.2141, Test MAPE: 12.9555
2026-01-29 03:54:18,118 - easytorch-training - INFO - Result <test>: [test_time: 14.65 (s), test_MAE: 18.1929, test_RMSE: 30.3170, test_MAPE: 12.1697]
2026-01-29 03:54:18,480 - easytorch-training - INFO - Checkpoint checkpoints/STMAFNet_300/976492592f92c661f4c4ea004499e56d/STMAFNet_111.pt saved
2026-01-29 03:54:18,481 - easytorch-training - INFO - The estimated training finish time is 2026-01-29 15:07:52
2026-01-29 03:54:18,481 - easytorch-training - INFO - Epoch 112 / 300
2026-01-29 03:56:19,631 - easytorch-training - INFO - Result <train>: [train_time: 121.15 (s), lr: 6.25e-05, train_MAE: 16.0727, train_RMSE: 26.4815, train_MAPE: 12.1359]
2026-01-29 03:56:19,633 - easytorch-training - INFO - Start validation.
2026-01-29 03:56:34,512 - easytorch-training - INFO - Result <val>: [val_time: 14.88 (s), val_MAE: 17.9967, val_RMSE: 28.6481, val_MAPE: 12.1189]
2026-01-29 03:56:49,083 - easytorch-training - INFO - Evaluate best model on test data for horizon 1, Test MAE: 16.4325, Test RMSE: 26.9151, Test MAPE: 11.1049
2026-01-29 03:56:49,090 - easytorch-training - INFO - Evaluate best model on test data for horizon 2, Test MAE: 17.0322, Test RMSE: 28.0881, Test MAPE: 11.6405
2026-01-29 03:56:49,098 - easytorch-training - INFO - Evaluate best model on test data for horizon 3, Test MAE: 17.5024, Test RMSE: 28.9664, Test MAPE: 11.9084
2026-01-29 03:56:49,099 - easytorch-training - INFO - Evaluate best model on test data for horizon 4, Test MAE: 17.8606, Test RMSE: 29.6442, Test MAPE: 12.0324
2026-01-29 03:56:49,101 - easytorch-training - INFO - Evaluate best model on test data for horizon 5, Test MAE: 18.1521, Test RMSE: 30.2162, Test MAPE: 12.2557
2026-01-29 03:56:49,108 - easytorch-training - INFO - Evaluate best model on test data for horizon 6, Test MAE: 18.3625, Test RMSE: 30.6300, Test MAPE: 12.2623
2026-01-29 03:56:49,116 - easytorch-training - INFO - Evaluate best model on test data for horizon 7, Test MAE: 18.5949, Test RMSE: 31.0269, Test MAPE: 12.3529
2026-01-29 03:56:49,123 - easytorch-training - INFO - Evaluate best model on test data for horizon 8, Test MAE: 18.8184, Test RMSE: 31.4089, Test MAPE: 12.4945
2026-01-29 03:56:49,130 - easytorch-training - INFO - Evaluate best model on test data for horizon 9, Test MAE: 18.9850, Test RMSE: 31.6814, Test MAPE: 12.7942
2026-01-29 03:56:49,138 - easytorch-training - INFO - Evaluate best model on test data for horizon 10, Test MAE: 19.1472, Test RMSE: 31.9686, Test MAPE: 12.7400
2026-01-29 03:56:49,145 - easytorch-training - INFO - Evaluate best model on test data for horizon 11, Test MAE: 19.3137, Test RMSE: 32.2053, Test MAPE: 12.9311
2026-01-29 03:56:49,153 - easytorch-training - INFO - Evaluate best model on test data for horizon 12, Test MAE: 19.4783, Test RMSE: 32.4398, Test MAPE: 12.9803
2026-01-29 03:56:49,166 - easytorch-training - INFO - Result <test>: [test_time: 14.65 (s), test_MAE: 18.3067, test_RMSE: 30.4779, test_MAPE: 12.2914]
2026-01-29 03:56:49,531 - easytorch-training - INFO - Checkpoint checkpoints/STMAFNet_300/976492592f92c661f4c4ea004499e56d/STMAFNet_112.pt saved
2026-01-29 03:56:49,532 - easytorch-training - INFO - The estimated training finish time is 2026-01-29 15:05:03
2026-01-29 03:56:49,532 - easytorch-training - INFO - Epoch 113 / 300
2026-01-29 03:58:50,744 - easytorch-training - INFO - Result <train>: [train_time: 121.21 (s), lr: 6.25e-05, train_MAE: 16.0612, train_RMSE: 26.4448, train_MAPE: 12.1177]
2026-01-29 03:58:50,745 - easytorch-training - INFO - Start validation.
2026-01-29 03:59:05,657 - easytorch-training - INFO - Result <val>: [val_time: 14.91 (s), val_MAE: 17.9055, val_RMSE: 28.5246, val_MAPE: 12.0965]
2026-01-29 03:59:20,277 - easytorch-training - INFO - Evaluate best model on test data for horizon 1, Test MAE: 16.3951, Test RMSE: 26.8544, Test MAPE: 11.2992
2026-01-29 03:59:20,285 - easytorch-training - INFO - Evaluate best model on test data for horizon 2, Test MAE: 16.9658, Test RMSE: 27.9923, Test MAPE: 11.7511
2026-01-29 03:59:20,292 - easytorch-training - INFO - Evaluate best model on test data for horizon 3, Test MAE: 17.3960, Test RMSE: 28.8310, Test MAPE: 11.8431
2026-01-29 03:59:20,300 - easytorch-training - INFO - Evaluate best model on test data for horizon 4, Test MAE: 17.7276, Test RMSE: 29.4556, Test MAPE: 11.9959
2026-01-29 03:59:20,307 - easytorch-training - INFO - Evaluate best model on test data for horizon 5, Test MAE: 18.0100, Test RMSE: 29.9635, Test MAPE: 12.2152
2026-01-29 03:59:20,315 - easytorch-training - INFO - Evaluate best model on test data for horizon 6, Test MAE: 18.2218, Test RMSE: 30.3494, Test MAPE: 12.2132
2026-01-29 03:59:20,320 - easytorch-training - INFO - Evaluate best model on test data for horizon 7, Test MAE: 18.4386, Test RMSE: 30.7229, Test MAPE: 12.3273
2026-01-29 03:59:20,321 - easytorch-training - INFO - Evaluate best model on test data for horizon 8, Test MAE: 18.6339, Test RMSE: 31.0526, Test MAPE: 12.4832
2026-01-29 03:59:20,323 - easytorch-training - INFO - Evaluate best model on test data for horizon 9, Test MAE: 18.7985, Test RMSE: 31.3250, Test MAPE: 12.5416
2026-01-29 03:59:20,324 - easytorch-training - INFO - Evaluate best model on test data for horizon 10, Test MAE: 18.9609, Test RMSE: 31.5899, Test MAPE: 12.6318
2026-01-29 03:59:20,325 - easytorch-training - INFO - Evaluate best model on test data for horizon 11, Test MAE: 19.1183, Test RMSE: 31.7991, Test MAPE: 12.8600
2026-01-29 03:59:20,326 - easytorch-training - INFO - Evaluate best model on test data for horizon 12, Test MAE: 19.2773, Test RMSE: 32.0311, Test MAPE: 12.8531
2026-01-29 03:59:20,337 - easytorch-training - INFO - Result <test>: [test_time: 14.68 (s), test_MAE: 18.1620, test_RMSE: 30.2035, test_MAPE: 12.2512]
2026-01-29 03:59:20,703 - easytorch-training - INFO - Checkpoint checkpoints/STMAFNet_300/976492592f92c661f4c4ea004499e56d/STMAFNet_113.pt saved
2026-01-29 03:59:20,704 - easytorch-training - INFO - The estimated training finish time is 2026-01-29 15:02:19
2026-01-29 03:59:20,704 - easytorch-training - INFO - Epoch 114 / 300
2026-01-29 04:01:22,607 - easytorch-training - INFO - Result <train>: [train_time: 121.90 (s), lr: 6.25e-05, train_MAE: 16.0441, train_RMSE: 26.4317, train_MAPE: 12.1245]
2026-01-29 04:01:22,608 - easytorch-training - INFO - Start validation.
2026-01-29 04:01:36,870 - easytorch-training - INFO - Result <val>: [val_time: 14.26 (s), val_MAE: 17.9401, val_RMSE: 28.6201, val_MAPE: 11.9907]
2026-01-29 04:01:51,455 - easytorch-training - INFO - Evaluate best model on test data for horizon 1, Test MAE: 16.4124, Test RMSE: 26.9118, Test MAPE: 11.0388
2026-01-29 04:01:51,462 - easytorch-training - INFO - Evaluate best model on test data for horizon 2, Test MAE: 17.0029, Test RMSE: 28.1004, Test MAPE: 11.5247
2026-01-29 04:01:51,470 - easytorch-training - INFO - Evaluate best model on test data for horizon 3, Test MAE: 17.4622, Test RMSE: 28.9642, Test MAPE: 11.8290
2026-01-29 04:01:51,477 - easytorch-training - INFO - Evaluate best model on test data for horizon 4, Test MAE: 17.8101, Test RMSE: 29.6020, Test MAPE: 11.9670
2026-01-29 04:01:51,485 - easytorch-training - INFO - Evaluate best model on test data for horizon 5, Test MAE: 18.1033, Test RMSE: 30.1762, Test MAPE: 12.0645
2026-01-29 04:01:51,491 - easytorch-training - INFO - Evaluate best model on test data for horizon 6, Test MAE: 18.3204, Test RMSE: 30.5626, Test MAPE: 12.2516
2026-01-29 04:01:51,492 - easytorch-training - INFO - Evaluate best model on test data for horizon 7, Test MAE: 18.5409, Test RMSE: 30.9562, Test MAPE: 12.2522
2026-01-29 04:01:51,493 - easytorch-training - INFO - Evaluate best model on test data for horizon 8, Test MAE: 18.7404, Test RMSE: 31.2875, Test MAPE: 12.4390
2026-01-29 04:01:51,494 - easytorch-training - INFO - Evaluate best model on test data for horizon 9, Test MAE: 18.9091, Test RMSE: 31.5697, Test MAPE: 12.5140
2026-01-29 04:01:51,496 - easytorch-training - INFO - Evaluate best model on test data for horizon 10, Test MAE: 19.0723, Test RMSE: 31.8351, Test MAPE: 12.6737
2026-01-29 04:01:51,497 - easytorch-training - INFO - Evaluate best model on test data for horizon 11, Test MAE: 19.2328, Test RMSE: 32.0664, Test MAPE: 12.7821
2026-01-29 04:01:51,502 - easytorch-training - INFO - Evaluate best model on test data for horizon 12, Test MAE: 19.3876, Test RMSE: 32.2818, Test MAPE: 12.9210
2026-01-29 04:01:51,515 - easytorch-training - INFO - Result <test>: [test_time: 14.64 (s), test_MAE: 18.2496, test_RMSE: 30.4021, test_MAPE: 12.1881]
2026-01-29 04:01:51,883 - easytorch-training - INFO - Checkpoint checkpoints/STMAFNet_300/976492592f92c661f4c4ea004499e56d/STMAFNet_114.pt saved
2026-01-29 04:01:51,884 - easytorch-training - INFO - The estimated training finish time is 2026-01-29 14:59:37
2026-01-29 04:01:51,884 - easytorch-training - INFO - Epoch 115 / 300
2026-01-29 04:03:54,243 - easytorch-training - INFO - Result <train>: [train_time: 122.36 (s), lr: 6.25e-05, train_MAE: 16.0565, train_RMSE: 26.4358, train_MAPE: 12.1093]
2026-01-29 04:03:54,245 - easytorch-training - INFO - Start validation.
2026-01-29 04:04:09,018 - easytorch-training - INFO - Result <val>: [val_time: 14.77 (s), val_MAE: 17.9412, val_RMSE: 28.5665, val_MAPE: 12.2118]
2026-01-29 04:04:22,807 - easytorch-training - INFO - Evaluate best model on test data for horizon 1, Test MAE: 16.3935, Test RMSE: 26.8579, Test MAPE: 11.3230
2026-01-29 04:04:22,814 - easytorch-training - INFO - Evaluate best model on test data for horizon 2, Test MAE: 16.9754, Test RMSE: 27.9738, Test MAPE: 11.8167
2026-01-29 04:04:22,822 - easytorch-training - INFO - Evaluate best model on test data for horizon 3, Test MAE: 17.4075, Test RMSE: 28.7909, Test MAPE: 12.0523
2026-01-29 04:04:22,830 - easytorch-training - INFO - Evaluate best model on test data for horizon 4, Test MAE: 17.7410, Test RMSE: 29.4083, Test MAPE: 12.1701
2026-01-29 04:04:22,837 - easytorch-training - INFO - Evaluate best model on test data for horizon 5, Test MAE: 18.0021, Test RMSE: 29.9269, Test MAPE: 12.2429
2026-01-29 04:04:22,845 - easytorch-training - INFO - Evaluate best model on test data for horizon 6, Test MAE: 18.2273, Test RMSE: 30.3470, Test MAPE: 12.2627
2026-01-29 04:04:22,846 - easytorch-training - INFO - Evaluate best model on test data for horizon 7, Test MAE: 18.4457, Test RMSE: 30.6931, Test MAPE: 12.5020
2026-01-29 04:04:22,847 - easytorch-training - INFO - Evaluate best model on test data for horizon 8, Test MAE: 18.6365, Test RMSE: 31.0123, Test MAPE: 12.5239
2026-01-29 04:04:22,849 - easytorch-training - INFO - Evaluate best model on test data for horizon 9, Test MAE: 18.8233, Test RMSE: 31.2814, Test MAPE: 12.7985
2026-01-29 04:04:22,850 - easytorch-training - INFO - Evaluate best model on test data for horizon 10, Test MAE: 18.9721, Test RMSE: 31.5378, Test MAPE: 12.7489
2026-01-29 04:04:22,851 - easytorch-training - INFO - Evaluate best model on test data for horizon 11, Test MAE: 19.1345, Test RMSE: 31.7705, Test MAPE: 12.9568
2026-01-29 04:04:22,852 - easytorch-training - INFO - Evaluate best model on test data for horizon 12, Test MAE: 19.3008, Test RMSE: 31.9821, Test MAPE: 13.0893
2026-01-29 04:04:22,863 - easytorch-training - INFO - Result <test>: [test_time: 13.84 (s), test_MAE: 18.1717, test_RMSE: 30.1709, test_MAPE: 12.3739]
2026-01-29 04:04:23,226 - easytorch-training - INFO - Checkpoint checkpoints/STMAFNet_300/976492592f92c661f4c4ea004499e56d/STMAFNet_115.pt saved
2026-01-29 04:04:23,227 - easytorch-training - INFO - The estimated training finish time is 2026-01-29 14:56:58
2026-01-29 04:04:23,227 - easytorch-training - INFO - Epoch 116 / 300
2026-01-29 04:06:26,108 - easytorch-training - INFO - Result <train>: [train_time: 122.88 (s), lr: 6.25e-05, train_MAE: 16.0361, train_RMSE: 26.4113, train_MAPE: 12.1021]
2026-01-29 04:06:26,110 - easytorch-training - INFO - Start validation.
2026-01-29 04:06:40,588 - easytorch-training - INFO - Result <val>: [val_time: 14.48 (s), val_MAE: 17.9363, val_RMSE: 28.5896, val_MAPE: 12.0795]
2026-01-29 04:06:54,588 - easytorch-training - INFO - Evaluate best model on test data for horizon 1, Test MAE: 16.4081, Test RMSE: 26.9134, Test MAPE: 11.1775
2026-01-29 04:06:54,596 - easytorch-training - INFO - Evaluate best model on test data for horizon 2, Test MAE: 16.9816, Test RMSE: 28.0611, Test MAPE: 11.5657
2026-01-29 04:06:54,603 - easytorch-training - INFO - Evaluate best model on test data for horizon 3, Test MAE: 17.4322, Test RMSE: 28.9196, Test MAPE: 11.8242
2026-01-29 04:06:54,611 - easytorch-training - INFO - Evaluate best model on test data for horizon 4, Test MAE: 17.7888, Test RMSE: 29.5687, Test MAPE: 12.0236
2026-01-29 04:06:54,618 - easytorch-training - INFO - Evaluate best model on test data for horizon 5, Test MAE: 18.0708, Test RMSE: 30.1234, Test MAPE: 12.1431
2026-01-29 04:06:54,626 - easytorch-training - INFO - Evaluate best model on test data for horizon 6, Test MAE: 18.3041, Test RMSE: 30.5247, Test MAPE: 12.2466
2026-01-29 04:06:54,630 - easytorch-training - INFO - Evaluate best model on test data for horizon 7, Test MAE: 18.5262, Test RMSE: 30.8977, Test MAPE: 12.4156
2026-01-29 04:06:54,631 - easytorch-training - INFO - Evaluate best model on test data for horizon 8, Test MAE: 18.7155, Test RMSE: 31.2193, Test MAPE: 12.5047
2026-01-29 04:06:54,637 - easytorch-training - INFO - Evaluate best model on test data for horizon 9, Test MAE: 18.9077, Test RMSE: 31.5173, Test MAPE: 12.6339
2026-01-29 04:06:54,644 - easytorch-training - INFO - Evaluate best model on test data for horizon 10, Test MAE: 19.0644, Test RMSE: 31.7666, Test MAPE: 12.6645
2026-01-29 04:06:54,652 - easytorch-training - INFO - Evaluate best model on test data for horizon 11, Test MAE: 19.2064, Test RMSE: 31.9705, Test MAPE: 12.8888
2026-01-29 04:06:54,659 - easytorch-training - INFO - Evaluate best model on test data for horizon 12, Test MAE: 19.3608, Test RMSE: 32.1649, Test MAPE: 12.9791
2026-01-29 04:06:54,672 - easytorch-training - INFO - Result <test>: [test_time: 14.08 (s), test_MAE: 18.2306, test_RMSE: 30.3453, test_MAPE: 12.2556]
2026-01-29 04:06:55,036 - easytorch-training - INFO - Checkpoint checkpoints/STMAFNet_300/976492592f92c661f4c4ea004499e56d/STMAFNet_116.pt saved
2026-01-29 04:06:55,037 - easytorch-training - INFO - The estimated training finish time is 2026-01-29 14:54:23
2026-01-29 04:06:55,037 - easytorch-training - INFO - Epoch 117 / 300
2026-01-29 04:08:57,196 - easytorch-training - INFO - Result <train>: [train_time: 122.16 (s), lr: 6.25e-05, train_MAE: 16.0235, train_RMSE: 26.3873, train_MAPE: 12.1019]
2026-01-29 04:08:57,198 - easytorch-training - INFO - Start validation.
2026-01-29 04:09:12,119 - easytorch-training - INFO - Result <val>: [val_time: 14.92 (s), val_MAE: 17.9423, val_RMSE: 28.5705, val_MAPE: 11.9865]
2026-01-29 04:09:26,303 - easytorch-training - INFO - Evaluate best model on test data for horizon 1, Test MAE: 16.4109, Test RMSE: 26.9157, Test MAPE: 11.0612
2026-01-29 04:09:26,310 - easytorch-training - INFO - Evaluate best model on test data for horizon 2, Test MAE: 16.9912, Test RMSE: 28.0765, Test MAPE: 11.4433
2026-01-29 04:09:26,318 - easytorch-training - INFO - Evaluate best model on test data for horizon 3, Test MAE: 17.4339, Test RMSE: 28.9096, Test MAPE: 11.7525
2026-01-29 04:09:26,325 - easytorch-training - INFO - Evaluate best model on test data for horizon 4, Test MAE: 17.7872, Test RMSE: 29.5520, Test MAPE: 11.8581
2026-01-29 04:09:26,332 - easytorch-training - INFO - Evaluate best model on test data for horizon 5, Test MAE: 18.0606, Test RMSE: 30.0582, Test MAPE: 12.0018
2026-01-29 04:09:26,334 - easytorch-training - INFO - Evaluate best model on test data for horizon 6, Test MAE: 18.3051, Test RMSE: 30.4740, Test MAPE: 12.1632
2026-01-29 04:09:26,335 - easytorch-training - INFO - Evaluate best model on test data for horizon 7, Test MAE: 18.5046, Test RMSE: 30.8017, Test MAPE: 12.3306
2026-01-29 04:09:26,336 - easytorch-training - INFO - Evaluate best model on test data for horizon 8, Test MAE: 18.6855, Test RMSE: 31.1131, Test MAPE: 12.4356
2026-01-29 04:09:26,344 - easytorch-training - INFO - Evaluate best model on test data for horizon 9, Test MAE: 18.8747, Test RMSE: 31.4147, Test MAPE: 12.5745
2026-01-29 04:09:26,351 - easytorch-training - INFO - Evaluate best model on test data for horizon 10, Test MAE: 19.0289, Test RMSE: 31.6598, Test MAPE: 12.7009
2026-01-29 04:09:26,359 - easytorch-training - INFO - Evaluate best model on test data for horizon 11, Test MAE: 19.1955, Test RMSE: 31.9108, Test MAPE: 12.8035
2026-01-29 04:09:26,366 - easytorch-training - INFO - Evaluate best model on test data for horizon 12, Test MAE: 19.3735, Test RMSE: 32.1259, Test MAPE: 12.9692
2026-01-29 04:09:26,379 - easytorch-training - INFO - Result <test>: [test_time: 14.26 (s), test_MAE: 18.2210, test_RMSE: 30.2908, test_MAPE: 12.1745]
2026-01-29 04:09:26,835 - easytorch-training - INFO - Checkpoint checkpoints/STMAFNet_300/976492592f92c661f4c4ea004499e56d/STMAFNet_117.pt saved
2026-01-29 04:09:26,836 - easytorch-training - INFO - The estimated training finish time is 2026-01-29 14:51:51
2026-01-29 04:09:26,836 - easytorch-training - INFO - Epoch 118 / 300
2026-01-29 04:11:28,471 - easytorch-training - INFO - Result <train>: [train_time: 121.63 (s), lr: 6.25e-05, train_MAE: 16.0266, train_RMSE: 26.3907, train_MAPE: 12.0859]
2026-01-29 04:11:28,474 - easytorch-training - INFO - Start validation.
2026-01-29 04:11:43,370 - easytorch-training - INFO - Result <val>: [val_time: 14.90 (s), val_MAE: 17.9607, val_RMSE: 28.5508, val_MAPE: 12.1916]
2026-01-29 04:11:57,969 - easytorch-training - INFO - Evaluate best model on test data for horizon 1, Test MAE: 16.4296, Test RMSE: 26.8832, Test MAPE: 11.3848
2026-01-29 04:11:57,973 - easytorch-training - INFO - Evaluate best model on test data for horizon 2, Test MAE: 16.9789, Test RMSE: 28.0033, Test MAPE: 11.7585
2026-01-29 04:11:57,975 - easytorch-training - INFO - Evaluate best model on test data for horizon 3, Test MAE: 17.4458, Test RMSE: 28.8771, Test MAPE: 11.9797
2026-01-29 04:11:57,976 - easytorch-training - INFO - Evaluate best model on test data for horizon 4, Test MAE: 17.7942, Test RMSE: 29.4979, Test MAPE: 12.1778
2026-01-29 04:11:57,977 - easytorch-training - INFO - Evaluate best model on test data for horizon 5, Test MAE: 18.0589, Test RMSE: 30.0179, Test MAPE: 12.3141
2026-01-29 04:11:57,978 - easytorch-training - INFO - Evaluate best model on test data for horizon 6, Test MAE: 18.2826, Test RMSE: 30.4114, Test MAPE: 12.2998
2026-01-29 04:11:57,979 - easytorch-training - INFO - Evaluate best model on test data for horizon 7, Test MAE: 18.5087, Test RMSE: 30.7833, Test MAPE: 12.4589
2026-01-29 04:11:57,981 - easytorch-training - INFO - Evaluate best model on test data for horizon 8, Test MAE: 18.6819, Test RMSE: 31.0511, Test MAPE: 12.5900
2026-01-29 04:11:57,988 - easytorch-training - INFO - Evaluate best model on test data for horizon 9, Test MAE: 18.8463, Test RMSE: 31.3406, Test MAPE: 12.5232
2026-01-29 04:11:57,996 - easytorch-training - INFO - Evaluate best model on test data for horizon 10, Test MAE: 18.9872, Test RMSE: 31.5593, Test MAPE: 12.7274
2026-01-29 04:11:58,003 - easytorch-training - INFO - Evaluate best model on test data for horizon 11, Test MAE: 19.1562, Test RMSE: 31.8050, Test MAPE: 12.8266
2026-01-29 04:11:58,011 - easytorch-training - INFO - Evaluate best model on test data for horizon 12, Test MAE: 19.3190, Test RMSE: 32.0236, Test MAPE: 13.0087
2026-01-29 04:11:58,023 - easytorch-training - INFO - Result <test>: [test_time: 14.65 (s), test_MAE: 18.2075, test_RMSE: 30.2268, test_MAPE: 12.3375]
2026-01-29 04:11:58,387 - easytorch-training - INFO - Checkpoint checkpoints/STMAFNet_300/976492592f92c661f4c4ea004499e56d/STMAFNet_118.pt saved
2026-01-29 04:11:58,388 - easytorch-training - INFO - The estimated training finish time is 2026-01-29 14:49:21
2026-01-29 04:11:58,388 - easytorch-training - INFO - Epoch 119 / 300
2026-01-29 04:13:59,517 - easytorch-training - INFO - Result <train>: [train_time: 121.13 (s), lr: 6.25e-05, train_MAE: 16.0082, train_RMSE: 26.3625, train_MAPE: 12.0785]
2026-01-29 04:13:59,518 - easytorch-training - INFO - Start validation.
2026-01-29 04:14:14,391 - easytorch-training - INFO - Result <val>: [val_time: 14.87 (s), val_MAE: 17.9426, val_RMSE: 28.5750, val_MAPE: 12.0327]
2026-01-29 04:14:28,961 - easytorch-training - INFO - Evaluate best model on test data for horizon 1, Test MAE: 16.4296, Test RMSE: 26.9163, Test MAPE: 11.2764
2026-01-29 04:14:28,969 - easytorch-training - INFO - Evaluate best model on test data for horizon 2, Test MAE: 16.9976, Test RMSE: 28.0569, Test MAPE: 11.7228
2026-01-29 04:14:28,976 - easytorch-training - INFO - Evaluate best model on test data for horizon 3, Test MAE: 17.4385, Test RMSE: 28.8970, Test MAPE: 11.9665
2026-01-29 04:14:28,984 - easytorch-training - INFO - Evaluate best model on test data for horizon 4, Test MAE: 17.7780, Test RMSE: 29.5402, Test MAPE: 11.9728
2026-01-29 04:14:28,991 - easytorch-training - INFO - Evaluate best model on test data for horizon 5, Test MAE: 18.0650, Test RMSE: 30.0854, Test MAPE: 12.0243
2026-01-29 04:14:28,999 - easytorch-training - INFO - Evaluate best model on test data for horizon 6, Test MAE: 18.2956, Test RMSE: 30.4790, Test MAPE: 12.1598
2026-01-29 04:14:29,006 - easytorch-training - INFO - Evaluate best model on test data for horizon 7, Test MAE: 18.5225, Test RMSE: 30.8596, Test MAPE: 12.3346
2026-01-29 04:14:29,014 - easytorch-training - INFO - Evaluate best model on test data for horizon 8, Test MAE: 18.7226, Test RMSE: 31.1721, Test MAPE: 12.4136
2026-01-29 04:14:29,021 - easytorch-training - INFO - Evaluate best model on test data for horizon 9, Test MAE: 18.9017, Test RMSE: 31.4708, Test MAPE: 12.6601
2026-01-29 04:14:29,029 - easytorch-training - INFO - Evaluate best model on test data for horizon 10, Test MAE: 19.0563, Test RMSE: 31.7329, Test MAPE: 12.5532
2026-01-29 04:14:29,036 - easytorch-training - INFO - Evaluate best model on test data for horizon 11, Test MAE: 19.2212, Test RMSE: 31.9900, Test MAPE: 12.6843
2026-01-29 04:14:29,043 - easytorch-training - INFO - Evaluate best model on test data for horizon 12, Test MAE: 19.3829, Test RMSE: 32.1912, Test MAPE: 12.8264
2026-01-29 04:14:29,056 - easytorch-training - INFO - Result <test>: [test_time: 14.66 (s), test_MAE: 18.2343, test_RMSE: 30.3239, test_MAPE: 12.2162]
2026-01-29 04:14:29,512 - easytorch-training - INFO - Checkpoint checkpoints/STMAFNet_300/976492592f92c661f4c4ea004499e56d/STMAFNet_119.pt saved
2026-01-29 04:14:29,513 - easytorch-training - INFO - The estimated training finish time is 2026-01-29 14:46:52
2026-01-29 04:14:29,513 - easytorch-training - INFO - Epoch 120 / 300
2026-01-29 04:16:30,673 - easytorch-training - INFO - Result <train>: [train_time: 121.16 (s), lr: 6.25e-05, train_MAE: 15.9949, train_RMSE: 26.3434, train_MAPE: 12.0945]
2026-01-29 04:16:30,675 - easytorch-training - INFO - Start validation.
2026-01-29 04:16:45,542 - easytorch-training - INFO - Result <val>: [val_time: 14.87 (s), val_MAE: 18.0121, val_RMSE: 28.7384, val_MAPE: 11.9372]
2026-01-29 04:17:00,118 - easytorch-training - INFO - Evaluate best model on test data for horizon 1, Test MAE: 16.4687, Test RMSE: 26.9958, Test MAPE: 11.0241
2026-01-29 04:17:00,125 - easytorch-training - INFO - Evaluate best model on test data for horizon 2, Test MAE: 17.0497, Test RMSE: 28.2080, Test MAPE: 11.4940
2026-01-29 04:17:00,132 - easytorch-training - INFO - Evaluate best model on test data for horizon 3, Test MAE: 17.5299, Test RMSE: 29.1291, Test MAPE: 11.7181
2026-01-29 04:17:00,140 - easytorch-training - INFO - Evaluate best model on test data for horizon 4, Test MAE: 17.9068, Test RMSE: 29.8120, Test MAPE: 11.8551
2026-01-29 04:17:00,147 - easytorch-training - INFO - Evaluate best model on test data for horizon 5, Test MAE: 18.1970, Test RMSE: 30.3960, Test MAPE: 12.0399
2026-01-29 04:17:00,155 - easytorch-training - INFO - Evaluate best model on test data for horizon 6, Test MAE: 18.4336, Test RMSE: 30.8297, Test MAPE: 12.1318
2026-01-29 04:17:00,162 - easytorch-training - INFO - Evaluate best model on test data for horizon 7, Test MAE: 18.6875, Test RMSE: 31.2456, Test MAPE: 12.2671
2026-01-29 04:17:00,170 - easytorch-training - INFO - Evaluate best model on test data for horizon 8, Test MAE: 18.8762, Test RMSE: 31.5861, Test MAPE: 12.3787
2026-01-29 04:17:00,177 - easytorch-training - INFO - Evaluate best model on test data for horizon 9, Test MAE: 19.0566, Test RMSE: 31.9221, Test MAPE: 12.4496
2026-01-29 04:17:00,185 - easytorch-training - INFO - Evaluate best model on test data for horizon 10, Test MAE: 19.2102, Test RMSE: 32.1611, Test MAPE: 12.6788
2026-01-29 04:17:00,192 - easytorch-training - INFO - Evaluate best model on test data for horizon 11, Test MAE: 19.3863, Test RMSE: 32.3848, Test MAPE: 12.8164
2026-01-29 04:17:00,199 - easytorch-training - INFO - Evaluate best model on test data for horizon 12, Test MAE: 19.5298, Test RMSE: 32.5997, Test MAPE: 12.8764
2026-01-29 04:17:00,212 - easytorch-training - INFO - Result <test>: [test_time: 14.67 (s), test_MAE: 18.3611, test_RMSE: 30.6526, test_MAPE: 12.1442]
2026-01-29 04:17:00,576 - easytorch-training - INFO - Checkpoint checkpoints/STMAFNet_300/976492592f92c661f4c4ea004499e56d/STMAFNet_120.pt saved
2026-01-29 04:17:00,606 - easytorch-training - INFO - The estimated training finish time is 2026-01-29 14:44:26
2026-01-29 04:17:00,606 - easytorch-training - INFO - Epoch 121 / 300
2026-01-29 04:19:01,759 - easytorch-training - INFO - Result <train>: [train_time: 121.15 (s), lr: 6.25e-05, train_MAE: 15.9858, train_RMSE: 26.3271, train_MAPE: 12.0823]
2026-01-29 04:19:01,762 - easytorch-training - INFO - Start validation.
2026-01-29 04:19:16,670 - easytorch-training - INFO - Result <val>: [val_time: 14.91 (s), val_MAE: 17.9502, val_RMSE: 28.5986, val_MAPE: 11.9412]
2026-01-29 04:19:31,269 - easytorch-training - INFO - Evaluate best model on test data for horizon 1, Test MAE: 16.4058, Test RMSE: 26.9222, Test MAPE: 10.9825
2026-01-29 04:19:31,277 - easytorch-training - INFO - Evaluate best model on test data for horizon 2, Test MAE: 16.9839, Test RMSE: 28.0556, Test MAPE: 11.4485
2026-01-29 04:19:31,284 - easytorch-training - INFO - Evaluate best model on test data for horizon 3, Test MAE: 17.4300, Test RMSE: 28.9241, Test MAPE: 11.7104
2026-01-29 04:19:31,292 - easytorch-training - INFO - Evaluate best model on test data for horizon 4, Test MAE: 17.7814, Test RMSE: 29.5519, Test MAPE: 11.9179
2026-01-29 04:19:31,299 - easytorch-training - INFO - Evaluate best model on test data for horizon 5, Test MAE: 18.0505, Test RMSE: 30.0656, Test MAPE: 12.0369
2026-01-29 04:19:31,307 - easytorch-training - INFO - Evaluate best model on test data for horizon 6, Test MAE: 18.2751, Test RMSE: 30.4647, Test MAPE: 12.0897
2026-01-29 04:19:31,314 - easytorch-training - INFO - Evaluate best model on test data for horizon 7, Test MAE: 18.5043, Test RMSE: 30.8596, Test MAPE: 12.1786
2026-01-29 04:19:31,322 - easytorch-training - INFO - Evaluate best model on test data for horizon 8, Test MAE: 18.7072, Test RMSE: 31.1844, Test MAPE: 12.2609
2026-01-29 04:19:31,329 - easytorch-training - INFO - Evaluate best model on test data for horizon 9, Test MAE: 18.8686, Test RMSE: 31.4614, Test MAPE: 12.4450
2026-01-29 04:19:31,337 - easytorch-training - INFO - Evaluate best model on test data for horizon 10, Test MAE: 19.0372, Test RMSE: 31.7290, Test MAPE: 12.5555
2026-01-29 04:19:31,344 - easytorch-training - INFO - Evaluate best model on test data for horizon 11, Test MAE: 19.1994, Test RMSE: 31.9654, Test MAPE: 12.7968
2026-01-29 04:19:31,347 - easytorch-training - INFO - Evaluate best model on test data for horizon 12, Test MAE: 19.3461, Test RMSE: 32.1598, Test MAPE: 12.9068
2026-01-29 04:19:31,356 - easytorch-training - INFO - Result <test>: [test_time: 14.68 (s), test_MAE: 18.2158, test_RMSE: 30.3195, test_MAPE: 12.1108]
2026-01-29 04:19:31,721 - easytorch-training - INFO - Checkpoint checkpoints/STMAFNet_300/976492592f92c661f4c4ea004499e56d/STMAFNet_121.pt saved
2026-01-29 04:19:31,722 - easytorch-training - INFO - The estimated training finish time is 2026-01-29 14:42:02
2026-01-29 04:19:31,722 - easytorch-training - INFO - Epoch 122 / 300
2026-01-29 04:21:32,867 - easytorch-training - INFO - Result <train>: [train_time: 121.14 (s), lr: 6.25e-05, train_MAE: 15.9796, train_RMSE: 26.3143, train_MAPE: 12.0746]
2026-01-29 04:21:32,869 - easytorch-training - INFO - Start validation.
2026-01-29 04:21:47,759 - easytorch-training - INFO - Result <val>: [val_time: 14.89 (s), val_MAE: 17.9494, val_RMSE: 28.6088, val_MAPE: 11.9996]
2026-01-29 04:22:02,333 - easytorch-training - INFO - Evaluate best model on test data for horizon 1, Test MAE: 16.4069, Test RMSE: 26.9164, Test MAPE: 10.9714
2026-01-29 04:22:02,340 - easytorch-training - INFO - Evaluate best model on test data for horizon 2, Test MAE: 16.9869, Test RMSE: 28.0566, Test MAPE: 11.5031
2026-01-29 04:22:02,348 - easytorch-training - INFO - Evaluate best model on test data for horizon 3, Test MAE: 17.4362, Test RMSE: 28.9243, Test MAPE: 11.6328
2026-01-29 04:22:02,355 - easytorch-training - INFO - Evaluate best model on test data for horizon 4, Test MAE: 17.7959, Test RMSE: 29.5859, Test MAPE: 11.9902
2026-01-29 04:22:02,362 - easytorch-training - INFO - Evaluate best model on test data for horizon 5, Test MAE: 18.1012, Test RMSE: 30.1609, Test MAPE: 12.1053
2026-01-29 04:22:02,370 - easytorch-training - INFO - Evaluate best model on test data for horizon 6, Test MAE: 18.3377, Test RMSE: 30.5894, Test MAPE: 12.1614
2026-01-29 04:22:02,377 - easytorch-training - INFO - Evaluate best model on test data for horizon 7, Test MAE: 18.5481, Test RMSE: 30.9673, Test MAPE: 12.3658
2026-01-29 04:22:02,385 - easytorch-training - INFO - Evaluate best model on test data for horizon 8, Test MAE: 18.7518, Test RMSE: 31.2960, Test MAPE: 12.4223
2026-01-29 04:22:02,392 - easytorch-training - INFO - Evaluate best model on test data for horizon 9, Test MAE: 18.9293, Test RMSE: 31.5936, Test MAPE: 12.5586
2026-01-29 04:22:02,400 - easytorch-training - INFO - Evaluate best model on test data for horizon 10, Test MAE: 19.0910, Test RMSE: 31.8544, Test MAPE: 12.6741
2026-01-29 04:22:02,407 - easytorch-training - INFO - Evaluate best model on test data for horizon 11, Test MAE: 19.2419, Test RMSE: 32.0706, Test MAPE: 12.8610
2026-01-29 04:22:02,415 - easytorch-training - INFO - Evaluate best model on test data for horizon 12, Test MAE: 19.3920, Test RMSE: 32.2691, Test MAPE: 12.9928
2026-01-29 04:22:02,427 - easytorch-training - INFO - Result <test>: [test_time: 14.67 (s), test_MAE: 18.2516, test_RMSE: 30.4003, test_MAPE: 12.1866]
2026-01-29 04:22:02,789 - easytorch-training - INFO - Checkpoint checkpoints/STMAFNet_300/976492592f92c661f4c4ea004499e56d/STMAFNet_122.pt saved
2026-01-29 04:22:02,790 - easytorch-training - INFO - The estimated training finish time is 2026-01-29 14:39:40
2026-01-29 04:22:02,790 - easytorch-training - INFO - Epoch 123 / 300
2026-01-29 04:24:03,848 - easytorch-training - INFO - Result <train>: [train_time: 121.06 (s), lr: 6.25e-05, train_MAE: 15.9800, train_RMSE: 26.3192, train_MAPE: 12.0604]
2026-01-29 04:24:03,850 - easytorch-training - INFO - Start validation.
2026-01-29 04:24:18,722 - easytorch-training - INFO - Result <val>: [val_time: 14.87 (s), val_MAE: 17.9882, val_RMSE: 28.6105, val_MAPE: 11.8833]
2026-01-29 04:24:33,328 - easytorch-training - INFO - Evaluate best model on test data for horizon 1, Test MAE: 16.4558, Test RMSE: 26.9332, Test MAPE: 10.9666
2026-01-29 04:24:33,335 - easytorch-training - INFO - Evaluate best model on test data for horizon 2, Test MAE: 17.0322, Test RMSE: 28.0810, Test MAPE: 11.4448
2026-01-29 04:24:33,342 - easytorch-training - INFO - Evaluate best model on test data for horizon 3, Test MAE: 17.4891, Test RMSE: 28.9527, Test MAPE: 11.7437
2026-01-29 04:24:33,350 - easytorch-training - INFO - Evaluate best model on test data for horizon 4, Test MAE: 17.8341, Test RMSE: 29.5989, Test MAPE: 11.8891
2026-01-29 04:24:33,357 - easytorch-training - INFO - Evaluate best model on test data for horizon 5, Test MAE: 18.0981, Test RMSE: 30.1247, Test MAPE: 12.0542
2026-01-29 04:24:33,365 - easytorch-training - INFO - Evaluate best model on test data for horizon 6, Test MAE: 18.3458, Test RMSE: 30.5341, Test MAPE: 12.0248
2026-01-29 04:24:33,372 - easytorch-training - INFO - Evaluate best model on test data for horizon 7, Test MAE: 18.5264, Test RMSE: 30.8631, Test MAPE: 12.1646
2026-01-29 04:24:33,380 - easytorch-training - INFO - Evaluate best model on test data for horizon 8, Test MAE: 18.7281, Test RMSE: 31.1771, Test MAPE: 12.2801
2026-01-29 04:24:33,387 - easytorch-training - INFO - Evaluate best model on test data for horizon 9, Test MAE: 18.9045, Test RMSE: 31.4595, Test MAPE: 12.3731
2026-01-29 04:24:33,395 - easytorch-training - INFO - Evaluate best model on test data for horizon 10, Test MAE: 19.0578, Test RMSE: 31.6982, Test MAPE: 12.5078
2026-01-29 04:24:33,402 - easytorch-training - INFO - Evaluate best model on test data for horizon 11, Test MAE: 19.1950, Test RMSE: 31.9010, Test MAPE: 12.6100
2026-01-29 04:24:33,404 - easytorch-training - INFO - Evaluate best model on test data for horizon 12, Test MAE: 19.3977, Test RMSE: 32.1240, Test MAPE: 12.7735
2026-01-29 04:24:33,412 - easytorch-training - INFO - Result <test>: [test_time: 14.69 (s), test_MAE: 18.2554, test_RMSE: 30.3271, test_MAPE: 12.0694]
2026-01-29 04:24:33,775 - easytorch-training - INFO - Checkpoint checkpoints/STMAFNet_300/976492592f92c661f4c4ea004499e56d/STMAFNet_123.pt saved
2026-01-29 04:24:33,776 - easytorch-training - INFO - The estimated training finish time is 2026-01-29 14:37:21
2026-01-29 04:24:33,776 - easytorch-training - INFO - Epoch 124 / 300
2026-01-29 04:26:35,754 - easytorch-training - INFO - Result <train>: [train_time: 121.98 (s), lr: 6.25e-05, train_MAE: 15.9538, train_RMSE: 26.2796, train_MAPE: 12.0675]
2026-01-29 04:26:35,756 - easytorch-training - INFO - Start validation.
2026-01-29 04:26:50,189 - easytorch-training - INFO - Result <val>: [val_time: 14.43 (s), val_MAE: 17.9687, val_RMSE: 28.6456, val_MAPE: 12.0799]
2026-01-29 04:27:04,778 - easytorch-training - INFO - Evaluate best model on test data for horizon 1, Test MAE: 16.4324, Test RMSE: 26.9721, Test MAPE: 11.1258
2026-01-29 04:27:04,782 - easytorch-training - INFO - Evaluate best model on test data for horizon 2, Test MAE: 17.0161, Test RMSE: 28.1396, Test MAPE: 11.6147
2026-01-29 04:27:04,783 - easytorch-training - INFO - Evaluate best model on test data for horizon 3, Test MAE: 17.4491, Test RMSE: 28.9663, Test MAPE: 11.8511
2026-01-29 04:27:04,791 - easytorch-training - INFO - Evaluate best model on test data for horizon 4, Test MAE: 17.8154, Test RMSE: 29.6604, Test MAPE: 11.9770
2026-01-29 04:27:04,798 - easytorch-training - INFO - Evaluate best model on test data for horizon 5, Test MAE: 18.1135, Test RMSE: 30.2056, Test MAPE: 12.1229
2026-01-29 04:27:04,806 - easytorch-training - INFO - Evaluate best model on test data for horizon 6, Test MAE: 18.3405, Test RMSE: 30.5989, Test MAPE: 12.2020
2026-01-29 04:27:04,813 - easytorch-training - INFO - Evaluate best model on test data for horizon 7, Test MAE: 18.5851, Test RMSE: 31.0237, Test MAPE: 12.3536
2026-01-29 04:27:04,821 - easytorch-training - INFO - Evaluate best model on test data for horizon 8, Test MAE: 18.7913, Test RMSE: 31.3828, Test MAPE: 12.4781
2026-01-29 04:27:04,828 - easytorch-training - INFO - Evaluate best model on test data for horizon 9, Test MAE: 18.9787, Test RMSE: 31.6955, Test MAPE: 12.6977
2026-01-29 04:27:04,836 - easytorch-training - INFO - Evaluate best model on test data for horizon 10, Test MAE: 19.1667, Test RMSE: 32.0112, Test MAPE: 12.7615
2026-01-29 04:27:04,843 - easytorch-training - INFO - Evaluate best model on test data for horizon 11, Test MAE: 19.3356, Test RMSE: 32.2476, Test MAPE: 12.9381
2026-01-29 04:27:04,851 - easytorch-training - INFO - Evaluate best model on test data for horizon 12, Test MAE: 19.4901, Test RMSE: 32.4657, Test MAPE: 12.9803
2026-01-29 04:27:04,864 - easytorch-training - INFO - Result <test>: [test_time: 14.67 (s), test_MAE: 18.2929, test_RMSE: 30.4924, test_MAPE: 12.2586]
2026-01-29 04:27:05,230 - easytorch-training - INFO - Checkpoint checkpoints/STMAFNet_300/976492592f92c661f4c4ea004499e56d/STMAFNet_124.pt saved
2026-01-29 04:27:05,231 - easytorch-training - INFO - The estimated training finish time is 2026-01-29 14:35:05
2026-01-29 04:27:05,231 - easytorch-training - INFO - Epoch 125 / 300
2026-01-29 04:29:07,743 - easytorch-training - INFO - Result <train>: [train_time: 122.51 (s), lr: 6.25e-05, train_MAE: 15.9657, train_RMSE: 26.2965, train_MAPE: 12.0480]
2026-01-29 04:29:07,744 - easytorch-training - INFO - Start validation.
2026-01-29 04:29:22,360 - easytorch-training - INFO - Result <val>: [val_time: 14.62 (s), val_MAE: 17.9718, val_RMSE: 28.6639, val_MAPE: 12.1265]
2026-01-29 04:29:36,090 - easytorch-training - INFO - Evaluate best model on test data for horizon 1, Test MAE: 16.4437, Test RMSE: 26.9884, Test MAPE: 11.0825
2026-01-29 04:29:36,097 - easytorch-training - INFO - Evaluate best model on test data for horizon 2, Test MAE: 17.0151, Test RMSE: 28.1497, Test MAPE: 11.4775
2026-01-29 04:29:36,105 - easytorch-training - INFO - Evaluate best model on test data for horizon 3, Test MAE: 17.4705, Test RMSE: 28.9894, Test MAPE: 11.8305
2026-01-29 04:29:36,112 - easytorch-training - INFO - Evaluate best model on test data for horizon 4, Test MAE: 17.8350, Test RMSE: 29.6572, Test MAPE: 12.1063
2026-01-29 04:29:36,116 - easytorch-training - INFO - Evaluate best model on test data for horizon 5, Test MAE: 18.1293, Test RMSE: 30.1909, Test MAPE: 12.2209
2026-01-29 04:29:36,117 - easytorch-training - INFO - Evaluate best model on test data for horizon 6, Test MAE: 18.3494, Test RMSE: 30.6027, Test MAPE: 12.3263
2026-01-29 04:29:36,123 - easytorch-training - INFO - Evaluate best model on test data for horizon 7, Test MAE: 18.5777, Test RMSE: 30.9707, Test MAPE: 12.5550
2026-01-29 04:29:36,130 - easytorch-training - INFO - Evaluate best model on test data for horizon 8, Test MAE: 18.7524, Test RMSE: 31.2768, Test MAPE: 12.5989
2026-01-29 04:29:36,138 - easytorch-training - INFO - Evaluate best model on test data for horizon 9, Test MAE: 18.9252, Test RMSE: 31.5821, Test MAPE: 12.7430
2026-01-29 04:29:36,145 - easytorch-training - INFO - Evaluate best model on test data for horizon 10, Test MAE: 19.0720, Test RMSE: 31.8072, Test MAPE: 12.8812
2026-01-29 04:29:36,152 - easytorch-training - INFO - Evaluate best model on test data for horizon 11, Test MAE: 19.2224, Test RMSE: 32.0381, Test MAPE: 13.0190
2026-01-29 04:29:36,160 - easytorch-training - INFO - Evaluate best model on test data for horizon 12, Test MAE: 19.3667, Test RMSE: 32.2423, Test MAPE: 13.0570
2026-01-29 04:29:36,173 - easytorch-training - INFO - Result <test>: [test_time: 13.81 (s), test_MAE: 18.2633, test_RMSE: 30.4156, test_MAPE: 12.3249]
2026-01-29 04:29:36,536 - easytorch-training - INFO - Checkpoint checkpoints/STMAFNet_300/976492592f92c661f4c4ea004499e56d/STMAFNet_125.pt saved
2026-01-29 04:29:36,536 - easytorch-training - INFO - The estimated training finish time is 2026-01-29 14:32:50
2026-01-29 04:29:36,537 - easytorch-training - INFO - Epoch 126 / 300
2026-01-29 04:31:39,374 - easytorch-training - INFO - Result <train>: [train_time: 122.84 (s), lr: 6.25e-05, train_MAE: 15.9328, train_RMSE: 26.2484, train_MAPE: 12.0597]
2026-01-29 04:31:39,375 - easytorch-training - INFO - Start validation.
2026-01-29 04:31:54,003 - easytorch-training - INFO - Result <val>: [val_time: 14.63 (s), val_MAE: 17.9584, val_RMSE: 28.6142, val_MAPE: 11.8767]
2026-01-29 04:32:07,892 - easytorch-training - INFO - Evaluate best model on test data for horizon 1, Test MAE: 16.4355, Test RMSE: 26.9423, Test MAPE: 10.9314
2026-01-29 04:32:07,900 - easytorch-training - INFO - Evaluate best model on test data for horizon 2, Test MAE: 17.0008, Test RMSE: 28.0671, Test MAPE: 11.4847
2026-01-29 04:32:07,907 - easytorch-training - INFO - Evaluate best model on test data for horizon 3, Test MAE: 17.4396, Test RMSE: 28.9066, Test MAPE: 11.6410
2026-01-29 04:32:07,915 - easytorch-training - INFO - Evaluate best model on test data for horizon 4, Test MAE: 17.7878, Test RMSE: 29.5639, Test MAPE: 11.8183
2026-01-29 04:32:07,922 - easytorch-training - INFO - Evaluate best model on test data for horizon 5, Test MAE: 18.0641, Test RMSE: 30.0922, Test MAPE: 11.9750
2026-01-29 04:32:07,924 - easytorch-training - INFO - Evaluate best model on test data for horizon 6, Test MAE: 18.3021, Test RMSE: 30.5211, Test MAPE: 12.1004
2026-01-29 04:32:07,926 - easytorch-training - INFO - Evaluate best model on test data for horizon 7, Test MAE: 18.5160, Test RMSE: 30.8843, Test MAPE: 12.1872
2026-01-29 04:32:07,933 - easytorch-training - INFO - Evaluate best model on test data for horizon 8, Test MAE: 18.7202, Test RMSE: 31.1983, Test MAPE: 12.2812
2026-01-29 04:32:07,941 - easytorch-training - INFO - Evaluate best model on test data for horizon 9, Test MAE: 18.8820, Test RMSE: 31.4732, Test MAPE: 12.3965
2026-01-29 04:32:07,948 - easytorch-training - INFO - Evaluate best model on test data for horizon 10, Test MAE: 19.0237, Test RMSE: 31.7176, Test MAPE: 12.5020
2026-01-29 04:32:07,956 - easytorch-training - INFO - Evaluate best model on test data for horizon 11, Test MAE: 19.1810, Test RMSE: 31.9515, Test MAPE: 12.6458
2026-01-29 04:32:07,963 - easytorch-training - INFO - Evaluate best model on test data for horizon 12, Test MAE: 19.3248, Test RMSE: 32.1720, Test MAPE: 12.8163
2026-01-29 04:32:07,976 - easytorch-training - INFO - Result <test>: [test_time: 13.97 (s), test_MAE: 18.2232, test_RMSE: 30.3316, test_MAPE: 12.0650]
2026-01-29 04:32:08,340 - easytorch-training - INFO - Checkpoint checkpoints/STMAFNet_300/976492592f92c661f4c4ea004499e56d/STMAFNet_126.pt saved
2026-01-29 04:32:08,341 - easytorch-training - INFO - The estimated training finish time is 2026-01-29 14:30:39
2026-01-29 04:32:08,341 - easytorch-training - INFO - Epoch 127 / 300
2026-01-29 04:34:10,431 - easytorch-training - INFO - Result <train>: [train_time: 122.09 (s), lr: 6.25e-05, train_MAE: 15.9411, train_RMSE: 26.2526, train_MAPE: 12.0407]
2026-01-29 04:34:10,433 - easytorch-training - INFO - Start validation.
2026-01-29 04:34:25,324 - easytorch-training - INFO - Result <val>: [val_time: 14.89 (s), val_MAE: 17.9970, val_RMSE: 28.6520, val_MAPE: 12.2097]
2026-01-29 04:34:39,680 - easytorch-training - INFO - Evaluate best model on test data for horizon 1, Test MAE: 16.4623, Test RMSE: 26.9799, Test MAPE: 11.3376
2026-01-29 04:34:39,688 - easytorch-training - INFO - Evaluate best model on test data for horizon 2, Test MAE: 17.0509, Test RMSE: 28.1336, Test MAPE: 11.8276
2026-01-29 04:34:39,695 - easytorch-training - INFO - Evaluate best model on test data for horizon 3, Test MAE: 17.4943, Test RMSE: 28.9964, Test MAPE: 11.8810
2026-01-29 04:34:39,703 - easytorch-training - INFO - Evaluate best model on test data for horizon 4, Test MAE: 17.8367, Test RMSE: 29.6458, Test MAPE: 12.0490
2026-01-29 04:34:39,710 - easytorch-training - INFO - Evaluate best model on test data for horizon 5, Test MAE: 18.1296, Test RMSE: 30.1919, Test MAPE: 12.2610
2026-01-29 04:34:39,718 - easytorch-training - INFO - Evaluate best model on test data for horizon 6, Test MAE: 18.3845, Test RMSE: 30.6022, Test MAPE: 12.4971
2026-01-29 04:34:39,725 - easytorch-training - INFO - Evaluate best model on test data for horizon 7, Test MAE: 18.5816, Test RMSE: 30.9628, Test MAPE: 12.4957
2026-01-29 04:34:39,733 - easytorch-training - INFO - Evaluate best model on test data for horizon 8, Test MAE: 18.7795, Test RMSE: 31.2966, Test MAPE: 12.6039
2026-01-29 04:34:39,740 - easytorch-training - INFO - Evaluate best model on test data for horizon 9, Test MAE: 18.9495, Test RMSE: 31.5915, Test MAPE: 12.7109
2026-01-29 04:34:39,748 - easytorch-training - INFO - Evaluate best model on test data for horizon 10, Test MAE: 19.1085, Test RMSE: 31.8367, Test MAPE: 12.8058
2026-01-29 04:34:39,755 - easytorch-training - INFO - Evaluate best model on test data for horizon 11, Test MAE: 19.2726, Test RMSE: 32.0878, Test MAPE: 13.0441
2026-01-29 04:34:39,756 - easytorch-training - INFO - Evaluate best model on test data for horizon 12, Test MAE: 19.4215, Test RMSE: 32.2846, Test MAPE: 13.1728
2026-01-29 04:34:39,763 - easytorch-training - INFO - Result <test>: [test_time: 14.44 (s), test_MAE: 18.2893, test_RMSE: 30.4259, test_MAPE: 12.3906]
2026-01-29 04:34:40,127 - easytorch-training - INFO - Checkpoint checkpoints/STMAFNet_300/976492592f92c661f4c4ea004499e56d/STMAFNet_127.pt saved
2026-01-29 04:34:40,128 - easytorch-training - INFO - The estimated training finish time is 2026-01-29 14:28:30
2026-01-29 04:34:40,128 - easytorch-training - INFO - Epoch 128 / 300
2026-01-29 04:36:41,655 - easytorch-training - INFO - Result <train>: [train_time: 121.53 (s), lr: 6.25e-05, train_MAE: 15.9303, train_RMSE: 26.2452, train_MAPE: 12.0496]
2026-01-29 04:36:41,656 - easytorch-training - INFO - Start validation.
2026-01-29 04:36:56,562 - easytorch-training - INFO - Result <val>: [val_time: 14.91 (s), val_MAE: 17.9731, val_RMSE: 28.6264, val_MAPE: 11.9665]
2026-01-29 04:37:11,147 - easytorch-training - INFO - Evaluate best model on test data for horizon 1, Test MAE: 16.4419, Test RMSE: 26.9778, Test MAPE: 11.1134
2026-01-29 04:37:11,153 - easytorch-training - INFO - Evaluate best model on test data for horizon 2, Test MAE: 17.0266, Test RMSE: 28.1302, Test MAPE: 11.5136
2026-01-29 04:37:11,154 - easytorch-training - INFO - Evaluate best model on test data for horizon 3, Test MAE: 17.4598, Test RMSE: 28.9548, Test MAPE: 11.6942
2026-01-29 04:37:11,160 - easytorch-training - INFO - Evaluate best model on test data for horizon 4, Test MAE: 17.7949, Test RMSE: 29.5755, Test MAPE: 11.8915
2026-01-29 04:37:11,167 - easytorch-training - INFO - Evaluate best model on test data for horizon 5, Test MAE: 18.0810, Test RMSE: 30.0952, Test MAPE: 12.0350
2026-01-29 04:37:11,175 - easytorch-training - INFO - Evaluate best model on test data for horizon 6, Test MAE: 18.2896, Test RMSE: 30.4746, Test MAPE: 12.1195
2026-01-29 04:37:11,182 - easytorch-training - INFO - Evaluate best model on test data for horizon 7, Test MAE: 18.5125, Test RMSE: 30.8284, Test MAPE: 12.2541
2026-01-29 04:37:11,189 - easytorch-training - INFO - Evaluate best model on test data for horizon 8, Test MAE: 18.7101, Test RMSE: 31.1679, Test MAPE: 12.3277
2026-01-29 04:37:11,197 - easytorch-training - INFO - Evaluate best model on test data for horizon 9, Test MAE: 18.8717, Test RMSE: 31.4410, Test MAPE: 12.5053
2026-01-29 04:37:11,204 - easytorch-training - INFO - Evaluate best model on test data for horizon 10, Test MAE: 19.0275, Test RMSE: 31.6835, Test MAPE: 12.6174
2026-01-29 04:37:11,212 - easytorch-training - INFO - Evaluate best model on test data for horizon 11, Test MAE: 19.1811, Test RMSE: 31.9214, Test MAPE: 12.7247
2026-01-29 04:37:11,219 - easytorch-training - INFO - Evaluate best model on test data for horizon 12, Test MAE: 19.3318, Test RMSE: 32.1249, Test MAPE: 12.8379
2026-01-29 04:37:11,232 - easytorch-training - INFO - Result <test>: [test_time: 14.67 (s), test_MAE: 18.2274, test_RMSE: 30.3203, test_MAPE: 12.1362]
2026-01-29 04:37:11,596 - easytorch-training - INFO - Checkpoint checkpoints/STMAFNet_300/976492592f92c661f4c4ea004499e56d/STMAFNet_128.pt saved
2026-01-29 04:37:11,597 - easytorch-training - INFO - The estimated training finish time is 2026-01-29 14:26:23
2026-01-29 04:37:11,597 - easytorch-training - INFO - Epoch 129 / 300
2026-01-29 04:39:12,790 - easytorch-training - INFO - Result <train>: [train_time: 121.19 (s), lr: 6.25e-05, train_MAE: 15.9201, train_RMSE: 26.2258, train_MAPE: 12.0319]
2026-01-29 04:39:12,791 - easytorch-training - INFO - Start validation.
2026-01-29 04:39:27,689 - easytorch-training - INFO - Result <val>: [val_time: 14.90 (s), val_MAE: 17.9438, val_RMSE: 28.5873, val_MAPE: 12.0284]
2026-01-29 04:39:42,276 - easytorch-training - INFO - Evaluate best model on test data for horizon 1, Test MAE: 16.4298, Test RMSE: 26.9353, Test MAPE: 11.0617
2026-01-29 04:39:42,282 - easytorch-training - INFO - Evaluate best model on test data for horizon 2, Test MAE: 16.9949, Test RMSE: 28.0679, Test MAPE: 11.4888
2026-01-29 04:39:42,284 - easytorch-training - INFO - Evaluate best model on test data for horizon 3, Test MAE: 17.4445, Test RMSE: 28.9109, Test MAPE: 11.7612
2026-01-29 04:39:42,289 - easytorch-training - INFO - Evaluate best model on test data for horizon 4, Test MAE: 17.7871, Test RMSE: 29.5451, Test MAPE: 11.9761
2026-01-29 04:39:42,297 - easytorch-training - INFO - Evaluate best model on test data for horizon 5, Test MAE: 18.0802, Test RMSE: 30.0942, Test MAPE: 12.1442
2026-01-29 04:39:42,304 - easytorch-training - INFO - Evaluate best model on test data for horizon 6, Test MAE: 18.3057, Test RMSE: 30.4892, Test MAPE: 12.2548
2026-01-29 04:39:42,312 - easytorch-training - INFO - Evaluate best model on test data for horizon 7, Test MAE: 18.5057, Test RMSE: 30.8371, Test MAPE: 12.3198
2026-01-29 04:39:42,319 - easytorch-training - INFO - Evaluate best model on test data for horizon 8, Test MAE: 18.7030, Test RMSE: 31.1333, Test MAPE: 12.5474
2026-01-29 04:39:42,327 - easytorch-training - INFO - Evaluate best model on test data for horizon 9, Test MAE: 18.8604, Test RMSE: 31.4037, Test MAPE: 12.5193
2026-01-29 04:39:42,334 - easytorch-training - INFO - Evaluate best model on test data for horizon 10, Test MAE: 19.0255, Test RMSE: 31.6710, Test MAPE: 12.6667
2026-01-29 04:39:42,342 - easytorch-training - INFO - Evaluate best model on test data for horizon 11, Test MAE: 19.1753, Test RMSE: 31.8803, Test MAPE: 12.8663
2026-01-29 04:39:42,349 - easytorch-training - INFO - Evaluate best model on test data for horizon 12, Test MAE: 19.3549, Test RMSE: 32.0964, Test MAPE: 13.1692
2026-01-29 04:39:42,362 - easytorch-training - INFO - Result <test>: [test_time: 14.67 (s), test_MAE: 18.2223, test_RMSE: 30.2949, test_MAPE: 12.2313]
2026-01-29 04:39:42,728 - easytorch-training - INFO - Checkpoint checkpoints/STMAFNet_300/976492592f92c661f4c4ea004499e56d/STMAFNet_129.pt saved
2026-01-29 04:39:42,728 - easytorch-training - INFO - The estimated training finish time is 2026-01-29 14:24:16
2026-01-29 04:39:42,728 - easytorch-training - INFO - Epoch 130 / 300
2026-01-29 04:41:43,920 - easytorch-training - INFO - Result <train>: [train_time: 121.19 (s), lr: 6.25e-05, train_MAE: 15.9155, train_RMSE: 26.2177, train_MAPE: 12.0346]
2026-01-29 04:41:43,921 - easytorch-training - INFO - Start validation.
2026-01-29 04:41:58,825 - easytorch-training - INFO - Result <val>: [val_time: 14.90 (s), val_MAE: 17.9825, val_RMSE: 28.6201, val_MAPE: 11.9848]
2026-01-29 04:42:13,444 - easytorch-training - INFO - Evaluate best model on test data for horizon 1, Test MAE: 16.4696, Test RMSE: 26.9765, Test MAPE: 11.1536
2026-01-29 04:42:13,451 - easytorch-training - INFO - Evaluate best model on test data for horizon 2, Test MAE: 17.0413, Test RMSE: 28.1326, Test MAPE: 11.4735
2026-01-29 04:42:13,459 - easytorch-training - INFO - Evaluate best model on test data for horizon 3, Test MAE: 17.4854, Test RMSE: 28.9693, Test MAPE: 11.8092
2026-01-29 04:42:13,466 - easytorch-training - INFO - Evaluate best model on test data for horizon 4, Test MAE: 17.8139, Test RMSE: 29.5967, Test MAPE: 11.8577
2026-01-29 04:42:13,474 - easytorch-training - INFO - Evaluate best model on test data for horizon 5, Test MAE: 18.1155, Test RMSE: 30.1469, Test MAPE: 12.0211
2026-01-29 04:42:13,481 - easytorch-training - INFO - Evaluate best model on test data for horizon 6, Test MAE: 18.3355, Test RMSE: 30.5299, Test MAPE: 12.1670
2026-01-29 04:42:13,489 - easytorch-training - INFO - Evaluate best model on test data for horizon 7, Test MAE: 18.5399, Test RMSE: 30.8785, Test MAPE: 12.2894
2026-01-29 04:42:13,496 - easytorch-training - INFO - Evaluate best model on test data for horizon 8, Test MAE: 18.7214, Test RMSE: 31.1762, Test MAPE: 12.3362
2026-01-29 04:42:13,504 - easytorch-training - INFO - Evaluate best model on test data for horizon 9, Test MAE: 18.9145, Test RMSE: 31.4665, Test MAPE: 12.5141
2026-01-29 04:42:13,511 - easytorch-training - INFO - Evaluate best model on test data for horizon 10, Test MAE: 19.0786, Test RMSE: 31.7091, Test MAPE: 12.6217
2026-01-29 04:42:13,515 - easytorch-training - INFO - Evaluate best model on test data for horizon 11, Test MAE: 19.2177, Test RMSE: 31.9389, Test MAPE: 12.8266
2026-01-29 04:42:13,516 - easytorch-training - INFO - Evaluate best model on test data for horizon 12, Test MAE: 19.3728, Test RMSE: 32.1427, Test MAPE: 12.9230
2026-01-29 04:42:13,525 - easytorch-training - INFO - Result <test>: [test_time: 14.70 (s), test_MAE: 18.2589, test_RMSE: 30.3447, test_MAPE: 12.1661]
2026-01-29 04:42:13,905 - easytorch-training - INFO - Checkpoint checkpoints/STMAFNet_300/976492592f92c661f4c4ea004499e56d/STMAFNet_130.pt saved
2026-01-29 04:42:13,936 - easytorch-training - INFO - The estimated training finish time is 2026-01-29 14:22:12
2026-01-29 04:42:13,936 - easytorch-training - INFO - Epoch 131 / 300
2026-01-29 04:44:15,028 - easytorch-training - INFO - Result <train>: [train_time: 121.09 (s), lr: 6.25e-05, train_MAE: 15.8973, train_RMSE: 26.1775, train_MAPE: 12.0355]
2026-01-29 04:44:15,029 - easytorch-training - INFO - Start validation.
2026-01-29 04:44:29,897 - easytorch-training - INFO - Result <val>: [val_time: 14.87 (s), val_MAE: 17.9647, val_RMSE: 28.6627, val_MAPE: 12.0337]
2026-01-29 04:44:44,461 - easytorch-training - INFO - Evaluate best model on test data for horizon 1, Test MAE: 16.4329, Test RMSE: 26.9594, Test MAPE: 11.0138
2026-01-29 04:44:44,468 - easytorch-training - INFO - Evaluate best model on test data for horizon 2, Test MAE: 17.0198, Test RMSE: 28.1383, Test MAPE: 11.5872
2026-01-29 04:44:44,476 - easytorch-training - INFO - Evaluate best model on test data for horizon 3, Test MAE: 17.4651, Test RMSE: 28.9826, Test MAPE: 11.8174
2026-01-29 04:44:44,483 - easytorch-training - INFO - Evaluate best model on test data for horizon 4, Test MAE: 17.8012, Test RMSE: 29.6257, Test MAPE: 11.9775
2026-01-29 04:44:44,491 - easytorch-training - INFO - Evaluate best model on test data for horizon 5, Test MAE: 18.1010, Test RMSE: 30.1619, Test MAPE: 12.1233
2026-01-29 04:44:44,498 - easytorch-training - INFO - Evaluate best model on test data for horizon 6, Test MAE: 18.3047, Test RMSE: 30.5436, Test MAPE: 12.2086
2026-01-29 04:44:44,506 - easytorch-training - INFO - Evaluate best model on test data for horizon 7, Test MAE: 18.5275, Test RMSE: 30.9076, Test MAPE: 12.2885
2026-01-29 04:44:44,513 - easytorch-training - INFO - Evaluate best model on test data for horizon 8, Test MAE: 18.7214, Test RMSE: 31.2170, Test MAPE: 12.4502
2026-01-29 04:44:44,520 - easytorch-training - INFO - Evaluate best model on test data for horizon 9, Test MAE: 18.8910, Test RMSE: 31.5154, Test MAPE: 12.5049
2026-01-29 04:44:44,528 - easytorch-training - INFO - Evaluate best model on test data for horizon 10, Test MAE: 19.0448, Test RMSE: 31.7515, Test MAPE: 12.8394
2026-01-29 04:44:44,535 - easytorch-training - INFO - Evaluate best model on test data for horizon 11, Test MAE: 19.2165, Test RMSE: 32.0067, Test MAPE: 13.0205
2026-01-29 04:44:44,543 - easytorch-training - INFO - Evaluate best model on test data for horizon 12, Test MAE: 19.3499, Test RMSE: 32.2365, Test MAPE: 13.0139
2026-01-29 04:44:44,556 - easytorch-training - INFO - Result <test>: [test_time: 14.66 (s), test_MAE: 18.2397, test_RMSE: 30.3778, test_MAPE: 12.2371]
2026-01-29 04:44:44,921 - easytorch-training - INFO - Checkpoint checkpoints/STMAFNet_300/976492592f92c661f4c4ea004499e56d/STMAFNet_131.pt saved
2026-01-29 04:44:44,922 - easytorch-training - INFO - The estimated training finish time is 2026-01-29 14:20:09
2026-01-29 04:44:44,922 - easytorch-training - INFO - Epoch 132 / 300
2026-01-29 04:46:46,086 - easytorch-training - INFO - Result <train>: [train_time: 121.16 (s), lr: 6.25e-05, train_MAE: 15.9047, train_RMSE: 26.1978, train_MAPE: 12.0216]
2026-01-29 04:46:46,088 - easytorch-training - INFO - Start validation.
2026-01-29 04:47:00,972 - easytorch-training - INFO - Result <val>: [val_time: 14.88 (s), val_MAE: 17.9934, val_RMSE: 28.6958, val_MAPE: 11.9707]
2026-01-29 04:47:15,552 - easytorch-training - INFO - Evaluate best model on test data for horizon 1, Test MAE: 16.4415, Test RMSE: 26.9817, Test MAPE: 11.0419
2026-01-29 04:47:15,560 - easytorch-training - INFO - Evaluate best model on test data for horizon 2, Test MAE: 17.0189, Test RMSE: 28.1498, Test MAPE: 11.4292
2026-01-29 04:47:15,567 - easytorch-training - INFO - Evaluate best model on test data for horizon 3, Test MAE: 17.4752, Test RMSE: 29.0038, Test MAPE: 11.7343
2026-01-29 04:47:15,575 - easytorch-training - INFO - Evaluate best model on test data for horizon 4, Test MAE: 17.8294, Test RMSE: 29.6609, Test MAPE: 11.8234
2026-01-29 04:47:15,582 - easytorch-training - INFO - Evaluate best model on test data for horizon 5, Test MAE: 18.1115, Test RMSE: 30.1791, Test MAPE: 12.0672
2026-01-29 04:47:15,584 - easytorch-training - INFO - Evaluate best model on test data for horizon 6, Test MAE: 18.3379, Test RMSE: 30.5918, Test MAPE: 12.1305
2026-01-29 04:47:15,585 - easytorch-training - INFO - Evaluate best model on test data for horizon 7, Test MAE: 18.5692, Test RMSE: 30.9744, Test MAPE: 12.2653
2026-01-29 04:47:15,586 - easytorch-training - INFO - Evaluate best model on test data for horizon 8, Test MAE: 18.7479, Test RMSE: 31.2754, Test MAPE: 12.3903
2026-01-29 04:47:15,587 - easytorch-training - INFO - Evaluate best model on test data for horizon 9, Test MAE: 18.9311, Test RMSE: 31.5852, Test MAPE: 12.4881
2026-01-29 04:47:15,589 - easytorch-training - INFO - Evaluate best model on test data for horizon 10, Test MAE: 19.0872, Test RMSE: 31.8355, Test MAPE: 12.6235
2026-01-29 04:47:15,590 - easytorch-training - INFO - Evaluate best model on test data for horizon 11, Test MAE: 19.2444, Test RMSE: 32.0989, Test MAPE: 12.7495
2026-01-29 04:47:15,597 - easytorch-training - INFO - Evaluate best model on test data for horizon 12, Test MAE: 19.4127, Test RMSE: 32.3132, Test MAPE: 12.9789
2026-01-29 04:47:15,610 - easytorch-training - INFO - Result <test>: [test_time: 14.64 (s), test_MAE: 18.2673, test_RMSE: 30.4292, test_MAPE: 12.1435]
2026-01-29 04:47:15,975 - easytorch-training - INFO - Checkpoint checkpoints/STMAFNet_300/976492592f92c661f4c4ea004499e56d/STMAFNet_132.pt saved
2026-01-29 04:47:15,976 - easytorch-training - INFO - The estimated training finish time is 2026-01-29 14:18:08
2026-01-29 04:47:15,976 - easytorch-training - INFO - Epoch 133 / 300
2026-01-29 04:49:17,144 - easytorch-training - INFO - Result <train>: [train_time: 121.17 (s), lr: 6.25e-05, train_MAE: 15.9013, train_RMSE: 26.1888, train_MAPE: 12.0145]
2026-01-29 04:49:17,146 - easytorch-training - INFO - Start validation.
2026-01-29 04:49:32,010 - easytorch-training - INFO - Result <val>: [val_time: 14.86 (s), val_MAE: 17.9682, val_RMSE: 28.6724, val_MAPE: 11.9737]
2026-01-29 04:49:46,583 - easytorch-training - INFO - Evaluate best model on test data for horizon 1, Test MAE: 16.4378, Test RMSE: 27.0078, Test MAPE: 10.9952
2026-01-29 04:49:46,591 - easytorch-training - INFO - Evaluate best model on test data for horizon 2, Test MAE: 17.0193, Test RMSE: 28.1493, Test MAPE: 11.4951
2026-01-29 04:49:46,598 - easytorch-training - INFO - Evaluate best model on test data for horizon 3, Test MAE: 17.4560, Test RMSE: 28.9790, Test MAPE: 11.7189
2026-01-29 04:49:46,606 - easytorch-training - INFO - Evaluate best model on test data for horizon 4, Test MAE: 17.7929, Test RMSE: 29.5896, Test MAPE: 11.9682
2026-01-29 04:49:46,613 - easytorch-training - INFO - Evaluate best model on test data for horizon 5, Test MAE: 18.0759, Test RMSE: 30.1018, Test MAPE: 12.0862
2026-01-29 04:49:46,621 - easytorch-training - INFO - Evaluate best model on test data for horizon 6, Test MAE: 18.2946, Test RMSE: 30.4743, Test MAPE: 12.2223
2026-01-29 04:49:46,628 - easytorch-training - INFO - Evaluate best model on test data for horizon 7, Test MAE: 18.5076, Test RMSE: 30.8626, Test MAPE: 12.2845
2026-01-29 04:49:46,636 - easytorch-training - INFO - Evaluate best model on test data for horizon 8, Test MAE: 18.6993, Test RMSE: 31.1725, Test MAPE: 12.4180
2026-01-29 04:49:46,643 - easytorch-training - INFO - Evaluate best model on test data for horizon 9, Test MAE: 18.8719, Test RMSE: 31.4588, Test MAPE: 12.5285
2026-01-29 04:49:46,650 - easytorch-training - INFO - Evaluate best model on test data for horizon 10, Test MAE: 19.0170, Test RMSE: 31.6715, Test MAPE: 12.5487
2026-01-29 04:49:46,658 - easytorch-training - INFO - Evaluate best model on test data for horizon 11, Test MAE: 19.1723, Test RMSE: 31.9128, Test MAPE: 12.7823
2026-01-29 04:49:46,665 - easytorch-training - INFO - Evaluate best model on test data for horizon 12, Test MAE: 19.3164, Test RMSE: 32.1131, Test MAPE: 12.8100
2026-01-29 04:49:46,678 - easytorch-training - INFO - Result <test>: [test_time: 14.67 (s), test_MAE: 18.2218, test_RMSE: 30.3296, test_MAPE: 12.1548]
2026-01-29 04:49:47,043 - easytorch-training - INFO - Checkpoint checkpoints/STMAFNet_300/976492592f92c661f4c4ea004499e56d/STMAFNet_133.pt saved
2026-01-29 04:49:47,044 - easytorch-training - INFO - The estimated training finish time is 2026-01-29 14:16:09
2026-01-29 04:49:47,044 - easytorch-training - INFO - Epoch 134 / 300
2026-01-29 04:51:49,077 - easytorch-training - INFO - Result <train>: [train_time: 122.03 (s), lr: 6.25e-05, train_MAE: 15.8858, train_RMSE: 26.1656, train_MAPE: 12.0161]
2026-01-29 04:51:49,079 - easytorch-training - INFO - Start validation.
2026-01-29 04:52:03,447 - easytorch-training - INFO - Result <val>: [val_time: 14.37 (s), val_MAE: 17.9844, val_RMSE: 28.7092, val_MAPE: 11.9688]
2026-01-29 04:52:18,031 - easytorch-training - INFO - Evaluate best model on test data for horizon 1, Test MAE: 16.4487, Test RMSE: 26.9955, Test MAPE: 11.0601
2026-01-29 04:52:18,039 - easytorch-training - INFO - Evaluate best model on test data for horizon 2, Test MAE: 17.0361, Test RMSE: 28.1794, Test MAPE: 11.4694
2026-01-29 04:52:18,046 - easytorch-training - INFO - Evaluate best model on test data for horizon 3, Test MAE: 17.5080, Test RMSE: 29.0840, Test MAPE: 11.7618
2026-01-29 04:52:18,054 - easytorch-training - INFO - Evaluate best model on test data for horizon 4, Test MAE: 17.8490, Test RMSE: 29.7024, Test MAPE: 11.9770
2026-01-29 04:52:18,059 - easytorch-training - INFO - Evaluate best model on test data for horizon 5, Test MAE: 18.1342, Test RMSE: 30.2464, Test MAPE: 12.0686
2026-01-29 04:52:18,061 - easytorch-training - INFO - Evaluate best model on test data for horizon 6, Test MAE: 18.3646, Test RMSE: 30.6485, Test MAPE: 12.1844
2026-01-29 04:52:18,066 - easytorch-training - INFO - Evaluate best model on test data for horizon 7, Test MAE: 18.5805, Test RMSE: 31.0161, Test MAPE: 12.2855
2026-01-29 04:52:18,074 - easytorch-training - INFO - Evaluate best model on test data for horizon 8, Test MAE: 18.7741, Test RMSE: 31.3361, Test MAPE: 12.3994
2026-01-29 04:52:18,081 - easytorch-training - INFO - Evaluate best model on test data for horizon 9, Test MAE: 18.9462, Test RMSE: 31.6375, Test MAPE: 12.5442
2026-01-29 04:52:18,089 - easytorch-training - INFO - Evaluate best model on test data for horizon 10, Test MAE: 19.1001, Test RMSE: 31.8709, Test MAPE: 12.7074
2026-01-29 04:52:18,096 - easytorch-training - INFO - Evaluate best model on test data for horizon 11, Test MAE: 19.2518, Test RMSE: 32.0992, Test MAPE: 12.8106
2026-01-29 04:52:18,104 - easytorch-training - INFO - Evaluate best model on test data for horizon 12, Test MAE: 19.4079, Test RMSE: 32.3038, Test MAPE: 12.9784
2026-01-29 04:52:18,116 - easytorch-training - INFO - Result <test>: [test_time: 14.67 (s), test_MAE: 18.2835, test_RMSE: 30.4681, test_MAPE: 12.1872]
2026-01-29 04:52:18,483 - easytorch-training - INFO - Checkpoint checkpoints/STMAFNet_300/976492592f92c661f4c4ea004499e56d/STMAFNet_134.pt saved
2026-01-29 04:52:18,483 - easytorch-training - INFO - The estimated training finish time is 2026-01-29 14:14:12
2026-01-29 04:52:18,484 - easytorch-training - INFO - Epoch 135 / 300
2026-01-29 04:54:21,254 - easytorch-training - INFO - Result <train>: [train_time: 122.77 (s), lr: 6.25e-05, train_MAE: 15.8661, train_RMSE: 26.1342, train_MAPE: 12.0169]
2026-01-29 04:54:21,256 - easytorch-training - INFO - Start validation.
2026-01-29 04:54:35,667 - easytorch-training - INFO - Result <val>: [val_time: 14.41 (s), val_MAE: 17.9855, val_RMSE: 28.6428, val_MAPE: 11.9571]
2026-01-29 04:54:49,931 - easytorch-training - INFO - Evaluate best model on test data for horizon 1, Test MAE: 16.4577, Test RMSE: 26.9869, Test MAPE: 11.0960
2026-01-29 04:54:49,933 - easytorch-training - INFO - Evaluate best model on test data for horizon 2, Test MAE: 17.0300, Test RMSE: 28.1335, Test MAPE: 11.4379
2026-01-29 04:54:49,934 - easytorch-training - INFO - Evaluate best model on test data for horizon 3, Test MAE: 17.4899, Test RMSE: 28.9904, Test MAPE: 11.7151
2026-01-29 04:54:49,935 - easytorch-training - INFO - Evaluate best model on test data for horizon 4, Test MAE: 17.8271, Test RMSE: 29.6090, Test MAPE: 11.9174
2026-01-29 04:54:49,936 - easytorch-training - INFO - Evaluate best model on test data for horizon 5, Test MAE: 18.1163, Test RMSE: 30.1363, Test MAPE: 11.9994
2026-01-29 04:54:49,937 - easytorch-training - INFO - Evaluate best model on test data for horizon 6, Test MAE: 18.3424, Test RMSE: 30.5249, Test MAPE: 12.1157
2026-01-29 04:54:49,938 - easytorch-training - INFO - Evaluate best model on test data for horizon 7, Test MAE: 18.5495, Test RMSE: 30.8909, Test MAPE: 12.2214
2026-01-29 04:54:49,939 - easytorch-training - INFO - Evaluate best model on test data for horizon 8, Test MAE: 18.7461, Test RMSE: 31.2039, Test MAPE: 12.3337
2026-01-29 04:54:49,941 - easytorch-training - INFO - Evaluate best model on test data for horizon 9, Test MAE: 18.8932, Test RMSE: 31.4612, Test MAPE: 12.4787
2026-01-29 04:54:49,942 - easytorch-training - INFO - Evaluate best model on test data for horizon 10, Test MAE: 19.0533, Test RMSE: 31.7092, Test MAPE: 12.6912
2026-01-29 04:54:49,943 - easytorch-training - INFO - Evaluate best model on test data for horizon 11, Test MAE: 19.2042, Test RMSE: 31.9333, Test MAPE: 12.7571
2026-01-29 04:54:49,944 - easytorch-training - INFO - Evaluate best model on test data for horizon 12, Test MAE: 19.3646, Test RMSE: 32.1373, Test MAPE: 12.9045
2026-01-29 04:54:49,950 - easytorch-training - INFO - Result <test>: [test_time: 14.28 (s), test_MAE: 18.2562, test_RMSE: 30.3489, test_MAPE: 12.1390]
2026-01-29 04:54:50,322 - easytorch-training - INFO - Checkpoint checkpoints/STMAFNet_300/976492592f92c661f4c4ea004499e56d/STMAFNet_135.pt saved
2026-01-29 04:54:50,323 - easytorch-training - INFO - The estimated training finish time is 2026-01-29 14:12:18
2026-01-29 04:54:50,323 - easytorch-training - INFO - Epoch 136 / 300
2026-01-29 04:56:53,668 - easytorch-training - INFO - Result <train>: [train_time: 123.34 (s), lr: 6.25e-05, train_MAE: 15.8676, train_RMSE: 26.1315, train_MAPE: 12.0084]
2026-01-29 04:56:53,670 - easytorch-training - INFO - Start validation.
2026-01-29 04:57:08,437 - easytorch-training - INFO - Result <val>: [val_time: 14.77 (s), val_MAE: 17.9939, val_RMSE: 28.6690, val_MAPE: 12.0212]
2026-01-29 04:57:22,415 - easytorch-training - INFO - Evaluate best model on test data for horizon 1, Test MAE: 16.4572, Test RMSE: 27.0046, Test MAPE: 11.1433
2026-01-29 04:57:22,422 - easytorch-training - INFO - Evaluate best model on test data for horizon 2, Test MAE: 17.0312, Test RMSE: 28.1415, Test MAPE: 11.6206
2026-01-29 04:57:22,430 - easytorch-training - INFO - Evaluate best model on test data for horizon 3, Test MAE: 17.4739, Test RMSE: 28.9945, Test MAPE: 11.7908
2026-01-29 04:57:22,437 - easytorch-training - INFO - Evaluate best model on test data for horizon 4, Test MAE: 17.8184, Test RMSE: 29.6184, Test MAPE: 11.9175
2026-01-29 04:57:22,444 - easytorch-training - INFO - Evaluate best model on test data for horizon 5, Test MAE: 18.1244, Test RMSE: 30.1663, Test MAPE: 12.0929
2026-01-29 04:57:22,445 - easytorch-training - INFO - Evaluate best model on test data for horizon 6, Test MAE: 18.3480, Test RMSE: 30.5608, Test MAPE: 12.1412
2026-01-29 04:57:22,447 - easytorch-training - INFO - Evaluate best model on test data for horizon 7, Test MAE: 18.5624, Test RMSE: 30.9223, Test MAPE: 12.2777
2026-01-29 04:57:22,448 - easytorch-training - INFO - Evaluate best model on test data for horizon 8, Test MAE: 18.7617, Test RMSE: 31.2489, Test MAPE: 12.4517
2026-01-29 04:57:22,455 - easytorch-training - INFO - Evaluate best model on test data for horizon 9, Test MAE: 18.9503, Test RMSE: 31.5531, Test MAPE: 12.5708
2026-01-29 04:57:22,463 - easytorch-training - INFO - Evaluate best model on test data for horizon 10, Test MAE: 19.1134, Test RMSE: 31.8112, Test MAPE: 12.6912
2026-01-29 04:57:22,470 - easytorch-training - INFO - Evaluate best model on test data for horizon 11, Test MAE: 19.2675, Test RMSE: 32.0410, Test MAPE: 12.7761
2026-01-29 04:57:22,478 - easytorch-training - INFO - Evaluate best model on test data for horizon 12, Test MAE: 19.4056, Test RMSE: 32.2283, Test MAPE: 12.9300
2026-01-29 04:57:22,491 - easytorch-training - INFO - Result <test>: [test_time: 14.05 (s), test_MAE: 18.2762, test_RMSE: 30.3982, test_MAPE: 12.2003]
2026-01-29 04:57:22,855 - easytorch-training - INFO - Checkpoint checkpoints/STMAFNet_300/976492592f92c661f4c4ea004499e56d/STMAFNet_136.pt saved
2026-01-29 04:57:22,856 - easytorch-training - INFO - The estimated training finish time is 2026-01-29 14:10:27
2026-01-29 04:57:22,856 - easytorch-training - INFO - Epoch 137 / 300
2026-01-29 04:59:25,313 - easytorch-training - INFO - Result <train>: [train_time: 122.46 (s), lr: 6.25e-05, train_MAE: 15.8636, train_RMSE: 26.1277, train_MAPE: 11.9895]
2026-01-29 04:59:25,315 - easytorch-training - INFO - Start validation.
2026-01-29 04:59:40,240 - easytorch-training - INFO - Result <val>: [val_time: 14.92 (s), val_MAE: 17.9794, val_RMSE: 28.7036, val_MAPE: 11.9968]
2026-01-29 04:59:54,843 - easytorch-training - INFO - Evaluate best model on test data for horizon 1, Test MAE: 16.4502, Test RMSE: 27.0265, Test MAPE: 11.0634
2026-01-29 04:59:54,851 - easytorch-training - INFO - Evaluate best model on test data for horizon 2, Test MAE: 17.0503, Test RMSE: 28.2223, Test MAPE: 11.4545
2026-01-29 04:59:54,858 - easytorch-training - INFO - Evaluate best model on test data for horizon 3, Test MAE: 17.4987, Test RMSE: 29.0727, Test MAPE: 11.7394
2026-01-29 04:59:54,865 - easytorch-training - INFO - Evaluate best model on test data for horizon 4, Test MAE: 17.8399, Test RMSE: 29.7100, Test MAPE: 11.9092
2026-01-29 04:59:54,873 - easytorch-training - INFO - Evaluate best model on test data for horizon 5, Test MAE: 18.1145, Test RMSE: 30.2195, Test MAPE: 12.0140
2026-01-29 04:59:54,880 - easytorch-training - INFO - Evaluate best model on test data for horizon 6, Test MAE: 18.3502, Test RMSE: 30.6080, Test MAPE: 12.2447
2026-01-29 04:59:54,888 - easytorch-training - INFO - Evaluate best model on test data for horizon 7, Test MAE: 18.5688, Test RMSE: 30.9786, Test MAPE: 12.3500
2026-01-29 04:59:54,895 - easytorch-training - INFO - Evaluate best model on test data for horizon 8, Test MAE: 18.7632, Test RMSE: 31.3003, Test MAPE: 12.4459
2026-01-29 04:59:54,903 - easytorch-training - INFO - Evaluate best model on test data for horizon 9, Test MAE: 18.9324, Test RMSE: 31.5647, Test MAPE: 12.6253
2026-01-29 04:59:54,910 - easytorch-training - INFO - Evaluate best model on test data for horizon 10, Test MAE: 19.0813, Test RMSE: 31.8055, Test MAPE: 12.7270
2026-01-29 04:59:54,918 - easytorch-training - INFO - Evaluate best model on test data for horizon 11, Test MAE: 19.2438, Test RMSE: 32.0456, Test MAPE: 12.8706
2026-01-29 04:59:54,925 - easytorch-training - INFO - Evaluate best model on test data for horizon 12, Test MAE: 19.3955, Test RMSE: 32.2566, Test MAPE: 12.9995
2026-01-29 04:59:54,938 - easytorch-training - INFO - Result <test>: [test_time: 14.70 (s), test_MAE: 18.2741, test_RMSE: 30.4407, test_MAPE: 12.2036]
2026-01-29 04:59:55,301 - easytorch-training - INFO - Checkpoint checkpoints/STMAFNet_300/976492592f92c661f4c4ea004499e56d/STMAFNet_137.pt saved
2026-01-29 04:59:55,302 - easytorch-training - INFO - The estimated training finish time is 2026-01-29 14:08:38
2026-01-29 04:59:55,302 - easytorch-training - INFO - Epoch 138 / 300
2026-01-29 05:01:57,056 - easytorch-training - INFO - Result <train>: [train_time: 121.75 (s), lr: 6.25e-05, train_MAE: 15.8457, train_RMSE: 26.1021, train_MAPE: 11.9887]
2026-01-29 05:01:57,057 - easytorch-training - INFO - Start validation.
2026-01-29 05:02:11,962 - easytorch-training - INFO - Result <val>: [val_time: 14.90 (s), val_MAE: 18.0335, val_RMSE: 28.6916, val_MAPE: 11.9103]
2026-01-29 05:02:26,585 - easytorch-training - INFO - Evaluate best model on test data for horizon 1, Test MAE: 16.4908, Test RMSE: 27.0283, Test MAPE: 10.9701
2026-01-29 05:02:26,592 - easytorch-training - INFO - Evaluate best model on test data for horizon 2, Test MAE: 17.0785, Test RMSE: 28.1955, Test MAPE: 11.4551
2026-01-29 05:02:26,600 - easytorch-training - INFO - Evaluate best model on test data for horizon 3, Test MAE: 17.5339, Test RMSE: 29.0555, Test MAPE: 11.6388
2026-01-29 05:02:26,607 - easytorch-training - INFO - Evaluate best model on test data for horizon 4, Test MAE: 17.9000, Test RMSE: 29.7015, Test MAPE: 11.8730
2026-01-29 05:02:26,615 - easytorch-training - INFO - Evaluate best model on test data for horizon 5, Test MAE: 18.1970, Test RMSE: 30.2305, Test MAPE: 11.9600
2026-01-29 05:02:26,622 - easytorch-training - INFO - Evaluate best model on test data for horizon 6, Test MAE: 18.4150, Test RMSE: 30.6195, Test MAPE: 12.1108
2026-01-29 05:02:26,630 - easytorch-training - INFO - Evaluate best model on test data for horizon 7, Test MAE: 18.6479, Test RMSE: 31.0040, Test MAPE: 12.2263
2026-01-29 05:02:26,637 - easytorch-training - INFO - Evaluate best model on test data for horizon 8, Test MAE: 18.8375, Test RMSE: 31.3194, Test MAPE: 12.3736
2026-01-29 05:02:26,645 - easytorch-training - INFO - Evaluate best model on test data for horizon 9, Test MAE: 19.0106, Test RMSE: 31.6109, Test MAPE: 12.4823
2026-01-29 05:02:26,652 - easytorch-training - INFO - Evaluate best model on test data for horizon 10, Test MAE: 19.1434, Test RMSE: 31.8266, Test MAPE: 12.6275
2026-01-29 05:02:26,660 - easytorch-training - INFO - Evaluate best model on test data for horizon 11, Test MAE: 19.2989, Test RMSE: 32.0655, Test MAPE: 12.7366
2026-01-29 05:02:26,667 - easytorch-training - INFO - Evaluate best model on test data for horizon 12, Test MAE: 19.4395, Test RMSE: 32.2527, Test MAPE: 12.9820
2026-01-29 05:02:26,680 - easytorch-training - INFO - Result <test>: [test_time: 14.72 (s), test_MAE: 18.3328, test_RMSE: 30.4496, test_MAPE: 12.1197]
2026-01-29 05:02:27,046 - easytorch-training - INFO - Checkpoint checkpoints/STMAFNet_300/976492592f92c661f4c4ea004499e56d/STMAFNet_138.pt saved
2026-01-29 05:02:27,047 - easytorch-training - INFO - The estimated training finish time is 2026-01-29 14:06:49
2026-01-29 05:02:27,047 - easytorch-training - INFO - Epoch 139 / 300
2026-01-29 05:04:28,587 - easytorch-training - INFO - Result <train>: [train_time: 121.54 (s), lr: 6.25e-05, train_MAE: 15.8485, train_RMSE: 26.1048, train_MAPE: 11.9796]
2026-01-29 05:04:28,588 - easytorch-training - INFO - Start validation.
2026-01-29 05:04:43,527 - easytorch-training - INFO - Result <val>: [val_time: 14.94 (s), val_MAE: 17.9776, val_RMSE: 28.6969, val_MAPE: 11.7941]
2026-01-29 05:04:58,128 - easytorch-training - INFO - Evaluate best model on test data for horizon 1, Test MAE: 16.4768, Test RMSE: 27.0215, Test MAPE: 10.9351
2026-01-29 05:04:58,135 - easytorch-training - INFO - Evaluate best model on test data for horizon 2, Test MAE: 17.0386, Test RMSE: 28.1797, Test MAPE: 11.2962
2026-01-29 05:04:58,143 - easytorch-training - INFO - Evaluate best model on test data for horizon 3, Test MAE: 17.5026, Test RMSE: 29.0695, Test MAPE: 11.5774
2026-01-29 05:04:58,150 - easytorch-training - INFO - Evaluate best model on test data for horizon 4, Test MAE: 17.8489, Test RMSE: 29.7225, Test MAPE: 11.8231
2026-01-29 05:04:58,158 - easytorch-training - INFO - Evaluate best model on test data for horizon 5, Test MAE: 18.1424, Test RMSE: 30.2834, Test MAPE: 11.8910
2026-01-29 05:04:58,165 - easytorch-training - INFO - Evaluate best model on test data for horizon 6, Test MAE: 18.3715, Test RMSE: 30.6900, Test MAPE: 11.9829
2026-01-29 05:04:58,172 - easytorch-training - INFO - Evaluate best model on test data for horizon 7, Test MAE: 18.5864, Test RMSE: 31.0501, Test MAPE: 12.1214
2026-01-29 05:04:58,180 - easytorch-training - INFO - Evaluate best model on test data for horizon 8, Test MAE: 18.7685, Test RMSE: 31.3592, Test MAPE: 12.2293
2026-01-29 05:04:58,187 - easytorch-training - INFO - Evaluate best model on test data for horizon 9, Test MAE: 18.9277, Test RMSE: 31.6557, Test MAPE: 12.3691
2026-01-29 05:04:58,195 - easytorch-training - INFO - Evaluate best model on test data for horizon 10, Test MAE: 19.0840, Test RMSE: 31.9015, Test MAPE: 12.4707
2026-01-29 05:04:58,202 - easytorch-training - INFO - Evaluate best model on test data for horizon 11, Test MAE: 19.2279, Test RMSE: 32.1143, Test MAPE: 12.6358
2026-01-29 05:04:58,210 - easytorch-training - INFO - Evaluate best model on test data for horizon 12, Test MAE: 19.3843, Test RMSE: 32.3204, Test MAPE: 12.7745
2026-01-29 05:04:58,223 - easytorch-training - INFO - Result <test>: [test_time: 14.69 (s), test_MAE: 18.2800, test_RMSE: 30.4890, test_MAPE: 12.0089]
2026-01-29 05:04:58,590 - easytorch-training - INFO - Checkpoint checkpoints/STMAFNet_300/976492592f92c661f4c4ea004499e56d/STMAFNet_139.pt saved
2026-01-29 05:04:58,591 - easytorch-training - INFO - The estimated training finish time is 2026-01-29 14:05:01
2026-01-29 05:04:58,591 - easytorch-training - INFO - Epoch 140 / 300
2026-01-29 05:07:00,162 - easytorch-training - INFO - Result <train>: [train_time: 121.57 (s), lr: 6.25e-05, train_MAE: 15.8315, train_RMSE: 26.0801, train_MAPE: 11.9821]
2026-01-29 05:07:00,163 - easytorch-training - INFO - Start validation.
2026-01-29 05:07:15,065 - easytorch-training - INFO - Result <val>: [val_time: 14.90 (s), val_MAE: 17.9533, val_RMSE: 28.6257, val_MAPE: 12.1948]
2026-01-29 05:07:29,673 - easytorch-training - INFO - Evaluate best model on test data for horizon 1, Test MAE: 16.4551, Test RMSE: 27.0127, Test MAPE: 11.3133
2026-01-29 05:07:29,681 - easytorch-training - INFO - Evaluate best model on test data for horizon 2, Test MAE: 17.0257, Test RMSE: 28.1635, Test MAPE: 11.6516
2026-01-29 05:07:29,685 - easytorch-training - INFO - Evaluate best model on test data for horizon 3, Test MAE: 17.4753, Test RMSE: 29.0028, Test MAPE: 12.0409
2026-01-29 05:07:29,687 - easytorch-training - INFO - Evaluate best model on test data for horizon 4, Test MAE: 17.8280, Test RMSE: 29.6476, Test MAPE: 12.2738
2026-01-29 05:07:29,694 - easytorch-training - INFO - Evaluate best model on test data for horizon 5, Test MAE: 18.1021, Test RMSE: 30.1810, Test MAPE: 12.2551
2026-01-29 05:07:29,702 - easytorch-training - INFO - Evaluate best model on test data for horizon 6, Test MAE: 18.3356, Test RMSE: 30.6149, Test MAPE: 12.3306
2026-01-29 05:07:29,709 - easytorch-training - INFO - Evaluate best model on test data for horizon 7, Test MAE: 18.5524, Test RMSE: 30.9694, Test MAPE: 12.4523
2026-01-29 05:07:29,717 - easytorch-training - INFO - Evaluate best model on test data for horizon 8, Test MAE: 18.7540, Test RMSE: 31.2951, Test MAPE: 12.6605
2026-01-29 05:07:29,724 - easytorch-training - INFO - Evaluate best model on test data for horizon 9, Test MAE: 18.9295, Test RMSE: 31.5975, Test MAPE: 12.7724
2026-01-29 05:07:29,732 - easytorch-training - INFO - Evaluate best model on test data for horizon 10, Test MAE: 19.0907, Test RMSE: 31.8645, Test MAPE: 12.9056
2026-01-29 05:07:29,739 - easytorch-training - INFO - Evaluate best model on test data for horizon 11, Test MAE: 19.2455, Test RMSE: 32.1424, Test MAPE: 12.8806
2026-01-29 05:07:29,747 - easytorch-training - INFO - Evaluate best model on test data for horizon 12, Test MAE: 19.4101, Test RMSE: 32.3486, Test MAPE: 13.1203
2026-01-29 05:07:29,760 - easytorch-training - INFO - Result <test>: [test_time: 14.69 (s), test_MAE: 18.2670, test_RMSE: 30.4453, test_MAPE: 12.3881]
2026-01-29 05:07:30,206 - easytorch-training - INFO - Checkpoint checkpoints/STMAFNet_300/976492592f92c661f4c4ea004499e56d/STMAFNet_140.pt saved
2026-01-29 05:07:30,238 - easytorch-training - INFO - The estimated training finish time is 2026-01-29 14:03:15
2026-01-29 05:07:30,238 - easytorch-training - INFO - Epoch 141 / 300
2026-01-29 05:09:31,856 - easytorch-training - INFO - Result <train>: [train_time: 121.62 (s), lr: 6.25e-05, train_MAE: 15.8311, train_RMSE: 26.0691, train_MAPE: 11.9808]
2026-01-29 05:09:31,857 - easytorch-training - INFO - Start validation.
2026-01-29 05:09:46,786 - easytorch-training - INFO - Result <val>: [val_time: 14.93 (s), val_MAE: 17.9739, val_RMSE: 28.6528, val_MAPE: 12.0116]
2026-01-29 05:10:01,383 - easytorch-training - INFO - Evaluate best model on test data for horizon 1, Test MAE: 16.4534, Test RMSE: 26.9891, Test MAPE: 11.2057
2026-01-29 05:10:01,390 - easytorch-training - INFO - Evaluate best model on test data for horizon 2, Test MAE: 17.0090, Test RMSE: 28.1303, Test MAPE: 11.5875
2026-01-29 05:10:01,398 - easytorch-training - INFO - Evaluate best model on test data for horizon 3, Test MAE: 17.4588, Test RMSE: 28.9768, Test MAPE: 11.8365
2026-01-29 05:10:01,405 - easytorch-training - INFO - Evaluate best model on test data for horizon 4, Test MAE: 17.8061, Test RMSE: 29.6012, Test MAPE: 11.9961
2026-01-29 05:10:01,413 - easytorch-training - INFO - Evaluate best model on test data for horizon 5, Test MAE: 18.1012, Test RMSE: 30.1359, Test MAPE: 12.1371
2026-01-29 05:10:01,415 - easytorch-training - INFO - Evaluate best model on test data for horizon 6, Test MAE: 18.3092, Test RMSE: 30.5232, Test MAPE: 12.1955
2026-01-29 05:10:01,417 - easytorch-training - INFO - Evaluate best model on test data for horizon 7, Test MAE: 18.5261, Test RMSE: 30.9059, Test MAPE: 12.2232
2026-01-29 05:10:01,424 - easytorch-training - INFO - Evaluate best model on test data for horizon 8, Test MAE: 18.7213, Test RMSE: 31.2409, Test MAPE: 12.3123
2026-01-29 05:10:01,431 - easytorch-training - INFO - Evaluate best model on test data for horizon 9, Test MAE: 18.8992, Test RMSE: 31.5338, Test MAPE: 12.4862
2026-01-29 05:10:01,439 - easytorch-training - INFO - Evaluate best model on test data for horizon 10, Test MAE: 19.0631, Test RMSE: 31.8203, Test MAPE: 12.5625
2026-01-29 05:10:01,446 - easytorch-training - INFO - Evaluate best model on test data for horizon 11, Test MAE: 19.2100, Test RMSE: 32.0466, Test MAPE: 12.7277
2026-01-29 05:10:01,454 - easytorch-training - INFO - Evaluate best model on test data for horizon 12, Test MAE: 19.3565, Test RMSE: 32.2492, Test MAPE: 12.9453
2026-01-29 05:10:01,467 - easytorch-training - INFO - Result <test>: [test_time: 14.68 (s), test_MAE: 18.2428, test_RMSE: 30.3872, test_MAPE: 12.1847]
2026-01-29 05:10:01,850 - easytorch-training - INFO - Checkpoint checkpoints/STMAFNet_300/976492592f92c661f4c4ea004499e56d/STMAFNet_141.pt saved
2026-01-29 05:10:01,850 - easytorch-training - INFO - The estimated training finish time is 2026-01-29 14:01:30
2026-01-29 05:10:01,850 - easytorch-training - INFO - Epoch 142 / 300
2026-01-29 05:12:03,437 - easytorch-training - INFO - Result <train>: [train_time: 121.59 (s), lr: 6.25e-05, train_MAE: 15.8156, train_RMSE: 26.0538, train_MAPE: 11.9859]
2026-01-29 05:12:03,438 - easytorch-training - INFO - Start validation.
2026-01-29 05:12:18,373 - easytorch-training - INFO - Result <val>: [val_time: 14.94 (s), val_MAE: 18.0155, val_RMSE: 28.7552, val_MAPE: 11.9063]
2026-01-29 05:12:32,972 - easytorch-training - INFO - Evaluate best model on test data for horizon 1, Test MAE: 16.4757, Test RMSE: 27.0608, Test MAPE: 11.0529
2026-01-29 05:12:32,979 - easytorch-training - INFO - Evaluate best model on test data for horizon 2, Test MAE: 17.0575, Test RMSE: 28.2351, Test MAPE: 11.4445
2026-01-29 05:12:32,987 - easytorch-training - INFO - Evaluate best model on test data for horizon 3, Test MAE: 17.5151, Test RMSE: 29.0962, Test MAPE: 11.7095
2026-01-29 05:12:32,994 - easytorch-training - INFO - Evaluate best model on test data for horizon 4, Test MAE: 17.8609, Test RMSE: 29.7383, Test MAPE: 11.9286
2026-01-29 05:12:33,002 - easytorch-training - INFO - Evaluate best model on test data for horizon 5, Test MAE: 18.1453, Test RMSE: 30.2957, Test MAPE: 11.9067
2026-01-29 05:12:33,007 - easytorch-training - INFO - Evaluate best model on test data for horizon 6, Test MAE: 18.3660, Test RMSE: 30.6613, Test MAPE: 12.0750
2026-01-29 05:12:33,009 - easytorch-training - INFO - Evaluate best model on test data for horizon 7, Test MAE: 18.5987, Test RMSE: 31.0631, Test MAPE: 12.1703
2026-01-29 05:12:33,010 - easytorch-training - INFO - Evaluate best model on test data for horizon 8, Test MAE: 18.7994, Test RMSE: 31.4166, Test MAPE: 12.3363
2026-01-29 05:12:33,011 - easytorch-training - INFO - Evaluate best model on test data for horizon 9, Test MAE: 18.9799, Test RMSE: 31.7304, Test MAPE: 12.4115
2026-01-29 05:12:33,012 - easytorch-training - INFO - Evaluate best model on test data for horizon 10, Test MAE: 19.1265, Test RMSE: 31.9695, Test MAPE: 12.6488
2026-01-29 05:12:33,014 - easytorch-training - INFO - Evaluate best model on test data for horizon 11, Test MAE: 19.2796, Test RMSE: 32.1996, Test MAPE: 12.7148
2026-01-29 05:12:33,019 - easytorch-training - INFO - Evaluate best model on test data for horizon 12, Test MAE: 19.4304, Test RMSE: 32.3953, Test MAPE: 12.8201
2026-01-29 05:12:33,032 - easytorch-training - INFO - Result <test>: [test_time: 14.66 (s), test_MAE: 18.3029, test_RMSE: 30.5307, test_MAPE: 12.1016]
2026-01-29 05:12:33,396 - easytorch-training - INFO - Checkpoint checkpoints/STMAFNet_300/976492592f92c661f4c4ea004499e56d/STMAFNet_142.pt saved
2026-01-29 05:12:33,397 - easytorch-training - INFO - The estimated training finish time is 2026-01-29 13:59:46
2026-01-29 05:12:33,397 - easytorch-training - INFO - Epoch 143 / 300
2026-01-29 05:14:34,946 - easytorch-training - INFO - Result <train>: [train_time: 121.55 (s), lr: 6.25e-05, train_MAE: 15.8308, train_RMSE: 26.0701, train_MAPE: 11.9717]
2026-01-29 05:14:34,947 - easytorch-training - INFO - Start validation.
2026-01-29 05:14:49,884 - easytorch-training - INFO - Result <val>: [val_time: 14.94 (s), val_MAE: 17.9843, val_RMSE: 28.6391, val_MAPE: 11.8577]
2026-01-29 05:15:04,507 - easytorch-training - INFO - Evaluate best model on test data for horizon 1, Test MAE: 16.4523, Test RMSE: 27.0019, Test MAPE: 10.8847
2026-01-29 05:15:04,514 - easytorch-training - INFO - Evaluate best model on test data for horizon 2, Test MAE: 17.0301, Test RMSE: 28.1454, Test MAPE: 11.3035
2026-01-29 05:15:04,522 - easytorch-training - INFO - Evaluate best model on test data for horizon 3, Test MAE: 17.4820, Test RMSE: 28.9903, Test MAPE: 11.5787
2026-01-29 05:15:04,529 - easytorch-training - INFO - Evaluate best model on test data for horizon 4, Test MAE: 17.8320, Test RMSE: 29.6319, Test MAPE: 11.7398
2026-01-29 05:15:04,536 - easytorch-training - INFO - Evaluate best model on test data for horizon 5, Test MAE: 18.1031, Test RMSE: 30.1397, Test MAPE: 11.8723
2026-01-29 05:15:04,544 - easytorch-training - INFO - Evaluate best model on test data for horizon 6, Test MAE: 18.3314, Test RMSE: 30.5320, Test MAPE: 12.0428
2026-01-29 05:15:04,551 - easytorch-training - INFO - Evaluate best model on test data for horizon 7, Test MAE: 18.5696, Test RMSE: 30.9239, Test MAPE: 12.2267
2026-01-29 05:15:04,559 - easytorch-training - INFO - Evaluate best model on test data for horizon 8, Test MAE: 18.7589, Test RMSE: 31.2248, Test MAPE: 12.3250
2026-01-29 05:15:04,566 - easytorch-training - INFO - Evaluate best model on test data for horizon 9, Test MAE: 18.9002, Test RMSE: 31.4758, Test MAPE: 12.4681
2026-01-29 05:15:04,574 - easytorch-training - INFO - Evaluate best model on test data for horizon 10, Test MAE: 19.0710, Test RMSE: 31.7393, Test MAPE: 12.5940
2026-01-29 05:15:04,581 - easytorch-training - INFO - Evaluate best model on test data for horizon 11, Test MAE: 19.2153, Test RMSE: 31.9912, Test MAPE: 12.7337
2026-01-29 05:15:04,589 - easytorch-training - INFO - Evaluate best model on test data for horizon 12, Test MAE: 19.3586, Test RMSE: 32.1785, Test MAPE: 12.8384
2026-01-29 05:15:04,602 - easytorch-training - INFO - Result <test>: [test_time: 14.72 (s), test_MAE: 18.2587, test_RMSE: 30.3709, test_MAPE: 12.0507]
2026-01-29 05:15:04,985 - easytorch-training - INFO - Checkpoint checkpoints/STMAFNet_300/976492592f92c661f4c4ea004499e56d/STMAFNet_143.pt saved
2026-01-29 05:15:04,986 - easytorch-training - INFO - The estimated training finish time is 2026-01-29 13:58:04
2026-01-29 05:15:04,986 - easytorch-training - INFO - Epoch 144 / 300
2026-01-29 05:17:07,526 - easytorch-training - INFO - Result <train>: [train_time: 122.54 (s), lr: 6.25e-05, train_MAE: 15.8150, train_RMSE: 26.0423, train_MAPE: 11.9597]
2026-01-29 05:17:07,527 - easytorch-training - INFO - Start validation.
2026-01-29 05:17:22,273 - easytorch-training - INFO - Result <val>: [val_time: 14.75 (s), val_MAE: 17.9777, val_RMSE: 28.6772, val_MAPE: 11.9914]
2026-01-29 05:17:36,703 - easytorch-training - INFO - Evaluate best model on test data for horizon 1, Test MAE: 16.4323, Test RMSE: 26.9867, Test MAPE: 10.9939
2026-01-29 05:17:36,710 - easytorch-training - INFO - Evaluate best model on test data for horizon 2, Test MAE: 17.0080, Test RMSE: 28.1407, Test MAPE: 11.4229
2026-01-29 05:17:36,717 - easytorch-training - INFO - Evaluate best model on test data for horizon 3, Test MAE: 17.4658, Test RMSE: 28.9995, Test MAPE: 11.7385
2026-01-29 05:17:36,725 - easytorch-training - INFO - Evaluate best model on test data for horizon 4, Test MAE: 17.8189, Test RMSE: 29.6465, Test MAPE: 11.9284
2026-01-29 05:17:36,732 - easytorch-training - INFO - Evaluate best model on test data for horizon 5, Test MAE: 18.1056, Test RMSE: 30.1698, Test MAPE: 11.9873
2026-01-29 05:17:36,737 - easytorch-training - INFO - Evaluate best model on test data for horizon 6, Test MAE: 18.3268, Test RMSE: 30.5645, Test MAPE: 12.1666
2026-01-29 05:17:36,738 - easytorch-training - INFO - Evaluate best model on test data for horizon 7, Test MAE: 18.5413, Test RMSE: 30.9194, Test MAPE: 12.3064
2026-01-29 05:17:36,746 - easytorch-training - INFO - Evaluate best model on test data for horizon 8, Test MAE: 18.7433, Test RMSE: 31.2233, Test MAPE: 12.5497
2026-01-29 05:17:36,753 - easytorch-training - INFO - Evaluate best model on test data for horizon 9, Test MAE: 18.9090, Test RMSE: 31.4847, Test MAPE: 12.7004
2026-01-29 05:17:36,761 - easytorch-training - INFO - Evaluate best model on test data for horizon 10, Test MAE: 19.0512, Test RMSE: 31.7514, Test MAPE: 12.6466
2026-01-29 05:17:36,768 - easytorch-training - INFO - Evaluate best model on test data for horizon 11, Test MAE: 19.1927, Test RMSE: 31.9555, Test MAPE: 12.8040
2026-01-29 05:17:36,776 - easytorch-training - INFO - Evaluate best model on test data for horizon 12, Test MAE: 19.3380, Test RMSE: 32.1510, Test MAPE: 12.9435
2026-01-29 05:17:36,788 - easytorch-training - INFO - Result <test>: [test_time: 14.51 (s), test_MAE: 18.2444, test_RMSE: 30.3722, test_MAPE: 12.1823]
2026-01-29 05:17:37,153 - easytorch-training - INFO - Checkpoint checkpoints/STMAFNet_300/976492592f92c661f4c4ea004499e56d/STMAFNet_144.pt saved
2026-01-29 05:17:37,154 - easytorch-training - INFO - The estimated training finish time is 2026-01-29 13:56:25
2026-01-29 05:17:37,154 - easytorch-training - INFO - Epoch 145 / 300
2026-01-29 05:19:40,361 - easytorch-training - INFO - Result <train>: [train_time: 123.21 (s), lr: 6.25e-05, train_MAE: 15.7997, train_RMSE: 26.0258, train_MAPE: 11.9611]
2026-01-29 05:19:40,362 - easytorch-training - INFO - Start validation.
2026-01-29 05:19:54,733 - easytorch-training - INFO - Result <val>: [val_time: 14.37 (s), val_MAE: 18.0410, val_RMSE: 28.7926, val_MAPE: 12.0471]
2026-01-29 05:20:09,090 - easytorch-training - INFO - Evaluate best model on test data for horizon 1, Test MAE: 16.4805, Test RMSE: 27.0659, Test MAPE: 11.1002
2026-01-29 05:20:09,099 - easytorch-training - INFO - Evaluate best model on test data for horizon 2, Test MAE: 17.0650, Test RMSE: 28.2441, Test MAPE: 11.4724
2026-01-29 05:20:09,107 - easytorch-training - INFO - Evaluate best model on test data for horizon 3, Test MAE: 17.5409, Test RMSE: 29.1185, Test MAPE: 11.9034
2026-01-29 05:20:09,114 - easytorch-training - INFO - Evaluate best model on test data for horizon 4, Test MAE: 17.8886, Test RMSE: 29.7718, Test MAPE: 11.9733
2026-01-29 05:20:09,122 - easytorch-training - INFO - Evaluate best model on test data for horizon 5, Test MAE: 18.2061, Test RMSE: 30.3483, Test MAPE: 12.1410
2026-01-29 05:20:09,129 - easytorch-training - INFO - Evaluate best model on test data for horizon 6, Test MAE: 18.4340, Test RMSE: 30.7715, Test MAPE: 12.2064
2026-01-29 05:20:09,137 - easytorch-training - INFO - Evaluate best model on test data for horizon 7, Test MAE: 18.6644, Test RMSE: 31.1520, Test MAPE: 12.4163
2026-01-29 05:20:09,144 - easytorch-training - INFO - Evaluate best model on test data for horizon 8, Test MAE: 18.8638, Test RMSE: 31.4794, Test MAPE: 12.4618
2026-01-29 05:20:09,152 - easytorch-training - INFO - Evaluate best model on test data for horizon 9, Test MAE: 19.0313, Test RMSE: 31.7840, Test MAPE: 12.6365
2026-01-29 05:20:09,159 - easytorch-training - INFO - Evaluate best model on test data for horizon 10, Test MAE: 19.2047, Test RMSE: 32.0642, Test MAPE: 12.7388
2026-01-29 05:20:09,167 - easytorch-training - INFO - Evaluate best model on test data for horizon 11, Test MAE: 19.3646, Test RMSE: 32.3099, Test MAPE: 12.9397
2026-01-29 05:20:09,174 - easytorch-training - INFO - Evaluate best model on test data for horizon 12, Test MAE: 19.5019, Test RMSE: 32.5194, Test MAPE: 12.9910
2026-01-29 05:20:09,180 - easytorch-training - INFO - Result <test>: [test_time: 14.44 (s), test_MAE: 18.3538, test_RMSE: 30.5964, test_MAPE: 12.2484]
2026-01-29 05:20:09,547 - easytorch-training - INFO - Checkpoint checkpoints/STMAFNet_300/976492592f92c661f4c4ea004499e56d/STMAFNet_145.pt saved
2026-01-29 05:20:09,548 - easytorch-training - INFO - The estimated training finish time is 2026-01-29 13:54:47
2026-01-29 05:20:09,548 - easytorch-training - INFO - Epoch 146 / 300
2026-01-29 05:22:12,091 - easytorch-training - INFO - Result <train>: [train_time: 122.54 (s), lr: 6.25e-05, train_MAE: 15.7973, train_RMSE: 26.0233, train_MAPE: 11.9443]
2026-01-29 05:22:12,092 - easytorch-training - INFO - Start validation.
2026-01-29 05:22:27,012 - easytorch-training - INFO - Result <val>: [val_time: 14.92 (s), val_MAE: 18.0251, val_RMSE: 28.7129, val_MAPE: 11.7687]
2026-01-29 05:22:40,910 - easytorch-training - INFO - Evaluate best model on test data for horizon 1, Test MAE: 16.4780, Test RMSE: 27.0355, Test MAPE: 10.9144
2026-01-29 05:22:40,917 - easytorch-training - INFO - Evaluate best model on test data for horizon 2, Test MAE: 17.0710, Test RMSE: 28.2238, Test MAPE: 11.2931
2026-01-29 05:22:40,925 - easytorch-training - INFO - Evaluate best model on test data for horizon 3, Test MAE: 17.5313, Test RMSE: 29.0875, Test MAPE: 11.5323
2026-01-29 05:22:40,932 - easytorch-training - INFO - Evaluate best model on test data for horizon 4, Test MAE: 17.8742, Test RMSE: 29.7224, Test MAPE: 11.7004
2026-01-29 05:22:40,940 - easytorch-training - INFO - Evaluate best model on test data for horizon 5, Test MAE: 18.1770, Test RMSE: 30.2529, Test MAPE: 11.8391
2026-01-29 05:22:40,947 - easytorch-training - INFO - Evaluate best model on test data for horizon 6, Test MAE: 18.4023, Test RMSE: 30.6287, Test MAPE: 11.9467
2026-01-29 05:22:40,955 - easytorch-training - INFO - Evaluate best model on test data for horizon 7, Test MAE: 18.6048, Test RMSE: 30.9933, Test MAPE: 12.0718
2026-01-29 05:22:40,962 - easytorch-training - INFO - Evaluate best model on test data for horizon 8, Test MAE: 18.8037, Test RMSE: 31.3266, Test MAPE: 12.1747
2026-01-29 05:22:40,970 - easytorch-training - INFO - Evaluate best model on test data for horizon 9, Test MAE: 18.9521, Test RMSE: 31.5893, Test MAPE: 12.3108
2026-01-29 05:22:40,972 - easytorch-training - INFO - Evaluate best model on test data for horizon 10, Test MAE: 19.1511, Test RMSE: 31.8661, Test MAPE: 12.4279
2026-01-29 05:22:40,974 - easytorch-training - INFO - Evaluate best model on test data for horizon 11, Test MAE: 19.3000, Test RMSE: 32.1020, Test MAPE: 12.5663
2026-01-29 05:22:40,975 - easytorch-training - INFO - Evaluate best model on test data for horizon 12, Test MAE: 19.4322, Test RMSE: 32.2970, Test MAPE: 12.7036
2026-01-29 05:22:40,988 - easytorch-training - INFO - Result <test>: [test_time: 13.98 (s), test_MAE: 18.3148, test_RMSE: 30.4676, test_MAPE: 11.9568]
2026-01-29 05:22:41,351 - easytorch-training - INFO - Checkpoint checkpoints/STMAFNet_300/976492592f92c661f4c4ea004499e56d/STMAFNet_146.pt saved
2026-01-29 05:22:41,352 - easytorch-training - INFO - The estimated training finish time is 2026-01-29 13:53:10
2026-01-29 05:22:41,352 - easytorch-training - INFO - Epoch 147 / 300
2026-01-29 05:24:43,641 - easytorch-training - INFO - Result <train>: [train_time: 122.29 (s), lr: 6.25e-05, train_MAE: 15.7863, train_RMSE: 26.0043, train_MAPE: 11.9487]
2026-01-29 05:24:43,642 - easytorch-training - INFO - Start validation.
2026-01-29 05:24:58,558 - easytorch-training - INFO - Result <val>: [val_time: 14.92 (s), val_MAE: 18.0393, val_RMSE: 28.7564, val_MAPE: 12.0182]
2026-01-29 05:25:13,165 - easytorch-training - INFO - Evaluate best model on test data for horizon 1, Test MAE: 16.4940, Test RMSE: 27.0541, Test MAPE: 11.0851
2026-01-29 05:25:13,172 - easytorch-training - INFO - Evaluate best model on test data for horizon 2, Test MAE: 17.0839, Test RMSE: 28.2227, Test MAPE: 11.6005
2026-01-29 05:25:13,180 - easytorch-training - INFO - Evaluate best model on test data for horizon 3, Test MAE: 17.5388, Test RMSE: 29.0917, Test MAPE: 11.8563
2026-01-29 05:25:13,187 - easytorch-training - INFO - Evaluate best model on test data for horizon 4, Test MAE: 17.9015, Test RMSE: 29.7618, Test MAPE: 11.9684
2026-01-29 05:25:13,195 - easytorch-training - INFO - Evaluate best model on test data for horizon 5, Test MAE: 18.1706, Test RMSE: 30.3062, Test MAPE: 12.1230
2026-01-29 05:25:13,199 - easytorch-training - INFO - Evaluate best model on test data for horizon 6, Test MAE: 18.3846, Test RMSE: 30.6900, Test MAPE: 12.1291
2026-01-29 05:25:13,200 - easytorch-training - INFO - Evaluate best model on test data for horizon 7, Test MAE: 18.6161, Test RMSE: 31.0977, Test MAPE: 12.3574
2026-01-29 05:25:13,208 - easytorch-training - INFO - Evaluate best model on test data for horizon 8, Test MAE: 18.8329, Test RMSE: 31.4268, Test MAPE: 12.4286
2026-01-29 05:25:13,215 - easytorch-training - INFO - Evaluate best model on test data for horizon 9, Test MAE: 18.9921, Test RMSE: 31.7017, Test MAPE: 12.5687
2026-01-29 05:25:13,223 - easytorch-training - INFO - Evaluate best model on test data for horizon 10, Test MAE: 19.1456, Test RMSE: 31.9409, Test MAPE: 12.6444
2026-01-29 05:25:13,230 - easytorch-training - INFO - Evaluate best model on test data for horizon 11, Test MAE: 19.2807, Test RMSE: 32.1537, Test MAPE: 12.7447
2026-01-29 05:25:13,238 - easytorch-training - INFO - Evaluate best model on test data for horizon 12, Test MAE: 19.4370, Test RMSE: 32.3481, Test MAPE: 12.8937
2026-01-29 05:25:13,251 - easytorch-training - INFO - Result <test>: [test_time: 14.69 (s), test_MAE: 18.3232, test_RMSE: 30.5247, test_MAPE: 12.2000]
2026-01-29 05:25:13,624 - easytorch-training - INFO - Checkpoint checkpoints/STMAFNet_300/976492592f92c661f4c4ea004499e56d/STMAFNet_147.pt saved
2026-01-29 05:25:13,625 - easytorch-training - INFO - The estimated training finish time is 2026-01-29 13:51:35
2026-01-29 05:25:13,625 - easytorch-training - INFO - Epoch 148 / 300
2026-01-29 05:27:15,262 - easytorch-training - INFO - Result <train>: [train_time: 121.64 (s), lr: 6.25e-05, train_MAE: 15.7751, train_RMSE: 25.9885, train_MAPE: 11.9469]
2026-01-29 05:27:15,263 - easytorch-training - INFO - Start validation.
2026-01-29 05:27:30,197 - easytorch-training - INFO - Result <val>: [val_time: 14.93 (s), val_MAE: 18.0152, val_RMSE: 28.7669, val_MAPE: 11.8453]
2026-01-29 05:27:44,805 - easytorch-training - INFO - Evaluate best model on test data for horizon 1, Test MAE: 16.4610, Test RMSE: 27.0682, Test MAPE: 10.9303
2026-01-29 05:27:44,812 - easytorch-training - INFO - Evaluate best model on test data for horizon 2, Test MAE: 17.0468, Test RMSE: 28.2381, Test MAPE: 11.3604
2026-01-29 05:27:44,819 - easytorch-training - INFO - Evaluate best model on test data for horizon 3, Test MAE: 17.5171, Test RMSE: 29.1140, Test MAPE: 11.5904
2026-01-29 05:27:44,827 - easytorch-training - INFO - Evaluate best model on test data for horizon 4, Test MAE: 17.8694, Test RMSE: 29.7738, Test MAPE: 11.7924
2026-01-29 05:27:44,834 - easytorch-training - INFO - Evaluate best model on test data for horizon 5, Test MAE: 18.1663, Test RMSE: 30.3280, Test MAPE: 11.9772
2026-01-29 05:27:44,842 - easytorch-training - INFO - Evaluate best model on test data for horizon 6, Test MAE: 18.4010, Test RMSE: 30.7533, Test MAPE: 12.0552
2026-01-29 05:27:44,843 - easytorch-training - INFO - Evaluate best model on test data for horizon 7, Test MAE: 18.6222, Test RMSE: 31.1256, Test MAPE: 12.1757
2026-01-29 05:27:44,845 - easytorch-training - INFO - Evaluate best model on test data for horizon 8, Test MAE: 18.8275, Test RMSE: 31.4537, Test MAPE: 12.2694
2026-01-29 05:27:44,846 - easytorch-training - INFO - Evaluate best model on test data for horizon 9, Test MAE: 18.9748, Test RMSE: 31.7030, Test MAPE: 12.3918
2026-01-29 05:27:44,847 - easytorch-training - INFO - Evaluate best model on test data for horizon 10, Test MAE: 19.1291, Test RMSE: 31.9583, Test MAPE: 12.5372
2026-01-29 05:27:44,848 - easytorch-training - INFO - Evaluate best model on test data for horizon 11, Test MAE: 19.2751, Test RMSE: 32.1881, Test MAPE: 12.6965
2026-01-29 05:27:44,850 - easytorch-training - INFO - Evaluate best model on test data for horizon 12, Test MAE: 19.4254, Test RMSE: 32.3943, Test MAPE: 12.8353
2026-01-29 05:27:44,860 - easytorch-training - INFO - Result <test>: [test_time: 14.66 (s), test_MAE: 18.3097, test_RMSE: 30.5502, test_MAPE: 12.0510]
2026-01-29 05:27:45,224 - easytorch-training - INFO - Checkpoint checkpoints/STMAFNet_300/976492592f92c661f4c4ea004499e56d/STMAFNet_148.pt saved
2026-01-29 05:27:45,225 - easytorch-training - INFO - The estimated training finish time is 2026-01-29 13:49:59
2026-01-29 05:27:45,225 - easytorch-training - INFO - Epoch 149 / 300
2026-01-29 05:29:46,793 - easytorch-training - INFO - Result <train>: [train_time: 121.57 (s), lr: 6.25e-05, train_MAE: 15.7654, train_RMSE: 25.9736, train_MAPE: 11.9432]
2026-01-29 05:29:46,795 - easytorch-training - INFO - Start validation.
2026-01-29 05:30:01,737 - easytorch-training - INFO - Result <val>: [val_time: 14.94 (s), val_MAE: 18.0223, val_RMSE: 28.7679, val_MAPE: 11.9873]
2026-01-29 05:30:16,344 - easytorch-training - INFO - Evaluate best model on test data for horizon 1, Test MAE: 16.4889, Test RMSE: 27.1034, Test MAPE: 11.0700
2026-01-29 05:30:16,352 - easytorch-training - INFO - Evaluate best model on test data for horizon 2, Test MAE: 17.0890, Test RMSE: 28.3043, Test MAPE: 11.4698
2026-01-29 05:30:16,359 - easytorch-training - INFO - Evaluate best model on test data for horizon 3, Test MAE: 17.5596, Test RMSE: 29.1924, Test MAPE: 11.7531
2026-01-29 05:30:16,367 - easytorch-training - INFO - Evaluate best model on test data for horizon 4, Test MAE: 17.9015, Test RMSE: 29.7981, Test MAPE: 12.0268
2026-01-29 05:30:16,374 - easytorch-training - INFO - Evaluate best model on test data for horizon 5, Test MAE: 18.1800, Test RMSE: 30.3464, Test MAPE: 12.1154
2026-01-29 05:30:16,379 - easytorch-training - INFO - Evaluate best model on test data for horizon 6, Test MAE: 18.4075, Test RMSE: 30.7432, Test MAPE: 12.1419
2026-01-29 05:30:16,381 - easytorch-training - INFO - Evaluate best model on test data for horizon 7, Test MAE: 18.6386, Test RMSE: 31.1400, Test MAPE: 12.2832
2026-01-29 05:30:16,382 - easytorch-training - INFO - Evaluate best model on test data for horizon 8, Test MAE: 18.8315, Test RMSE: 31.4618, Test MAPE: 12.3908
2026-01-29 05:30:16,383 - easytorch-training - INFO - Evaluate best model on test data for horizon 9, Test MAE: 19.0100, Test RMSE: 31.7732, Test MAPE: 12.4789
2026-01-29 05:30:16,384 - easytorch-training - INFO - Evaluate best model on test data for horizon 10, Test MAE: 19.1652, Test RMSE: 32.0173, Test MAPE: 12.6874
2026-01-29 05:30:16,385 - easytorch-training - INFO - Evaluate best model on test data for horizon 11, Test MAE: 19.3271, Test RMSE: 32.2580, Test MAPE: 12.8124
2026-01-29 05:30:16,389 - easytorch-training - INFO - Evaluate best model on test data for horizon 12, Test MAE: 19.4765, Test RMSE: 32.4527, Test MAPE: 13.0311
2026-01-29 05:30:16,402 - easytorch-training - INFO - Result <test>: [test_time: 14.66 (s), test_MAE: 18.3396, test_RMSE: 30.5912, test_MAPE: 12.1884]
2026-01-29 05:30:16,862 - easytorch-training - INFO - Checkpoint checkpoints/STMAFNet_300/976492592f92c661f4c4ea004499e56d/STMAFNet_149.pt saved
2026-01-29 05:30:16,863 - easytorch-training - INFO - The estimated training finish time is 2026-01-29 13:48:26
2026-01-29 05:30:16,863 - easytorch-training - INFO - Epoch 150 / 300
2026-01-29 05:32:18,479 - easytorch-training - INFO - Result <train>: [train_time: 121.62 (s), lr: 6.25e-05, train_MAE: 15.7617, train_RMSE: 25.9608, train_MAPE: 11.9338]
2026-01-29 05:32:18,481 - easytorch-training - INFO - Start validation.
2026-01-29 05:32:33,397 - easytorch-training - INFO - Result <val>: [val_time: 14.92 (s), val_MAE: 18.0228, val_RMSE: 28.7184, val_MAPE: 11.9717]
2026-01-29 05:32:48,008 - easytorch-training - INFO - Evaluate best model on test data for horizon 1, Test MAE: 16.4751, Test RMSE: 27.0653, Test MAPE: 11.0474
2026-01-29 05:32:48,015 - easytorch-training - INFO - Evaluate best model on test data for horizon 2, Test MAE: 17.0545, Test RMSE: 28.2140, Test MAPE: 11.4923
2026-01-29 05:32:48,023 - easytorch-training - INFO - Evaluate best model on test data for horizon 3, Test MAE: 17.5123, Test RMSE: 29.0654, Test MAPE: 11.7623
2026-01-29 05:32:48,030 - easytorch-training - INFO - Evaluate best model on test data for horizon 4, Test MAE: 17.8642, Test RMSE: 29.6832, Test MAPE: 11.9722
2026-01-29 05:32:48,038 - easytorch-training - INFO - Evaluate best model on test data for horizon 5, Test MAE: 18.1462, Test RMSE: 30.1923, Test MAPE: 12.0601
2026-01-29 05:32:48,045 - easytorch-training - INFO - Evaluate best model on test data for horizon 6, Test MAE: 18.3778, Test RMSE: 30.6165, Test MAPE: 12.0537
2026-01-29 05:32:48,052 - easytorch-training - INFO - Evaluate best model on test data for horizon 7, Test MAE: 18.6030, Test RMSE: 30.9700, Test MAPE: 12.2731
2026-01-29 05:32:48,060 - easytorch-training - INFO - Evaluate best model on test data for horizon 8, Test MAE: 18.7867, Test RMSE: 31.2941, Test MAPE: 12.3887
2026-01-29 05:32:48,067 - easytorch-training - INFO - Evaluate best model on test data for horizon 9, Test MAE: 18.9785, Test RMSE: 31.5994, Test MAPE: 12.4581
2026-01-29 05:32:48,075 - easytorch-training - INFO - Evaluate best model on test data for horizon 10, Test MAE: 19.1395, Test RMSE: 31.8488, Test MAPE: 12.6728
2026-01-29 05:32:48,082 - easytorch-training - INFO - Evaluate best model on test data for horizon 11, Test MAE: 19.3094, Test RMSE: 32.1125, Test MAPE: 12.7617
2026-01-29 05:32:48,090 - easytorch-training - INFO - Evaluate best model on test data for horizon 12, Test MAE: 19.4407, Test RMSE: 32.2968, Test MAPE: 12.9154
2026-01-29 05:32:48,103 - easytorch-training - INFO - Result <test>: [test_time: 14.70 (s), test_MAE: 18.3073, test_RMSE: 30.4536, test_MAPE: 12.1548]
2026-01-29 05:32:48,468 - easytorch-training - INFO - Checkpoint checkpoints/STMAFNet_300/976492592f92c661f4c4ea004499e56d/STMAFNet_150.pt saved
2026-01-29 05:32:48,498 - easytorch-training - INFO - The estimated training finish time is 2026-01-29 13:46:53
2026-01-29 05:32:48,498 - easytorch-training - INFO - Epoch 151 / 300
2026-01-29 05:34:50,118 - easytorch-training - INFO - Result <train>: [train_time: 121.62 (s), lr: 6.25e-05, train_MAE: 15.7488, train_RMSE: 25.9456, train_MAPE: 11.9380]
2026-01-29 05:34:50,119 - easytorch-training - INFO - Start validation.
2026-01-29 05:35:05,057 - easytorch-training - INFO - Result <val>: [val_time: 14.94 (s), val_MAE: 17.9943, val_RMSE: 28.6549, val_MAPE: 11.9736]
2026-01-29 05:35:19,661 - easytorch-training - INFO - Evaluate best model on test data for horizon 1, Test MAE: 16.4827, Test RMSE: 27.0455, Test MAPE: 11.1464
2026-01-29 05:35:19,668 - easytorch-training - INFO - Evaluate best model on test data for horizon 2, Test MAE: 17.0723, Test RMSE: 28.2035, Test MAPE: 11.6339
2026-01-29 05:35:19,676 - easytorch-training - INFO - Evaluate best model on test data for horizon 3, Test MAE: 17.5170, Test RMSE: 29.0579, Test MAPE: 11.7499
2026-01-29 05:35:19,683 - easytorch-training - INFO - Evaluate best model on test data for horizon 4, Test MAE: 17.8630, Test RMSE: 29.6797, Test MAPE: 11.9994
2026-01-29 05:35:19,689 - easytorch-training - INFO - Evaluate best model on test data for horizon 5, Test MAE: 18.1630, Test RMSE: 30.2204, Test MAPE: 12.1425
2026-01-29 05:35:19,691 - easytorch-training - INFO - Evaluate best model on test data for horizon 6, Test MAE: 18.3859, Test RMSE: 30.6375, Test MAPE: 12.1227
2026-01-29 05:35:19,696 - easytorch-training - INFO - Evaluate best model on test data for horizon 7, Test MAE: 18.6080, Test RMSE: 30.9860, Test MAPE: 12.2827
2026-01-29 05:35:19,704 - easytorch-training - INFO - Evaluate best model on test data for horizon 8, Test MAE: 18.7905, Test RMSE: 31.3123, Test MAPE: 12.3004
2026-01-29 05:35:19,711 - easytorch-training - INFO - Evaluate best model on test data for horizon 9, Test MAE: 18.9761, Test RMSE: 31.5863, Test MAPE: 12.4325
2026-01-29 05:35:19,719 - easytorch-training - INFO - Evaluate best model on test data for horizon 10, Test MAE: 19.1338, Test RMSE: 31.8522, Test MAPE: 12.6528
2026-01-29 05:35:19,726 - easytorch-training - INFO - Evaluate best model on test data for horizon 11, Test MAE: 19.3059, Test RMSE: 32.0917, Test MAPE: 12.8389
2026-01-29 05:35:19,734 - easytorch-training - INFO - Evaluate best model on test data for horizon 12, Test MAE: 19.4240, Test RMSE: 32.2770, Test MAPE: 12.9925
2026-01-29 05:35:19,746 - easytorch-training - INFO - Result <test>: [test_time: 14.69 (s), test_MAE: 18.3102, test_RMSE: 30.4530, test_MAPE: 12.1912]
2026-01-29 05:35:20,114 - easytorch-training - INFO - Checkpoint checkpoints/STMAFNet_300/976492592f92c661f4c4ea004499e56d/STMAFNet_151.pt saved
2026-01-29 05:35:20,115 - easytorch-training - INFO - The estimated training finish time is 2026-01-29 13:45:22
2026-01-29 05:35:20,115 - easytorch-training - INFO - Epoch 152 / 300
2026-01-29 05:37:21,676 - easytorch-training - INFO - Result <train>: [train_time: 121.56 (s), lr: 6.25e-05, train_MAE: 15.7487, train_RMSE: 25.9322, train_MAPE: 11.9310]
2026-01-29 05:37:21,677 - easytorch-training - INFO - Start validation.
2026-01-29 05:37:36,619 - easytorch-training - INFO - Result <val>: [val_time: 14.94 (s), val_MAE: 18.0463, val_RMSE: 28.7813, val_MAPE: 11.9357]
2026-01-29 05:37:51,241 - easytorch-training - INFO - Evaluate best model on test data for horizon 1, Test MAE: 16.5077, Test RMSE: 27.1112, Test MAPE: 11.0749
2026-01-29 05:37:51,247 - easytorch-training - INFO - Evaluate best model on test data for horizon 2, Test MAE: 17.1166, Test RMSE: 28.3215, Test MAPE: 11.5986
2026-01-29 05:37:51,248 - easytorch-training - INFO - Evaluate best model on test data for horizon 3, Test MAE: 17.5785, Test RMSE: 29.2053, Test MAPE: 11.8060
2026-01-29 05:37:51,254 - easytorch-training - INFO - Evaluate best model on test data for horizon 4, Test MAE: 17.9213, Test RMSE: 29.8438, Test MAPE: 11.9342
2026-01-29 05:37:51,261 - easytorch-training - INFO - Evaluate best model on test data for horizon 5, Test MAE: 18.2122, Test RMSE: 30.3910, Test MAPE: 11.9859
2026-01-29 05:37:51,269 - easytorch-training - INFO - Evaluate best model on test data for horizon 6, Test MAE: 18.4525, Test RMSE: 30.8085, Test MAPE: 12.1407
2026-01-29 05:37:51,276 - easytorch-training - INFO - Evaluate best model on test data for horizon 7, Test MAE: 18.6674, Test RMSE: 31.1810, Test MAPE: 12.2721
2026-01-29 05:37:51,284 - easytorch-training - INFO - Evaluate best model on test data for horizon 8, Test MAE: 18.8460, Test RMSE: 31.4730, Test MAPE: 12.3409
2026-01-29 05:37:51,291 - easytorch-training - INFO - Evaluate best model on test data for horizon 9, Test MAE: 19.0229, Test RMSE: 31.7663, Test MAPE: 12.4962
2026-01-29 05:37:51,299 - easytorch-training - INFO - Evaluate best model on test data for horizon 10, Test MAE: 19.1808, Test RMSE: 32.0213, Test MAPE: 12.5855
2026-01-29 05:37:51,306 - easytorch-training - INFO - Evaluate best model on test data for horizon 11, Test MAE: 19.3397, Test RMSE: 32.2768, Test MAPE: 12.7578
2026-01-29 05:37:51,314 - easytorch-training - INFO - Evaluate best model on test data for horizon 12, Test MAE: 19.4709, Test RMSE: 32.4374, Test MAPE: 12.9714
2026-01-29 05:37:51,326 - easytorch-training - INFO - Result <test>: [test_time: 14.71 (s), test_MAE: 18.3597, test_RMSE: 30.6115, test_MAPE: 12.1637]
2026-01-29 05:37:51,695 - easytorch-training - INFO - Checkpoint checkpoints/STMAFNet_300/976492592f92c661f4c4ea004499e56d/STMAFNet_152.pt saved
2026-01-29 05:37:51,696 - easytorch-training - INFO - The estimated training finish time is 2026-01-29 13:43:51
2026-01-29 05:37:51,696 - easytorch-training - INFO - Epoch 153 / 300
2026-01-29 05:39:53,909 - easytorch-training - INFO - Result <train>: [train_time: 122.21 (s), lr: 6.25e-05, train_MAE: 15.7391, train_RMSE: 25.9186, train_MAPE: 11.9357]
2026-01-29 05:39:53,910 - easytorch-training - INFO - Start validation.
2026-01-29 05:40:08,171 - easytorch-training - INFO - Result <val>: [val_time: 14.26 (s), val_MAE: 18.0103, val_RMSE: 28.6973, val_MAPE: 12.1864]
2026-01-29 05:40:22,778 - easytorch-training - INFO - Evaluate best model on test data for horizon 1, Test MAE: 16.4528, Test RMSE: 27.0195, Test MAPE: 11.1506
2026-01-29 05:40:22,786 - easytorch-training - INFO - Evaluate best model on test data for horizon 2, Test MAE: 17.0235, Test RMSE: 28.1452, Test MAPE: 11.6811
2026-01-29 05:40:22,793 - easytorch-training - INFO - Evaluate best model on test data for horizon 3, Test MAE: 17.4674, Test RMSE: 28.9738, Test MAPE: 11.9037
2026-01-29 05:40:22,801 - easytorch-training - INFO - Evaluate best model on test data for horizon 4, Test MAE: 17.8173, Test RMSE: 29.6013, Test MAPE: 11.9459
2026-01-29 05:40:22,808 - easytorch-training - INFO - Evaluate best model on test data for horizon 5, Test MAE: 18.0906, Test RMSE: 30.1211, Test MAPE: 12.1601
2026-01-29 05:40:22,813 - easytorch-training - INFO - Evaluate best model on test data for horizon 6, Test MAE: 18.3311, Test RMSE: 30.5161, Test MAPE: 12.3499
2026-01-29 05:40:22,814 - easytorch-training - INFO - Evaluate best model on test data for horizon 7, Test MAE: 18.5313, Test RMSE: 30.8546, Test MAPE: 12.4632
2026-01-29 05:40:22,822 - easytorch-training - INFO - Evaluate best model on test data for horizon 8, Test MAE: 18.7295, Test RMSE: 31.1870, Test MAPE: 12.6997
2026-01-29 05:40:22,830 - easytorch-training - INFO - Evaluate best model on test data for horizon 9, Test MAE: 18.9058, Test RMSE: 31.4822, Test MAPE: 12.7642
2026-01-29 05:40:22,837 - easytorch-training - INFO - Evaluate best model on test data for horizon 10, Test MAE: 19.0494, Test RMSE: 31.7168, Test MAPE: 12.8499
2026-01-29 05:40:22,844 - easytorch-training - INFO - Evaluate best model on test data for horizon 11, Test MAE: 19.2068, Test RMSE: 31.9763, Test MAPE: 13.0208
2026-01-29 05:40:22,852 - easytorch-training - INFO - Evaluate best model on test data for horizon 12, Test MAE: 19.3617, Test RMSE: 32.1637, Test MAPE: 13.1329
2026-01-29 05:40:22,865 - easytorch-training - INFO - Result <test>: [test_time: 14.69 (s), test_MAE: 18.2473, test_RMSE: 30.3523, test_MAPE: 12.3435]
2026-01-29 05:40:23,231 - easytorch-training - INFO - Checkpoint checkpoints/STMAFNet_300/976492592f92c661f4c4ea004499e56d/STMAFNet_153.pt saved
2026-01-29 05:40:23,232 - easytorch-training - INFO - The estimated training finish time is 2026-01-29 13:42:22
2026-01-29 05:40:23,232 - easytorch-training - INFO - Epoch 154 / 300
2026-01-29 05:42:25,927 - easytorch-training - INFO - Result <train>: [train_time: 122.69 (s), lr: 6.25e-05, train_MAE: 15.7295, train_RMSE: 25.9039, train_MAPE: 11.9223]
2026-01-29 05:42:25,928 - easytorch-training - INFO - Start validation.
2026-01-29 05:42:40,973 - easytorch-training - INFO - Result <val>: [val_time: 15.04 (s), val_MAE: 18.0059, val_RMSE: 28.7070, val_MAPE: 12.1866]
2026-01-29 05:42:54,895 - easytorch-training - INFO - Evaluate best model on test data for horizon 1, Test MAE: 16.4663, Test RMSE: 27.0502, Test MAPE: 11.3117
2026-01-29 05:42:54,902 - easytorch-training - INFO - Evaluate best model on test data for horizon 2, Test MAE: 17.0417, Test RMSE: 28.1873, Test MAPE: 11.7532
2026-01-29 05:42:54,910 - easytorch-training - INFO - Evaluate best model on test data for horizon 3, Test MAE: 17.4949, Test RMSE: 29.0287, Test MAPE: 11.9597
2026-01-29 05:42:54,917 - easytorch-training - INFO - Evaluate best model on test data for horizon 4, Test MAE: 17.8621, Test RMSE: 29.6574, Test MAPE: 12.3079
2026-01-29 05:42:54,925 - easytorch-training - INFO - Evaluate best model on test data for horizon 5, Test MAE: 18.1502, Test RMSE: 30.1674, Test MAPE: 12.4696
2026-01-29 05:42:54,930 - easytorch-training - INFO - Evaluate best model on test data for horizon 6, Test MAE: 18.3450, Test RMSE: 30.5571, Test MAPE: 12.3458
2026-01-29 05:42:54,932 - easytorch-training - INFO - Evaluate best model on test data for horizon 7, Test MAE: 18.5682, Test RMSE: 30.9171, Test MAPE: 12.5154
2026-01-29 05:42:54,933 - easytorch-training - INFO - Evaluate best model on test data for horizon 8, Test MAE: 18.7542, Test RMSE: 31.2300, Test MAPE: 12.5361
2026-01-29 05:42:54,934 - easytorch-training - INFO - Evaluate best model on test data for horizon 9, Test MAE: 18.9008, Test RMSE: 31.4909, Test MAPE: 12.6161
2026-01-29 05:42:54,936 - easytorch-training - INFO - Evaluate best model on test data for horizon 10, Test MAE: 19.0726, Test RMSE: 31.7695, Test MAPE: 12.7642
2026-01-29 05:42:54,939 - easytorch-training - INFO - Evaluate best model on test data for horizon 11, Test MAE: 19.2361, Test RMSE: 32.0213, Test MAPE: 12.9524
2026-01-29 05:42:54,947 - easytorch-training - INFO - Evaluate best model on test data for horizon 12, Test MAE: 19.3732, Test RMSE: 32.1961, Test MAPE: 13.0467
2026-01-29 05:42:54,959 - easytorch-training - INFO - Result <test>: [test_time: 13.99 (s), test_MAE: 18.2721, test_RMSE: 30.3952, test_MAPE: 12.3816]
2026-01-29 05:42:55,341 - easytorch-training - INFO - Checkpoint checkpoints/STMAFNet_300/976492592f92c661f4c4ea004499e56d/STMAFNet_154.pt saved
2026-01-29 05:42:55,341 - easytorch-training - INFO - The estimated training finish time is 2026-01-29 13:40:55
2026-01-29 05:42:55,341 - easytorch-training - INFO - Epoch 155 / 300
2026-01-29 05:44:58,846 - easytorch-training - INFO - Result <train>: [train_time: 123.50 (s), lr: 6.25e-05, train_MAE: 15.7162, train_RMSE: 25.8900, train_MAPE: 11.9202]
2026-01-29 05:44:58,848 - easytorch-training - INFO - Start validation.
2026-01-29 05:45:13,206 - easytorch-training - INFO - Result <val>: [val_time: 14.36 (s), val_MAE: 18.0216, val_RMSE: 28.7563, val_MAPE: 11.9991]
2026-01-29 05:45:27,396 - easytorch-training - INFO - Evaluate best model on test data for horizon 1, Test MAE: 16.4873, Test RMSE: 27.0994, Test MAPE: 11.1231
2026-01-29 05:45:27,403 - easytorch-training - INFO - Evaluate best model on test data for horizon 2, Test MAE: 17.0763, Test RMSE: 28.2587, Test MAPE: 11.6047
2026-01-29 05:45:27,411 - easytorch-training - INFO - Evaluate best model on test data for horizon 3, Test MAE: 17.5256, Test RMSE: 29.1062, Test MAPE: 11.8028
2026-01-29 05:45:27,418 - easytorch-training - INFO - Evaluate best model on test data for horizon 4, Test MAE: 17.8764, Test RMSE: 29.7480, Test MAPE: 11.9906
2026-01-29 05:45:27,425 - easytorch-training - INFO - Evaluate best model on test data for horizon 5, Test MAE: 18.1716, Test RMSE: 30.2838, Test MAPE: 12.0608
2026-01-29 05:45:27,433 - easytorch-training - INFO - Evaluate best model on test data for horizon 6, Test MAE: 18.4094, Test RMSE: 30.6881, Test MAPE: 12.2637
2026-01-29 05:45:27,440 - easytorch-training - INFO - Evaluate best model on test data for horizon 7, Test MAE: 18.6279, Test RMSE: 31.0694, Test MAPE: 12.3821
2026-01-29 05:45:27,448 - easytorch-training - INFO - Evaluate best model on test data for horizon 8, Test MAE: 18.8057, Test RMSE: 31.3915, Test MAPE: 12.4089
2026-01-29 05:45:27,455 - easytorch-training - INFO - Evaluate best model on test data for horizon 9, Test MAE: 18.9735, Test RMSE: 31.6761, Test MAPE: 12.5198
2026-01-29 05:45:27,460 - easytorch-training - INFO - Evaluate best model on test data for horizon 10, Test MAE: 19.1433, Test RMSE: 31.9422, Test MAPE: 12.6296
2026-01-29 05:45:27,462 - easytorch-training - INFO - Evaluate best model on test data for horizon 11, Test MAE: 19.3009, Test RMSE: 32.1889, Test MAPE: 12.8210
2026-01-29 05:45:27,469 - easytorch-training - INFO - Evaluate best model on test data for horizon 12, Test MAE: 19.4385, Test RMSE: 32.3861, Test MAPE: 12.9640
2026-01-29 05:45:27,482 - easytorch-training - INFO - Result <test>: [test_time: 14.27 (s), test_MAE: 18.3197, test_RMSE: 30.5278, test_MAPE: 12.2143]
2026-01-29 05:45:27,846 - easytorch-training - INFO - Checkpoint checkpoints/STMAFNet_300/976492592f92c661f4c4ea004499e56d/STMAFNet_155.pt saved
2026-01-29 05:45:27,846 - easytorch-training - INFO - The estimated training finish time is 2026-01-29 13:39:30
2026-01-29 05:45:27,846 - easytorch-training - INFO - Epoch 156 / 300
2026-01-29 05:47:30,584 - easytorch-training - INFO - Result <train>: [train_time: 122.74 (s), lr: 6.25e-05, train_MAE: 15.7302, train_RMSE: 25.9053, train_MAPE: 11.9014]
2026-01-29 05:47:30,585 - easytorch-training - INFO - Start validation.
2026-01-29 05:47:45,519 - easytorch-training - INFO - Result <val>: [val_time: 14.93 (s), val_MAE: 18.0712, val_RMSE: 28.7656, val_MAPE: 12.4309]
2026-01-29 05:47:59,445 - easytorch-training - INFO - Evaluate best model on test data for horizon 1, Test MAE: 16.5406, Test RMSE: 27.0819, Test MAPE: 11.5343
2026-01-29 05:47:59,453 - easytorch-training - INFO - Evaluate best model on test data for horizon 2, Test MAE: 17.1307, Test RMSE: 28.2863, Test MAPE: 11.8674
2026-01-29 05:47:59,460 - easytorch-training - INFO - Evaluate best model on test data for horizon 3, Test MAE: 17.5680, Test RMSE: 29.1656, Test MAPE: 11.9688
2026-01-29 05:47:59,467 - easytorch-training - INFO - Evaluate best model on test data for horizon 4, Test MAE: 17.9225, Test RMSE: 29.8058, Test MAPE: 12.2222
2026-01-29 05:47:59,475 - easytorch-training - INFO - Evaluate best model on test data for horizon 5, Test MAE: 18.2483, Test RMSE: 30.3599, Test MAPE: 12.5498
2026-01-29 05:47:59,482 - easytorch-training - INFO - Evaluate best model on test data for horizon 6, Test MAE: 18.4534, Test RMSE: 30.7572, Test MAPE: 12.5051
2026-01-29 05:47:59,485 - easytorch-training - INFO - Evaluate best model on test data for horizon 7, Test MAE: 18.6889, Test RMSE: 31.1098, Test MAPE: 12.6940
2026-01-29 05:47:59,486 - easytorch-training - INFO - Evaluate best model on test data for horizon 8, Test MAE: 18.8536, Test RMSE: 31.3866, Test MAPE: 12.8481
2026-01-29 05:47:59,488 - easytorch-training - INFO - Evaluate best model on test data for horizon 9, Test MAE: 19.0125, Test RMSE: 31.6411, Test MAPE: 12.9550
2026-01-29 05:47:59,495 - easytorch-training - INFO - Evaluate best model on test data for horizon 10, Test MAE: 19.1573, Test RMSE: 31.8649, Test MAPE: 13.1199
2026-01-29 05:47:59,503 - easytorch-training - INFO - Evaluate best model on test data for horizon 11, Test MAE: 19.3253, Test RMSE: 32.0943, Test MAPE: 13.4453
2026-01-29 05:47:59,510 - easytorch-training - INFO - Evaluate best model on test data for horizon 12, Test MAE: 19.4665, Test RMSE: 32.2815, Test MAPE: 13.6008
2026-01-29 05:47:59,523 - easytorch-training - INFO - Result <test>: [test_time: 14.00 (s), test_MAE: 18.3640, test_RMSE: 30.5258, test_MAPE: 12.6092]
2026-01-29 05:47:59,899 - easytorch-training - INFO - Checkpoint checkpoints/STMAFNet_300/976492592f92c661f4c4ea004499e56d/STMAFNet_156.pt saved
2026-01-29 05:47:59,899 - easytorch-training - INFO - The estimated training finish time is 2026-01-29 13:38:05
2026-01-29 05:47:59,900 - easytorch-training - INFO - Epoch 157 / 300
2026-01-29 05:50:02,058 - easytorch-training - INFO - Result <train>: [train_time: 122.16 (s), lr: 6.25e-05, train_MAE: 15.7130, train_RMSE: 25.8801, train_MAPE: 11.9200]
2026-01-29 05:50:02,060 - easytorch-training - INFO - Start validation.
2026-01-29 05:50:17,013 - easytorch-training - INFO - Result <val>: [val_time: 14.95 (s), val_MAE: 18.0131, val_RMSE: 28.7598, val_MAPE: 11.9113]
2026-01-29 05:50:31,633 - easytorch-training - INFO - Evaluate best model on test data for horizon 1, Test MAE: 16.4657, Test RMSE: 27.0546, Test MAPE: 11.0394
2026-01-29 05:50:31,640 - easytorch-training - INFO - Evaluate best model on test data for horizon 2, Test MAE: 17.0477, Test RMSE: 28.2355, Test MAPE: 11.4348
2026-01-29 05:50:31,648 - easytorch-training - INFO - Evaluate best model on test data for horizon 3, Test MAE: 17.5092, Test RMSE: 29.0832, Test MAPE: 11.6667
2026-01-29 05:50:31,655 - easytorch-training - INFO - Evaluate best model on test data for horizon 4, Test MAE: 17.8623, Test RMSE: 29.7530, Test MAPE: 11.8201
2026-01-29 05:50:31,663 - easytorch-training - INFO - Evaluate best model on test data for horizon 5, Test MAE: 18.1391, Test RMSE: 30.2554, Test MAPE: 12.0004
2026-01-29 05:50:31,666 - easytorch-training - INFO - Evaluate best model on test data for horizon 6, Test MAE: 18.3574, Test RMSE: 30.6250, Test MAPE: 12.1165
2026-01-29 05:50:31,667 - easytorch-training - INFO - Evaluate best model on test data for horizon 7, Test MAE: 18.5863, Test RMSE: 30.9995, Test MAPE: 12.2961
2026-01-29 05:50:31,668 - easytorch-training - INFO - Evaluate best model on test data for horizon 8, Test MAE: 18.7586, Test RMSE: 31.2862, Test MAPE: 12.3430
2026-01-29 05:50:31,669 - easytorch-training - INFO - Evaluate best model on test data for horizon 9, Test MAE: 18.9332, Test RMSE: 31.5519, Test MAPE: 12.4436
2026-01-29 05:50:31,671 - easytorch-training - INFO - Evaluate best model on test data for horizon 10, Test MAE: 19.0710, Test RMSE: 31.7890, Test MAPE: 12.6285
2026-01-29 05:50:31,672 - easytorch-training - INFO - Evaluate best model on test data for horizon 11, Test MAE: 19.2210, Test RMSE: 32.0263, Test MAPE: 12.7862
2026-01-29 05:50:31,677 - easytorch-training - INFO - Evaluate best model on test data for horizon 12, Test MAE: 19.3719, Test RMSE: 32.2180, Test MAPE: 12.9345
2026-01-29 05:50:31,690 - easytorch-training - INFO - Result <test>: [test_time: 14.68 (s), test_MAE: 18.2770, test_RMSE: 30.4455, test_MAPE: 12.1258]
2026-01-29 05:50:32,060 - easytorch-training - INFO - Checkpoint checkpoints/STMAFNet_300/976492592f92c661f4c4ea004499e56d/STMAFNet_157.pt saved
2026-01-29 05:50:32,061 - easytorch-training - INFO - The estimated training finish time is 2026-01-29 13:36:42
2026-01-29 05:50:32,061 - easytorch-training - INFO - Epoch 158 / 300
2026-01-29 05:52:33,689 - easytorch-training - INFO - Result <train>: [train_time: 121.63 (s), lr: 6.25e-05, train_MAE: 15.7042, train_RMSE: 25.8618, train_MAPE: 11.8924]
2026-01-29 05:52:33,690 - easytorch-training - INFO - Start validation.
2026-01-29 05:52:48,636 - easytorch-training - INFO - Result <val>: [val_time: 14.95 (s), val_MAE: 18.0421, val_RMSE: 28.7554, val_MAPE: 12.0289]
2026-01-29 05:53:03,269 - easytorch-training - INFO - Evaluate best model on test data for horizon 1, Test MAE: 16.4899, Test RMSE: 27.0729, Test MAPE: 11.1648
2026-01-29 05:53:03,276 - easytorch-training - INFO - Evaluate best model on test data for horizon 2, Test MAE: 17.1128, Test RMSE: 28.2713, Test MAPE: 11.6493
2026-01-29 05:53:03,284 - easytorch-training - INFO - Evaluate best model on test data for horizon 3, Test MAE: 17.5731, Test RMSE: 29.1587, Test MAPE: 11.9223
2026-01-29 05:53:03,291 - easytorch-training - INFO - Evaluate best model on test data for horizon 4, Test MAE: 17.9257, Test RMSE: 29.8041, Test MAPE: 12.0759
2026-01-29 05:53:03,299 - easytorch-training - INFO - Evaluate best model on test data for horizon 5, Test MAE: 18.1970, Test RMSE: 30.3443, Test MAPE: 12.1438
2026-01-29 05:53:03,306 - easytorch-training - INFO - Evaluate best model on test data for horizon 6, Test MAE: 18.4147, Test RMSE: 30.7312, Test MAPE: 12.2449
2026-01-29 05:53:03,314 - easytorch-training - INFO - Evaluate best model on test data for horizon 7, Test MAE: 18.6294, Test RMSE: 31.0946, Test MAPE: 12.3717
2026-01-29 05:53:03,318 - easytorch-training - INFO - Evaluate best model on test data for horizon 8, Test MAE: 18.8210, Test RMSE: 31.3989, Test MAPE: 12.3984
2026-01-29 05:53:03,319 - easytorch-training - INFO - Evaluate best model on test data for horizon 9, Test MAE: 18.9826, Test RMSE: 31.6524, Test MAPE: 12.5530
2026-01-29 05:53:03,327 - easytorch-training - INFO - Evaluate best model on test data for horizon 10, Test MAE: 19.1482, Test RMSE: 31.9212, Test MAPE: 12.7157
2026-01-29 05:53:03,334 - easytorch-training - INFO - Evaluate best model on test data for horizon 11, Test MAE: 19.2901, Test RMSE: 32.1569, Test MAPE: 12.7321
2026-01-29 05:53:03,342 - easytorch-training - INFO - Evaluate best model on test data for horizon 12, Test MAE: 19.4343, Test RMSE: 32.3334, Test MAPE: 12.8131
2026-01-29 05:53:03,355 - easytorch-training - INFO - Result <test>: [test_time: 14.72 (s), test_MAE: 18.3349, test_RMSE: 30.5356, test_MAPE: 12.2321]
2026-01-29 05:53:03,719 - easytorch-training - INFO - Checkpoint checkpoints/STMAFNet_300/976492592f92c661f4c4ea004499e56d/STMAFNet_158.pt saved
2026-01-29 05:53:03,720 - easytorch-training - INFO - The estimated training finish time is 2026-01-29 13:35:18
2026-01-29 05:53:03,720 - easytorch-training - INFO - Epoch 159 / 300
2026-01-29 05:55:05,315 - easytorch-training - INFO - Result <train>: [train_time: 121.59 (s), lr: 6.25e-05, train_MAE: 15.7039, train_RMSE: 25.8608, train_MAPE: 11.9003]
2026-01-29 05:55:05,317 - easytorch-training - INFO - Start validation.
2026-01-29 05:55:20,284 - easytorch-training - INFO - Result <val>: [val_time: 14.97 (s), val_MAE: 18.0297, val_RMSE: 28.7607, val_MAPE: 11.9986]
2026-01-29 05:55:34,924 - easytorch-training - INFO - Evaluate best model on test data for horizon 1, Test MAE: 16.4802, Test RMSE: 27.0635, Test MAPE: 11.1150
2026-01-29 05:55:34,930 - easytorch-training - INFO - Evaluate best model on test data for horizon 2, Test MAE: 17.0648, Test RMSE: 28.2601, Test MAPE: 11.5123
2026-01-29 05:55:34,938 - easytorch-training - INFO - Evaluate best model on test data for horizon 3, Test MAE: 17.5361, Test RMSE: 29.1432, Test MAPE: 11.8172
2026-01-29 05:55:34,945 - easytorch-training - INFO - Evaluate best model on test data for horizon 4, Test MAE: 17.9045, Test RMSE: 29.8127, Test MAPE: 12.0714
2026-01-29 05:55:34,953 - easytorch-training - INFO - Evaluate best model on test data for horizon 5, Test MAE: 18.1965, Test RMSE: 30.3866, Test MAPE: 12.0833
2026-01-29 05:55:34,960 - easytorch-training - INFO - Evaluate best model on test data for horizon 6, Test MAE: 18.4191, Test RMSE: 30.7859, Test MAPE: 12.2187
2026-01-29 05:55:34,968 - easytorch-training - INFO - Evaluate best model on test data for horizon 7, Test MAE: 18.6362, Test RMSE: 31.1718, Test MAPE: 12.3166
2026-01-29 05:55:34,975 - easytorch-training - INFO - Evaluate best model on test data for horizon 8, Test MAE: 18.8291, Test RMSE: 31.4984, Test MAPE: 12.4317
2026-01-29 05:55:34,983 - easytorch-training - INFO - Evaluate best model on test data for horizon 9, Test MAE: 19.0401, Test RMSE: 31.8615, Test MAPE: 12.5046
2026-01-29 05:55:34,990 - easytorch-training - INFO - Evaluate best model on test data for horizon 10, Test MAE: 19.2115, Test RMSE: 32.1199, Test MAPE: 12.7136
2026-01-29 05:55:34,997 - easytorch-training - INFO - Evaluate best model on test data for horizon 11, Test MAE: 19.3741, Test RMSE: 32.3810, Test MAPE: 12.8443
2026-01-29 05:55:35,005 - easytorch-training - INFO - Evaluate best model on test data for horizon 12, Test MAE: 19.5046, Test RMSE: 32.5663, Test MAPE: 12.9440
2026-01-29 05:55:35,018 - easytorch-training - INFO - Result <test>: [test_time: 14.73 (s), test_MAE: 18.3498, test_RMSE: 30.6324, test_MAPE: 12.2144]
2026-01-29 05:55:35,384 - easytorch-training - INFO - Checkpoint checkpoints/STMAFNet_300/976492592f92c661f4c4ea004499e56d/STMAFNet_159.pt saved
2026-01-29 05:55:35,385 - easytorch-training - INFO - The estimated training finish time is 2026-01-29 13:33:56
2026-01-29 05:55:35,385 - easytorch-training - INFO - Epoch 160 / 300
2026-01-29 05:57:36,907 - easytorch-training - INFO - Result <train>: [train_time: 121.52 (s), lr: 6.25e-05, train_MAE: 15.6965, train_RMSE: 25.8501, train_MAPE: 11.8918]
2026-01-29 05:57:36,909 - easytorch-training - INFO - Start validation.
2026-01-29 05:57:51,829 - easytorch-training - INFO - Result <val>: [val_time: 14.92 (s), val_MAE: 18.0705, val_RMSE: 28.8155, val_MAPE: 11.9157]
2026-01-29 05:58:06,460 - easytorch-training - INFO - Evaluate best model on test data for horizon 1, Test MAE: 16.4892, Test RMSE: 27.0905, Test MAPE: 10.9561
2026-01-29 05:58:06,466 - easytorch-training - INFO - Evaluate best model on test data for horizon 2, Test MAE: 17.0984, Test RMSE: 28.2987, Test MAPE: 11.4213
2026-01-29 05:58:06,467 - easytorch-training - INFO - Evaluate best model on test data for horizon 3, Test MAE: 17.5483, Test RMSE: 29.1668, Test MAPE: 11.6654
2026-01-29 05:58:06,469 - easytorch-training - INFO - Evaluate best model on test data for horizon 4, Test MAE: 17.9312, Test RMSE: 29.8587, Test MAPE: 11.8648
2026-01-29 05:58:06,470 - easytorch-training - INFO - Evaluate best model on test data for horizon 5, Test MAE: 18.2186, Test RMSE: 30.4129, Test MAPE: 11.9937
2026-01-29 05:58:06,471 - easytorch-training - INFO - Evaluate best model on test data for horizon 6, Test MAE: 18.4412, Test RMSE: 30.7828, Test MAPE: 12.1116
2026-01-29 05:58:06,472 - easytorch-training - INFO - Evaluate best model on test data for horizon 7, Test MAE: 18.6685, Test RMSE: 31.1770, Test MAPE: 12.2541
2026-01-29 05:58:06,476 - easytorch-training - INFO - Evaluate best model on test data for horizon 8, Test MAE: 18.8560, Test RMSE: 31.4628, Test MAPE: 12.4164
2026-01-29 05:58:06,483 - easytorch-training - INFO - Evaluate best model on test data for horizon 9, Test MAE: 19.0313, Test RMSE: 31.7550, Test MAPE: 12.4657
2026-01-29 05:58:06,491 - easytorch-training - INFO - Evaluate best model on test data for horizon 10, Test MAE: 19.1854, Test RMSE: 32.0031, Test MAPE: 12.6424
2026-01-29 05:58:06,498 - easytorch-training - INFO - Evaluate best model on test data for horizon 11, Test MAE: 19.3630, Test RMSE: 32.2694, Test MAPE: 12.8315
2026-01-29 05:58:06,506 - easytorch-training - INFO - Evaluate best model on test data for horizon 12, Test MAE: 19.4893, Test RMSE: 32.4251, Test MAPE: 12.8986
2026-01-29 05:58:06,518 - easytorch-training - INFO - Result <test>: [test_time: 14.69 (s), test_MAE: 18.3601, test_RMSE: 30.6005, test_MAPE: 12.1268]
2026-01-29 05:58:06,887 - easytorch-training - INFO - Checkpoint checkpoints/STMAFNet_300/976492592f92c661f4c4ea004499e56d/STMAFNet_160.pt saved
2026-01-29 05:58:06,918 - easytorch-training - INFO - The estimated training finish time is 2026-01-29 13:32:34
2026-01-29 05:58:06,918 - easytorch-training - INFO - Epoch 161 / 300
2026-01-29 06:00:08,548 - easytorch-training - INFO - Result <train>: [train_time: 121.63 (s), lr: 6.25e-05, train_MAE: 15.6872, train_RMSE: 25.8291, train_MAPE: 11.8890]
2026-01-29 06:00:08,549 - easytorch-training - INFO - Start validation.
2026-01-29 06:00:23,520 - easytorch-training - INFO - Result <val>: [val_time: 14.97 (s), val_MAE: 18.0882, val_RMSE: 28.8116, val_MAPE: 12.1829]
2026-01-29 06:00:38,132 - easytorch-training - INFO - Evaluate best model on test data for horizon 1, Test MAE: 16.5527, Test RMSE: 27.1471, Test MAPE: 11.3734
2026-01-29 06:00:38,139 - easytorch-training - INFO - Evaluate best model on test data for horizon 2, Test MAE: 17.1606, Test RMSE: 28.3765, Test MAPE: 11.7723
2026-01-29 06:00:38,146 - easytorch-training - INFO - Evaluate best model on test data for horizon 3, Test MAE: 17.6446, Test RMSE: 29.2592, Test MAPE: 12.0754
2026-01-29 06:00:38,154 - easytorch-training - INFO - Evaluate best model on test data for horizon 4, Test MAE: 18.0065, Test RMSE: 29.9402, Test MAPE: 12.1486
2026-01-29 06:00:38,156 - easytorch-training - INFO - Evaluate best model on test data for horizon 5, Test MAE: 18.2775, Test RMSE: 30.4613, Test MAPE: 12.3103
2026-01-29 06:00:38,160 - easytorch-training - INFO - Evaluate best model on test data for horizon 6, Test MAE: 18.4889, Test RMSE: 30.8362, Test MAPE: 12.4409
2026-01-29 06:00:38,167 - easytorch-training - INFO - Evaluate best model on test data for horizon 7, Test MAE: 18.7010, Test RMSE: 31.1911, Test MAPE: 12.5440
2026-01-29 06:00:38,175 - easytorch-training - INFO - Evaluate best model on test data for horizon 8, Test MAE: 18.8757, Test RMSE: 31.5170, Test MAPE: 12.4979
2026-01-29 06:00:38,182 - easytorch-training - INFO - Evaluate best model on test data for horizon 9, Test MAE: 19.0589, Test RMSE: 31.7961, Test MAPE: 12.7171
2026-01-29 06:00:38,190 - easytorch-training - INFO - Evaluate best model on test data for horizon 10, Test MAE: 19.2006, Test RMSE: 32.0464, Test MAPE: 12.8410
2026-01-29 06:00:38,197 - easytorch-training - INFO - Evaluate best model on test data for horizon 11, Test MAE: 19.3266, Test RMSE: 32.2720, Test MAPE: 12.8594
2026-01-29 06:00:38,205 - easytorch-training - INFO - Evaluate best model on test data for horizon 12, Test MAE: 19.4782, Test RMSE: 32.4477, Test MAPE: 13.0801
2026-01-29 06:00:38,218 - easytorch-training - INFO - Result <test>: [test_time: 14.70 (s), test_MAE: 18.3977, test_RMSE: 30.6485, test_MAPE: 12.3884]
2026-01-29 06:00:38,585 - easytorch-training - INFO - Checkpoint checkpoints/STMAFNet_300/976492592f92c661f4c4ea004499e56d/STMAFNet_161.pt saved
2026-01-29 06:00:38,585 - easytorch-training - INFO - The estimated training finish time is 2026-01-29 13:31:14
2026-01-29 06:00:38,586 - easytorch-training - INFO - Epoch 162 / 300
2026-01-29 06:02:40,227 - easytorch-training - INFO - Result <train>: [train_time: 121.64 (s), lr: 6.25e-05, train_MAE: 15.6949, train_RMSE: 25.8375, train_MAPE: 11.8871]
2026-01-29 06:02:40,229 - easytorch-training - INFO - Start validation.
2026-01-29 06:02:55,153 - easytorch-training - INFO - Result <val>: [val_time: 14.92 (s), val_MAE: 18.0794, val_RMSE: 28.8307, val_MAPE: 11.8400]
2026-01-29 06:03:09,777 - easytorch-training - INFO - Evaluate best model on test data for horizon 1, Test MAE: 16.4889, Test RMSE: 27.0985, Test MAPE: 10.9941
2026-01-29 06:03:09,784 - easytorch-training - INFO - Evaluate best model on test data for horizon 2, Test MAE: 17.1120, Test RMSE: 28.3156, Test MAPE: 11.3611
2026-01-29 06:03:09,791 - easytorch-training - INFO - Evaluate best model on test data for horizon 3, Test MAE: 17.5795, Test RMSE: 29.1932, Test MAPE: 11.5868
2026-01-29 06:03:09,799 - easytorch-training - INFO - Evaluate best model on test data for horizon 4, Test MAE: 17.9165, Test RMSE: 29.8243, Test MAPE: 11.7804
2026-01-29 06:03:09,800 - easytorch-training - INFO - Evaluate best model on test data for horizon 5, Test MAE: 18.2379, Test RMSE: 30.3924, Test MAPE: 11.9466
2026-01-29 06:03:09,802 - easytorch-training - INFO - Evaluate best model on test data for horizon 6, Test MAE: 18.4796, Test RMSE: 30.8123, Test MAPE: 12.0640
2026-01-29 06:03:09,803 - easytorch-training - INFO - Evaluate best model on test data for horizon 7, Test MAE: 18.6783, Test RMSE: 31.1642, Test MAPE: 12.2013
2026-01-29 06:03:09,804 - easytorch-training - INFO - Evaluate best model on test data for horizon 8, Test MAE: 18.8679, Test RMSE: 31.4761, Test MAPE: 12.3134
2026-01-29 06:03:09,805 - easytorch-training - INFO - Evaluate best model on test data for horizon 9, Test MAE: 19.0441, Test RMSE: 31.7840, Test MAPE: 12.4368
2026-01-29 06:03:09,807 - easytorch-training - INFO - Evaluate best model on test data for horizon 10, Test MAE: 19.1996, Test RMSE: 32.0345, Test MAPE: 12.5300
2026-01-29 06:03:09,812 - easytorch-training - INFO - Evaluate best model on test data for horizon 11, Test MAE: 19.3705, Test RMSE: 32.2945, Test MAPE: 12.6759
2026-01-29 06:03:09,820 - easytorch-training - INFO - Evaluate best model on test data for horizon 12, Test MAE: 19.4959, Test RMSE: 32.4625, Test MAPE: 12.7737
2026-01-29 06:03:09,833 - easytorch-training - INFO - Result <test>: [test_time: 14.68 (s), test_MAE: 18.3726, test_RMSE: 30.6133, test_MAPE: 12.0554]
2026-01-29 06:03:10,281 - easytorch-training - INFO - Checkpoint checkpoints/STMAFNet_300/976492592f92c661f4c4ea004499e56d/STMAFNet_162.pt saved
2026-01-29 06:03:10,282 - easytorch-training - INFO - The estimated training finish time is 2026-01-29 13:29:55
2026-01-29 06:03:10,282 - easytorch-training - INFO - Epoch 163 / 300
2026-01-29 06:05:12,520 - easytorch-training - INFO - Result <train>: [train_time: 122.24 (s), lr: 6.25e-05, train_MAE: 15.6804, train_RMSE: 25.8148, train_MAPE: 11.8719]
2026-01-29 06:05:12,522 - easytorch-training - INFO - Start validation.
2026-01-29 06:05:26,761 - easytorch-training - INFO - Result <val>: [val_time: 14.24 (s), val_MAE: 18.0476, val_RMSE: 28.7849, val_MAPE: 11.9487]
2026-01-29 06:05:41,382 - easytorch-training - INFO - Evaluate best model on test data for horizon 1, Test MAE: 16.5044, Test RMSE: 27.1267, Test MAPE: 11.0999
2026-01-29 06:05:41,390 - easytorch-training - INFO - Evaluate best model on test data for horizon 2, Test MAE: 17.0932, Test RMSE: 28.2914, Test MAPE: 11.4964
2026-01-29 06:05:41,397 - easytorch-training - INFO - Evaluate best model on test data for horizon 3, Test MAE: 17.5428, Test RMSE: 29.1514, Test MAPE: 11.7097
2026-01-29 06:05:41,405 - easytorch-training - INFO - Evaluate best model on test data for horizon 4, Test MAE: 17.8966, Test RMSE: 29.7834, Test MAPE: 11.8376
2026-01-29 06:05:41,412 - easytorch-training - INFO - Evaluate best model on test data for horizon 5, Test MAE: 18.1860, Test RMSE: 30.3154, Test MAPE: 11.9472
2026-01-29 06:05:41,420 - easytorch-training - INFO - Evaluate best model on test data for horizon 6, Test MAE: 18.4077, Test RMSE: 30.6920, Test MAPE: 12.1004
2026-01-29 06:05:41,427 - easytorch-training - INFO - Evaluate best model on test data for horizon 7, Test MAE: 18.6414, Test RMSE: 31.0657, Test MAPE: 12.2185
2026-01-29 06:05:41,435 - easytorch-training - INFO - Evaluate best model on test data for horizon 8, Test MAE: 18.8094, Test RMSE: 31.3535, Test MAPE: 12.3659
2026-01-29 06:05:41,442 - easytorch-training - INFO - Evaluate best model on test data for horizon 9, Test MAE: 18.9958, Test RMSE: 31.6439, Test MAPE: 12.5685
2026-01-29 06:05:41,450 - easytorch-training - INFO - Evaluate best model on test data for horizon 10, Test MAE: 19.1488, Test RMSE: 31.8834, Test MAPE: 12.6768
2026-01-29 06:05:41,457 - easytorch-training - INFO - Evaluate best model on test data for horizon 11, Test MAE: 19.3076, Test RMSE: 32.1475, Test MAPE: 12.8160
2026-01-29 06:05:41,458 - easytorch-training - INFO - Evaluate best model on test data for horizon 12, Test MAE: 19.4435, Test RMSE: 32.3098, Test MAPE: 13.1034
2026-01-29 06:05:41,469 - easytorch-training - INFO - Result <test>: [test_time: 14.71 (s), test_MAE: 18.3315, test_RMSE: 30.5199, test_MAPE: 12.1617]
2026-01-29 06:05:41,848 - easytorch-training - INFO - Checkpoint checkpoints/STMAFNet_300/976492592f92c661f4c4ea004499e56d/STMAFNet_163.pt saved
2026-01-29 06:05:41,849 - easytorch-training - INFO - The estimated training finish time is 2026-01-29 13:28:36
2026-01-29 06:05:41,849 - easytorch-training - INFO - Epoch 164 / 300
2026-01-29 06:07:44,540 - easytorch-training - INFO - Result <train>: [train_time: 122.69 (s), lr: 6.25e-05, train_MAE: 15.6667, train_RMSE: 25.8023, train_MAPE: 11.8736]
2026-01-29 06:07:44,542 - easytorch-training - INFO - Start validation.
2026-01-29 06:07:59,389 - easytorch-training - INFO - Result <val>: [val_time: 14.85 (s), val_MAE: 18.0760, val_RMSE: 28.8446, val_MAPE: 12.1821]
2026-01-29 06:08:13,301 - easytorch-training - INFO - Evaluate best model on test data for horizon 1, Test MAE: 16.5275, Test RMSE: 27.1461, Test MAPE: 11.2821
2026-01-29 06:08:13,309 - easytorch-training - INFO - Evaluate best model on test data for horizon 2, Test MAE: 17.1349, Test RMSE: 28.3527, Test MAPE: 11.7717
2026-01-29 06:08:13,316 - easytorch-training - INFO - Evaluate best model on test data for horizon 3, Test MAE: 17.5823, Test RMSE: 29.2269, Test MAPE: 11.9562
2026-01-29 06:08:13,323 - easytorch-training - INFO - Evaluate best model on test data for horizon 4, Test MAE: 17.9448, Test RMSE: 29.8795, Test MAPE: 12.1177
2026-01-29 06:08:13,331 - easytorch-training - INFO - Evaluate best model on test data for horizon 5, Test MAE: 18.2440, Test RMSE: 30.4208, Test MAPE: 12.3861
2026-01-29 06:08:13,338 - easytorch-training - INFO - Evaluate best model on test data for horizon 6, Test MAE: 18.4614, Test RMSE: 30.8298, Test MAPE: 12.3831
2026-01-29 06:08:13,346 - easytorch-training - INFO - Evaluate best model on test data for horizon 7, Test MAE: 18.6866, Test RMSE: 31.1922, Test MAPE: 12.5394
2026-01-29 06:08:13,353 - easytorch-training - INFO - Evaluate best model on test data for horizon 8, Test MAE: 18.8796, Test RMSE: 31.5218, Test MAPE: 12.6757
2026-01-29 06:08:13,361 - easytorch-training - INFO - Evaluate best model on test data for horizon 9, Test MAE: 19.0492, Test RMSE: 31.7805, Test MAPE: 12.8016
2026-01-29 06:08:13,368 - easytorch-training - INFO - Evaluate best model on test data for horizon 10, Test MAE: 19.1962, Test RMSE: 32.0652, Test MAPE: 12.7677
2026-01-29 06:08:13,375 - easytorch-training - INFO - Evaluate best model on test data for horizon 11, Test MAE: 19.3554, Test RMSE: 32.3164, Test MAPE: 12.9233
2026-01-29 06:08:13,383 - easytorch-training - INFO - Evaluate best model on test data for horizon 12, Test MAE: 19.4917, Test RMSE: 32.4816, Test MAPE: 13.0683
2026-01-29 06:08:13,396 - easytorch-training - INFO - Result <test>: [test_time: 14.00 (s), test_MAE: 18.3795, test_RMSE: 30.6429, test_MAPE: 12.3894]
2026-01-29 06:08:13,760 - easytorch-training - INFO - Checkpoint checkpoints/STMAFNet_300/976492592f92c661f4c4ea004499e56d/STMAFNet_164.pt saved
2026-01-29 06:08:13,760 - easytorch-training - INFO - The estimated training finish time is 2026-01-29 13:27:19
2026-01-29 06:08:13,761 - easytorch-training - INFO - Epoch 165 / 300
2026-01-29 06:10:17,171 - easytorch-training - INFO - Result <train>: [train_time: 123.41 (s), lr: 6.25e-05, train_MAE: 15.6561, train_RMSE: 25.7839, train_MAPE: 11.8827]
2026-01-29 06:10:17,172 - easytorch-training - INFO - Start validation.
2026-01-29 06:10:31,600 - easytorch-training - INFO - Result <val>: [val_time: 14.43 (s), val_MAE: 18.0684, val_RMSE: 28.7500, val_MAPE: 12.1908]
2026-01-29 06:10:45,757 - easytorch-training - INFO - Evaluate best model on test data for horizon 1, Test MAE: 16.5362, Test RMSE: 27.1458, Test MAPE: 11.2889
2026-01-29 06:10:45,765 - easytorch-training - INFO - Evaluate best model on test data for horizon 2, Test MAE: 17.1262, Test RMSE: 28.3292, Test MAPE: 11.7370
2026-01-29 06:10:45,772 - easytorch-training - INFO - Evaluate best model on test data for horizon 3, Test MAE: 17.5844, Test RMSE: 29.1751, Test MAPE: 11.9735
2026-01-29 06:10:45,779 - easytorch-training - INFO - Evaluate best model on test data for horizon 4, Test MAE: 17.9265, Test RMSE: 29.8117, Test MAPE: 12.0648
2026-01-29 06:10:45,787 - easytorch-training - INFO - Evaluate best model on test data for horizon 5, Test MAE: 18.2421, Test RMSE: 30.3432, Test MAPE: 12.3074
2026-01-29 06:10:45,794 - easytorch-training - INFO - Evaluate best model on test data for horizon 6, Test MAE: 18.4682, Test RMSE: 30.7496, Test MAPE: 12.4132
2026-01-29 06:10:45,802 - easytorch-training - INFO - Evaluate best model on test data for horizon 7, Test MAE: 18.6533, Test RMSE: 31.0755, Test MAPE: 12.4160
2026-01-29 06:10:45,809 - easytorch-training - INFO - Evaluate best model on test data for horizon 8, Test MAE: 18.8437, Test RMSE: 31.4012, Test MAPE: 12.5527
2026-01-29 06:10:45,817 - easytorch-training - INFO - Evaluate best model on test data for horizon 9, Test MAE: 19.0283, Test RMSE: 31.6944, Test MAPE: 12.7430
2026-01-29 06:10:45,819 - easytorch-training - INFO - Evaluate best model on test data for horizon 10, Test MAE: 19.1987, Test RMSE: 31.9659, Test MAPE: 12.8701
2026-01-29 06:10:45,821 - easytorch-training - INFO - Evaluate best model on test data for horizon 11, Test MAE: 19.3828, Test RMSE: 32.2254, Test MAPE: 13.1084
2026-01-29 06:10:45,828 - easytorch-training - INFO - Evaluate best model on test data for horizon 12, Test MAE: 19.5129, Test RMSE: 32.3831, Test MAPE: 13.2143
2026-01-29 06:10:45,841 - easytorch-training - INFO - Result <test>: [test_time: 14.24 (s), test_MAE: 18.3753, test_RMSE: 30.5653, test_MAPE: 12.3908]
2026-01-29 06:10:46,205 - easytorch-training - INFO - Checkpoint checkpoints/STMAFNet_300/976492592f92c661f4c4ea004499e56d/STMAFNet_165.pt saved
2026-01-29 06:10:46,206 - easytorch-training - INFO - The estimated training finish time is 2026-01-29 13:26:04
2026-01-29 06:10:46,206 - easytorch-training - INFO - Epoch 166 / 300
2026-01-29 06:12:48,934 - easytorch-training - INFO - Result <train>: [train_time: 122.73 (s), lr: 6.25e-05, train_MAE: 15.6534, train_RMSE: 25.7812, train_MAPE: 11.8714]
2026-01-29 06:12:48,936 - easytorch-training - INFO - Start validation.
2026-01-29 06:13:03,850 - easytorch-training - INFO - Result <val>: [val_time: 14.91 (s), val_MAE: 18.0330, val_RMSE: 28.7843, val_MAPE: 12.1040]
2026-01-29 06:13:17,877 - easytorch-training - INFO - Evaluate best model on test data for horizon 1, Test MAE: 16.4899, Test RMSE: 27.1113, Test MAPE: 11.2405
2026-01-29 06:13:17,885 - easytorch-training - INFO - Evaluate best model on test data for horizon 2, Test MAE: 17.0764, Test RMSE: 28.2664, Test MAPE: 11.6566
2026-01-29 06:13:17,892 - easytorch-training - INFO - Evaluate best model on test data for horizon 3, Test MAE: 17.5277, Test RMSE: 29.1293, Test MAPE: 11.8681
2026-01-29 06:13:17,900 - easytorch-training - INFO - Evaluate best model on test data for horizon 4, Test MAE: 17.8697, Test RMSE: 29.7530, Test MAPE: 12.1112
2026-01-29 06:13:17,907 - easytorch-training - INFO - Evaluate best model on test data for horizon 5, Test MAE: 18.1630, Test RMSE: 30.2960, Test MAPE: 12.1556
2026-01-29 06:13:17,915 - easytorch-training - INFO - Evaluate best model on test data for horizon 6, Test MAE: 18.3932, Test RMSE: 30.7040, Test MAPE: 12.3172
2026-01-29 06:13:17,922 - easytorch-training - INFO - Evaluate best model on test data for horizon 7, Test MAE: 18.6081, Test RMSE: 31.0570, Test MAPE: 12.3780
2026-01-29 06:13:17,927 - easytorch-training - INFO - Evaluate best model on test data for horizon 8, Test MAE: 18.7869, Test RMSE: 31.3374, Test MAPE: 12.4206
2026-01-29 06:13:17,928 - easytorch-training - INFO - Evaluate best model on test data for horizon 9, Test MAE: 18.9633, Test RMSE: 31.6271, Test MAPE: 12.6058
2026-01-29 06:13:17,929 - easytorch-training - INFO - Evaluate best model on test data for horizon 10, Test MAE: 19.1157, Test RMSE: 31.8585, Test MAPE: 12.7112
2026-01-29 06:13:17,933 - easytorch-training - INFO - Evaluate best model on test data for horizon 11, Test MAE: 19.2852, Test RMSE: 32.1547, Test MAPE: 12.8186
2026-01-29 06:13:17,940 - easytorch-training - INFO - Evaluate best model on test data for horizon 12, Test MAE: 19.4097, Test RMSE: 32.2836, Test MAPE: 13.0253
2026-01-29 06:13:17,953 - easytorch-training - INFO - Result <test>: [test_time: 14.10 (s), test_MAE: 18.3074, test_RMSE: 30.5046, test_MAPE: 12.2757]
2026-01-29 06:13:18,318 - easytorch-training - INFO - Checkpoint checkpoints/STMAFNet_300/976492592f92c661f4c4ea004499e56d/STMAFNet_166.pt saved
2026-01-29 06:13:18,319 - easytorch-training - INFO - The estimated training finish time is 2026-01-29 13:24:50
2026-01-29 06:13:18,319 - easytorch-training - INFO - Epoch 167 / 300
2026-01-29 06:15:20,575 - easytorch-training - INFO - Result <train>: [train_time: 122.26 (s), lr: 6.25e-05, train_MAE: 15.6455, train_RMSE: 25.7637, train_MAPE: 11.8786]
2026-01-29 06:15:20,576 - easytorch-training - INFO - Start validation.
2026-01-29 06:15:35,530 - easytorch-training - INFO - Result <val>: [val_time: 14.95 (s), val_MAE: 18.0476, val_RMSE: 28.8052, val_MAPE: 11.8978]
2026-01-29 06:15:50,140 - easytorch-training - INFO - Evaluate best model on test data for horizon 1, Test MAE: 16.5211, Test RMSE: 27.1516, Test MAPE: 11.0306
2026-01-29 06:15:50,147 - easytorch-training - INFO - Evaluate best model on test data for horizon 2, Test MAE: 17.0982, Test RMSE: 28.3448, Test MAPE: 11.4454
2026-01-29 06:15:50,155 - easytorch-training - INFO - Evaluate best model on test data for horizon 3, Test MAE: 17.5627, Test RMSE: 29.2202, Test MAPE: 11.7079
2026-01-29 06:15:50,162 - easytorch-training - INFO - Evaluate best model on test data for horizon 4, Test MAE: 17.9066, Test RMSE: 29.8517, Test MAPE: 11.8806
2026-01-29 06:15:50,170 - easytorch-training - INFO - Evaluate best model on test data for horizon 5, Test MAE: 18.1916, Test RMSE: 30.3844, Test MAPE: 11.9681
2026-01-29 06:15:50,176 - easytorch-training - INFO - Evaluate best model on test data for horizon 6, Test MAE: 18.4105, Test RMSE: 30.7535, Test MAPE: 12.1157
2026-01-29 06:15:50,177 - easytorch-training - INFO - Evaluate best model on test data for horizon 7, Test MAE: 18.6405, Test RMSE: 31.1170, Test MAPE: 12.2247
2026-01-29 06:15:50,178 - easytorch-training - INFO - Evaluate best model on test data for horizon 8, Test MAE: 18.8095, Test RMSE: 31.4131, Test MAPE: 12.3658
2026-01-29 06:15:50,180 - easytorch-training - INFO - Evaluate best model on test data for horizon 9, Test MAE: 18.9877, Test RMSE: 31.7112, Test MAPE: 12.4917
2026-01-29 06:15:50,181 - easytorch-training - INFO - Evaluate best model on test data for horizon 10, Test MAE: 19.1318, Test RMSE: 31.9553, Test MAPE: 12.6019
2026-01-29 06:15:50,182 - easytorch-training - INFO - Evaluate best model on test data for horizon 11, Test MAE: 19.3004, Test RMSE: 32.1946, Test MAPE: 12.7537
2026-01-29 06:15:50,184 - easytorch-training - INFO - Evaluate best model on test data for horizon 12, Test MAE: 19.4267, Test RMSE: 32.3510, Test MAPE: 12.8566
2026-01-29 06:15:50,196 - easytorch-training - INFO - Result <test>: [test_time: 14.66 (s), test_MAE: 18.3323, test_RMSE: 30.5770, test_MAPE: 12.1202]
2026-01-29 06:15:50,560 - easytorch-training - INFO - Checkpoint checkpoints/STMAFNet_300/976492592f92c661f4c4ea004499e56d/STMAFNet_167.pt saved
2026-01-29 06:15:50,561 - easytorch-training - INFO - The estimated training finish time is 2026-01-29 13:23:36
2026-01-29 06:15:50,561 - easytorch-training - INFO - Epoch 168 / 300
2026-01-29 06:17:51,991 - easytorch-training - INFO - Result <train>: [train_time: 121.43 (s), lr: 6.25e-05, train_MAE: 15.6340, train_RMSE: 25.7433, train_MAPE: 11.8727]
2026-01-29 06:17:51,993 - easytorch-training - INFO - Start validation.
2026-01-29 06:18:06,902 - easytorch-training - INFO - Result <val>: [val_time: 14.91 (s), val_MAE: 18.0301, val_RMSE: 28.7969, val_MAPE: 11.9225]
2026-01-29 06:18:21,507 - easytorch-training - INFO - Evaluate best model on test data for horizon 1, Test MAE: 16.4952, Test RMSE: 27.1109, Test MAPE: 11.1424
2026-01-29 06:18:21,515 - easytorch-training - INFO - Evaluate best model on test data for horizon 2, Test MAE: 17.0700, Test RMSE: 28.2883, Test MAPE: 11.4711
2026-01-29 06:18:21,522 - easytorch-training - INFO - Evaluate best model on test data for horizon 3, Test MAE: 17.5234, Test RMSE: 29.1434, Test MAPE: 11.6479
2026-01-29 06:18:21,530 - easytorch-training - INFO - Evaluate best model on test data for horizon 4, Test MAE: 17.8617, Test RMSE: 29.7615, Test MAPE: 11.8894
2026-01-29 06:18:21,537 - easytorch-training - INFO - Evaluate best model on test data for horizon 5, Test MAE: 18.1523, Test RMSE: 30.3255, Test MAPE: 12.0063
2026-01-29 06:18:21,544 - easytorch-training - INFO - Evaluate best model on test data for horizon 6, Test MAE: 18.3873, Test RMSE: 30.7281, Test MAPE: 12.0743
2026-01-29 06:18:21,552 - easytorch-training - INFO - Evaluate best model on test data for horizon 7, Test MAE: 18.6009, Test RMSE: 31.0804, Test MAPE: 12.2234
2026-01-29 06:18:21,559 - easytorch-training - INFO - Evaluate best model on test data for horizon 8, Test MAE: 18.7867, Test RMSE: 31.3819, Test MAPE: 12.4125
2026-01-29 06:18:21,567 - easytorch-training - INFO - Evaluate best model on test data for horizon 9, Test MAE: 18.9513, Test RMSE: 31.6455, Test MAPE: 12.5194
2026-01-29 06:18:21,574 - easytorch-training - INFO - Evaluate best model on test data for horizon 10, Test MAE: 19.1083, Test RMSE: 31.9204, Test MAPE: 12.6107
2026-01-29 06:18:21,582 - easytorch-training - INFO - Evaluate best model on test data for horizon 11, Test MAE: 19.2634, Test RMSE: 32.1786, Test MAPE: 12.6992
2026-01-29 06:18:21,589 - easytorch-training - INFO - Evaluate best model on test data for horizon 12, Test MAE: 19.3863, Test RMSE: 32.3221, Test MAPE: 12.7984
2026-01-29 06:18:21,602 - easytorch-training - INFO - Result <test>: [test_time: 14.70 (s), test_MAE: 18.2989, test_RMSE: 30.5308, test_MAPE: 12.1246]
2026-01-29 06:18:21,967 - easytorch-training - INFO - Checkpoint checkpoints/STMAFNet_300/976492592f92c661f4c4ea004499e56d/STMAFNet_168.pt saved
2026-01-29 06:18:21,968 - easytorch-training - INFO - The estimated training finish time is 2026-01-29 13:22:22
2026-01-29 06:18:21,968 - easytorch-training - INFO - Epoch 169 / 300
2026-01-29 06:20:23,547 - easytorch-training - INFO - Result <train>: [train_time: 121.58 (s), lr: 6.25e-05, train_MAE: 15.6326, train_RMSE: 25.7378, train_MAPE: 11.8511]
2026-01-29 06:20:23,549 - easytorch-training - INFO - Start validation.
2026-01-29 06:20:38,478 - easytorch-training - INFO - Result <val>: [val_time: 14.93 (s), val_MAE: 18.0629, val_RMSE: 28.8102, val_MAPE: 12.0635]
2026-01-29 06:20:53,085 - easytorch-training - INFO - Evaluate best model on test data for horizon 1, Test MAE: 16.5245, Test RMSE: 27.1424, Test MAPE: 11.2066
2026-01-29 06:20:53,092 - easytorch-training - INFO - Evaluate best model on test data for horizon 2, Test MAE: 17.1319, Test RMSE: 28.3433, Test MAPE: 11.6650
2026-01-29 06:20:53,097 - easytorch-training - INFO - Evaluate best model on test data for horizon 3, Test MAE: 17.5747, Test RMSE: 29.1888, Test MAPE: 11.9021
2026-01-29 06:20:53,098 - easytorch-training - INFO - Evaluate best model on test data for horizon 4, Test MAE: 17.9307, Test RMSE: 29.8601, Test MAPE: 12.0224
2026-01-29 06:20:53,103 - easytorch-training - INFO - Evaluate best model on test data for horizon 5, Test MAE: 18.2260, Test RMSE: 30.4186, Test MAPE: 12.1450
2026-01-29 06:20:53,111 - easytorch-training - INFO - Evaluate best model on test data for horizon 6, Test MAE: 18.4432, Test RMSE: 30.8109, Test MAPE: 12.2829
2026-01-29 06:20:53,118 - easytorch-training - INFO - Evaluate best model on test data for horizon 7, Test MAE: 18.6751, Test RMSE: 31.1873, Test MAPE: 12.3963
2026-01-29 06:20:53,126 - easytorch-training - INFO - Evaluate best model on test data for horizon 8, Test MAE: 18.8468, Test RMSE: 31.4522, Test MAPE: 12.5130
2026-01-29 06:20:53,133 - easytorch-training - INFO - Evaluate best model on test data for horizon 9, Test MAE: 19.0217, Test RMSE: 31.7477, Test MAPE: 12.6259
2026-01-29 06:20:53,141 - easytorch-training - INFO - Evaluate best model on test data for horizon 10, Test MAE: 19.1933, Test RMSE: 32.0284, Test MAPE: 12.6622
2026-01-29 06:20:53,148 - easytorch-training - INFO - Evaluate best model on test data for horizon 11, Test MAE: 19.3179, Test RMSE: 32.2288, Test MAPE: 12.8441
2026-01-29 06:20:53,156 - easytorch-training - INFO - Evaluate best model on test data for horizon 12, Test MAE: 19.4487, Test RMSE: 32.3773, Test MAPE: 13.0849
2026-01-29 06:20:53,168 - easytorch-training - INFO - Result <test>: [test_time: 14.69 (s), test_MAE: 18.3612, test_RMSE: 30.6062, test_MAPE: 12.2792]
2026-01-29 06:20:53,536 - easytorch-training - INFO - Checkpoint checkpoints/STMAFNet_300/976492592f92c661f4c4ea004499e56d/STMAFNet_169.pt saved
2026-01-29 06:20:53,537 - easytorch-training - INFO - The estimated training finish time is 2026-01-29 13:21:09
2026-01-29 06:20:53,537 - easytorch-training - INFO - Epoch 170 / 300
2026-01-29 06:22:55,021 - easytorch-training - INFO - Result <train>: [train_time: 121.48 (s), lr: 6.25e-05, train_MAE: 15.6273, train_RMSE: 25.7303, train_MAPE: 11.8472]
2026-01-29 06:22:55,023 - easytorch-training - INFO - Start validation.
2026-01-29 06:23:09,977 - easytorch-training - INFO - Result <val>: [val_time: 14.95 (s), val_MAE: 18.0747, val_RMSE: 28.8117, val_MAPE: 11.9898]
2026-01-29 06:23:24,582 - easytorch-training - INFO - Evaluate best model on test data for horizon 1, Test MAE: 16.5217, Test RMSE: 27.1582, Test MAPE: 11.1276
2026-01-29 06:23:24,589 - easytorch-training - INFO - Evaluate best model on test data for horizon 2, Test MAE: 17.1375, Test RMSE: 28.3739, Test MAPE: 11.5785
2026-01-29 06:23:24,597 - easytorch-training - INFO - Evaluate best model on test data for horizon 3, Test MAE: 17.5914, Test RMSE: 29.2669, Test MAPE: 11.8173
2026-01-29 06:23:24,604 - easytorch-training - INFO - Evaluate best model on test data for horizon 4, Test MAE: 17.9716, Test RMSE: 29.9364, Test MAPE: 11.9773
2026-01-29 06:23:24,612 - easytorch-training - INFO - Evaluate best model on test data for horizon 5, Test MAE: 18.2650, Test RMSE: 30.4991, Test MAPE: 12.1368
2026-01-29 06:23:24,619 - easytorch-training - INFO - Evaluate best model on test data for horizon 6, Test MAE: 18.4863, Test RMSE: 30.8816, Test MAPE: 12.1925
2026-01-29 06:23:24,620 - easytorch-training - INFO - Evaluate best model on test data for horizon 7, Test MAE: 18.7053, Test RMSE: 31.2254, Test MAPE: 12.4179
2026-01-29 06:23:24,622 - easytorch-training - INFO - Evaluate best model on test data for horizon 8, Test MAE: 18.8793, Test RMSE: 31.5508, Test MAPE: 12.4721
2026-01-29 06:23:24,623 - easytorch-training - INFO - Evaluate best model on test data for horizon 9, Test MAE: 19.0627, Test RMSE: 31.8470, Test MAPE: 12.6223
2026-01-29 06:23:24,624 - easytorch-training - INFO - Evaluate best model on test data for horizon 10, Test MAE: 19.2318, Test RMSE: 32.1231, Test MAPE: 12.6504
2026-01-29 06:23:24,625 - easytorch-training - INFO - Evaluate best model on test data for horizon 11, Test MAE: 19.3907, Test RMSE: 32.3695, Test MAPE: 12.8163
2026-01-29 06:23:24,627 - easytorch-training - INFO - Evaluate best model on test data for horizon 12, Test MAE: 19.5172, Test RMSE: 32.5444, Test MAPE: 12.9391
2026-01-29 06:23:24,637 - easytorch-training - INFO - Result <test>: [test_time: 14.66 (s), test_MAE: 18.3967, test_RMSE: 30.6904, test_MAPE: 12.2290]
2026-01-29 06:23:25,000 - easytorch-training - INFO - Checkpoint checkpoints/STMAFNet_300/976492592f92c661f4c4ea004499e56d/STMAFNet_170.pt saved
2026-01-29 06:23:25,030 - easytorch-training - INFO - The estimated training finish time is 2026-01-29 13:19:56
2026-01-29 06:23:25,030 - easytorch-training - INFO - Epoch 171 / 300
2026-01-29 06:25:26,621 - easytorch-training - INFO - Result <train>: [train_time: 121.59 (s), lr: 6.25e-05, train_MAE: 15.6047, train_RMSE: 25.6926, train_MAPE: 11.8477]
2026-01-29 06:25:26,623 - easytorch-training - INFO - Start validation.
2026-01-29 06:25:41,579 - easytorch-training - INFO - Result <val>: [val_time: 14.96 (s), val_MAE: 18.0575, val_RMSE: 28.8114, val_MAPE: 12.0315]
2026-01-29 06:25:56,193 - easytorch-training - INFO - Evaluate best model on test data for horizon 1, Test MAE: 16.5553, Test RMSE: 27.1828, Test MAPE: 11.2256
2026-01-29 06:25:56,200 - easytorch-training - INFO - Evaluate best model on test data for horizon 2, Test MAE: 17.1326, Test RMSE: 28.3708, Test MAPE: 11.5952
2026-01-29 06:25:56,208 - easytorch-training - INFO - Evaluate best model on test data for horizon 3, Test MAE: 17.6015, Test RMSE: 29.2516, Test MAPE: 11.8660
2026-01-29 06:25:56,215 - easytorch-training - INFO - Evaluate best model on test data for horizon 4, Test MAE: 17.9534, Test RMSE: 29.9080, Test MAPE: 12.0868
2026-01-29 06:25:56,223 - easytorch-training - INFO - Evaluate best model on test data for horizon 5, Test MAE: 18.2433, Test RMSE: 30.4418, Test MAPE: 12.2046
2026-01-29 06:25:56,230 - easytorch-training - INFO - Evaluate best model on test data for horizon 6, Test MAE: 18.4589, Test RMSE: 30.8488, Test MAPE: 12.2147
2026-01-29 06:25:56,238 - easytorch-training - INFO - Evaluate best model on test data for horizon 7, Test MAE: 18.6727, Test RMSE: 31.2040, Test MAPE: 12.3363
2026-01-29 06:25:56,245 - easytorch-training - INFO - Evaluate best model on test data for horizon 8, Test MAE: 18.8584, Test RMSE: 31.5102, Test MAPE: 12.4113
2026-01-29 06:25:56,252 - easytorch-training - INFO - Evaluate best model on test data for horizon 9, Test MAE: 19.0251, Test RMSE: 31.8082, Test MAPE: 12.5901
2026-01-29 06:25:56,260 - easytorch-training - INFO - Evaluate best model on test data for horizon 10, Test MAE: 19.1958, Test RMSE: 32.0843, Test MAPE: 12.6776
2026-01-29 06:25:56,268 - easytorch-training - INFO - Evaluate best model on test data for horizon 11, Test MAE: 19.3553, Test RMSE: 32.3190, Test MAPE: 12.8827
2026-01-29 06:25:56,275 - easytorch-training - INFO - Evaluate best model on test data for horizon 12, Test MAE: 19.4598, Test RMSE: 32.4568, Test MAPE: 12.9585
2026-01-29 06:25:56,286 - easytorch-training - INFO - Result <test>: [test_time: 14.71 (s), test_MAE: 18.3760, test_RMSE: 30.6567, test_MAPE: 12.2541]
2026-01-29 06:25:56,650 - easytorch-training - INFO - Checkpoint checkpoints/STMAFNet_300/976492592f92c661f4c4ea004499e56d/STMAFNet_171.pt saved
2026-01-29 06:25:56,650 - easytorch-training - INFO - The estimated training finish time is 2026-01-29 13:18:45
2026-01-29 06:25:56,650 - easytorch-training - INFO - Epoch 172 / 300
2026-01-29 06:27:58,147 - easytorch-training - INFO - Result <train>: [train_time: 121.50 (s), lr: 6.25e-05, train_MAE: 15.6024, train_RMSE: 25.6916, train_MAPE: 11.8622]
2026-01-29 06:27:58,149 - easytorch-training - INFO - Start validation.
2026-01-29 06:28:13,070 - easytorch-training - INFO - Result <val>: [val_time: 14.92 (s), val_MAE: 18.0453, val_RMSE: 28.8425, val_MAPE: 11.9801]
2026-01-29 06:28:27,677 - easytorch-training - INFO - Evaluate best model on test data for horizon 1, Test MAE: 16.5158, Test RMSE: 27.1766, Test MAPE: 11.0522
2026-01-29 06:28:27,685 - easytorch-training - INFO - Evaluate best model on test data for horizon 2, Test MAE: 17.1052, Test RMSE: 28.3480, Test MAPE: 11.4541
2026-01-29 06:28:27,692 - easytorch-training - INFO - Evaluate best model on test data for horizon 3, Test MAE: 17.5645, Test RMSE: 29.2205, Test MAPE: 11.8220
2026-01-29 06:28:27,700 - easytorch-training - INFO - Evaluate best model on test data for horizon 4, Test MAE: 17.9231, Test RMSE: 29.8747, Test MAPE: 12.0165
2026-01-29 06:28:27,707 - easytorch-training - INFO - Evaluate best model on test data for horizon 5, Test MAE: 18.2123, Test RMSE: 30.4278, Test MAPE: 12.1234
2026-01-29 06:28:27,715 - easytorch-training - INFO - Evaluate best model on test data for horizon 6, Test MAE: 18.4417, Test RMSE: 30.8232, Test MAPE: 12.2780
2026-01-29 06:28:27,716 - easytorch-training - INFO - Evaluate best model on test data for horizon 7, Test MAE: 18.6585, Test RMSE: 31.1978, Test MAPE: 12.3180
2026-01-29 06:28:27,718 - easytorch-training - INFO - Evaluate best model on test data for horizon 8, Test MAE: 18.8421, Test RMSE: 31.4994, Test MAPE: 12.3814
2026-01-29 06:28:27,719 - easytorch-training - INFO - Evaluate best model on test data for horizon 9, Test MAE: 19.0144, Test RMSE: 31.7877, Test MAPE: 12.5667
2026-01-29 06:28:27,720 - easytorch-training - INFO - Evaluate best model on test data for horizon 10, Test MAE: 19.1643, Test RMSE: 32.0382, Test MAPE: 12.6246
2026-01-29 06:28:27,721 - easytorch-training - INFO - Evaluate best model on test data for horizon 11, Test MAE: 19.3184, Test RMSE: 32.2982, Test MAPE: 12.8057
2026-01-29 06:28:27,722 - easytorch-training - INFO - Evaluate best model on test data for horizon 12, Test MAE: 19.4520, Test RMSE: 32.4810, Test MAPE: 12.8783
2026-01-29 06:28:27,733 - easytorch-training - INFO - Result <test>: [test_time: 14.66 (s), test_MAE: 18.3511, test_RMSE: 30.6391, test_MAPE: 12.1934]
2026-01-29 06:28:28,099 - easytorch-training - INFO - Checkpoint checkpoints/STMAFNet_300/976492592f92c661f4c4ea004499e56d/STMAFNet_172.pt saved
2026-01-29 06:28:28,100 - easytorch-training - INFO - The estimated training finish time is 2026-01-29 13:17:34
2026-01-29 06:28:28,100 - easytorch-training - INFO - Epoch 173 / 300
2026-01-29 06:30:30,320 - easytorch-training - INFO - Result <train>: [train_time: 122.22 (s), lr: 6.25e-05, train_MAE: 15.6015, train_RMSE: 25.6899, train_MAPE: 11.8447]
2026-01-29 06:30:30,322 - easytorch-training - INFO - Start validation.
2026-01-29 06:30:44,597 - easytorch-training - INFO - Result <val>: [val_time: 14.27 (s), val_MAE: 18.0677, val_RMSE: 28.8057, val_MAPE: 12.0386]
2026-01-29 06:30:59,208 - easytorch-training - INFO - Evaluate best model on test data for horizon 1, Test MAE: 16.5453, Test RMSE: 27.1579, Test MAPE: 11.1340
2026-01-29 06:30:59,215 - easytorch-training - INFO - Evaluate best model on test data for horizon 2, Test MAE: 17.1452, Test RMSE: 28.3288, Test MAPE: 11.5625
2026-01-29 06:30:59,223 - easytorch-training - INFO - Evaluate best model on test data for horizon 3, Test MAE: 17.5750, Test RMSE: 29.1838, Test MAPE: 11.8204
2026-01-29 06:30:59,230 - easytorch-training - INFO - Evaluate best model on test data for horizon 4, Test MAE: 17.9007, Test RMSE: 29.7977, Test MAPE: 11.8722
2026-01-29 06:30:59,238 - easytorch-training - INFO - Evaluate best model on test data for horizon 5, Test MAE: 18.2019, Test RMSE: 30.3551, Test MAPE: 12.0582
2026-01-29 06:30:59,245 - easytorch-training - INFO - Evaluate best model on test data for horizon 6, Test MAE: 18.4551, Test RMSE: 30.7720, Test MAPE: 12.2988
2026-01-29 06:30:59,253 - easytorch-training - INFO - Evaluate best model on test data for horizon 7, Test MAE: 18.6497, Test RMSE: 31.1121, Test MAPE: 12.3775
2026-01-29 06:30:59,260 - easytorch-training - INFO - Evaluate best model on test data for horizon 8, Test MAE: 18.8550, Test RMSE: 31.4360, Test MAPE: 12.5465
2026-01-29 06:30:59,267 - easytorch-training - INFO - Evaluate best model on test data for horizon 9, Test MAE: 19.0076, Test RMSE: 31.7156, Test MAPE: 12.5727
2026-01-29 06:30:59,275 - easytorch-training - INFO - Evaluate best model on test data for horizon 10, Test MAE: 19.1762, Test RMSE: 31.9776, Test MAPE: 12.7458
2026-01-29 06:30:59,282 - easytorch-training - INFO - Evaluate best model on test data for horizon 11, Test MAE: 19.3302, Test RMSE: 32.2386, Test MAPE: 12.8993
2026-01-29 06:30:59,290 - easytorch-training - INFO - Evaluate best model on test data for horizon 12, Test MAE: 19.4614, Test RMSE: 32.4061, Test MAPE: 13.0754
2026-01-29 06:30:59,303 - easytorch-training - INFO - Result <test>: [test_time: 14.71 (s), test_MAE: 18.3586, test_RMSE: 30.5807, test_MAPE: 12.2470]
2026-01-29 06:30:59,670 - easytorch-training - INFO - Checkpoint checkpoints/STMAFNet_300/976492592f92c661f4c4ea004499e56d/STMAFNet_173.pt saved
2026-01-29 06:30:59,671 - easytorch-training - INFO - The estimated training finish time is 2026-01-29 13:16:25
2026-01-29 06:30:59,671 - easytorch-training - INFO - Epoch 174 / 300
2026-01-29 06:33:02,405 - easytorch-training - INFO - Result <train>: [train_time: 122.73 (s), lr: 6.25e-05, train_MAE: 15.6005, train_RMSE: 25.6837, train_MAPE: 11.8425]
2026-01-29 06:33:02,407 - easytorch-training - INFO - Start validation.
2026-01-29 06:33:17,219 - easytorch-training - INFO - Result <val>: [val_time: 14.81 (s), val_MAE: 18.0867, val_RMSE: 28.8667, val_MAPE: 12.1037]
2026-01-29 06:33:31,087 - easytorch-training - INFO - Evaluate best model on test data for horizon 1, Test MAE: 16.5370, Test RMSE: 27.1606, Test MAPE: 11.3011
2026-01-29 06:33:31,095 - easytorch-training - INFO - Evaluate best model on test data for horizon 2, Test MAE: 17.1396, Test RMSE: 28.3616, Test MAPE: 11.7129
2026-01-29 06:33:31,102 - easytorch-training - INFO - Evaluate best model on test data for horizon 3, Test MAE: 17.6111, Test RMSE: 29.2606, Test MAPE: 11.9333
2026-01-29 06:33:31,110 - easytorch-training - INFO - Evaluate best model on test data for horizon 4, Test MAE: 17.9779, Test RMSE: 29.9427, Test MAPE: 12.0479
2026-01-29 06:33:31,117 - easytorch-training - INFO - Evaluate best model on test data for horizon 5, Test MAE: 18.2687, Test RMSE: 30.4815, Test MAPE: 12.2577
2026-01-29 06:33:31,125 - easytorch-training - INFO - Evaluate best model on test data for horizon 6, Test MAE: 18.4933, Test RMSE: 30.8962, Test MAPE: 12.2396
2026-01-29 06:33:31,132 - easytorch-training - INFO - Evaluate best model on test data for horizon 7, Test MAE: 18.7106, Test RMSE: 31.2440, Test MAPE: 12.4147
2026-01-29 06:33:31,140 - easytorch-training - INFO - Evaluate best model on test data for horizon 8, Test MAE: 18.9024, Test RMSE: 31.5806, Test MAPE: 12.4291
2026-01-29 06:33:31,147 - easytorch-training - INFO - Evaluate best model on test data for horizon 9, Test MAE: 19.0817, Test RMSE: 31.8597, Test MAPE: 12.6876
2026-01-29 06:33:31,154 - easytorch-training - INFO - Evaluate best model on test data for horizon 10, Test MAE: 19.2371, Test RMSE: 32.1220, Test MAPE: 12.7263
2026-01-29 06:33:31,162 - easytorch-training - INFO - Evaluate best model on test data for horizon 11, Test MAE: 19.3943, Test RMSE: 32.3702, Test MAPE: 12.9551
2026-01-29 06:33:31,169 - easytorch-training - INFO - Evaluate best model on test data for horizon 12, Test MAE: 19.5302, Test RMSE: 32.5298, Test MAPE: 13.0659
2026-01-29 06:33:31,182 - easytorch-training - INFO - Result <test>: [test_time: 13.96 (s), test_MAE: 18.4070, test_RMSE: 30.6933, test_MAPE: 12.3143]
2026-01-29 06:33:31,549 - easytorch-training - INFO - Checkpoint checkpoints/STMAFNet_300/976492592f92c661f4c4ea004499e56d/STMAFNet_174.pt saved
2026-01-29 06:33:31,550 - easytorch-training - INFO - The estimated training finish time is 2026-01-29 13:15:16
2026-01-29 06:33:31,550 - easytorch-training - INFO - Epoch 175 / 300
2026-01-29 06:35:35,018 - easytorch-training - INFO - Result <train>: [train_time: 123.47 (s), lr: 6.25e-05, train_MAE: 15.5942, train_RMSE: 25.6787, train_MAPE: 11.8329]
2026-01-29 06:35:35,020 - easytorch-training - INFO - Start validation.
2026-01-29 06:35:49,515 - easytorch-training - INFO - Result <val>: [val_time: 14.50 (s), val_MAE: 18.0727, val_RMSE: 28.8621, val_MAPE: 11.9768]
2026-01-29 06:36:03,632 - easytorch-training - INFO - Evaluate best model on test data for horizon 1, Test MAE: 16.5250, Test RMSE: 27.1452, Test MAPE: 11.1911
2026-01-29 06:36:03,639 - easytorch-training - INFO - Evaluate best model on test data for horizon 2, Test MAE: 17.1193, Test RMSE: 28.3443, Test MAPE: 11.5570
2026-01-29 06:36:03,647 - easytorch-training - INFO - Evaluate best model on test data for horizon 3, Test MAE: 17.5852, Test RMSE: 29.2314, Test MAPE: 11.8154
2026-01-29 06:36:03,654 - easytorch-training - INFO - Evaluate best model on test data for horizon 4, Test MAE: 17.9575, Test RMSE: 29.9158, Test MAPE: 11.9884
2026-01-29 06:36:03,662 - easytorch-training - INFO - Evaluate best model on test data for horizon 5, Test MAE: 18.2344, Test RMSE: 30.4895, Test MAPE: 12.0791
2026-01-29 06:36:03,669 - easytorch-training - INFO - Evaluate best model on test data for horizon 6, Test MAE: 18.4734, Test RMSE: 30.9116, Test MAPE: 12.1414
2026-01-29 06:36:03,676 - easytorch-training - INFO - Evaluate best model on test data for horizon 7, Test MAE: 18.6825, Test RMSE: 31.2579, Test MAPE: 12.2868
2026-01-29 06:36:03,684 - easytorch-training - INFO - Evaluate best model on test data for horizon 8, Test MAE: 18.8654, Test RMSE: 31.5453, Test MAPE: 12.4029
2026-01-29 06:36:03,691 - easytorch-training - INFO - Evaluate best model on test data for horizon 9, Test MAE: 19.0540, Test RMSE: 31.8615, Test MAPE: 12.5373
2026-01-29 06:36:03,699 - easytorch-training - INFO - Evaluate best model on test data for horizon 10, Test MAE: 19.2181, Test RMSE: 32.1188, Test MAPE: 12.6354
2026-01-29 06:36:03,700 - easytorch-training - INFO - Evaluate best model on test data for horizon 11, Test MAE: 19.3686, Test RMSE: 32.3655, Test MAPE: 12.8262
2026-01-29 06:36:03,704 - easytorch-training - INFO - Evaluate best model on test data for horizon 12, Test MAE: 19.4831, Test RMSE: 32.4963, Test MAPE: 13.0004
2026-01-29 06:36:03,716 - easytorch-training - INFO - Result <test>: [test_time: 14.20 (s), test_MAE: 18.3806, test_RMSE: 30.6830, test_MAPE: 12.2051]
2026-01-29 06:36:04,079 - easytorch-training - INFO - Checkpoint checkpoints/STMAFNet_300/976492592f92c661f4c4ea004499e56d/STMAFNet_175.pt saved
2026-01-29 06:36:04,080 - easytorch-training - INFO - The estimated training finish time is 2026-01-29 13:14:10
2026-01-29 06:36:04,080 - easytorch-training - INFO - Epoch 176 / 300
2026-01-29 06:38:06,677 - easytorch-training - INFO - Result <train>: [train_time: 122.60 (s), lr: 6.25e-05, train_MAE: 15.5846, train_RMSE: 25.6525, train_MAPE: 11.8316]
2026-01-29 06:38:06,677 - easytorch-training - INFO - Start validation.
2026-01-29 06:38:21,629 - easytorch-training - INFO - Result <val>: [val_time: 14.95 (s), val_MAE: 18.0881, val_RMSE: 28.8518, val_MAPE: 12.2139]
2026-01-29 06:38:35,713 - easytorch-training - INFO - Evaluate best model on test data for horizon 1, Test MAE: 16.5373, Test RMSE: 27.1648, Test MAPE: 11.3636
2026-01-29 06:38:35,718 - easytorch-training - INFO - Evaluate best model on test data for horizon 2, Test MAE: 17.1315, Test RMSE: 28.3585, Test MAPE: 11.7400
2026-01-29 06:38:35,720 - easytorch-training - INFO - Evaluate best model on test data for horizon 3, Test MAE: 17.6026, Test RMSE: 29.2508, Test MAPE: 12.0290
2026-01-29 06:38:35,724 - easytorch-training - INFO - Evaluate best model on test data for horizon 4, Test MAE: 17.9566, Test RMSE: 29.9035, Test MAPE: 12.1867
2026-01-29 06:38:35,731 - easytorch-training - INFO - Evaluate best model on test data for horizon 5, Test MAE: 18.2776, Test RMSE: 30.4642, Test MAPE: 12.4873
2026-01-29 06:38:35,739 - easytorch-training - INFO - Evaluate best model on test data for horizon 6, Test MAE: 18.4956, Test RMSE: 30.8741, Test MAPE: 12.3883
2026-01-29 06:38:35,746 - easytorch-training - INFO - Evaluate best model on test data for horizon 7, Test MAE: 18.7029, Test RMSE: 31.2269, Test MAPE: 12.5133
2026-01-29 06:38:35,754 - easytorch-training - INFO - Evaluate best model on test data for horizon 8, Test MAE: 18.8946, Test RMSE: 31.5376, Test MAPE: 12.6050
2026-01-29 06:38:35,761 - easytorch-training - INFO - Evaluate best model on test data for horizon 9, Test MAE: 19.0711, Test RMSE: 31.8107, Test MAPE: 12.8054
2026-01-29 06:38:35,769 - easytorch-training - INFO - Evaluate best model on test data for horizon 10, Test MAE: 19.2176, Test RMSE: 32.0670, Test MAPE: 12.7413
2026-01-29 06:38:35,776 - easytorch-training - INFO - Evaluate best model on test data for horizon 11, Test MAE: 19.3818, Test RMSE: 32.3158, Test MAPE: 12.9592
2026-01-29 06:38:35,784 - easytorch-training - INFO - Evaluate best model on test data for horizon 12, Test MAE: 19.5114, Test RMSE: 32.4740, Test MAPE: 13.1819
2026-01-29 06:38:35,797 - easytorch-training - INFO - Result <test>: [test_time: 14.17 (s), test_MAE: 18.3984, test_RMSE: 30.6623, test_MAPE: 12.4168]
2026-01-29 06:38:36,175 - easytorch-training - INFO - Checkpoint checkpoints/STMAFNet_300/976492592f92c661f4c4ea004499e56d/STMAFNet_176.pt saved
2026-01-29 06:38:36,175 - easytorch-training - INFO - The estimated training finish time is 2026-01-29 13:13:03
2026-01-29 06:38:36,176 - easytorch-training - INFO - Epoch 177 / 300
2026-01-29 06:40:38,335 - easytorch-training - INFO - Result <train>: [train_time: 122.16 (s), lr: 6.25e-05, train_MAE: 15.5769, train_RMSE: 25.6454, train_MAPE: 11.8253]
2026-01-29 06:40:38,336 - easytorch-training - INFO - Start validation.
2026-01-29 06:40:53,247 - easytorch-training - INFO - Result <val>: [val_time: 14.91 (s), val_MAE: 18.0834, val_RMSE: 28.8738, val_MAPE: 12.0155]
2026-01-29 06:41:07,865 - easytorch-training - INFO - Evaluate best model on test data for horizon 1, Test MAE: 16.5323, Test RMSE: 27.1718, Test MAPE: 11.0184
2026-01-29 06:41:07,872 - easytorch-training - INFO - Evaluate best model on test data for horizon 2, Test MAE: 17.1388, Test RMSE: 28.4071, Test MAPE: 11.4026
2026-01-29 06:41:07,880 - easytorch-training - INFO - Evaluate best model on test data for horizon 3, Test MAE: 17.5924, Test RMSE: 29.2738, Test MAPE: 11.6584
2026-01-29 06:41:07,887 - easytorch-training - INFO - Evaluate best model on test data for horizon 4, Test MAE: 17.9571, Test RMSE: 29.9553, Test MAPE: 11.8934
2026-01-29 06:41:07,895 - easytorch-training - INFO - Evaluate best model on test data for horizon 5, Test MAE: 18.2770, Test RMSE: 30.5420, Test MAPE: 12.1288
2026-01-29 06:41:07,898 - easytorch-training - INFO - Evaluate best model on test data for horizon 6, Test MAE: 18.5213, Test RMSE: 30.9692, Test MAPE: 12.3082
2026-01-29 06:41:07,900 - easytorch-training - INFO - Evaluate best model on test data for horizon 7, Test MAE: 18.7331, Test RMSE: 31.3435, Test MAPE: 12.3376
2026-01-29 06:41:07,901 - easytorch-training - INFO - Evaluate best model on test data for horizon 8, Test MAE: 18.9215, Test RMSE: 31.6633, Test MAPE: 12.4455
2026-01-29 06:41:07,902 - easytorch-training - INFO - Evaluate best model on test data for horizon 9, Test MAE: 19.1204, Test RMSE: 31.9819, Test MAPE: 12.5948
2026-01-29 06:41:07,903 - easytorch-training - INFO - Evaluate best model on test data for horizon 10, Test MAE: 19.3051, Test RMSE: 32.2564, Test MAPE: 12.8002
2026-01-29 06:41:07,904 - easytorch-training - INFO - Evaluate best model on test data for horizon 11, Test MAE: 19.4570, Test RMSE: 32.5208, Test MAPE: 12.9353
2026-01-29 06:41:07,910 - easytorch-training - INFO - Evaluate best model on test data for horizon 12, Test MAE: 19.5973, Test RMSE: 32.6818, Test MAPE: 13.1347
2026-01-29 06:41:07,923 - easytorch-training - INFO - Result <test>: [test_time: 14.67 (s), test_MAE: 18.4295, test_RMSE: 30.7754, test_MAPE: 12.2215]
2026-01-29 06:41:08,289 - easytorch-training - INFO - Checkpoint checkpoints/STMAFNet_300/976492592f92c661f4c4ea004499e56d/STMAFNet_177.pt saved
2026-01-29 06:41:08,290 - easytorch-training - INFO - The estimated training finish time is 2026-01-29 13:11:58
2026-01-29 06:41:08,290 - easytorch-training - INFO - Epoch 178 / 300
2026-01-29 06:43:09,811 - easytorch-training - INFO - Result <train>: [train_time: 121.52 (s), lr: 6.25e-05, train_MAE: 15.5634, train_RMSE: 25.6316, train_MAPE: 11.8200]
2026-01-29 06:43:09,813 - easytorch-training - INFO - Start validation.
2026-01-29 06:43:24,778 - easytorch-training - INFO - Result <val>: [val_time: 14.96 (s), val_MAE: 18.1228, val_RMSE: 28.9049, val_MAPE: 12.0770]
2026-01-29 06:43:39,403 - easytorch-training - INFO - Evaluate best model on test data for horizon 1, Test MAE: 16.5621, Test RMSE: 27.2012, Test MAPE: 11.2445
2026-01-29 06:43:39,410 - easytorch-training - INFO - Evaluate best model on test data for horizon 2, Test MAE: 17.1719, Test RMSE: 28.4419, Test MAPE: 11.5628
2026-01-29 06:43:39,417 - easytorch-training - INFO - Evaluate best model on test data for horizon 3, Test MAE: 17.6416, Test RMSE: 29.3208, Test MAPE: 11.8811
2026-01-29 06:43:39,425 - easytorch-training - INFO - Evaluate best model on test data for horizon 4, Test MAE: 18.0126, Test RMSE: 29.9854, Test MAPE: 12.1188
2026-01-29 06:43:39,432 - easytorch-training - INFO - Evaluate best model on test data for horizon 5, Test MAE: 18.3083, Test RMSE: 30.5512, Test MAPE: 12.1277
2026-01-29 06:43:39,440 - easytorch-training - INFO - Evaluate best model on test data for horizon 6, Test MAE: 18.5566, Test RMSE: 30.9678, Test MAPE: 12.3377
2026-01-29 06:43:39,447 - easytorch-training - INFO - Evaluate best model on test data for horizon 7, Test MAE: 18.7634, Test RMSE: 31.3235, Test MAPE: 12.3971
2026-01-29 06:43:39,455 - easytorch-training - INFO - Evaluate best model on test data for horizon 8, Test MAE: 18.9545, Test RMSE: 31.6422, Test MAPE: 12.5124
2026-01-29 06:43:39,462 - easytorch-training - INFO - Evaluate best model on test data for horizon 9, Test MAE: 19.1334, Test RMSE: 31.9095, Test MAPE: 12.6505
2026-01-29 06:43:39,470 - easytorch-training - INFO - Evaluate best model on test data for horizon 10, Test MAE: 19.2811, Test RMSE: 32.1592, Test MAPE: 12.7688
2026-01-29 06:43:39,477 - easytorch-training - INFO - Evaluate best model on test data for horizon 11, Test MAE: 19.4259, Test RMSE: 32.3832, Test MAPE: 12.9785
2026-01-29 06:43:39,485 - easytorch-training - INFO - Evaluate best model on test data for horizon 12, Test MAE: 19.5482, Test RMSE: 32.5482, Test MAPE: 13.1161
2026-01-29 06:43:39,497 - easytorch-training - INFO - Result <test>: [test_time: 14.72 (s), test_MAE: 18.4466, test_RMSE: 30.7449, test_MAPE: 12.3080]
2026-01-29 06:43:39,862 - easytorch-training - INFO - Checkpoint checkpoints/STMAFNet_300/976492592f92c661f4c4ea004499e56d/STMAFNet_178.pt saved
2026-01-29 06:43:39,863 - easytorch-training - INFO - The estimated training finish time is 2026-01-29 13:10:52
2026-01-29 06:43:39,863 - easytorch-training - INFO - Epoch 179 / 300
2026-01-29 06:45:41,354 - easytorch-training - INFO - Result <train>: [train_time: 121.49 (s), lr: 6.25e-05, train_MAE: 15.5534, train_RMSE: 25.6104, train_MAPE: 11.8365]
2026-01-29 06:45:41,355 - easytorch-training - INFO - Start validation.
2026-01-29 06:45:56,313 - easytorch-training - INFO - Result <val>: [val_time: 14.96 (s), val_MAE: 18.0904, val_RMSE: 28.9050, val_MAPE: 12.1392]
2026-01-29 06:46:10,935 - easytorch-training - INFO - Evaluate best model on test data for horizon 1, Test MAE: 16.5391, Test RMSE: 27.1996, Test MAPE: 11.2593
2026-01-29 06:46:10,942 - easytorch-training - INFO - Evaluate best model on test data for horizon 2, Test MAE: 17.1527, Test RMSE: 28.4070, Test MAPE: 11.7649
2026-01-29 06:46:10,950 - easytorch-training - INFO - Evaluate best model on test data for horizon 3, Test MAE: 17.6152, Test RMSE: 29.2990, Test MAPE: 11.9409
2026-01-29 06:46:10,957 - easytorch-training - INFO - Evaluate best model on test data for horizon 4, Test MAE: 17.9775, Test RMSE: 29.9589, Test MAPE: 12.0932
2026-01-29 06:46:10,964 - easytorch-training - INFO - Evaluate best model on test data for horizon 5, Test MAE: 18.2640, Test RMSE: 30.5134, Test MAPE: 12.2447
2026-01-29 06:46:10,972 - easytorch-training - INFO - Evaluate best model on test data for horizon 6, Test MAE: 18.4997, Test RMSE: 30.9431, Test MAPE: 12.3962
2026-01-29 06:46:10,979 - easytorch-training - INFO - Evaluate best model on test data for horizon 7, Test MAE: 18.7145, Test RMSE: 31.2845, Test MAPE: 12.5348
2026-01-29 06:46:10,987 - easytorch-training - INFO - Evaluate best model on test data for horizon 8, Test MAE: 18.9164, Test RMSE: 31.6120, Test MAPE: 12.6370
2026-01-29 06:46:10,992 - easytorch-training - INFO - Evaluate best model on test data for horizon 9, Test MAE: 19.0929, Test RMSE: 31.9111, Test MAPE: 12.7408
2026-01-29 06:46:10,994 - easytorch-training - INFO - Evaluate best model on test data for horizon 10, Test MAE: 19.2381, Test RMSE: 32.1706, Test MAPE: 12.7797
2026-01-29 06:46:11,002 - easytorch-training - INFO - Evaluate best model on test data for horizon 11, Test MAE: 19.3936, Test RMSE: 32.4219, Test MAPE: 12.9901
2026-01-29 06:46:11,009 - easytorch-training - INFO - Evaluate best model on test data for horizon 12, Test MAE: 19.5362, Test RMSE: 32.6056, Test MAPE: 13.1546
2026-01-29 06:46:11,022 - easytorch-training - INFO - Result <test>: [test_time: 14.71 (s), test_MAE: 18.4117, test_RMSE: 30.7367, test_MAPE: 12.3780]
2026-01-29 06:46:11,386 - easytorch-training - INFO - Checkpoint checkpoints/STMAFNet_300/976492592f92c661f4c4ea004499e56d/STMAFNet_179.pt saved
2026-01-29 06:46:11,387 - easytorch-training - INFO - The estimated training finish time is 2026-01-29 13:09:47
2026-01-29 06:46:11,387 - easytorch-training - INFO - Epoch 180 / 300
2026-01-29 06:48:12,974 - easytorch-training - INFO - Result <train>: [train_time: 121.59 (s), lr: 6.25e-05, train_MAE: 15.5571, train_RMSE: 25.6138, train_MAPE: 11.8166]
2026-01-29 06:48:12,976 - easytorch-training - INFO - Start validation.
2026-01-29 06:48:27,889 - easytorch-training - INFO - Result <val>: [val_time: 14.91 (s), val_MAE: 18.1334, val_RMSE: 28.9435, val_MAPE: 12.0358]
2026-01-29 06:48:42,505 - easytorch-training - INFO - Evaluate best model on test data for horizon 1, Test MAE: 16.5776, Test RMSE: 27.2395, Test MAPE: 11.2806
2026-01-29 06:48:42,513 - easytorch-training - INFO - Evaluate best model on test data for horizon 2, Test MAE: 17.1946, Test RMSE: 28.4932, Test MAPE: 11.6761
2026-01-29 06:48:42,515 - easytorch-training - INFO - Evaluate best model on test data for horizon 3, Test MAE: 17.6592, Test RMSE: 29.3831, Test MAPE: 11.8450
2026-01-29 06:48:42,517 - easytorch-training - INFO - Evaluate best model on test data for horizon 4, Test MAE: 18.0234, Test RMSE: 30.0698, Test MAPE: 11.9975
2026-01-29 06:48:42,524 - easytorch-training - INFO - Evaluate best model on test data for horizon 5, Test MAE: 18.3291, Test RMSE: 30.6200, Test MAPE: 12.1122
2026-01-29 06:48:42,532 - easytorch-training - INFO - Evaluate best model on test data for horizon 6, Test MAE: 18.5528, Test RMSE: 31.0263, Test MAPE: 12.2502
2026-01-29 06:48:42,539 - easytorch-training - INFO - Evaluate best model on test data for horizon 7, Test MAE: 18.7655, Test RMSE: 31.3944, Test MAPE: 12.3748
2026-01-29 06:48:42,547 - easytorch-training - INFO - Evaluate best model on test data for horizon 8, Test MAE: 18.9489, Test RMSE: 31.7159, Test MAPE: 12.5691
2026-01-29 06:48:42,554 - easytorch-training - INFO - Evaluate best model on test data for horizon 9, Test MAE: 19.1510, Test RMSE: 32.0379, Test MAPE: 12.6159
2026-01-29 06:48:42,561 - easytorch-training - INFO - Evaluate best model on test data for horizon 10, Test MAE: 19.2850, Test RMSE: 32.2813, Test MAPE: 12.6324
2026-01-29 06:48:42,569 - easytorch-training - INFO - Evaluate best model on test data for horizon 11, Test MAE: 19.4458, Test RMSE: 32.5156, Test MAPE: 12.7962
2026-01-29 06:48:42,576 - easytorch-training - INFO - Evaluate best model on test data for horizon 12, Test MAE: 19.5811, Test RMSE: 32.6982, Test MAPE: 12.8895
2026-01-29 06:48:42,589 - easytorch-training - INFO - Result <test>: [test_time: 14.70 (s), test_MAE: 18.4595, test_RMSE: 30.8330, test_MAPE: 12.2533]
2026-01-29 06:48:42,951 - easytorch-training - INFO - Checkpoint checkpoints/STMAFNet_300/976492592f92c661f4c4ea004499e56d/STMAFNet_180.pt saved
2026-01-29 06:48:42,981 - easytorch-training - INFO - The estimated training finish time is 2026-01-29 13:08:42
2026-01-29 06:48:42,981 - easytorch-training - INFO - Epoch 181 / 300
2026-01-29 06:50:44,537 - easytorch-training - INFO - Result <train>: [train_time: 121.56 (s), lr: 6.25e-05, train_MAE: 15.5479, train_RMSE: 25.5976, train_MAPE: 11.8181]
2026-01-29 06:50:44,539 - easytorch-training - INFO - Start validation.
2026-01-29 06:50:59,502 - easytorch-training - INFO - Result <val>: [val_time: 14.96 (s), val_MAE: 18.0692, val_RMSE: 28.8376, val_MAPE: 12.2404]
2026-01-29 06:51:14,122 - easytorch-training - INFO - Evaluate best model on test data for horizon 1, Test MAE: 16.5682, Test RMSE: 27.1735, Test MAPE: 11.6140
2026-01-29 06:51:14,128 - easytorch-training - INFO - Evaluate best model on test data for horizon 2, Test MAE: 17.1351, Test RMSE: 28.3756, Test MAPE: 11.8024
2026-01-29 06:51:14,130 - easytorch-training - INFO - Evaluate best model on test data for horizon 3, Test MAE: 17.5816, Test RMSE: 29.2203, Test MAPE: 12.0266
2026-01-29 06:51:14,131 - easytorch-training - INFO - Evaluate best model on test data for horizon 4, Test MAE: 17.9368, Test RMSE: 29.8687, Test MAPE: 12.2191
2026-01-29 06:51:14,132 - easytorch-training - INFO - Evaluate best model on test data for horizon 5, Test MAE: 18.2306, Test RMSE: 30.4127, Test MAPE: 12.3665
2026-01-29 06:51:14,134 - easytorch-training - INFO - Evaluate best model on test data for horizon 6, Test MAE: 18.4567, Test RMSE: 30.8420, Test MAPE: 12.3909
2026-01-29 06:51:14,135 - easytorch-training - INFO - Evaluate best model on test data for horizon 7, Test MAE: 18.6695, Test RMSE: 31.1983, Test MAPE: 12.4830
2026-01-29 06:51:14,140 - easytorch-training - INFO - Evaluate best model on test data for horizon 8, Test MAE: 18.8677, Test RMSE: 31.5009, Test MAPE: 12.6865
2026-01-29 06:51:14,148 - easytorch-training - INFO - Evaluate best model on test data for horizon 9, Test MAE: 19.0447, Test RMSE: 31.8082, Test MAPE: 12.7221
2026-01-29 06:51:14,155 - easytorch-training - INFO - Evaluate best model on test data for horizon 10, Test MAE: 19.2040, Test RMSE: 32.0593, Test MAPE: 12.9089
2026-01-29 06:51:14,163 - easytorch-training - INFO - Evaluate best model on test data for horizon 11, Test MAE: 19.3414, Test RMSE: 32.2903, Test MAPE: 12.9517
2026-01-29 06:51:14,170 - easytorch-training - INFO - Evaluate best model on test data for horizon 12, Test MAE: 19.4634, Test RMSE: 32.4479, Test MAPE: 13.0550
2026-01-29 06:51:14,183 - easytorch-training - INFO - Result <test>: [test_time: 14.68 (s), test_MAE: 18.3750, test_RMSE: 30.6410, test_MAPE: 12.4356]
2026-01-29 06:51:14,636 - easytorch-training - INFO - Checkpoint checkpoints/STMAFNet_300/976492592f92c661f4c4ea004499e56d/STMAFNet_181.pt saved
2026-01-29 06:51:14,637 - easytorch-training - INFO - The estimated training finish time is 2026-01-29 13:07:39
2026-01-29 06:51:14,637 - easytorch-training - INFO - Epoch 182 / 300
2026-01-29 06:53:16,123 - easytorch-training - INFO - Result <train>: [train_time: 121.49 (s), lr: 6.25e-05, train_MAE: 15.5559, train_RMSE: 25.6080, train_MAPE: 11.8134]
2026-01-29 06:53:16,125 - easytorch-training - INFO - Start validation.
2026-01-29 06:53:31,045 - easytorch-training - INFO - Result <val>: [val_time: 14.92 (s), val_MAE: 18.1172, val_RMSE: 28.8782, val_MAPE: 12.0774]
2026-01-29 06:53:45,645 - easytorch-training - INFO - Evaluate best model on test data for horizon 1, Test MAE: 16.5476, Test RMSE: 27.1885, Test MAPE: 11.1664
2026-01-29 06:53:45,653 - easytorch-training - INFO - Evaluate best model on test data for horizon 2, Test MAE: 17.1891, Test RMSE: 28.4314, Test MAPE: 11.6793
2026-01-29 06:53:45,660 - easytorch-training - INFO - Evaluate best model on test data for horizon 3, Test MAE: 17.6208, Test RMSE: 29.2758, Test MAPE: 11.8841
2026-01-29 06:53:45,668 - easytorch-training - INFO - Evaluate best model on test data for horizon 4, Test MAE: 17.9750, Test RMSE: 29.9237, Test MAPE: 12.1088
2026-01-29 06:53:45,675 - easytorch-training - INFO - Evaluate best model on test data for horizon 5, Test MAE: 18.2730, Test RMSE: 30.4730, Test MAPE: 12.1916
2026-01-29 06:53:45,683 - easytorch-training - INFO - Evaluate best model on test data for horizon 6, Test MAE: 18.5029, Test RMSE: 30.8901, Test MAPE: 12.3267
2026-01-29 06:53:45,690 - easytorch-training - INFO - Evaluate best model on test data for horizon 7, Test MAE: 18.7225, Test RMSE: 31.2391, Test MAPE: 12.4414
2026-01-29 06:53:45,697 - easytorch-training - INFO - Evaluate best model on test data for horizon 8, Test MAE: 18.9425, Test RMSE: 31.6033, Test MAPE: 12.5111
2026-01-29 06:53:45,705 - easytorch-training - INFO - Evaluate best model on test data for horizon 9, Test MAE: 19.0947, Test RMSE: 31.8920, Test MAPE: 12.6404
2026-01-29 06:53:45,712 - easytorch-training - INFO - Evaluate best model on test data for horizon 10, Test MAE: 19.2660, Test RMSE: 32.1773, Test MAPE: 12.6843
2026-01-29 06:53:45,720 - easytorch-training - INFO - Evaluate best model on test data for horizon 11, Test MAE: 19.4096, Test RMSE: 32.4018, Test MAPE: 12.8798
2026-01-29 06:53:45,727 - easytorch-training - INFO - Evaluate best model on test data for horizon 12, Test MAE: 19.5368, Test RMSE: 32.5298, Test MAPE: 12.9832
2026-01-29 06:53:45,740 - easytorch-training - INFO - Result <test>: [test_time: 14.69 (s), test_MAE: 18.4234, test_RMSE: 30.7111, test_MAPE: 12.2914]
2026-01-29 06:53:46,104 - easytorch-training - INFO - Checkpoint checkpoints/STMAFNet_300/976492592f92c661f4c4ea004499e56d/STMAFNet_182.pt saved
2026-01-29 06:53:46,105 - easytorch-training - INFO - The estimated training finish time is 2026-01-29 13:06:35
2026-01-29 06:53:46,105 - easytorch-training - INFO - Epoch 183 / 300
2026-01-29 06:55:48,375 - easytorch-training - INFO - Result <train>: [train_time: 122.27 (s), lr: 6.25e-05, train_MAE: 15.5403, train_RMSE: 25.5843, train_MAPE: 11.8099]
2026-01-29 06:55:48,376 - easytorch-training - INFO - Start validation.
2026-01-29 06:56:02,719 - easytorch-training - INFO - Result <val>: [val_time: 14.34 (s), val_MAE: 18.1060, val_RMSE: 28.9341, val_MAPE: 12.0677]
2026-01-29 06:56:17,328 - easytorch-training - INFO - Evaluate best model on test data for horizon 1, Test MAE: 16.5494, Test RMSE: 27.2217, Test MAPE: 11.2390
2026-01-29 06:56:17,330 - easytorch-training - INFO - Evaluate best model on test data for horizon 2, Test MAE: 17.1645, Test RMSE: 28.4684, Test MAPE: 11.5633
2026-01-29 06:56:17,332 - easytorch-training - INFO - Evaluate best model on test data for horizon 3, Test MAE: 17.6359, Test RMSE: 29.3383, Test MAPE: 11.8563
2026-01-29 06:56:17,333 - easytorch-training - INFO - Evaluate best model on test data for horizon 4, Test MAE: 17.9816, Test RMSE: 29.9747, Test MAPE: 12.0473
2026-01-29 06:56:17,334 - easytorch-training - INFO - Evaluate best model on test data for horizon 5, Test MAE: 18.2774, Test RMSE: 30.5407, Test MAPE: 12.1148
2026-01-29 06:56:17,342 - easytorch-training - INFO - Evaluate best model on test data for horizon 6, Test MAE: 18.5149, Test RMSE: 30.9762, Test MAPE: 12.2553
2026-01-29 06:56:17,349 - easytorch-training - INFO - Evaluate best model on test data for horizon 7, Test MAE: 18.7407, Test RMSE: 31.3513, Test MAPE: 12.3503
2026-01-29 06:56:17,357 - easytorch-training - INFO - Evaluate best model on test data for horizon 8, Test MAE: 18.9302, Test RMSE: 31.6563, Test MAPE: 12.4972
2026-01-29 06:56:17,364 - easytorch-training - INFO - Evaluate best model on test data for horizon 9, Test MAE: 19.1117, Test RMSE: 31.9739, Test MAPE: 12.5488
2026-01-29 06:56:17,372 - easytorch-training - INFO - Evaluate best model on test data for horizon 10, Test MAE: 19.2617, Test RMSE: 32.1894, Test MAPE: 12.8787
2026-01-29 06:56:17,379 - easytorch-training - INFO - Evaluate best model on test data for horizon 11, Test MAE: 19.4046, Test RMSE: 32.4267, Test MAPE: 12.9458
2026-01-29 06:56:17,387 - easytorch-training - INFO - Evaluate best model on test data for horizon 12, Test MAE: 19.5423, Test RMSE: 32.6125, Test MAPE: 13.1305
2026-01-29 06:56:17,399 - easytorch-training - INFO - Result <test>: [test_time: 14.68 (s), test_MAE: 18.4263, test_RMSE: 30.7701, test_MAPE: 12.2856]
2026-01-29 06:56:17,850 - easytorch-training - INFO - Checkpoint checkpoints/STMAFNet_300/976492592f92c661f4c4ea004499e56d/STMAFNet_183.pt saved
2026-01-29 06:56:17,851 - easytorch-training - INFO - The estimated training finish time is 2026-01-29 13:05:33
2026-01-29 06:56:17,851 - easytorch-training - INFO - Epoch 184 / 300
2026-01-29 06:58:20,640 - easytorch-training - INFO - Result <train>: [train_time: 122.79 (s), lr: 6.25e-05, train_MAE: 15.5367, train_RMSE: 25.5750, train_MAPE: 11.7906]
2026-01-29 06:58:20,642 - easytorch-training - INFO - Start validation.
2026-01-29 06:58:35,316 - easytorch-training - INFO - Result <val>: [val_time: 14.67 (s), val_MAE: 18.0976, val_RMSE: 28.8681, val_MAPE: 12.0193]
2026-01-29 06:58:49,131 - easytorch-training - INFO - Evaluate best model on test data for horizon 1, Test MAE: 16.5257, Test RMSE: 27.1825, Test MAPE: 11.1912
2026-01-29 06:58:49,138 - easytorch-training - INFO - Evaluate best model on test data for horizon 2, Test MAE: 17.1357, Test RMSE: 28.3932, Test MAPE: 11.5536
2026-01-29 06:58:49,146 - easytorch-training - INFO - Evaluate best model on test data for horizon 3, Test MAE: 17.5941, Test RMSE: 29.2530, Test MAPE: 11.7762
2026-01-29 06:58:49,152 - easytorch-training - INFO - Evaluate best model on test data for horizon 4, Test MAE: 17.9595, Test RMSE: 29.9188, Test MAPE: 11.9799
2026-01-29 06:58:49,154 - easytorch-training - INFO - Evaluate best model on test data for horizon 5, Test MAE: 18.2694, Test RMSE: 30.4837, Test MAPE: 12.1610
2026-01-29 06:58:49,159 - easytorch-training - INFO - Evaluate best model on test data for horizon 6, Test MAE: 18.4954, Test RMSE: 30.8836, Test MAPE: 12.2441
2026-01-29 06:58:49,167 - easytorch-training - INFO - Evaluate best model on test data for horizon 7, Test MAE: 18.7185, Test RMSE: 31.2565, Test MAPE: 12.2553
2026-01-29 06:58:49,174 - easytorch-training - INFO - Evaluate best model on test data for horizon 8, Test MAE: 18.8824, Test RMSE: 31.5152, Test MAPE: 12.4790
2026-01-29 06:58:49,182 - easytorch-training - INFO - Evaluate best model on test data for horizon 9, Test MAE: 19.0718, Test RMSE: 31.8145, Test MAPE: 12.6076
2026-01-29 06:58:49,189 - easytorch-training - INFO - Evaluate best model on test data for horizon 10, Test MAE: 19.2105, Test RMSE: 32.0426, Test MAPE: 12.7199
2026-01-29 06:58:49,196 - easytorch-training - INFO - Evaluate best model on test data for horizon 11, Test MAE: 19.3715, Test RMSE: 32.2856, Test MAPE: 12.8598
2026-01-29 06:58:49,204 - easytorch-training - INFO - Evaluate best model on test data for horizon 12, Test MAE: 19.4853, Test RMSE: 32.4150, Test MAPE: 12.9534
2026-01-29 06:58:49,217 - easytorch-training - INFO - Result <test>: [test_time: 13.90 (s), test_MAE: 18.3933, test_RMSE: 30.6610, test_MAPE: 12.2318]
2026-01-29 06:58:49,583 - easytorch-training - INFO - Checkpoint checkpoints/STMAFNet_300/976492592f92c661f4c4ea004499e56d/STMAFNet_184.pt saved
2026-01-29 06:58:49,583 - easytorch-training - INFO - The estimated training finish time is 2026-01-29 13:04:32
2026-01-29 06:58:49,583 - easytorch-training - INFO - Epoch 185 / 300
2026-01-29 07:00:52,892 - easytorch-training - INFO - Result <train>: [train_time: 123.31 (s), lr: 6.25e-05, train_MAE: 15.5177, train_RMSE: 25.5499, train_MAPE: 11.8022]
2026-01-29 07:00:52,893 - easytorch-training - INFO - Start validation.
2026-01-29 07:01:07,409 - easytorch-training - INFO - Result <val>: [val_time: 14.52 (s), val_MAE: 18.0893, val_RMSE: 28.9197, val_MAPE: 11.8902]
2026-01-29 07:01:21,464 - easytorch-training - INFO - Evaluate best model on test data for horizon 1, Test MAE: 16.5453, Test RMSE: 27.2243, Test MAPE: 11.0264
2026-01-29 07:01:21,471 - easytorch-training - INFO - Evaluate best model on test data for horizon 2, Test MAE: 17.1709, Test RMSE: 28.4732, Test MAPE: 11.4278
2026-01-29 07:01:21,478 - easytorch-training - INFO - Evaluate best model on test data for horizon 3, Test MAE: 17.6410, Test RMSE: 29.3563, Test MAPE: 11.6863
2026-01-29 07:01:21,486 - easytorch-training - INFO - Evaluate best model on test data for horizon 4, Test MAE: 17.9924, Test RMSE: 30.0235, Test MAPE: 11.8541
2026-01-29 07:01:21,493 - easytorch-training - INFO - Evaluate best model on test data for horizon 5, Test MAE: 18.2798, Test RMSE: 30.5697, Test MAPE: 11.9589
2026-01-29 07:01:21,501 - easytorch-training - INFO - Evaluate best model on test data for horizon 6, Test MAE: 18.5147, Test RMSE: 30.9887, Test MAPE: 12.0886
2026-01-29 07:01:21,509 - easytorch-training - INFO - Evaluate best model on test data for horizon 7, Test MAE: 18.7394, Test RMSE: 31.3805, Test MAPE: 12.2516
2026-01-29 07:01:21,516 - easytorch-training - INFO - Evaluate best model on test data for horizon 8, Test MAE: 18.9172, Test RMSE: 31.6675, Test MAPE: 12.3614
2026-01-29 07:01:21,519 - easytorch-training - INFO - Evaluate best model on test data for horizon 9, Test MAE: 19.1084, Test RMSE: 31.9862, Test MAPE: 12.4471
2026-01-29 07:01:21,520 - easytorch-training - INFO - Evaluate best model on test data for horizon 10, Test MAE: 19.2523, Test RMSE: 32.2283, Test MAPE: 12.5645
2026-01-29 07:01:21,528 - easytorch-training - INFO - Evaluate best model on test data for horizon 11, Test MAE: 19.3913, Test RMSE: 32.4500, Test MAPE: 12.7380
2026-01-29 07:01:21,535 - easytorch-training - INFO - Evaluate best model on test data for horizon 12, Test MAE: 19.5266, Test RMSE: 32.6266, Test MAPE: 12.9019
2026-01-29 07:01:21,548 - easytorch-training - INFO - Result <test>: [test_time: 14.14 (s), test_MAE: 18.4233, test_RMSE: 30.7906, test_MAPE: 12.1089]
2026-01-29 07:01:21,914 - easytorch-training - INFO - Checkpoint checkpoints/STMAFNet_300/976492592f92c661f4c4ea004499e56d/STMAFNet_185.pt saved
2026-01-29 07:01:21,914 - easytorch-training - INFO - The estimated training finish time is 2026-01-29 13:03:32
2026-01-29 07:01:21,915 - easytorch-training - INFO - Epoch 186 / 300
2026-01-29 07:03:24,548 - easytorch-training - INFO - Result <train>: [train_time: 122.63 (s), lr: 6.25e-05, train_MAE: 15.5258, train_RMSE: 25.5626, train_MAPE: 11.7902]
2026-01-29 07:03:24,549 - easytorch-training - INFO - Start validation.
2026-01-29 07:03:39,469 - easytorch-training - INFO - Result <val>: [val_time: 14.92 (s), val_MAE: 18.1027, val_RMSE: 28.9154, val_MAPE: 11.9862]
2026-01-29 07:03:53,649 - easytorch-training - INFO - Evaluate best model on test data for horizon 1, Test MAE: 16.5794, Test RMSE: 27.2725, Test MAPE: 11.1672
2026-01-29 07:03:53,656 - easytorch-training - INFO - Evaluate best model on test data for horizon 2, Test MAE: 17.1828, Test RMSE: 28.5016, Test MAPE: 11.4675
2026-01-29 07:03:53,664 - easytorch-training - INFO - Evaluate best model on test data for horizon 3, Test MAE: 17.6506, Test RMSE: 29.3653, Test MAPE: 11.8499
2026-01-29 07:03:53,671 - easytorch-training - INFO - Evaluate best model on test data for horizon 4, Test MAE: 17.9999, Test RMSE: 30.0219, Test MAPE: 11.9303
2026-01-29 07:03:53,678 - easytorch-training - INFO - Evaluate best model on test data for horizon 5, Test MAE: 18.3067, Test RMSE: 30.5847, Test MAPE: 12.1116
2026-01-29 07:03:53,679 - easytorch-training - INFO - Evaluate best model on test data for horizon 6, Test MAE: 18.5369, Test RMSE: 30.9819, Test MAPE: 12.2951
2026-01-29 07:03:53,681 - easytorch-training - INFO - Evaluate best model on test data for horizon 7, Test MAE: 18.7395, Test RMSE: 31.3292, Test MAPE: 12.3986
2026-01-29 07:03:53,684 - easytorch-training - INFO - Evaluate best model on test data for horizon 8, Test MAE: 18.9292, Test RMSE: 31.6325, Test MAPE: 12.3923
2026-01-29 07:03:53,692 - easytorch-training - INFO - Evaluate best model on test data for horizon 9, Test MAE: 19.0880, Test RMSE: 31.9070, Test MAPE: 12.5535
2026-01-29 07:03:53,699 - easytorch-training - INFO - Evaluate best model on test data for horizon 10, Test MAE: 19.2694, Test RMSE: 32.1976, Test MAPE: 12.6995
2026-01-29 07:03:53,707 - easytorch-training - INFO - Evaluate best model on test data for horizon 11, Test MAE: 19.4413, Test RMSE: 32.4414, Test MAPE: 12.7861
2026-01-29 07:03:53,714 - easytorch-training - INFO - Evaluate best model on test data for horizon 12, Test MAE: 19.5438, Test RMSE: 32.5731, Test MAPE: 12.8905
2026-01-29 07:03:53,727 - easytorch-training - INFO - Result <test>: [test_time: 14.26 (s), test_MAE: 18.4390, test_RMSE: 30.7753, test_MAPE: 12.2119]
2026-01-29 07:03:54,088 - easytorch-training - INFO - Checkpoint checkpoints/STMAFNet_300/976492592f92c661f4c4ea004499e56d/STMAFNet_186.pt saved
2026-01-29 07:03:54,089 - easytorch-training - INFO - The estimated training finish time is 2026-01-29 13:02:33
2026-01-29 07:03:54,089 - easytorch-training - INFO - Epoch 187 / 300
2026-01-29 07:05:56,171 - easytorch-training - INFO - Result <train>: [train_time: 122.08 (s), lr: 6.25e-05, train_MAE: 15.5247, train_RMSE: 25.5530, train_MAPE: 11.7796]
2026-01-29 07:05:56,172 - easytorch-training - INFO - Start validation.
2026-01-29 07:06:11,096 - easytorch-training - INFO - Result <val>: [val_time: 14.92 (s), val_MAE: 18.0810, val_RMSE: 28.9032, val_MAPE: 12.0933]
2026-01-29 07:06:25,717 - easytorch-training - INFO - Evaluate best model on test data for horizon 1, Test MAE: 16.5492, Test RMSE: 27.2291, Test MAPE: 11.2133
2026-01-29 07:06:25,725 - easytorch-training - INFO - Evaluate best model on test data for horizon 2, Test MAE: 17.1358, Test RMSE: 28.4144, Test MAPE: 11.6435
2026-01-29 07:06:25,732 - easytorch-training - INFO - Evaluate best model on test data for horizon 3, Test MAE: 17.5998, Test RMSE: 29.2830, Test MAPE: 11.9621
2026-01-29 07:06:25,740 - easytorch-training - INFO - Evaluate best model on test data for horizon 4, Test MAE: 17.9545, Test RMSE: 29.9373, Test MAPE: 12.0711
2026-01-29 07:06:25,747 - easytorch-training - INFO - Evaluate best model on test data for horizon 5, Test MAE: 18.2612, Test RMSE: 30.4875, Test MAPE: 12.3345
2026-01-29 07:06:25,755 - easytorch-training - INFO - Evaluate best model on test data for horizon 6, Test MAE: 18.4773, Test RMSE: 30.8949, Test MAPE: 12.3822
2026-01-29 07:06:25,762 - easytorch-training - INFO - Evaluate best model on test data for horizon 7, Test MAE: 18.7032, Test RMSE: 31.2808, Test MAPE: 12.4110
2026-01-29 07:06:25,770 - easytorch-training - INFO - Evaluate best model on test data for horizon 8, Test MAE: 18.8958, Test RMSE: 31.5770, Test MAPE: 12.5626
2026-01-29 07:06:25,777 - easytorch-training - INFO - Evaluate best model on test data for horizon 9, Test MAE: 19.0766, Test RMSE: 31.8900, Test MAPE: 12.6391
2026-01-29 07:06:25,785 - easytorch-training - INFO - Evaluate best model on test data for horizon 10, Test MAE: 19.2262, Test RMSE: 32.1330, Test MAPE: 12.7548
2026-01-29 07:06:25,792 - easytorch-training - INFO - Evaluate best model on test data for horizon 11, Test MAE: 19.3667, Test RMSE: 32.3454, Test MAPE: 12.9035
2026-01-29 07:06:25,800 - easytorch-training - INFO - Evaluate best model on test data for horizon 12, Test MAE: 19.5066, Test RMSE: 32.5332, Test MAPE: 13.0402
2026-01-29 07:06:25,813 - easytorch-training - INFO - Result <test>: [test_time: 14.72 (s), test_MAE: 18.3961, test_RMSE: 30.7087, test_MAPE: 12.3265]
2026-01-29 07:06:26,184 - easytorch-training - INFO - Checkpoint checkpoints/STMAFNet_300/976492592f92c661f4c4ea004499e56d/STMAFNet_187.pt saved
2026-01-29 07:06:26,184 - easytorch-training - INFO - The estimated training finish time is 2026-01-29 13:01:34
2026-01-29 07:06:26,185 - easytorch-training - INFO - Epoch 188 / 300
2026-01-29 07:08:27,859 - easytorch-training - INFO - Result <train>: [train_time: 121.67 (s), lr: 6.25e-05, train_MAE: 15.5226, train_RMSE: 25.5436, train_MAPE: 11.7869]
2026-01-29 07:08:27,860 - easytorch-training - INFO - Start validation.
2026-01-29 07:08:42,832 - easytorch-training - INFO - Result <val>: [val_time: 14.97 (s), val_MAE: 18.0959, val_RMSE: 28.8734, val_MAPE: 11.8373]
2026-01-29 07:08:57,446 - easytorch-training - INFO - Evaluate best model on test data for horizon 1, Test MAE: 16.5739, Test RMSE: 27.2357, Test MAPE: 10.9128
2026-01-29 07:08:57,453 - easytorch-training - INFO - Evaluate best model on test data for horizon 2, Test MAE: 17.1749, Test RMSE: 28.4514, Test MAPE: 11.3356
2026-01-29 07:08:57,461 - easytorch-training - INFO - Evaluate best model on test data for horizon 3, Test MAE: 17.6237, Test RMSE: 29.3120, Test MAPE: 11.5981
2026-01-29 07:08:57,468 - easytorch-training - INFO - Evaluate best model on test data for horizon 4, Test MAE: 17.9750, Test RMSE: 29.9486, Test MAPE: 11.7728
2026-01-29 07:08:57,471 - easytorch-training - INFO - Evaluate best model on test data for horizon 5, Test MAE: 18.2644, Test RMSE: 30.4813, Test MAPE: 11.9274
2026-01-29 07:08:57,473 - easytorch-training - INFO - Evaluate best model on test data for horizon 6, Test MAE: 18.4897, Test RMSE: 30.8806, Test MAPE: 12.0793
2026-01-29 07:08:57,474 - easytorch-training - INFO - Evaluate best model on test data for horizon 7, Test MAE: 18.7194, Test RMSE: 31.2425, Test MAPE: 12.2213
2026-01-29 07:08:57,475 - easytorch-training - INFO - Evaluate best model on test data for horizon 8, Test MAE: 18.9054, Test RMSE: 31.5571, Test MAPE: 12.3364
2026-01-29 07:08:57,476 - easytorch-training - INFO - Evaluate best model on test data for horizon 9, Test MAE: 19.0868, Test RMSE: 31.8491, Test MAPE: 12.4677
2026-01-29 07:08:57,477 - easytorch-training - INFO - Evaluate best model on test data for horizon 10, Test MAE: 19.2328, Test RMSE: 32.0999, Test MAPE: 12.5648
2026-01-29 07:08:57,481 - easytorch-training - INFO - Evaluate best model on test data for horizon 11, Test MAE: 19.3711, Test RMSE: 32.3337, Test MAPE: 12.7346
2026-01-29 07:08:57,488 - easytorch-training - INFO - Evaluate best model on test data for horizon 12, Test MAE: 19.4891, Test RMSE: 32.4611, Test MAPE: 12.8677
2026-01-29 07:08:57,501 - easytorch-training - INFO - Result <test>: [test_time: 14.67 (s), test_MAE: 18.4089, test_RMSE: 30.6948, test_MAPE: 12.0682]
2026-01-29 07:08:57,866 - easytorch-training - INFO - Checkpoint checkpoints/STMAFNet_300/976492592f92c661f4c4ea004499e56d/STMAFNet_188.pt saved
2026-01-29 07:08:57,867 - easytorch-training - INFO - The estimated training finish time is 2026-01-29 13:00:35
2026-01-29 07:08:57,867 - easytorch-training - INFO - Epoch 189 / 300
2026-01-29 07:10:59,541 - easytorch-training - INFO - Result <train>: [train_time: 121.67 (s), lr: 6.25e-05, train_MAE: 15.5048, train_RMSE: 25.5241, train_MAPE: 11.7787]
2026-01-29 07:10:59,541 - easytorch-training - INFO - Start validation.
2026-01-29 07:11:14,471 - easytorch-training - INFO - Result <val>: [val_time: 14.93 (s), val_MAE: 18.0830, val_RMSE: 28.8463, val_MAPE: 12.0989]
2026-01-29 07:11:29,085 - easytorch-training - INFO - Evaluate best model on test data for horizon 1, Test MAE: 16.5461, Test RMSE: 27.1842, Test MAPE: 11.3632
2026-01-29 07:11:29,092 - easytorch-training - INFO - Evaluate best model on test data for horizon 2, Test MAE: 17.1497, Test RMSE: 28.3844, Test MAPE: 11.7906
2026-01-29 07:11:29,100 - easytorch-training - INFO - Evaluate best model on test data for horizon 3, Test MAE: 17.6081, Test RMSE: 29.2522, Test MAPE: 12.0106
2026-01-29 07:11:29,107 - easytorch-training - INFO - Evaluate best model on test data for horizon 4, Test MAE: 17.9498, Test RMSE: 29.9098, Test MAPE: 12.0716
2026-01-29 07:11:29,115 - easytorch-training - INFO - Evaluate best model on test data for horizon 5, Test MAE: 18.2477, Test RMSE: 30.4416, Test MAPE: 12.2339
2026-01-29 07:11:29,122 - easytorch-training - INFO - Evaluate best model on test data for horizon 6, Test MAE: 18.4810, Test RMSE: 30.8792, Test MAPE: 12.2007
2026-01-29 07:11:29,130 - easytorch-training - INFO - Evaluate best model on test data for horizon 7, Test MAE: 18.6983, Test RMSE: 31.2272, Test MAPE: 12.3631
2026-01-29 07:11:29,137 - easytorch-training - INFO - Evaluate best model on test data for horizon 8, Test MAE: 18.8856, Test RMSE: 31.5199, Test MAPE: 12.5323
2026-01-29 07:11:29,145 - easytorch-training - INFO - Evaluate best model on test data for horizon 9, Test MAE: 19.0585, Test RMSE: 31.7945, Test MAPE: 12.6954
2026-01-29 07:11:29,152 - easytorch-training - INFO - Evaluate best model on test data for horizon 10, Test MAE: 19.2152, Test RMSE: 32.0623, Test MAPE: 12.6979
2026-01-29 07:11:29,160 - easytorch-training - INFO - Evaluate best model on test data for horizon 11, Test MAE: 19.3712, Test RMSE: 32.2995, Test MAPE: 12.8947
2026-01-29 07:11:29,167 - easytorch-training - INFO - Evaluate best model on test data for horizon 12, Test MAE: 19.5215, Test RMSE: 32.4880, Test MAPE: 13.0874
2026-01-29 07:11:29,180 - easytorch-training - INFO - Result <test>: [test_time: 14.71 (s), test_MAE: 18.3944, test_RMSE: 30.6614, test_MAPE: 12.3284]
2026-01-29 07:11:29,547 - easytorch-training - INFO - Checkpoint checkpoints/STMAFNet_300/976492592f92c661f4c4ea004499e56d/STMAFNet_189.pt saved
2026-01-29 07:11:29,548 - easytorch-training - INFO - The estimated training finish time is 2026-01-29 12:59:37
2026-01-29 07:11:29,548 - easytorch-training - INFO - Epoch 190 / 300
2026-01-29 07:13:30,916 - easytorch-training - INFO - Result <train>: [train_time: 121.37 (s), lr: 6.25e-05, train_MAE: 15.5085, train_RMSE: 25.5194, train_MAPE: 11.7715]
2026-01-29 07:13:30,917 - easytorch-training - INFO - Start validation.
2026-01-29 07:13:45,866 - easytorch-training - INFO - Result <val>: [val_time: 14.95 (s), val_MAE: 18.1126, val_RMSE: 28.9230, val_MAPE: 11.9149]
2026-01-29 07:14:00,456 - easytorch-training - INFO - Evaluate best model on test data for horizon 1, Test MAE: 16.5699, Test RMSE: 27.2628, Test MAPE: 10.9896
2026-01-29 07:14:00,464 - easytorch-training - INFO - Evaluate best model on test data for horizon 2, Test MAE: 17.1852, Test RMSE: 28.4807, Test MAPE: 11.4264
2026-01-29 07:14:00,471 - easytorch-training - INFO - Evaluate best model on test data for horizon 3, Test MAE: 17.6496, Test RMSE: 29.3730, Test MAPE: 11.7119
2026-01-29 07:14:00,478 - easytorch-training - INFO - Evaluate best model on test data for horizon 4, Test MAE: 18.0182, Test RMSE: 30.0436, Test MAPE: 11.8355
2026-01-29 07:14:00,486 - easytorch-training - INFO - Evaluate best model on test data for horizon 5, Test MAE: 18.3156, Test RMSE: 30.6057, Test MAPE: 12.0157
2026-01-29 07:14:00,493 - easytorch-training - INFO - Evaluate best model on test data for horizon 6, Test MAE: 18.5497, Test RMSE: 31.0209, Test MAPE: 12.1286
2026-01-29 07:14:00,500 - easytorch-training - INFO - Evaluate best model on test data for horizon 7, Test MAE: 18.7819, Test RMSE: 31.4173, Test MAPE: 12.3556
2026-01-29 07:14:00,501 - easytorch-training - INFO - Evaluate best model on test data for horizon 8, Test MAE: 18.9775, Test RMSE: 31.7491, Test MAPE: 12.4175
2026-01-29 07:14:00,507 - easytorch-training - INFO - Evaluate best model on test data for horizon 9, Test MAE: 19.1447, Test RMSE: 32.0365, Test MAPE: 12.5178
2026-01-29 07:14:00,514 - easytorch-training - INFO - Evaluate best model on test data for horizon 10, Test MAE: 19.2987, Test RMSE: 32.2707, Test MAPE: 12.6287
2026-01-29 07:14:00,522 - easytorch-training - INFO - Evaluate best model on test data for horizon 11, Test MAE: 19.4555, Test RMSE: 32.5322, Test MAPE: 12.7899
2026-01-29 07:14:00,529 - easytorch-training - INFO - Evaluate best model on test data for horizon 12, Test MAE: 19.5735, Test RMSE: 32.6719, Test MAPE: 12.9963
2026-01-29 07:14:00,542 - easytorch-training - INFO - Result <test>: [test_time: 14.67 (s), test_MAE: 18.4600, test_RMSE: 30.8321, test_MAPE: 12.1511]
2026-01-29 07:14:00,905 - easytorch-training - INFO - Checkpoint checkpoints/STMAFNet_300/976492592f92c661f4c4ea004499e56d/STMAFNet_190.pt saved
2026-01-29 07:14:00,935 - easytorch-training - INFO - The estimated training finish time is 2026-01-29 12:58:39
2026-01-29 07:14:00,935 - easytorch-training - INFO - Epoch 191 / 300
2026-01-29 07:16:02,613 - easytorch-training - INFO - Result <train>: [train_time: 121.68 (s), lr: 6.25e-05, train_MAE: 15.4925, train_RMSE: 25.5055, train_MAPE: 11.7774]
2026-01-29 07:16:02,614 - easytorch-training - INFO - Start validation.
2026-01-29 07:16:17,543 - easytorch-training - INFO - Result <val>: [val_time: 14.93 (s), val_MAE: 18.1285, val_RMSE: 28.9079, val_MAPE: 11.9505]
2026-01-29 07:16:32,121 - easytorch-training - INFO - Evaluate best model on test data for horizon 1, Test MAE: 16.5821, Test RMSE: 27.2505, Test MAPE: 11.0367
2026-01-29 07:16:32,130 - easytorch-training - INFO - Evaluate best model on test data for horizon 2, Test MAE: 17.1822, Test RMSE: 28.4295, Test MAPE: 11.4251
2026-01-29 07:16:32,137 - easytorch-training - INFO - Evaluate best model on test data for horizon 3, Test MAE: 17.6595, Test RMSE: 29.3354, Test MAPE: 11.7085
2026-01-29 07:16:32,144 - easytorch-training - INFO - Evaluate best model on test data for horizon 4, Test MAE: 18.0255, Test RMSE: 29.9864, Test MAPE: 11.9307
2026-01-29 07:16:32,152 - easytorch-training - INFO - Evaluate best model on test data for horizon 5, Test MAE: 18.3242, Test RMSE: 30.5431, Test MAPE: 12.1286
2026-01-29 07:16:32,159 - easytorch-training - INFO - Evaluate best model on test data for horizon 6, Test MAE: 18.5563, Test RMSE: 30.9672, Test MAPE: 12.2195
2026-01-29 07:16:32,167 - easytorch-training - INFO - Evaluate best model on test data for horizon 7, Test MAE: 18.7798, Test RMSE: 31.3513, Test MAPE: 12.2680
2026-01-29 07:16:32,174 - easytorch-training - INFO - Evaluate best model on test data for horizon 8, Test MAE: 18.9741, Test RMSE: 31.6595, Test MAPE: 12.5070
2026-01-29 07:16:32,182 - easytorch-training - INFO - Evaluate best model on test data for horizon 9, Test MAE: 19.1445, Test RMSE: 31.9519, Test MAPE: 12.4671
2026-01-29 07:16:32,189 - easytorch-training - INFO - Evaluate best model on test data for horizon 10, Test MAE: 19.2966, Test RMSE: 32.2026, Test MAPE: 12.6598
2026-01-29 07:16:32,197 - easytorch-training - INFO - Evaluate best model on test data for horizon 11, Test MAE: 19.4338, Test RMSE: 32.4168, Test MAPE: 12.7948
2026-01-29 07:16:32,204 - easytorch-training - INFO - Evaluate best model on test data for horizon 12, Test MAE: 19.5590, Test RMSE: 32.5762, Test MAPE: 12.9893
2026-01-29 07:16:32,217 - easytorch-training - INFO - Result <test>: [test_time: 14.67 (s), test_MAE: 18.4598, test_RMSE: 30.7648, test_MAPE: 12.1779]
2026-01-29 07:16:32,600 - easytorch-training - INFO - Checkpoint checkpoints/STMAFNet_300/976492592f92c661f4c4ea004499e56d/STMAFNet_191.pt saved
2026-01-29 07:16:32,601 - easytorch-training - INFO - The estimated training finish time is 2026-01-29 12:57:42
2026-01-29 07:16:32,601 - easytorch-training - INFO - Epoch 192 / 300
2026-01-29 07:18:34,207 - easytorch-training - INFO - Result <train>: [train_time: 121.61 (s), lr: 6.25e-05, train_MAE: 15.4965, train_RMSE: 25.4944, train_MAPE: 11.7686]
2026-01-29 07:18:34,208 - easytorch-training - INFO - Start validation.
2026-01-29 07:18:49,128 - easytorch-training - INFO - Result <val>: [val_time: 14.92 (s), val_MAE: 18.2001, val_RMSE: 29.0871, val_MAPE: 11.9018]
2026-01-29 07:19:03,752 - easytorch-training - INFO - Evaluate best model on test data for horizon 1, Test MAE: 16.6208, Test RMSE: 27.3816, Test MAPE: 10.9972
2026-01-29 07:19:03,759 - easytorch-training - INFO - Evaluate best model on test data for horizon 2, Test MAE: 17.2659, Test RMSE: 28.6788, Test MAPE: 11.3944
2026-01-29 07:19:03,766 - easytorch-training - INFO - Evaluate best model on test data for horizon 3, Test MAE: 17.7558, Test RMSE: 29.6247, Test MAPE: 11.7261
2026-01-29 07:19:03,774 - easytorch-training - INFO - Evaluate best model on test data for horizon 4, Test MAE: 18.1337, Test RMSE: 30.3250, Test MAPE: 11.9850
2026-01-29 07:19:03,781 - easytorch-training - INFO - Evaluate best model on test data for horizon 5, Test MAE: 18.4672, Test RMSE: 30.9546, Test MAPE: 12.0078
2026-01-29 07:19:03,789 - easytorch-training - INFO - Evaluate best model on test data for horizon 6, Test MAE: 18.7107, Test RMSE: 31.4143, Test MAPE: 12.1221
2026-01-29 07:19:03,796 - easytorch-training - INFO - Evaluate best model on test data for horizon 7, Test MAE: 18.9643, Test RMSE: 31.8228, Test MAPE: 12.2474
2026-01-29 07:19:03,804 - easytorch-training - INFO - Evaluate best model on test data for horizon 8, Test MAE: 19.1534, Test RMSE: 32.1706, Test MAPE: 12.4201
2026-01-29 07:19:03,811 - easytorch-training - INFO - Evaluate best model on test data for horizon 9, Test MAE: 19.3325, Test RMSE: 32.4778, Test MAPE: 12.5369
2026-01-29 07:19:03,819 - easytorch-training - INFO - Evaluate best model on test data for horizon 10, Test MAE: 19.4944, Test RMSE: 32.7642, Test MAPE: 12.7115
2026-01-29 07:19:03,826 - easytorch-training - INFO - Evaluate best model on test data for horizon 11, Test MAE: 19.6750, Test RMSE: 33.0485, Test MAPE: 12.7907
2026-01-29 07:19:03,834 - easytorch-training - INFO - Evaluate best model on test data for horizon 12, Test MAE: 19.7836, Test RMSE: 33.1834, Test MAPE: 13.0131
2026-01-29 07:19:03,847 - easytorch-training - INFO - Result <test>: [test_time: 14.72 (s), test_MAE: 18.6131, test_RMSE: 31.2034, test_MAPE: 12.1627]
2026-01-29 07:19:04,212 - easytorch-training - INFO - Checkpoint checkpoints/STMAFNet_300/976492592f92c661f4c4ea004499e56d/STMAFNet_192.pt saved
2026-01-29 07:19:04,213 - easytorch-training - INFO - The estimated training finish time is 2026-01-29 12:56:45
2026-01-29 07:19:04,213 - easytorch-training - INFO - Epoch 193 / 300
2026-01-29 07:21:06,614 - easytorch-training - INFO - Result <train>: [train_time: 122.40 (s), lr: 6.25e-05, train_MAE: 15.4816, train_RMSE: 25.4763, train_MAPE: 11.7678]
2026-01-29 07:21:06,616 - easytorch-training - INFO - Start validation.
2026-01-29 07:21:20,978 - easytorch-training - INFO - Result <val>: [val_time: 14.36 (s), val_MAE: 18.1389, val_RMSE: 28.8862, val_MAPE: 11.9224]
2026-01-29 07:21:35,591 - easytorch-training - INFO - Evaluate best model on test data for horizon 1, Test MAE: 16.6039, Test RMSE: 27.2637, Test MAPE: 10.9435
2026-01-29 07:21:35,598 - easytorch-training - INFO - Evaluate best model on test data for horizon 2, Test MAE: 17.1993, Test RMSE: 28.4825, Test MAPE: 11.3728
2026-01-29 07:21:35,605 - easytorch-training - INFO - Evaluate best model on test data for horizon 3, Test MAE: 17.6768, Test RMSE: 29.3750, Test MAPE: 11.6809
2026-01-29 07:21:35,613 - easytorch-training - INFO - Evaluate best model on test data for horizon 4, Test MAE: 18.0297, Test RMSE: 30.0243, Test MAPE: 11.8866
2026-01-29 07:21:35,620 - easytorch-training - INFO - Evaluate best model on test data for horizon 5, Test MAE: 18.3592, Test RMSE: 30.5756, Test MAPE: 12.1694
2026-01-29 07:21:35,624 - easytorch-training - INFO - Evaluate best model on test data for horizon 6, Test MAE: 18.5801, Test RMSE: 31.0025, Test MAPE: 12.0796
2026-01-29 07:21:35,628 - easytorch-training - INFO - Evaluate best model on test data for horizon 7, Test MAE: 18.7952, Test RMSE: 31.3592, Test MAPE: 12.2858
2026-01-29 07:21:35,635 - easytorch-training - INFO - Evaluate best model on test data for horizon 8, Test MAE: 19.0147, Test RMSE: 31.6929, Test MAPE: 12.5045
2026-01-29 07:21:35,643 - easytorch-training - INFO - Evaluate best model on test data for horizon 9, Test MAE: 19.1609, Test RMSE: 31.9730, Test MAPE: 12.4737
2026-01-29 07:21:35,650 - easytorch-training - INFO - Evaluate best model on test data for horizon 10, Test MAE: 19.3148, Test RMSE: 32.2130, Test MAPE: 12.7466
2026-01-29 07:21:35,658 - easytorch-training - INFO - Evaluate best model on test data for horizon 11, Test MAE: 19.4664, Test RMSE: 32.4772, Test MAPE: 12.8646
2026-01-29 07:21:35,665 - easytorch-training - INFO - Evaluate best model on test data for horizon 12, Test MAE: 19.5850, Test RMSE: 32.6328, Test MAPE: 12.9684
2026-01-29 07:21:35,678 - easytorch-training - INFO - Result <test>: [test_time: 14.70 (s), test_MAE: 18.4822, test_RMSE: 30.7983, test_MAPE: 12.1647]
2026-01-29 07:21:36,060 - easytorch-training - INFO - Checkpoint checkpoints/STMAFNet_300/976492592f92c661f4c4ea004499e56d/STMAFNet_193.pt saved
2026-01-29 07:21:36,061 - easytorch-training - INFO - The estimated training finish time is 2026-01-29 12:55:50
2026-01-29 07:21:36,061 - easytorch-training - INFO - Epoch 194 / 300
2026-01-29 07:23:39,118 - easytorch-training - INFO - Result <train>: [train_time: 123.06 (s), lr: 6.25e-05, train_MAE: 15.4692, train_RMSE: 25.4660, train_MAPE: 11.7747]
2026-01-29 07:23:39,119 - easytorch-training - INFO - Start validation.
2026-01-29 07:23:53,814 - easytorch-training - INFO - Result <val>: [val_time: 14.69 (s), val_MAE: 18.1173, val_RMSE: 28.9162, val_MAPE: 11.9838]
2026-01-29 07:24:07,599 - easytorch-training - INFO - Evaluate best model on test data for horizon 1, Test MAE: 16.5548, Test RMSE: 27.2218, Test MAPE: 11.1853
2026-01-29 07:24:07,606 - easytorch-training - INFO - Evaluate best model on test data for horizon 2, Test MAE: 17.1346, Test RMSE: 28.4149, Test MAPE: 11.5025
2026-01-29 07:24:07,614 - easytorch-training - INFO - Evaluate best model on test data for horizon 3, Test MAE: 17.6225, Test RMSE: 29.3157, Test MAPE: 11.7953
2026-01-29 07:24:07,621 - easytorch-training - INFO - Evaluate best model on test data for horizon 4, Test MAE: 17.9937, Test RMSE: 29.9989, Test MAPE: 11.9055
2026-01-29 07:24:07,629 - easytorch-training - INFO - Evaluate best model on test data for horizon 5, Test MAE: 18.2903, Test RMSE: 30.5522, Test MAPE: 12.0951
2026-01-29 07:24:07,636 - easytorch-training - INFO - Evaluate best model on test data for horizon 6, Test MAE: 18.5221, Test RMSE: 30.9488, Test MAPE: 12.1347
2026-01-29 07:24:07,643 - easytorch-training - INFO - Evaluate best model on test data for horizon 7, Test MAE: 18.7581, Test RMSE: 31.3399, Test MAPE: 12.2922
2026-01-29 07:24:07,651 - easytorch-training - INFO - Evaluate best model on test data for horizon 8, Test MAE: 18.9586, Test RMSE: 31.6787, Test MAPE: 12.4365
2026-01-29 07:24:07,652 - easytorch-training - INFO - Evaluate best model on test data for horizon 9, Test MAE: 19.1260, Test RMSE: 31.9580, Test MAPE: 12.5185
2026-01-29 07:24:07,656 - easytorch-training - INFO - Evaluate best model on test data for horizon 10, Test MAE: 19.2806, Test RMSE: 32.2020, Test MAPE: 12.7006
2026-01-29 07:24:07,663 - easytorch-training - INFO - Evaluate best model on test data for horizon 11, Test MAE: 19.4824, Test RMSE: 32.4862, Test MAPE: 12.9466
2026-01-29 07:24:07,671 - easytorch-training - INFO - Evaluate best model on test data for horizon 12, Test MAE: 19.5930, Test RMSE: 32.6240, Test MAPE: 13.0414
2026-01-29 07:24:07,683 - easytorch-training - INFO - Result <test>: [test_time: 13.87 (s), test_MAE: 18.4431, test_RMSE: 30.7717, test_MAPE: 12.2129]
2026-01-29 07:24:08,064 - easytorch-training - INFO - Checkpoint checkpoints/STMAFNet_300/976492592f92c661f4c4ea004499e56d/STMAFNet_194.pt saved
2026-01-29 07:24:08,065 - easytorch-training - INFO - The estimated training finish time is 2026-01-29 12:54:55
2026-01-29 07:24:08,065 - easytorch-training - INFO - Epoch 195 / 300
2026-01-29 07:26:11,463 - easytorch-training - INFO - Result <train>: [train_time: 123.40 (s), lr: 6.25e-05, train_MAE: 15.4715, train_RMSE: 25.4602, train_MAPE: 11.7644]
2026-01-29 07:26:11,464 - easytorch-training - INFO - Start validation.
2026-01-29 07:26:26,030 - easytorch-training - INFO - Result <val>: [val_time: 14.57 (s), val_MAE: 18.0678, val_RMSE: 28.8646, val_MAPE: 11.9433]
2026-01-29 07:26:40,059 - easytorch-training - INFO - Evaluate best model on test data for horizon 1, Test MAE: 16.5443, Test RMSE: 27.2018, Test MAPE: 11.0948
2026-01-29 07:26:40,066 - easytorch-training - INFO - Evaluate best model on test data for horizon 2, Test MAE: 17.1495, Test RMSE: 28.3864, Test MAPE: 11.5799
2026-01-29 07:26:40,074 - easytorch-training - INFO - Evaluate best model on test data for horizon 3, Test MAE: 17.5962, Test RMSE: 29.2619, Test MAPE: 11.7402
2026-01-29 07:26:40,081 - easytorch-training - INFO - Evaluate best model on test data for horizon 4, Test MAE: 17.9430, Test RMSE: 29.9128, Test MAPE: 11.9343
2026-01-29 07:26:40,089 - easytorch-training - INFO - Evaluate best model on test data for horizon 5, Test MAE: 18.2420, Test RMSE: 30.4742, Test MAPE: 11.9882
2026-01-29 07:26:40,096 - easytorch-training - INFO - Evaluate best model on test data for horizon 6, Test MAE: 18.4657, Test RMSE: 30.8831, Test MAPE: 12.2135
2026-01-29 07:26:40,104 - easytorch-training - INFO - Evaluate best model on test data for horizon 7, Test MAE: 18.6777, Test RMSE: 31.2339, Test MAPE: 12.2649
2026-01-29 07:26:40,110 - easytorch-training - INFO - Evaluate best model on test data for horizon 8, Test MAE: 18.8640, Test RMSE: 31.5510, Test MAPE: 12.3775
2026-01-29 07:26:40,112 - easytorch-training - INFO - Evaluate best model on test data for horizon 9, Test MAE: 19.0382, Test RMSE: 31.8439, Test MAPE: 12.5210
2026-01-29 07:26:40,115 - easytorch-training - INFO - Evaluate best model on test data for horizon 10, Test MAE: 19.1875, Test RMSE: 32.0915, Test MAPE: 12.5953
2026-01-29 07:26:40,123 - easytorch-training - INFO - Evaluate best model on test data for horizon 11, Test MAE: 19.3562, Test RMSE: 32.3540, Test MAPE: 12.7806
2026-01-29 07:26:40,130 - easytorch-training - INFO - Evaluate best model on test data for horizon 12, Test MAE: 19.4598, Test RMSE: 32.5060, Test MAPE: 12.8752
2026-01-29 07:26:40,143 - easytorch-training - INFO - Result <test>: [test_time: 14.11 (s), test_MAE: 18.3770, test_RMSE: 30.6833, test_MAPE: 12.1638]
2026-01-29 07:26:40,510 - easytorch-training - INFO - Checkpoint checkpoints/STMAFNet_300/976492592f92c661f4c4ea004499e56d/STMAFNet_195.pt saved
2026-01-29 07:26:40,511 - easytorch-training - INFO - The estimated training finish time is 2026-01-29 12:54:01
2026-01-29 07:26:40,511 - easytorch-training - INFO - Epoch 196 / 300
2026-01-29 07:28:43,179 - easytorch-training - INFO - Result <train>: [train_time: 122.67 (s), lr: 6.25e-05, train_MAE: 15.4553, train_RMSE: 25.4395, train_MAPE: 11.7636]
2026-01-29 07:28:43,181 - easytorch-training - INFO - Start validation.
2026-01-29 07:28:58,109 - easytorch-training - INFO - Result <val>: [val_time: 14.93 (s), val_MAE: 18.1002, val_RMSE: 28.8782, val_MAPE: 12.0993]
2026-01-29 07:29:12,321 - easytorch-training - INFO - Evaluate best model on test data for horizon 1, Test MAE: 16.5521, Test RMSE: 27.2334, Test MAPE: 11.2482
2026-01-29 07:29:12,328 - easytorch-training - INFO - Evaluate best model on test data for horizon 2, Test MAE: 17.1585, Test RMSE: 28.4238, Test MAPE: 11.6645
2026-01-29 07:29:12,336 - easytorch-training - INFO - Evaluate best model on test data for horizon 3, Test MAE: 17.6319, Test RMSE: 29.2872, Test MAPE: 12.0366
2026-01-29 07:29:12,342 - easytorch-training - INFO - Evaluate best model on test data for horizon 4, Test MAE: 17.9651, Test RMSE: 29.9167, Test MAPE: 12.1309
2026-01-29 07:29:12,344 - easytorch-training - INFO - Evaluate best model on test data for horizon 5, Test MAE: 18.2491, Test RMSE: 30.4488, Test MAPE: 12.1424
2026-01-29 07:29:12,345 - easytorch-training - INFO - Evaluate best model on test data for horizon 6, Test MAE: 18.4635, Test RMSE: 30.8420, Test MAPE: 12.2014
2026-01-29 07:29:12,347 - easytorch-training - INFO - Evaluate best model on test data for horizon 7, Test MAE: 18.6920, Test RMSE: 31.1886, Test MAPE: 12.4212
2026-01-29 07:29:12,354 - easytorch-training - INFO - Evaluate best model on test data for horizon 8, Test MAE: 18.8817, Test RMSE: 31.4894, Test MAPE: 12.5088
2026-01-29 07:29:12,362 - easytorch-training - INFO - Evaluate best model on test data for horizon 9, Test MAE: 19.0623, Test RMSE: 31.7893, Test MAPE: 12.7414
2026-01-29 07:29:12,369 - easytorch-training - INFO - Evaluate best model on test data for horizon 10, Test MAE: 19.2062, Test RMSE: 32.0294, Test MAPE: 12.7300
2026-01-29 07:29:12,377 - easytorch-training - INFO - Evaluate best model on test data for horizon 11, Test MAE: 19.3647, Test RMSE: 32.2798, Test MAPE: 12.7862
2026-01-29 07:29:12,384 - easytorch-training - INFO - Evaluate best model on test data for horizon 12, Test MAE: 19.4882, Test RMSE: 32.4302, Test MAPE: 13.1078
2026-01-29 07:29:12,397 - easytorch-training - INFO - Result <test>: [test_time: 14.29 (s), test_MAE: 18.3930, test_RMSE: 30.6528, test_MAPE: 12.3100]
2026-01-29 07:29:12,764 - easytorch-training - INFO - Checkpoint checkpoints/STMAFNet_300/976492592f92c661f4c4ea004499e56d/STMAFNet_196.pt saved
2026-01-29 07:29:12,765 - easytorch-training - INFO - The estimated training finish time is 2026-01-29 12:53:08
2026-01-29 07:29:12,765 - easytorch-training - INFO - Epoch 197 / 300
2026-01-29 07:31:14,717 - easytorch-training - INFO - Result <train>: [train_time: 121.95 (s), lr: 6.25e-05, train_MAE: 15.4309, train_RMSE: 25.4020, train_MAPE: 11.7674]
2026-01-29 07:31:14,718 - easytorch-training - INFO - Start validation.
2026-01-29 07:31:29,646 - easytorch-training - INFO - Result <val>: [val_time: 14.93 (s), val_MAE: 18.1072, val_RMSE: 28.9137, val_MAPE: 11.9381]
2026-01-29 07:31:44,277 - easytorch-training - INFO - Evaluate best model on test data for horizon 1, Test MAE: 16.5700, Test RMSE: 27.2635, Test MAPE: 11.0144
2026-01-29 07:31:44,285 - easytorch-training - INFO - Evaluate best model on test data for horizon 2, Test MAE: 17.1942, Test RMSE: 28.4954, Test MAPE: 11.5326
2026-01-29 07:31:44,292 - easytorch-training - INFO - Evaluate best model on test data for horizon 3, Test MAE: 17.6640, Test RMSE: 29.3772, Test MAPE: 11.8689
2026-01-29 07:31:44,300 - easytorch-training - INFO - Evaluate best model on test data for horizon 4, Test MAE: 18.0032, Test RMSE: 30.0142, Test MAPE: 11.9942
2026-01-29 07:31:44,307 - easytorch-training - INFO - Evaluate best model on test data for horizon 5, Test MAE: 18.2987, Test RMSE: 30.5661, Test MAPE: 12.0732
2026-01-29 07:31:44,314 - easytorch-training - INFO - Evaluate best model on test data for horizon 6, Test MAE: 18.5321, Test RMSE: 30.9835, Test MAPE: 12.1318
2026-01-29 07:31:44,322 - easytorch-training - INFO - Evaluate best model on test data for horizon 7, Test MAE: 18.7553, Test RMSE: 31.3496, Test MAPE: 12.3603
2026-01-29 07:31:44,329 - easytorch-training - INFO - Evaluate best model on test data for horizon 8, Test MAE: 18.9374, Test RMSE: 31.6726, Test MAPE: 12.3923
2026-01-29 07:31:44,337 - easytorch-training - INFO - Evaluate best model on test data for horizon 9, Test MAE: 19.1050, Test RMSE: 31.9509, Test MAPE: 12.5383
2026-01-29 07:31:44,344 - easytorch-training - INFO - Evaluate best model on test data for horizon 10, Test MAE: 19.2804, Test RMSE: 32.2384, Test MAPE: 12.6559
2026-01-29 07:31:44,352 - easytorch-training - INFO - Evaluate best model on test data for horizon 11, Test MAE: 19.4508, Test RMSE: 32.4890, Test MAPE: 12.7833
2026-01-29 07:31:44,359 - easytorch-training - INFO - Evaluate best model on test data for horizon 12, Test MAE: 19.5646, Test RMSE: 32.6549, Test MAPE: 12.9160
2026-01-29 07:31:44,370 - easytorch-training - INFO - Result <test>: [test_time: 14.72 (s), test_MAE: 18.4463, test_RMSE: 30.7970, test_MAPE: 12.1885]
2026-01-29 07:31:44,737 - easytorch-training - INFO - Checkpoint checkpoints/STMAFNet_300/976492592f92c661f4c4ea004499e56d/STMAFNet_197.pt saved
2026-01-29 07:31:44,738 - easytorch-training - INFO - The estimated training finish time is 2026-01-29 12:52:15
2026-01-29 07:31:44,738 - easytorch-training - INFO - Epoch 198 / 300
2026-01-29 07:33:46,359 - easytorch-training - INFO - Result <train>: [train_time: 121.62 (s), lr: 6.25e-05, train_MAE: 15.4394, train_RMSE: 25.4157, train_MAPE: 11.7530]
2026-01-29 07:33:46,361 - easytorch-training - INFO - Start validation.
2026-01-29 07:34:01,294 - easytorch-training - INFO - Result <val>: [val_time: 14.93 (s), val_MAE: 18.1140, val_RMSE: 28.9494, val_MAPE: 12.0080]
2026-01-29 07:34:15,894 - easytorch-training - INFO - Evaluate best model on test data for horizon 1, Test MAE: 16.5666, Test RMSE: 27.2560, Test MAPE: 11.2437
2026-01-29 07:34:15,902 - easytorch-training - INFO - Evaluate best model on test data for horizon 2, Test MAE: 17.1718, Test RMSE: 28.4718, Test MAPE: 11.5487
2026-01-29 07:34:15,909 - easytorch-training - INFO - Evaluate best model on test data for horizon 3, Test MAE: 17.6473, Test RMSE: 29.3536, Test MAPE: 11.8735
2026-01-29 07:34:15,917 - easytorch-training - INFO - Evaluate best model on test data for horizon 4, Test MAE: 18.0043, Test RMSE: 30.0136, Test MAPE: 12.0490
2026-01-29 07:34:15,924 - easytorch-training - INFO - Evaluate best model on test data for horizon 5, Test MAE: 18.2739, Test RMSE: 30.5342, Test MAPE: 12.0985
2026-01-29 07:34:15,929 - easytorch-training - INFO - Evaluate best model on test data for horizon 6, Test MAE: 18.5078, Test RMSE: 30.9468, Test MAPE: 12.3114
2026-01-29 07:34:15,930 - easytorch-training - INFO - Evaluate best model on test data for horizon 7, Test MAE: 18.7196, Test RMSE: 31.3128, Test MAPE: 12.3068
2026-01-29 07:34:15,938 - easytorch-training - INFO - Evaluate best model on test data for horizon 8, Test MAE: 18.9208, Test RMSE: 31.6275, Test MAPE: 12.4702
2026-01-29 07:34:15,945 - easytorch-training - INFO - Evaluate best model on test data for horizon 9, Test MAE: 19.0674, Test RMSE: 31.8790, Test MAPE: 12.5429
2026-01-29 07:34:15,952 - easytorch-training - INFO - Evaluate best model on test data for horizon 10, Test MAE: 19.2160, Test RMSE: 32.1288, Test MAPE: 12.6378
2026-01-29 07:34:15,960 - easytorch-training - INFO - Evaluate best model on test data for horizon 11, Test MAE: 19.3567, Test RMSE: 32.3653, Test MAPE: 12.6904
2026-01-29 07:34:15,967 - easytorch-training - INFO - Evaluate best model on test data for horizon 12, Test MAE: 19.4885, Test RMSE: 32.5304, Test MAPE: 12.8487
2026-01-29 07:34:15,980 - easytorch-training - INFO - Result <test>: [test_time: 14.68 (s), test_MAE: 18.4118, test_RMSE: 30.7424, test_MAPE: 12.2185]
2026-01-29 07:34:16,347 - easytorch-training - INFO - Checkpoint checkpoints/STMAFNet_300/976492592f92c661f4c4ea004499e56d/STMAFNet_198.pt saved
2026-01-29 07:34:16,348 - easytorch-training - INFO - The estimated training finish time is 2026-01-29 12:51:22
2026-01-29 07:34:16,348 - easytorch-training - INFO - Epoch 199 / 300
2026-01-29 07:36:18,022 - easytorch-training - INFO - Result <train>: [train_time: 121.67 (s), lr: 6.25e-05, train_MAE: 15.4347, train_RMSE: 25.4107, train_MAPE: 11.7630]
2026-01-29 07:36:18,024 - easytorch-training - INFO - Start validation.
2026-01-29 07:36:32,970 - easytorch-training - INFO - Result <val>: [val_time: 14.95 (s), val_MAE: 18.1073, val_RMSE: 28.8934, val_MAPE: 12.0609]
2026-01-29 07:36:47,601 - easytorch-training - INFO - Evaluate best model on test data for horizon 1, Test MAE: 16.5761, Test RMSE: 27.2705, Test MAPE: 11.1412
2026-01-29 07:36:47,609 - easytorch-training - INFO - Evaluate best model on test data for horizon 2, Test MAE: 17.1798, Test RMSE: 28.4827, Test MAPE: 11.5660
2026-01-29 07:36:47,616 - easytorch-training - INFO - Evaluate best model on test data for horizon 3, Test MAE: 17.6461, Test RMSE: 29.3351, Test MAPE: 11.8214
2026-01-29 07:36:47,617 - easytorch-training - INFO - Evaluate best model on test data for horizon 4, Test MAE: 17.9899, Test RMSE: 29.9652, Test MAPE: 11.9134
2026-01-29 07:36:47,619 - easytorch-training - INFO - Evaluate best model on test data for horizon 5, Test MAE: 18.2803, Test RMSE: 30.4836, Test MAPE: 12.1674
2026-01-29 07:36:47,620 - easytorch-training - INFO - Evaluate best model on test data for horizon 6, Test MAE: 18.4760, Test RMSE: 30.8651, Test MAPE: 12.2897
2026-01-29 07:36:47,621 - easytorch-training - INFO - Evaluate best model on test data for horizon 7, Test MAE: 18.6902, Test RMSE: 31.2265, Test MAPE: 12.2825
2026-01-29 07:36:47,622 - easytorch-training - INFO - Evaluate best model on test data for horizon 8, Test MAE: 18.8732, Test RMSE: 31.5189, Test MAPE: 12.5121
2026-01-29 07:36:47,626 - easytorch-training - INFO - Evaluate best model on test data for horizon 9, Test MAE: 19.0624, Test RMSE: 31.8077, Test MAPE: 12.6827
2026-01-29 07:36:47,633 - easytorch-training - INFO - Evaluate best model on test data for horizon 10, Test MAE: 19.2122, Test RMSE: 32.0704, Test MAPE: 12.8125
2026-01-29 07:36:47,641 - easytorch-training - INFO - Evaluate best model on test data for horizon 11, Test MAE: 19.3740, Test RMSE: 32.3334, Test MAPE: 12.9535
2026-01-29 07:36:47,648 - easytorch-training - INFO - Evaluate best model on test data for horizon 12, Test MAE: 19.4948, Test RMSE: 32.4723, Test MAPE: 13.2431
2026-01-29 07:36:47,661 - easytorch-training - INFO - Result <test>: [test_time: 14.69 (s), test_MAE: 18.4046, test_RMSE: 30.6920, test_MAPE: 12.2821]
2026-01-29 07:36:48,024 - easytorch-training - INFO - Checkpoint checkpoints/STMAFNet_300/976492592f92c661f4c4ea004499e56d/STMAFNet_199.pt saved
2026-01-29 07:36:48,024 - easytorch-training - INFO - The estimated training finish time is 2026-01-29 12:50:29
2026-01-29 07:36:48,025 - easytorch-training - INFO - Epoch 200 / 300
2026-01-29 07:38:49,662 - easytorch-training - INFO - Result <train>: [train_time: 121.64 (s), lr: 6.25e-05, train_MAE: 15.4417, train_RMSE: 25.4137, train_MAPE: 11.7521]
2026-01-29 07:38:49,664 - easytorch-training - INFO - Start validation.
2026-01-29 07:39:04,629 - easytorch-training - INFO - Result <val>: [val_time: 14.97 (s), val_MAE: 18.1121, val_RMSE: 28.9369, val_MAPE: 11.8592]
2026-01-29 07:39:19,227 - easytorch-training - INFO - Evaluate best model on test data for horizon 1, Test MAE: 16.5591, Test RMSE: 27.2646, Test MAPE: 11.0314
2026-01-29 07:39:19,234 - easytorch-training - INFO - Evaluate best model on test data for horizon 2, Test MAE: 17.1632, Test RMSE: 28.4649, Test MAPE: 11.4501
2026-01-29 07:39:19,241 - easytorch-training - INFO - Evaluate best model on test data for horizon 3, Test MAE: 17.6285, Test RMSE: 29.3407, Test MAPE: 11.7257
2026-01-29 07:39:19,249 - easytorch-training - INFO - Evaluate best model on test data for horizon 4, Test MAE: 17.9959, Test RMSE: 30.0001, Test MAPE: 11.8015
2026-01-29 07:39:19,256 - easytorch-training - INFO - Evaluate best model on test data for horizon 5, Test MAE: 18.2908, Test RMSE: 30.5488, Test MAPE: 11.9316
2026-01-29 07:39:19,264 - easytorch-training - INFO - Evaluate best model on test data for horizon 6, Test MAE: 18.5133, Test RMSE: 30.9462, Test MAPE: 12.0667
2026-01-29 07:39:19,271 - easytorch-training - INFO - Evaluate best model on test data for horizon 7, Test MAE: 18.7249, Test RMSE: 31.2904, Test MAPE: 12.2450
2026-01-29 07:39:19,279 - easytorch-training - INFO - Evaluate best model on test data for horizon 8, Test MAE: 18.9158, Test RMSE: 31.6081, Test MAPE: 12.3129
2026-01-29 07:39:19,286 - easytorch-training - INFO - Evaluate best model on test data for horizon 9, Test MAE: 19.0767, Test RMSE: 31.8781, Test MAPE: 12.4586
2026-01-29 07:39:19,294 - easytorch-training - INFO - Evaluate best model on test data for horizon 10, Test MAE: 19.2454, Test RMSE: 32.1475, Test MAPE: 12.5642
2026-01-29 07:39:19,301 - easytorch-training - INFO - Evaluate best model on test data for horizon 11, Test MAE: 19.3963, Test RMSE: 32.3951, Test MAPE: 12.7329
2026-01-29 07:39:19,309 - easytorch-training - INFO - Evaluate best model on test data for horizon 12, Test MAE: 19.5136, Test RMSE: 32.5311, Test MAPE: 12.8215
2026-01-29 07:39:19,321 - easytorch-training - INFO - Result <test>: [test_time: 14.69 (s), test_MAE: 18.4186, test_RMSE: 30.7422, test_MAPE: 12.0952]
2026-01-29 07:39:19,709 - easytorch-training - INFO - Checkpoint checkpoints/STMAFNet_300/976492592f92c661f4c4ea004499e56d/STMAFNet_200.pt saved
2026-01-29 07:39:19,739 - easytorch-training - INFO - The estimated training finish time is 2026-01-29 12:49:37
2026-01-29 07:39:19,739 - easytorch-training - INFO - Epoch 201 / 300
2026-01-29 07:41:21,454 - easytorch-training - INFO - Result <train>: [train_time: 121.71 (s), lr: 6.25e-05, train_MAE: 15.4368, train_RMSE: 25.4008, train_MAPE: 11.7279]
2026-01-29 07:41:21,456 - easytorch-training - INFO - Start validation.
2026-01-29 07:41:36,407 - easytorch-training - INFO - Result <val>: [val_time: 14.95 (s), val_MAE: 18.1372, val_RMSE: 28.9673, val_MAPE: 11.9467]
2026-01-29 07:41:51,039 - easytorch-training - INFO - Evaluate best model on test data for horizon 1, Test MAE: 16.5827, Test RMSE: 27.3165, Test MAPE: 11.1666
2026-01-29 07:41:51,046 - easytorch-training - INFO - Evaluate best model on test data for horizon 2, Test MAE: 17.1950, Test RMSE: 28.5081, Test MAPE: 11.5304
2026-01-29 07:41:51,054 - easytorch-training - INFO - Evaluate best model on test data for horizon 3, Test MAE: 17.6615, Test RMSE: 29.3775, Test MAPE: 11.7535
2026-01-29 07:41:51,057 - easytorch-training - INFO - Evaluate best model on test data for horizon 4, Test MAE: 18.0034, Test RMSE: 30.0031, Test MAPE: 11.9585
2026-01-29 07:41:51,059 - easytorch-training - INFO - Evaluate best model on test data for horizon 5, Test MAE: 18.2964, Test RMSE: 30.5679, Test MAPE: 11.9895
2026-01-29 07:41:51,060 - easytorch-training - INFO - Evaluate best model on test data for horizon 6, Test MAE: 18.5165, Test RMSE: 30.9449, Test MAPE: 12.1685
2026-01-29 07:41:51,061 - easytorch-training - INFO - Evaluate best model on test data for horizon 7, Test MAE: 18.7291, Test RMSE: 31.2782, Test MAPE: 12.2708
2026-01-29 07:41:51,062 - easytorch-training - INFO - Evaluate best model on test data for horizon 8, Test MAE: 18.9161, Test RMSE: 31.6046, Test MAPE: 12.3778
2026-01-29 07:41:51,063 - easytorch-training - INFO - Evaluate best model on test data for horizon 9, Test MAE: 19.0851, Test RMSE: 31.8775, Test MAPE: 12.5363
2026-01-29 07:41:51,065 - easytorch-training - INFO - Evaluate best model on test data for horizon 10, Test MAE: 19.2309, Test RMSE: 32.1334, Test MAPE: 12.6382
2026-01-29 07:41:51,072 - easytorch-training - INFO - Evaluate best model on test data for horizon 11, Test MAE: 19.3768, Test RMSE: 32.3609, Test MAPE: 12.7678
2026-01-29 07:41:51,080 - easytorch-training - INFO - Evaluate best model on test data for horizon 12, Test MAE: 19.4831, Test RMSE: 32.5078, Test MAPE: 12.8573
2026-01-29 07:41:51,093 - easytorch-training - INFO - Result <test>: [test_time: 14.68 (s), test_MAE: 18.4231, test_RMSE: 30.7463, test_MAPE: 12.1679]
2026-01-29 07:41:51,455 - easytorch-training - INFO - Checkpoint checkpoints/STMAFNet_300/976492592f92c661f4c4ea004499e56d/STMAFNet_201.pt saved
2026-01-29 07:41:51,456 - easytorch-training - INFO - The estimated training finish time is 2026-01-29 12:48:46
2026-01-29 07:41:51,456 - easytorch-training - INFO - Epoch 202 / 300
2026-01-29 07:43:53,122 - easytorch-training - INFO - Result <train>: [train_time: 121.67 (s), lr: 6.25e-05, train_MAE: 15.4257, train_RMSE: 25.3868, train_MAPE: 11.7379]
2026-01-29 07:43:53,124 - easytorch-training - INFO - Start validation.
2026-01-29 07:44:08,075 - easytorch-training - INFO - Result <val>: [val_time: 14.95 (s), val_MAE: 18.0760, val_RMSE: 28.8896, val_MAPE: 11.9986]
2026-01-29 07:44:22,702 - easytorch-training - INFO - Evaluate best model on test data for horizon 1, Test MAE: 16.5686, Test RMSE: 27.2631, Test MAPE: 11.1935
2026-01-29 07:44:22,709 - easytorch-training - INFO - Evaluate best model on test data for horizon 2, Test MAE: 17.1618, Test RMSE: 28.4436, Test MAPE: 11.6470
2026-01-29 07:44:22,716 - easytorch-training - INFO - Evaluate best model on test data for horizon 3, Test MAE: 17.6129, Test RMSE: 29.3124, Test MAPE: 11.7489
2026-01-29 07:44:22,724 - easytorch-training - INFO - Evaluate best model on test data for horizon 4, Test MAE: 17.9596, Test RMSE: 29.9340, Test MAPE: 11.9952
2026-01-29 07:44:22,731 - easytorch-training - INFO - Evaluate best model on test data for horizon 5, Test MAE: 18.2603, Test RMSE: 30.4980, Test MAPE: 12.0952
2026-01-29 07:44:22,739 - easytorch-training - INFO - Evaluate best model on test data for horizon 6, Test MAE: 18.4932, Test RMSE: 30.8859, Test MAPE: 12.2917
2026-01-29 07:44:22,746 - easytorch-training - INFO - Evaluate best model on test data for horizon 7, Test MAE: 18.7070, Test RMSE: 31.2524, Test MAPE: 12.4310
2026-01-29 07:44:22,754 - easytorch-training - INFO - Evaluate best model on test data for horizon 8, Test MAE: 18.8817, Test RMSE: 31.5478, Test MAPE: 12.4205
2026-01-29 07:44:22,761 - easytorch-training - INFO - Evaluate best model on test data for horizon 9, Test MAE: 19.0669, Test RMSE: 31.8557, Test MAPE: 12.5824
2026-01-29 07:44:22,769 - easytorch-training - INFO - Evaluate best model on test data for horizon 10, Test MAE: 19.2244, Test RMSE: 32.1225, Test MAPE: 12.7502
2026-01-29 07:44:22,776 - easytorch-training - INFO - Evaluate best model on test data for horizon 11, Test MAE: 19.3678, Test RMSE: 32.3558, Test MAPE: 12.8236
2026-01-29 07:44:22,784 - easytorch-training - INFO - Evaluate best model on test data for horizon 12, Test MAE: 19.4942, Test RMSE: 32.5155, Test MAPE: 12.9613
2026-01-29 07:44:22,797 - easytorch-training - INFO - Result <test>: [test_time: 14.72 (s), test_MAE: 18.3999, test_RMSE: 30.7062, test_MAPE: 12.2451]
2026-01-29 07:44:23,160 - easytorch-training - INFO - Checkpoint checkpoints/STMAFNet_300/976492592f92c661f4c4ea004499e56d/STMAFNet_202.pt saved
2026-01-29 07:44:23,161 - easytorch-training - INFO - The estimated training finish time is 2026-01-29 12:47:55
2026-01-29 07:44:23,161 - easytorch-training - INFO - Epoch 203 / 300
2026-01-29 07:46:25,586 - easytorch-training - INFO - Result <train>: [train_time: 122.42 (s), lr: 6.25e-05, train_MAE: 15.4171, train_RMSE: 25.3718, train_MAPE: 11.7456]
2026-01-29 07:46:25,588 - easytorch-training - INFO - Start validation.
2026-01-29 07:46:40,003 - easytorch-training - INFO - Result <val>: [val_time: 14.41 (s), val_MAE: 18.1423, val_RMSE: 28.9428, val_MAPE: 12.0136]
2026-01-29 07:46:54,608 - easytorch-training - INFO - Evaluate best model on test data for horizon 1, Test MAE: 16.5985, Test RMSE: 27.2771, Test MAPE: 11.2410
2026-01-29 07:46:54,616 - easytorch-training - INFO - Evaluate best model on test data for horizon 2, Test MAE: 17.1973, Test RMSE: 28.4890, Test MAPE: 11.5607
2026-01-29 07:46:54,623 - easytorch-training - INFO - Evaluate best model on test data for horizon 3, Test MAE: 17.6608, Test RMSE: 29.3701, Test MAPE: 11.8266
2026-01-29 07:46:54,631 - easytorch-training - INFO - Evaluate best model on test data for horizon 4, Test MAE: 18.0448, Test RMSE: 30.0801, Test MAPE: 11.9200
2026-01-29 07:46:54,638 - easytorch-training - INFO - Evaluate best model on test data for horizon 5, Test MAE: 18.3389, Test RMSE: 30.6303, Test MAPE: 12.0964
2026-01-29 07:46:54,646 - easytorch-training - INFO - Evaluate best model on test data for horizon 6, Test MAE: 18.5833, Test RMSE: 31.0554, Test MAPE: 12.2553
2026-01-29 07:46:54,647 - easytorch-training - INFO - Evaluate best model on test data for horizon 7, Test MAE: 18.8150, Test RMSE: 31.4556, Test MAPE: 12.3189
2026-01-29 07:46:54,649 - easytorch-training - INFO - Evaluate best model on test data for horizon 8, Test MAE: 18.9782, Test RMSE: 31.7140, Test MAPE: 12.4390
2026-01-29 07:46:54,650 - easytorch-training - INFO - Evaluate best model on test data for horizon 9, Test MAE: 19.1641, Test RMSE: 32.0400, Test MAPE: 12.6339
2026-01-29 07:46:54,651 - easytorch-training - INFO - Evaluate best model on test data for horizon 10, Test MAE: 19.3258, Test RMSE: 32.3138, Test MAPE: 12.7026
2026-01-29 07:46:54,652 - easytorch-training - INFO - Evaluate best model on test data for horizon 11, Test MAE: 19.5012, Test RMSE: 32.5684, Test MAPE: 12.9073
2026-01-29 07:46:54,653 - easytorch-training - INFO - Evaluate best model on test data for horizon 12, Test MAE: 19.6084, Test RMSE: 32.7007, Test MAPE: 13.0575
2026-01-29 07:46:54,664 - easytorch-training - INFO - Result <test>: [test_time: 14.66 (s), test_MAE: 18.4847, test_RMSE: 30.8515, test_MAPE: 12.2466]
2026-01-29 07:46:55,027 - easytorch-training - INFO - Checkpoint checkpoints/STMAFNet_300/976492592f92c661f4c4ea004499e56d/STMAFNet_203.pt saved
2026-01-29 07:46:55,027 - easytorch-training - INFO - The estimated training finish time is 2026-01-29 12:47:05
2026-01-29 07:46:55,027 - easytorch-training - INFO - Epoch 204 / 300
2026-01-29 07:48:58,037 - easytorch-training - INFO - Result <train>: [train_time: 123.01 (s), lr: 6.25e-05, train_MAE: 15.4098, train_RMSE: 25.3632, train_MAPE: 11.7433]
2026-01-29 07:48:58,039 - easytorch-training - INFO - Start validation.
2026-01-29 07:49:12,690 - easytorch-training - INFO - Result <val>: [val_time: 14.65 (s), val_MAE: 18.1313, val_RMSE: 28.9671, val_MAPE: 11.9603]
2026-01-29 07:49:26,473 - easytorch-training - INFO - Evaluate best model on test data for horizon 1, Test MAE: 16.5830, Test RMSE: 27.3073, Test MAPE: 10.9964
2026-01-29 07:49:26,480 - easytorch-training - INFO - Evaluate best model on test data for horizon 2, Test MAE: 17.1911, Test RMSE: 28.5285, Test MAPE: 11.3864
2026-01-29 07:49:26,488 - easytorch-training - INFO - Evaluate best model on test data for horizon 3, Test MAE: 17.6529, Test RMSE: 29.3880, Test MAPE: 11.7013
2026-01-29 07:49:26,495 - easytorch-training - INFO - Evaluate best model on test data for horizon 4, Test MAE: 18.0077, Test RMSE: 30.0266, Test MAPE: 11.8926
2026-01-29 07:49:26,503 - easytorch-training - INFO - Evaluate best model on test data for horizon 5, Test MAE: 18.2966, Test RMSE: 30.5637, Test MAPE: 12.0827
2026-01-29 07:49:26,510 - easytorch-training - INFO - Evaluate best model on test data for horizon 6, Test MAE: 18.5380, Test RMSE: 30.9842, Test MAPE: 12.1948
2026-01-29 07:49:26,518 - easytorch-training - INFO - Evaluate best model on test data for horizon 7, Test MAE: 18.7535, Test RMSE: 31.3432, Test MAPE: 12.3480
2026-01-29 07:49:26,525 - easytorch-training - INFO - Evaluate best model on test data for horizon 8, Test MAE: 18.9421, Test RMSE: 31.6367, Test MAPE: 12.4733
2026-01-29 07:49:26,533 - easytorch-training - INFO - Evaluate best model on test data for horizon 9, Test MAE: 19.1166, Test RMSE: 31.9408, Test MAPE: 12.6060
2026-01-29 07:49:26,534 - easytorch-training - INFO - Evaluate best model on test data for horizon 10, Test MAE: 19.2835, Test RMSE: 32.2031, Test MAPE: 12.8242
2026-01-29 07:49:26,536 - easytorch-training - INFO - Evaluate best model on test data for horizon 11, Test MAE: 19.4541, Test RMSE: 32.4670, Test MAPE: 12.9791
2026-01-29 07:49:26,543 - easytorch-training - INFO - Evaluate best model on test data for horizon 12, Test MAE: 19.5564, Test RMSE: 32.5911, Test MAPE: 13.1365
2026-01-29 07:49:26,556 - easytorch-training - INFO - Result <test>: [test_time: 13.86 (s), test_MAE: 18.4480, test_RMSE: 30.7894, test_MAPE: 12.2184]
2026-01-29 07:49:27,007 - easytorch-training - INFO - Checkpoint checkpoints/STMAFNet_300/976492592f92c661f4c4ea004499e56d/STMAFNet_204.pt saved
2026-01-29 07:49:27,008 - easytorch-training - INFO - The estimated training finish time is 2026-01-29 12:46:15
2026-01-29 07:49:27,008 - easytorch-training - INFO - Epoch 205 / 300
2026-01-29 07:51:30,519 - easytorch-training - INFO - Result <train>: [train_time: 123.51 (s), lr: 6.25e-05, train_MAE: 15.3969, train_RMSE: 25.3410, train_MAPE: 11.7368]
2026-01-29 07:51:30,521 - easytorch-training - INFO - Start validation.
2026-01-29 07:51:45,120 - easytorch-training - INFO - Result <val>: [val_time: 14.60 (s), val_MAE: 18.1609, val_RMSE: 28.9464, val_MAPE: 11.9640]
2026-01-29 07:51:59,103 - easytorch-training - INFO - Evaluate best model on test data for horizon 1, Test MAE: 16.6024, Test RMSE: 27.2853, Test MAPE: 11.1012
2026-01-29 07:51:59,110 - easytorch-training - INFO - Evaluate best model on test data for horizon 2, Test MAE: 17.1940, Test RMSE: 28.4846, Test MAPE: 11.4560
2026-01-29 07:51:59,118 - easytorch-training - INFO - Evaluate best model on test data for horizon 3, Test MAE: 17.6664, Test RMSE: 29.3565, Test MAPE: 11.7323
2026-01-29 07:51:59,125 - easytorch-training - INFO - Evaluate best model on test data for horizon 4, Test MAE: 18.0388, Test RMSE: 30.0208, Test MAPE: 11.9279
2026-01-29 07:51:59,133 - easytorch-training - INFO - Evaluate best model on test data for horizon 5, Test MAE: 18.3218, Test RMSE: 30.5708, Test MAPE: 12.0565
2026-01-29 07:51:59,140 - easytorch-training - INFO - Evaluate best model on test data for horizon 6, Test MAE: 18.5661, Test RMSE: 30.9992, Test MAPE: 12.1579
2026-01-29 07:51:59,148 - easytorch-training - INFO - Evaluate best model on test data for horizon 7, Test MAE: 18.8101, Test RMSE: 31.3881, Test MAPE: 12.3865
2026-01-29 07:51:59,152 - easytorch-training - INFO - Evaluate best model on test data for horizon 8, Test MAE: 18.9916, Test RMSE: 31.6951, Test MAPE: 12.4695
2026-01-29 07:51:59,154 - easytorch-training - INFO - Evaluate best model on test data for horizon 9, Test MAE: 19.1485, Test RMSE: 31.9718, Test MAPE: 12.5485
2026-01-29 07:51:59,159 - easytorch-training - INFO - Evaluate best model on test data for horizon 10, Test MAE: 19.3146, Test RMSE: 32.2685, Test MAPE: 12.7253
2026-01-29 07:51:59,167 - easytorch-training - INFO - Evaluate best model on test data for horizon 11, Test MAE: 19.4558, Test RMSE: 32.4930, Test MAPE: 12.8551
2026-01-29 07:51:59,174 - easytorch-training - INFO - Evaluate best model on test data for horizon 12, Test MAE: 19.5693, Test RMSE: 32.6258, Test MAPE: 13.0325
2026-01-29 07:51:59,187 - easytorch-training - INFO - Result <test>: [test_time: 14.06 (s), test_MAE: 18.4733, test_RMSE: 30.8058, test_MAPE: 12.2041]
2026-01-29 07:51:59,551 - easytorch-training - INFO - Checkpoint checkpoints/STMAFNet_300/976492592f92c661f4c4ea004499e56d/STMAFNet_205.pt saved
2026-01-29 07:51:59,552 - easytorch-training - INFO - The estimated training finish time is 2026-01-29 12:45:27
2026-01-29 07:51:59,552 - easytorch-training - INFO - Epoch 206 / 300
2026-01-29 07:54:02,199 - easytorch-training - INFO - Result <train>: [train_time: 122.65 (s), lr: 6.25e-05, train_MAE: 15.3931, train_RMSE: 25.3338, train_MAPE: 11.7439]
2026-01-29 07:54:02,201 - easytorch-training - INFO - Start validation.
2026-01-29 07:54:17,127 - easytorch-training - INFO - Result <val>: [val_time: 14.93 (s), val_MAE: 18.1263, val_RMSE: 28.9572, val_MAPE: 11.9101]
2026-01-29 07:54:31,423 - easytorch-training - INFO - Evaluate best model on test data for horizon 1, Test MAE: 16.5884, Test RMSE: 27.3081, Test MAPE: 11.0413
2026-01-29 07:54:31,431 - easytorch-training - INFO - Evaluate best model on test data for horizon 2, Test MAE: 17.1970, Test RMSE: 28.5162, Test MAPE: 11.4836
2026-01-29 07:54:31,438 - easytorch-training - INFO - Evaluate best model on test data for horizon 3, Test MAE: 17.6631, Test RMSE: 29.4056, Test MAPE: 11.7486
2026-01-29 07:54:31,446 - easytorch-training - INFO - Evaluate best model on test data for horizon 4, Test MAE: 18.0283, Test RMSE: 30.0569, Test MAPE: 11.9228
2026-01-29 07:54:31,453 - easytorch-training - INFO - Evaluate best model on test data for horizon 5, Test MAE: 18.3143, Test RMSE: 30.5973, Test MAPE: 12.0098
2026-01-29 07:54:31,461 - easytorch-training - INFO - Evaluate best model on test data for horizon 6, Test MAE: 18.5542, Test RMSE: 31.0172, Test MAPE: 12.1420
2026-01-29 07:54:31,468 - easytorch-training - INFO - Evaluate best model on test data for horizon 7, Test MAE: 18.7683, Test RMSE: 31.3830, Test MAPE: 12.2884
2026-01-29 07:54:31,476 - easytorch-training - INFO - Evaluate best model on test data for horizon 8, Test MAE: 18.9629, Test RMSE: 31.6777, Test MAPE: 12.4044
2026-01-29 07:54:31,483 - easytorch-training - INFO - Evaluate best model on test data for horizon 9, Test MAE: 19.1514, Test RMSE: 31.9981, Test MAPE: 12.5550
2026-01-29 07:54:31,489 - easytorch-training - INFO - Evaluate best model on test data for horizon 10, Test MAE: 19.3031, Test RMSE: 32.2486, Test MAPE: 12.6707
2026-01-29 07:54:31,490 - easytorch-training - INFO - Evaluate best model on test data for horizon 11, Test MAE: 19.4615, Test RMSE: 32.5325, Test MAPE: 12.8632
2026-01-29 07:54:31,492 - easytorch-training - INFO - Evaluate best model on test data for horizon 12, Test MAE: 19.5847, Test RMSE: 32.6680, Test MAPE: 12.9963
2026-01-29 07:54:31,505 - easytorch-training - INFO - Result <test>: [test_time: 14.38 (s), test_MAE: 18.4648, test_RMSE: 30.8262, test_MAPE: 12.1772]
2026-01-29 07:54:31,893 - easytorch-training - INFO - Checkpoint checkpoints/STMAFNet_300/976492592f92c661f4c4ea004499e56d/STMAFNet_206.pt saved
2026-01-29 07:54:31,894 - easytorch-training - INFO - The estimated training finish time is 2026-01-29 12:44:39
2026-01-29 07:54:31,894 - easytorch-training - INFO - Epoch 207 / 300
2026-01-29 07:56:33,813 - easytorch-training - INFO - Result <train>: [train_time: 121.92 (s), lr: 6.25e-05, train_MAE: 15.4045, train_RMSE: 25.3475, train_MAPE: 11.7199]
2026-01-29 07:56:33,814 - easytorch-training - INFO - Start validation.
2026-01-29 07:56:48,766 - easytorch-training - INFO - Result <val>: [val_time: 14.95 (s), val_MAE: 18.1620, val_RMSE: 28.9476, val_MAPE: 12.2564]
2026-01-29 07:57:03,370 - easytorch-training - INFO - Evaluate best model on test data for horizon 1, Test MAE: 16.6308, Test RMSE: 27.3376, Test MAPE: 11.3510
2026-01-29 07:57:03,378 - easytorch-training - INFO - Evaluate best model on test data for horizon 2, Test MAE: 17.2488, Test RMSE: 28.5420, Test MAPE: 11.8228
2026-01-29 07:57:03,385 - easytorch-training - INFO - Evaluate best model on test data for horizon 3, Test MAE: 17.7398, Test RMSE: 29.4546, Test MAPE: 12.1579
2026-01-29 07:57:03,392 - easytorch-training - INFO - Evaluate best model on test data for horizon 4, Test MAE: 18.1062, Test RMSE: 30.1020, Test MAPE: 12.3538
2026-01-29 07:57:03,400 - easytorch-training - INFO - Evaluate best model on test data for horizon 5, Test MAE: 18.3801, Test RMSE: 30.6276, Test MAPE: 12.4049
2026-01-29 07:57:03,407 - easytorch-training - INFO - Evaluate best model on test data for horizon 6, Test MAE: 18.5952, Test RMSE: 31.0293, Test MAPE: 12.5009
2026-01-29 07:57:03,415 - easytorch-training - INFO - Evaluate best model on test data for horizon 7, Test MAE: 18.8225, Test RMSE: 31.3986, Test MAPE: 12.6266
2026-01-29 07:57:03,422 - easytorch-training - INFO - Evaluate best model on test data for horizon 8, Test MAE: 18.9772, Test RMSE: 31.6782, Test MAPE: 12.6510
2026-01-29 07:57:03,430 - easytorch-training - INFO - Evaluate best model on test data for horizon 9, Test MAE: 19.1515, Test RMSE: 31.9740, Test MAPE: 12.7867
2026-01-29 07:57:03,437 - easytorch-training - INFO - Evaluate best model on test data for horizon 10, Test MAE: 19.3102, Test RMSE: 32.2264, Test MAPE: 12.8963
2026-01-29 07:57:03,445 - easytorch-training - INFO - Evaluate best model on test data for horizon 11, Test MAE: 19.4542, Test RMSE: 32.4699, Test MAPE: 12.9837
2026-01-29 07:57:03,452 - easytorch-training - INFO - Evaluate best model on test data for horizon 12, Test MAE: 19.5625, Test RMSE: 32.6110, Test MAPE: 13.1153
2026-01-29 07:57:03,465 - easytorch-training - INFO - Result <test>: [test_time: 14.70 (s), test_MAE: 18.4983, test_RMSE: 30.8283, test_MAPE: 12.4709]
2026-01-29 07:57:03,836 - easytorch-training - INFO - Checkpoint checkpoints/STMAFNet_300/976492592f92c661f4c4ea004499e56d/STMAFNet_207.pt saved
2026-01-29 07:57:03,837 - easytorch-training - INFO - The estimated training finish time is 2026-01-29 12:43:51
2026-01-29 07:57:03,837 - easytorch-training - INFO - Epoch 208 / 300
2026-01-29 07:59:05,422 - easytorch-training - INFO - Result <train>: [train_time: 121.58 (s), lr: 6.25e-05, train_MAE: 15.3830, train_RMSE: 25.3098, train_MAPE: 11.7217]
2026-01-29 07:59:05,423 - easytorch-training - INFO - Start validation.
2026-01-29 07:59:20,314 - easytorch-training - INFO - Result <val>: [val_time: 14.89 (s), val_MAE: 18.1343, val_RMSE: 28.9531, val_MAPE: 12.0245]
2026-01-29 07:59:34,923 - easytorch-training - INFO - Evaluate best model on test data for horizon 1, Test MAE: 16.5891, Test RMSE: 27.3074, Test MAPE: 11.1871
2026-01-29 07:59:34,930 - easytorch-training - INFO - Evaluate best model on test data for horizon 2, Test MAE: 17.2055, Test RMSE: 28.5434, Test MAPE: 11.6170
2026-01-29 07:59:34,938 - easytorch-training - INFO - Evaluate best model on test data for horizon 3, Test MAE: 17.6706, Test RMSE: 29.4095, Test MAPE: 11.9032
2026-01-29 07:59:34,945 - easytorch-training - INFO - Evaluate best model on test data for horizon 4, Test MAE: 18.0224, Test RMSE: 30.0455, Test MAPE: 12.0200
2026-01-29 07:59:34,953 - easytorch-training - INFO - Evaluate best model on test data for horizon 5, Test MAE: 18.3091, Test RMSE: 30.5929, Test MAPE: 12.0973
2026-01-29 07:59:34,960 - easytorch-training - INFO - Evaluate best model on test data for horizon 6, Test MAE: 18.5420, Test RMSE: 30.9684, Test MAPE: 12.3119
2026-01-29 07:59:34,968 - easytorch-training - INFO - Evaluate best model on test data for horizon 7, Test MAE: 18.7575, Test RMSE: 31.3192, Test MAPE: 12.4017
2026-01-29 07:59:34,975 - easytorch-training - INFO - Evaluate best model on test data for horizon 8, Test MAE: 18.9161, Test RMSE: 31.5828, Test MAPE: 12.4769
2026-01-29 07:59:34,982 - easytorch-training - INFO - Evaluate best model on test data for horizon 9, Test MAE: 19.1003, Test RMSE: 31.8648, Test MAPE: 12.5929
2026-01-29 07:59:34,990 - easytorch-training - INFO - Evaluate best model on test data for horizon 10, Test MAE: 19.2229, Test RMSE: 32.0900, Test MAPE: 12.6954
2026-01-29 07:59:34,997 - easytorch-training - INFO - Evaluate best model on test data for horizon 11, Test MAE: 19.3699, Test RMSE: 32.3107, Test MAPE: 12.7862
2026-01-29 07:59:35,005 - easytorch-training - INFO - Evaluate best model on test data for horizon 12, Test MAE: 19.5029, Test RMSE: 32.4681, Test MAPE: 12.8676
2026-01-29 07:59:35,018 - easytorch-training - INFO - Result <test>: [test_time: 14.70 (s), test_MAE: 18.4341, test_RMSE: 30.7473, test_MAPE: 12.2464]
2026-01-29 07:59:35,388 - easytorch-training - INFO - Checkpoint checkpoints/STMAFNet_300/976492592f92c661f4c4ea004499e56d/STMAFNet_208.pt saved
2026-01-29 07:59:35,388 - easytorch-training - INFO - The estimated training finish time is 2026-01-29 12:43:02
2026-01-29 07:59:35,388 - easytorch-training - INFO - Epoch 209 / 300
2026-01-29 08:01:36,975 - easytorch-training - INFO - Result <train>: [train_time: 121.59 (s), lr: 6.25e-05, train_MAE: 15.3948, train_RMSE: 25.3348, train_MAPE: 11.7168]
2026-01-29 08:01:36,977 - easytorch-training - INFO - Start validation.
2026-01-29 08:01:51,883 - easytorch-training - INFO - Result <val>: [val_time: 14.91 (s), val_MAE: 18.1320, val_RMSE: 28.9414, val_MAPE: 12.1060]
2026-01-29 08:02:06,478 - easytorch-training - INFO - Evaluate best model on test data for horizon 1, Test MAE: 16.6385, Test RMSE: 27.3560, Test MAPE: 11.2609
2026-01-29 08:02:06,485 - easytorch-training - INFO - Evaluate best model on test data for horizon 2, Test MAE: 17.2283, Test RMSE: 28.5366, Test MAPE: 11.7179
2026-01-29 08:02:06,492 - easytorch-training - INFO - Evaluate best model on test data for horizon 3, Test MAE: 17.6789, Test RMSE: 29.3868, Test MAPE: 11.9188
2026-01-29 08:02:06,500 - easytorch-training - INFO - Evaluate best model on test data for horizon 4, Test MAE: 18.0248, Test RMSE: 30.0060, Test MAPE: 12.0926
2026-01-29 08:02:06,507 - easytorch-training - INFO - Evaluate best model on test data for horizon 5, Test MAE: 18.3100, Test RMSE: 30.5381, Test MAPE: 12.1692
2026-01-29 08:02:06,515 - easytorch-training - INFO - Evaluate best model on test data for horizon 6, Test MAE: 18.5409, Test RMSE: 30.9531, Test MAPE: 12.3556
2026-01-29 08:02:06,522 - easytorch-training - INFO - Evaluate best model on test data for horizon 7, Test MAE: 18.7484, Test RMSE: 31.2907, Test MAPE: 12.4330
2026-01-29 08:02:06,530 - easytorch-training - INFO - Evaluate best model on test data for horizon 8, Test MAE: 18.9262, Test RMSE: 31.5867, Test MAPE: 12.4872
2026-01-29 08:02:06,537 - easytorch-training - INFO - Evaluate best model on test data for horizon 9, Test MAE: 19.0924, Test RMSE: 31.8772, Test MAPE: 12.6348
2026-01-29 08:02:06,545 - easytorch-training - INFO - Evaluate best model on test data for horizon 10, Test MAE: 19.2580, Test RMSE: 32.1158, Test MAPE: 12.8887
2026-01-29 08:02:06,552 - easytorch-training - INFO - Evaluate best model on test data for horizon 11, Test MAE: 19.4053, Test RMSE: 32.3788, Test MAPE: 12.9008
2026-01-29 08:02:06,560 - easytorch-training - INFO - Evaluate best model on test data for horizon 12, Test MAE: 19.5219, Test RMSE: 32.5393, Test MAPE: 13.0563
2026-01-29 08:02:06,573 - easytorch-training - INFO - Result <test>: [test_time: 14.69 (s), test_MAE: 18.4478, test_RMSE: 30.7529, test_MAPE: 12.3263]
2026-01-29 08:02:06,943 - easytorch-training - INFO - Checkpoint checkpoints/STMAFNet_300/976492592f92c661f4c4ea004499e56d/STMAFNet_209.pt saved
2026-01-29 08:02:06,944 - easytorch-training - INFO - The estimated training finish time is 2026-01-29 12:42:15
2026-01-29 08:02:06,944 - easytorch-training - INFO - Epoch 210 / 300
2026-01-29 08:04:08,514 - easytorch-training - INFO - Result <train>: [train_time: 121.57 (s), lr: 6.25e-05, train_MAE: 15.3657, train_RMSE: 25.2868, train_MAPE: 11.7346]
2026-01-29 08:04:08,515 - easytorch-training - INFO - Start validation.
2026-01-29 08:04:23,453 - easytorch-training - INFO - Result <val>: [val_time: 14.94 (s), val_MAE: 18.1355, val_RMSE: 28.9678, val_MAPE: 11.8722]
2026-01-29 08:04:38,060 - easytorch-training - INFO - Evaluate best model on test data for horizon 1, Test MAE: 16.5985, Test RMSE: 27.3238, Test MAPE: 11.0467
2026-01-29 08:04:38,068 - easytorch-training - INFO - Evaluate best model on test data for horizon 2, Test MAE: 17.1895, Test RMSE: 28.5062, Test MAPE: 11.4509
2026-01-29 08:04:38,075 - easytorch-training - INFO - Evaluate best model on test data for horizon 3, Test MAE: 17.6604, Test RMSE: 29.3737, Test MAPE: 11.6626
2026-01-29 08:04:38,083 - easytorch-training - INFO - Evaluate best model on test data for horizon 4, Test MAE: 18.0182, Test RMSE: 30.0256, Test MAPE: 11.8739
2026-01-29 08:04:38,090 - easytorch-training - INFO - Evaluate best model on test data for horizon 5, Test MAE: 18.3034, Test RMSE: 30.5448, Test MAPE: 11.9524
2026-01-29 08:04:38,098 - easytorch-training - INFO - Evaluate best model on test data for horizon 6, Test MAE: 18.5060, Test RMSE: 30.9281, Test MAPE: 12.1097
2026-01-29 08:04:38,105 - easytorch-training - INFO - Evaluate best model on test data for horizon 7, Test MAE: 18.7301, Test RMSE: 31.3026, Test MAPE: 12.2029
2026-01-29 08:04:38,113 - easytorch-training - INFO - Evaluate best model on test data for horizon 8, Test MAE: 18.9028, Test RMSE: 31.5904, Test MAPE: 12.2918
2026-01-29 08:04:38,120 - easytorch-training - INFO - Evaluate best model on test data for horizon 9, Test MAE: 19.0799, Test RMSE: 31.8932, Test MAPE: 12.4056
2026-01-29 08:04:38,128 - easytorch-training - INFO - Evaluate best model on test data for horizon 10, Test MAE: 19.2601, Test RMSE: 32.1647, Test MAPE: 12.5193
2026-01-29 08:04:38,135 - easytorch-training - INFO - Evaluate best model on test data for horizon 11, Test MAE: 19.3873, Test RMSE: 32.4085, Test MAPE: 12.6642
2026-01-29 08:04:38,142 - easytorch-training - INFO - Evaluate best model on test data for horizon 12, Test MAE: 19.5037, Test RMSE: 32.5598, Test MAPE: 12.7327
2026-01-29 08:04:38,155 - easytorch-training - INFO - Result <test>: [test_time: 14.70 (s), test_MAE: 18.4283, test_RMSE: 30.7586, test_MAPE: 12.0761]
2026-01-29 08:04:38,530 - easytorch-training - INFO - Checkpoint checkpoints/STMAFNet_300/976492592f92c661f4c4ea004499e56d/STMAFNet_210.pt saved
2026-01-29 08:04:38,560 - easytorch-training - INFO - The estimated training finish time is 2026-01-29 12:41:27
2026-01-29 08:04:38,560 - easytorch-training - INFO - Epoch 211 / 300
2026-01-29 08:06:40,138 - easytorch-training - INFO - Result <train>: [train_time: 121.58 (s), lr: 6.25e-05, train_MAE: 15.3684, train_RMSE: 25.2889, train_MAPE: 11.7184]
2026-01-29 08:06:40,140 - easytorch-training - INFO - Start validation.
2026-01-29 08:06:55,087 - easytorch-training - INFO - Result <val>: [val_time: 14.95 (s), val_MAE: 18.1646, val_RMSE: 28.9804, val_MAPE: 12.4406]
2026-01-29 08:07:09,673 - easytorch-training - INFO - Evaluate best model on test data for horizon 1, Test MAE: 16.6336, Test RMSE: 27.2958, Test MAPE: 11.8133
2026-01-29 08:07:09,680 - easytorch-training - INFO - Evaluate best model on test data for horizon 2, Test MAE: 17.2281, Test RMSE: 28.4839, Test MAPE: 12.1738
2026-01-29 08:07:09,688 - easytorch-training - INFO - Evaluate best model on test data for horizon 3, Test MAE: 17.6616, Test RMSE: 29.3429, Test MAPE: 12.2120
2026-01-29 08:07:09,695 - easytorch-training - INFO - Evaluate best model on test data for horizon 4, Test MAE: 18.0220, Test RMSE: 29.9898, Test MAPE: 12.5080
2026-01-29 08:07:09,703 - easytorch-training - INFO - Evaluate best model on test data for horizon 5, Test MAE: 18.3081, Test RMSE: 30.5072, Test MAPE: 12.5410
2026-01-29 08:07:09,710 - easytorch-training - INFO - Evaluate best model on test data for horizon 6, Test MAE: 18.5300, Test RMSE: 30.9099, Test MAPE: 12.5678
2026-01-29 08:07:09,712 - easytorch-training - INFO - Evaluate best model on test data for horizon 7, Test MAE: 18.7480, Test RMSE: 31.2704, Test MAPE: 12.6197
2026-01-29 08:07:09,714 - easytorch-training - INFO - Evaluate best model on test data for horizon 8, Test MAE: 18.9474, Test RMSE: 31.5976, Test MAPE: 12.7255
2026-01-29 08:07:09,721 - easytorch-training - INFO - Evaluate best model on test data for horizon 9, Test MAE: 19.1301, Test RMSE: 31.8813, Test MAPE: 12.9344
2026-01-29 08:07:09,729 - easytorch-training - INFO - Evaluate best model on test data for horizon 10, Test MAE: 19.2629, Test RMSE: 32.1291, Test MAPE: 12.9053
2026-01-29 08:07:09,736 - easytorch-training - INFO - Evaluate best model on test data for horizon 11, Test MAE: 19.4343, Test RMSE: 32.3967, Test MAPE: 13.1544
2026-01-29 08:07:09,744 - easytorch-training - INFO - Evaluate best model on test data for horizon 12, Test MAE: 19.5511, Test RMSE: 32.5362, Test MAPE: 13.2861
2026-01-29 08:07:09,756 - easytorch-training - INFO - Result <test>: [test_time: 14.67 (s), test_MAE: 18.4548, test_RMSE: 30.7355, test_MAPE: 12.6201]
2026-01-29 08:07:10,126 - easytorch-training - INFO - Checkpoint checkpoints/STMAFNet_300/976492592f92c661f4c4ea004499e56d/STMAFNet_211.pt saved
2026-01-29 08:07:10,127 - easytorch-training - INFO - The estimated training finish time is 2026-01-29 12:40:40
2026-01-29 08:07:10,127 - easytorch-training - INFO - Epoch 212 / 300
2026-01-29 08:09:10,335 - easytorch-training - INFO - Result <train>: [train_time: 120.21 (s), lr: 6.25e-05, train_MAE: 15.3733, train_RMSE: 25.2990, train_MAPE: 11.7119]
2026-01-29 08:09:10,339 - easytorch-training - INFO - Start validation.
2026-01-29 08:09:25,708 - easytorch-training - INFO - Result <val>: [val_time: 15.37 (s), val_MAE: 18.1182, val_RMSE: 28.9274, val_MAPE: 12.2065]
2026-01-29 08:09:40,788 - easytorch-training - INFO - Evaluate best model on test data for horizon 1, Test MAE: 16.5931, Test RMSE: 27.2749, Test MAPE: 11.5101
2026-01-29 08:09:40,795 - easytorch-training - INFO - Evaluate best model on test data for horizon 2, Test MAE: 17.2020, Test RMSE: 28.4677, Test MAPE: 11.8325
2026-01-29 08:09:40,803 - easytorch-training - INFO - Evaluate best model on test data for horizon 3, Test MAE: 17.6697, Test RMSE: 29.3647, Test MAPE: 12.0861
2026-01-29 08:09:40,810 - easytorch-training - INFO - Evaluate best model on test data for horizon 4, Test MAE: 18.0192, Test RMSE: 30.0036, Test MAPE: 12.2798
2026-01-29 08:09:40,818 - easytorch-training - INFO - Evaluate best model on test data for horizon 5, Test MAE: 18.3047, Test RMSE: 30.5480, Test MAPE: 12.2951
2026-01-29 08:09:40,825 - easytorch-training - INFO - Evaluate best model on test data for horizon 6, Test MAE: 18.5366, Test RMSE: 30.9563, Test MAPE: 12.3806
2026-01-29 08:09:40,833 - easytorch-training - INFO - Evaluate best model on test data for horizon 7, Test MAE: 18.7779, Test RMSE: 31.3572, Test MAPE: 12.5456
2026-01-29 08:09:40,840 - easytorch-training - INFO - Evaluate best model on test data for horizon 8, Test MAE: 18.9570, Test RMSE: 31.6555, Test MAPE: 12.6459
2026-01-29 08:09:40,848 - easytorch-training - INFO - Evaluate best model on test data for horizon 9, Test MAE: 19.1201, Test RMSE: 31.9281, Test MAPE: 12.7810
2026-01-29 08:09:40,855 - easytorch-training - INFO - Evaluate best model on test data for horizon 10, Test MAE: 19.2574, Test RMSE: 32.1616, Test MAPE: 12.8663
2026-01-29 08:09:40,863 - easytorch-training - INFO - Evaluate best model on test data for horizon 11, Test MAE: 19.3895, Test RMSE: 32.3635, Test MAPE: 12.8863
2026-01-29 08:09:40,870 - easytorch-training - INFO - Evaluate best model on test data for horizon 12, Test MAE: 19.5102, Test RMSE: 32.5047, Test MAPE: 13.0610
2026-01-29 08:09:40,883 - easytorch-training - INFO - Result <test>: [test_time: 15.17 (s), test_MAE: 18.4448, test_RMSE: 30.7563, test_MAPE: 12.4309]
2026-01-29 08:09:41,251 - easytorch-training - INFO - Checkpoint checkpoints/STMAFNet_300/976492592f92c661f4c4ea004499e56d/STMAFNet_212.pt saved
2026-01-29 08:09:41,252 - easytorch-training - INFO - The estimated training finish time is 2026-01-29 12:39:53
2026-01-29 08:09:41,252 - easytorch-training - INFO - Epoch 213 / 300
2026-01-29 08:11:42,923 - easytorch-training - INFO - Result <train>: [train_time: 121.67 (s), lr: 6.25e-05, train_MAE: 15.3576, train_RMSE: 25.2691, train_MAPE: 11.7120]
2026-01-29 08:11:42,924 - easytorch-training - INFO - Start validation.
2026-01-29 08:11:57,403 - easytorch-training - INFO - Result <val>: [val_time: 14.48 (s), val_MAE: 18.1666, val_RMSE: 28.9864, val_MAPE: 11.9386]
2026-01-29 08:12:11,996 - easytorch-training - INFO - Evaluate best model on test data for horizon 1, Test MAE: 16.5948, Test RMSE: 27.3272, Test MAPE: 11.0792
2026-01-29 08:12:12,004 - easytorch-training - INFO - Evaluate best model on test data for horizon 2, Test MAE: 17.2139, Test RMSE: 28.5440, Test MAPE: 11.4824
2026-01-29 08:12:12,011 - easytorch-training - INFO - Evaluate best model on test data for horizon 3, Test MAE: 17.6826, Test RMSE: 29.4398, Test MAPE: 11.7853
2026-01-29 08:12:12,019 - easytorch-training - INFO - Evaluate best model on test data for horizon 4, Test MAE: 18.0641, Test RMSE: 30.1148, Test MAPE: 11.9661
2026-01-29 08:12:12,026 - easytorch-training - INFO - Evaluate best model on test data for horizon 5, Test MAE: 18.3564, Test RMSE: 30.6601, Test MAPE: 12.1152
2026-01-29 08:12:12,034 - easytorch-training - INFO - Evaluate best model on test data for horizon 6, Test MAE: 18.6005, Test RMSE: 31.0872, Test MAPE: 12.2010
2026-01-29 08:12:12,038 - easytorch-training - INFO - Evaluate best model on test data for horizon 7, Test MAE: 18.8223, Test RMSE: 31.4720, Test MAPE: 12.2642
2026-01-29 08:12:12,040 - easytorch-training - INFO - Evaluate best model on test data for horizon 8, Test MAE: 19.0158, Test RMSE: 31.7812, Test MAPE: 12.3720
2026-01-29 08:12:12,047 - easytorch-training - INFO - Evaluate best model on test data for horizon 9, Test MAE: 19.1784, Test RMSE: 32.0733, Test MAPE: 12.5366
2026-01-29 08:12:12,055 - easytorch-training - INFO - Evaluate best model on test data for horizon 10, Test MAE: 19.3450, Test RMSE: 32.3371, Test MAPE: 12.7181
2026-01-29 08:12:12,062 - easytorch-training - INFO - Evaluate best model on test data for horizon 11, Test MAE: 19.4885, Test RMSE: 32.5906, Test MAPE: 12.7715
2026-01-29 08:12:12,069 - easytorch-training - INFO - Evaluate best model on test data for horizon 12, Test MAE: 19.5987, Test RMSE: 32.7100, Test MAPE: 12.9158
2026-01-29 08:12:12,082 - easytorch-training - INFO - Result <test>: [test_time: 14.68 (s), test_MAE: 18.4968, test_RMSE: 30.8877, test_MAPE: 12.1840]
2026-01-29 08:12:12,536 - easytorch-training - INFO - Checkpoint checkpoints/STMAFNet_300/976492592f92c661f4c4ea004499e56d/STMAFNet_213.pt saved
2026-01-29 08:12:12,537 - easytorch-training - INFO - The estimated training finish time is 2026-01-29 12:39:07
2026-01-29 08:12:12,537 - easytorch-training - INFO - Epoch 214 / 300
2026-01-29 08:14:15,762 - easytorch-training - INFO - Result <train>: [train_time: 123.22 (s), lr: 6.25e-05, train_MAE: 15.3532, train_RMSE: 25.2541, train_MAPE: 11.7061]
2026-01-29 08:14:15,764 - easytorch-training - INFO - Start validation.
2026-01-29 08:14:30,191 - easytorch-training - INFO - Result <val>: [val_time: 14.43 (s), val_MAE: 18.1386, val_RMSE: 28.9679, val_MAPE: 12.0534]
2026-01-29 08:14:43,902 - easytorch-training - INFO - Evaluate best model on test data for horizon 1, Test MAE: 16.6254, Test RMSE: 27.3570, Test MAPE: 11.2592
2026-01-29 08:14:43,907 - easytorch-training - INFO - Evaluate best model on test data for horizon 2, Test MAE: 17.2307, Test RMSE: 28.5792, Test MAPE: 11.5727
2026-01-29 08:14:43,908 - easytorch-training - INFO - Evaluate best model on test data for horizon 3, Test MAE: 17.6996, Test RMSE: 29.4640, Test MAPE: 11.8258
2026-01-29 08:14:43,910 - easytorch-training - INFO - Evaluate best model on test data for horizon 4, Test MAE: 18.0746, Test RMSE: 30.1389, Test MAPE: 12.1179
2026-01-29 08:14:43,911 - easytorch-training - INFO - Evaluate best model on test data for horizon 5, Test MAE: 18.3493, Test RMSE: 30.6670, Test MAPE: 12.1098
2026-01-29 08:14:43,912 - easytorch-training - INFO - Evaluate best model on test data for horizon 6, Test MAE: 18.5873, Test RMSE: 31.0898, Test MAPE: 12.2737
2026-01-29 08:14:43,913 - easytorch-training - INFO - Evaluate best model on test data for horizon 7, Test MAE: 18.7945, Test RMSE: 31.4377, Test MAPE: 12.4349
2026-01-29 08:14:43,914 - easytorch-training - INFO - Evaluate best model on test data for horizon 8, Test MAE: 18.9757, Test RMSE: 31.7438, Test MAPE: 12.4620
2026-01-29 08:14:43,922 - easytorch-training - INFO - Evaluate best model on test data for horizon 9, Test MAE: 19.1661, Test RMSE: 32.0530, Test MAPE: 12.7278
2026-01-29 08:14:43,930 - easytorch-training - INFO - Evaluate best model on test data for horizon 10, Test MAE: 19.3067, Test RMSE: 32.3082, Test MAPE: 12.7518
2026-01-29 08:14:43,937 - easytorch-training - INFO - Evaluate best model on test data for horizon 11, Test MAE: 19.4462, Test RMSE: 32.5304, Test MAPE: 12.8871
2026-01-29 08:14:43,945 - easytorch-training - INFO - Evaluate best model on test data for horizon 12, Test MAE: 19.5645, Test RMSE: 32.6397, Test MAPE: 13.1225
2026-01-29 08:14:43,957 - easytorch-training - INFO - Result <test>: [test_time: 13.77 (s), test_MAE: 18.4851, test_RMSE: 30.8755, test_MAPE: 12.2954]
2026-01-29 08:14:44,329 - easytorch-training - INFO - Checkpoint checkpoints/STMAFNet_300/976492592f92c661f4c4ea004499e56d/STMAFNet_214.pt saved
2026-01-29 08:14:44,329 - easytorch-training - INFO - The estimated training finish time is 2026-01-29 12:38:22
2026-01-29 08:14:44,329 - easytorch-training - INFO - Epoch 215 / 300
2026-01-29 08:16:47,814 - easytorch-training - INFO - Result <train>: [train_time: 123.48 (s), lr: 6.25e-05, train_MAE: 15.3418, train_RMSE: 25.2421, train_MAPE: 11.7115]
2026-01-29 08:16:47,816 - easytorch-training - INFO - Start validation.
2026-01-29 08:17:02,578 - easytorch-training - INFO - Result <val>: [val_time: 14.76 (s), val_MAE: 18.1293, val_RMSE: 28.9558, val_MAPE: 12.0568]
2026-01-29 08:17:16,450 - easytorch-training - INFO - Evaluate best model on test data for horizon 1, Test MAE: 16.6062, Test RMSE: 27.3299, Test MAPE: 11.1998
2026-01-29 08:17:16,459 - easytorch-training - INFO - Evaluate best model on test data for horizon 2, Test MAE: 17.2249, Test RMSE: 28.5437, Test MAPE: 11.6663
2026-01-29 08:17:16,467 - easytorch-training - INFO - Evaluate best model on test data for horizon 3, Test MAE: 17.6872, Test RMSE: 29.4318, Test MAPE: 11.9109
2026-01-29 08:17:16,474 - easytorch-training - INFO - Evaluate best model on test data for horizon 4, Test MAE: 18.0393, Test RMSE: 30.0677, Test MAPE: 11.9787
2026-01-29 08:17:16,482 - easytorch-training - INFO - Evaluate best model on test data for horizon 5, Test MAE: 18.3285, Test RMSE: 30.6182, Test MAPE: 12.2158
2026-01-29 08:17:16,489 - easytorch-training - INFO - Evaluate best model on test data for horizon 6, Test MAE: 18.5598, Test RMSE: 31.0302, Test MAPE: 12.3018
2026-01-29 08:17:16,497 - easytorch-training - INFO - Evaluate best model on test data for horizon 7, Test MAE: 18.7666, Test RMSE: 31.3753, Test MAPE: 12.3943
2026-01-29 08:17:16,504 - easytorch-training - INFO - Evaluate best model on test data for horizon 8, Test MAE: 18.9509, Test RMSE: 31.6582, Test MAPE: 12.5298
2026-01-29 08:17:16,512 - easytorch-training - INFO - Evaluate best model on test data for horizon 9, Test MAE: 19.1391, Test RMSE: 31.9635, Test MAPE: 12.6781
2026-01-29 08:17:16,519 - easytorch-training - INFO - Evaluate best model on test data for horizon 10, Test MAE: 19.3049, Test RMSE: 32.2233, Test MAPE: 12.8089
2026-01-29 08:17:16,527 - easytorch-training - INFO - Evaluate best model on test data for horizon 11, Test MAE: 19.4372, Test RMSE: 32.4492, Test MAPE: 13.0105
2026-01-29 08:17:16,534 - easytorch-training - INFO - Evaluate best model on test data for horizon 12, Test MAE: 19.5314, Test RMSE: 32.5603, Test MAPE: 13.0876
2026-01-29 08:17:16,541 - easytorch-training - INFO - Result <test>: [test_time: 13.96 (s), test_MAE: 18.4647, test_RMSE: 30.8114, test_MAPE: 12.3152]
2026-01-29 08:17:16,911 - easytorch-training - INFO - Checkpoint checkpoints/STMAFNet_300/976492592f92c661f4c4ea004499e56d/STMAFNet_215.pt saved
2026-01-29 08:17:16,912 - easytorch-training - INFO - The estimated training finish time is 2026-01-29 12:37:38
2026-01-29 08:17:16,912 - easytorch-training - INFO - Epoch 216 / 300
2026-01-29 08:19:19,421 - easytorch-training - INFO - Result <train>: [train_time: 122.51 (s), lr: 6.25e-05, train_MAE: 15.3524, train_RMSE: 25.2594, train_MAPE: 11.6890]
2026-01-29 08:19:19,422 - easytorch-training - INFO - Start validation.
2026-01-29 08:19:34,349 - easytorch-training - INFO - Result <val>: [val_time: 14.93 (s), val_MAE: 18.1431, val_RMSE: 28.9704, val_MAPE: 11.8591]
2026-01-29 08:19:48,820 - easytorch-training - INFO - Evaluate best model on test data for horizon 1, Test MAE: 16.5812, Test RMSE: 27.3060, Test MAPE: 11.0189
2026-01-29 08:19:48,821 - easytorch-training - INFO - Evaluate best model on test data for horizon 2, Test MAE: 17.1774, Test RMSE: 28.4984, Test MAPE: 11.4284
2026-01-29 08:19:48,825 - easytorch-training - INFO - Evaluate best model on test data for horizon 3, Test MAE: 17.6623, Test RMSE: 29.3975, Test MAPE: 11.7286
2026-01-29 08:19:48,832 - easytorch-training - INFO - Evaluate best model on test data for horizon 4, Test MAE: 18.0374, Test RMSE: 30.0808, Test MAPE: 11.9033
2026-01-29 08:19:48,840 - easytorch-training - INFO - Evaluate best model on test data for horizon 5, Test MAE: 18.3267, Test RMSE: 30.6285, Test MAPE: 11.9839
2026-01-29 08:19:48,847 - easytorch-training - INFO - Evaluate best model on test data for horizon 6, Test MAE: 18.5824, Test RMSE: 31.0505, Test MAPE: 12.1266
2026-01-29 08:19:48,855 - easytorch-training - INFO - Evaluate best model on test data for horizon 7, Test MAE: 18.7850, Test RMSE: 31.4078, Test MAPE: 12.2723
2026-01-29 08:19:48,862 - easytorch-training - INFO - Evaluate best model on test data for horizon 8, Test MAE: 18.9715, Test RMSE: 31.6963, Test MAPE: 12.3052
2026-01-29 08:19:48,870 - easytorch-training - INFO - Evaluate best model on test data for horizon 9, Test MAE: 19.1408, Test RMSE: 31.9893, Test MAPE: 12.4734
2026-01-29 08:19:48,877 - easytorch-training - INFO - Evaluate best model on test data for horizon 10, Test MAE: 19.2893, Test RMSE: 32.2469, Test MAPE: 12.5301
2026-01-29 08:19:48,885 - easytorch-training - INFO - Evaluate best model on test data for horizon 11, Test MAE: 19.4393, Test RMSE: 32.4719, Test MAPE: 12.6611
2026-01-29 08:19:48,892 - easytorch-training - INFO - Evaluate best model on test data for horizon 12, Test MAE: 19.5622, Test RMSE: 32.6110, Test MAPE: 12.9053
2026-01-29 08:19:48,905 - easytorch-training - INFO - Result <test>: [test_time: 14.55 (s), test_MAE: 18.4630, test_RMSE: 30.8238, test_MAPE: 12.1114]
2026-01-29 08:19:49,277 - easytorch-training - INFO - Checkpoint checkpoints/STMAFNet_300/976492592f92c661f4c4ea004499e56d/STMAFNet_216.pt saved
2026-01-29 08:19:49,278 - easytorch-training - INFO - The estimated training finish time is 2026-01-29 12:36:54
2026-01-29 08:19:49,278 - easytorch-training - INFO - Epoch 217 / 300
2026-01-29 08:21:50,995 - easytorch-training - INFO - Result <train>: [train_time: 121.72 (s), lr: 6.25e-05, train_MAE: 15.3507, train_RMSE: 25.2549, train_MAPE: 11.6958]
2026-01-29 08:21:50,997 - easytorch-training - INFO - Start validation.
2026-01-29 08:22:05,914 - easytorch-training - INFO - Result <val>: [val_time: 14.92 (s), val_MAE: 18.1765, val_RMSE: 29.0320, val_MAPE: 11.8574]
2026-01-29 08:22:20,542 - easytorch-training - INFO - Evaluate best model on test data for horizon 1, Test MAE: 16.6131, Test RMSE: 27.3787, Test MAPE: 11.0152
2026-01-29 08:22:20,550 - easytorch-training - INFO - Evaluate best model on test data for horizon 2, Test MAE: 17.2139, Test RMSE: 28.5526, Test MAPE: 11.3725
2026-01-29 08:22:20,557 - easytorch-training - INFO - Evaluate best model on test data for horizon 3, Test MAE: 17.6831, Test RMSE: 29.4110, Test MAPE: 11.6204
2026-01-29 08:22:20,565 - easytorch-training - INFO - Evaluate best model on test data for horizon 4, Test MAE: 18.0480, Test RMSE: 30.0776, Test MAPE: 11.8486
2026-01-29 08:22:20,572 - easytorch-training - INFO - Evaluate best model on test data for horizon 5, Test MAE: 18.3392, Test RMSE: 30.6309, Test MAPE: 11.9636
2026-01-29 08:22:20,580 - easytorch-training - INFO - Evaluate best model on test data for horizon 6, Test MAE: 18.5809, Test RMSE: 31.0667, Test MAPE: 12.1044
2026-01-29 08:22:20,587 - easytorch-training - INFO - Evaluate best model on test data for horizon 7, Test MAE: 18.8048, Test RMSE: 31.4318, Test MAPE: 12.2408
2026-01-29 08:22:20,595 - easytorch-training - INFO - Evaluate best model on test data for horizon 8, Test MAE: 18.9877, Test RMSE: 31.7226, Test MAPE: 12.3510
2026-01-29 08:22:20,602 - easytorch-training - INFO - Evaluate best model on test data for horizon 9, Test MAE: 19.1803, Test RMSE: 32.0497, Test MAPE: 12.4609
2026-01-29 08:22:20,609 - easytorch-training - INFO - Evaluate best model on test data for horizon 10, Test MAE: 19.3292, Test RMSE: 32.2950, Test MAPE: 12.5829
2026-01-29 08:22:20,617 - easytorch-training - INFO - Evaluate best model on test data for horizon 11, Test MAE: 19.4822, Test RMSE: 32.5542, Test MAPE: 12.7404
2026-01-29 08:22:20,624 - easytorch-training - INFO - Evaluate best model on test data for horizon 12, Test MAE: 19.6038, Test RMSE: 32.6985, Test MAPE: 12.8803
2026-01-29 08:22:20,637 - easytorch-training - INFO - Result <test>: [test_time: 14.72 (s), test_MAE: 18.4889, test_RMSE: 30.8644, test_MAPE: 12.0984]
2026-01-29 08:22:21,011 - easytorch-training - INFO - Checkpoint checkpoints/STMAFNet_300/976492592f92c661f4c4ea004499e56d/STMAFNet_217.pt saved
2026-01-29 08:22:21,012 - easytorch-training - INFO - The estimated training finish time is 2026-01-29 12:36:10
2026-01-29 08:22:21,012 - easytorch-training - INFO - Epoch 218 / 300
2026-01-29 08:24:22,672 - easytorch-training - INFO - Result <train>: [train_time: 121.66 (s), lr: 6.25e-05, train_MAE: 15.3293, train_RMSE: 25.2174, train_MAPE: 11.6995]
2026-01-29 08:24:22,673 - easytorch-training - INFO - Start validation.
2026-01-29 08:24:37,649 - easytorch-training - INFO - Result <val>: [val_time: 14.97 (s), val_MAE: 18.1388, val_RMSE: 28.9344, val_MAPE: 11.9535]
2026-01-29 08:24:52,276 - easytorch-training - INFO - Evaluate best model on test data for horizon 1, Test MAE: 16.5882, Test RMSE: 27.2822, Test MAPE: 11.0525
2026-01-29 08:24:52,278 - easytorch-training - INFO - Evaluate best model on test data for horizon 2, Test MAE: 17.1776, Test RMSE: 28.4473, Test MAPE: 11.4464
2026-01-29 08:24:52,286 - easytorch-training - INFO - Evaluate best model on test data for horizon 3, Test MAE: 17.6430, Test RMSE: 29.3146, Test MAPE: 11.7517
2026-01-29 08:24:52,294 - easytorch-training - INFO - Evaluate best model on test data for horizon 4, Test MAE: 17.9978, Test RMSE: 29.9625, Test MAPE: 11.9109
2026-01-29 08:24:52,301 - easytorch-training - INFO - Evaluate best model on test data for horizon 5, Test MAE: 18.2985, Test RMSE: 30.5232, Test MAPE: 12.1182
2026-01-29 08:24:52,308 - easytorch-training - INFO - Evaluate best model on test data for horizon 6, Test MAE: 18.5338, Test RMSE: 30.9558, Test MAPE: 12.1515
2026-01-29 08:24:52,316 - easytorch-training - INFO - Evaluate best model on test data for horizon 7, Test MAE: 18.7574, Test RMSE: 31.3182, Test MAPE: 12.3079
2026-01-29 08:24:52,323 - easytorch-training - INFO - Evaluate best model on test data for horizon 8, Test MAE: 18.9516, Test RMSE: 31.6231, Test MAPE: 12.3902
2026-01-29 08:24:52,331 - easytorch-training - INFO - Evaluate best model on test data for horizon 9, Test MAE: 19.1445, Test RMSE: 31.9300, Test MAPE: 12.5960
2026-01-29 08:24:52,338 - easytorch-training - INFO - Evaluate best model on test data for horizon 10, Test MAE: 19.2870, Test RMSE: 32.1638, Test MAPE: 12.7027
2026-01-29 08:24:52,346 - easytorch-training - INFO - Evaluate best model on test data for horizon 11, Test MAE: 19.4223, Test RMSE: 32.4052, Test MAPE: 12.8313
2026-01-29 08:24:52,353 - easytorch-training - INFO - Evaluate best model on test data for horizon 12, Test MAE: 19.5449, Test RMSE: 32.5463, Test MAPE: 12.9709
2026-01-29 08:24:52,366 - easytorch-training - INFO - Result <test>: [test_time: 14.72 (s), test_MAE: 18.4456, test_RMSE: 30.7474, test_MAPE: 12.1859]
2026-01-29 08:24:52,747 - easytorch-training - INFO - Checkpoint checkpoints/STMAFNet_300/976492592f92c661f4c4ea004499e56d/STMAFNet_218.pt saved
2026-01-29 08:24:52,748 - easytorch-training - INFO - The estimated training finish time is 2026-01-29 12:35:27
2026-01-29 08:24:52,748 - easytorch-training - INFO - Epoch 219 / 300
2026-01-29 08:26:54,376 - easytorch-training - INFO - Result <train>: [train_time: 121.63 (s), lr: 6.25e-05, train_MAE: 15.3216, train_RMSE: 25.2090, train_MAPE: 11.6895]
2026-01-29 08:26:54,378 - easytorch-training - INFO - Start validation.
2026-01-29 08:27:09,349 - easytorch-training - INFO - Result <val>: [val_time: 14.97 (s), val_MAE: 18.1501, val_RMSE: 28.9832, val_MAPE: 11.9627]
2026-01-29 08:27:23,941 - easytorch-training - INFO - Evaluate best model on test data for horizon 1, Test MAE: 16.6082, Test RMSE: 27.3451, Test MAPE: 11.1501
2026-01-29 08:27:23,948 - easytorch-training - INFO - Evaluate best model on test data for horizon 2, Test MAE: 17.2153, Test RMSE: 28.5623, Test MAPE: 11.5042
2026-01-29 08:27:23,956 - easytorch-training - INFO - Evaluate best model on test data for horizon 3, Test MAE: 17.6881, Test RMSE: 29.4337, Test MAPE: 11.7561
2026-01-29 08:27:23,963 - easytorch-training - INFO - Evaluate best model on test data for horizon 4, Test MAE: 18.0442, Test RMSE: 30.0871, Test MAPE: 11.9466
2026-01-29 08:27:23,971 - easytorch-training - INFO - Evaluate best model on test data for horizon 5, Test MAE: 18.3303, Test RMSE: 30.6183, Test MAPE: 12.1421
2026-01-29 08:27:23,978 - easytorch-training - INFO - Evaluate best model on test data for horizon 6, Test MAE: 18.5750, Test RMSE: 31.0498, Test MAPE: 12.1811
2026-01-29 08:27:23,986 - easytorch-training - INFO - Evaluate best model on test data for horizon 7, Test MAE: 18.7927, Test RMSE: 31.4068, Test MAPE: 12.4384
2026-01-29 08:27:23,990 - easytorch-training - INFO - Evaluate best model on test data for horizon 8, Test MAE: 18.9741, Test RMSE: 31.7176, Test MAPE: 12.3999
2026-01-29 08:27:23,991 - easytorch-training - INFO - Evaluate best model on test data for horizon 9, Test MAE: 19.1506, Test RMSE: 31.9985, Test MAPE: 12.5685
2026-01-29 08:27:23,999 - easytorch-training - INFO - Evaluate best model on test data for horizon 10, Test MAE: 19.3159, Test RMSE: 32.2849, Test MAPE: 12.6426
2026-01-29 08:27:24,006 - easytorch-training - INFO - Evaluate best model on test data for horizon 11, Test MAE: 19.4523, Test RMSE: 32.5007, Test MAPE: 12.8426
2026-01-29 08:27:24,014 - easytorch-training - INFO - Evaluate best model on test data for horizon 12, Test MAE: 19.5680, Test RMSE: 32.6507, Test MAPE: 12.8919
2026-01-29 08:27:24,027 - easytorch-training - INFO - Result <test>: [test_time: 14.68 (s), test_MAE: 18.4763, test_RMSE: 30.8460, test_MAPE: 12.2054]
2026-01-29 08:27:24,392 - easytorch-training - INFO - Checkpoint checkpoints/STMAFNet_300/976492592f92c661f4c4ea004499e56d/STMAFNet_219.pt saved
2026-01-29 08:27:24,392 - easytorch-training - INFO - The estimated training finish time is 2026-01-29 12:34:43
2026-01-29 08:27:24,392 - easytorch-training - INFO - Epoch 220 / 300
2026-01-29 08:29:26,082 - easytorch-training - INFO - Result <train>: [train_time: 121.69 (s), lr: 6.25e-05, train_MAE: 15.3213, train_RMSE: 25.2022, train_MAPE: 11.6969]
2026-01-29 08:29:26,084 - easytorch-training - INFO - Start validation.
2026-01-29 08:29:41,015 - easytorch-training - INFO - Result <val>: [val_time: 14.93 (s), val_MAE: 18.1852, val_RMSE: 29.0334, val_MAPE: 11.9077]
2026-01-29 08:29:55,651 - easytorch-training - INFO - Evaluate best model on test data for horizon 1, Test MAE: 16.6344, Test RMSE: 27.3825, Test MAPE: 11.1010
2026-01-29 08:29:55,657 - easytorch-training - INFO - Evaluate best model on test data for horizon 2, Test MAE: 17.2597, Test RMSE: 28.6254, Test MAPE: 11.4864
2026-01-29 08:29:55,659 - easytorch-training - INFO - Evaluate best model on test data for horizon 3, Test MAE: 17.7336, Test RMSE: 29.5081, Test MAPE: 11.8219
2026-01-29 08:29:55,660 - easytorch-training - INFO - Evaluate best model on test data for horizon 4, Test MAE: 18.0746, Test RMSE: 30.1367, Test MAPE: 11.9216
2026-01-29 08:29:55,661 - easytorch-training - INFO - Evaluate best model on test data for horizon 5, Test MAE: 18.3640, Test RMSE: 30.6699, Test MAPE: 12.0193
2026-01-29 08:29:55,662 - easytorch-training - INFO - Evaluate best model on test data for horizon 6, Test MAE: 18.5829, Test RMSE: 31.0782, Test MAPE: 12.1402
2026-01-29 08:29:55,663 - easytorch-training - INFO - Evaluate best model on test data for horizon 7, Test MAE: 18.8037, Test RMSE: 31.4173, Test MAPE: 12.2578
2026-01-29 08:29:55,665 - easytorch-training - INFO - Evaluate best model on test data for horizon 8, Test MAE: 18.9654, Test RMSE: 31.6998, Test MAPE: 12.3607
2026-01-29 08:29:55,670 - easytorch-training - INFO - Evaluate best model on test data for horizon 9, Test MAE: 19.1529, Test RMSE: 32.0054, Test MAPE: 12.4102
2026-01-29 08:29:55,678 - easytorch-training - INFO - Evaluate best model on test data for horizon 10, Test MAE: 19.3032, Test RMSE: 32.2526, Test MAPE: 12.5691
2026-01-29 08:29:55,685 - easytorch-training - INFO - Evaluate best model on test data for horizon 11, Test MAE: 19.4643, Test RMSE: 32.5081, Test MAPE: 12.6834
2026-01-29 08:29:55,692 - easytorch-training - INFO - Evaluate best model on test data for horizon 12, Test MAE: 19.5550, Test RMSE: 32.6193, Test MAPE: 12.8564
2026-01-29 08:29:55,705 - easytorch-training - INFO - Result <test>: [test_time: 14.69 (s), test_MAE: 18.4912, test_RMSE: 30.8653, test_MAPE: 12.1357]
2026-01-29 08:29:56,071 - easytorch-training - INFO - Checkpoint checkpoints/STMAFNet_300/976492592f92c661f4c4ea004499e56d/STMAFNet_220.pt saved
2026-01-29 08:29:56,101 - easytorch-training - INFO - The estimated training finish time is 2026-01-29 12:34:00
2026-01-29 08:29:56,101 - easytorch-training - INFO - Epoch 221 / 300
2026-01-29 08:31:57,781 - easytorch-training - INFO - Result <train>: [train_time: 121.68 (s), lr: 6.25e-05, train_MAE: 15.3195, train_RMSE: 25.1995, train_MAPE: 11.6906]
2026-01-29 08:31:57,782 - easytorch-training - INFO - Start validation.
2026-01-29 08:32:12,750 - easytorch-training - INFO - Result <val>: [val_time: 14.97 (s), val_MAE: 18.1637, val_RMSE: 29.0049, val_MAPE: 11.9282]
2026-01-29 08:32:27,368 - easytorch-training - INFO - Evaluate best model on test data for horizon 1, Test MAE: 16.6071, Test RMSE: 27.3429, Test MAPE: 11.1218
2026-01-29 08:32:27,375 - easytorch-training - INFO - Evaluate best model on test data for horizon 2, Test MAE: 17.2107, Test RMSE: 28.5488, Test MAPE: 11.4567
2026-01-29 08:32:27,381 - easytorch-training - INFO - Evaluate best model on test data for horizon 3, Test MAE: 17.6871, Test RMSE: 29.4312, Test MAPE: 11.7038
2026-01-29 08:32:27,383 - easytorch-training - INFO - Evaluate best model on test data for horizon 4, Test MAE: 18.0373, Test RMSE: 30.0635, Test MAPE: 11.8969
2026-01-29 08:32:27,391 - easytorch-training - INFO - Evaluate best model on test data for horizon 5, Test MAE: 18.3266, Test RMSE: 30.6262, Test MAPE: 11.9950
2026-01-29 08:32:27,398 - easytorch-training - INFO - Evaluate best model on test data for horizon 6, Test MAE: 18.5640, Test RMSE: 31.0496, Test MAPE: 12.1477
2026-01-29 08:32:27,406 - easytorch-training - INFO - Evaluate best model on test data for horizon 7, Test MAE: 18.7979, Test RMSE: 31.4494, Test MAPE: 12.2560
2026-01-29 08:32:27,413 - easytorch-training - INFO - Evaluate best model on test data for horizon 8, Test MAE: 18.9970, Test RMSE: 31.7618, Test MAPE: 12.3390
2026-01-29 08:32:27,420 - easytorch-training - INFO - Evaluate best model on test data for horizon 9, Test MAE: 19.1849, Test RMSE: 32.0752, Test MAPE: 12.4974
2026-01-29 08:32:27,428 - easytorch-training - INFO - Evaluate best model on test data for horizon 10, Test MAE: 19.3455, Test RMSE: 32.3376, Test MAPE: 12.6653
2026-01-29 08:32:27,435 - easytorch-training - INFO - Evaluate best model on test data for horizon 11, Test MAE: 19.5036, Test RMSE: 32.6003, Test MAPE: 12.8086
2026-01-29 08:32:27,443 - easytorch-training - INFO - Evaluate best model on test data for horizon 12, Test MAE: 19.6189, Test RMSE: 32.7338, Test MAPE: 12.9966
2026-01-29 08:32:27,456 - easytorch-training - INFO - Result <test>: [test_time: 14.70 (s), test_MAE: 18.4901, test_RMSE: 30.8780, test_MAPE: 12.1571]
2026-01-29 08:32:27,820 - easytorch-training - INFO - Checkpoint checkpoints/STMAFNet_300/976492592f92c661f4c4ea004499e56d/STMAFNet_221.pt saved
2026-01-29 08:32:27,821 - easytorch-training - INFO - The estimated training finish time is 2026-01-29 12:33:18
2026-01-29 08:32:27,821 - easytorch-training - INFO - Epoch 222 / 300
2026-01-29 08:34:29,364 - easytorch-training - INFO - Result <train>: [train_time: 121.54 (s), lr: 6.25e-05, train_MAE: 15.3201, train_RMSE: 25.1935, train_MAPE: 11.6701]
2026-01-29 08:34:29,366 - easytorch-training - INFO - Start validation.
2026-01-29 08:34:44,282 - easytorch-training - INFO - Result <val>: [val_time: 14.92 (s), val_MAE: 18.1545, val_RMSE: 29.0299, val_MAPE: 12.0987]
2026-01-29 08:34:58,910 - easytorch-training - INFO - Evaluate best model on test data for horizon 1, Test MAE: 16.6134, Test RMSE: 27.3416, Test MAPE: 11.2465
2026-01-29 08:34:58,917 - easytorch-training - INFO - Evaluate best model on test data for horizon 2, Test MAE: 17.2209, Test RMSE: 28.5327, Test MAPE: 11.7532
2026-01-29 08:34:58,920 - easytorch-training - INFO - Evaluate best model on test data for horizon 3, Test MAE: 17.6846, Test RMSE: 29.4028, Test MAPE: 11.9637
2026-01-29 08:34:58,921 - easytorch-training - INFO - Evaluate best model on test data for horizon 4, Test MAE: 18.0359, Test RMSE: 30.0581, Test MAPE: 12.0859
2026-01-29 08:34:58,929 - easytorch-training - INFO - Evaluate best model on test data for horizon 5, Test MAE: 18.3367, Test RMSE: 30.6348, Test MAPE: 12.2795
2026-01-29 08:34:58,936 - easytorch-training - INFO - Evaluate best model on test data for horizon 6, Test MAE: 18.5658, Test RMSE: 31.0548, Test MAPE: 12.2826
2026-01-29 08:34:58,944 - easytorch-training - INFO - Evaluate best model on test data for horizon 7, Test MAE: 18.7977, Test RMSE: 31.4509, Test MAPE: 12.4060
2026-01-29 08:34:58,951 - easytorch-training - INFO - Evaluate best model on test data for horizon 8, Test MAE: 18.9914, Test RMSE: 31.7654, Test MAPE: 12.5342
2026-01-29 08:34:58,959 - easytorch-training - INFO - Evaluate best model on test data for horizon 9, Test MAE: 19.1697, Test RMSE: 32.0618, Test MAPE: 12.6575
2026-01-29 08:34:58,966 - easytorch-training - INFO - Evaluate best model on test data for horizon 10, Test MAE: 19.3196, Test RMSE: 32.3186, Test MAPE: 12.7758
2026-01-29 08:34:58,974 - easytorch-training - INFO - Evaluate best model on test data for horizon 11, Test MAE: 19.4682, Test RMSE: 32.5737, Test MAPE: 12.8755
2026-01-29 08:34:58,981 - easytorch-training - INFO - Evaluate best model on test data for horizon 12, Test MAE: 19.5955, Test RMSE: 32.7176, Test MAPE: 13.1660
2026-01-29 08:34:58,994 - easytorch-training - INFO - Result <test>: [test_time: 14.71 (s), test_MAE: 18.4833, test_RMSE: 30.8690, test_MAPE: 12.3355]
2026-01-29 08:34:59,359 - easytorch-training - INFO - Checkpoint checkpoints/STMAFNet_300/976492592f92c661f4c4ea004499e56d/STMAFNet_222.pt saved
2026-01-29 08:34:59,360 - easytorch-training - INFO - The estimated training finish time is 2026-01-29 12:32:35
2026-01-29 08:34:59,360 - easytorch-training - INFO - Epoch 223 / 300
2026-01-29 08:37:01,812 - easytorch-training - INFO - Result <train>: [train_time: 122.45 (s), lr: 6.25e-05, train_MAE: 15.3195, train_RMSE: 25.1959, train_MAPE: 11.6692]
2026-01-29 08:37:01,814 - easytorch-training - INFO - Start validation.
2026-01-29 08:37:16,202 - easytorch-training - INFO - Result <val>: [val_time: 14.39 (s), val_MAE: 18.1574, val_RMSE: 28.9969, val_MAPE: 11.8910]
2026-01-29 08:37:30,841 - easytorch-training - INFO - Evaluate best model on test data for horizon 1, Test MAE: 16.5868, Test RMSE: 27.3027, Test MAPE: 10.9635
2026-01-29 08:37:30,848 - easytorch-training - INFO - Evaluate best model on test data for horizon 2, Test MAE: 17.2057, Test RMSE: 28.5370, Test MAPE: 11.3790
2026-01-29 08:37:30,855 - easytorch-training - INFO - Evaluate best model on test data for horizon 3, Test MAE: 17.6766, Test RMSE: 29.4320, Test MAPE: 11.6387
2026-01-29 08:37:30,863 - easytorch-training - INFO - Evaluate best model on test data for horizon 4, Test MAE: 18.0232, Test RMSE: 30.0512, Test MAPE: 11.8026
2026-01-29 08:37:30,870 - easytorch-training - INFO - Evaluate best model on test data for horizon 5, Test MAE: 18.3285, Test RMSE: 30.6392, Test MAPE: 11.9598
2026-01-29 08:37:30,878 - easytorch-training - INFO - Evaluate best model on test data for horizon 6, Test MAE: 18.5473, Test RMSE: 31.0309, Test MAPE: 12.1279
2026-01-29 08:37:30,884 - easytorch-training - INFO - Evaluate best model on test data for horizon 7, Test MAE: 18.7754, Test RMSE: 31.4157, Test MAPE: 12.3020
2026-01-29 08:37:30,886 - easytorch-training - INFO - Evaluate best model on test data for horizon 8, Test MAE: 18.9694, Test RMSE: 31.7326, Test MAPE: 12.4178
2026-01-29 08:37:30,891 - easytorch-training - INFO - Evaluate best model on test data for horizon 9, Test MAE: 19.1522, Test RMSE: 32.0375, Test MAPE: 12.4981
2026-01-29 08:37:30,899 - easytorch-training - INFO - Evaluate best model on test data for horizon 10, Test MAE: 19.3231, Test RMSE: 32.3539, Test MAPE: 12.6282
2026-01-29 08:37:30,906 - easytorch-training - INFO - Evaluate best model on test data for horizon 11, Test MAE: 19.4754, Test RMSE: 32.5879, Test MAPE: 12.9112
2026-01-29 08:37:30,914 - easytorch-training - INFO - Evaluate best model on test data for horizon 12, Test MAE: 19.5907, Test RMSE: 32.7097, Test MAPE: 13.0360
2026-01-29 08:37:30,926 - easytorch-training - INFO - Result <test>: [test_time: 14.72 (s), test_MAE: 18.4712, test_RMSE: 30.8623, test_MAPE: 12.1387]
2026-01-29 08:37:31,291 - easytorch-training - INFO - Checkpoint checkpoints/STMAFNet_300/976492592f92c661f4c4ea004499e56d/STMAFNet_223.pt saved
2026-01-29 08:37:31,292 - easytorch-training - INFO - The estimated training finish time is 2026-01-29 12:31:54
2026-01-29 08:37:31,292 - easytorch-training - INFO - Epoch 224 / 300
2026-01-29 08:39:34,457 - easytorch-training - INFO - Result <train>: [train_time: 123.16 (s), lr: 6.25e-05, train_MAE: 15.2963, train_RMSE: 25.1624, train_MAPE: 11.6802]
2026-01-29 08:39:34,458 - easytorch-training - INFO - Start validation.
2026-01-29 08:39:48,824 - easytorch-training - INFO - Result <val>: [val_time: 14.37 (s), val_MAE: 18.1842, val_RMSE: 29.0136, val_MAPE: 12.0981]
2026-01-29 08:40:03,160 - easytorch-training - INFO - Evaluate best model on test data for horizon 1, Test MAE: 16.6405, Test RMSE: 27.3527, Test MAPE: 11.3837
2026-01-29 08:40:03,165 - easytorch-training - INFO - Evaluate best model on test data for horizon 2, Test MAE: 17.2757, Test RMSE: 28.5881, Test MAPE: 11.8714
2026-01-29 08:40:03,166 - easytorch-training - INFO - Evaluate best model on test data for horizon 3, Test MAE: 17.7416, Test RMSE: 29.5051, Test MAPE: 11.9371
2026-01-29 08:40:03,172 - easytorch-training - INFO - Evaluate best model on test data for horizon 4, Test MAE: 18.0731, Test RMSE: 30.1272, Test MAPE: 12.0768
2026-01-29 08:40:03,179 - easytorch-training - INFO - Evaluate best model on test data for horizon 5, Test MAE: 18.3805, Test RMSE: 30.7078, Test MAPE: 12.2297
2026-01-29 08:40:03,187 - easytorch-training - INFO - Evaluate best model on test data for horizon 6, Test MAE: 18.6161, Test RMSE: 31.1127, Test MAPE: 12.3962
2026-01-29 08:40:03,194 - easytorch-training - INFO - Evaluate best model on test data for horizon 7, Test MAE: 18.8311, Test RMSE: 31.5007, Test MAPE: 12.3783
2026-01-29 08:40:03,202 - easytorch-training - INFO - Evaluate best model on test data for horizon 8, Test MAE: 19.0410, Test RMSE: 31.8292, Test MAPE: 12.5051
2026-01-29 08:40:03,209 - easytorch-training - INFO - Evaluate best model on test data for horizon 9, Test MAE: 19.2025, Test RMSE: 32.0999, Test MAPE: 12.6160
2026-01-29 08:40:03,217 - easytorch-training - INFO - Evaluate best model on test data for horizon 10, Test MAE: 19.3711, Test RMSE: 32.3665, Test MAPE: 12.7875
2026-01-29 08:40:03,224 - easytorch-training - INFO - Evaluate best model on test data for horizon 11, Test MAE: 19.5027, Test RMSE: 32.5917, Test MAPE: 12.8447
2026-01-29 08:40:03,232 - easytorch-training - INFO - Evaluate best model on test data for horizon 12, Test MAE: 19.5829, Test RMSE: 32.6768, Test MAPE: 12.9831
2026-01-29 08:40:03,245 - easytorch-training - INFO - Result <test>: [test_time: 14.42 (s), test_MAE: 18.5216, test_RMSE: 30.9139, test_MAPE: 12.3342]
2026-01-29 08:40:03,611 - easytorch-training - INFO - Checkpoint checkpoints/STMAFNet_300/976492592f92c661f4c4ea004499e56d/STMAFNet_224.pt saved
2026-01-29 08:40:03,612 - easytorch-training - INFO - The estimated training finish time is 2026-01-29 12:31:13
2026-01-29 08:40:03,612 - easytorch-training - INFO - Epoch 225 / 300
2026-01-29 08:42:06,854 - easytorch-training - INFO - Result <train>: [train_time: 123.24 (s), lr: 6.25e-05, train_MAE: 15.2997, train_RMSE: 25.1673, train_MAPE: 11.6667]
2026-01-29 08:42:06,856 - easytorch-training - INFO - Start validation.
2026-01-29 08:42:21,606 - easytorch-training - INFO - Result <val>: [val_time: 14.75 (s), val_MAE: 18.1965, val_RMSE: 29.0158, val_MAPE: 12.0645]
2026-01-29 08:42:35,581 - easytorch-training - INFO - Evaluate best model on test data for horizon 1, Test MAE: 16.6476, Test RMSE: 27.3694, Test MAPE: 11.4005
2026-01-29 08:42:35,586 - easytorch-training - INFO - Evaluate best model on test data for horizon 2, Test MAE: 17.2621, Test RMSE: 28.5841, Test MAPE: 11.8611
2026-01-29 08:42:35,587 - easytorch-training - INFO - Evaluate best model on test data for horizon 3, Test MAE: 17.7136, Test RMSE: 29.4567, Test MAPE: 11.9010
2026-01-29 08:42:35,589 - easytorch-training - INFO - Evaluate best model on test data for horizon 4, Test MAE: 18.0705, Test RMSE: 30.1017, Test MAPE: 12.0193
2026-01-29 08:42:35,592 - easytorch-training - INFO - Evaluate best model on test data for horizon 5, Test MAE: 18.3628, Test RMSE: 30.6408, Test MAPE: 12.1093
2026-01-29 08:42:35,600 - easytorch-training - INFO - Evaluate best model on test data for horizon 6, Test MAE: 18.5991, Test RMSE: 31.0740, Test MAPE: 12.2873
2026-01-29 08:42:35,607 - easytorch-training - INFO - Evaluate best model on test data for horizon 7, Test MAE: 18.8074, Test RMSE: 31.4077, Test MAPE: 12.4768
2026-01-29 08:42:35,615 - easytorch-training - INFO - Evaluate best model on test data for horizon 8, Test MAE: 18.9871, Test RMSE: 31.6966, Test MAPE: 12.5337
2026-01-29 08:42:35,622 - easytorch-training - INFO - Evaluate best model on test data for horizon 9, Test MAE: 19.1627, Test RMSE: 31.9680, Test MAPE: 12.6113
2026-01-29 08:42:35,630 - easytorch-training - INFO - Evaluate best model on test data for horizon 10, Test MAE: 19.3142, Test RMSE: 32.2104, Test MAPE: 12.6706
2026-01-29 08:42:35,637 - easytorch-training - INFO - Evaluate best model on test data for horizon 11, Test MAE: 19.4755, Test RMSE: 32.4720, Test MAPE: 12.7900
2026-01-29 08:42:35,645 - easytorch-training - INFO - Evaluate best model on test data for horizon 12, Test MAE: 19.5780, Test RMSE: 32.5775, Test MAPE: 12.9588
2026-01-29 08:42:35,657 - easytorch-training - INFO - Result <test>: [test_time: 14.05 (s), test_MAE: 18.4984, test_RMSE: 30.8366, test_MAPE: 12.3017]
2026-01-29 08:42:36,046 - easytorch-training - INFO - Checkpoint checkpoints/STMAFNet_300/976492592f92c661f4c4ea004499e56d/STMAFNet_225.pt saved
2026-01-29 08:42:36,047 - easytorch-training - INFO - The estimated training finish time is 2026-01-29 12:30:33
2026-01-29 08:42:36,047 - easytorch-training - INFO - Epoch 226 / 300
2026-01-29 08:44:38,508 - easytorch-training - INFO - Result <train>: [train_time: 122.46 (s), lr: 6.25e-05, train_MAE: 15.2888, train_RMSE: 25.1578, train_MAPE: 11.6871]
2026-01-29 08:44:38,510 - easytorch-training - INFO - Start validation.
2026-01-29 08:44:53,489 - easytorch-training - INFO - Result <val>: [val_time: 14.98 (s), val_MAE: 18.1798, val_RMSE: 29.0424, val_MAPE: 11.9859]
2026-01-29 08:45:08,110 - easytorch-training - INFO - Evaluate best model on test data for horizon 1, Test MAE: 16.6079, Test RMSE: 27.3766, Test MAPE: 11.1150
2026-01-29 08:45:08,117 - easytorch-training - INFO - Evaluate best model on test data for horizon 2, Test MAE: 17.2310, Test RMSE: 28.6088, Test MAPE: 11.4720
2026-01-29 08:45:08,125 - easytorch-training - INFO - Evaluate best model on test data for horizon 3, Test MAE: 17.7062, Test RMSE: 29.5022, Test MAPE: 11.7459
2026-01-29 08:45:08,132 - easytorch-training - INFO - Evaluate best model on test data for horizon 4, Test MAE: 18.0715, Test RMSE: 30.1496, Test MAPE: 11.9664
2026-01-29 08:45:08,140 - easytorch-training - INFO - Evaluate best model on test data for horizon 5, Test MAE: 18.3705, Test RMSE: 30.7173, Test MAPE: 12.0583
2026-01-29 08:45:08,143 - easytorch-training - INFO - Evaluate best model on test data for horizon 6, Test MAE: 18.6129, Test RMSE: 31.1482, Test MAPE: 12.2193
2026-01-29 08:45:08,145 - easytorch-training - INFO - Evaluate best model on test data for horizon 7, Test MAE: 18.8302, Test RMSE: 31.5185, Test MAPE: 12.3923
2026-01-29 08:45:08,146 - easytorch-training - INFO - Evaluate best model on test data for horizon 8, Test MAE: 19.0318, Test RMSE: 31.8508, Test MAPE: 12.4882
2026-01-29 08:45:08,147 - easytorch-training - INFO - Evaluate best model on test data for horizon 9, Test MAE: 19.2141, Test RMSE: 32.1552, Test MAPE: 12.6396
2026-01-29 08:45:08,148 - easytorch-training - INFO - Evaluate best model on test data for horizon 10, Test MAE: 19.3699, Test RMSE: 32.4144, Test MAPE: 12.6890
2026-01-29 08:45:08,149 - easytorch-training - INFO - Evaluate best model on test data for horizon 11, Test MAE: 19.5022, Test RMSE: 32.6235, Test MAPE: 12.9264
2026-01-29 08:45:08,151 - easytorch-training - INFO - Evaluate best model on test data for horizon 12, Test MAE: 19.5993, Test RMSE: 32.7270, Test MAPE: 13.1402
2026-01-29 08:45:08,164 - easytorch-training - INFO - Result <test>: [test_time: 14.67 (s), test_MAE: 18.5123, test_RMSE: 30.9422, test_MAPE: 12.2377]
2026-01-29 08:45:08,616 - easytorch-training - INFO - Checkpoint checkpoints/STMAFNet_300/976492592f92c661f4c4ea004499e56d/STMAFNet_226.pt saved
2026-01-29 08:45:08,617 - easytorch-training - INFO - The estimated training finish time is 2026-01-29 12:29:54
2026-01-29 08:45:08,617 - easytorch-training - INFO - Epoch 227 / 300
2026-01-29 08:47:10,288 - easytorch-training - INFO - Result <train>: [train_time: 121.67 (s), lr: 6.25e-05, train_MAE: 15.2843, train_RMSE: 25.1438, train_MAPE: 11.6696]
2026-01-29 08:47:10,290 - easytorch-training - INFO - Start validation.
2026-01-29 08:47:25,247 - easytorch-training - INFO - Result <val>: [val_time: 14.96 (s), val_MAE: 18.1807, val_RMSE: 29.0296, val_MAPE: 12.1707]
2026-01-29 08:47:39,884 - easytorch-training - INFO - Evaluate best model on test data for horizon 1, Test MAE: 16.6243, Test RMSE: 27.3632, Test MAPE: 11.3192
2026-01-29 08:47:39,891 - easytorch-training - INFO - Evaluate best model on test data for horizon 2, Test MAE: 17.2434, Test RMSE: 28.5979, Test MAPE: 11.8065
2026-01-29 08:47:39,899 - easytorch-training - INFO - Evaluate best model on test data for horizon 3, Test MAE: 17.6965, Test RMSE: 29.4751, Test MAPE: 11.9302
2026-01-29 08:47:39,906 - easytorch-training - INFO - Evaluate best model on test data for horizon 4, Test MAE: 18.0528, Test RMSE: 30.1264, Test MAPE: 12.1183
2026-01-29 08:47:39,914 - easytorch-training - INFO - Evaluate best model on test data for horizon 5, Test MAE: 18.3525, Test RMSE: 30.6927, Test MAPE: 12.1707
2026-01-29 08:47:39,921 - easytorch-training - INFO - Evaluate best model on test data for horizon 6, Test MAE: 18.5941, Test RMSE: 31.0858, Test MAPE: 12.4731
2026-01-29 08:47:39,929 - easytorch-training - INFO - Evaluate best model on test data for horizon 7, Test MAE: 18.8058, Test RMSE: 31.4344, Test MAPE: 12.4762
2026-01-29 08:47:39,936 - easytorch-training - INFO - Evaluate best model on test data for horizon 8, Test MAE: 18.9931, Test RMSE: 31.7433, Test MAPE: 12.5609
2026-01-29 08:47:39,944 - easytorch-training - INFO - Evaluate best model on test data for horizon 9, Test MAE: 19.1716, Test RMSE: 32.0164, Test MAPE: 12.7573
2026-01-29 08:47:39,951 - easytorch-training - INFO - Evaluate best model on test data for horizon 10, Test MAE: 19.3329, Test RMSE: 32.2619, Test MAPE: 12.8827
2026-01-29 08:47:39,959 - easytorch-training - INFO - Evaluate best model on test data for horizon 11, Test MAE: 19.4835, Test RMSE: 32.5168, Test MAPE: 13.0715
2026-01-29 08:47:39,964 - easytorch-training - INFO - Evaluate best model on test data for horizon 12, Test MAE: 19.6277, Test RMSE: 32.6667, Test MAPE: 13.4226
2026-01-29 08:47:39,972 - easytorch-training - INFO - Result <test>: [test_time: 14.72 (s), test_MAE: 18.4982, test_RMSE: 30.8727, test_MAPE: 12.4158]
2026-01-29 08:47:40,337 - easytorch-training - INFO - Checkpoint checkpoints/STMAFNet_300/976492592f92c661f4c4ea004499e56d/STMAFNet_227.pt saved
2026-01-29 08:47:40,337 - easytorch-training - INFO - The estimated training finish time is 2026-01-29 12:29:13
2026-01-29 08:47:40,338 - easytorch-training - INFO - Epoch 228 / 300
2026-01-29 08:49:41,849 - easytorch-training - INFO - Result <train>: [train_time: 121.51 (s), lr: 6.25e-05, train_MAE: 15.2778, train_RMSE: 25.1271, train_MAPE: 11.6565]
2026-01-29 08:49:41,850 - easytorch-training - INFO - Start validation.
2026-01-29 08:49:56,791 - easytorch-training - INFO - Result <val>: [val_time: 14.94 (s), val_MAE: 18.1843, val_RMSE: 29.0356, val_MAPE: 11.8841]
2026-01-29 08:50:11,398 - easytorch-training - INFO - Evaluate best model on test data for horizon 1, Test MAE: 16.6203, Test RMSE: 27.3859, Test MAPE: 11.0428
2026-01-29 08:50:11,405 - easytorch-training - INFO - Evaluate best model on test data for horizon 2, Test MAE: 17.2346, Test RMSE: 28.5935, Test MAPE: 11.4516
2026-01-29 08:50:11,413 - easytorch-training - INFO - Evaluate best model on test data for horizon 3, Test MAE: 17.7065, Test RMSE: 29.4757, Test MAPE: 11.6843
2026-01-29 08:50:11,420 - easytorch-training - INFO - Evaluate best model on test data for horizon 4, Test MAE: 18.0729, Test RMSE: 30.1254, Test MAPE: 11.8574
2026-01-29 08:50:11,427 - easytorch-training - INFO - Evaluate best model on test data for horizon 5, Test MAE: 18.3734, Test RMSE: 30.6862, Test MAPE: 12.0517
2026-01-29 08:50:11,435 - easytorch-training - INFO - Evaluate best model on test data for horizon 6, Test MAE: 18.5917, Test RMSE: 31.0793, Test MAPE: 12.0683
2026-01-29 08:50:11,442 - easytorch-training - INFO - Evaluate best model on test data for horizon 7, Test MAE: 18.8161, Test RMSE: 31.4613, Test MAPE: 12.2385
2026-01-29 08:50:11,450 - easytorch-training - INFO - Evaluate best model on test data for horizon 8, Test MAE: 18.9960, Test RMSE: 31.7445, Test MAPE: 12.3551
2026-01-29 08:50:11,457 - easytorch-training - INFO - Evaluate best model on test data for horizon 9, Test MAE: 19.1754, Test RMSE: 32.0377, Test MAPE: 12.4066
2026-01-29 08:50:11,465 - easytorch-training - INFO - Evaluate best model on test data for horizon 10, Test MAE: 19.3390, Test RMSE: 32.2989, Test MAPE: 12.5225
2026-01-29 08:50:11,472 - easytorch-training - INFO - Evaluate best model on test data for horizon 11, Test MAE: 19.4813, Test RMSE: 32.5368, Test MAPE: 12.6734
2026-01-29 08:50:11,480 - easytorch-training - INFO - Evaluate best model on test data for horizon 12, Test MAE: 19.6061, Test RMSE: 32.6770, Test MAPE: 12.8198
2026-01-29 08:50:11,493 - easytorch-training - INFO - Result <test>: [test_time: 14.70 (s), test_MAE: 18.5011, test_RMSE: 30.8830, test_MAPE: 12.0977]
2026-01-29 08:50:11,859 - easytorch-training - INFO - Checkpoint checkpoints/STMAFNet_300/976492592f92c661f4c4ea004499e56d/STMAFNet_228.pt saved
2026-01-29 08:50:11,859 - easytorch-training - INFO - The estimated training finish time is 2026-01-29 12:28:33
2026-01-29 08:50:11,859 - easytorch-training - INFO - Epoch 229 / 300
2026-01-29 08:52:13,534 - easytorch-training - INFO - Result <train>: [train_time: 121.67 (s), lr: 6.25e-05, train_MAE: 15.2733, train_RMSE: 25.1228, train_MAPE: 11.6614]
2026-01-29 08:52:13,535 - easytorch-training - INFO - Start validation.
2026-01-29 08:52:28,487 - easytorch-training - INFO - Result <val>: [val_time: 14.95 (s), val_MAE: 18.2053, val_RMSE: 29.0513, val_MAPE: 11.8565]
2026-01-29 08:52:43,117 - easytorch-training - INFO - Evaluate best model on test data for horizon 1, Test MAE: 16.6587, Test RMSE: 27.3863, Test MAPE: 10.9752
2026-01-29 08:52:43,124 - easytorch-training - INFO - Evaluate best model on test data for horizon 2, Test MAE: 17.2792, Test RMSE: 28.5997, Test MAPE: 11.3808
2026-01-29 08:52:43,132 - easytorch-training - INFO - Evaluate best model on test data for horizon 3, Test MAE: 17.7361, Test RMSE: 29.4925, Test MAPE: 11.6097
2026-01-29 08:52:43,139 - easytorch-training - INFO - Evaluate best model on test data for horizon 4, Test MAE: 18.0889, Test RMSE: 30.1242, Test MAPE: 11.8017
2026-01-29 08:52:43,141 - easytorch-training - INFO - Evaluate best model on test data for horizon 5, Test MAE: 18.3889, Test RMSE: 30.6808, Test MAPE: 11.9927
2026-01-29 08:52:43,142 - easytorch-training - INFO - Evaluate best model on test data for horizon 6, Test MAE: 18.6161, Test RMSE: 31.0925, Test MAPE: 12.0951
2026-01-29 08:52:43,143 - easytorch-training - INFO - Evaluate best model on test data for horizon 7, Test MAE: 18.8405, Test RMSE: 31.4616, Test MAPE: 12.2181
2026-01-29 08:52:43,144 - easytorch-training - INFO - Evaluate best model on test data for horizon 8, Test MAE: 19.0201, Test RMSE: 31.7490, Test MAPE: 12.3437
2026-01-29 08:52:43,145 - easytorch-training - INFO - Evaluate best model on test data for horizon 9, Test MAE: 19.1913, Test RMSE: 32.0449, Test MAPE: 12.4531
2026-01-29 08:52:43,147 - easytorch-training - INFO - Evaluate best model on test data for horizon 10, Test MAE: 19.3261, Test RMSE: 32.2818, Test MAPE: 12.6231
2026-01-29 08:52:43,154 - easytorch-training - INFO - Evaluate best model on test data for horizon 11, Test MAE: 19.4738, Test RMSE: 32.5190, Test MAPE: 12.7275
2026-01-29 08:52:43,162 - easytorch-training - INFO - Evaluate best model on test data for horizon 12, Test MAE: 19.5816, Test RMSE: 32.6407, Test MAPE: 12.8694
2026-01-29 08:52:43,174 - easytorch-training - INFO - Result <test>: [test_time: 14.69 (s), test_MAE: 18.5168, test_RMSE: 30.8802, test_MAPE: 12.0909]
2026-01-29 08:52:43,545 - easytorch-training - INFO - Checkpoint checkpoints/STMAFNet_300/976492592f92c661f4c4ea004499e56d/STMAFNet_229.pt saved
2026-01-29 08:52:43,545 - easytorch-training - INFO - The estimated training finish time is 2026-01-29 12:27:53
2026-01-29 08:52:43,545 - easytorch-training - INFO - Epoch 230 / 300
2026-01-29 08:54:45,205 - easytorch-training - INFO - Result <train>: [train_time: 121.66 (s), lr: 6.25e-05, train_MAE: 15.2751, train_RMSE: 25.1188, train_MAPE: 11.6523]
2026-01-29 08:54:45,206 - easytorch-training - INFO - Start validation.
2026-01-29 08:55:00,141 - easytorch-training - INFO - Result <val>: [val_time: 14.93 (s), val_MAE: 18.1604, val_RMSE: 29.0203, val_MAPE: 12.0578]
2026-01-29 08:55:14,737 - easytorch-training - INFO - Evaluate best model on test data for horizon 1, Test MAE: 16.5835, Test RMSE: 27.3237, Test MAPE: 11.1056
2026-01-29 08:55:14,744 - easytorch-training - INFO - Evaluate best model on test data for horizon 2, Test MAE: 17.2037, Test RMSE: 28.5546, Test MAPE: 11.6129
2026-01-29 08:55:14,752 - easytorch-training - INFO - Evaluate best model on test data for horizon 3, Test MAE: 17.6702, Test RMSE: 29.4055, Test MAPE: 11.8464
2026-01-29 08:55:14,759 - easytorch-training - INFO - Evaluate best model on test data for horizon 4, Test MAE: 18.0298, Test RMSE: 30.0740, Test MAPE: 12.0332
2026-01-29 08:55:14,767 - easytorch-training - INFO - Evaluate best model on test data for horizon 5, Test MAE: 18.3246, Test RMSE: 30.6241, Test MAPE: 12.2077
2026-01-29 08:55:14,774 - easytorch-training - INFO - Evaluate best model on test data for horizon 6, Test MAE: 18.5706, Test RMSE: 31.0459, Test MAPE: 12.3987
2026-01-29 08:55:14,782 - easytorch-training - INFO - Evaluate best model on test data for horizon 7, Test MAE: 18.7797, Test RMSE: 31.4077, Test MAPE: 12.4286
2026-01-29 08:55:14,789 - easytorch-training - INFO - Evaluate best model on test data for horizon 8, Test MAE: 18.9801, Test RMSE: 31.7131, Test MAPE: 12.5803
2026-01-29 08:55:14,797 - easytorch-training - INFO - Evaluate best model on test data for horizon 9, Test MAE: 19.1409, Test RMSE: 31.9959, Test MAPE: 12.6304
2026-01-29 08:55:14,804 - easytorch-training - INFO - Evaluate best model on test data for horizon 10, Test MAE: 19.3077, Test RMSE: 32.2746, Test MAPE: 12.7302
2026-01-29 08:55:14,812 - easytorch-training - INFO - Evaluate best model on test data for horizon 11, Test MAE: 19.4437, Test RMSE: 32.5171, Test MAPE: 12.8412
2026-01-29 08:55:14,819 - easytorch-training - INFO - Evaluate best model on test data for horizon 12, Test MAE: 19.5726, Test RMSE: 32.6522, Test MAPE: 13.0009
2026-01-29 08:55:14,832 - easytorch-training - INFO - Result <test>: [test_time: 14.69 (s), test_MAE: 18.4673, test_RMSE: 30.8408, test_MAPE: 12.2847]
2026-01-29 08:55:15,212 - easytorch-training - INFO - Checkpoint checkpoints/STMAFNet_300/976492592f92c661f4c4ea004499e56d/STMAFNet_230.pt saved
2026-01-29 08:55:15,242 - easytorch-training - INFO - The estimated training finish time is 2026-01-29 12:27:14
2026-01-29 08:55:15,242 - easytorch-training - INFO - Epoch 231 / 300
2026-01-29 08:57:16,875 - easytorch-training - INFO - Result <train>: [train_time: 121.63 (s), lr: 6.25e-05, train_MAE: 15.2536, train_RMSE: 25.0787, train_MAPE: 11.6525]
2026-01-29 08:57:16,877 - easytorch-training - INFO - Start validation.
2026-01-29 08:57:31,848 - easytorch-training - INFO - Result <val>: [val_time: 14.97 (s), val_MAE: 18.2114, val_RMSE: 29.0768, val_MAPE: 12.0115]
2026-01-29 08:57:46,450 - easytorch-training - INFO - Evaluate best model on test data for horizon 1, Test MAE: 16.6321, Test RMSE: 27.3830, Test MAPE: 11.1702
2026-01-29 08:57:46,457 - easytorch-training - INFO - Evaluate best model on test data for horizon 2, Test MAE: 17.2447, Test RMSE: 28.6174, Test MAPE: 11.4713
2026-01-29 08:57:46,465 - easytorch-training - INFO - Evaluate best model on test data for horizon 3, Test MAE: 17.7392, Test RMSE: 29.5345, Test MAPE: 11.7644
2026-01-29 08:57:46,472 - easytorch-training - INFO - Evaluate best model on test data for horizon 4, Test MAE: 18.0988, Test RMSE: 30.1644, Test MAPE: 12.0716
2026-01-29 08:57:46,480 - easytorch-training - INFO - Evaluate best model on test data for horizon 5, Test MAE: 18.3899, Test RMSE: 30.7408, Test MAPE: 12.0900
2026-01-29 08:57:46,487 - easytorch-training - INFO - Evaluate best model on test data for horizon 6, Test MAE: 18.6323, Test RMSE: 31.1621, Test MAPE: 12.3046
2026-01-29 08:57:46,494 - easytorch-training - INFO - Evaluate best model on test data for horizon 7, Test MAE: 18.9053, Test RMSE: 31.5951, Test MAPE: 12.4789
2026-01-29 08:57:46,502 - easytorch-training - INFO - Evaluate best model on test data for horizon 8, Test MAE: 19.0507, Test RMSE: 31.8653, Test MAPE: 12.4798
2026-01-29 08:57:46,503 - easytorch-training - INFO - Evaluate best model on test data for horizon 9, Test MAE: 19.2557, Test RMSE: 32.1934, Test MAPE: 12.7275
2026-01-29 08:57:46,505 - easytorch-training - INFO - Evaluate best model on test data for horizon 10, Test MAE: 19.4328, Test RMSE: 32.5008, Test MAPE: 12.6993
2026-01-29 08:57:46,506 - easytorch-training - INFO - Evaluate best model on test data for horizon 11, Test MAE: 19.6054, Test RMSE: 32.7459, Test MAPE: 12.9728
2026-01-29 08:57:46,507 - easytorch-training - INFO - Evaluate best model on test data for horizon 12, Test MAE: 19.7003, Test RMSE: 32.8737, Test MAPE: 13.0177
2026-01-29 08:57:46,516 - easytorch-training - INFO - Result <test>: [test_time: 14.67 (s), test_MAE: 18.5573, test_RMSE: 30.9925, test_MAPE: 12.2707]
2026-01-29 08:57:46,881 - easytorch-training - INFO - Checkpoint checkpoints/STMAFNet_300/976492592f92c661f4c4ea004499e56d/STMAFNet_231.pt saved
2026-01-29 08:57:46,882 - easytorch-training - INFO - The estimated training finish time is 2026-01-29 12:26:35
2026-01-29 08:57:46,882 - easytorch-training - INFO - Epoch 232 / 300
2026-01-29 08:59:48,487 - easytorch-training - INFO - Result <train>: [train_time: 121.61 (s), lr: 6.25e-05, train_MAE: 15.2473, train_RMSE: 25.0768, train_MAPE: 11.6587]
2026-01-29 08:59:48,489 - easytorch-training - INFO - Start validation.
2026-01-29 09:00:03,403 - easytorch-training - INFO - Result <val>: [val_time: 14.91 (s), val_MAE: 18.1997, val_RMSE: 29.0051, val_MAPE: 12.1981]
2026-01-29 09:00:18,023 - easytorch-training - INFO - Evaluate best model on test data for horizon 1, Test MAE: 16.6618, Test RMSE: 27.3728, Test MAPE: 11.3877
2026-01-29 09:00:18,030 - easytorch-training - INFO - Evaluate best model on test data for horizon 2, Test MAE: 17.2726, Test RMSE: 28.5795, Test MAPE: 11.7525
2026-01-29 09:00:18,038 - easytorch-training - INFO - Evaluate best model on test data for horizon 3, Test MAE: 17.7288, Test RMSE: 29.4348, Test MAPE: 12.0305
2026-01-29 09:00:18,045 - easytorch-training - INFO - Evaluate best model on test data for horizon 4, Test MAE: 18.0999, Test RMSE: 30.0814, Test MAPE: 12.2521
2026-01-29 09:00:18,052 - easytorch-training - INFO - Evaluate best model on test data for horizon 5, Test MAE: 18.3710, Test RMSE: 30.6109, Test MAPE: 12.2849
2026-01-29 09:00:18,054 - easytorch-training - INFO - Evaluate best model on test data for horizon 6, Test MAE: 18.6011, Test RMSE: 31.0166, Test MAPE: 12.4441
2026-01-29 09:00:18,055 - easytorch-training - INFO - Evaluate best model on test data for horizon 7, Test MAE: 18.8191, Test RMSE: 31.3748, Test MAPE: 12.5294
2026-01-29 09:00:18,057 - easytorch-training - INFO - Evaluate best model on test data for horizon 8, Test MAE: 19.0019, Test RMSE: 31.6728, Test MAPE: 12.6350
2026-01-29 09:00:18,058 - easytorch-training - INFO - Evaluate best model on test data for horizon 9, Test MAE: 19.1715, Test RMSE: 31.9442, Test MAPE: 12.7664
2026-01-29 09:00:18,059 - easytorch-training - INFO - Evaluate best model on test data for horizon 10, Test MAE: 19.3359, Test RMSE: 32.2202, Test MAPE: 12.8923
2026-01-29 09:00:18,063 - easytorch-training - INFO - Evaluate best model on test data for horizon 11, Test MAE: 19.4761, Test RMSE: 32.4470, Test MAPE: 13.0432
2026-01-29 09:00:18,070 - easytorch-training - INFO - Evaluate best model on test data for horizon 12, Test MAE: 19.5835, Test RMSE: 32.5846, Test MAPE: 13.1699
2026-01-29 09:00:18,083 - easytorch-training - INFO - Result <test>: [test_time: 14.68 (s), test_MAE: 18.5103, test_RMSE: 30.8182, test_MAPE: 12.4323]
2026-01-29 09:00:18,463 - easytorch-training - INFO - Checkpoint checkpoints/STMAFNet_300/976492592f92c661f4c4ea004499e56d/STMAFNet_232.pt saved
2026-01-29 09:00:18,464 - easytorch-training - INFO - The estimated training finish time is 2026-01-29 12:25:56
2026-01-29 09:00:18,464 - easytorch-training - INFO - Epoch 233 / 300
2026-01-29 09:02:20,997 - easytorch-training - INFO - Result <train>: [train_time: 122.53 (s), lr: 6.25e-05, train_MAE: 15.2463, train_RMSE: 25.0674, train_MAPE: 11.6559]
2026-01-29 09:02:20,999 - easytorch-training - INFO - Start validation.
2026-01-29 09:02:35,815 - easytorch-training - INFO - Result <val>: [val_time: 14.82 (s), val_MAE: 18.2104, val_RMSE: 29.0818, val_MAPE: 12.0874]
2026-01-29 09:02:50,152 - easytorch-training - INFO - Evaluate best model on test data for horizon 1, Test MAE: 16.6392, Test RMSE: 27.4095, Test MAPE: 11.1505
2026-01-29 09:02:50,160 - easytorch-training - INFO - Evaluate best model on test data for horizon 2, Test MAE: 17.2457, Test RMSE: 28.5957, Test MAPE: 11.6138
2026-01-29 09:02:50,167 - easytorch-training - INFO - Evaluate best model on test data for horizon 3, Test MAE: 17.7334, Test RMSE: 29.4959, Test MAPE: 11.9369
2026-01-29 09:02:50,175 - easytorch-training - INFO - Evaluate best model on test data for horizon 4, Test MAE: 18.0781, Test RMSE: 30.1300, Test MAPE: 12.0154
2026-01-29 09:02:50,182 - easytorch-training - INFO - Evaluate best model on test data for horizon 5, Test MAE: 18.3612, Test RMSE: 30.6777, Test MAPE: 12.1934
2026-01-29 09:02:50,189 - easytorch-training - INFO - Evaluate best model on test data for horizon 6, Test MAE: 18.5828, Test RMSE: 31.0570, Test MAPE: 12.3833
2026-01-29 09:02:50,197 - easytorch-training - INFO - Evaluate best model on test data for horizon 7, Test MAE: 18.8147, Test RMSE: 31.4534, Test MAPE: 12.4280
2026-01-29 09:02:50,204 - easytorch-training - INFO - Evaluate best model on test data for horizon 8, Test MAE: 19.0009, Test RMSE: 31.7242, Test MAPE: 12.6269
2026-01-29 09:02:50,212 - easytorch-training - INFO - Evaluate best model on test data for horizon 9, Test MAE: 19.1725, Test RMSE: 32.0391, Test MAPE: 12.7486
2026-01-29 09:02:50,219 - easytorch-training - INFO - Evaluate best model on test data for horizon 10, Test MAE: 19.3350, Test RMSE: 32.3061, Test MAPE: 12.8017
2026-01-29 09:02:50,227 - easytorch-training - INFO - Evaluate best model on test data for horizon 11, Test MAE: 19.4936, Test RMSE: 32.5621, Test MAPE: 13.0057
2026-01-29 09:02:50,234 - easytorch-training - INFO - Evaluate best model on test data for horizon 12, Test MAE: 19.5938, Test RMSE: 32.6705, Test MAPE: 13.1762
2026-01-29 09:02:50,247 - easytorch-training - INFO - Result <test>: [test_time: 14.43 (s), test_MAE: 18.5043, test_RMSE: 30.8843, test_MAPE: 12.3400]
2026-01-29 09:02:50,613 - easytorch-training - INFO - Checkpoint checkpoints/STMAFNet_300/976492592f92c661f4c4ea004499e56d/STMAFNet_233.pt saved
2026-01-29 09:02:50,614 - easytorch-training - INFO - The estimated training finish time is 2026-01-29 12:25:18
2026-01-29 09:02:50,614 - easytorch-training - INFO - Epoch 234 / 300
2026-01-29 09:04:53,881 - easytorch-training - INFO - Result <train>: [train_time: 123.27 (s), lr: 6.25e-05, train_MAE: 15.2429, train_RMSE: 25.0649, train_MAPE: 11.6514]
2026-01-29 09:04:53,882 - easytorch-training - INFO - Start validation.
2026-01-29 09:05:08,309 - easytorch-training - INFO - Result <val>: [val_time: 14.43 (s), val_MAE: 18.2076, val_RMSE: 29.0871, val_MAPE: 12.0510]
2026-01-29 09:05:22,666 - easytorch-training - INFO - Evaluate best model on test data for horizon 1, Test MAE: 16.6288, Test RMSE: 27.3870, Test MAPE: 11.2527
2026-01-29 09:05:22,673 - easytorch-training - INFO - Evaluate best model on test data for horizon 2, Test MAE: 17.2342, Test RMSE: 28.5762, Test MAPE: 11.6325
2026-01-29 09:05:22,681 - easytorch-training - INFO - Evaluate best model on test data for horizon 3, Test MAE: 17.7100, Test RMSE: 29.4720, Test MAPE: 11.9176
2026-01-29 09:05:22,688 - easytorch-training - INFO - Evaluate best model on test data for horizon 4, Test MAE: 18.0715, Test RMSE: 30.1396, Test MAPE: 11.9590
2026-01-29 09:05:22,696 - easytorch-training - INFO - Evaluate best model on test data for horizon 5, Test MAE: 18.3796, Test RMSE: 30.7000, Test MAPE: 12.2058
2026-01-29 09:05:22,703 - easytorch-training - INFO - Evaluate best model on test data for horizon 6, Test MAE: 18.6184, Test RMSE: 31.1297, Test MAPE: 12.2716
2026-01-29 09:05:22,711 - easytorch-training - INFO - Evaluate best model on test data for horizon 7, Test MAE: 18.8631, Test RMSE: 31.5365, Test MAPE: 12.4160
2026-01-29 09:05:22,718 - easytorch-training - INFO - Evaluate best model on test data for horizon 8, Test MAE: 19.0370, Test RMSE: 31.8210, Test MAPE: 12.5024
2026-01-29 09:05:22,719 - easytorch-training - INFO - Evaluate best model on test data for horizon 9, Test MAE: 19.2081, Test RMSE: 32.1289, Test MAPE: 12.6479
2026-01-29 09:05:22,720 - easytorch-training - INFO - Evaluate best model on test data for horizon 10, Test MAE: 19.3598, Test RMSE: 32.3895, Test MAPE: 12.7443
2026-01-29 09:05:22,728 - easytorch-training - INFO - Evaluate best model on test data for horizon 11, Test MAE: 19.5119, Test RMSE: 32.6419, Test MAPE: 12.9070
2026-01-29 09:05:22,735 - easytorch-training - INFO - Evaluate best model on test data for horizon 12, Test MAE: 19.6176, Test RMSE: 32.7582, Test MAPE: 13.0295
2026-01-29 09:05:22,748 - easytorch-training - INFO - Result <test>: [test_time: 14.44 (s), test_MAE: 18.5200, test_RMSE: 30.9331, test_MAPE: 12.2905]
2026-01-29 09:05:23,113 - easytorch-training - INFO - Checkpoint checkpoints/STMAFNet_300/976492592f92c661f4c4ea004499e56d/STMAFNet_234.pt saved
2026-01-29 09:05:23,114 - easytorch-training - INFO - The estimated training finish time is 2026-01-29 12:24:41
2026-01-29 09:05:23,114 - easytorch-training - INFO - Epoch 235 / 300
2026-01-29 09:07:25,828 - easytorch-training - INFO - Result <train>: [train_time: 122.71 (s), lr: 6.25e-05, train_MAE: 15.2352, train_RMSE: 25.0508, train_MAPE: 11.6432]
2026-01-29 09:07:25,829 - easytorch-training - INFO - Start validation.
2026-01-29 09:07:40,756 - easytorch-training - INFO - Result <val>: [val_time: 14.93 (s), val_MAE: 18.1820, val_RMSE: 29.0458, val_MAPE: 11.9787]
2026-01-29 09:07:54,657 - easytorch-training - INFO - Evaluate best model on test data for horizon 1, Test MAE: 16.6285, Test RMSE: 27.3580, Test MAPE: 11.1043
2026-01-29 09:07:54,665 - easytorch-training - INFO - Evaluate best model on test data for horizon 2, Test MAE: 17.2249, Test RMSE: 28.5727, Test MAPE: 11.5017
2026-01-29 09:07:54,672 - easytorch-training - INFO - Evaluate best model on test data for horizon 3, Test MAE: 17.6901, Test RMSE: 29.4679, Test MAPE: 11.6940
2026-01-29 09:07:54,680 - easytorch-training - INFO - Evaluate best model on test data for horizon 4, Test MAE: 18.0561, Test RMSE: 30.1220, Test MAPE: 11.8935
2026-01-29 09:07:54,687 - easytorch-training - INFO - Evaluate best model on test data for horizon 5, Test MAE: 18.3579, Test RMSE: 30.6678, Test MAPE: 12.1444
2026-01-29 09:07:54,695 - easytorch-training - INFO - Evaluate best model on test data for horizon 6, Test MAE: 18.5856, Test RMSE: 31.0772, Test MAPE: 12.1747
2026-01-29 09:07:54,702 - easytorch-training - INFO - Evaluate best model on test data for horizon 7, Test MAE: 18.8153, Test RMSE: 31.4732, Test MAPE: 12.3084
2026-01-29 09:07:54,706 - easytorch-training - INFO - Evaluate best model on test data for horizon 8, Test MAE: 19.0259, Test RMSE: 31.8036, Test MAPE: 12.4660
2026-01-29 09:07:54,708 - easytorch-training - INFO - Evaluate best model on test data for horizon 9, Test MAE: 19.1896, Test RMSE: 32.0816, Test MAPE: 12.5622
2026-01-29 09:07:54,709 - easytorch-training - INFO - Evaluate best model on test data for horizon 10, Test MAE: 19.3503, Test RMSE: 32.3475, Test MAPE: 12.7257
2026-01-29 09:07:54,717 - easytorch-training - INFO - Evaluate best model on test data for horizon 11, Test MAE: 19.4894, Test RMSE: 32.5678, Test MAPE: 12.8887
2026-01-29 09:07:54,724 - easytorch-training - INFO - Evaluate best model on test data for horizon 12, Test MAE: 19.6138, Test RMSE: 32.7140, Test MAPE: 12.9504
2026-01-29 09:07:54,737 - easytorch-training - INFO - Result <test>: [test_time: 13.98 (s), test_MAE: 18.5023, test_RMSE: 30.8968, test_MAPE: 12.2012]
2026-01-29 09:07:55,099 - easytorch-training - INFO - Checkpoint checkpoints/STMAFNet_300/976492592f92c661f4c4ea004499e56d/STMAFNet_235.pt saved
2026-01-29 09:07:55,099 - easytorch-training - INFO - The estimated training finish time is 2026-01-29 12:24:04
2026-01-29 09:07:55,099 - easytorch-training - INFO - Epoch 236 / 300
2026-01-29 09:09:57,507 - easytorch-training - INFO - Result <train>: [train_time: 122.41 (s), lr: 6.25e-05, train_MAE: 15.2375, train_RMSE: 25.0533, train_MAPE: 11.6431]
2026-01-29 09:09:57,509 - easytorch-training - INFO - Start validation.
2026-01-29 09:10:12,452 - easytorch-training - INFO - Result <val>: [val_time: 14.94 (s), val_MAE: 18.1907, val_RMSE: 29.0233, val_MAPE: 12.1041]
2026-01-29 09:10:27,057 - easytorch-training - INFO - Evaluate best model on test data for horizon 1, Test MAE: 16.6397, Test RMSE: 27.3954, Test MAPE: 11.2414
2026-01-29 09:10:27,064 - easytorch-training - INFO - Evaluate best model on test data for horizon 2, Test MAE: 17.2719, Test RMSE: 28.6160, Test MAPE: 11.7981
2026-01-29 09:10:27,072 - easytorch-training - INFO - Evaluate best model on test data for horizon 3, Test MAE: 17.7406, Test RMSE: 29.4994, Test MAPE: 11.9438
2026-01-29 09:10:27,079 - easytorch-training - INFO - Evaluate best model on test data for horizon 4, Test MAE: 18.0968, Test RMSE: 30.1374, Test MAPE: 12.1038
2026-01-29 09:10:27,087 - easytorch-training - INFO - Evaluate best model on test data for horizon 5, Test MAE: 18.4002, Test RMSE: 30.6783, Test MAPE: 12.3265
2026-01-29 09:10:27,094 - easytorch-training - INFO - Evaluate best model on test data for horizon 6, Test MAE: 18.6233, Test RMSE: 31.0880, Test MAPE: 12.3107
2026-01-29 09:10:27,098 - easytorch-training - INFO - Evaluate best model on test data for horizon 7, Test MAE: 18.8250, Test RMSE: 31.4149, Test MAPE: 12.5276
2026-01-29 09:10:27,099 - easytorch-training - INFO - Evaluate best model on test data for horizon 8, Test MAE: 19.0321, Test RMSE: 31.7354, Test MAPE: 12.6909
2026-01-29 09:10:27,100 - easytorch-training - INFO - Evaluate best model on test data for horizon 9, Test MAE: 19.1697, Test RMSE: 32.0010, Test MAPE: 12.6733
2026-01-29 09:10:27,101 - easytorch-training - INFO - Evaluate best model on test data for horizon 10, Test MAE: 19.3518, Test RMSE: 32.2904, Test MAPE: 12.7941
2026-01-29 09:10:27,102 - easytorch-training - INFO - Evaluate best model on test data for horizon 11, Test MAE: 19.4789, Test RMSE: 32.5068, Test MAPE: 12.8853
2026-01-29 09:10:27,104 - easytorch-training - INFO - Evaluate best model on test data for horizon 12, Test MAE: 19.5716, Test RMSE: 32.6029, Test MAPE: 13.0399
2026-01-29 09:10:27,117 - easytorch-training - INFO - Result <test>: [test_time: 14.66 (s), test_MAE: 18.5168, test_RMSE: 30.8706, test_MAPE: 12.3613]
2026-01-29 09:10:27,480 - easytorch-training - INFO - Checkpoint checkpoints/STMAFNet_300/976492592f92c661f4c4ea004499e56d/STMAFNet_236.pt saved
2026-01-29 09:10:27,481 - easytorch-training - INFO - The estimated training finish time is 2026-01-29 12:23:28
2026-01-29 09:10:27,481 - easytorch-training - INFO - Epoch 237 / 300
2026-01-29 09:12:29,117 - easytorch-training - INFO - Result <train>: [train_time: 121.64 (s), lr: 6.25e-05, train_MAE: 15.2332, train_RMSE: 25.0484, train_MAPE: 11.6336]
2026-01-29 09:12:29,118 - easytorch-training - INFO - Start validation.
2026-01-29 09:12:44,074 - easytorch-training - INFO - Result <val>: [val_time: 14.95 (s), val_MAE: 18.2026, val_RMSE: 29.0968, val_MAPE: 12.0119]
2026-01-29 09:12:58,701 - easytorch-training - INFO - Evaluate best model on test data for horizon 1, Test MAE: 16.6548, Test RMSE: 27.4436, Test MAPE: 11.1136
2026-01-29 09:12:58,709 - easytorch-training - INFO - Evaluate best model on test data for horizon 2, Test MAE: 17.2827, Test RMSE: 28.7109, Test MAPE: 11.4812
2026-01-29 09:12:58,716 - easytorch-training - INFO - Evaluate best model on test data for horizon 3, Test MAE: 17.7616, Test RMSE: 29.5957, Test MAPE: 11.8613
2026-01-29 09:12:58,723 - easytorch-training - INFO - Evaluate best model on test data for horizon 4, Test MAE: 18.1317, Test RMSE: 30.2529, Test MAPE: 12.1035
2026-01-29 09:12:58,731 - easytorch-training - INFO - Evaluate best model on test data for horizon 5, Test MAE: 18.4220, Test RMSE: 30.8050, Test MAPE: 12.1439
2026-01-29 09:12:58,738 - easytorch-training - INFO - Evaluate best model on test data for horizon 6, Test MAE: 18.6499, Test RMSE: 31.2148, Test MAPE: 12.3248
2026-01-29 09:12:58,746 - easytorch-training - INFO - Evaluate best model on test data for horizon 7, Test MAE: 18.8708, Test RMSE: 31.5896, Test MAPE: 12.3703
2026-01-29 09:12:58,753 - easytorch-training - INFO - Evaluate best model on test data for horizon 8, Test MAE: 19.0606, Test RMSE: 31.8894, Test MAPE: 12.5529
2026-01-29 09:12:58,761 - easytorch-training - INFO - Evaluate best model on test data for horizon 9, Test MAE: 19.2443, Test RMSE: 32.1996, Test MAPE: 12.6310
2026-01-29 09:12:58,768 - easytorch-training - INFO - Evaluate best model on test data for horizon 10, Test MAE: 19.4038, Test RMSE: 32.4719, Test MAPE: 12.7524
2026-01-29 09:12:58,776 - easytorch-training - INFO - Evaluate best model on test data for horizon 11, Test MAE: 19.5393, Test RMSE: 32.6848, Test MAPE: 12.9019
2026-01-29 09:12:58,783 - easytorch-training - INFO - Evaluate best model on test data for horizon 12, Test MAE: 19.6605, Test RMSE: 32.8263, Test MAPE: 13.0294
2026-01-29 09:12:58,796 - easytorch-training - INFO - Result <test>: [test_time: 14.72 (s), test_MAE: 18.5569, test_RMSE: 31.0160, test_MAPE: 12.2722]
2026-01-29 09:12:59,160 - easytorch-training - INFO - Checkpoint checkpoints/STMAFNet_300/976492592f92c661f4c4ea004499e56d/STMAFNet_237.pt saved
2026-01-29 09:12:59,161 - easytorch-training - INFO - The estimated training finish time is 2026-01-29 12:22:51
2026-01-29 09:12:59,161 - easytorch-training - INFO - Epoch 238 / 300
2026-01-29 09:15:00,853 - easytorch-training - INFO - Result <train>: [train_time: 121.69 (s), lr: 6.25e-05, train_MAE: 15.2292, train_RMSE: 25.0409, train_MAPE: 11.6315]
2026-01-29 09:15:00,855 - easytorch-training - INFO - Start validation.
2026-01-29 09:15:15,769 - easytorch-training - INFO - Result <val>: [val_time: 14.91 (s), val_MAE: 18.1699, val_RMSE: 29.0389, val_MAPE: 11.8409]
2026-01-29 09:15:30,392 - easytorch-training - INFO - Evaluate best model on test data for horizon 1, Test MAE: 16.6129, Test RMSE: 27.3783, Test MAPE: 11.0451
2026-01-29 09:15:30,399 - easytorch-training - INFO - Evaluate best model on test data for horizon 2, Test MAE: 17.2341, Test RMSE: 28.5883, Test MAPE: 11.3640
2026-01-29 09:15:30,407 - easytorch-training - INFO - Evaluate best model on test data for horizon 3, Test MAE: 17.7016, Test RMSE: 29.4776, Test MAPE: 11.6578
2026-01-29 09:15:30,414 - easytorch-training - INFO - Evaluate best model on test data for horizon 4, Test MAE: 18.0536, Test RMSE: 30.1179, Test MAPE: 11.8239
2026-01-29 09:15:30,422 - easytorch-training - INFO - Evaluate best model on test data for horizon 5, Test MAE: 18.3539, Test RMSE: 30.6554, Test MAPE: 11.9644
2026-01-29 09:15:30,429 - easytorch-training - INFO - Evaluate best model on test data for horizon 6, Test MAE: 18.5524, Test RMSE: 31.0349, Test MAPE: 12.0717
2026-01-29 09:15:30,436 - easytorch-training - INFO - Evaluate best model on test data for horizon 7, Test MAE: 18.7919, Test RMSE: 31.4286, Test MAPE: 12.2185
2026-01-29 09:15:30,444 - easytorch-training - INFO - Evaluate best model on test data for horizon 8, Test MAE: 19.0003, Test RMSE: 31.7638, Test MAPE: 12.3337
2026-01-29 09:15:30,451 - easytorch-training - INFO - Evaluate best model on test data for horizon 9, Test MAE: 19.1527, Test RMSE: 32.0493, Test MAPE: 12.4466
2026-01-29 09:15:30,459 - easytorch-training - INFO - Evaluate best model on test data for horizon 10, Test MAE: 19.3193, Test RMSE: 32.3246, Test MAPE: 12.5944
2026-01-29 09:15:30,466 - easytorch-training - INFO - Evaluate best model on test data for horizon 11, Test MAE: 19.4825, Test RMSE: 32.5916, Test MAPE: 12.7634
2026-01-29 09:15:30,474 - easytorch-training - INFO - Evaluate best model on test data for horizon 12, Test MAE: 19.5840, Test RMSE: 32.7150, Test MAPE: 12.8785
2026-01-29 09:15:30,487 - easytorch-training - INFO - Result <test>: [test_time: 14.72 (s), test_MAE: 18.4866, test_RMSE: 30.8856, test_MAPE: 12.0968]
2026-01-29 09:15:30,851 - easytorch-training - INFO - Checkpoint checkpoints/STMAFNet_300/976492592f92c661f4c4ea004499e56d/STMAFNet_238.pt saved
2026-01-29 09:15:30,852 - easytorch-training - INFO - The estimated training finish time is 2026-01-29 12:22:14
2026-01-29 09:15:30,852 - easytorch-training - INFO - Epoch 239 / 300
2026-01-29 09:17:32,448 - easytorch-training - INFO - Result <train>: [train_time: 121.60 (s), lr: 6.25e-05, train_MAE: 15.2177, train_RMSE: 25.0169, train_MAPE: 11.6264]
2026-01-29 09:17:32,449 - easytorch-training - INFO - Start validation.
2026-01-29 09:17:47,406 - easytorch-training - INFO - Result <val>: [val_time: 14.96 (s), val_MAE: 18.2155, val_RMSE: 29.1124, val_MAPE: 11.9534]
2026-01-29 09:18:02,008 - easytorch-training - INFO - Evaluate best model on test data for horizon 1, Test MAE: 16.6385, Test RMSE: 27.4214, Test MAPE: 11.0471
2026-01-29 09:18:02,015 - easytorch-training - INFO - Evaluate best model on test data for horizon 2, Test MAE: 17.2719, Test RMSE: 28.6680, Test MAPE: 11.4808
2026-01-29 09:18:02,023 - easytorch-training - INFO - Evaluate best model on test data for horizon 3, Test MAE: 17.7637, Test RMSE: 29.5927, Test MAPE: 11.6682
2026-01-29 09:18:02,030 - easytorch-training - INFO - Evaluate best model on test data for horizon 4, Test MAE: 18.1304, Test RMSE: 30.2687, Test MAPE: 11.9600
2026-01-29 09:18:02,038 - easytorch-training - INFO - Evaluate best model on test data for horizon 5, Test MAE: 18.4316, Test RMSE: 30.8306, Test MAPE: 12.0515
2026-01-29 09:18:02,045 - easytorch-training - INFO - Evaluate best model on test data for horizon 6, Test MAE: 18.6614, Test RMSE: 31.2528, Test MAPE: 12.2130
2026-01-29 09:18:02,053 - easytorch-training - INFO - Evaluate best model on test data for horizon 7, Test MAE: 18.8755, Test RMSE: 31.6122, Test MAPE: 12.4407
2026-01-29 09:18:02,056 - easytorch-training - INFO - Evaluate best model on test data for horizon 8, Test MAE: 19.0618, Test RMSE: 31.9102, Test MAPE: 12.4327
2026-01-29 09:18:02,057 - easytorch-training - INFO - Evaluate best model on test data for horizon 9, Test MAE: 19.2627, Test RMSE: 32.2375, Test MAPE: 12.5948
2026-01-29 09:18:02,059 - easytorch-training - INFO - Evaluate best model on test data for horizon 10, Test MAE: 19.4091, Test RMSE: 32.4852, Test MAPE: 12.6566
2026-01-29 09:18:02,060 - easytorch-training - INFO - Evaluate best model on test data for horizon 11, Test MAE: 19.5536, Test RMSE: 32.7219, Test MAPE: 12.8151
2026-01-29 09:18:02,061 - easytorch-training - INFO - Evaluate best model on test data for horizon 12, Test MAE: 19.6593, Test RMSE: 32.8111, Test MAPE: 12.9794
2026-01-29 09:18:02,072 - easytorch-training - INFO - Result <test>: [test_time: 14.66 (s), test_MAE: 18.5600, test_RMSE: 31.0274, test_MAPE: 12.1950]
2026-01-29 09:18:02,437 - easytorch-training - INFO - Checkpoint checkpoints/STMAFNet_300/976492592f92c661f4c4ea004499e56d/STMAFNet_239.pt saved
2026-01-29 09:18:02,438 - easytorch-training - INFO - The estimated training finish time is 2026-01-29 12:21:37
2026-01-29 09:18:02,438 - easytorch-training - INFO - Epoch 240 / 300
2026-01-29 09:20:04,044 - easytorch-training - INFO - Result <train>: [train_time: 121.61 (s), lr: 6.25e-05, train_MAE: 15.2149, train_RMSE: 25.0155, train_MAPE: 11.6263]
2026-01-29 09:20:04,045 - easytorch-training - INFO - Start validation.
2026-01-29 09:20:18,980 - easytorch-training - INFO - Result <val>: [val_time: 14.93 (s), val_MAE: 18.1992, val_RMSE: 29.0920, val_MAPE: 11.9729]
2026-01-29 09:20:33,601 - easytorch-training - INFO - Evaluate best model on test data for horizon 1, Test MAE: 16.6564, Test RMSE: 27.4301, Test MAPE: 11.2185
2026-01-29 09:20:33,608 - easytorch-training - INFO - Evaluate best model on test data for horizon 2, Test MAE: 17.2642, Test RMSE: 28.6356, Test MAPE: 11.6054
2026-01-29 09:20:33,616 - easytorch-training - INFO - Evaluate best model on test data for horizon 3, Test MAE: 17.7444, Test RMSE: 29.5421, Test MAPE: 11.8650
2026-01-29 09:20:33,623 - easytorch-training - INFO - Evaluate best model on test data for horizon 4, Test MAE: 18.0955, Test RMSE: 30.1801, Test MAPE: 12.0294
2026-01-29 09:20:33,628 - easytorch-training - INFO - Evaluate best model on test data for horizon 5, Test MAE: 18.4029, Test RMSE: 30.7291, Test MAPE: 12.2047
2026-01-29 09:20:33,630 - easytorch-training - INFO - Evaluate best model on test data for horizon 6, Test MAE: 18.6380, Test RMSE: 31.1652, Test MAPE: 12.2255
2026-01-29 09:20:33,631 - easytorch-training - INFO - Evaluate best model on test data for horizon 7, Test MAE: 18.8570, Test RMSE: 31.5437, Test MAPE: 12.3573
2026-01-29 09:20:33,632 - easytorch-training - INFO - Evaluate best model on test data for horizon 8, Test MAE: 19.0658, Test RMSE: 31.8828, Test MAPE: 12.4420
2026-01-29 09:20:33,633 - easytorch-training - INFO - Evaluate best model on test data for horizon 9, Test MAE: 19.2278, Test RMSE: 32.1897, Test MAPE: 12.5473
2026-01-29 09:20:33,634 - easytorch-training - INFO - Evaluate best model on test data for horizon 10, Test MAE: 19.3910, Test RMSE: 32.4737, Test MAPE: 12.6803
2026-01-29 09:20:33,636 - easytorch-training - INFO - Evaluate best model on test data for horizon 11, Test MAE: 19.5380, Test RMSE: 32.7119, Test MAPE: 12.8206
2026-01-29 09:20:33,641 - easytorch-training - INFO - Evaluate best model on test data for horizon 12, Test MAE: 19.6604, Test RMSE: 32.8585, Test MAPE: 12.9188
2026-01-29 09:20:33,654 - easytorch-training - INFO - Result <test>: [test_time: 14.67 (s), test_MAE: 18.5451, test_RMSE: 30.9886, test_MAPE: 12.2429]
2026-01-29 09:20:34,015 - easytorch-training - INFO - Checkpoint checkpoints/STMAFNet_300/976492592f92c661f4c4ea004499e56d/STMAFNet_240.pt saved
2026-01-29 09:20:34,045 - easytorch-training - INFO - The estimated training finish time is 2026-01-29 12:21:01
2026-01-29 09:20:34,045 - easytorch-training - INFO - Epoch 241 / 300
2026-01-29 09:22:35,699 - easytorch-training - INFO - Result <train>: [train_time: 121.65 (s), lr: 6.25e-05, train_MAE: 15.2091, train_RMSE: 25.0033, train_MAPE: 11.6187]
2026-01-29 09:22:35,700 - easytorch-training - INFO - Start validation.
2026-01-29 09:22:50,640 - easytorch-training - INFO - Result <val>: [val_time: 14.94 (s), val_MAE: 18.2091, val_RMSE: 29.0711, val_MAPE: 11.8252]
2026-01-29 09:23:05,249 - easytorch-training - INFO - Evaluate best model on test data for horizon 1, Test MAE: 16.6557, Test RMSE: 27.4388, Test MAPE: 11.0037
2026-01-29 09:23:05,257 - easytorch-training - INFO - Evaluate best model on test data for horizon 2, Test MAE: 17.2656, Test RMSE: 28.6440, Test MAPE: 11.4075
2026-01-29 09:23:05,264 - easytorch-training - INFO - Evaluate best model on test data for horizon 3, Test MAE: 17.7435, Test RMSE: 29.5095, Test MAPE: 11.7192
2026-01-29 09:23:05,272 - easytorch-training - INFO - Evaluate best model on test data for horizon 4, Test MAE: 18.0989, Test RMSE: 30.1745, Test MAPE: 11.8296
2026-01-29 09:23:05,279 - easytorch-training - INFO - Evaluate best model on test data for horizon 5, Test MAE: 18.3988, Test RMSE: 30.7285, Test MAPE: 11.9401
2026-01-29 09:23:05,286 - easytorch-training - INFO - Evaluate best model on test data for horizon 6, Test MAE: 18.6138, Test RMSE: 31.1371, Test MAPE: 12.0492
2026-01-29 09:23:05,294 - easytorch-training - INFO - Evaluate best model on test data for horizon 7, Test MAE: 18.8253, Test RMSE: 31.4863, Test MAPE: 12.1831
2026-01-29 09:23:05,301 - easytorch-training - INFO - Evaluate best model on test data for horizon 8, Test MAE: 19.0069, Test RMSE: 31.7813, Test MAPE: 12.3030
2026-01-29 09:23:05,309 - easytorch-training - INFO - Evaluate best model on test data for horizon 9, Test MAE: 19.1761, Test RMSE: 32.0500, Test MAPE: 12.4236
2026-01-29 09:23:05,316 - easytorch-training - INFO - Evaluate best model on test data for horizon 10, Test MAE: 19.3451, Test RMSE: 32.3321, Test MAPE: 12.5211
2026-01-29 09:23:05,324 - easytorch-training - INFO - Evaluate best model on test data for horizon 11, Test MAE: 19.4581, Test RMSE: 32.5221, Test MAPE: 12.6771
2026-01-29 09:23:05,331 - easytorch-training - INFO - Evaluate best model on test data for horizon 12, Test MAE: 19.5494, Test RMSE: 32.6290, Test MAPE: 12.7900
2026-01-29 09:23:05,344 - easytorch-training - INFO - Result <test>: [test_time: 14.70 (s), test_MAE: 18.5115, test_RMSE: 30.9096, test_MAPE: 12.0706]
2026-01-29 09:23:05,708 - easytorch-training - INFO - Checkpoint checkpoints/STMAFNet_300/976492592f92c661f4c4ea004499e56d/STMAFNet_241.pt saved
2026-01-29 09:23:05,708 - easytorch-training - INFO - The estimated training finish time is 2026-01-29 12:20:25
2026-01-29 09:23:05,708 - easytorch-training - INFO - Epoch 242 / 300
2026-01-29 09:25:07,990 - easytorch-training - INFO - Result <train>: [train_time: 122.28 (s), lr: 6.25e-05, train_MAE: 15.1934, train_RMSE: 24.9800, train_MAPE: 11.6372]
2026-01-29 09:25:07,992 - easytorch-training - INFO - Start validation.
2026-01-29 09:25:22,269 - easytorch-training - INFO - Result <val>: [val_time: 14.28 (s), val_MAE: 18.2205, val_RMSE: 29.1092, val_MAPE: 11.9131]
2026-01-29 09:25:36,877 - easytorch-training - INFO - Evaluate best model on test data for horizon 1, Test MAE: 16.6639, Test RMSE: 27.4757, Test MAPE: 11.1390
2026-01-29 09:25:36,885 - easytorch-training - INFO - Evaluate best model on test data for horizon 2, Test MAE: 17.2921, Test RMSE: 28.7184, Test MAPE: 11.4771
2026-01-29 09:25:36,892 - easytorch-training - INFO - Evaluate best model on test data for horizon 3, Test MAE: 17.7748, Test RMSE: 29.6362, Test MAPE: 11.8165
2026-01-29 09:25:36,899 - easytorch-training - INFO - Evaluate best model on test data for horizon 4, Test MAE: 18.1413, Test RMSE: 30.3036, Test MAPE: 11.9456
2026-01-29 09:25:36,907 - easytorch-training - INFO - Evaluate best model on test data for horizon 5, Test MAE: 18.4424, Test RMSE: 30.8750, Test MAPE: 12.0465
2026-01-29 09:25:36,914 - easytorch-training - INFO - Evaluate best model on test data for horizon 6, Test MAE: 18.6765, Test RMSE: 31.2858, Test MAPE: 12.1696
2026-01-29 09:25:36,922 - easytorch-training - INFO - Evaluate best model on test data for horizon 7, Test MAE: 18.8991, Test RMSE: 31.6689, Test MAPE: 12.2705
2026-01-29 09:25:36,929 - easytorch-training - INFO - Evaluate best model on test data for horizon 8, Test MAE: 19.1092, Test RMSE: 31.9992, Test MAPE: 12.4212
2026-01-29 09:25:36,937 - easytorch-training - INFO - Evaluate best model on test data for horizon 9, Test MAE: 19.2835, Test RMSE: 32.2980, Test MAPE: 12.4917
2026-01-29 09:25:36,944 - easytorch-training - INFO - Evaluate best model on test data for horizon 10, Test MAE: 19.4511, Test RMSE: 32.5758, Test MAPE: 12.6237
2026-01-29 09:25:36,952 - easytorch-training - INFO - Evaluate best model on test data for horizon 11, Test MAE: 19.5854, Test RMSE: 32.7947, Test MAPE: 12.8083
2026-01-29 09:25:36,959 - easytorch-training - INFO - Evaluate best model on test data for horizon 12, Test MAE: 19.6945, Test RMSE: 32.9257, Test MAPE: 12.9509
2026-01-29 09:25:36,972 - easytorch-training - INFO - Result <test>: [test_time: 14.70 (s), test_MAE: 18.5845, test_RMSE: 31.0902, test_MAPE: 12.1801]
2026-01-29 09:25:37,339 - easytorch-training - INFO - Checkpoint checkpoints/STMAFNet_300/976492592f92c661f4c4ea004499e56d/STMAFNet_242.pt saved
2026-01-29 09:25:37,339 - easytorch-training - INFO - The estimated training finish time is 2026-01-29 12:19:50
2026-01-29 09:25:37,340 - easytorch-training - INFO - Epoch 243 / 300
2026-01-29 09:27:39,972 - easytorch-training - INFO - Result <train>: [train_time: 122.63 (s), lr: 6.25e-05, train_MAE: 15.2070, train_RMSE: 24.9922, train_MAPE: 11.6151]
2026-01-29 09:27:39,972 - easytorch-training - INFO - Start validation.
2026-01-29 09:27:54,942 - easytorch-training - INFO - Result <val>: [val_time: 14.97 (s), val_MAE: 18.1478, val_RMSE: 28.9850, val_MAPE: 11.8935]
2026-01-29 09:28:08,884 - easytorch-training - INFO - Evaluate best model on test data for horizon 1, Test MAE: 16.6170, Test RMSE: 27.3704, Test MAPE: 11.0204
2026-01-29 09:28:08,886 - easytorch-training - INFO - Evaluate best model on test data for horizon 2, Test MAE: 17.2115, Test RMSE: 28.5460, Test MAPE: 11.4069
2026-01-29 09:28:08,887 - easytorch-training - INFO - Evaluate best model on test data for horizon 3, Test MAE: 17.6698, Test RMSE: 29.4033, Test MAPE: 11.6928
2026-01-29 09:28:08,889 - easytorch-training - INFO - Evaluate best model on test data for horizon 4, Test MAE: 18.0269, Test RMSE: 30.0522, Test MAPE: 11.8476
2026-01-29 09:28:08,890 - easytorch-training - INFO - Evaluate best model on test data for horizon 5, Test MAE: 18.3273, Test RMSE: 30.6051, Test MAPE: 12.1024
2026-01-29 09:28:08,896 - easytorch-training - INFO - Evaluate best model on test data for horizon 6, Test MAE: 18.5637, Test RMSE: 31.0307, Test MAPE: 12.1859
2026-01-29 09:28:08,903 - easytorch-training - INFO - Evaluate best model on test data for horizon 7, Test MAE: 18.7975, Test RMSE: 31.3887, Test MAPE: 12.3607
2026-01-29 09:28:08,911 - easytorch-training - INFO - Evaluate best model on test data for horizon 8, Test MAE: 18.9682, Test RMSE: 31.6720, Test MAPE: 12.3860
2026-01-29 09:28:08,918 - easytorch-training - INFO - Evaluate best model on test data for horizon 9, Test MAE: 19.1464, Test RMSE: 31.9768, Test MAPE: 12.5597
2026-01-29 09:28:08,926 - easytorch-training - INFO - Evaluate best model on test data for horizon 10, Test MAE: 19.3023, Test RMSE: 32.2405, Test MAPE: 12.6004
2026-01-29 09:28:08,933 - easytorch-training - INFO - Evaluate best model on test data for horizon 11, Test MAE: 19.4542, Test RMSE: 32.4765, Test MAPE: 12.7641
2026-01-29 09:28:08,940 - easytorch-training - INFO - Evaluate best model on test data for horizon 12, Test MAE: 19.5603, Test RMSE: 32.6101, Test MAPE: 12.9291
2026-01-29 09:28:08,953 - easytorch-training - INFO - Result <test>: [test_time: 14.01 (s), test_MAE: 18.4705, test_RMSE: 30.8218, test_MAPE: 12.1547]
2026-01-29 09:28:09,316 - easytorch-training - INFO - Checkpoint checkpoints/STMAFNet_300/976492592f92c661f4c4ea004499e56d/STMAFNet_243.pt saved
2026-01-29 09:28:09,317 - easytorch-training - INFO - The estimated training finish time is 2026-01-29 12:19:15
2026-01-29 09:28:09,317 - easytorch-training - INFO - Epoch 244 / 300
2026-01-29 09:30:12,760 - easytorch-training - INFO - Result <train>: [train_time: 123.44 (s), lr: 6.25e-05, train_MAE: 15.1974, train_RMSE: 24.9828, train_MAPE: 11.6156]
2026-01-29 09:30:12,762 - easytorch-training - INFO - Start validation.
2026-01-29 09:30:27,113 - easytorch-training - INFO - Result <val>: [val_time: 14.35 (s), val_MAE: 18.1926, val_RMSE: 29.0888, val_MAPE: 12.0096]
2026-01-29 09:30:41,309 - easytorch-training - INFO - Evaluate best model on test data for horizon 1, Test MAE: 16.6916, Test RMSE: 27.4786, Test MAPE: 11.2300
2026-01-29 09:30:41,317 - easytorch-training - INFO - Evaluate best model on test data for horizon 2, Test MAE: 17.3012, Test RMSE: 28.6941, Test MAPE: 11.5719
2026-01-29 09:30:41,324 - easytorch-training - INFO - Evaluate best model on test data for horizon 3, Test MAE: 17.7687, Test RMSE: 29.5861, Test MAPE: 11.8672
2026-01-29 09:30:41,332 - easytorch-training - INFO - Evaluate best model on test data for horizon 4, Test MAE: 18.1499, Test RMSE: 30.2424, Test MAPE: 12.0270
2026-01-29 09:30:41,339 - easytorch-training - INFO - Evaluate best model on test data for horizon 5, Test MAE: 18.4100, Test RMSE: 30.7933, Test MAPE: 12.1683
2026-01-29 09:30:41,347 - easytorch-training - INFO - Evaluate best model on test data for horizon 6, Test MAE: 18.6346, Test RMSE: 31.2152, Test MAPE: 12.2576
2026-01-29 09:30:41,354 - easytorch-training - INFO - Evaluate best model on test data for horizon 7, Test MAE: 18.8451, Test RMSE: 31.5818, Test MAPE: 12.3281
2026-01-29 09:30:41,362 - easytorch-training - INFO - Evaluate best model on test data for horizon 8, Test MAE: 19.0145, Test RMSE: 31.8661, Test MAPE: 12.4456
2026-01-29 09:30:41,369 - easytorch-training - INFO - Evaluate best model on test data for horizon 9, Test MAE: 19.1940, Test RMSE: 32.1760, Test MAPE: 12.6173
2026-01-29 09:30:41,377 - easytorch-training - INFO - Evaluate best model on test data for horizon 10, Test MAE: 19.3515, Test RMSE: 32.4397, Test MAPE: 12.7209
2026-01-29 09:30:41,382 - easytorch-training - INFO - Evaluate best model on test data for horizon 11, Test MAE: 19.4978, Test RMSE: 32.7102, Test MAPE: 12.7945
2026-01-29 09:30:41,383 - easytorch-training - INFO - Evaluate best model on test data for horizon 12, Test MAE: 19.6058, Test RMSE: 32.8219, Test MAPE: 13.0215
2026-01-29 09:30:41,394 - easytorch-training - INFO - Result <test>: [test_time: 14.28 (s), test_MAE: 18.5387, test_RMSE: 31.0090, test_MAPE: 12.2542]
2026-01-29 09:30:41,759 - easytorch-training - INFO - Checkpoint checkpoints/STMAFNet_300/976492592f92c661f4c4ea004499e56d/STMAFNet_244.pt saved
2026-01-29 09:30:41,760 - easytorch-training - INFO - The estimated training finish time is 2026-01-29 12:18:41
2026-01-29 09:30:41,760 - easytorch-training - INFO - Epoch 245 / 300
2026-01-29 09:32:44,558 - easytorch-training - INFO - Result <train>: [train_time: 122.80 (s), lr: 6.25e-05, train_MAE: 15.1888, train_RMSE: 24.9709, train_MAPE: 11.6221]
2026-01-29 09:32:44,560 - easytorch-training - INFO - Start validation.
2026-01-29 09:32:59,526 - easytorch-training - INFO - Result <val>: [val_time: 14.97 (s), val_MAE: 18.1866, val_RMSE: 29.0190, val_MAPE: 11.9711]
2026-01-29 09:33:13,481 - easytorch-training - INFO - Evaluate best model on test data for horizon 1, Test MAE: 16.6361, Test RMSE: 27.3910, Test MAPE: 11.1318
2026-01-29 09:33:13,482 - easytorch-training - INFO - Evaluate best model on test data for horizon 2, Test MAE: 17.2672, Test RMSE: 28.6362, Test MAPE: 11.5206
2026-01-29 09:33:13,484 - easytorch-training - INFO - Evaluate best model on test data for horizon 3, Test MAE: 17.7397, Test RMSE: 29.5155, Test MAPE: 11.8184
2026-01-29 09:33:13,489 - easytorch-training - INFO - Evaluate best model on test data for horizon 4, Test MAE: 18.1004, Test RMSE: 30.1610, Test MAPE: 11.9076
2026-01-29 09:33:13,497 - easytorch-training - INFO - Evaluate best model on test data for horizon 5, Test MAE: 18.3993, Test RMSE: 30.7224, Test MAPE: 12.0342
2026-01-29 09:33:13,504 - easytorch-training - INFO - Evaluate best model on test data for horizon 6, Test MAE: 18.6237, Test RMSE: 31.1217, Test MAPE: 12.1683
2026-01-29 09:33:13,512 - easytorch-training - INFO - Evaluate best model on test data for horizon 7, Test MAE: 18.8372, Test RMSE: 31.4825, Test MAPE: 12.3891
2026-01-29 09:33:13,519 - easytorch-training - INFO - Evaluate best model on test data for horizon 8, Test MAE: 19.0113, Test RMSE: 31.7767, Test MAPE: 12.4786
2026-01-29 09:33:13,527 - easytorch-training - INFO - Evaluate best model on test data for horizon 9, Test MAE: 19.1779, Test RMSE: 32.0493, Test MAPE: 12.5619
2026-01-29 09:33:13,534 - easytorch-training - INFO - Evaluate best model on test data for horizon 10, Test MAE: 19.3367, Test RMSE: 32.3065, Test MAPE: 12.6931
2026-01-29 09:33:13,542 - easytorch-training - INFO - Evaluate best model on test data for horizon 11, Test MAE: 19.4737, Test RMSE: 32.5291, Test MAPE: 12.8455
2026-01-29 09:33:13,549 - easytorch-training - INFO - Evaluate best model on test data for horizon 12, Test MAE: 19.5749, Test RMSE: 32.6359, Test MAPE: 12.9692
2026-01-29 09:33:13,562 - easytorch-training - INFO - Result <test>: [test_time: 14.03 (s), test_MAE: 18.5149, test_RMSE: 30.9012, test_MAPE: 12.2099]
2026-01-29 09:33:14,003 - easytorch-training - INFO - Checkpoint checkpoints/STMAFNet_300/976492592f92c661f4c4ea004499e56d/STMAFNet_245.pt saved
2026-01-29 09:33:14,004 - easytorch-training - INFO - The estimated training finish time is 2026-01-29 12:18:07
2026-01-29 09:33:14,004 - easytorch-training - INFO - Epoch 246 / 300
2026-01-29 09:35:16,286 - easytorch-training - INFO - Result <train>: [train_time: 122.28 (s), lr: 6.25e-05, train_MAE: 15.1953, train_RMSE: 24.9729, train_MAPE: 11.6038]
2026-01-29 09:35:16,287 - easytorch-training - INFO - Start validation.
2026-01-29 09:35:31,240 - easytorch-training - INFO - Result <val>: [val_time: 14.95 (s), val_MAE: 18.2111, val_RMSE: 29.0852, val_MAPE: 12.1629]
2026-01-29 09:35:45,854 - easytorch-training - INFO - Evaluate best model on test data for horizon 1, Test MAE: 16.6394, Test RMSE: 27.4110, Test MAPE: 11.3043
2026-01-29 09:35:45,861 - easytorch-training - INFO - Evaluate best model on test data for horizon 2, Test MAE: 17.2549, Test RMSE: 28.6307, Test MAPE: 11.6917
2026-01-29 09:35:45,869 - easytorch-training - INFO - Evaluate best model on test data for horizon 3, Test MAE: 17.7363, Test RMSE: 29.5224, Test MAPE: 11.9774
2026-01-29 09:35:45,876 - easytorch-training - INFO - Evaluate best model on test data for horizon 4, Test MAE: 18.1064, Test RMSE: 30.1798, Test MAPE: 12.2241
2026-01-29 09:35:45,883 - easytorch-training - INFO - Evaluate best model on test data for horizon 5, Test MAE: 18.3938, Test RMSE: 30.7298, Test MAPE: 12.2883
2026-01-29 09:35:45,891 - easytorch-training - INFO - Evaluate best model on test data for horizon 6, Test MAE: 18.6420, Test RMSE: 31.1643, Test MAPE: 12.4771
2026-01-29 09:35:45,898 - easytorch-training - INFO - Evaluate best model on test data for horizon 7, Test MAE: 18.8465, Test RMSE: 31.5108, Test MAPE: 12.5129
2026-01-29 09:35:45,906 - easytorch-training - INFO - Evaluate best model on test data for horizon 8, Test MAE: 19.0363, Test RMSE: 31.8058, Test MAPE: 12.5563
2026-01-29 09:35:45,913 - easytorch-training - INFO - Evaluate best model on test data for horizon 9, Test MAE: 19.2049, Test RMSE: 32.0724, Test MAPE: 12.7713
2026-01-29 09:35:45,921 - easytorch-training - INFO - Evaluate best model on test data for horizon 10, Test MAE: 19.3655, Test RMSE: 32.3493, Test MAPE: 12.8201
2026-01-29 09:35:45,928 - easytorch-training - INFO - Evaluate best model on test data for horizon 11, Test MAE: 19.5224, Test RMSE: 32.6060, Test MAPE: 13.0502
2026-01-29 09:35:45,936 - easytorch-training - INFO - Evaluate best model on test data for horizon 12, Test MAE: 19.6072, Test RMSE: 32.6999, Test MAPE: 13.1914
2026-01-29 09:35:45,948 - easytorch-training - INFO - Result <test>: [test_time: 14.71 (s), test_MAE: 18.5296, test_RMSE: 30.9315, test_MAPE: 12.4054]
2026-01-29 09:35:46,314 - easytorch-training - INFO - Checkpoint checkpoints/STMAFNet_300/976492592f92c661f4c4ea004499e56d/STMAFNet_246.pt saved
2026-01-29 09:35:46,315 - easytorch-training - INFO - The estimated training finish time is 2026-01-29 12:17:33
2026-01-29 09:35:46,315 - easytorch-training - INFO - Epoch 247 / 300
2026-01-29 09:37:48,014 - easytorch-training - INFO - Result <train>: [train_time: 121.70 (s), lr: 6.25e-05, train_MAE: 15.1826, train_RMSE: 24.9563, train_MAPE: 11.6124]
2026-01-29 09:37:48,017 - easytorch-training - INFO - Start validation.
2026-01-29 09:38:02,980 - easytorch-training - INFO - Result <val>: [val_time: 14.96 (s), val_MAE: 18.2178, val_RMSE: 29.1054, val_MAPE: 11.9009]
2026-01-29 09:38:17,607 - easytorch-training - INFO - Evaluate best model on test data for horizon 1, Test MAE: 16.6358, Test RMSE: 27.4205, Test MAPE: 11.0049
2026-01-29 09:38:17,614 - easytorch-training - INFO - Evaluate best model on test data for horizon 2, Test MAE: 17.2655, Test RMSE: 28.6507, Test MAPE: 11.4056
2026-01-29 09:38:17,622 - easytorch-training - INFO - Evaluate best model on test data for horizon 3, Test MAE: 17.7387, Test RMSE: 29.5491, Test MAPE: 11.6542
2026-01-29 09:38:17,625 - easytorch-training - INFO - Evaluate best model on test data for horizon 4, Test MAE: 18.1094, Test RMSE: 30.2134, Test MAPE: 11.8969
2026-01-29 09:38:17,626 - easytorch-training - INFO - Evaluate best model on test data for horizon 5, Test MAE: 18.4178, Test RMSE: 30.7970, Test MAPE: 12.0325
2026-01-29 09:38:17,634 - easytorch-training - INFO - Evaluate best model on test data for horizon 6, Test MAE: 18.6316, Test RMSE: 31.1919, Test MAPE: 12.1371
2026-01-29 09:38:17,641 - easytorch-training - INFO - Evaluate best model on test data for horizon 7, Test MAE: 18.8553, Test RMSE: 31.5366, Test MAPE: 12.2495
2026-01-29 09:38:17,649 - easytorch-training - INFO - Evaluate best model on test data for horizon 8, Test MAE: 19.0514, Test RMSE: 31.8648, Test MAPE: 12.3837
2026-01-29 09:38:17,656 - easytorch-training - INFO - Evaluate best model on test data for horizon 9, Test MAE: 19.2239, Test RMSE: 32.1549, Test MAPE: 12.5494
2026-01-29 09:38:17,664 - easytorch-training - INFO - Evaluate best model on test data for horizon 10, Test MAE: 19.4010, Test RMSE: 32.4441, Test MAPE: 12.6837
2026-01-29 09:38:17,671 - easytorch-training - INFO - Evaluate best model on test data for horizon 11, Test MAE: 19.5457, Test RMSE: 32.6745, Test MAPE: 12.8035
2026-01-29 09:38:17,679 - easytorch-training - INFO - Evaluate best model on test data for horizon 12, Test MAE: 19.6428, Test RMSE: 32.7877, Test MAPE: 12.9486
2026-01-29 09:38:17,692 - easytorch-training - INFO - Result <test>: [test_time: 14.71 (s), test_MAE: 18.5433, test_RMSE: 30.9829, test_MAPE: 12.1458]
2026-01-29 09:38:18,139 - easytorch-training - INFO - Checkpoint checkpoints/STMAFNet_300/976492592f92c661f4c4ea004499e56d/STMAFNet_247.pt saved
2026-01-29 09:38:18,140 - easytorch-training - INFO - The estimated training finish time is 2026-01-29 12:16:59
2026-01-29 09:38:18,140 - easytorch-training - INFO - Epoch 248 / 300
2026-01-29 09:40:19,857 - easytorch-training - INFO - Result <train>: [train_time: 121.72 (s), lr: 6.25e-05, train_MAE: 15.1742, train_RMSE: 24.9338, train_MAPE: 11.6091]
2026-01-29 09:40:19,859 - easytorch-training - INFO - Start validation.
2026-01-29 09:40:34,767 - easytorch-training - INFO - Result <val>: [val_time: 14.91 (s), val_MAE: 18.2595, val_RMSE: 29.1795, val_MAPE: 12.0206]
2026-01-29 09:40:49,384 - easytorch-training - INFO - Evaluate best model on test data for horizon 1, Test MAE: 16.6568, Test RMSE: 27.4614, Test MAPE: 11.1966
2026-01-29 09:40:49,391 - easytorch-training - INFO - Evaluate best model on test data for horizon 2, Test MAE: 17.2967, Test RMSE: 28.7152, Test MAPE: 11.6786
2026-01-29 09:40:49,399 - easytorch-training - INFO - Evaluate best model on test data for horizon 3, Test MAE: 17.7892, Test RMSE: 29.6247, Test MAPE: 11.8948
2026-01-29 09:40:49,406 - easytorch-training - INFO - Evaluate best model on test data for horizon 4, Test MAE: 18.1484, Test RMSE: 30.2882, Test MAPE: 12.0598
2026-01-29 09:40:49,414 - easytorch-training - INFO - Evaluate best model on test data for horizon 5, Test MAE: 18.4395, Test RMSE: 30.8436, Test MAPE: 12.1256
2026-01-29 09:40:49,421 - easytorch-training - INFO - Evaluate best model on test data for horizon 6, Test MAE: 18.6818, Test RMSE: 31.2836, Test MAPE: 12.2809
2026-01-29 09:40:49,428 - easytorch-training - INFO - Evaluate best model on test data for horizon 7, Test MAE: 18.8911, Test RMSE: 31.6344, Test MAPE: 12.3798
2026-01-29 09:40:49,436 - easytorch-training - INFO - Evaluate best model on test data for horizon 8, Test MAE: 19.0926, Test RMSE: 31.9454, Test MAPE: 12.5492
2026-01-29 09:40:49,446 - easytorch-training - INFO - Evaluate best model on test data for horizon 9, Test MAE: 19.2524, Test RMSE: 32.2036, Test MAPE: 12.5843
2026-01-29 09:40:49,453 - easytorch-training - INFO - Evaluate best model on test data for horizon 10, Test MAE: 19.4013, Test RMSE: 32.4514, Test MAPE: 12.7016
2026-01-29 09:40:49,460 - easytorch-training - INFO - Evaluate best model on test data for horizon 11, Test MAE: 19.5610, Test RMSE: 32.7178, Test MAPE: 12.8106
2026-01-29 09:40:49,468 - easytorch-training - INFO - Evaluate best model on test data for horizon 12, Test MAE: 19.6483, Test RMSE: 32.8104, Test MAPE: 12.9210
2026-01-29 09:40:49,481 - easytorch-training - INFO - Result <test>: [test_time: 14.71 (s), test_MAE: 18.5716, test_RMSE: 31.0404, test_MAPE: 12.2653]
2026-01-29 09:40:49,849 - easytorch-training - INFO - Checkpoint checkpoints/STMAFNet_300/976492592f92c661f4c4ea004499e56d/STMAFNet_248.pt saved
2026-01-29 09:40:49,850 - easytorch-training - INFO - The estimated training finish time is 2026-01-29 12:16:26
2026-01-29 09:40:49,850 - easytorch-training - INFO - Epoch 249 / 300
2026-01-29 09:42:51,519 - easytorch-training - INFO - Result <train>: [train_time: 121.67 (s), lr: 6.25e-05, train_MAE: 15.1757, train_RMSE: 24.9367, train_MAPE: 11.5949]
2026-01-29 09:42:51,521 - easytorch-training - INFO - Start validation.
2026-01-29 09:43:06,464 - easytorch-training - INFO - Result <val>: [val_time: 14.94 (s), val_MAE: 18.2402, val_RMSE: 29.1383, val_MAPE: 11.9230]
2026-01-29 09:43:21,086 - easytorch-training - INFO - Evaluate best model on test data for horizon 1, Test MAE: 16.6638, Test RMSE: 27.4524, Test MAPE: 11.1024
2026-01-29 09:43:21,094 - easytorch-training - INFO - Evaluate best model on test data for horizon 2, Test MAE: 17.3043, Test RMSE: 28.7007, Test MAPE: 11.4874
2026-01-29 09:43:21,101 - easytorch-training - INFO - Evaluate best model on test data for horizon 3, Test MAE: 17.7719, Test RMSE: 29.5855, Test MAPE: 11.7508
2026-01-29 09:43:21,103 - easytorch-training - INFO - Evaluate best model on test data for horizon 4, Test MAE: 18.1242, Test RMSE: 30.2255, Test MAPE: 11.9089
2026-01-29 09:43:21,105 - easytorch-training - INFO - Evaluate best model on test data for horizon 5, Test MAE: 18.4076, Test RMSE: 30.7808, Test MAPE: 12.0270
2026-01-29 09:43:21,112 - easytorch-training - INFO - Evaluate best model on test data for horizon 6, Test MAE: 18.6501, Test RMSE: 31.2050, Test MAPE: 12.1413
2026-01-29 09:43:21,120 - easytorch-training - INFO - Evaluate best model on test data for horizon 7, Test MAE: 18.8684, Test RMSE: 31.5484, Test MAPE: 12.3257
2026-01-29 09:43:21,127 - easytorch-training - INFO - Evaluate best model on test data for horizon 8, Test MAE: 19.0824, Test RMSE: 31.8772, Test MAPE: 12.4052
2026-01-29 09:43:21,135 - easytorch-training - INFO - Evaluate best model on test data for horizon 9, Test MAE: 19.2288, Test RMSE: 32.1320, Test MAPE: 12.5566
2026-01-29 09:43:21,142 - easytorch-training - INFO - Evaluate best model on test data for horizon 10, Test MAE: 19.3907, Test RMSE: 32.3964, Test MAPE: 12.6382
2026-01-29 09:43:21,150 - easytorch-training - INFO - Evaluate best model on test data for horizon 11, Test MAE: 19.5417, Test RMSE: 32.6624, Test MAPE: 12.8103
2026-01-29 09:43:21,157 - easytorch-training - INFO - Evaluate best model on test data for horizon 12, Test MAE: 19.6431, Test RMSE: 32.7750, Test MAPE: 13.0298
2026-01-29 09:43:21,170 - easytorch-training - INFO - Result <test>: [test_time: 14.70 (s), test_MAE: 18.5564, test_RMSE: 30.9865, test_MAPE: 12.1820]
2026-01-29 09:43:21,534 - easytorch-training - INFO - Checkpoint checkpoints/STMAFNet_300/976492592f92c661f4c4ea004499e56d/STMAFNet_249.pt saved
2026-01-29 09:43:21,535 - easytorch-training - INFO - The estimated training finish time is 2026-01-29 12:15:52
2026-01-29 09:43:21,535 - easytorch-training - INFO - Epoch 250 / 300
2026-01-29 09:45:23,255 - easytorch-training - INFO - Result <train>: [train_time: 121.72 (s), lr: 6.25e-05, train_MAE: 15.1810, train_RMSE: 24.9454, train_MAPE: 11.5981]
2026-01-29 09:45:23,256 - easytorch-training - INFO - Start validation.
2026-01-29 09:45:38,202 - easytorch-training - INFO - Result <val>: [val_time: 14.94 (s), val_MAE: 18.2701, val_RMSE: 29.1598, val_MAPE: 11.8584]
2026-01-29 09:45:52,825 - easytorch-training - INFO - Evaluate best model on test data for horizon 1, Test MAE: 16.6927, Test RMSE: 27.4595, Test MAPE: 10.9531
2026-01-29 09:45:52,833 - easytorch-training - INFO - Evaluate best model on test data for horizon 2, Test MAE: 17.3233, Test RMSE: 28.6763, Test MAPE: 11.4022
2026-01-29 09:45:52,840 - easytorch-training - INFO - Evaluate best model on test data for horizon 3, Test MAE: 17.7845, Test RMSE: 29.5688, Test MAPE: 11.6604
2026-01-29 09:45:52,848 - easytorch-training - INFO - Evaluate best model on test data for horizon 4, Test MAE: 18.1410, Test RMSE: 30.2217, Test MAPE: 11.8500
2026-01-29 09:45:52,849 - easytorch-training - INFO - Evaluate best model on test data for horizon 5, Test MAE: 18.4222, Test RMSE: 30.7593, Test MAPE: 11.9963
2026-01-29 09:45:52,851 - easytorch-training - INFO - Evaluate best model on test data for horizon 6, Test MAE: 18.6660, Test RMSE: 31.2086, Test MAPE: 12.1662
2026-01-29 09:45:52,852 - easytorch-training - INFO - Evaluate best model on test data for horizon 7, Test MAE: 18.8688, Test RMSE: 31.5364, Test MAPE: 12.2332
2026-01-29 09:45:52,853 - easytorch-training - INFO - Evaluate best model on test data for horizon 8, Test MAE: 19.0722, Test RMSE: 31.8557, Test MAPE: 12.3578
2026-01-29 09:45:52,855 - easytorch-training - INFO - Evaluate best model on test data for horizon 9, Test MAE: 19.2582, Test RMSE: 32.1642, Test MAPE: 12.5098
2026-01-29 09:45:52,862 - easytorch-training - INFO - Evaluate best model on test data for horizon 10, Test MAE: 19.4093, Test RMSE: 32.4034, Test MAPE: 12.6793
2026-01-29 09:45:52,870 - easytorch-training - INFO - Evaluate best model on test data for horizon 11, Test MAE: 19.5434, Test RMSE: 32.6293, Test MAPE: 12.7888
2026-01-29 09:45:52,877 - easytorch-training - INFO - Evaluate best model on test data for horizon 12, Test MAE: 19.6446, Test RMSE: 32.7395, Test MAPE: 12.8820
2026-01-29 09:45:52,890 - easytorch-training - INFO - Result <test>: [test_time: 14.69 (s), test_MAE: 18.5689, test_RMSE: 30.9765, test_MAPE: 12.1233]
2026-01-29 09:45:53,270 - easytorch-training - INFO - Checkpoint checkpoints/STMAFNet_300/976492592f92c661f4c4ea004499e56d/STMAFNet_250.pt saved
2026-01-29 09:45:53,300 - easytorch-training - INFO - The estimated training finish time is 2026-01-29 12:15:19
2026-01-29 09:45:53,300 - easytorch-training - INFO - Epoch 251 / 300
2026-01-29 09:47:54,975 - easytorch-training - INFO - Result <train>: [train_time: 121.67 (s), lr: 6.25e-05, train_MAE: 15.1547, train_RMSE: 24.9175, train_MAPE: 11.5969]
2026-01-29 09:47:54,976 - easytorch-training - INFO - Start validation.
2026-01-29 09:48:09,901 - easytorch-training - INFO - Result <val>: [val_time: 14.92 (s), val_MAE: 18.2391, val_RMSE: 29.1125, val_MAPE: 12.0499]
2026-01-29 09:48:24,525 - easytorch-training - INFO - Evaluate best model on test data for horizon 1, Test MAE: 16.6816, Test RMSE: 27.4975, Test MAPE: 11.1966
2026-01-29 09:48:24,532 - easytorch-training - INFO - Evaluate best model on test data for horizon 2, Test MAE: 17.2995, Test RMSE: 28.7094, Test MAPE: 11.5907
2026-01-29 09:48:24,540 - easytorch-training - INFO - Evaluate best model on test data for horizon 3, Test MAE: 17.7956, Test RMSE: 29.6248, Test MAPE: 11.8849
2026-01-29 09:48:24,547 - easytorch-training - INFO - Evaluate best model on test data for horizon 4, Test MAE: 18.1245, Test RMSE: 30.2370, Test MAPE: 12.0355
2026-01-29 09:48:24,555 - easytorch-training - INFO - Evaluate best model on test data for horizon 5, Test MAE: 18.4240, Test RMSE: 30.7667, Test MAPE: 12.1513
2026-01-29 09:48:24,562 - easytorch-training - INFO - Evaluate best model on test data for horizon 6, Test MAE: 18.6386, Test RMSE: 31.1581, Test MAPE: 12.2889
2026-01-29 09:48:24,570 - easytorch-training - INFO - Evaluate best model on test data for horizon 7, Test MAE: 18.8584, Test RMSE: 31.5099, Test MAPE: 12.4082
2026-01-29 09:48:24,577 - easytorch-training - INFO - Evaluate best model on test data for horizon 8, Test MAE: 19.0412, Test RMSE: 31.8022, Test MAPE: 12.5062
2026-01-29 09:48:24,585 - easytorch-training - INFO - Evaluate best model on test data for horizon 9, Test MAE: 19.2300, Test RMSE: 32.0957, Test MAPE: 12.7252
2026-01-29 09:48:24,592 - easytorch-training - INFO - Evaluate best model on test data for horizon 10, Test MAE: 19.3726, Test RMSE: 32.3382, Test MAPE: 12.7695
2026-01-29 09:48:24,600 - easytorch-training - INFO - Evaluate best model on test data for horizon 11, Test MAE: 19.5150, Test RMSE: 32.5808, Test MAPE: 12.7963
2026-01-29 09:48:24,607 - easytorch-training - INFO - Evaluate best model on test data for horizon 12, Test MAE: 19.6209, Test RMSE: 32.7086, Test MAPE: 12.9248
2026-01-29 09:48:24,620 - easytorch-training - INFO - Result <test>: [test_time: 14.72 (s), test_MAE: 18.5502, test_RMSE: 30.9586, test_MAPE: 12.2732]
2026-01-29 09:48:24,988 - easytorch-training - INFO - Checkpoint checkpoints/STMAFNet_300/976492592f92c661f4c4ea004499e56d/STMAFNet_251.pt saved
2026-01-29 09:48:24,989 - easytorch-training - INFO - The estimated training finish time is 2026-01-29 12:14:46
2026-01-29 09:48:24,989 - easytorch-training - INFO - Epoch 252 / 300
2026-01-29 09:50:27,417 - easytorch-training - INFO - Result <train>: [train_time: 122.43 (s), lr: 6.25e-05, train_MAE: 15.1587, train_RMSE: 24.9130, train_MAPE: 11.5895]
2026-01-29 09:50:27,418 - easytorch-training - INFO - Start validation.
2026-01-29 09:50:41,744 - easytorch-training - INFO - Result <val>: [val_time: 14.32 (s), val_MAE: 18.2046, val_RMSE: 29.0824, val_MAPE: 12.1110]
2026-01-29 09:50:56,359 - easytorch-training - INFO - Evaluate best model on test data for horizon 1, Test MAE: 16.6350, Test RMSE: 27.3891, Test MAPE: 11.1733
2026-01-29 09:50:56,366 - easytorch-training - INFO - Evaluate best model on test data for horizon 2, Test MAE: 17.2675, Test RMSE: 28.6282, Test MAPE: 11.6459
2026-01-29 09:50:56,374 - easytorch-training - INFO - Evaluate best model on test data for horizon 3, Test MAE: 17.7190, Test RMSE: 29.5016, Test MAPE: 11.8369
2026-01-29 09:50:56,381 - easytorch-training - INFO - Evaluate best model on test data for horizon 4, Test MAE: 18.0793, Test RMSE: 30.1438, Test MAPE: 12.0692
2026-01-29 09:50:56,389 - easytorch-training - INFO - Evaluate best model on test data for horizon 5, Test MAE: 18.3640, Test RMSE: 30.6841, Test MAPE: 12.2197
2026-01-29 09:50:56,394 - easytorch-training - INFO - Evaluate best model on test data for horizon 6, Test MAE: 18.5995, Test RMSE: 31.0984, Test MAPE: 12.4188
2026-01-29 09:50:56,396 - easytorch-training - INFO - Evaluate best model on test data for horizon 7, Test MAE: 18.8020, Test RMSE: 31.4440, Test MAPE: 12.4247
2026-01-29 09:50:56,397 - easytorch-training - INFO - Evaluate best model on test data for horizon 8, Test MAE: 18.9914, Test RMSE: 31.7438, Test MAPE: 12.5128
2026-01-29 09:50:56,398 - easytorch-training - INFO - Evaluate best model on test data for horizon 9, Test MAE: 19.1533, Test RMSE: 32.0260, Test MAPE: 12.7322
2026-01-29 09:50:56,400 - easytorch-training - INFO - Evaluate best model on test data for horizon 10, Test MAE: 19.3066, Test RMSE: 32.2912, Test MAPE: 12.7719
2026-01-29 09:50:56,401 - easytorch-training - INFO - Evaluate best model on test data for horizon 11, Test MAE: 19.4418, Test RMSE: 32.5149, Test MAPE: 12.9634
2026-01-29 09:50:56,402 - easytorch-training - INFO - Evaluate best model on test data for horizon 12, Test MAE: 19.5724, Test RMSE: 32.6314, Test MAPE: 13.2296
2026-01-29 09:50:56,413 - easytorch-training - INFO - Result <test>: [test_time: 14.67 (s), test_MAE: 18.4943, test_RMSE: 30.8817, test_MAPE: 12.3332]
2026-01-29 09:50:56,779 - easytorch-training - INFO - Checkpoint checkpoints/STMAFNet_300/976492592f92c661f4c4ea004499e56d/STMAFNet_252.pt saved
2026-01-29 09:50:56,780 - easytorch-training - INFO - The estimated training finish time is 2026-01-29 12:14:13
2026-01-29 09:50:56,780 - easytorch-training - INFO - Epoch 253 / 300
2026-01-29 09:52:59,500 - easytorch-training - INFO - Result <train>: [train_time: 122.72 (s), lr: 6.25e-05, train_MAE: 15.1321, train_RMSE: 24.8686, train_MAPE: 11.6130]
2026-01-29 09:52:59,502 - easytorch-training - INFO - Start validation.
2026-01-29 09:53:14,445 - easytorch-training - INFO - Result <val>: [val_time: 14.94 (s), val_MAE: 18.2268, val_RMSE: 29.1264, val_MAPE: 12.0053]
2026-01-29 09:53:28,345 - easytorch-training - INFO - Evaluate best model on test data for horizon 1, Test MAE: 16.6812, Test RMSE: 27.4649, Test MAPE: 11.2237
2026-01-29 09:53:28,352 - easytorch-training - INFO - Evaluate best model on test data for horizon 2, Test MAE: 17.3125, Test RMSE: 28.7232, Test MAPE: 11.5637
2026-01-29 09:53:28,360 - easytorch-training - INFO - Evaluate best model on test data for horizon 3, Test MAE: 17.7906, Test RMSE: 29.6261, Test MAPE: 11.8956
2026-01-29 09:53:28,367 - easytorch-training - INFO - Evaluate best model on test data for horizon 4, Test MAE: 18.1405, Test RMSE: 30.2864, Test MAPE: 11.9562
2026-01-29 09:53:28,375 - easytorch-training - INFO - Evaluate best model on test data for horizon 5, Test MAE: 18.4467, Test RMSE: 30.8447, Test MAPE: 12.1040
2026-01-29 09:53:28,382 - easytorch-training - INFO - Evaluate best model on test data for horizon 6, Test MAE: 18.6854, Test RMSE: 31.2775, Test MAPE: 12.3069
2026-01-29 09:53:28,389 - easytorch-training - INFO - Evaluate best model on test data for horizon 7, Test MAE: 18.9040, Test RMSE: 31.6407, Test MAPE: 12.3198
2026-01-29 09:53:28,397 - easytorch-training - INFO - Evaluate best model on test data for horizon 8, Test MAE: 19.1017, Test RMSE: 31.9681, Test MAPE: 12.4474
2026-01-29 09:53:28,402 - easytorch-training - INFO - Evaluate best model on test data for horizon 9, Test MAE: 19.2662, Test RMSE: 32.2530, Test MAPE: 12.6384
2026-01-29 09:53:28,404 - easytorch-training - INFO - Evaluate best model on test data for horizon 10, Test MAE: 19.4400, Test RMSE: 32.5363, Test MAPE: 12.7716
2026-01-29 09:53:28,412 - easytorch-training - INFO - Evaluate best model on test data for horizon 11, Test MAE: 19.5760, Test RMSE: 32.7660, Test MAPE: 12.9157
2026-01-29 09:53:28,419 - easytorch-training - INFO - Evaluate best model on test data for horizon 12, Test MAE: 19.6845, Test RMSE: 32.8777, Test MAPE: 13.0778
2026-01-29 09:53:28,432 - easytorch-training - INFO - Result <test>: [test_time: 13.99 (s), test_MAE: 18.5858, test_RMSE: 31.0652, test_MAPE: 12.2684]
2026-01-29 09:53:28,794 - easytorch-training - INFO - Checkpoint checkpoints/STMAFNet_300/976492592f92c661f4c4ea004499e56d/STMAFNet_253.pt saved
2026-01-29 09:53:28,795 - easytorch-training - INFO - The estimated training finish time is 2026-01-29 12:13:41
2026-01-29 09:53:28,795 - easytorch-training - INFO - Epoch 254 / 300
2026-01-29 09:55:31,969 - easytorch-training - INFO - Result <train>: [train_time: 123.17 (s), lr: 6.25e-05, train_MAE: 15.1478, train_RMSE: 24.8949, train_MAPE: 11.5855]
2026-01-29 09:55:31,971 - easytorch-training - INFO - Start validation.
2026-01-29 09:55:46,366 - easytorch-training - INFO - Result <val>: [val_time: 14.39 (s), val_MAE: 18.2354, val_RMSE: 29.1280, val_MAPE: 12.0632]
2026-01-29 09:56:00,507 - easytorch-training - INFO - Evaluate best model on test data for horizon 1, Test MAE: 16.7077, Test RMSE: 27.5019, Test MAPE: 11.3767
2026-01-29 09:56:00,514 - easytorch-training - INFO - Evaluate best model on test data for horizon 2, Test MAE: 17.3452, Test RMSE: 28.7528, Test MAPE: 11.7687
2026-01-29 09:56:00,522 - easytorch-training - INFO - Evaluate best model on test data for horizon 3, Test MAE: 17.7966, Test RMSE: 29.6466, Test MAPE: 11.8884
2026-01-29 09:56:00,529 - easytorch-training - INFO - Evaluate best model on test data for horizon 4, Test MAE: 18.1609, Test RMSE: 30.2962, Test MAPE: 12.0983
2026-01-29 09:56:00,537 - easytorch-training - INFO - Evaluate best model on test data for horizon 5, Test MAE: 18.4688, Test RMSE: 30.8756, Test MAPE: 12.1572
2026-01-29 09:56:00,544 - easytorch-training - INFO - Evaluate best model on test data for horizon 6, Test MAE: 18.6899, Test RMSE: 31.2680, Test MAPE: 12.2844
2026-01-29 09:56:00,552 - easytorch-training - INFO - Evaluate best model on test data for horizon 7, Test MAE: 18.8958, Test RMSE: 31.6138, Test MAPE: 12.4655
2026-01-29 09:56:00,556 - easytorch-training - INFO - Evaluate best model on test data for horizon 8, Test MAE: 19.0560, Test RMSE: 31.8771, Test MAPE: 12.5462
2026-01-29 09:56:00,558 - easytorch-training - INFO - Evaluate best model on test data for horizon 9, Test MAE: 19.2229, Test RMSE: 32.1594, Test MAPE: 12.5202
2026-01-29 09:56:00,564 - easytorch-training - INFO - Evaluate best model on test data for horizon 10, Test MAE: 19.3745, Test RMSE: 32.3931, Test MAPE: 12.7735
2026-01-29 09:56:00,571 - easytorch-training - INFO - Evaluate best model on test data for horizon 11, Test MAE: 19.5199, Test RMSE: 32.6341, Test MAPE: 12.8640
2026-01-29 09:56:00,578 - easytorch-training - INFO - Evaluate best model on test data for horizon 12, Test MAE: 19.6172, Test RMSE: 32.7138, Test MAPE: 12.9730
2026-01-29 09:56:00,591 - easytorch-training - INFO - Result <test>: [test_time: 14.22 (s), test_MAE: 18.5713, test_RMSE: 31.0177, test_MAPE: 12.3097]
2026-01-29 09:56:00,955 - easytorch-training - INFO - Checkpoint checkpoints/STMAFNet_300/976492592f92c661f4c4ea004499e56d/STMAFNet_254.pt saved
2026-01-29 09:56:00,956 - easytorch-training - INFO - The estimated training finish time is 2026-01-29 12:13:09
2026-01-29 09:56:00,956 - easytorch-training - INFO - Epoch 255 / 300
2026-01-29 09:58:03,377 - easytorch-training - INFO - Result <train>: [train_time: 122.42 (s), lr: 6.25e-05, train_MAE: 15.1492, train_RMSE: 24.8852, train_MAPE: 11.5829]
2026-01-29 09:58:03,377 - easytorch-training - INFO - Start validation.
2026-01-29 09:58:18,236 - easytorch-training - INFO - Result <val>: [val_time: 14.86 (s), val_MAE: 18.2293, val_RMSE: 29.1491, val_MAPE: 12.0401]
2026-01-29 09:58:32,215 - easytorch-training - INFO - Evaluate best model on test data for horizon 1, Test MAE: 16.6680, Test RMSE: 27.4960, Test MAPE: 11.1445
2026-01-29 09:58:32,223 - easytorch-training - INFO - Evaluate best model on test data for horizon 2, Test MAE: 17.2971, Test RMSE: 28.7123, Test MAPE: 11.6388
2026-01-29 09:58:32,230 - easytorch-training - INFO - Evaluate best model on test data for horizon 3, Test MAE: 17.7654, Test RMSE: 29.5974, Test MAPE: 11.7998
2026-01-29 09:58:32,238 - easytorch-training - INFO - Evaluate best model on test data for horizon 4, Test MAE: 18.1256, Test RMSE: 30.2398, Test MAPE: 12.0895
2026-01-29 09:58:32,245 - easytorch-training - INFO - Evaluate best model on test data for horizon 5, Test MAE: 18.4227, Test RMSE: 30.7967, Test MAPE: 12.2000
2026-01-29 09:58:32,253 - easytorch-training - INFO - Evaluate best model on test data for horizon 6, Test MAE: 18.6478, Test RMSE: 31.2243, Test MAPE: 12.3336
2026-01-29 09:58:32,260 - easytorch-training - INFO - Evaluate best model on test data for horizon 7, Test MAE: 18.8712, Test RMSE: 31.6026, Test MAPE: 12.4505
2026-01-29 09:58:32,268 - easytorch-training - INFO - Evaluate best model on test data for horizon 8, Test MAE: 19.0375, Test RMSE: 31.8809, Test MAPE: 12.4973
2026-01-29 09:58:32,275 - easytorch-training - INFO - Evaluate best model on test data for horizon 9, Test MAE: 19.2156, Test RMSE: 32.1860, Test MAPE: 12.6198
2026-01-29 09:58:32,283 - easytorch-training - INFO - Evaluate best model on test data for horizon 10, Test MAE: 19.3774, Test RMSE: 32.4377, Test MAPE: 12.7902
2026-01-29 09:58:32,288 - easytorch-training - INFO - Evaluate best model on test data for horizon 11, Test MAE: 19.5269, Test RMSE: 32.6932, Test MAPE: 12.8993
2026-01-29 09:58:32,289 - easytorch-training - INFO - Evaluate best model on test data for horizon 12, Test MAE: 19.6206, Test RMSE: 32.7883, Test MAPE: 13.0071
2026-01-29 09:58:32,296 - easytorch-training - INFO - Result <test>: [test_time: 14.06 (s), test_MAE: 18.5480, test_RMSE: 31.0127, test_MAPE: 12.2892]
2026-01-29 09:58:32,658 - easytorch-training - INFO - Checkpoint checkpoints/STMAFNet_300/976492592f92c661f4c4ea004499e56d/STMAFNet_255.pt saved
2026-01-29 09:58:32,659 - easytorch-training - INFO - The estimated training finish time is 2026-01-29 12:12:37
2026-01-29 09:58:32,659 - easytorch-training - INFO - Epoch 256 / 300
2026-01-29 10:00:34,651 - easytorch-training - INFO - Result <train>: [train_time: 121.99 (s), lr: 6.25e-05, train_MAE: 15.1361, train_RMSE: 24.8665, train_MAPE: 11.5817]
2026-01-29 10:00:34,652 - easytorch-training - INFO - Start validation.
2026-01-29 10:00:49,544 - easytorch-training - INFO - Result <val>: [val_time: 14.89 (s), val_MAE: 18.2059, val_RMSE: 29.1067, val_MAPE: 12.0646]
2026-01-29 10:01:04,156 - easytorch-training - INFO - Evaluate best model on test data for horizon 1, Test MAE: 16.6164, Test RMSE: 27.3948, Test MAPE: 11.2408
2026-01-29 10:01:04,163 - easytorch-training - INFO - Evaluate best model on test data for horizon 2, Test MAE: 17.2279, Test RMSE: 28.5984, Test MAPE: 11.5228
2026-01-29 10:01:04,171 - easytorch-training - INFO - Evaluate best model on test data for horizon 3, Test MAE: 17.6982, Test RMSE: 29.4543, Test MAPE: 11.8202
2026-01-29 10:01:04,178 - easytorch-training - INFO - Evaluate best model on test data for horizon 4, Test MAE: 18.0656, Test RMSE: 30.1384, Test MAPE: 11.9791
2026-01-29 10:01:04,186 - easytorch-training - INFO - Evaluate best model on test data for horizon 5, Test MAE: 18.3621, Test RMSE: 30.6897, Test MAPE: 12.1354
2026-01-29 10:01:04,193 - easytorch-training - INFO - Evaluate best model on test data for horizon 6, Test MAE: 18.6089, Test RMSE: 31.1383, Test MAPE: 12.2183
2026-01-29 10:01:04,200 - easytorch-training - INFO - Evaluate best model on test data for horizon 7, Test MAE: 18.8291, Test RMSE: 31.5003, Test MAPE: 12.3808
2026-01-29 10:01:04,208 - easytorch-training - INFO - Evaluate best model on test data for horizon 8, Test MAE: 19.0136, Test RMSE: 31.8190, Test MAPE: 12.4921
2026-01-29 10:01:04,215 - easytorch-training - INFO - Evaluate best model on test data for horizon 9, Test MAE: 19.1785, Test RMSE: 32.1022, Test MAPE: 12.6398
2026-01-29 10:01:04,223 - easytorch-training - INFO - Evaluate best model on test data for horizon 10, Test MAE: 19.3538, Test RMSE: 32.3716, Test MAPE: 12.8315
2026-01-29 10:01:04,230 - easytorch-training - INFO - Evaluate best model on test data for horizon 11, Test MAE: 19.5098, Test RMSE: 32.6261, Test MAPE: 13.0234
2026-01-29 10:01:04,238 - easytorch-training - INFO - Evaluate best model on test data for horizon 12, Test MAE: 19.6006, Test RMSE: 32.7401, Test MAPE: 13.1131
2026-01-29 10:01:04,251 - easytorch-training - INFO - Result <test>: [test_time: 14.71 (s), test_MAE: 18.5054, test_RMSE: 30.9237, test_MAPE: 12.2831]
2026-01-29 10:01:04,613 - easytorch-training - INFO - Checkpoint checkpoints/STMAFNet_300/976492592f92c661f4c4ea004499e56d/STMAFNet_256.pt saved
2026-01-29 10:01:04,614 - easytorch-training - INFO - The estimated training finish time is 2026-01-29 12:12:06
2026-01-29 10:01:04,614 - easytorch-training - INFO - Epoch 257 / 300
2026-01-29 10:03:05,823 - easytorch-training - INFO - Result <train>: [train_time: 121.21 (s), lr: 6.25e-05, train_MAE: 15.1308, train_RMSE: 24.8589, train_MAPE: 11.5765]
2026-01-29 10:03:05,825 - easytorch-training - INFO - Start validation.
2026-01-29 10:03:20,711 - easytorch-training - INFO - Result <val>: [val_time: 14.89 (s), val_MAE: 18.2275, val_RMSE: 29.1560, val_MAPE: 12.0424]
2026-01-29 10:03:35,289 - easytorch-training - INFO - Evaluate best model on test data for horizon 1, Test MAE: 16.6517, Test RMSE: 27.4453, Test MAPE: 11.1231
2026-01-29 10:03:35,296 - easytorch-training - INFO - Evaluate best model on test data for horizon 2, Test MAE: 17.2893, Test RMSE: 28.7173, Test MAPE: 11.5358
2026-01-29 10:03:35,304 - easytorch-training - INFO - Evaluate best model on test data for horizon 3, Test MAE: 17.7986, Test RMSE: 29.6522, Test MAPE: 11.8680
2026-01-29 10:03:35,311 - easytorch-training - INFO - Evaluate best model on test data for horizon 4, Test MAE: 18.1440, Test RMSE: 30.3075, Test MAPE: 11.9911
2026-01-29 10:03:35,317 - easytorch-training - INFO - Evaluate best model on test data for horizon 5, Test MAE: 18.4395, Test RMSE: 30.8663, Test MAPE: 12.2060
2026-01-29 10:03:35,319 - easytorch-training - INFO - Evaluate best model on test data for horizon 6, Test MAE: 18.6861, Test RMSE: 31.3088, Test MAPE: 12.3199
2026-01-29 10:03:35,324 - easytorch-training - INFO - Evaluate best model on test data for horizon 7, Test MAE: 18.9043, Test RMSE: 31.6605, Test MAPE: 12.4258
2026-01-29 10:03:35,332 - easytorch-training - INFO - Evaluate best model on test data for horizon 8, Test MAE: 19.0872, Test RMSE: 31.9638, Test MAPE: 12.6330
2026-01-29 10:03:35,339 - easytorch-training - INFO - Evaluate best model on test data for horizon 9, Test MAE: 19.2641, Test RMSE: 32.2722, Test MAPE: 12.7146
2026-01-29 10:03:35,347 - easytorch-training - INFO - Evaluate best model on test data for horizon 10, Test MAE: 19.4074, Test RMSE: 32.5422, Test MAPE: 12.7304
2026-01-29 10:03:35,354 - easytorch-training - INFO - Evaluate best model on test data for horizon 11, Test MAE: 19.5509, Test RMSE: 32.7766, Test MAPE: 12.9377
2026-01-29 10:03:35,362 - easytorch-training - INFO - Evaluate best model on test data for horizon 12, Test MAE: 19.6436, Test RMSE: 32.8628, Test MAPE: 13.1032
2026-01-29 10:03:35,375 - easytorch-training - INFO - Result <test>: [test_time: 14.66 (s), test_MAE: 18.5722, test_RMSE: 31.0746, test_MAPE: 12.2991]
2026-01-29 10:03:35,762 - easytorch-training - INFO - Checkpoint checkpoints/STMAFNet_300/976492592f92c661f4c4ea004499e56d/STMAFNet_257.pt saved
2026-01-29 10:03:35,763 - easytorch-training - INFO - The estimated training finish time is 2026-01-29 12:11:34
2026-01-29 10:03:35,763 - easytorch-training - INFO - Epoch 258 / 300
2026-01-29 10:05:37,160 - easytorch-training - INFO - Result <train>: [train_time: 121.40 (s), lr: 6.25e-05, train_MAE: 15.1326, train_RMSE: 24.8574, train_MAPE: 11.5638]
2026-01-29 10:05:37,162 - easytorch-training - INFO - Start validation.
2026-01-29 10:05:52,063 - easytorch-training - INFO - Result <val>: [val_time: 14.90 (s), val_MAE: 18.2351, val_RMSE: 29.1361, val_MAPE: 12.0581]
2026-01-29 10:06:06,705 - easytorch-training - INFO - Evaluate best model on test data for horizon 1, Test MAE: 16.6671, Test RMSE: 27.4939, Test MAPE: 11.1788
2026-01-29 10:06:06,713 - easytorch-training - INFO - Evaluate best model on test data for horizon 2, Test MAE: 17.2816, Test RMSE: 28.6968, Test MAPE: 11.7021
2026-01-29 10:06:06,720 - easytorch-training - INFO - Evaluate best model on test data for horizon 3, Test MAE: 17.7593, Test RMSE: 29.5928, Test MAPE: 11.9114
2026-01-29 10:06:06,727 - easytorch-training - INFO - Evaluate best model on test data for horizon 4, Test MAE: 18.1308, Test RMSE: 30.2586, Test MAPE: 12.1113
2026-01-29 10:06:06,735 - easytorch-training - INFO - Evaluate best model on test data for horizon 5, Test MAE: 18.4121, Test RMSE: 30.7888, Test MAPE: 12.0891
2026-01-29 10:06:06,742 - easytorch-training - INFO - Evaluate best model on test data for horizon 6, Test MAE: 18.6501, Test RMSE: 31.2196, Test MAPE: 12.2722
2026-01-29 10:06:06,750 - easytorch-training - INFO - Evaluate best model on test data for horizon 7, Test MAE: 18.8833, Test RMSE: 31.6127, Test MAPE: 12.4157
2026-01-29 10:06:06,757 - easytorch-training - INFO - Evaluate best model on test data for horizon 8, Test MAE: 19.0675, Test RMSE: 31.8886, Test MAPE: 12.5302
2026-01-29 10:06:06,765 - easytorch-training - INFO - Evaluate best model on test data for horizon 9, Test MAE: 19.2430, Test RMSE: 32.1722, Test MAPE: 12.6604
2026-01-29 10:06:06,772 - easytorch-training - INFO - Evaluate best model on test data for horizon 10, Test MAE: 19.4101, Test RMSE: 32.4411, Test MAPE: 12.8068
2026-01-29 10:06:06,780 - easytorch-training - INFO - Evaluate best model on test data for horizon 11, Test MAE: 19.5442, Test RMSE: 32.6757, Test MAPE: 12.8780
2026-01-29 10:06:06,787 - easytorch-training - INFO - Evaluate best model on test data for horizon 12, Test MAE: 19.6514, Test RMSE: 32.7811, Test MAPE: 13.0337
2026-01-29 10:06:06,800 - easytorch-training - INFO - Result <test>: [test_time: 14.74 (s), test_MAE: 18.5584, test_RMSE: 31.0099, test_MAPE: 12.2991]
2026-01-29 10:06:07,173 - easytorch-training - INFO - Checkpoint checkpoints/STMAFNet_300/976492592f92c661f4c4ea004499e56d/STMAFNet_258.pt saved
2026-01-29 10:06:07,173 - easytorch-training - INFO - The estimated training finish time is 2026-01-29 12:11:02
2026-01-29 10:06:07,174 - easytorch-training - INFO - Epoch 259 / 300
2026-01-29 10:08:08,462 - easytorch-training - INFO - Result <train>: [train_time: 121.29 (s), lr: 6.25e-05, train_MAE: 15.1188, train_RMSE: 24.8428, train_MAPE: 11.5785]
2026-01-29 10:08:08,464 - easytorch-training - INFO - Start validation.
2026-01-29 10:08:23,355 - easytorch-training - INFO - Result <val>: [val_time: 14.89 (s), val_MAE: 18.2526, val_RMSE: 29.1403, val_MAPE: 12.0491]
2026-01-29 10:08:37,942 - easytorch-training - INFO - Evaluate best model on test data for horizon 1, Test MAE: 16.6782, Test RMSE: 27.4821, Test MAPE: 11.1318
2026-01-29 10:08:37,949 - easytorch-training - INFO - Evaluate best model on test data for horizon 2, Test MAE: 17.2964, Test RMSE: 28.6892, Test MAPE: 11.6403
2026-01-29 10:08:37,957 - easytorch-training - INFO - Evaluate best model on test data for horizon 3, Test MAE: 17.7820, Test RMSE: 29.6104, Test MAPE: 11.9226
2026-01-29 10:08:37,964 - easytorch-training - INFO - Evaluate best model on test data for horizon 4, Test MAE: 18.1472, Test RMSE: 30.2745, Test MAPE: 12.0687
2026-01-29 10:08:37,972 - easytorch-training - INFO - Evaluate best model on test data for horizon 5, Test MAE: 18.4402, Test RMSE: 30.8119, Test MAPE: 12.2053
2026-01-29 10:08:37,975 - easytorch-training - INFO - Evaluate best model on test data for horizon 6, Test MAE: 18.6759, Test RMSE: 31.2262, Test MAPE: 12.3911
2026-01-29 10:08:37,976 - easytorch-training - INFO - Evaluate best model on test data for horizon 7, Test MAE: 18.8868, Test RMSE: 31.5838, Test MAPE: 12.4724
2026-01-29 10:08:37,977 - easytorch-training - INFO - Evaluate best model on test data for horizon 8, Test MAE: 19.0702, Test RMSE: 31.8958, Test MAPE: 12.5129
2026-01-29 10:08:37,978 - easytorch-training - INFO - Evaluate best model on test data for horizon 9, Test MAE: 19.2601, Test RMSE: 32.2099, Test MAPE: 12.6176
2026-01-29 10:08:37,979 - easytorch-training - INFO - Evaluate best model on test data for horizon 10, Test MAE: 19.4400, Test RMSE: 32.4968, Test MAPE: 12.7171
2026-01-29 10:08:37,981 - easytorch-training - INFO - Evaluate best model on test data for horizon 11, Test MAE: 19.6131, Test RMSE: 32.7630, Test MAPE: 12.9618
2026-01-29 10:08:37,988 - easytorch-training - INFO - Evaluate best model on test data for horizon 12, Test MAE: 19.6913, Test RMSE: 32.8745, Test MAPE: 13.0347
2026-01-29 10:08:38,001 - easytorch-training - INFO - Result <test>: [test_time: 14.64 (s), test_MAE: 18.5818, test_RMSE: 31.0358, test_MAPE: 12.3064]
2026-01-29 10:08:38,370 - easytorch-training - INFO - Checkpoint checkpoints/STMAFNet_300/976492592f92c661f4c4ea004499e56d/STMAFNet_259.pt saved
2026-01-29 10:08:38,370 - easytorch-training - INFO - The estimated training finish time is 2026-01-29 12:10:31
2026-01-29 10:08:38,371 - easytorch-training - INFO - Epoch 260 / 300
2026-01-29 10:10:39,743 - easytorch-training - INFO - Result <train>: [train_time: 121.37 (s), lr: 6.25e-05, train_MAE: 15.1117, train_RMSE: 24.8267, train_MAPE: 11.5692]
2026-01-29 10:10:39,744 - easytorch-training - INFO - Start validation.
2026-01-29 10:10:54,634 - easytorch-training - INFO - Result <val>: [val_time: 14.89 (s), val_MAE: 18.2033, val_RMSE: 29.0847, val_MAPE: 12.0054]
2026-01-29 10:11:09,223 - easytorch-training - INFO - Evaluate best model on test data for horizon 1, Test MAE: 16.6457, Test RMSE: 27.4390, Test MAPE: 11.1193
2026-01-29 10:11:09,230 - easytorch-training - INFO - Evaluate best model on test data for horizon 2, Test MAE: 17.2686, Test RMSE: 28.6531, Test MAPE: 11.5735
2026-01-29 10:11:09,238 - easytorch-training - INFO - Evaluate best model on test data for horizon 3, Test MAE: 17.7645, Test RMSE: 29.5609, Test MAPE: 11.9207
2026-01-29 10:11:09,245 - easytorch-training - INFO - Evaluate best model on test data for horizon 4, Test MAE: 18.1039, Test RMSE: 30.1940, Test MAPE: 11.9646
2026-01-29 10:11:09,251 - easytorch-training - INFO - Evaluate best model on test data for horizon 5, Test MAE: 18.3895, Test RMSE: 30.7179, Test MAPE: 12.1119
2026-01-29 10:11:09,252 - easytorch-training - INFO - Evaluate best model on test data for horizon 6, Test MAE: 18.6300, Test RMSE: 31.1396, Test MAPE: 12.3319
2026-01-29 10:11:09,254 - easytorch-training - INFO - Evaluate best model on test data for horizon 7, Test MAE: 18.8479, Test RMSE: 31.4867, Test MAPE: 12.4013
2026-01-29 10:11:09,255 - easytorch-training - INFO - Evaluate best model on test data for horizon 8, Test MAE: 19.0414, Test RMSE: 31.8087, Test MAPE: 12.4588
2026-01-29 10:11:09,256 - easytorch-training - INFO - Evaluate best model on test data for horizon 9, Test MAE: 19.2019, Test RMSE: 32.0747, Test MAPE: 12.5967
2026-01-29 10:11:09,257 - easytorch-training - INFO - Evaluate best model on test data for horizon 10, Test MAE: 19.3658, Test RMSE: 32.3454, Test MAPE: 12.7378
2026-01-29 10:11:09,258 - easytorch-training - INFO - Evaluate best model on test data for horizon 11, Test MAE: 19.5038, Test RMSE: 32.5516, Test MAPE: 12.9117
2026-01-29 10:11:09,260 - easytorch-training - INFO - Evaluate best model on test data for horizon 12, Test MAE: 19.5888, Test RMSE: 32.6787, Test MAPE: 12.9252
2026-01-29 10:11:09,273 - easytorch-training - INFO - Result <test>: [test_time: 14.64 (s), test_MAE: 18.5293, test_RMSE: 30.9279, test_MAPE: 12.2545]
2026-01-29 10:11:09,642 - easytorch-training - INFO - Checkpoint checkpoints/STMAFNet_300/976492592f92c661f4c4ea004499e56d/STMAFNet_260.pt saved
2026-01-29 10:11:09,672 - easytorch-training - INFO - The estimated training finish time is 2026-01-29 12:09:59
2026-01-29 10:11:09,672 - easytorch-training - INFO - Epoch 261 / 300
2026-01-29 10:13:10,976 - easytorch-training - INFO - Result <train>: [train_time: 121.30 (s), lr: 6.25e-05, train_MAE: 15.1196, train_RMSE: 24.8380, train_MAPE: 11.5655]
2026-01-29 10:13:10,978 - easytorch-training - INFO - Start validation.
2026-01-29 10:13:25,904 - easytorch-training - INFO - Result <val>: [val_time: 14.93 (s), val_MAE: 18.2281, val_RMSE: 29.1381, val_MAPE: 12.0365]
2026-01-29 10:13:40,514 - easytorch-training - INFO - Evaluate best model on test data for horizon 1, Test MAE: 16.6600, Test RMSE: 27.4732, Test MAPE: 11.2341
2026-01-29 10:13:40,516 - easytorch-training - INFO - Evaluate best model on test data for horizon 2, Test MAE: 17.2656, Test RMSE: 28.6829, Test MAPE: 11.6194
2026-01-29 10:13:40,518 - easytorch-training - INFO - Evaluate best model on test data for horizon 3, Test MAE: 17.7510, Test RMSE: 29.5795, Test MAPE: 11.9573
2026-01-29 10:13:40,519 - easytorch-training - INFO - Evaluate best model on test data for horizon 4, Test MAE: 18.1067, Test RMSE: 30.2376, Test MAPE: 11.9977
2026-01-29 10:13:40,521 - easytorch-training - INFO - Evaluate best model on test data for horizon 5, Test MAE: 18.4013, Test RMSE: 30.7891, Test MAPE: 12.1736
2026-01-29 10:13:40,522 - easytorch-training - INFO - Evaluate best model on test data for horizon 6, Test MAE: 18.6403, Test RMSE: 31.2056, Test MAPE: 12.2903
2026-01-29 10:13:40,524 - easytorch-training - INFO - Evaluate best model on test data for horizon 7, Test MAE: 18.8631, Test RMSE: 31.5688, Test MAPE: 12.4351
2026-01-29 10:13:40,531 - easytorch-training - INFO - Evaluate best model on test data for horizon 8, Test MAE: 19.0425, Test RMSE: 31.8621, Test MAPE: 12.5181
2026-01-29 10:13:40,539 - easytorch-training - INFO - Evaluate best model on test data for horizon 9, Test MAE: 19.2090, Test RMSE: 32.1221, Test MAPE: 12.6023
2026-01-29 10:13:40,546 - easytorch-training - INFO - Evaluate best model on test data for horizon 10, Test MAE: 19.3680, Test RMSE: 32.3804, Test MAPE: 12.6661
2026-01-29 10:13:40,554 - easytorch-training - INFO - Evaluate best model on test data for horizon 11, Test MAE: 19.5087, Test RMSE: 32.6265, Test MAPE: 12.8630
2026-01-29 10:13:40,561 - easytorch-training - INFO - Evaluate best model on test data for horizon 12, Test MAE: 19.6107, Test RMSE: 32.7258, Test MAPE: 12.9888
2026-01-29 10:13:40,574 - easytorch-training - INFO - Result <test>: [test_time: 14.67 (s), test_MAE: 18.5356, test_RMSE: 30.9786, test_MAPE: 12.2788]
2026-01-29 10:13:40,961 - easytorch-training - INFO - Checkpoint checkpoints/STMAFNet_300/976492592f92c661f4c4ea004499e56d/STMAFNet_261.pt saved
2026-01-29 10:13:40,962 - easytorch-training - INFO - The estimated training finish time is 2026-01-29 12:09:28
2026-01-29 10:13:40,962 - easytorch-training - INFO - Epoch 262 / 300
2026-01-29 10:15:42,981 - easytorch-training - INFO - Result <train>: [train_time: 122.02 (s), lr: 6.25e-05, train_MAE: 15.1082, train_RMSE: 24.8198, train_MAPE: 11.5607]
2026-01-29 10:15:42,983 - easytorch-training - INFO - Start validation.
2026-01-29 10:15:57,287 - easytorch-training - INFO - Result <val>: [val_time: 14.30 (s), val_MAE: 18.2327, val_RMSE: 29.1612, val_MAPE: 11.9492]
2026-01-29 10:16:11,880 - easytorch-training - INFO - Evaluate best model on test data for horizon 1, Test MAE: 16.6421, Test RMSE: 27.4668, Test MAPE: 11.1186
2026-01-29 10:16:11,887 - easytorch-training - INFO - Evaluate best model on test data for horizon 2, Test MAE: 17.2660, Test RMSE: 28.6802, Test MAPE: 11.5717
2026-01-29 10:16:11,895 - easytorch-training - INFO - Evaluate best model on test data for horizon 3, Test MAE: 17.7432, Test RMSE: 29.5621, Test MAPE: 11.8771
2026-01-29 10:16:11,897 - easytorch-training - INFO - Evaluate best model on test data for horizon 4, Test MAE: 18.0892, Test RMSE: 30.2038, Test MAPE: 11.9277
2026-01-29 10:16:11,898 - easytorch-training - INFO - Evaluate best model on test data for horizon 5, Test MAE: 18.3814, Test RMSE: 30.7499, Test MAPE: 12.0576
2026-01-29 10:16:11,906 - easytorch-training - INFO - Evaluate best model on test data for horizon 6, Test MAE: 18.6250, Test RMSE: 31.1932, Test MAPE: 12.2070
2026-01-29 10:16:11,913 - easytorch-training - INFO - Evaluate best model on test data for horizon 7, Test MAE: 18.8656, Test RMSE: 31.5914, Test MAPE: 12.3140
2026-01-29 10:16:11,920 - easytorch-training - INFO - Evaluate best model on test data for horizon 8, Test MAE: 19.0634, Test RMSE: 31.9177, Test MAPE: 12.4269
2026-01-29 10:16:11,928 - easytorch-training - INFO - Evaluate best model on test data for horizon 9, Test MAE: 19.2309, Test RMSE: 32.2033, Test MAPE: 12.5430
2026-01-29 10:16:11,935 - easytorch-training - INFO - Evaluate best model on test data for horizon 10, Test MAE: 19.4091, Test RMSE: 32.4988, Test MAPE: 12.6030
2026-01-29 10:16:11,943 - easytorch-training - INFO - Evaluate best model on test data for horizon 11, Test MAE: 19.5412, Test RMSE: 32.7198, Test MAPE: 12.8315
2026-01-29 10:16:11,950 - easytorch-training - INFO - Evaluate best model on test data for horizon 12, Test MAE: 19.6320, Test RMSE: 32.8290, Test MAPE: 12.9457
2026-01-29 10:16:11,963 - easytorch-training - INFO - Result <test>: [test_time: 14.67 (s), test_MAE: 18.5408, test_RMSE: 31.0109, test_MAPE: 12.2020]
2026-01-29 10:16:12,333 - easytorch-training - INFO - Checkpoint checkpoints/STMAFNet_300/976492592f92c661f4c4ea004499e56d/STMAFNet_262.pt saved
2026-01-29 10:16:12,334 - easytorch-training - INFO - The estimated training finish time is 2026-01-29 12:08:58
2026-01-29 10:16:12,334 - easytorch-training - INFO - Epoch 263 / 300
2026-01-29 10:18:14,844 - easytorch-training - INFO - Result <train>: [train_time: 122.51 (s), lr: 6.25e-05, train_MAE: 15.1124, train_RMSE: 24.8220, train_MAPE: 11.5570]
2026-01-29 10:18:14,845 - easytorch-training - INFO - Start validation.
2026-01-29 10:18:29,620 - easytorch-training - INFO - Result <val>: [val_time: 14.77 (s), val_MAE: 18.2571, val_RMSE: 29.1321, val_MAPE: 11.9311]
2026-01-29 10:18:43,373 - easytorch-training - INFO - Evaluate best model on test data for horizon 1, Test MAE: 16.6855, Test RMSE: 27.5089, Test MAPE: 11.0238
2026-01-29 10:18:43,380 - easytorch-training - INFO - Evaluate best model on test data for horizon 2, Test MAE: 17.3204, Test RMSE: 28.7376, Test MAPE: 11.4892
2026-01-29 10:18:43,388 - easytorch-training - INFO - Evaluate best model on test data for horizon 3, Test MAE: 17.7878, Test RMSE: 29.6250, Test MAPE: 11.7203
2026-01-29 10:18:43,395 - easytorch-training - INFO - Evaluate best model on test data for horizon 4, Test MAE: 18.1607, Test RMSE: 30.2917, Test MAPE: 11.8743
2026-01-29 10:18:43,403 - easytorch-training - INFO - Evaluate best model on test data for horizon 5, Test MAE: 18.4603, Test RMSE: 30.8466, Test MAPE: 12.1171
2026-01-29 10:18:43,410 - easytorch-training - INFO - Evaluate best model on test data for horizon 6, Test MAE: 18.6840, Test RMSE: 31.2631, Test MAPE: 12.1758
2026-01-29 10:18:43,418 - easytorch-training - INFO - Evaluate best model on test data for horizon 7, Test MAE: 18.9073, Test RMSE: 31.6375, Test MAPE: 12.3304
2026-01-29 10:18:43,423 - easytorch-training - INFO - Evaluate best model on test data for horizon 8, Test MAE: 19.1014, Test RMSE: 31.9505, Test MAPE: 12.3655
2026-01-29 10:18:43,424 - easytorch-training - INFO - Evaluate best model on test data for horizon 9, Test MAE: 19.3029, Test RMSE: 32.2719, Test MAPE: 12.5393
2026-01-29 10:18:43,425 - easytorch-training - INFO - Evaluate best model on test data for horizon 10, Test MAE: 19.4816, Test RMSE: 32.5770, Test MAPE: 12.7249
2026-01-29 10:18:43,426 - easytorch-training - INFO - Evaluate best model on test data for horizon 11, Test MAE: 19.6028, Test RMSE: 32.7878, Test MAPE: 12.8595
2026-01-29 10:18:43,427 - easytorch-training - INFO - Evaluate best model on test data for horizon 12, Test MAE: 19.7055, Test RMSE: 32.8942, Test MAPE: 13.0022
2026-01-29 10:18:43,436 - easytorch-training - INFO - Result <test>: [test_time: 13.81 (s), test_MAE: 18.6000, test_RMSE: 31.0756, test_MAPE: 12.1852]
2026-01-29 10:18:43,807 - easytorch-training - INFO - Checkpoint checkpoints/STMAFNet_300/976492592f92c661f4c4ea004499e56d/STMAFNet_263.pt saved
2026-01-29 10:18:43,807 - easytorch-training - INFO - The estimated training finish time is 2026-01-29 12:08:27
2026-01-29 10:18:43,807 - easytorch-training - INFO - Epoch 264 / 300
2026-01-29 10:20:46,898 - easytorch-training - INFO - Result <train>: [train_time: 123.09 (s), lr: 6.25e-05, train_MAE: 15.0907, train_RMSE: 24.7870, train_MAPE: 11.5698]
2026-01-29 10:20:46,899 - easytorch-training - INFO - Start validation.
2026-01-29 10:21:01,379 - easytorch-training - INFO - Result <val>: [val_time: 14.48 (s), val_MAE: 18.2312, val_RMSE: 29.1331, val_MAPE: 12.0317]
2026-01-29 10:21:15,419 - easytorch-training - INFO - Evaluate best model on test data for horizon 1, Test MAE: 16.6566, Test RMSE: 27.4699, Test MAPE: 11.2165
2026-01-29 10:21:15,421 - easytorch-training - INFO - Evaluate best model on test data for horizon 2, Test MAE: 17.2886, Test RMSE: 28.6876, Test MAPE: 11.6392
2026-01-29 10:21:15,427 - easytorch-training - INFO - Evaluate best model on test data for horizon 3, Test MAE: 17.7551, Test RMSE: 29.5761, Test MAPE: 11.8403
2026-01-29 10:21:15,434 - easytorch-training - INFO - Evaluate best model on test data for horizon 4, Test MAE: 18.1153, Test RMSE: 30.2329, Test MAPE: 11.9803
2026-01-29 10:21:15,442 - easytorch-training - INFO - Evaluate best model on test data for horizon 5, Test MAE: 18.4098, Test RMSE: 30.7806, Test MAPE: 12.1070
2026-01-29 10:21:15,449 - easytorch-training - INFO - Evaluate best model on test data for horizon 6, Test MAE: 18.6612, Test RMSE: 31.1960, Test MAPE: 12.3211
2026-01-29 10:21:15,457 - easytorch-training - INFO - Evaluate best model on test data for horizon 7, Test MAE: 18.8654, Test RMSE: 31.5643, Test MAPE: 12.4051
2026-01-29 10:21:15,464 - easytorch-training - INFO - Evaluate best model on test data for horizon 8, Test MAE: 19.0489, Test RMSE: 31.8732, Test MAPE: 12.4850
2026-01-29 10:21:15,472 - easytorch-training - INFO - Evaluate best model on test data for horizon 9, Test MAE: 19.2489, Test RMSE: 32.1981, Test MAPE: 12.5762
2026-01-29 10:21:15,479 - easytorch-training - INFO - Evaluate best model on test data for horizon 10, Test MAE: 19.4279, Test RMSE: 32.5033, Test MAPE: 12.8255
2026-01-29 10:21:15,487 - easytorch-training - INFO - Evaluate best model on test data for horizon 11, Test MAE: 19.5641, Test RMSE: 32.7538, Test MAPE: 12.9242
2026-01-29 10:21:15,494 - easytorch-training - INFO - Evaluate best model on test data for horizon 12, Test MAE: 19.6627, Test RMSE: 32.8367, Test MAPE: 13.0654
2026-01-29 10:21:15,507 - easytorch-training - INFO - Result <test>: [test_time: 14.13 (s), test_MAE: 18.5587, test_RMSE: 31.0154, test_MAPE: 12.2822]
2026-01-29 10:21:15,878 - easytorch-training - INFO - Checkpoint checkpoints/STMAFNet_300/976492592f92c661f4c4ea004499e56d/STMAFNet_264.pt saved
2026-01-29 10:21:15,879 - easytorch-training - INFO - The estimated training finish time is 2026-01-29 12:07:58
2026-01-29 10:21:15,879 - easytorch-training - INFO - Epoch 265 / 300
2026-01-29 10:23:18,270 - easytorch-training - INFO - Result <train>: [train_time: 122.39 (s), lr: 6.25e-05, train_MAE: 15.0878, train_RMSE: 24.7818, train_MAPE: 11.5635]
2026-01-29 10:23:18,272 - easytorch-training - INFO - Start validation.
2026-01-29 10:23:33,173 - easytorch-training - INFO - Result <val>: [val_time: 14.90 (s), val_MAE: 18.2262, val_RMSE: 29.1175, val_MAPE: 11.9178]
2026-01-29 10:23:47,326 - easytorch-training - INFO - Evaluate best model on test data for horizon 1, Test MAE: 16.6904, Test RMSE: 27.5096, Test MAPE: 11.0556
2026-01-29 10:23:47,333 - easytorch-training - INFO - Evaluate best model on test data for horizon 2, Test MAE: 17.3147, Test RMSE: 28.7410, Test MAPE: 11.5203
2026-01-29 10:23:47,341 - easytorch-training - INFO - Evaluate best model on test data for horizon 3, Test MAE: 17.7860, Test RMSE: 29.6141, Test MAPE: 11.8431
2026-01-29 10:23:47,348 - easytorch-training - INFO - Evaluate best model on test data for horizon 4, Test MAE: 18.1409, Test RMSE: 30.2511, Test MAPE: 11.9400
2026-01-29 10:23:47,353 - easytorch-training - INFO - Evaluate best model on test data for horizon 5, Test MAE: 18.4315, Test RMSE: 30.7851, Test MAPE: 12.0366
2026-01-29 10:23:47,355 - easytorch-training - INFO - Evaluate best model on test data for horizon 6, Test MAE: 18.6429, Test RMSE: 31.1701, Test MAPE: 12.2607
2026-01-29 10:23:47,356 - easytorch-training - INFO - Evaluate best model on test data for horizon 7, Test MAE: 18.8592, Test RMSE: 31.5315, Test MAPE: 12.3198
2026-01-29 10:23:47,362 - easytorch-training - INFO - Evaluate best model on test data for horizon 8, Test MAE: 19.0279, Test RMSE: 31.7971, Test MAPE: 12.4631
2026-01-29 10:23:47,369 - easytorch-training - INFO - Evaluate best model on test data for horizon 9, Test MAE: 19.1928, Test RMSE: 32.0745, Test MAPE: 12.5077
2026-01-29 10:23:47,377 - easytorch-training - INFO - Evaluate best model on test data for horizon 10, Test MAE: 19.3429, Test RMSE: 32.3163, Test MAPE: 12.5778
2026-01-29 10:23:47,384 - easytorch-training - INFO - Evaluate best model on test data for horizon 11, Test MAE: 19.4722, Test RMSE: 32.5299, Test MAPE: 12.7182
2026-01-29 10:23:47,392 - easytorch-training - INFO - Evaluate best model on test data for horizon 12, Test MAE: 19.5653, Test RMSE: 32.6320, Test MAPE: 12.8669
2026-01-29 10:23:47,405 - easytorch-training - INFO - Result <test>: [test_time: 14.23 (s), test_MAE: 18.5389, test_RMSE: 30.9512, test_MAPE: 12.1758]
2026-01-29 10:23:47,778 - easytorch-training - INFO - Checkpoint checkpoints/STMAFNet_300/976492592f92c661f4c4ea004499e56d/STMAFNet_265.pt saved
2026-01-29 10:23:47,779 - easytorch-training - INFO - The estimated training finish time is 2026-01-29 12:07:29
2026-01-29 10:23:47,779 - easytorch-training - INFO - Epoch 266 / 300
2026-01-29 10:25:49,616 - easytorch-training - INFO - Result <train>: [train_time: 121.84 (s), lr: 6.25e-05, train_MAE: 15.0697, train_RMSE: 24.7509, train_MAPE: 11.5642]
2026-01-29 10:25:49,618 - easytorch-training - INFO - Start validation.
2026-01-29 10:26:04,545 - easytorch-training - INFO - Result <val>: [val_time: 14.93 (s), val_MAE: 18.2670, val_RMSE: 29.1681, val_MAPE: 12.0448]
2026-01-29 10:26:19,134 - easytorch-training - INFO - Evaluate best model on test data for horizon 1, Test MAE: 16.7103, Test RMSE: 27.5116, Test MAPE: 11.3169
2026-01-29 10:26:19,142 - easytorch-training - INFO - Evaluate best model on test data for horizon 2, Test MAE: 17.3408, Test RMSE: 28.7669, Test MAPE: 11.7103
2026-01-29 10:26:19,149 - easytorch-training - INFO - Evaluate best model on test data for horizon 3, Test MAE: 17.8386, Test RMSE: 29.6910, Test MAPE: 11.9942
2026-01-29 10:26:19,157 - easytorch-training - INFO - Evaluate best model on test data for horizon 4, Test MAE: 18.2006, Test RMSE: 30.3272, Test MAPE: 12.1676
2026-01-29 10:26:19,164 - easytorch-training - INFO - Evaluate best model on test data for horizon 5, Test MAE: 18.4879, Test RMSE: 30.8830, Test MAPE: 12.2541
2026-01-29 10:26:19,165 - easytorch-training - INFO - Evaluate best model on test data for horizon 6, Test MAE: 18.7241, Test RMSE: 31.3128, Test MAPE: 12.2351
2026-01-29 10:26:19,167 - easytorch-training - INFO - Evaluate best model on test data for horizon 7, Test MAE: 18.9425, Test RMSE: 31.6810, Test MAPE: 12.3431
2026-01-29 10:26:19,168 - easytorch-training - INFO - Evaluate best model on test data for horizon 8, Test MAE: 19.1256, Test RMSE: 31.9658, Test MAPE: 12.4579
2026-01-29 10:26:19,169 - easytorch-training - INFO - Evaluate best model on test data for horizon 9, Test MAE: 19.2984, Test RMSE: 32.2598, Test MAPE: 12.5619
2026-01-29 10:26:19,170 - easytorch-training - INFO - Evaluate best model on test data for horizon 10, Test MAE: 19.4792, Test RMSE: 32.5555, Test MAPE: 12.7121
2026-01-29 10:26:19,172 - easytorch-training - INFO - Evaluate best model on test data for horizon 11, Test MAE: 19.6268, Test RMSE: 32.7903, Test MAPE: 12.9587
2026-01-29 10:26:19,179 - easytorch-training - INFO - Evaluate best model on test data for horizon 12, Test MAE: 19.6983, Test RMSE: 32.8865, Test MAPE: 13.0089
2026-01-29 10:26:19,192 - easytorch-training - INFO - Result <test>: [test_time: 14.65 (s), test_MAE: 18.6228, test_RMSE: 31.0950, test_MAPE: 12.3101]
2026-01-29 10:26:19,569 - easytorch-training - INFO - Checkpoint checkpoints/STMAFNet_300/976492592f92c661f4c4ea004499e56d/STMAFNet_266.pt saved
2026-01-29 10:26:19,570 - easytorch-training - INFO - The estimated training finish time is 2026-01-29 12:06:59
2026-01-29 10:26:19,570 - easytorch-training - INFO - Epoch 267 / 300
2026-01-29 10:28:20,963 - easytorch-training - INFO - Result <train>: [train_time: 121.39 (s), lr: 6.25e-05, train_MAE: 15.0744, train_RMSE: 24.7649, train_MAPE: 11.5490]
2026-01-29 10:28:20,965 - easytorch-training - INFO - Start validation.
2026-01-29 10:28:35,858 - easytorch-training - INFO - Result <val>: [val_time: 14.89 (s), val_MAE: 18.2926, val_RMSE: 29.1719, val_MAPE: 12.0143]
2026-01-29 10:28:50,478 - easytorch-training - INFO - Evaluate best model on test data for horizon 1, Test MAE: 16.7341, Test RMSE: 27.5305, Test MAPE: 11.2738
2026-01-29 10:28:50,480 - easytorch-training - INFO - Evaluate best model on test data for horizon 2, Test MAE: 17.3608, Test RMSE: 28.7657, Test MAPE: 11.6689
2026-01-29 10:28:50,481 - easytorch-training - INFO - Evaluate best model on test data for horizon 3, Test MAE: 17.8330, Test RMSE: 29.6443, Test MAPE: 11.8868
2026-01-29 10:28:50,483 - easytorch-training - INFO - Evaluate best model on test data for horizon 4, Test MAE: 18.2028, Test RMSE: 30.2997, Test MAPE: 12.0805
2026-01-29 10:28:50,484 - easytorch-training - INFO - Evaluate best model on test data for horizon 5, Test MAE: 18.4794, Test RMSE: 30.8406, Test MAPE: 12.0948
2026-01-29 10:28:50,487 - easytorch-training - INFO - Evaluate best model on test data for horizon 6, Test MAE: 18.7385, Test RMSE: 31.2939, Test MAPE: 12.3083
2026-01-29 10:28:50,495 - easytorch-training - INFO - Evaluate best model on test data for horizon 7, Test MAE: 18.9302, Test RMSE: 31.6276, Test MAPE: 12.3847
2026-01-29 10:28:50,502 - easytorch-training - INFO - Evaluate best model on test data for horizon 8, Test MAE: 19.1247, Test RMSE: 31.9607, Test MAPE: 12.4376
2026-01-29 10:28:50,510 - easytorch-training - INFO - Evaluate best model on test data for horizon 9, Test MAE: 19.2792, Test RMSE: 32.2271, Test MAPE: 12.5714
2026-01-29 10:28:50,517 - easytorch-training - INFO - Evaluate best model on test data for horizon 10, Test MAE: 19.4510, Test RMSE: 32.5116, Test MAPE: 12.6241
2026-01-29 10:28:50,525 - easytorch-training - INFO - Evaluate best model on test data for horizon 11, Test MAE: 19.6035, Test RMSE: 32.7783, Test MAPE: 12.7599
2026-01-29 10:28:50,532 - easytorch-training - INFO - Evaluate best model on test data for horizon 12, Test MAE: 19.7030, Test RMSE: 32.8788, Test MAPE: 12.9078
2026-01-29 10:28:50,545 - easytorch-training - INFO - Result <test>: [test_time: 14.69 (s), test_MAE: 18.6200, test_RMSE: 31.0719, test_MAPE: 12.2499]
2026-01-29 10:28:50,912 - easytorch-training - INFO - Checkpoint checkpoints/STMAFNet_300/976492592f92c661f4c4ea004499e56d/STMAFNet_267.pt saved
2026-01-29 10:28:50,913 - easytorch-training - INFO - The estimated training finish time is 2026-01-29 12:06:30
2026-01-29 10:28:50,913 - easytorch-training - INFO - Epoch 268 / 300
2026-01-29 10:30:52,175 - easytorch-training - INFO - Result <train>: [train_time: 121.26 (s), lr: 6.25e-05, train_MAE: 15.0832, train_RMSE: 24.7706, train_MAPE: 11.5488]
2026-01-29 10:30:52,177 - easytorch-training - INFO - Start validation.
2026-01-29 10:31:07,096 - easytorch-training - INFO - Result <val>: [val_time: 14.92 (s), val_MAE: 18.2543, val_RMSE: 29.1419, val_MAPE: 11.8551]
2026-01-29 10:31:21,713 - easytorch-training - INFO - Evaluate best model on test data for horizon 1, Test MAE: 16.6762, Test RMSE: 27.5170, Test MAPE: 10.9949
2026-01-29 10:31:21,721 - easytorch-training - INFO - Evaluate best model on test data for horizon 2, Test MAE: 17.2961, Test RMSE: 28.7307, Test MAPE: 11.4290
2026-01-29 10:31:21,728 - easytorch-training - INFO - Evaluate best model on test data for horizon 3, Test MAE: 17.7780, Test RMSE: 29.6226, Test MAPE: 11.6836
2026-01-29 10:31:21,736 - easytorch-training - INFO - Evaluate best model on test data for horizon 4, Test MAE: 18.1431, Test RMSE: 30.2741, Test MAPE: 11.8556
2026-01-29 10:31:21,743 - easytorch-training - INFO - Evaluate best model on test data for horizon 5, Test MAE: 18.4593, Test RMSE: 30.8424, Test MAPE: 11.9637
2026-01-29 10:31:21,751 - easytorch-training - INFO - Evaluate best model on test data for horizon 6, Test MAE: 18.6905, Test RMSE: 31.2657, Test MAPE: 12.1114
2026-01-29 10:31:21,758 - easytorch-training - INFO - Evaluate best model on test data for horizon 7, Test MAE: 18.9076, Test RMSE: 31.6182, Test MAPE: 12.2537
2026-01-29 10:31:21,765 - easytorch-training - INFO - Evaluate best model on test data for horizon 8, Test MAE: 19.1046, Test RMSE: 31.9573, Test MAPE: 12.3439
2026-01-29 10:31:21,773 - easytorch-training - INFO - Evaluate best model on test data for horizon 9, Test MAE: 19.2988, Test RMSE: 32.2777, Test MAPE: 12.4516
2026-01-29 10:31:21,780 - easytorch-training - INFO - Evaluate best model on test data for horizon 10, Test MAE: 19.4679, Test RMSE: 32.5544, Test MAPE: 12.5681
2026-01-29 10:31:21,788 - easytorch-training - INFO - Evaluate best model on test data for horizon 11, Test MAE: 19.6229, Test RMSE: 32.8171, Test MAPE: 12.7451
2026-01-29 10:31:21,795 - easytorch-training - INFO - Evaluate best model on test data for horizon 12, Test MAE: 19.7328, Test RMSE: 32.9362, Test MAPE: 12.8505
2026-01-29 10:31:21,808 - easytorch-training - INFO - Result <test>: [test_time: 14.71 (s), test_MAE: 18.5982, test_RMSE: 31.0777, test_MAPE: 12.1043]
2026-01-29 10:31:22,265 - easytorch-training - INFO - Checkpoint checkpoints/STMAFNet_300/976492592f92c661f4c4ea004499e56d/STMAFNet_268.pt saved
2026-01-29 10:31:22,266 - easytorch-training - INFO - The estimated training finish time is 2026-01-29 12:06:00
2026-01-29 10:31:22,266 - easytorch-training - INFO - Epoch 269 / 300
2026-01-29 10:33:23,722 - easytorch-training - INFO - Result <train>: [train_time: 121.46 (s), lr: 6.25e-05, train_MAE: 15.0729, train_RMSE: 24.7581, train_MAPE: 11.5497]
2026-01-29 10:33:23,724 - easytorch-training - INFO - Start validation.
2026-01-29 10:33:38,597 - easytorch-training - INFO - Result <val>: [val_time: 14.87 (s), val_MAE: 18.2776, val_RMSE: 29.1527, val_MAPE: 11.8697]
2026-01-29 10:33:53,213 - easytorch-training - INFO - Evaluate best model on test data for horizon 1, Test MAE: 16.7032, Test RMSE: 27.4995, Test MAPE: 11.0059
2026-01-29 10:33:53,220 - easytorch-training - INFO - Evaluate best model on test data for horizon 2, Test MAE: 17.3368, Test RMSE: 28.7067, Test MAPE: 11.4174
2026-01-29 10:33:53,228 - easytorch-training - INFO - Evaluate best model on test data for horizon 3, Test MAE: 17.7729, Test RMSE: 29.5524, Test MAPE: 11.7139
2026-01-29 10:33:53,235 - easytorch-training - INFO - Evaluate best model on test data for horizon 4, Test MAE: 18.1502, Test RMSE: 30.2042, Test MAPE: 11.8487
2026-01-29 10:33:53,243 - easytorch-training - INFO - Evaluate best model on test data for horizon 5, Test MAE: 18.4384, Test RMSE: 30.7616, Test MAPE: 12.0060
2026-01-29 10:33:53,250 - easytorch-training - INFO - Evaluate best model on test data for horizon 6, Test MAE: 18.6700, Test RMSE: 31.1804, Test MAPE: 12.1228
2026-01-29 10:33:53,258 - easytorch-training - INFO - Evaluate best model on test data for horizon 7, Test MAE: 18.8845, Test RMSE: 31.5308, Test MAPE: 12.2448
2026-01-29 10:33:53,265 - easytorch-training - INFO - Evaluate best model on test data for horizon 8, Test MAE: 19.0515, Test RMSE: 31.8097, Test MAPE: 12.3349
2026-01-29 10:33:53,272 - easytorch-training - INFO - Evaluate best model on test data for horizon 9, Test MAE: 19.2428, Test RMSE: 32.1108, Test MAPE: 12.4419
2026-01-29 10:33:53,280 - easytorch-training - INFO - Evaluate best model on test data for horizon 10, Test MAE: 19.4208, Test RMSE: 32.4049, Test MAPE: 12.5744
2026-01-29 10:33:53,288 - easytorch-training - INFO - Evaluate best model on test data for horizon 11, Test MAE: 19.5343, Test RMSE: 32.6453, Test MAPE: 12.6648
2026-01-29 10:33:53,295 - easytorch-training - INFO - Evaluate best model on test data for horizon 12, Test MAE: 19.6244, Test RMSE: 32.7214, Test MAPE: 12.8011
2026-01-29 10:33:53,308 - easytorch-training - INFO - Result <test>: [test_time: 14.71 (s), test_MAE: 18.5692, test_RMSE: 30.9678, test_MAPE: 12.0981]
2026-01-29 10:33:53,678 - easytorch-training - INFO - Checkpoint checkpoints/STMAFNet_300/976492592f92c661f4c4ea004499e56d/STMAFNet_269.pt saved
2026-01-29 10:33:53,679 - easytorch-training - INFO - The estimated training finish time is 2026-01-29 12:05:31
2026-01-29 10:33:53,679 - easytorch-training - INFO - Epoch 270 / 300
2026-01-29 10:35:55,128 - easytorch-training - INFO - Result <train>: [train_time: 121.45 (s), lr: 6.25e-05, train_MAE: 15.0721, train_RMSE: 24.7484, train_MAPE: 11.5425]
2026-01-29 10:35:55,129 - easytorch-training - INFO - Start validation.
2026-01-29 10:36:10,041 - easytorch-training - INFO - Result <val>: [val_time: 14.91 (s), val_MAE: 18.2248, val_RMSE: 29.1163, val_MAPE: 11.9791]
2026-01-29 10:36:24,625 - easytorch-training - INFO - Evaluate best model on test data for horizon 1, Test MAE: 16.6707, Test RMSE: 27.4873, Test MAPE: 11.1096
2026-01-29 10:36:24,632 - easytorch-training - INFO - Evaluate best model on test data for horizon 2, Test MAE: 17.2707, Test RMSE: 28.6799, Test MAPE: 11.5173
2026-01-29 10:36:24,640 - easytorch-training - INFO - Evaluate best model on test data for horizon 3, Test MAE: 17.7417, Test RMSE: 29.5277, Test MAPE: 11.8523
2026-01-29 10:36:24,647 - easytorch-training - INFO - Evaluate best model on test data for horizon 4, Test MAE: 18.1045, Test RMSE: 30.1704, Test MAPE: 12.0200
2026-01-29 10:36:24,655 - easytorch-training - INFO - Evaluate best model on test data for horizon 5, Test MAE: 18.3956, Test RMSE: 30.7025, Test MAPE: 12.0926
2026-01-29 10:36:24,661 - easytorch-training - INFO - Evaluate best model on test data for horizon 6, Test MAE: 18.6321, Test RMSE: 31.1432, Test MAPE: 12.2188
2026-01-29 10:36:24,662 - easytorch-training - INFO - Evaluate best model on test data for horizon 7, Test MAE: 18.8343, Test RMSE: 31.4749, Test MAPE: 12.3755
2026-01-29 10:36:24,668 - easytorch-training - INFO - Evaluate best model on test data for horizon 8, Test MAE: 19.0492, Test RMSE: 31.7826, Test MAPE: 12.6590
2026-01-29 10:36:24,675 - easytorch-training - INFO - Evaluate best model on test data for horizon 9, Test MAE: 19.2200, Test RMSE: 32.1106, Test MAPE: 12.5639
2026-01-29 10:36:24,683 - easytorch-training - INFO - Evaluate best model on test data for horizon 10, Test MAE: 19.4088, Test RMSE: 32.4171, Test MAPE: 12.7550
2026-01-29 10:36:24,690 - easytorch-training - INFO - Evaluate best model on test data for horizon 11, Test MAE: 19.5601, Test RMSE: 32.6759, Test MAPE: 12.7845
2026-01-29 10:36:24,698 - easytorch-training - INFO - Evaluate best model on test data for horizon 12, Test MAE: 19.6550, Test RMSE: 32.7862, Test MAPE: 12.9525
2026-01-29 10:36:24,710 - easytorch-training - INFO - Result <test>: [test_time: 14.67 (s), test_MAE: 18.5452, test_RMSE: 30.9545, test_MAPE: 12.2418]
2026-01-29 10:36:25,084 - easytorch-training - INFO - Checkpoint checkpoints/STMAFNet_300/976492592f92c661f4c4ea004499e56d/STMAFNet_270.pt saved
2026-01-29 10:36:25,114 - easytorch-training - INFO - The estimated training finish time is 2026-01-29 12:05:03
2026-01-29 10:36:25,114 - easytorch-training - INFO - Epoch 271 / 300
2026-01-29 10:38:26,533 - easytorch-training - INFO - Result <train>: [train_time: 121.42 (s), lr: 6.25e-05, train_MAE: 15.0658, train_RMSE: 24.7452, train_MAPE: 11.5425]
2026-01-29 10:38:26,535 - easytorch-training - INFO - Start validation.
2026-01-29 10:38:41,420 - easytorch-training - INFO - Result <val>: [val_time: 14.89 (s), val_MAE: 18.3085, val_RMSE: 29.1788, val_MAPE: 11.8792]
2026-01-29 10:38:56,014 - easytorch-training - INFO - Evaluate best model on test data for horizon 1, Test MAE: 16.7652, Test RMSE: 27.5636, Test MAPE: 11.0029
2026-01-29 10:38:56,022 - easytorch-training - INFO - Evaluate best model on test data for horizon 2, Test MAE: 17.3822, Test RMSE: 28.7555, Test MAPE: 11.4655
2026-01-29 10:38:56,029 - easytorch-training - INFO - Evaluate best model on test data for horizon 3, Test MAE: 17.8580, Test RMSE: 29.6723, Test MAPE: 11.6898
2026-01-29 10:38:56,037 - easytorch-training - INFO - Evaluate best model on test data for horizon 4, Test MAE: 18.2134, Test RMSE: 30.3352, Test MAPE: 11.8505
2026-01-29 10:38:56,044 - easytorch-training - INFO - Evaluate best model on test data for horizon 5, Test MAE: 18.5095, Test RMSE: 30.8761, Test MAPE: 11.9920
2026-01-29 10:38:56,050 - easytorch-training - INFO - Evaluate best model on test data for horizon 6, Test MAE: 18.7307, Test RMSE: 31.2944, Test MAPE: 12.1221
2026-01-29 10:38:56,052 - easytorch-training - INFO - Evaluate best model on test data for horizon 7, Test MAE: 18.9526, Test RMSE: 31.6567, Test MAPE: 12.2885
2026-01-29 10:38:56,053 - easytorch-training - INFO - Evaluate best model on test data for horizon 8, Test MAE: 19.1509, Test RMSE: 31.9761, Test MAPE: 12.3548
2026-01-29 10:38:56,054 - easytorch-training - INFO - Evaluate best model on test data for horizon 9, Test MAE: 19.3544, Test RMSE: 32.3179, Test MAPE: 12.4907
2026-01-29 10:38:56,055 - easytorch-training - INFO - Evaluate best model on test data for horizon 10, Test MAE: 19.5475, Test RMSE: 32.6421, Test MAPE: 12.6079
2026-01-29 10:38:56,057 - easytorch-training - INFO - Evaluate best model on test data for horizon 11, Test MAE: 19.6841, Test RMSE: 32.8712, Test MAPE: 12.7484
2026-01-29 10:38:56,058 - easytorch-training - INFO - Evaluate best model on test data for horizon 12, Test MAE: 19.7673, Test RMSE: 32.9542, Test MAPE: 12.9194
2026-01-29 10:38:56,069 - easytorch-training - INFO - Result <test>: [test_time: 14.65 (s), test_MAE: 18.6597, test_RMSE: 31.1195, test_MAPE: 12.1277]
2026-01-29 10:38:56,439 - easytorch-training - INFO - Checkpoint checkpoints/STMAFNet_300/976492592f92c661f4c4ea004499e56d/STMAFNet_271.pt saved
2026-01-29 10:38:56,440 - easytorch-training - INFO - The estimated training finish time is 2026-01-29 12:04:34
2026-01-29 10:38:56,440 - easytorch-training - INFO - Epoch 272 / 300
2026-01-29 10:40:58,500 - easytorch-training - INFO - Result <train>: [train_time: 122.06 (s), lr: 6.25e-05, train_MAE: 15.0553, train_RMSE: 24.7266, train_MAPE: 11.5448]
2026-01-29 10:40:58,502 - easytorch-training - INFO - Start validation.
2026-01-29 10:41:12,833 - easytorch-training - INFO - Result <val>: [val_time: 14.33 (s), val_MAE: 18.2096, val_RMSE: 29.0676, val_MAPE: 12.0665]
2026-01-29 10:41:27,418 - easytorch-training - INFO - Evaluate best model on test data for horizon 1, Test MAE: 16.6705, Test RMSE: 27.4506, Test MAPE: 11.2440
2026-01-29 10:41:27,425 - easytorch-training - INFO - Evaluate best model on test data for horizon 2, Test MAE: 17.2754, Test RMSE: 28.6443, Test MAPE: 11.6135
2026-01-29 10:41:27,433 - easytorch-training - INFO - Evaluate best model on test data for horizon 3, Test MAE: 17.7506, Test RMSE: 29.5269, Test MAPE: 11.8382
2026-01-29 10:41:27,440 - easytorch-training - INFO - Evaluate best model on test data for horizon 4, Test MAE: 18.1190, Test RMSE: 30.1775, Test MAPE: 12.0050
2026-01-29 10:41:27,444 - easytorch-training - INFO - Evaluate best model on test data for horizon 5, Test MAE: 18.4081, Test RMSE: 30.6860, Test MAPE: 12.2563
2026-01-29 10:41:27,446 - easytorch-training - INFO - Evaluate best model on test data for horizon 6, Test MAE: 18.6330, Test RMSE: 31.1073, Test MAPE: 12.3226
2026-01-29 10:41:27,453 - easytorch-training - INFO - Evaluate best model on test data for horizon 7, Test MAE: 18.8570, Test RMSE: 31.4698, Test MAPE: 12.4201
2026-01-29 10:41:27,461 - easytorch-training - INFO - Evaluate best model on test data for horizon 8, Test MAE: 19.0447, Test RMSE: 31.7769, Test MAPE: 12.5628
2026-01-29 10:41:27,468 - easytorch-training - INFO - Evaluate best model on test data for horizon 9, Test MAE: 19.1999, Test RMSE: 32.0383, Test MAPE: 12.6989
2026-01-29 10:41:27,476 - easytorch-training - INFO - Evaluate best model on test data for horizon 10, Test MAE: 19.3816, Test RMSE: 32.3555, Test MAPE: 12.8013
2026-01-29 10:41:27,483 - easytorch-training - INFO - Evaluate best model on test data for horizon 11, Test MAE: 19.5295, Test RMSE: 32.5958, Test MAPE: 12.9286
2026-01-29 10:41:27,491 - easytorch-training - INFO - Evaluate best model on test data for horizon 12, Test MAE: 19.6320, Test RMSE: 32.7052, Test MAPE: 13.0373
2026-01-29 10:41:27,503 - easytorch-training - INFO - Result <test>: [test_time: 14.67 (s), test_MAE: 18.5418, test_RMSE: 30.9185, test_MAPE: 12.3107]
2026-01-29 10:41:27,889 - easytorch-training - INFO - Checkpoint checkpoints/STMAFNet_300/976492592f92c661f4c4ea004499e56d/STMAFNet_272.pt saved
2026-01-29 10:41:27,890 - easytorch-training - INFO - The estimated training finish time is 2026-01-29 12:04:05
2026-01-29 10:41:27,890 - easytorch-training - INFO - Epoch 273 / 300
2026-01-29 10:43:30,546 - easytorch-training - INFO - Result <train>: [train_time: 122.66 (s), lr: 6.25e-05, train_MAE: 15.0337, train_RMSE: 24.6938, train_MAPE: 11.5527]
2026-01-29 10:43:30,547 - easytorch-training - INFO - Start validation.
2026-01-29 10:43:45,224 - easytorch-training - INFO - Result <val>: [val_time: 14.68 (s), val_MAE: 18.2708, val_RMSE: 29.1519, val_MAPE: 12.0774]
2026-01-29 10:43:58,940 - easytorch-training - INFO - Evaluate best model on test data for horizon 1, Test MAE: 16.6731, Test RMSE: 27.4749, Test MAPE: 11.1351
2026-01-29 10:43:58,947 - easytorch-training - INFO - Evaluate best model on test data for horizon 2, Test MAE: 17.3040, Test RMSE: 28.7057, Test MAPE: 11.5544
2026-01-29 10:43:58,954 - easytorch-training - INFO - Evaluate best model on test data for horizon 3, Test MAE: 17.7764, Test RMSE: 29.5909, Test MAPE: 11.8462
2026-01-29 10:43:58,962 - easytorch-training - INFO - Evaluate best model on test data for horizon 4, Test MAE: 18.1704, Test RMSE: 30.2608, Test MAPE: 12.0716
2026-01-29 10:43:58,969 - easytorch-training - INFO - Evaluate best model on test data for horizon 5, Test MAE: 18.4607, Test RMSE: 30.7899, Test MAPE: 12.2217
2026-01-29 10:43:58,977 - easytorch-training - INFO - Evaluate best model on test data for horizon 6, Test MAE: 18.6926, Test RMSE: 31.2264, Test MAPE: 12.3131
2026-01-29 10:43:58,984 - easytorch-training - INFO - Evaluate best model on test data for horizon 7, Test MAE: 18.9258, Test RMSE: 31.6003, Test MAPE: 12.5144
2026-01-29 10:43:58,992 - easytorch-training - INFO - Evaluate best model on test data for horizon 8, Test MAE: 19.1066, Test RMSE: 31.8985, Test MAPE: 12.5486
2026-01-29 10:43:58,999 - easytorch-training - INFO - Evaluate best model on test data for horizon 9, Test MAE: 19.2843, Test RMSE: 32.1741, Test MAPE: 12.7474
2026-01-29 10:43:59,007 - easytorch-training - INFO - Evaluate best model on test data for horizon 10, Test MAE: 19.4419, Test RMSE: 32.4608, Test MAPE: 12.7787
2026-01-29 10:43:59,009 - easytorch-training - INFO - Evaluate best model on test data for horizon 11, Test MAE: 19.5928, Test RMSE: 32.6852, Test MAPE: 13.0030
2026-01-29 10:43:59,011 - easytorch-training - INFO - Evaluate best model on test data for horizon 12, Test MAE: 19.6686, Test RMSE: 32.7568, Test MAPE: 12.9968
2026-01-29 10:43:59,019 - easytorch-training - INFO - Result <test>: [test_time: 13.79 (s), test_MAE: 18.5915, test_RMSE: 31.0103, test_MAPE: 12.3109]
2026-01-29 10:43:59,392 - easytorch-training - INFO - Checkpoint checkpoints/STMAFNet_300/976492592f92c661f4c4ea004499e56d/STMAFNet_273.pt saved
2026-01-29 10:43:59,393 - easytorch-training - INFO - The estimated training finish time is 2026-01-29 12:03:37
2026-01-29 10:43:59,393 - easytorch-training - INFO - Epoch 274 / 300
2026-01-29 10:46:02,475 - easytorch-training - INFO - Result <train>: [train_time: 123.08 (s), lr: 6.25e-05, train_MAE: 15.0465, train_RMSE: 24.7062, train_MAPE: 11.5363]
2026-01-29 10:46:02,477 - easytorch-training - INFO - Start validation.
2026-01-29 10:46:17,026 - easytorch-training - INFO - Result <val>: [val_time: 14.55 (s), val_MAE: 18.2932, val_RMSE: 29.2646, val_MAPE: 11.9626]
2026-01-29 10:46:31,018 - easytorch-training - INFO - Evaluate best model on test data for horizon 1, Test MAE: 16.7060, Test RMSE: 27.5726, Test MAPE: 11.1755
2026-01-29 10:46:31,025 - easytorch-training - INFO - Evaluate best model on test data for horizon 2, Test MAE: 17.3303, Test RMSE: 28.7982, Test MAPE: 11.5385
2026-01-29 10:46:31,033 - easytorch-training - INFO - Evaluate best model on test data for horizon 3, Test MAE: 17.8131, Test RMSE: 29.7107, Test MAPE: 11.8494
2026-01-29 10:46:31,040 - easytorch-training - INFO - Evaluate best model on test data for horizon 4, Test MAE: 18.1868, Test RMSE: 30.3731, Test MAPE: 12.0278
2026-01-29 10:46:31,048 - easytorch-training - INFO - Evaluate best model on test data for horizon 5, Test MAE: 18.4789, Test RMSE: 30.9294, Test MAPE: 12.1417
2026-01-29 10:46:31,055 - easytorch-training - INFO - Evaluate best model on test data for horizon 6, Test MAE: 18.7227, Test RMSE: 31.3724, Test MAPE: 12.1444
2026-01-29 10:46:31,062 - easytorch-training - INFO - Evaluate best model on test data for horizon 7, Test MAE: 18.9322, Test RMSE: 31.7296, Test MAPE: 12.3730
2026-01-29 10:46:31,063 - easytorch-training - INFO - Evaluate best model on test data for horizon 8, Test MAE: 19.1099, Test RMSE: 32.0383, Test MAPE: 12.4117
2026-01-29 10:46:31,069 - easytorch-training - INFO - Evaluate best model on test data for horizon 9, Test MAE: 19.2885, Test RMSE: 32.3285, Test MAPE: 12.5160
2026-01-29 10:46:31,077 - easytorch-training - INFO - Evaluate best model on test data for horizon 10, Test MAE: 19.4490, Test RMSE: 32.6090, Test MAPE: 12.6628
2026-01-29 10:46:31,084 - easytorch-training - INFO - Evaluate best model on test data for horizon 11, Test MAE: 19.5822, Test RMSE: 32.8263, Test MAPE: 12.7975
2026-01-29 10:46:31,092 - easytorch-training - INFO - Evaluate best model on test data for horizon 12, Test MAE: 19.6794, Test RMSE: 32.9042, Test MAPE: 12.8944
2026-01-29 10:46:31,105 - easytorch-training - INFO - Result <test>: [test_time: 14.08 (s), test_MAE: 18.6066, test_RMSE: 31.1417, test_MAPE: 12.2111]
2026-01-29 10:46:31,491 - easytorch-training - INFO - Checkpoint checkpoints/STMAFNet_300/976492592f92c661f4c4ea004499e56d/STMAFNet_274.pt saved
2026-01-29 10:46:31,491 - easytorch-training - INFO - The estimated training finish time is 2026-01-29 12:03:10
2026-01-29 10:46:31,492 - easytorch-training - INFO - Epoch 275 / 300
2026-01-29 10:48:33,790 - easytorch-training - INFO - Result <train>: [train_time: 122.30 (s), lr: 6.25e-05, train_MAE: 15.0367, train_RMSE: 24.6924, train_MAPE: 11.5393]
2026-01-29 10:48:33,792 - easytorch-training - INFO - Start validation.
2026-01-29 10:48:48,695 - easytorch-training - INFO - Result <val>: [val_time: 14.90 (s), val_MAE: 18.2793, val_RMSE: 29.2291, val_MAPE: 11.8217]
2026-01-29 10:49:02,944 - easytorch-training - INFO - Evaluate best model on test data for horizon 1, Test MAE: 16.6766, Test RMSE: 27.5301, Test MAPE: 10.9944
2026-01-29 10:49:02,951 - easytorch-training - INFO - Evaluate best model on test data for horizon 2, Test MAE: 17.2952, Test RMSE: 28.7297, Test MAPE: 11.4276
2026-01-29 10:49:02,953 - easytorch-training - INFO - Evaluate best model on test data for horizon 3, Test MAE: 17.7794, Test RMSE: 29.6217, Test MAPE: 11.6336
2026-01-29 10:49:02,955 - easytorch-training - INFO - Evaluate best model on test data for horizon 4, Test MAE: 18.1402, Test RMSE: 30.2895, Test MAPE: 11.8360
2026-01-29 10:49:02,956 - easytorch-training - INFO - Evaluate best model on test data for horizon 5, Test MAE: 18.4331, Test RMSE: 30.8239, Test MAPE: 11.9726
2026-01-29 10:49:02,964 - easytorch-training - INFO - Evaluate best model on test data for horizon 6, Test MAE: 18.6722, Test RMSE: 31.2510, Test MAPE: 12.0892
2026-01-29 10:49:02,971 - easytorch-training - INFO - Evaluate best model on test data for horizon 7, Test MAE: 18.8981, Test RMSE: 31.6197, Test MAPE: 12.1902
2026-01-29 10:49:02,979 - easytorch-training - INFO - Evaluate best model on test data for horizon 8, Test MAE: 19.0726, Test RMSE: 31.9016, Test MAPE: 12.2621
2026-01-29 10:49:02,986 - easytorch-training - INFO - Evaluate best model on test data for horizon 9, Test MAE: 19.2536, Test RMSE: 32.2022, Test MAPE: 12.3785
2026-01-29 10:49:02,994 - easytorch-training - INFO - Evaluate best model on test data for horizon 10, Test MAE: 19.4174, Test RMSE: 32.4836, Test MAPE: 12.5059
2026-01-29 10:49:03,001 - easytorch-training - INFO - Evaluate best model on test data for horizon 11, Test MAE: 19.5433, Test RMSE: 32.6957, Test MAPE: 12.6496
2026-01-29 10:49:03,009 - easytorch-training - INFO - Evaluate best model on test data for horizon 12, Test MAE: 19.6409, Test RMSE: 32.7964, Test MAPE: 12.7831
2026-01-29 10:49:03,021 - easytorch-training - INFO - Result <test>: [test_time: 14.32 (s), test_MAE: 18.5686, test_RMSE: 31.0366, test_MAPE: 12.0602]
2026-01-29 10:49:03,387 - easytorch-training - INFO - Checkpoint checkpoints/STMAFNet_300/976492592f92c661f4c4ea004499e56d/STMAFNet_275.pt saved
2026-01-29 10:49:03,388 - easytorch-training - INFO - The estimated training finish time is 2026-01-29 12:02:43
2026-01-29 10:49:03,388 - easytorch-training - INFO - Epoch 276 / 300
2026-01-29 10:51:05,040 - easytorch-training - INFO - Result <train>: [train_time: 121.65 (s), lr: 6.25e-05, train_MAE: 15.0500, train_RMSE: 24.7080, train_MAPE: 11.5166]
2026-01-29 10:51:05,041 - easytorch-training - INFO - Start validation.
2026-01-29 10:51:19,920 - easytorch-training - INFO - Result <val>: [val_time: 14.88 (s), val_MAE: 18.2706, val_RMSE: 29.1834, val_MAPE: 11.9101]
2026-01-29 10:51:34,523 - easytorch-training - INFO - Evaluate best model on test data for horizon 1, Test MAE: 16.6939, Test RMSE: 27.5408, Test MAPE: 11.0596
2026-01-29 10:51:34,530 - easytorch-training - INFO - Evaluate best model on test data for horizon 2, Test MAE: 17.3273, Test RMSE: 28.7714, Test MAPE: 11.4480
2026-01-29 10:51:34,531 - easytorch-training - INFO - Evaluate best model on test data for horizon 3, Test MAE: 17.8197, Test RMSE: 29.6726, Test MAPE: 11.7023
2026-01-29 10:51:34,533 - easytorch-training - INFO - Evaluate best model on test data for horizon 4, Test MAE: 18.1520, Test RMSE: 30.2873, Test MAPE: 11.9805
2026-01-29 10:51:34,534 - easytorch-training - INFO - Evaluate best model on test data for horizon 5, Test MAE: 18.4597, Test RMSE: 30.8501, Test MAPE: 12.0799
2026-01-29 10:51:34,535 - easytorch-training - INFO - Evaluate best model on test data for horizon 6, Test MAE: 18.6938, Test RMSE: 31.2814, Test MAPE: 12.2470
2026-01-29 10:51:34,536 - easytorch-training - INFO - Evaluate best model on test data for horizon 7, Test MAE: 18.9105, Test RMSE: 31.6569, Test MAPE: 12.2933
2026-01-29 10:51:34,538 - easytorch-training - INFO - Evaluate best model on test data for horizon 8, Test MAE: 19.1061, Test RMSE: 31.9528, Test MAPE: 12.4095
2026-01-29 10:51:34,543 - easytorch-training - INFO - Evaluate best model on test data for horizon 9, Test MAE: 19.2945, Test RMSE: 32.2548, Test MAPE: 12.5108
2026-01-29 10:51:34,551 - easytorch-training - INFO - Evaluate best model on test data for horizon 10, Test MAE: 19.4585, Test RMSE: 32.5525, Test MAPE: 12.6642
2026-01-29 10:51:34,558 - easytorch-training - INFO - Evaluate best model on test data for horizon 11, Test MAE: 19.5982, Test RMSE: 32.8012, Test MAPE: 12.7517
2026-01-29 10:51:34,566 - easytorch-training - INFO - Evaluate best model on test data for horizon 12, Test MAE: 19.6870, Test RMSE: 32.8880, Test MAPE: 12.8640
2026-01-29 10:51:34,578 - easytorch-training - INFO - Result <test>: [test_time: 14.66 (s), test_MAE: 18.6001, test_RMSE: 31.0847, test_MAPE: 12.1676]
2026-01-29 10:51:34,985 - easytorch-training - INFO - Checkpoint checkpoints/STMAFNet_300/976492592f92c661f4c4ea004499e56d/STMAFNet_276.pt saved
2026-01-29 10:51:34,986 - easytorch-training - INFO - The estimated training finish time is 2026-01-29 12:02:15
2026-01-29 10:51:34,986 - easytorch-training - INFO - Epoch 277 / 300
2026-01-29 10:53:36,289 - easytorch-training - INFO - Result <train>: [train_time: 121.30 (s), lr: 6.25e-05, train_MAE: 15.0274, train_RMSE: 24.6766, train_MAPE: 11.5371]
2026-01-29 10:53:36,290 - easytorch-training - INFO - Start validation.
2026-01-29 10:53:51,182 - easytorch-training - INFO - Result <val>: [val_time: 14.89 (s), val_MAE: 18.3093, val_RMSE: 29.1607, val_MAPE: 11.9441]
2026-01-29 10:54:05,781 - easytorch-training - INFO - Evaluate best model on test data for horizon 1, Test MAE: 16.7242, Test RMSE: 27.5475, Test MAPE: 11.0662
2026-01-29 10:54:05,789 - easytorch-training - INFO - Evaluate best model on test data for horizon 2, Test MAE: 17.3747, Test RMSE: 28.7522, Test MAPE: 11.5326
2026-01-29 10:54:05,796 - easytorch-training - INFO - Evaluate best model on test data for horizon 3, Test MAE: 17.8125, Test RMSE: 29.6122, Test MAPE: 11.6555
2026-01-29 10:54:05,803 - easytorch-training - INFO - Evaluate best model on test data for horizon 4, Test MAE: 18.1824, Test RMSE: 30.2541, Test MAPE: 11.8892
2026-01-29 10:54:05,805 - easytorch-training - INFO - Evaluate best model on test data for horizon 5, Test MAE: 18.4742, Test RMSE: 30.8021, Test MAPE: 12.0114
2026-01-29 10:54:05,806 - easytorch-training - INFO - Evaluate best model on test data for horizon 6, Test MAE: 18.7177, Test RMSE: 31.2493, Test MAPE: 12.1296
2026-01-29 10:54:05,807 - easytorch-training - INFO - Evaluate best model on test data for horizon 7, Test MAE: 18.9687, Test RMSE: 31.6413, Test MAPE: 12.2652
2026-01-29 10:54:05,808 - easytorch-training - INFO - Evaluate best model on test data for horizon 8, Test MAE: 19.1206, Test RMSE: 31.9130, Test MAPE: 12.3636
2026-01-29 10:54:05,809 - easytorch-training - INFO - Evaluate best model on test data for horizon 9, Test MAE: 19.2812, Test RMSE: 32.1719, Test MAPE: 12.5080
2026-01-29 10:54:05,811 - easytorch-training - INFO - Evaluate best model on test data for horizon 10, Test MAE: 19.4752, Test RMSE: 32.4682, Test MAPE: 12.6458
2026-01-29 10:54:05,816 - easytorch-training - INFO - Evaluate best model on test data for horizon 11, Test MAE: 19.6055, Test RMSE: 32.6930, Test MAPE: 12.7945
2026-01-29 10:54:05,824 - easytorch-training - INFO - Evaluate best model on test data for horizon 12, Test MAE: 19.6861, Test RMSE: 32.7470, Test MAPE: 12.9904
2026-01-29 10:54:05,837 - easytorch-training - INFO - Result <test>: [test_time: 14.65 (s), test_MAE: 18.6186, test_RMSE: 31.0283, test_MAPE: 12.1544]
2026-01-29 10:54:06,319 - easytorch-training - INFO - Checkpoint checkpoints/STMAFNet_300/976492592f92c661f4c4ea004499e56d/STMAFNet_277.pt saved
2026-01-29 10:54:06,320 - easytorch-training - INFO - The estimated training finish time is 2026-01-29 12:01:48
2026-01-29 10:54:06,320 - easytorch-training - INFO - Epoch 278 / 300
2026-01-29 10:56:07,580 - easytorch-training - INFO - Result <train>: [train_time: 121.26 (s), lr: 6.25e-05, train_MAE: 15.0147, train_RMSE: 24.6447, train_MAPE: 11.5344]
2026-01-29 10:56:07,581 - easytorch-training - INFO - Start validation.
2026-01-29 10:56:22,464 - easytorch-training - INFO - Result <val>: [val_time: 14.88 (s), val_MAE: 18.2429, val_RMSE: 29.1681, val_MAPE: 12.1034]
2026-01-29 10:56:37,062 - easytorch-training - INFO - Evaluate best model on test data for horizon 1, Test MAE: 16.6917, Test RMSE: 27.5241, Test MAPE: 11.2702
2026-01-29 10:56:37,069 - easytorch-training - INFO - Evaluate best model on test data for horizon 2, Test MAE: 17.3181, Test RMSE: 28.7594, Test MAPE: 11.7128
2026-01-29 10:56:37,077 - easytorch-training - INFO - Evaluate best model on test data for horizon 3, Test MAE: 17.7878, Test RMSE: 29.6246, Test MAPE: 11.9992
2026-01-29 10:56:37,084 - easytorch-training - INFO - Evaluate best model on test data for horizon 4, Test MAE: 18.1446, Test RMSE: 30.2844, Test MAPE: 12.0753
2026-01-29 10:56:37,092 - easytorch-training - INFO - Evaluate best model on test data for horizon 5, Test MAE: 18.4320, Test RMSE: 30.8105, Test MAPE: 12.2460
2026-01-29 10:56:37,099 - easytorch-training - INFO - Evaluate best model on test data for horizon 6, Test MAE: 18.6651, Test RMSE: 31.2426, Test MAPE: 12.2980
2026-01-29 10:56:37,106 - easytorch-training - INFO - Evaluate best model on test data for horizon 7, Test MAE: 18.8979, Test RMSE: 31.6410, Test MAPE: 12.4534
2026-01-29 10:56:37,114 - easytorch-training - INFO - Evaluate best model on test data for horizon 8, Test MAE: 19.0860, Test RMSE: 31.9373, Test MAPE: 12.5948
2026-01-29 10:56:37,121 - easytorch-training - INFO - Evaluate best model on test data for horizon 9, Test MAE: 19.2610, Test RMSE: 32.2168, Test MAPE: 12.7720
2026-01-29 10:56:37,129 - easytorch-training - INFO - Evaluate best model on test data for horizon 10, Test MAE: 19.4315, Test RMSE: 32.5341, Test MAPE: 12.7217
2026-01-29 10:56:37,136 - easytorch-training - INFO - Evaluate best model on test data for horizon 11, Test MAE: 19.5760, Test RMSE: 32.7390, Test MAPE: 13.1132
2026-01-29 10:56:37,144 - easytorch-training - INFO - Evaluate best model on test data for horizon 12, Test MAE: 19.6472, Test RMSE: 32.8241, Test MAPE: 13.0833
2026-01-29 10:56:37,157 - easytorch-training - INFO - Result <test>: [test_time: 14.69 (s), test_MAE: 18.5783, test_RMSE: 31.0532, test_MAPE: 12.3617]
2026-01-29 10:56:37,523 - easytorch-training - INFO - Checkpoint checkpoints/STMAFNet_300/976492592f92c661f4c4ea004499e56d/STMAFNet_278.pt saved
2026-01-29 10:56:37,524 - easytorch-training - INFO - The estimated training finish time is 2026-01-29 12:01:21
2026-01-29 10:56:37,524 - easytorch-training - INFO - Epoch 279 / 300
2026-01-29 10:58:38,734 - easytorch-training - INFO - Result <train>: [train_time: 121.21 (s), lr: 6.25e-05, train_MAE: 15.0180, train_RMSE: 24.6526, train_MAPE: 11.5257]
2026-01-29 10:58:38,736 - easytorch-training - INFO - Start validation.
2026-01-29 10:58:53,621 - easytorch-training - INFO - Result <val>: [val_time: 14.88 (s), val_MAE: 18.2901, val_RMSE: 29.2653, val_MAPE: 12.0473]
2026-01-29 10:59:08,219 - easytorch-training - INFO - Evaluate best model on test data for horizon 1, Test MAE: 16.6891, Test RMSE: 27.5733, Test MAPE: 11.1188
2026-01-29 10:59:08,226 - easytorch-training - INFO - Evaluate best model on test data for horizon 2, Test MAE: 17.3077, Test RMSE: 28.7828, Test MAPE: 11.5313
2026-01-29 10:59:08,233 - easytorch-training - INFO - Evaluate best model on test data for horizon 3, Test MAE: 17.7893, Test RMSE: 29.6571, Test MAPE: 11.7746
2026-01-29 10:59:08,241 - easytorch-training - INFO - Evaluate best model on test data for horizon 4, Test MAE: 18.1576, Test RMSE: 30.3193, Test MAPE: 12.0439
2026-01-29 10:59:08,248 - easytorch-training - INFO - Evaluate best model on test data for horizon 5, Test MAE: 18.4544, Test RMSE: 30.8824, Test MAPE: 12.1595
2026-01-29 10:59:08,256 - easytorch-training - INFO - Evaluate best model on test data for horizon 6, Test MAE: 18.7144, Test RMSE: 31.3590, Test MAPE: 12.3267
2026-01-29 10:59:08,263 - easytorch-training - INFO - Evaluate best model on test data for horizon 7, Test MAE: 18.9459, Test RMSE: 31.7541, Test MAPE: 12.5192
2026-01-29 10:59:08,271 - easytorch-training - INFO - Evaluate best model on test data for horizon 8, Test MAE: 19.1351, Test RMSE: 32.0567, Test MAPE: 12.5400
2026-01-29 10:59:08,278 - easytorch-training - INFO - Evaluate best model on test data for horizon 9, Test MAE: 19.3275, Test RMSE: 32.3718, Test MAPE: 12.8018
2026-01-29 10:59:08,286 - easytorch-training - INFO - Evaluate best model on test data for horizon 10, Test MAE: 19.4900, Test RMSE: 32.6643, Test MAPE: 12.8773
2026-01-29 10:59:08,288 - easytorch-training - INFO - Evaluate best model on test data for horizon 11, Test MAE: 19.6489, Test RMSE: 32.9268, Test MAPE: 13.0111
2026-01-29 10:59:08,290 - easytorch-training - INFO - Evaluate best model on test data for horizon 12, Test MAE: 19.7512, Test RMSE: 33.0477, Test MAPE: 13.1572
2026-01-29 10:59:08,296 - easytorch-training - INFO - Result <test>: [test_time: 14.67 (s), test_MAE: 18.6176, test_RMSE: 31.1607, test_MAPE: 12.3218]
2026-01-29 10:59:08,666 - easytorch-training - INFO - Checkpoint checkpoints/STMAFNet_300/976492592f92c661f4c4ea004499e56d/STMAFNet_279.pt saved
2026-01-29 10:59:08,667 - easytorch-training - INFO - The estimated training finish time is 2026-01-29 12:00:53
2026-01-29 10:59:08,667 - easytorch-training - INFO - Epoch 280 / 300
2026-01-29 11:01:09,846 - easytorch-training - INFO - Result <train>: [train_time: 121.18 (s), lr: 6.25e-05, train_MAE: 15.0243, train_RMSE: 24.6592, train_MAPE: 11.5070]
2026-01-29 11:01:09,848 - easytorch-training - INFO - Start validation.
2026-01-29 11:01:24,752 - easytorch-training - INFO - Result <val>: [val_time: 14.90 (s), val_MAE: 18.2944, val_RMSE: 29.2265, val_MAPE: 11.8973]
2026-01-29 11:01:39,325 - easytorch-training - INFO - Evaluate best model on test data for horizon 1, Test MAE: 16.7238, Test RMSE: 27.5726, Test MAPE: 11.0559
2026-01-29 11:01:39,332 - easytorch-training - INFO - Evaluate best model on test data for horizon 2, Test MAE: 17.3438, Test RMSE: 28.8151, Test MAPE: 11.4459
2026-01-29 11:01:39,339 - easytorch-training - INFO - Evaluate best model on test data for horizon 3, Test MAE: 17.8462, Test RMSE: 29.7253, Test MAPE: 11.6728
2026-01-29 11:01:39,347 - easytorch-training - INFO - Evaluate best model on test data for horizon 4, Test MAE: 18.2361, Test RMSE: 30.4085, Test MAPE: 11.9081
2026-01-29 11:01:39,354 - easytorch-training - INFO - Evaluate best model on test data for horizon 5, Test MAE: 18.5445, Test RMSE: 30.9868, Test MAPE: 12.0503
2026-01-29 11:01:39,362 - easytorch-training - INFO - Evaluate best model on test data for horizon 6, Test MAE: 18.7534, Test RMSE: 31.4067, Test MAPE: 12.1538
2026-01-29 11:01:39,369 - easytorch-training - INFO - Evaluate best model on test data for horizon 7, Test MAE: 18.9687, Test RMSE: 31.7629, Test MAPE: 12.3434
2026-01-29 11:01:39,377 - easytorch-training - INFO - Evaluate best model on test data for horizon 8, Test MAE: 19.1551, Test RMSE: 32.0821, Test MAPE: 12.3931
2026-01-29 11:01:39,384 - easytorch-training - INFO - Evaluate best model on test data for horizon 9, Test MAE: 19.3490, Test RMSE: 32.3919, Test MAPE: 12.5733
2026-01-29 11:01:39,392 - easytorch-training - INFO - Evaluate best model on test data for horizon 10, Test MAE: 19.5295, Test RMSE: 32.6975, Test MAPE: 12.6918
2026-01-29 11:01:39,399 - easytorch-training - INFO - Evaluate best model on test data for horizon 11, Test MAE: 19.6651, Test RMSE: 32.9166, Test MAPE: 12.7966
2026-01-29 11:01:39,406 - easytorch-training - INFO - Evaluate best model on test data for horizon 12, Test MAE: 19.7431, Test RMSE: 33.0019, Test MAPE: 13.0076
2026-01-29 11:01:39,419 - easytorch-training - INFO - Result <test>: [test_time: 14.67 (s), test_MAE: 18.6549, test_RMSE: 31.1910, test_MAPE: 12.1744]
2026-01-29 11:01:39,787 - easytorch-training - INFO - Checkpoint checkpoints/STMAFNet_300/976492592f92c661f4c4ea004499e56d/STMAFNet_280.pt saved
2026-01-29 11:01:39,817 - easytorch-training - INFO - The estimated training finish time is 2026-01-29 12:00:26
2026-01-29 11:01:39,817 - easytorch-training - INFO - Epoch 281 / 300
2026-01-29 11:03:41,198 - easytorch-training - INFO - Result <train>: [train_time: 121.38 (s), lr: 6.25e-05, train_MAE: 15.0098, train_RMSE: 24.6362, train_MAPE: 11.5268]
2026-01-29 11:03:41,199 - easytorch-training - INFO - Start validation.
2026-01-29 11:03:56,088 - easytorch-training - INFO - Result <val>: [val_time: 14.89 (s), val_MAE: 18.3103, val_RMSE: 29.2167, val_MAPE: 12.1071]
2026-01-29 11:04:10,694 - easytorch-training - INFO - Evaluate best model on test data for horizon 1, Test MAE: 16.7267, Test RMSE: 27.5504, Test MAPE: 11.2591
2026-01-29 11:04:10,702 - easytorch-training - INFO - Evaluate best model on test data for horizon 2, Test MAE: 17.3680, Test RMSE: 28.7897, Test MAPE: 11.6398
2026-01-29 11:04:10,709 - easytorch-training - INFO - Evaluate best model on test data for horizon 3, Test MAE: 17.8345, Test RMSE: 29.6764, Test MAPE: 11.9501
2026-01-29 11:04:10,716 - easytorch-training - INFO - Evaluate best model on test data for horizon 4, Test MAE: 18.2158, Test RMSE: 30.3531, Test MAPE: 12.1999
2026-01-29 11:04:10,724 - easytorch-training - INFO - Evaluate best model on test data for horizon 5, Test MAE: 18.5190, Test RMSE: 30.9157, Test MAPE: 12.1914
2026-01-29 11:04:10,731 - easytorch-training - INFO - Evaluate best model on test data for horizon 6, Test MAE: 18.7293, Test RMSE: 31.3371, Test MAPE: 12.2539
2026-01-29 11:04:10,739 - easytorch-training - INFO - Evaluate best model on test data for horizon 7, Test MAE: 18.9574, Test RMSE: 31.6825, Test MAPE: 12.5844
2026-01-29 11:04:10,746 - easytorch-training - INFO - Evaluate best model on test data for horizon 8, Test MAE: 19.1395, Test RMSE: 32.0058, Test MAPE: 12.5814
2026-01-29 11:04:10,754 - easytorch-training - INFO - Evaluate best model on test data for horizon 9, Test MAE: 19.3139, Test RMSE: 32.3007, Test MAPE: 12.6672
2026-01-29 11:04:10,761 - easytorch-training - INFO - Evaluate best model on test data for horizon 10, Test MAE: 19.4899, Test RMSE: 32.6223, Test MAPE: 12.7715
2026-01-29 11:04:10,762 - easytorch-training - INFO - Evaluate best model on test data for horizon 11, Test MAE: 19.6332, Test RMSE: 32.8412, Test MAPE: 12.9919
2026-01-29 11:04:10,764 - easytorch-training - INFO - Evaluate best model on test data for horizon 12, Test MAE: 19.7404, Test RMSE: 32.9298, Test MAPE: 13.1788
2026-01-29 11:04:10,770 - easytorch-training - INFO - Result <test>: [test_time: 14.68 (s), test_MAE: 18.6390, test_RMSE: 31.1265, test_MAPE: 12.3558]
2026-01-29 11:04:11,142 - easytorch-training - INFO - Checkpoint checkpoints/STMAFNet_300/976492592f92c661f4c4ea004499e56d/STMAFNet_281.pt saved
2026-01-29 11:04:11,143 - easytorch-training - INFO - The estimated training finish time is 2026-01-29 11:59:59
2026-01-29 11:04:11,143 - easytorch-training - INFO - Epoch 282 / 300
2026-01-29 11:06:13,315 - easytorch-training - INFO - Result <train>: [train_time: 122.17 (s), lr: 6.25e-05, train_MAE: 15.0040, train_RMSE: 24.6299, train_MAPE: 11.5240]
2026-01-29 11:06:13,316 - easytorch-training - INFO - Start validation.
2026-01-29 11:06:27,625 - easytorch-training - INFO - Result <val>: [val_time: 14.31 (s), val_MAE: 18.2657, val_RMSE: 29.1470, val_MAPE: 12.1562]
2026-01-29 11:06:42,242 - easytorch-training - INFO - Evaluate best model on test data for horizon 1, Test MAE: 16.7072, Test RMSE: 27.5545, Test MAPE: 11.3731
2026-01-29 11:06:42,244 - easytorch-training - INFO - Evaluate best model on test data for horizon 2, Test MAE: 17.3323, Test RMSE: 28.7703, Test MAPE: 11.6590
2026-01-29 11:06:42,245 - easytorch-training - INFO - Evaluate best model on test data for horizon 3, Test MAE: 17.7968, Test RMSE: 29.6186, Test MAPE: 11.9755
2026-01-29 11:06:42,246 - easytorch-training - INFO - Evaluate best model on test data for horizon 4, Test MAE: 18.1580, Test RMSE: 30.2668, Test MAPE: 12.0741
2026-01-29 11:06:42,247 - easytorch-training - INFO - Evaluate best model on test data for horizon 5, Test MAE: 18.4734, Test RMSE: 30.8113, Test MAPE: 12.2732
2026-01-29 11:06:42,248 - easytorch-training - INFO - Evaluate best model on test data for horizon 6, Test MAE: 18.7015, Test RMSE: 31.2444, Test MAPE: 12.3166
2026-01-29 11:06:42,250 - easytorch-training - INFO - Evaluate best model on test data for horizon 7, Test MAE: 18.9176, Test RMSE: 31.5882, Test MAPE: 12.5727
2026-01-29 11:06:42,257 - easytorch-training - INFO - Evaluate best model on test data for horizon 8, Test MAE: 19.0970, Test RMSE: 31.8943, Test MAPE: 12.5485
2026-01-29 11:06:42,265 - easytorch-training - INFO - Evaluate best model on test data for horizon 9, Test MAE: 19.2816, Test RMSE: 32.1852, Test MAPE: 12.8307
2026-01-29 11:06:42,272 - easytorch-training - INFO - Evaluate best model on test data for horizon 10, Test MAE: 19.4482, Test RMSE: 32.4696, Test MAPE: 12.8460
2026-01-29 11:06:42,280 - easytorch-training - INFO - Evaluate best model on test data for horizon 11, Test MAE: 19.6196, Test RMSE: 32.7459, Test MAPE: 13.0520
2026-01-29 11:06:42,287 - easytorch-training - INFO - Evaluate best model on test data for horizon 12, Test MAE: 19.7259, Test RMSE: 32.8644, Test MAPE: 13.2465
2026-01-29 11:06:42,300 - easytorch-training - INFO - Result <test>: [test_time: 14.67 (s), test_MAE: 18.6049, test_RMSE: 31.0423, test_MAPE: 12.3973]
2026-01-29 11:06:42,673 - easytorch-training - INFO - Checkpoint checkpoints/STMAFNet_300/976492592f92c661f4c4ea004499e56d/STMAFNet_282.pt saved
2026-01-29 11:06:42,674 - easytorch-training - INFO - The estimated training finish time is 2026-01-29 11:59:33
2026-01-29 11:06:42,674 - easytorch-training - INFO - Epoch 283 / 300
2026-01-29 11:08:45,480 - easytorch-training - INFO - Result <train>: [train_time: 122.81 (s), lr: 6.25e-05, train_MAE: 15.0211, train_RMSE: 24.6488, train_MAPE: 11.5113]
2026-01-29 11:08:45,481 - easytorch-training - INFO - Start validation.
2026-01-29 11:08:59,944 - easytorch-training - INFO - Result <val>: [val_time: 14.46 (s), val_MAE: 18.3051, val_RMSE: 29.2099, val_MAPE: 12.1866]
2026-01-29 11:09:13,635 - easytorch-training - INFO - Evaluate best model on test data for horizon 1, Test MAE: 16.7198, Test RMSE: 27.5311, Test MAPE: 11.3525
2026-01-29 11:09:13,642 - easytorch-training - INFO - Evaluate best model on test data for horizon 2, Test MAE: 17.3529, Test RMSE: 28.7707, Test MAPE: 11.8579
2026-01-29 11:09:13,650 - easytorch-training - INFO - Evaluate best model on test data for horizon 3, Test MAE: 17.8318, Test RMSE: 29.6571, Test MAPE: 12.1652
2026-01-29 11:09:13,657 - easytorch-training - INFO - Evaluate best model on test data for horizon 4, Test MAE: 18.2171, Test RMSE: 30.3484, Test MAPE: 12.3039
2026-01-29 11:09:13,665 - easytorch-training - INFO - Evaluate best model on test data for horizon 5, Test MAE: 18.5058, Test RMSE: 30.8976, Test MAPE: 12.4196
2026-01-29 11:09:13,666 - easytorch-training - INFO - Evaluate best model on test data for horizon 6, Test MAE: 18.7375, Test RMSE: 31.3253, Test MAPE: 12.4258
2026-01-29 11:09:13,668 - easytorch-training - INFO - Evaluate best model on test data for horizon 7, Test MAE: 18.9634, Test RMSE: 31.6888, Test MAPE: 12.5262
2026-01-29 11:09:13,675 - easytorch-training - INFO - Evaluate best model on test data for horizon 8, Test MAE: 19.1705, Test RMSE: 32.0206, Test MAPE: 12.5866
2026-01-29 11:09:13,683 - easytorch-training - INFO - Evaluate best model on test data for horizon 9, Test MAE: 19.3234, Test RMSE: 32.3067, Test MAPE: 12.7114
2026-01-29 11:09:13,690 - easytorch-training - INFO - Evaluate best model on test data for horizon 10, Test MAE: 19.5038, Test RMSE: 32.6123, Test MAPE: 12.8372
2026-01-29 11:09:13,698 - easytorch-training - INFO - Evaluate best model on test data for horizon 11, Test MAE: 19.6502, Test RMSE: 32.8687, Test MAPE: 12.9002
2026-01-29 11:09:13,705 - easytorch-training - INFO - Evaluate best model on test data for horizon 12, Test MAE: 19.7423, Test RMSE: 32.9468, Test MAPE: 13.0659
2026-01-29 11:09:13,718 - easytorch-training - INFO - Result <test>: [test_time: 13.77 (s), test_MAE: 18.6432, test_RMSE: 31.1246, test_MAPE: 12.4294]
2026-01-29 11:09:14,089 - easytorch-training - INFO - Checkpoint checkpoints/STMAFNet_300/976492592f92c661f4c4ea004499e56d/STMAFNet_283.pt saved
2026-01-29 11:09:14,090 - easytorch-training - INFO - The estimated training finish time is 2026-01-29 11:59:07
2026-01-29 11:09:14,090 - easytorch-training - INFO - Epoch 284 / 300
2026-01-29 11:11:17,253 - easytorch-training - INFO - Result <train>: [train_time: 123.16 (s), lr: 6.25e-05, train_MAE: 14.9915, train_RMSE: 24.6096, train_MAPE: 11.5179]
2026-01-29 11:11:17,255 - easytorch-training - INFO - Start validation.
2026-01-29 11:11:31,898 - easytorch-training - INFO - Result <val>: [val_time: 14.64 (s), val_MAE: 18.2981, val_RMSE: 29.2387, val_MAPE: 12.1203]
2026-01-29 11:11:45,762 - easytorch-training - INFO - Evaluate best model on test data for horizon 1, Test MAE: 16.7215, Test RMSE: 27.5707, Test MAPE: 11.3041
2026-01-29 11:11:45,769 - easytorch-training - INFO - Evaluate best model on test data for horizon 2, Test MAE: 17.3462, Test RMSE: 28.8194, Test MAPE: 11.5872
2026-01-29 11:11:45,774 - easytorch-training - INFO - Evaluate best model on test data for horizon 3, Test MAE: 17.8261, Test RMSE: 29.6838, Test MAPE: 11.9544
2026-01-29 11:11:45,776 - easytorch-training - INFO - Evaluate best model on test data for horizon 4, Test MAE: 18.1862, Test RMSE: 30.3415, Test MAPE: 12.1333
2026-01-29 11:11:45,781 - easytorch-training - INFO - Evaluate best model on test data for horizon 5, Test MAE: 18.4974, Test RMSE: 30.9233, Test MAPE: 12.1968
2026-01-29 11:11:45,789 - easytorch-training - INFO - Evaluate best model on test data for horizon 6, Test MAE: 18.7355, Test RMSE: 31.3487, Test MAPE: 12.3297
2026-01-29 11:11:45,796 - easytorch-training - INFO - Evaluate best model on test data for horizon 7, Test MAE: 18.9527, Test RMSE: 31.7102, Test MAPE: 12.5018
2026-01-29 11:11:45,804 - easytorch-training - INFO - Evaluate best model on test data for horizon 8, Test MAE: 19.1563, Test RMSE: 32.0324, Test MAPE: 12.6661
2026-01-29 11:11:45,811 - easytorch-training - INFO - Evaluate best model on test data for horizon 9, Test MAE: 19.3318, Test RMSE: 32.3291, Test MAPE: 12.7774
2026-01-29 11:11:45,819 - easytorch-training - INFO - Evaluate best model on test data for horizon 10, Test MAE: 19.5178, Test RMSE: 32.6323, Test MAPE: 12.9730
2026-01-29 11:11:45,826 - easytorch-training - INFO - Evaluate best model on test data for horizon 11, Test MAE: 19.6712, Test RMSE: 32.8820, Test MAPE: 13.1159
2026-01-29 11:11:45,834 - easytorch-training - INFO - Evaluate best model on test data for horizon 12, Test MAE: 19.7647, Test RMSE: 32.9588, Test MAPE: 13.2591
2026-01-29 11:11:45,846 - easytorch-training - INFO - Result <test>: [test_time: 13.95 (s), test_MAE: 18.6423, test_RMSE: 31.1456, test_MAPE: 12.3999]
2026-01-29 11:11:46,217 - easytorch-training - INFO - Checkpoint checkpoints/STMAFNet_300/976492592f92c661f4c4ea004499e56d/STMAFNet_284.pt saved
2026-01-29 11:11:46,218 - easytorch-training - INFO - The estimated training finish time is 2026-01-29 11:58:42
2026-01-29 11:11:46,218 - easytorch-training - INFO - Epoch 285 / 300
2026-01-29 11:13:48,460 - easytorch-training - INFO - Result <train>: [train_time: 122.24 (s), lr: 6.25e-05, train_MAE: 15.0002, train_RMSE: 24.6150, train_MAPE: 11.5010]
2026-01-29 11:13:48,461 - easytorch-training - INFO - Start validation.
2026-01-29 11:14:03,352 - easytorch-training - INFO - Result <val>: [val_time: 14.89 (s), val_MAE: 18.2991, val_RMSE: 29.2300, val_MAPE: 12.0213]
2026-01-29 11:14:17,764 - easytorch-training - INFO - Evaluate best model on test data for horizon 1, Test MAE: 16.7102, Test RMSE: 27.5541, Test MAPE: 11.2811
2026-01-29 11:14:17,772 - easytorch-training - INFO - Evaluate best model on test data for horizon 2, Test MAE: 17.3502, Test RMSE: 28.8009, Test MAPE: 11.6456
2026-01-29 11:14:17,779 - easytorch-training - INFO - Evaluate best model on test data for horizon 3, Test MAE: 17.8068, Test RMSE: 29.6721, Test MAPE: 11.8304
2026-01-29 11:14:17,787 - easytorch-training - INFO - Evaluate best model on test data for horizon 4, Test MAE: 18.1893, Test RMSE: 30.3479, Test MAPE: 12.1338
2026-01-29 11:14:17,794 - easytorch-training - INFO - Evaluate best model on test data for horizon 5, Test MAE: 18.4817, Test RMSE: 30.8907, Test MAPE: 12.1340
2026-01-29 11:14:17,801 - easytorch-training - INFO - Evaluate best model on test data for horizon 6, Test MAE: 18.7114, Test RMSE: 31.3216, Test MAPE: 12.2389
2026-01-29 11:14:17,809 - easytorch-training - INFO - Evaluate best model on test data for horizon 7, Test MAE: 18.9313, Test RMSE: 31.6629, Test MAPE: 12.3796
2026-01-29 11:14:17,816 - easytorch-training - INFO - Evaluate best model on test data for horizon 8, Test MAE: 19.1135, Test RMSE: 31.9513, Test MAPE: 12.4633
2026-01-29 11:14:17,824 - easytorch-training - INFO - Evaluate best model on test data for horizon 9, Test MAE: 19.2827, Test RMSE: 32.2222, Test MAPE: 12.5262
2026-01-29 11:14:17,828 - easytorch-training - INFO - Evaluate best model on test data for horizon 10, Test MAE: 19.4532, Test RMSE: 32.5321, Test MAPE: 12.6553
2026-01-29 11:14:17,830 - easytorch-training - INFO - Evaluate best model on test data for horizon 11, Test MAE: 19.6043, Test RMSE: 32.7719, Test MAPE: 12.8997
2026-01-29 11:14:17,831 - easytorch-training - INFO - Evaluate best model on test data for horizon 12, Test MAE: 19.6811, Test RMSE: 32.8482, Test MAPE: 12.9090
2026-01-29 11:14:17,842 - easytorch-training - INFO - Result <test>: [test_time: 14.49 (s), test_MAE: 18.6097, test_RMSE: 31.0892, test_MAPE: 12.2581]
2026-01-29 11:14:18,211 - easytorch-training - INFO - Checkpoint checkpoints/STMAFNet_300/976492592f92c661f4c4ea004499e56d/STMAFNet_285.pt saved
2026-01-29 11:14:18,212 - easytorch-training - INFO - The estimated training finish time is 2026-01-29 11:58:16
2026-01-29 11:14:18,212 - easytorch-training - INFO - Epoch 286 / 300
2026-01-29 11:16:19,744 - easytorch-training - INFO - Result <train>: [train_time: 121.53 (s), lr: 6.25e-05, train_MAE: 14.9835, train_RMSE: 24.5975, train_MAPE: 11.5135]
2026-01-29 11:16:19,745 - easytorch-training - INFO - Start validation.
2026-01-29 11:16:34,639 - easytorch-training - INFO - Result <val>: [val_time: 14.89 (s), val_MAE: 18.3221, val_RMSE: 29.3133, val_MAPE: 12.0151]
2026-01-29 11:16:49,238 - easytorch-training - INFO - Evaluate best model on test data for horizon 1, Test MAE: 16.7232, Test RMSE: 27.6101, Test MAPE: 11.0934
2026-01-29 11:16:49,247 - easytorch-training - INFO - Evaluate best model on test data for horizon 2, Test MAE: 17.3616, Test RMSE: 28.8343, Test MAPE: 11.5531
2026-01-29 11:16:49,254 - easytorch-training - INFO - Evaluate best model on test data for horizon 3, Test MAE: 17.8635, Test RMSE: 29.7625, Test MAPE: 11.8966
2026-01-29 11:16:49,262 - easytorch-training - INFO - Evaluate best model on test data for horizon 4, Test MAE: 18.2272, Test RMSE: 30.4336, Test MAPE: 12.0041
2026-01-29 11:16:49,269 - easytorch-training - INFO - Evaluate best model on test data for horizon 5, Test MAE: 18.5377, Test RMSE: 31.0064, Test MAPE: 12.2019
2026-01-29 11:16:49,277 - easytorch-training - INFO - Evaluate best model on test data for horizon 6, Test MAE: 18.7746, Test RMSE: 31.4477, Test MAPE: 12.3212
2026-01-29 11:16:49,284 - easytorch-training - INFO - Evaluate best model on test data for horizon 7, Test MAE: 18.9846, Test RMSE: 31.8131, Test MAPE: 12.4109
2026-01-29 11:16:49,291 - easytorch-training - INFO - Evaluate best model on test data for horizon 8, Test MAE: 19.1702, Test RMSE: 32.0969, Test MAPE: 12.5737
2026-01-29 11:16:49,299 - easytorch-training - INFO - Evaluate best model on test data for horizon 9, Test MAE: 19.3441, Test RMSE: 32.4177, Test MAPE: 12.6323
2026-01-29 11:16:49,306 - easytorch-training - INFO - Evaluate best model on test data for horizon 10, Test MAE: 19.5175, Test RMSE: 32.6998, Test MAPE: 12.8377
2026-01-29 11:16:49,314 - easytorch-training - INFO - Evaluate best model on test data for horizon 11, Test MAE: 19.6779, Test RMSE: 32.9609, Test MAPE: 12.9134
2026-01-29 11:16:49,321 - easytorch-training - INFO - Evaluate best model on test data for horizon 12, Test MAE: 19.7539, Test RMSE: 33.0406, Test MAPE: 13.0161
2026-01-29 11:16:49,334 - easytorch-training - INFO - Result <test>: [test_time: 14.69 (s), test_MAE: 18.6614, test_RMSE: 31.2206, test_MAPE: 12.2879]
2026-01-29 11:16:49,703 - easytorch-training - INFO - Checkpoint checkpoints/STMAFNet_300/976492592f92c661f4c4ea004499e56d/STMAFNet_286.pt saved
2026-01-29 11:16:49,704 - easytorch-training - INFO - The estimated training finish time is 2026-01-29 11:57:51
2026-01-29 11:16:49,704 - easytorch-training - INFO - Epoch 287 / 300
2026-01-29 11:18:51,003 - easytorch-training - INFO - Result <train>: [train_time: 121.30 (s), lr: 6.25e-05, train_MAE: 14.9904, train_RMSE: 24.6052, train_MAPE: 11.5047]
2026-01-29 11:18:51,005 - easytorch-training - INFO - Start validation.
2026-01-29 11:19:05,889 - easytorch-training - INFO - Result <val>: [val_time: 14.88 (s), val_MAE: 18.3066, val_RMSE: 29.2584, val_MAPE: 12.1730]
2026-01-29 11:19:20,497 - easytorch-training - INFO - Evaluate best model on test data for horizon 1, Test MAE: 16.7143, Test RMSE: 27.5698, Test MAPE: 11.2376
2026-01-29 11:19:20,505 - easytorch-training - INFO - Evaluate best model on test data for horizon 2, Test MAE: 17.3470, Test RMSE: 28.7944, Test MAPE: 11.7284
2026-01-29 11:19:20,510 - easytorch-training - INFO - Evaluate best model on test data for horizon 3, Test MAE: 17.8275, Test RMSE: 29.6917, Test MAPE: 11.9765
2026-01-29 11:19:20,511 - easytorch-training - INFO - Evaluate best model on test data for horizon 4, Test MAE: 18.2015, Test RMSE: 30.3487, Test MAPE: 12.2300
2026-01-29 11:19:20,512 - easytorch-training - INFO - Evaluate best model on test data for horizon 5, Test MAE: 18.5015, Test RMSE: 30.9067, Test MAPE: 12.3725
2026-01-29 11:19:20,513 - easytorch-training - INFO - Evaluate best model on test data for horizon 6, Test MAE: 18.7319, Test RMSE: 31.3505, Test MAPE: 12.4421
2026-01-29 11:19:20,515 - easytorch-training - INFO - Evaluate best model on test data for horizon 7, Test MAE: 18.9656, Test RMSE: 31.7271, Test MAPE: 12.6124
2026-01-29 11:19:20,516 - easytorch-training - INFO - Evaluate best model on test data for horizon 8, Test MAE: 19.1393, Test RMSE: 32.0045, Test MAPE: 12.7062
2026-01-29 11:19:20,517 - easytorch-training - INFO - Evaluate best model on test data for horizon 9, Test MAE: 19.3153, Test RMSE: 32.3154, Test MAPE: 12.7404
2026-01-29 11:19:20,525 - easytorch-training - INFO - Evaluate best model on test data for horizon 10, Test MAE: 19.4833, Test RMSE: 32.5881, Test MAPE: 12.8882
2026-01-29 11:19:20,532 - easytorch-training - INFO - Evaluate best model on test data for horizon 11, Test MAE: 19.6261, Test RMSE: 32.8245, Test MAPE: 13.1023
2026-01-29 11:19:20,540 - easytorch-training - INFO - Evaluate best model on test data for horizon 12, Test MAE: 19.7213, Test RMSE: 32.9155, Test MAPE: 13.2433
2026-01-29 11:19:20,553 - easytorch-training - INFO - Result <test>: [test_time: 14.66 (s), test_MAE: 18.6312, test_RMSE: 31.1288, test_MAPE: 12.4400]
2026-01-29 11:19:20,923 - easytorch-training - INFO - Checkpoint checkpoints/STMAFNet_300/976492592f92c661f4c4ea004499e56d/STMAFNet_287.pt saved
2026-01-29 11:19:20,924 - easytorch-training - INFO - The estimated training finish time is 2026-01-29 11:57:25
2026-01-29 11:19:20,924 - easytorch-training - INFO - Epoch 288 / 300
2026-01-29 11:21:22,179 - easytorch-training - INFO - Result <train>: [train_time: 121.25 (s), lr: 6.25e-05, train_MAE: 14.9857, train_RMSE: 24.5979, train_MAPE: 11.5012]
2026-01-29 11:21:22,180 - easytorch-training - INFO - Start validation.
2026-01-29 11:21:37,070 - easytorch-training - INFO - Result <val>: [val_time: 14.89 (s), val_MAE: 18.2977, val_RMSE: 29.2401, val_MAPE: 12.0591]
2026-01-29 11:21:51,653 - easytorch-training - INFO - Evaluate best model on test data for horizon 1, Test MAE: 16.7075, Test RMSE: 27.5708, Test MAPE: 11.1606
2026-01-29 11:21:51,660 - easytorch-training - INFO - Evaluate best model on test data for horizon 2, Test MAE: 17.3627, Test RMSE: 28.8082, Test MAPE: 11.7212
2026-01-29 11:21:51,668 - easytorch-training - INFO - Evaluate best model on test data for horizon 3, Test MAE: 17.8339, Test RMSE: 29.7086, Test MAPE: 11.9482
2026-01-29 11:21:51,670 - easytorch-training - INFO - Evaluate best model on test data for horizon 4, Test MAE: 18.2072, Test RMSE: 30.3866, Test MAPE: 12.1661
2026-01-29 11:21:51,671 - easytorch-training - INFO - Evaluate best model on test data for horizon 5, Test MAE: 18.5003, Test RMSE: 30.9454, Test MAPE: 12.1855
2026-01-29 11:21:51,679 - easytorch-training - INFO - Evaluate best model on test data for horizon 6, Test MAE: 18.7308, Test RMSE: 31.3819, Test MAPE: 12.2645
2026-01-29 11:21:51,686 - easytorch-training - INFO - Evaluate best model on test data for horizon 7, Test MAE: 18.9625, Test RMSE: 31.7623, Test MAPE: 12.3553
2026-01-29 11:21:51,693 - easytorch-training - INFO - Evaluate best model on test data for horizon 8, Test MAE: 19.1419, Test RMSE: 32.0546, Test MAPE: 12.5540
2026-01-29 11:21:51,701 - easytorch-training - INFO - Evaluate best model on test data for horizon 9, Test MAE: 19.3219, Test RMSE: 32.3581, Test MAPE: 12.5934
2026-01-29 11:21:51,708 - easytorch-training - INFO - Evaluate best model on test data for horizon 10, Test MAE: 19.5050, Test RMSE: 32.6617, Test MAPE: 12.7669
2026-01-29 11:21:51,716 - easytorch-training - INFO - Evaluate best model on test data for horizon 11, Test MAE: 19.6467, Test RMSE: 32.8810, Test MAPE: 12.8996
2026-01-29 11:21:51,723 - easytorch-training - INFO - Evaluate best model on test data for horizon 12, Test MAE: 19.7257, Test RMSE: 32.9595, Test MAPE: 13.0941
2026-01-29 11:21:51,736 - easytorch-training - INFO - Result <test>: [test_time: 14.66 (s), test_MAE: 18.6372, test_RMSE: 31.1664, test_MAPE: 12.3091]
2026-01-29 11:21:52,105 - easytorch-training - INFO - Checkpoint checkpoints/STMAFNet_300/976492592f92c661f4c4ea004499e56d/STMAFNet_288.pt saved
2026-01-29 11:21:52,105 - easytorch-training - INFO - The estimated training finish time is 2026-01-29 11:56:59
2026-01-29 11:21:52,105 - easytorch-training - INFO - Epoch 289 / 300
2026-01-29 11:23:53,521 - easytorch-training - INFO - Result <train>: [train_time: 121.42 (s), lr: 6.25e-05, train_MAE: 14.9681, train_RMSE: 24.5696, train_MAPE: 11.5064]
2026-01-29 11:23:53,522 - easytorch-training - INFO - Start validation.
2026-01-29 11:24:08,442 - easytorch-training - INFO - Result <val>: [val_time: 14.92 (s), val_MAE: 18.3107, val_RMSE: 29.2637, val_MAPE: 11.9533]
2026-01-29 11:24:23,042 - easytorch-training - INFO - Evaluate best model on test data for horizon 1, Test MAE: 16.7349, Test RMSE: 27.5893, Test MAPE: 11.1235
2026-01-29 11:24:23,050 - easytorch-training - INFO - Evaluate best model on test data for horizon 2, Test MAE: 17.3826, Test RMSE: 28.8498, Test MAPE: 11.5980
2026-01-29 11:24:23,055 - easytorch-training - INFO - Evaluate best model on test data for horizon 3, Test MAE: 17.8571, Test RMSE: 29.7503, Test MAPE: 11.8277
2026-01-29 11:24:23,056 - easytorch-training - INFO - Evaluate best model on test data for horizon 4, Test MAE: 18.2189, Test RMSE: 30.4092, Test MAPE: 11.9944
2026-01-29 11:24:23,057 - easytorch-training - INFO - Evaluate best model on test data for horizon 5, Test MAE: 18.5095, Test RMSE: 30.9586, Test MAPE: 12.0727
2026-01-29 11:24:23,059 - easytorch-training - INFO - Evaluate best model on test data for horizon 6, Test MAE: 18.7362, Test RMSE: 31.3879, Test MAPE: 12.2151
2026-01-29 11:24:23,060 - easytorch-training - INFO - Evaluate best model on test data for horizon 7, Test MAE: 18.9557, Test RMSE: 31.7367, Test MAPE: 12.3633
2026-01-29 11:24:23,061 - easytorch-training - INFO - Evaluate best model on test data for horizon 8, Test MAE: 19.1322, Test RMSE: 32.0405, Test MAPE: 12.3905
2026-01-29 11:24:23,062 - easytorch-training - INFO - Evaluate best model on test data for horizon 9, Test MAE: 19.3163, Test RMSE: 32.3501, Test MAPE: 12.5864
2026-01-29 11:24:23,068 - easytorch-training - INFO - Evaluate best model on test data for horizon 10, Test MAE: 19.4646, Test RMSE: 32.5980, Test MAPE: 12.6452
2026-01-29 11:24:23,076 - easytorch-training - INFO - Evaluate best model on test data for horizon 11, Test MAE: 19.6090, Test RMSE: 32.8425, Test MAPE: 12.8088
2026-01-29 11:24:23,083 - easytorch-training - INFO - Evaluate best model on test data for horizon 12, Test MAE: 19.6929, Test RMSE: 32.9268, Test MAPE: 12.9820
2026-01-29 11:24:23,096 - easytorch-training - INFO - Result <test>: [test_time: 14.65 (s), test_MAE: 18.6342, test_RMSE: 31.1618, test_MAPE: 12.2173]
2026-01-29 11:24:23,466 - easytorch-training - INFO - Checkpoint checkpoints/STMAFNet_300/976492592f92c661f4c4ea004499e56d/STMAFNet_289.pt saved
2026-01-29 11:24:23,467 - easytorch-training - INFO - The estimated training finish time is 2026-01-29 11:56:34
2026-01-29 11:24:23,467 - easytorch-training - INFO - Epoch 290 / 300
2026-01-29 11:26:24,737 - easytorch-training - INFO - Result <train>: [train_time: 121.27 (s), lr: 6.25e-05, train_MAE: 14.9728, train_RMSE: 24.5692, train_MAPE: 11.4993]
2026-01-29 11:26:24,739 - easytorch-training - INFO - Start validation.
2026-01-29 11:26:39,605 - easytorch-training - INFO - Result <val>: [val_time: 14.87 (s), val_MAE: 18.2992, val_RMSE: 29.2202, val_MAPE: 12.0524]
2026-01-29 11:26:54,175 - easytorch-training - INFO - Evaluate best model on test data for horizon 1, Test MAE: 16.7245, Test RMSE: 27.5816, Test MAPE: 11.1828
2026-01-29 11:26:54,182 - easytorch-training - INFO - Evaluate best model on test data for horizon 2, Test MAE: 17.3635, Test RMSE: 28.8044, Test MAPE: 11.7672
2026-01-29 11:26:54,189 - easytorch-training - INFO - Evaluate best model on test data for horizon 3, Test MAE: 17.8065, Test RMSE: 29.6587, Test MAPE: 11.9179
2026-01-29 11:26:54,197 - easytorch-training - INFO - Evaluate best model on test data for horizon 4, Test MAE: 18.1682, Test RMSE: 30.3125, Test MAPE: 12.0589
2026-01-29 11:26:54,203 - easytorch-training - INFO - Evaluate best model on test data for horizon 5, Test MAE: 18.4628, Test RMSE: 30.8499, Test MAPE: 12.2123
2026-01-29 11:26:54,204 - easytorch-training - INFO - Evaluate best model on test data for horizon 6, Test MAE: 18.6961, Test RMSE: 31.2798, Test MAPE: 12.3233
2026-01-29 11:26:54,210 - easytorch-training - INFO - Evaluate best model on test data for horizon 7, Test MAE: 18.9030, Test RMSE: 31.6065, Test MAPE: 12.3632
2026-01-29 11:26:54,217 - easytorch-training - INFO - Evaluate best model on test data for horizon 8, Test MAE: 19.1109, Test RMSE: 31.9414, Test MAPE: 12.4554
2026-01-29 11:26:54,225 - easytorch-training - INFO - Evaluate best model on test data for horizon 9, Test MAE: 19.2841, Test RMSE: 32.2410, Test MAPE: 12.5670
2026-01-29 11:26:54,232 - easytorch-training - INFO - Evaluate best model on test data for horizon 10, Test MAE: 19.4582, Test RMSE: 32.5006, Test MAPE: 12.7167
2026-01-29 11:26:54,240 - easytorch-training - INFO - Evaluate best model on test data for horizon 11, Test MAE: 19.5936, Test RMSE: 32.7765, Test MAPE: 12.8823
2026-01-29 11:26:54,247 - easytorch-training - INFO - Evaluate best model on test data for horizon 12, Test MAE: 19.6935, Test RMSE: 32.8671, Test MAPE: 12.9548
2026-01-29 11:26:54,260 - easytorch-training - INFO - Result <test>: [test_time: 14.65 (s), test_MAE: 18.6054, test_RMSE: 31.0760, test_MAPE: 12.2835]
2026-01-29 11:26:54,713 - easytorch-training - INFO - Checkpoint checkpoints/STMAFNet_300/976492592f92c661f4c4ea004499e56d/STMAFNet_290.pt saved
2026-01-29 11:26:54,743 - easytorch-training - INFO - The estimated training finish time is 2026-01-29 11:56:09
2026-01-29 11:26:54,743 - easytorch-training - INFO - Epoch 291 / 300
2026-01-29 11:28:56,049 - easytorch-training - INFO - Result <train>: [train_time: 121.31 (s), lr: 6.25e-05, train_MAE: 14.9640, train_RMSE: 24.5547, train_MAPE: 11.5011]
2026-01-29 11:28:56,051 - easytorch-training - INFO - Start validation.
2026-01-29 11:29:10,922 - easytorch-training - INFO - Result <val>: [val_time: 14.87 (s), val_MAE: 18.3281, val_RMSE: 29.2312, val_MAPE: 11.9849]
2026-01-29 11:29:25,491 - easytorch-training - INFO - Evaluate best model on test data for horizon 1, Test MAE: 16.7280, Test RMSE: 27.5770, Test MAPE: 11.1570
2026-01-29 11:29:25,499 - easytorch-training - INFO - Evaluate best model on test data for horizon 2, Test MAE: 17.3775, Test RMSE: 28.8293, Test MAPE: 11.6526
2026-01-29 11:29:25,506 - easytorch-training - INFO - Evaluate best model on test data for horizon 3, Test MAE: 17.8398, Test RMSE: 29.6938, Test MAPE: 11.8590
2026-01-29 11:29:25,514 - easytorch-training - INFO - Evaluate best model on test data for horizon 4, Test MAE: 18.2212, Test RMSE: 30.3823, Test MAPE: 12.0295
2026-01-29 11:29:25,521 - easytorch-training - INFO - Evaluate best model on test data for horizon 5, Test MAE: 18.5322, Test RMSE: 30.9425, Test MAPE: 12.0940
2026-01-29 11:29:25,529 - easytorch-training - INFO - Evaluate best model on test data for horizon 6, Test MAE: 18.7474, Test RMSE: 31.3323, Test MAPE: 12.2331
2026-01-29 11:29:25,534 - easytorch-training - INFO - Evaluate best model on test data for horizon 7, Test MAE: 18.9661, Test RMSE: 31.6770, Test MAPE: 12.3635
2026-01-29 11:29:25,535 - easytorch-training - INFO - Evaluate best model on test data for horizon 8, Test MAE: 19.1351, Test RMSE: 31.9868, Test MAPE: 12.4567
2026-01-29 11:29:25,536 - easytorch-training - INFO - Evaluate best model on test data for horizon 9, Test MAE: 19.3185, Test RMSE: 32.2901, Test MAPE: 12.5808
2026-01-29 11:29:25,538 - easytorch-training - INFO - Evaluate best model on test data for horizon 10, Test MAE: 19.4868, Test RMSE: 32.5881, Test MAPE: 12.6723
2026-01-29 11:29:25,539 - easytorch-training - INFO - Evaluate best model on test data for horizon 11, Test MAE: 19.6613, Test RMSE: 32.8555, Test MAPE: 12.7813
2026-01-29 11:29:25,540 - easytorch-training - INFO - Evaluate best model on test data for horizon 12, Test MAE: 19.7350, Test RMSE: 32.9225, Test MAPE: 12.8984
2026-01-29 11:29:25,551 - easytorch-training - INFO - Result <test>: [test_time: 14.63 (s), test_MAE: 18.6458, test_RMSE: 31.1317, test_MAPE: 12.2315]
2026-01-29 11:29:25,920 - easytorch-training - INFO - Checkpoint checkpoints/STMAFNet_300/976492592f92c661f4c4ea004499e56d/STMAFNet_291.pt saved
2026-01-29 11:29:25,921 - easytorch-training - INFO - The estimated training finish time is 2026-01-29 11:55:44
2026-01-29 11:29:25,921 - easytorch-training - INFO - Epoch 292 / 300
2026-01-29 11:31:27,963 - easytorch-training - INFO - Result <train>: [train_time: 122.04 (s), lr: 6.25e-05, train_MAE: 14.9692, train_RMSE: 24.5606, train_MAPE: 11.4874]
2026-01-29 11:31:27,965 - easytorch-training - INFO - Start validation.
2026-01-29 11:31:42,504 - easytorch-training - INFO - Result <val>: [val_time: 14.54 (s), val_MAE: 18.3035, val_RMSE: 29.2008, val_MAPE: 12.0779]
2026-01-29 11:31:57,087 - easytorch-training - INFO - Evaluate best model on test data for horizon 1, Test MAE: 16.7278, Test RMSE: 27.5619, Test MAPE: 11.3596
2026-01-29 11:31:57,095 - easytorch-training - INFO - Evaluate best model on test data for horizon 2, Test MAE: 17.3456, Test RMSE: 28.7802, Test MAPE: 11.7192
2026-01-29 11:31:57,102 - easytorch-training - INFO - Evaluate best model on test data for horizon 3, Test MAE: 17.8072, Test RMSE: 29.6464, Test MAPE: 11.8802
2026-01-29 11:31:57,108 - easytorch-training - INFO - Evaluate best model on test data for horizon 4, Test MAE: 18.1705, Test RMSE: 30.2968, Test MAPE: 12.0889
2026-01-29 11:31:57,110 - easytorch-training - INFO - Evaluate best model on test data for horizon 5, Test MAE: 18.4906, Test RMSE: 30.8837, Test MAPE: 12.1739
2026-01-29 11:31:57,117 - easytorch-training - INFO - Evaluate best model on test data for horizon 6, Test MAE: 18.7237, Test RMSE: 31.3158, Test MAPE: 12.2737
2026-01-29 11:31:57,125 - easytorch-training - INFO - Evaluate best model on test data for horizon 7, Test MAE: 18.9525, Test RMSE: 31.6801, Test MAPE: 12.4435
2026-01-29 11:31:57,132 - easytorch-training - INFO - Evaluate best model on test data for horizon 8, Test MAE: 19.1521, Test RMSE: 31.9998, Test MAPE: 12.5412
2026-01-29 11:31:57,140 - easytorch-training - INFO - Evaluate best model on test data for horizon 9, Test MAE: 19.3354, Test RMSE: 32.2980, Test MAPE: 12.6546
2026-01-29 11:31:57,147 - easytorch-training - INFO - Evaluate best model on test data for horizon 10, Test MAE: 19.4954, Test RMSE: 32.5633, Test MAPE: 12.7570
2026-01-29 11:31:57,155 - easytorch-training - INFO - Evaluate best model on test data for horizon 11, Test MAE: 19.6473, Test RMSE: 32.8138, Test MAPE: 12.8448
2026-01-29 11:31:57,162 - easytorch-training - INFO - Evaluate best model on test data for horizon 12, Test MAE: 19.7629, Test RMSE: 32.9240, Test MAPE: 13.0071
2026-01-29 11:31:57,175 - easytorch-training - INFO - Result <test>: [test_time: 14.67 (s), test_MAE: 18.6343, test_RMSE: 31.1062, test_MAPE: 12.3120]
2026-01-29 11:31:57,560 - easytorch-training - INFO - Checkpoint checkpoints/STMAFNet_300/976492592f92c661f4c4ea004499e56d/STMAFNet_292.pt saved
2026-01-29 11:31:57,561 - easytorch-training - INFO - The estimated training finish time is 2026-01-29 11:55:20
2026-01-29 11:31:57,561 - easytorch-training - INFO - Epoch 293 / 300
2026-01-29 11:34:00,363 - easytorch-training - INFO - Result <train>: [train_time: 122.80 (s), lr: 6.25e-05, train_MAE: 14.9502, train_RMSE: 24.5314, train_MAPE: 11.4900]
2026-01-29 11:34:00,364 - easytorch-training - INFO - Start validation.
2026-01-29 11:34:14,691 - easytorch-training - INFO - Result <val>: [val_time: 14.33 (s), val_MAE: 18.3512, val_RMSE: 29.2909, val_MAPE: 11.8980]
2026-01-29 11:34:29,003 - easytorch-training - INFO - Evaluate best model on test data for horizon 1, Test MAE: 16.7237, Test RMSE: 27.5797, Test MAPE: 11.1418
2026-01-29 11:34:29,010 - easytorch-training - INFO - Evaluate best model on test data for horizon 2, Test MAE: 17.3699, Test RMSE: 28.8395, Test MAPE: 11.5072
2026-01-29 11:34:29,011 - easytorch-training - INFO - Evaluate best model on test data for horizon 3, Test MAE: 17.8461, Test RMSE: 29.7325, Test MAPE: 11.7850
2026-01-29 11:34:29,017 - easytorch-training - INFO - Evaluate best model on test data for horizon 4, Test MAE: 18.2135, Test RMSE: 30.3981, Test MAPE: 11.9113
2026-01-29 11:34:29,025 - easytorch-training - INFO - Evaluate best model on test data for horizon 5, Test MAE: 18.5369, Test RMSE: 30.9715, Test MAPE: 12.0075
2026-01-29 11:34:29,032 - easytorch-training - INFO - Evaluate best model on test data for horizon 6, Test MAE: 18.7749, Test RMSE: 31.4133, Test MAPE: 12.1642
2026-01-29 11:34:29,040 - easytorch-training - INFO - Evaluate best model on test data for horizon 7, Test MAE: 19.0030, Test RMSE: 31.7969, Test MAPE: 12.2608
2026-01-29 11:34:29,047 - easytorch-training - INFO - Evaluate best model on test data for horizon 8, Test MAE: 19.1914, Test RMSE: 32.0892, Test MAPE: 12.3371
2026-01-29 11:34:29,055 - easytorch-training - INFO - Evaluate best model on test data for horizon 9, Test MAE: 19.3868, Test RMSE: 32.4025, Test MAPE: 12.4426
2026-01-29 11:34:29,062 - easytorch-training - INFO - Evaluate best model on test data for horizon 10, Test MAE: 19.5677, Test RMSE: 32.7149, Test MAPE: 12.5932
2026-01-29 11:34:29,070 - easytorch-training - INFO - Evaluate best model on test data for horizon 11, Test MAE: 19.7089, Test RMSE: 32.9513, Test MAPE: 12.7270
2026-01-29 11:34:29,077 - easytorch-training - INFO - Evaluate best model on test data for horizon 12, Test MAE: 19.7823, Test RMSE: 33.0366, Test MAPE: 12.8698
2026-01-29 11:34:29,090 - easytorch-training - INFO - Result <test>: [test_time: 14.40 (s), test_MAE: 18.6754, test_RMSE: 31.2045, test_MAPE: 12.1456]
2026-01-29 11:34:29,464 - easytorch-training - INFO - Checkpoint checkpoints/STMAFNet_300/976492592f92c661f4c4ea004499e56d/STMAFNet_293.pt saved
2026-01-29 11:34:29,465 - easytorch-training - INFO - The estimated training finish time is 2026-01-29 11:54:56
2026-01-29 11:34:29,465 - easytorch-training - INFO - Epoch 294 / 300
2026-01-29 11:36:32,578 - easytorch-training - INFO - Result <train>: [train_time: 123.11 (s), lr: 6.25e-05, train_MAE: 14.9493, train_RMSE: 24.5271, train_MAPE: 11.4871]
2026-01-29 11:36:32,579 - easytorch-training - INFO - Start validation.
2026-01-29 11:36:47,335 - easytorch-training - INFO - Result <val>: [val_time: 14.76 (s), val_MAE: 18.3241, val_RMSE: 29.2654, val_MAPE: 11.8813]
2026-01-29 11:37:01,313 - easytorch-training - INFO - Evaluate best model on test data for horizon 1, Test MAE: 16.7334, Test RMSE: 27.5986, Test MAPE: 11.0492
2026-01-29 11:37:01,320 - easytorch-training - INFO - Evaluate best model on test data for horizon 2, Test MAE: 17.3758, Test RMSE: 28.8534, Test MAPE: 11.4506
2026-01-29 11:37:01,328 - easytorch-training - INFO - Evaluate best model on test data for horizon 3, Test MAE: 17.8400, Test RMSE: 29.7236, Test MAPE: 11.7498
2026-01-29 11:37:01,335 - easytorch-training - INFO - Evaluate best model on test data for horizon 4, Test MAE: 18.2238, Test RMSE: 30.3866, Test MAPE: 11.8781
2026-01-29 11:37:01,342 - easytorch-training - INFO - Evaluate best model on test data for horizon 5, Test MAE: 18.5094, Test RMSE: 30.9257, Test MAPE: 12.0199
2026-01-29 11:37:01,350 - easytorch-training - INFO - Evaluate best model on test data for horizon 6, Test MAE: 18.7430, Test RMSE: 31.3500, Test MAPE: 12.1746
2026-01-29 11:37:01,357 - easytorch-training - INFO - Evaluate best model on test data for horizon 7, Test MAE: 18.9602, Test RMSE: 31.6985, Test MAPE: 12.2729
2026-01-29 11:37:01,365 - easytorch-training - INFO - Evaluate best model on test data for horizon 8, Test MAE: 19.1598, Test RMSE: 32.0143, Test MAPE: 12.3716
2026-01-29 11:37:01,372 - easytorch-training - INFO - Evaluate best model on test data for horizon 9, Test MAE: 19.3277, Test RMSE: 32.2895, Test MAPE: 12.5273
2026-01-29 11:37:01,380 - easytorch-training - INFO - Evaluate best model on test data for horizon 10, Test MAE: 19.4827, Test RMSE: 32.5367, Test MAPE: 12.6251
2026-01-29 11:37:01,387 - easytorch-training - INFO - Evaluate best model on test data for horizon 11, Test MAE: 19.6044, Test RMSE: 32.7550, Test MAPE: 12.7686
2026-01-29 11:37:01,388 - easytorch-training - INFO - Evaluate best model on test data for horizon 12, Test MAE: 19.7090, Test RMSE: 32.8782, Test MAPE: 12.8598
2026-01-29 11:37:01,395 - easytorch-training - INFO - Result <test>: [test_time: 14.06 (s), test_MAE: 18.6391, test_RMSE: 31.1249, test_MAPE: 12.1456]
2026-01-29 11:37:01,765 - easytorch-training - INFO - Checkpoint checkpoints/STMAFNet_300/976492592f92c661f4c4ea004499e56d/STMAFNet_294.pt saved
2026-01-29 11:37:01,766 - easytorch-training - INFO - The estimated training finish time is 2026-01-29 11:54:32
2026-01-29 11:37:01,766 - easytorch-training - INFO - Epoch 295 / 300
2026-01-29 11:39:03,997 - easytorch-training - INFO - Result <train>: [train_time: 122.23 (s), lr: 6.25e-05, train_MAE: 14.9391, train_RMSE: 24.5171, train_MAPE: 11.4849]
2026-01-29 11:39:03,999 - easytorch-training - INFO - Start validation.
2026-01-29 11:39:18,919 - easytorch-training - INFO - Result <val>: [val_time: 14.92 (s), val_MAE: 18.3178, val_RMSE: 29.2340, val_MAPE: 12.0211]
2026-01-29 11:39:33,501 - easytorch-training - INFO - Evaluate best model on test data for horizon 1, Test MAE: 16.7537, Test RMSE: 27.5742, Test MAPE: 11.3057
2026-01-29 11:39:33,509 - easytorch-training - INFO - Evaluate best model on test data for horizon 2, Test MAE: 17.3686, Test RMSE: 28.8100, Test MAPE: 11.6495
2026-01-29 11:39:33,516 - easytorch-training - INFO - Evaluate best model on test data for horizon 3, Test MAE: 17.8519, Test RMSE: 29.6949, Test MAPE: 11.9368
2026-01-29 11:39:33,524 - easytorch-training - INFO - Evaluate best model on test data for horizon 4, Test MAE: 18.2112, Test RMSE: 30.3579, Test MAPE: 12.0507
2026-01-29 11:39:33,531 - easytorch-training - INFO - Evaluate best model on test data for horizon 5, Test MAE: 18.5210, Test RMSE: 30.9006, Test MAPE: 12.2035
2026-01-29 11:39:33,539 - easytorch-training - INFO - Evaluate best model on test data for horizon 6, Test MAE: 18.7374, Test RMSE: 31.3101, Test MAPE: 12.3277
2026-01-29 11:39:33,545 - easytorch-training - INFO - Evaluate best model on test data for horizon 7, Test MAE: 18.9448, Test RMSE: 31.6463, Test MAPE: 12.3515
2026-01-29 11:39:33,546 - easytorch-training - INFO - Evaluate best model on test data for horizon 8, Test MAE: 19.1122, Test RMSE: 31.9232, Test MAPE: 12.4605
2026-01-29 11:39:33,552 - easytorch-training - INFO - Evaluate best model on test data for horizon 9, Test MAE: 19.2916, Test RMSE: 32.2363, Test MAPE: 12.5761
2026-01-29 11:39:33,559 - easytorch-training - INFO - Evaluate best model on test data for horizon 10, Test MAE: 19.4723, Test RMSE: 32.5254, Test MAPE: 12.7336
2026-01-29 11:39:33,567 - easytorch-training - INFO - Evaluate best model on test data for horizon 11, Test MAE: 19.6208, Test RMSE: 32.7635, Test MAPE: 12.8513
2026-01-29 11:39:33,574 - easytorch-training - INFO - Evaluate best model on test data for horizon 12, Test MAE: 19.7036, Test RMSE: 32.8469, Test MAPE: 12.9448
2026-01-29 11:39:33,587 - easytorch-training - INFO - Result <test>: [test_time: 14.67 (s), test_MAE: 18.6324, test_RMSE: 31.0899, test_MAPE: 12.2827]
2026-01-29 11:39:33,960 - easytorch-training - INFO - Checkpoint checkpoints/STMAFNet_300/976492592f92c661f4c4ea004499e56d/STMAFNet_295.pt saved
2026-01-29 11:39:33,961 - easytorch-training - INFO - The estimated training finish time is 2026-01-29 11:54:09
2026-01-29 11:39:33,961 - easytorch-training - INFO - Epoch 296 / 300
2026-01-29 11:41:35,586 - easytorch-training - INFO - Result <train>: [train_time: 121.63 (s), lr: 6.25e-05, train_MAE: 14.9445, train_RMSE: 24.5232, train_MAPE: 11.4850]
2026-01-29 11:41:35,588 - easytorch-training - INFO - Start validation.
2026-01-29 11:41:50,535 - easytorch-training - INFO - Result <val>: [val_time: 14.95 (s), val_MAE: 18.2779, val_RMSE: 29.2133, val_MAPE: 11.8781]
2026-01-29 11:42:05,151 - easytorch-training - INFO - Evaluate best model on test data for horizon 1, Test MAE: 16.7114, Test RMSE: 27.5789, Test MAPE: 11.1021
2026-01-29 11:42:05,158 - easytorch-training - INFO - Evaluate best model on test data for horizon 2, Test MAE: 17.3419, Test RMSE: 28.8357, Test MAPE: 11.4517
2026-01-29 11:42:05,166 - easytorch-training - INFO - Evaluate best model on test data for horizon 3, Test MAE: 17.8045, Test RMSE: 29.6851, Test MAPE: 11.7237
2026-01-29 11:42:05,174 - easytorch-training - INFO - Evaluate best model on test data for horizon 4, Test MAE: 18.1572, Test RMSE: 30.3230, Test MAPE: 11.8959
2026-01-29 11:42:05,181 - easytorch-training - INFO - Evaluate best model on test data for horizon 5, Test MAE: 18.4770, Test RMSE: 30.8947, Test MAPE: 12.0287
2026-01-29 11:42:05,183 - easytorch-training - INFO - Evaluate best model on test data for horizon 6, Test MAE: 18.7142, Test RMSE: 31.3349, Test MAPE: 12.1415
2026-01-29 11:42:05,184 - easytorch-training - INFO - Evaluate best model on test data for horizon 7, Test MAE: 18.9165, Test RMSE: 31.6700, Test MAPE: 12.2295
2026-01-29 11:42:05,185 - easytorch-training - INFO - Evaluate best model on test data for horizon 8, Test MAE: 19.0982, Test RMSE: 31.9590, Test MAPE: 12.4035
2026-01-29 11:42:05,186 - easytorch-training - INFO - Evaluate best model on test data for horizon 9, Test MAE: 19.2763, Test RMSE: 32.2523, Test MAPE: 12.5045
2026-01-29 11:42:05,187 - easytorch-training - INFO - Evaluate best model on test data for horizon 10, Test MAE: 19.4377, Test RMSE: 32.5150, Test MAPE: 12.6042
2026-01-29 11:42:05,189 - easytorch-training - INFO - Evaluate best model on test data for horizon 11, Test MAE: 19.5837, Test RMSE: 32.7475, Test MAPE: 12.7154
2026-01-29 11:42:05,196 - easytorch-training - INFO - Evaluate best model on test data for horizon 12, Test MAE: 19.6710, Test RMSE: 32.8383, Test MAPE: 12.8703
2026-01-29 11:42:05,209 - easytorch-training - INFO - Result <test>: [test_time: 14.67 (s), test_MAE: 18.5992, test_RMSE: 31.0936, test_MAPE: 12.1393]
2026-01-29 11:42:05,578 - easytorch-training - INFO - Checkpoint checkpoints/STMAFNet_300/976492592f92c661f4c4ea004499e56d/STMAFNet_296.pt saved
2026-01-29 11:42:05,579 - easytorch-training - INFO - The estimated training finish time is 2026-01-29 11:53:45
2026-01-29 11:42:05,579 - easytorch-training - INFO - Epoch 297 / 300
2026-01-29 11:44:07,200 - easytorch-training - INFO - Result <train>: [train_time: 121.62 (s), lr: 6.25e-05, train_MAE: 14.9316, train_RMSE: 24.5011, train_MAPE: 11.4829]
2026-01-29 11:44:07,201 - easytorch-training - INFO - Start validation.
2026-01-29 11:44:22,161 - easytorch-training - INFO - Result <val>: [val_time: 14.96 (s), val_MAE: 18.3045, val_RMSE: 29.2623, val_MAPE: 12.0463]
2026-01-29 11:44:36,786 - easytorch-training - INFO - Evaluate best model on test data for horizon 1, Test MAE: 16.7442, Test RMSE: 27.6190, Test MAPE: 11.2539
2026-01-29 11:44:36,793 - easytorch-training - INFO - Evaluate best model on test data for horizon 2, Test MAE: 17.3621, Test RMSE: 28.8503, Test MAPE: 11.5936
2026-01-29 11:44:36,801 - easytorch-training - INFO - Evaluate best model on test data for horizon 3, Test MAE: 17.8481, Test RMSE: 29.7409, Test MAPE: 11.8373
2026-01-29 11:44:36,809 - easytorch-training - INFO - Evaluate best model on test data for horizon 4, Test MAE: 18.2320, Test RMSE: 30.4176, Test MAPE: 12.1388
2026-01-29 11:44:36,816 - easytorch-training - INFO - Evaluate best model on test data for horizon 5, Test MAE: 18.5295, Test RMSE: 30.9657, Test MAPE: 12.2338
2026-01-29 11:44:36,823 - easytorch-training - INFO - Evaluate best model on test data for horizon 6, Test MAE: 18.7713, Test RMSE: 31.4135, Test MAPE: 12.3033
2026-01-29 11:44:36,831 - easytorch-training - INFO - Evaluate best model on test data for horizon 7, Test MAE: 18.9963, Test RMSE: 31.7900, Test MAPE: 12.4681
2026-01-29 11:44:36,838 - easytorch-training - INFO - Evaluate best model on test data for horizon 8, Test MAE: 19.1956, Test RMSE: 32.1332, Test MAPE: 12.5758
2026-01-29 11:44:36,846 - easytorch-training - INFO - Evaluate best model on test data for horizon 9, Test MAE: 19.3555, Test RMSE: 32.4184, Test MAPE: 12.6279
2026-01-29 11:44:36,853 - easytorch-training - INFO - Evaluate best model on test data for horizon 10, Test MAE: 19.5399, Test RMSE: 32.7053, Test MAPE: 12.8337
2026-01-29 11:44:36,860 - easytorch-training - INFO - Evaluate best model on test data for horizon 11, Test MAE: 19.6925, Test RMSE: 32.9410, Test MAPE: 13.0077
2026-01-29 11:44:36,862 - easytorch-training - INFO - Evaluate best model on test data for horizon 12, Test MAE: 19.7716, Test RMSE: 33.0376, Test MAPE: 13.0432
2026-01-29 11:44:36,872 - easytorch-training - INFO - Result <test>: [test_time: 14.71 (s), test_MAE: 18.6699, test_RMSE: 31.2129, test_MAPE: 12.3265]
2026-01-29 11:44:37,242 - easytorch-training - INFO - Checkpoint checkpoints/STMAFNet_300/976492592f92c661f4c4ea004499e56d/STMAFNet_297.pt saved
2026-01-29 11:44:37,242 - easytorch-training - INFO - The estimated training finish time is 2026-01-29 11:53:22
2026-01-29 11:44:37,242 - easytorch-training - INFO - Epoch 298 / 300
2026-01-29 11:46:38,880 - easytorch-training - INFO - Result <train>: [train_time: 121.64 (s), lr: 6.25e-05, train_MAE: 14.9415, train_RMSE: 24.5073, train_MAPE: 11.4772]
2026-01-29 11:46:38,882 - easytorch-training - INFO - Start validation.
2026-01-29 11:46:53,826 - easytorch-training - INFO - Result <val>: [val_time: 14.94 (s), val_MAE: 18.3124, val_RMSE: 29.2832, val_MAPE: 12.0402]
2026-01-29 11:47:08,429 - easytorch-training - INFO - Evaluate best model on test data for horizon 1, Test MAE: 16.7435, Test RMSE: 27.6114, Test MAPE: 11.1875
2026-01-29 11:47:08,437 - easytorch-training - INFO - Evaluate best model on test data for horizon 2, Test MAE: 17.3714, Test RMSE: 28.8520, Test MAPE: 11.5679
2026-01-29 11:47:08,444 - easytorch-training - INFO - Evaluate best model on test data for horizon 3, Test MAE: 17.8587, Test RMSE: 29.7445, Test MAPE: 11.9470
2026-01-29 11:47:08,452 - easytorch-training - INFO - Evaluate best model on test data for horizon 4, Test MAE: 18.2113, Test RMSE: 30.3948, Test MAPE: 12.0371
2026-01-29 11:47:08,459 - easytorch-training - INFO - Evaluate best model on test data for horizon 5, Test MAE: 18.5160, Test RMSE: 30.9504, Test MAPE: 12.1964
2026-01-29 11:47:08,467 - easytorch-training - INFO - Evaluate best model on test data for horizon 6, Test MAE: 18.7454, Test RMSE: 31.3863, Test MAPE: 12.2387
2026-01-29 11:47:08,474 - easytorch-training - INFO - Evaluate best model on test data for horizon 7, Test MAE: 18.9673, Test RMSE: 31.7486, Test MAPE: 12.3963
2026-01-29 11:47:08,476 - easytorch-training - INFO - Evaluate best model on test data for horizon 8, Test MAE: 19.1386, Test RMSE: 32.0276, Test MAPE: 12.5307
2026-01-29 11:47:08,477 - easytorch-training - INFO - Evaluate best model on test data for horizon 9, Test MAE: 19.3158, Test RMSE: 32.3181, Test MAPE: 12.6755
2026-01-29 11:47:08,478 - easytorch-training - INFO - Evaluate best model on test data for horizon 10, Test MAE: 19.4797, Test RMSE: 32.5982, Test MAPE: 12.8571
2026-01-29 11:47:08,479 - easytorch-training - INFO - Evaluate best model on test data for horizon 11, Test MAE: 19.6250, Test RMSE: 32.8060, Test MAPE: 12.9467
2026-01-29 11:47:08,480 - easytorch-training - INFO - Evaluate best model on test data for horizon 12, Test MAE: 19.6969, Test RMSE: 32.9101, Test MAPE: 13.0127
2026-01-29 11:47:08,491 - easytorch-training - INFO - Result <test>: [test_time: 14.66 (s), test_MAE: 18.6392, test_RMSE: 31.1537, test_MAPE: 12.2995]
2026-01-29 11:47:08,863 - easytorch-training - INFO - Checkpoint checkpoints/STMAFNet_300/976492592f92c661f4c4ea004499e56d/STMAFNet_298.pt saved
2026-01-29 11:47:08,864 - easytorch-training - INFO - The estimated training finish time is 2026-01-29 11:52:58
2026-01-29 11:47:08,864 - easytorch-training - INFO - Epoch 299 / 300
2026-01-29 11:49:10,406 - easytorch-training - INFO - Result <train>: [train_time: 121.54 (s), lr: 6.25e-05, train_MAE: 14.9247, train_RMSE: 24.4902, train_MAPE: 11.4777]
2026-01-29 11:49:10,408 - easytorch-training - INFO - Start validation.
2026-01-29 11:49:25,369 - easytorch-training - INFO - Result <val>: [val_time: 14.96 (s), val_MAE: 18.2771, val_RMSE: 29.2142, val_MAPE: 11.8812]
2026-01-29 11:49:39,987 - easytorch-training - INFO - Evaluate best model on test data for horizon 1, Test MAE: 16.6960, Test RMSE: 27.5404, Test MAPE: 11.0155
2026-01-29 11:49:39,994 - easytorch-training - INFO - Evaluate best model on test data for horizon 2, Test MAE: 17.3235, Test RMSE: 28.7678, Test MAPE: 11.4420
2026-01-29 11:49:40,002 - easytorch-training - INFO - Evaluate best model on test data for horizon 3, Test MAE: 17.8090, Test RMSE: 29.6694, Test MAPE: 11.6448
2026-01-29 11:49:40,005 - easytorch-training - INFO - Evaluate best model on test data for horizon 4, Test MAE: 18.1803, Test RMSE: 30.3182, Test MAPE: 11.9171
2026-01-29 11:49:40,007 - easytorch-training - INFO - Evaluate best model on test data for horizon 5, Test MAE: 18.4715, Test RMSE: 30.8597, Test MAPE: 12.0224
2026-01-29 11:49:40,008 - easytorch-training - INFO - Evaluate best model on test data for horizon 6, Test MAE: 18.6981, Test RMSE: 31.2754, Test MAPE: 12.1502
2026-01-29 11:49:40,009 - easytorch-training - INFO - Evaluate best model on test data for horizon 7, Test MAE: 18.8910, Test RMSE: 31.6068, Test MAPE: 12.2838
2026-01-29 11:49:40,010 - easytorch-training - INFO - Evaluate best model on test data for horizon 8, Test MAE: 19.0889, Test RMSE: 31.9238, Test MAPE: 12.3648
2026-01-29 11:49:40,011 - easytorch-training - INFO - Evaluate best model on test data for horizon 9, Test MAE: 19.2493, Test RMSE: 32.2130, Test MAPE: 12.4516
2026-01-29 11:49:40,015 - easytorch-training - INFO - Evaluate best model on test data for horizon 10, Test MAE: 19.4241, Test RMSE: 32.4931, Test MAPE: 12.6692
2026-01-29 11:49:40,022 - easytorch-training - INFO - Evaluate best model on test data for horizon 11, Test MAE: 19.5694, Test RMSE: 32.7499, Test MAPE: 12.7197
2026-01-29 11:49:40,030 - easytorch-training - INFO - Evaluate best model on test data for horizon 12, Test MAE: 19.6637, Test RMSE: 32.8696, Test MAPE: 12.8196
2026-01-29 11:49:40,043 - easytorch-training - INFO - Result <test>: [test_time: 14.67 (s), test_MAE: 18.5887, test_RMSE: 31.0652, test_MAPE: 12.1251]
2026-01-29 11:49:40,416 - easytorch-training - INFO - Checkpoint checkpoints/STMAFNet_300/976492592f92c661f4c4ea004499e56d/STMAFNet_299.pt saved
2026-01-29 11:49:40,417 - easytorch-training - INFO - The estimated training finish time is 2026-01-29 11:52:35
2026-01-29 11:49:40,417 - easytorch-training - INFO - Epoch 300 / 300
2026-01-29 11:51:41,996 - easytorch-training - INFO - Result <train>: [train_time: 121.58 (s), lr: 6.25e-05, train_MAE: 14.9170, train_RMSE: 24.4660, train_MAPE: 11.4798]
2026-01-29 11:51:41,998 - easytorch-training - INFO - Start validation.
2026-01-29 11:51:56,942 - easytorch-training - INFO - Result <val>: [val_time: 14.94 (s), val_MAE: 18.3229, val_RMSE: 29.2527, val_MAPE: 12.1027]
2026-01-29 11:52:11,511 - easytorch-training - INFO - Evaluate best model on test data for horizon 1, Test MAE: 16.7507, Test RMSE: 27.5841, Test MAPE: 11.3620
2026-01-29 11:52:11,513 - easytorch-training - INFO - Evaluate best model on test data for horizon 2, Test MAE: 17.3890, Test RMSE: 28.8130, Test MAPE: 11.7163
2026-01-29 11:52:11,514 - easytorch-training - INFO - Evaluate best model on test data for horizon 3, Test MAE: 17.8516, Test RMSE: 29.6922, Test MAPE: 11.9886
2026-01-29 11:52:11,515 - easytorch-training - INFO - Evaluate best model on test data for horizon 4, Test MAE: 18.2169, Test RMSE: 30.3509, Test MAPE: 12.1540
2026-01-29 11:52:11,516 - easytorch-training - INFO - Evaluate best model on test data for horizon 5, Test MAE: 18.5077, Test RMSE: 30.9247, Test MAPE: 12.2492
2026-01-29 11:52:11,518 - easytorch-training - INFO - Evaluate best model on test data for horizon 6, Test MAE: 18.7740, Test RMSE: 31.3816, Test MAPE: 12.4213
2026-01-29 11:52:11,519 - easytorch-training - INFO - Evaluate best model on test data for horizon 7, Test MAE: 18.9832, Test RMSE: 31.7232, Test MAPE: 12.5030
2026-01-29 11:52:11,526 - easytorch-training - INFO - Evaluate best model on test data for horizon 8, Test MAE: 19.1696, Test RMSE: 32.0442, Test MAPE: 12.6448
2026-01-29 11:52:11,534 - easytorch-training - INFO - Evaluate best model on test data for horizon 9, Test MAE: 19.3494, Test RMSE: 32.3479, Test MAPE: 12.7091
2026-01-29 11:52:11,541 - easytorch-training - INFO - Evaluate best model on test data for horizon 10, Test MAE: 19.5042, Test RMSE: 32.6397, Test MAPE: 12.7634
2026-01-29 11:52:11,549 - easytorch-training - INFO - Evaluate best model on test data for horizon 11, Test MAE: 19.6658, Test RMSE: 32.9038, Test MAPE: 12.9308
2026-01-29 11:52:11,556 - easytorch-training - INFO - Evaluate best model on test data for horizon 12, Test MAE: 19.7632, Test RMSE: 33.0064, Test MAPE: 13.0730
2026-01-29 11:52:11,569 - easytorch-training - INFO - Result <test>: [test_time: 14.63 (s), test_MAE: 18.6605, test_RMSE: 31.1610, test_MAPE: 12.3763]
2026-01-29 11:52:11,937 - easytorch-training - INFO - Checkpoint checkpoints/STMAFNet_300/976492592f92c661f4c4ea004499e56d/STMAFNet_300.pt saved
2026-01-29 11:52:11,968 - easytorch-training - INFO - The training finished at 2026-01-29 11:52:11
